beta;gamma;dim;n_vertices_mean;n_vertices_median;n_vertices_std;n_vertices_cv;n_vertices_ci_low;n_vertices_ci_high;n_edges_mean;n_edges_median;n_edges_std;n_edges_cv;n_edges_ci_low;n_edges_ci_high;indegree_mean_mean;indegree_mean_median;indegree_mean_std;indegree_mean_cv;indegree_mean_ci_low;indegree_mean_ci_high;indegree_max_mean;indegree_max_median;indegree_max_std;indegree_max_cv;indegree_max_ci_low;indegree_max_ci_high;outdegree_mean_mean;outdegree_mean_median;outdegree_mean_std;outdegree_mean_cv;outdegree_mean_ci_low;outdegree_mean_ci_high;outdegree_max_mean;outdegree_max_median;outdegree_max_std;outdegree_max_cv;outdegree_max_ci_low;outdegree_max_ci_high;total_degree_mean_mean;total_degree_mean_median;total_degree_mean_std;total_degree_mean_cv;total_degree_mean_ci_low;total_degree_mean_ci_high;total_degree_max_mean;total_degree_max_median;total_degree_max_std;total_degree_max_cv;total_degree_max_ci_low;total_degree_max_ci_high;avg_local_clustering_mean;avg_local_clustering_median;avg_local_clustering_std;avg_local_clustering_cv;avg_local_clustering_ci_low;avg_local_clustering_ci_high;vertices_degree_ge_2_mean;vertices_degree_ge_2_median;vertices_degree_ge_2_std;vertices_degree_ge_2_cv;vertices_degree_ge_2_ci_low;vertices_degree_ge_2_ci_high;global_clustering_mean;global_clustering_median;global_clustering_std;global_clustering_cv;global_clustering_ci_low;global_clustering_ci_high;avg_shortest_path_length_mean;avg_shortest_path_length_median;avg_shortest_path_length_std;avg_shortest_path_length_cv;avg_shortest_path_length_ci_low;avg_shortest_path_length_ci_high;expected_theoretical_outdegree_mean;indegree_powerlaw_alpha_theory;indegree_ccdf_slope_theory;outdegree_mean_vs_theory_ratio
0.05;0.05;2;1000.0;1000.0;0.0;0.0;1000.0;1000.0;52.0;52.0;6.387487769068525;0.12283630325131778;48.040994064162064;55.959005935837936;0.052000000000000005;0.052;0.006387487769068526;0.1228363032513178;0.04804099406416207;0.05595900593583794;2.1;2.0;0.3;0.14285714285714285;1.9140580735820993;2.285941926417901;0.052000000000000005;0.052;0.006387487769068526;0.1228363032513178;0.04804099406416207;0.05595900593583794;1.8;2.0;0.7483314773547883;0.41573970964154905;1.3361793450049901;2.26382065499501;0.10400000000000001;0.104;0.012774975538137051;0.1228363032513178;0.09608198812832414;0.11191801187167588;2.4;2.0;0.66332495807108;0.27638539919628335;1.9888669315173004;2.8111330684826994;0.37703703703703706;0.5333333333333333;0.31565921615048836;0.8372101017743797;0.18138942789508267;0.5726846461789914;6.3;6.0;3.2264531609803355;0.512135422377831;4.300223612500638;8.299776387499362;0.3723053033922599;0.5142857142857142;0.3137964043341754;0.8428469900240994;0.17781227697590307;0.5667983298086168;1.0696471269640606;1.068421052631579;0.034997357763239464;0.03271860119193809;1.0479555398906166;1.0913387140375046;0.052631578947368425;21.0;-20.0;0.988
0.05;0.15;2;1000.0;1000.0;0.0;0.0;1000.0;1000.0;57.5;56.0;6.053924347066125;0.1052856408185413;53.74773881506098;61.25226118493902;0.057499999999999996;0.056;0.006053924347066126;0.10528564081854133;0.05374773881506097;0.06125226118493902;2.2;2.0;0.39999999999999997;0.1818181818181818;1.9520774314427993;2.447922568557201;0.057499999999999996;0.056;0.006053924347066126;0.10528564081854133;0.05374773881506097;0.06125226118493902;1.8;2.0;0.7483314773547883;0.41573970964154905;1.3361793450049901;2.26382065499501;0.11499999999999999;0.112;0.012107848694132253;0.10528564081854133;0.10749547763012195;0.12250452236987804;2.6;2.5;0.66332495807108;0.2551249838734923;2.1888669315173006;3.0111330684826996;0.34023828023828023;0.43686868686868685;0.29036427786779456;0.8534144884121879;0.16026863627267915;0.5202079242038813;7.2;6.5;3.4871191548325386;0.4843221048378526;5.038661155672254;9.361338844327747;0.33666083916083916;0.4182692307692308;0.289195105084494;0.8590102306087685;0.1574158559940457;0.5159058223276326;1.0789297851183144;1.0847578347578346;0.030945129719654553;0.028681319346709054;1.059749795007233;1.0981097752293958;0.05882352941176471;7.666666666666667;-6.666666666666667;0.9774999999999998
0.05;0.25;2;1000.0;1000.0;0.0;0.0;1000.0;1000.0;65.0;64.5;5.916079783099616;0.09101661204768641;61.33317576096154;68.66682423903846;0.06500000000000002;0.0645;0.005916079783099617;0.0910166120476864;0.061333175760961554;0.06866682423903848;2.3;2.0;0.45825756949558405;0.19924242151981916;2.015969015774687;2.5840309842253126;0.06500000000000002;0.0645;0.005916079783099617;0.0910166120476864;0.061333175760961554;0.06866682423903848;2.0;2.0;0.6324555320336759;0.31622776601683794;1.608;2.392;0.13000000000000003;0.129;0.011832159566199233;0.0910166120476864;0.12266635152192311;0.13733364847807697;2.7;3.0;0.6403124237432849;0.23715274953454996;2.303130248066195;3.0968697519338053;0.39132987382987383;0.4995726495726496;0.27275720588475494;0.6970007252840937;0.2222732061412895;0.5603865415184581;9.4;9.0;3.6110940170535577;0.384158937984421;7.161820739976354;11.638179260023648;0.3818119380619381;0.4727272727272727;0.26632754225609934;0.6975359220247725;0.21674041717779155;0.5468834589460846;1.1007659153415126;1.0901702786377707;0.04647633254953427;0.04222181292297281;1.0719595859845146;1.1295722446985106;0.06666666666666667;5.0;-4.0;0.9750000000000002
0.05;0.35;2;1000.0;1000.0;0.0;0.0;1000.0;1000.0;74.8;73.5;7.66550715869472;0.10248004222853904;70.04886943980698;79.55113056019302;0.07479999999999999;0.0735;0.00766550715869472;0.10248004222853904;0.07004886943980698;0.079551130560193;2.7;3.0;0.6403124237432849;0.23715274953454996;2.303130248066195;3.0968697519338053;0.07479999999999999;0.0735;0.00766550715869472;0.10248004222853904;0.07004886943980698;0.079551130560193;2.1;2.0;0.5385164807134505;0.25643641938735734;1.7662240272278427;2.4337759727721577;0.14959999999999998;0.147;0.01533101431738944;0.10248004222853904;0.14009773887961396;0.159102261120386;3.0;3.0;0.6324555320336759;0.21081851067789195;2.608;3.392;0.4033827624617098;0.4571428571428572;0.2360118444608343;0.5850816307085933;0.25710110574007816;0.5496644191833414;12.2;10.0;4.853864439804639;0.39785774096759335;9.191543651637936;15.208456348362063;0.38926265763222284;0.4375;0.2372237303076308;0.6094181541856524;0.2422298662807515;0.5362954489836942;1.1281631883250411;1.1147606382978723;0.06710713585301671;0.05948353620068847;1.0865697546020487;1.1697566220480335;0.07692307692307693;3.857142857142857;-2.857142857142857;0.9723999999999998
0.05;0.45;2;1000.0;1000.0;0.0;0.0;1000.0;1000.0;85.6;83.0;10.031948963187563;0.11719566545779865;79.38213361352948;91.81786638647051;0.08559999999999998;0.083;0.01003194896318756;0.11719566545779862;0.07938213361352946;0.0918178663864705;3.3;3.0;1.004987562112089;0.3045416854885118;2.6771022555828283;3.9228977444171713;0.08559999999999998;0.083;0.01003194896318756;0.11719566545779862;0.07938213361352946;0.0918178663864705;2.1;2.0;0.5385164807134505;0.25643641938735734;1.7662240272278427;2.4337759727721577;0.17119999999999996;0.166;0.02006389792637512;0.11719566545779862;0.15876426722705891;0.183635732772941;3.5;3.0;0.9219544457292888;0.2634155559226539;2.928566714305161;4.071433285694839;0.36390032806699474;0.47150997150997154;0.19850547009553574;0.54549406742769;0.2408653630201451;0.48693529311384437;16.5;15.5;6.053924347066125;0.36690450588279544;12.747738815060977;20.252261184939023;0.35267499664051394;0.41522988505747127;0.20409822916371845;0.5787147688605732;0.22617360360990071;0.4791763896711272;1.212492017939108;1.1859194642699797;0.120680518799605;0.09953098000985407;1.1376934574500739;1.2872905784281423;0.09090909090909091;3.2222222222222223;-2.2222222222222223;0.9415999999999998
0.05;0.55;2;1000.0;1000.0;0.0;0.0;1000.0;1000.0;101.4;101.0;12.33045011343868;0.1216020721246418;93.75750784102463;109.04249215897538;0.1014;0.101;0.012330450113438682;0.12160207212464183;0.09375750784102463;0.10904249215897538;5.4;4.5;2.7276363393971716;0.5051178406291058;3.709393481616731;7.09060651838327;0.1014;0.101;0.012330450113438682;0.12160207212464183;0.09375750784102463;0.10904249215897538;2.2;2.0;0.39999999999999997;0.1818181818181818;1.9520774314427993;2.447922568557201;0.2028;0.202;0.024660900226877364;0.12160207212464183;0.18751501568204926;0.21808498431795076;5.4;4.5;2.7276363393971716;0.5051178406291058;3.709393481616731;7.09060651838327;0.39892806244389944;0.40389492753623185;0.10140518511081509;0.2541941634529046;0.3360764775496702;0.4617796473381287;23.0;21.0;8.12403840463596;0.3532190610711287;17.96466882916327;28.03533117083673;0.30465191946280673;0.30952380952380953;0.13608051552582273;0.44667539192194733;0.22030834211343164;0.3889954968121818;1.2977458538150421;1.2076392503904216;0.17813486040981394;0.13726482722802993;1.1873367234590935;1.4081549841709908;0.11111111111111113;2.8181818181818183;-1.8181818181818181;0.9125999999999999
0.05;0.65;2;1000.0;1000.0;0.0;0.0;1000.0;1000.0;123.0;123.5;16.47422228816887;0.13393676657047862;112.78917123833722;133.21082876166278;0.12300000000000003;0.1235;0.016474222288168874;0.13393676657047862;0.11278917123833723;0.13321082876166282;8.1;6.5;4.570557952810575;0.5642664139272315;5.26713883149915;10.93286116850085;0.12300000000000003;0.1235;0.016474222288168874;0.13393676657047862;0.11278917123833723;0.13321082876166282;2.3;2.0;0.45825756949558405;0.19924242151981916;2.015969015774687;2.5840309842253126;0.24600000000000005;0.247;0.03294844457633775;0.13393676657047862;0.22557834247667446;0.26642165752332564;8.2;6.5;4.728636167014756;0.5766629471969215;5.2691609392530605;11.130839060746938;0.35159872381251195;0.37125771604938274;0.11076384464366403;0.31502914300317036;0.28294658164419206;0.42025086598083183;31.3;27.5;10.119782606360673;0.3233157382223857;25.02769375747644;37.57230624252356;0.2116082887520391;0.20198842184747043;0.11349989784718215;0.5363679207300827;0.1412603232389058;0.2819562542651724;1.4636978205729585;1.366377171215881;0.24439421128395183;0.16697040048080738;1.312220719067887;1.61517492207803;0.14285714285714288;2.5384615384615383;-1.5384615384615383;0.8610000000000001
0.05;0.75;2;1000.0;1000.0;0.0;0.0;1000.0;1000.0;155.9;154.5;24.913650876577684;0.15980532954828533;140.45835920635375;171.34164079364626;0.1559;0.1545;0.024913650876577684;0.15980532954828533;0.14045835920635377;0.17134164079364625;13.8;10.5;9.075241043630742;0.6576261625819377;8.175107325468336;19.424892674531666;0.1559;0.1545;0.024913650876577684;0.15980532954828533;0.14045835920635377;0.17134164079364625;2.5;2.5;0.5;0.2;2.1900967893034986;2.8099032106965014;0.3118;0.309;0.04982730175315537;0.15980532954828533;0.28091671841270754;0.3426832815872925;13.8;10.5;9.075241043630742;0.6576261625819377;8.175107325468336;19.424892674531666;0.43852785918675236;0.4669101037851038;0.08793012772138445;0.20051206754446665;0.3840282013911314;0.4930275169823733;45.5;41.0;12.43583531573171;0.2733150618842134;37.79218941592361;53.20781058407639;0.18042310078116477;0.19369369369369369;0.07908960695745539;0.43835632252758583;0.13140285452348527;0.22944334703884428;1.6418134698921012;1.6162580529706514;0.2682650622112109;0.16339557881008313;1.4755410616981994;1.808085878086003;0.2;2.333333333333333;-1.3333333333333333;0.7795
0.05;0.85;2;1000.0;1000.0;0.0;0.0;1000.0;1000.0;203.9;194.0;39.8081649916195;0.19523376651113045;179.22664371432214;228.57335628567787;0.20389999999999997;0.194;0.0398081649916195;0.1952337665111305;0.1792266437143221;0.22857335628567785;27.8;20.0;21.539730731836;0.7748104579797122;14.449536577331857;41.150463422668146;0.20389999999999997;0.194;0.0398081649916195;0.1952337665111305;0.1792266437143221;0.22857335628567785;2.6;3.0;0.48989794855663565;0.1884222879063983;2.2963581056573386;2.9036418943426616;0.40779999999999994;0.388;0.079616329983239;0.1952337665111305;0.3584532874286442;0.4571467125713557;27.8;20.0;21.539730731836;0.7748104579797122;14.449536577331857;41.150463422668146;0.48470698224616104;0.4963610243116057;0.08802736297353336;0.1816094386872855;0.4301470574168724;0.5392669070754497;61.0;57.5;15.0996688705415;0.2475355552547787;51.641128273130356;70.35887172686964;0.1098928457032673;0.09787798408488063;0.05558633173174536;0.5058230258395492;0.07544008035424991;0.14434561105228466;1.8160909349916072;1.8187146822643006;0.2621670458878677;0.14435788474935551;1.653598116472673;1.9785837535105415;0.3333333333333333;2.1764705882352944;-1.1764705882352942;0.6116999999999999
0.05;0.95;2;1000.0;1000.0;0.0;0.0;1000.0;1000.0;281.1;258.5;81.49288312484717;0.28990709044769536;230.5901877413903;331.60981225860974;0.2811;0.2585;0.08149288312484716;0.28990709044769536;0.2305901877413903;0.33160981225860975;53.7;32.5;54.75773917904208;1.0196971914160537;19.760801635866535;87.63919836413348;0.2811;0.2585;0.08149288312484716;0.28990709044769536;0.2305901877413903;0.33160981225860975;3.2;3.0;1.077032961426901;0.33657280044590654;2.5324480544556853;3.867551945544315;0.5622;0.517;0.16298576624969432;0.28990709044769536;0.4611803754827806;0.6632196245172195;53.7;32.5;54.75773917904208;1.0196971914160537;19.760801635866535;87.63919836413348;0.5662115284734781;0.5485737710695267;0.10196493116645429;0.18008275359803175;0.5030130093796142;0.629410047567342;86.9;74.0;32.46675222439103;0.3736104974038093;66.77689848954691;107.0231015104531;0.08901310676365719;0.07004426959796015;0.05836708760680839;0.6557134081588855;0.05283681106694942;0.12518940246036495;1.990239283212396;1.9893377404662496;0.3092028675550472;0.15535964452272819;1.7985933603886477;2.1818852060361444;0.9999999999999992;2.052631578947368;-1.0526315789473684;0.28110000000000024
0.25;0.05;2;1000.0;1000.0;0.0;0.0;1000.0;1000.0;265.3;267.5;18.78323720768068;0.07079998947486121;253.65802896413155;276.94197103586845;0.2653;0.2675;0.018783237207680683;0.07079998947486123;0.25365802896413153;0.27694197103586843;3.9;4.0;0.5385164807134505;0.13808114890088474;3.5662240272278423;4.233775972772158;0.2653;0.2675;0.018783237207680683;0.07079998947486123;0.25365802896413153;0.27694197103586843;3.2;3.0;0.6;0.18749999999999997;2.8281161471641987;3.5718838528358017;0.5306;0.535;0.037566474415361366;0.07079998947486123;0.5073160579282631;0.5538839420717369;4.4;4.0;0.4898979485566356;0.11134044285378081;4.096358105657339;4.7036418943426614;0.4935196735840849;0.5060722487193074;0.06693581644628234;0.13562947948999637;0.4520324247294958;0.535006922438674;109.0;109.0;16.673332000533065;0.15296634862874373;98.66576176005218;119.33423823994782;0.4740761550555904;0.476266416510319;0.07453923850169214;0.15723051604008986;0.4278762563864971;0.5202760537246838;1.5267374774813898;1.5440177863568991;0.14954846124198565;0.09795296404768356;1.4340463808941646;1.619428574068615;0.2631578947368421;21.0;-20.0;1.00814
0.25;0.15;2;1000.0;1000.0;0.0;0.0;1000.0;1000.0;294.1;292.5;18.68395033176871;0.06352924288258656;282.5195676073819;305.6804323926182;0.2941;0.2925;0.018683950331768704;0.06352924288258656;0.28251956760738184;0.3056804323926181;4.6;5.0;0.7999999999999999;0.17391304347826086;4.104154862885598;5.095845137114401;0.2941;0.2925;0.018683950331768704;0.06352924288258656;0.28251956760738184;0.3056804323926181;3.2;3.0;0.6;0.18749999999999997;2.8281161471641987;3.5718838528358017;0.5882;0.585;0.03736790066353741;0.06352924288258656;0.5650391352147637;0.6113608647852362;5.0;5.0;0.4472135954999579;0.08944271909999159;4.722814141774873;5.277185858225127;0.5075891922276261;0.5120860013909874;0.06430193737795506;0.12668106091021564;0.46773443853275887;0.5474439459224933;126.3;125.0;16.468454693747073;0.13039156527115656;116.09274603039583;136.50725396960416;0.47091703904986837;0.4745470232959448;0.06012372252477877;0.12767370372939912;0.4336519697509594;0.5081821083487773;1.661422875632827;1.5473589705222206;0.2600881064738543;0.1565453986991651;1.5002185971123854;1.8226271541532688;0.29411764705882354;7.666666666666667;-6.666666666666667;0.9999399999999998
0.25;0.25;2;1000.0;1000.0;0.0;0.0;1000.0;1000.0;328.9;329.5;23.170886905770352;0.0704496409418375;314.5385355064325;343.2614644935675;0.3289;0.3295;0.023170886905770346;0.07044964094183748;0.3145385355064325;0.34326146449356754;6.2;6.0;1.5362291495737217;0.24777889509253576;5.247835308363096;7.152164691636904;0.3289;0.3295;0.023170886905770346;0.07044964094183748;0.3145385355064325;0.34326146449356754;3.2;3.0;0.6;0.18749999999999997;2.8281161471641987;3.5718838528358017;0.6578;0.659;0.04634177381154069;0.07044964094183748;0.629077071012865;0.6865229289871351;6.4;6.0;1.3564659966250536;0.21194781197266463;5.559253664890534;7.240746335109467;0.5214199381668885;0.5282901368657182;0.053888993839584745;0.10335046647628719;0.4880191937427059;0.5548206825910711;147.2;152.0;19.130081024397153;0.12995978956791546;135.3430529393102;159.05694706068977;0.44270159296531936;0.4284090909090909;0.0535894849010749;0.12105103246211502;0.4094864861044898;0.4759166998261489;1.8191317697238865;1.7068351571999305;0.32597180908200507;0.17919087253997115;1.617092349261766;2.021171190186007;0.3333333333333333;5.0;-4.0;0.9867000000000001
0.25;0.35;2;1000.0;1000.0;0.0;0.0;1000.0;1000.0;371.1;376.0;25.59472601924076;0.06896988956949814;355.23622445948007;386.96377554052;0.37110000000000004;0.376;0.02559472601924077;0.06896988956949816;0.35523622445948005;0.38696377554052;9.1;8.5;2.879236009777594;0.3163995615140213;7.315431032433882;10.884568967566118;0.37110000000000004;0.376;0.02559472601924077;0.06896988956949816;0.35523622445948005;0.38696377554052;3.5;3.0;0.6708203932499369;0.191662969499982;3.0842212126623103;3.9157787873376897;0.7422000000000001;0.752;0.05118945203848154;0.06896988956949816;0.7104724489189601;0.77392755108104;9.3;8.5;2.6851443164195103;0.2887251953139258;7.635730310316265;10.964269689683737;0.5328773786572427;0.5413107947568103;0.046892655378664834;0.08799896046783987;0.5038130097373772;0.5619417475771082;172.8;177.0;18.70721785835617;0.10825936260622783;161.20514624499302;184.394853755007;0.4087296337666543;0.402977327079587;0.05462638487529832;0.13364919096246589;0.3748718496434588;0.44258741788984973;2.084967084501746;1.9881596962907642;0.38400768892899384;0.18417925720911893;1.846956653039269;2.3229775159642228;0.3846153846153846;3.857142857142857;-2.857142857142857;0.9648600000000002
0.25;0.45;2;1000.0;1000.0;0.0;0.0;1000.0;1000.0;436.4;435.5;34.32841388704116;0.07866272659725289;415.12302863657516;457.6769713634248;0.4364;0.4355;0.03432841388704115;0.07866272659725286;0.4151230286365752;0.45767697136342483;13.7;12.5;4.605431575867782;0.33616288874947314;10.845523935991054;16.554476064008945;0.4364;0.4355;0.03432841388704115;0.07866272659725286;0.4151230286365752;0.45767697136342483;3.6;3.5;0.66332495807108;0.18425693279752223;3.1888669315173006;4.0111330684827;0.8728;0.871;0.0686568277740823;0.07866272659725286;0.8302460572731504;0.9153539427268497;14.0;12.5;4.560701700396552;0.3257644071711823;11.173247800036233;16.826752199963767;0.5528629265636864;0.5480383000279831;0.037630333927309155;0.06806449143045291;0.5295394039563772;0.5761864491709956;205.9;211.5;20.641947582532033;0.10025229520413809;193.10598833828888;218.69401166171113;0.3493427393326396;0.3502471995987485;0.05675910122438778;0.1624739684952848;0.3141630839212686;0.38452239474401056;2.4287753264779437;2.395862971308709;0.5220920218048363;0.2149610201129394;2.1051793388052507;2.7523713141506367;0.45454545454545453;3.2222222222222223;-2.2222222222222223;0.96008
0.25;0.55;2;1000.0;1000.0;0.0;0.0;1000.0;1000.0;512.4;518.0;46.58583475693013;0.0909169296583336;483.52580047170136;541.2741995282986;0.5124000000000001;0.518;0.046585834756930115;0.09091692965833355;0.48352580047170146;0.5412741995282987;20.7;18.0;9.241753080449618;0.44646150147099606;14.971902095808765;26.428097904191233;0.5124000000000001;0.518;0.046585834756930115;0.09091692965833355;0.48352580047170146;0.5412741995282987;3.8;4.0;0.6;0.15789473684210525;3.4281161471641983;4.171883852835801;1.0248000000000002;1.036;0.09317166951386023;0.09091692965833355;0.9670516009434029;1.0825483990565974;20.8;18.0;9.14111590562115;0.4394767262317861;15.1342776629983;26.4657223370017;0.5922504293164119;0.5908645301990245;0.028196815849891203;0.04760961656446002;0.5747738617898134;0.6097269968430105;244.9;250.0;24.043502240730238;0.09817681600951506;229.99768291841838;259.80231708158163;0.3070927558640669;0.3093948669649164;0.06349349677432489;0.20675673900438724;0.2677390788466445;0.34644643288148935;2.563701011523531;2.7361868584210183;0.5016408105585938;0.1956705592047505;2.252780815906524;2.874621207140538;0.5555555555555556;2.8181818181818183;-1.8181818181818181;0.9223200000000001
0.25;0.65;2;1000.0;1000.0;0.0;0.0;1000.0;1000.0;626.2;617.5;67.5156278205276;0.10781799396443244;584.353380332457;668.046619667543;0.6262000000000001;0.6174999999999999;0.06751562782052757;0.10781799396443238;0.5843533803324571;0.6680466196675431;39.7;32.5;24.883930557691244;0.6267992583801321;24.276780050845417;55.12321994915459;0.6262000000000001;0.6174999999999999;0.06751562782052757;0.10781799396443238;0.5843533803324571;0.6680466196675431;4.3;4.0;0.9;0.20930232558139536;3.742174220746298;4.857825779253702;1.2524000000000002;1.2349999999999999;0.13503125564105514;0.10781799396443238;1.1687067606649142;1.3360932393350862;39.8;33.0;24.830626250660693;0.6238850816748919;24.40981840263085;55.19018159736915;0.6322624574216585;0.638198525428785;0.02052798379860079;0.03246750389436864;0.6195390812450342;0.6449858335982829;296.7;298.5;27.210475923805525;0.09171040082172405;279.83477229326564;313.56522770673433;0.23489259866034673;0.2553848425177699;0.07558838415263401;0.32179976969787094;0.1880424327798231;0.2817427645408703;2.6614788853060873;2.701352958714847;0.4861554560111252;0.18266365316485092;2.3601566118751487;2.962801158737026;0.7142857142857143;2.5384615384615383;-1.5384615384615383;0.8766800000000001
0.25;0.75;2;1000.0;1000.0;0.0;0.0;1000.0;1000.0;788.3;760.0;115.36728305719954;0.14634946474337124;716.7946171424835;859.8053828575164;0.7883;0.76;0.11536728305719955;0.14634946474337124;0.7167946171424836;0.8598053828575164;71.7;55.5;58.68739217242491;0.8185131404801242;35.32517747672163;108.07482252327839;0.7883;0.76;0.11536728305719955;0.14634946474337124;0.7167946171424836;0.8598053828575164;4.6;4.0;1.019803902718557;0.22169650059099066;3.9679189925333933;5.232081007466606;1.5766;1.52;0.2307345661143991;0.14634946474337124;1.4335892342849672;1.7196107657150328;71.7;55.5;58.68739217242491;0.8185131404801242;35.32517747672163;108.07482252327839;0.6689168711168814;0.6572882452658466;0.03053706598522549;0.04565151112759074;0.6499898015287368;0.687843940705026;366.5;359.0;40.03810684835136;0.10924449344707056;341.6841242749727;391.3158757250273;0.17423630927556688;0.1907666381976964;0.07529399317384648;0.432137213459703;0.12756860881409596;0.2209040097370378;2.8172642678409745;2.857704948092981;0.3919182182944724;0.13911304763568416;2.574350839481156;3.060177696200793;1.0;2.333333333333333;-1.3333333333333333;0.7883
0.25;0.85;2;1000.0;1000.0;0.0;0.0;1000.0;1000.0;1024.8;974.0;205.44429902044007;0.20047257905975807;897.4643042285471;1152.135695771453;1.0248000000000002;0.974;0.20544429902044006;0.20047257905975804;0.8974643042285473;1.152135695771453;134.4;92.0;128.77592942782437;0.9581542368141693;54.58385201978237;214.21614798021764;1.0248000000000002;0.974;0.20544429902044006;0.20047257905975804;0.8974643042285473;1.152135695771453;5.1;5.0;0.8306623862918076;0.162874977704276;4.585150118966703;5.6148498810332965;2.0496000000000003;1.948;0.4108885980408801;0.20047257905975804;1.7949286084570946;2.304271391542906;134.4;92.0;128.77592942782437;0.9581542368141693;54.58385201978237;214.21614798021764;0.7165488900099174;0.7094565130880328;0.04239850776972908;0.059170432556447425;0.6902700226367582;0.7428277573830766;456.1;435.0;59.81212251709514;0.13113817697236382;419.0280623867595;493.1719376132406;0.125930826565969;0.1336401500539902;0.06764183434677933;0.537134839747479;0.08400598328303344;0.16785566984890454;3.1630898040666677;3.227386157015239;0.46110146586370854;0.14577564799800732;2.877296154610615;3.4488834535227206;1.6666666666666665;2.1764705882352944;-1.1764705882352942;0.6148800000000001
0.25;0.95;2;1000.0;1000.0;0.0;0.0;1000.0;1000.0;1390.4;1329.0;372.3708366668904;0.2678156190066818;1159.6021642943765;1621.1978357056237;1.3904;1.329;0.37237083666689047;0.2678156190066818;1.1596021642943766;1.6211978357056236;248.9;159.0;251.85489870161354;1.011871830862248;92.79871652545583;405.00128347454415;1.3904;1.329;0.37237083666689047;0.2678156190066818;1.1596021642943766;1.6211978357056236;5.5;5.5;0.806225774829855;0.1465865045145191;5.000296087667907;5.999703912332093;2.7808;2.658;0.7447416733337809;0.2678156190066818;2.319204328588753;3.242395671411247;248.9;159.0;251.85489870161354;1.011871830862248;92.79871652545583;405.00128347454415;0.7572224864909178;0.7413959950216553;0.06073000406494814;0.08020100452428461;0.7195816400002398;0.7948633329815958;578.2;558.5;105.86765322798084;0.1830986738636818;512.58254871149;643.8174512885101;0.09224862590981087;0.0906491342929385;0.05786226637446735;0.6272425827896647;0.05638522165456361;0.12811203016505812;3.8530544049178928;3.851188403916471;0.7398943931208373;0.19202801605304717;3.3944631089089192;4.311645700926866;4.999999999999996;2.052631578947368;-1.0526315789473684;0.27808000000000027
0.45;0.05;2;1000.0;1000.0;0.0;0.0;1000.0;1000.0;465.4;469.5;23.538054295119636;0.050575965395615895;450.8109628007877;479.98903719921225;0.4654;0.4695;0.023538054295119636;0.050575965395615895;0.4508109628007877;0.47998903719921227;5.8;6.0;1.077032961426901;0.1856953381770519;5.1324480544556845;6.467551945544315;0.4654;0.4695;0.023538054295119636;0.050575965395615895;0.4508109628007877;0.47998903719921227;3.8;4.0;0.6;0.15789473684210525;3.4281161471641983;4.171883852835801;0.9308;0.939;0.04707610859023927;0.050575965395615895;0.9016219256015754;0.9599780743984245;6.4;6.0;1.1135528725660042;0.17399263633843814;5.709812779022967;7.090187220977033;0.5115521084804672;0.4912152478438476;0.03315696619255418;0.06481640021198393;0.4910012079204114;0.532103009040523;236.3;239.0;15.258112596255147;0.06457093777509584;226.8429238345036;245.75707616549641;0.4593353102678755;0.45307863433958007;0.03125820436442863;0.0680509502877091;0.43996127448158784;0.47870934605416315;2.1260625507040656;2.018842538476524;0.3372456644971042;0.1586245260683521;1.9170355222618103;2.3350895791463206;0.4736842105263158;21.0;-20.0;0.982511111111111
0.45;0.15;2;1000.0;1000.0;0.0;0.0;1000.0;1000.0;520.1;520.5;28.504210215334858;0.05480524940460461;502.43290747179947;537.7670925282006;0.5201;0.5205;0.02850421021533487;0.054805249404604635;0.5024329074717995;0.5377670925282005;7.4;7.0;1.3564659966250536;0.18330621576014236;6.559253664890534;8.240746335109467;0.5201;0.5205;0.02850421021533487;0.054805249404604635;0.5024329074717995;0.5377670925282005;4.1;4.0;0.5385164807134504;0.13134548310084157;3.7662240272278424;4.433775972772157;1.0402;1.041;0.05700842043066974;0.054805249404604635;1.004865814943599;1.075534185056401;7.9;8.0;1.3;0.16455696202531644;7.094251652189097;8.705748347810903;0.5285675078102385;0.5323449951409136;0.03130655550541699;0.059229057864556414;0.5091635036762846;0.5479715119441925;270.8;270.5;17.348198753761153;0.06406277235510027;260.0474750128168;281.55252498718323;0.45035255697517745;0.4428717008451502;0.03765592498072273;0.08361432481618673;0.42701317286863233;0.4736919410817226;2.39362245041761;2.194802764902623;0.41550006909305737;0.17358630180819284;2.136092839504497;2.651152061330723;0.5294117647058824;7.666666666666667;-6.666666666666667;0.9824111111111111
0.45;0.25;2;1000.0;1000.0;0.0;0.0;1000.0;1000.0;588.5;592.5;35.98680313670555;0.06115004781088453;566.195148330464;610.804851669536;0.5884999999999999;0.5925;0.035986803136705534;0.06115004781088452;0.566195148330464;0.6108048516695358;9.7;9.5;1.676305461424021;0.17281499602309494;8.661015110793231;10.738984889206767;0.5884999999999999;0.5925;0.035986803136705534;0.06115004781088452;0.566195148330464;0.6108048516695358;4.3;4.0;0.6403124237432849;0.14890986598681044;3.9031302480661947;4.6968697519338045;1.1769999999999998;1.185;0.07197360627341107;0.06115004781088452;1.132390296660928;1.2216097033390716;10.2;10.0;1.5362291495737215;0.15061070093860016;9.247835308363095;11.152164691636903;0.5428403204076288;0.539682273172134;0.025226011713161835;0.04647040900392064;0.5272050763616759;0.5584755644535816;307.6;311.5;20.99142682144308;0.06824260995267581;294.5893788618683;320.61062113813176;0.4306651352409002;0.42762740620936796;0.030855937165105363;0.07164716769525711;0.41154042724786893;0.4497898432339315;2.717548262420914;2.882226524646295;0.39321729701511743;0.144695607600662;2.473829656728145;2.9612668681136833;0.6;5.0;-4.0;0.9808333333333332
0.45;0.35;2;1000.0;1000.0;0.0;0.0;1000.0;1000.0;671.4;675.0;41.96236408974117;0.06249979757185161;645.3914572803473;697.4085427196527;0.6714;0.675;0.04196236408974117;0.062499797571851604;0.6453914572803473;0.6974085427196527;14.7;13.5;3.9;0.2653061224489796;12.28275495656729;17.117245043432707;0.6714;0.675;0.04196236408974117;0.062499797571851604;0.6453914572803473;0.6974085427196527;4.3;4.0;0.6403124237432849;0.14890986598681044;3.9031302480661947;4.6968697519338045;1.3428;1.35;0.08392472817948234;0.062499797571851604;1.2907829145606946;1.3948170854393054;15.0;13.5;3.82099463490856;0.2547329756605707;12.631722989175463;17.368277010824535;0.5675021864189806;0.5599512273532947;0.02284749507120828;0.040259748099613885;0.5533411622611007;0.5816632105768605;347.8;349.5;20.507559581773744;0.0589636560718049;335.08928288411704;360.510717115883;0.4011106599362681;0.39729150377326994;0.030395062763434306;0.07577725001939299;0.3822716048568482;0.419949715015688;3.0661335632309976;3.137814147445279;0.49933262789127647;0.1628541671762971;2.7566439940529417;3.3756231324090535;0.6923076923076923;3.857142857142857;-2.857142857142857;0.9698
0.45;0.45;2;1000.0;1000.0;0.0;0.0;1000.0;1000.0;773.0;768.0;58.41917493426281;0.07557461181664012;736.7914202432628;809.2085797567372;0.7729999999999999;0.768;0.058419174934262796;0.0755746118166401;0.7367914202432627;0.8092085797567371;21.2;17.0;8.646386528486914;0.40784842115504316;15.840914107797861;26.559085892202138;0.7729999999999999;0.768;0.058419174934262796;0.0755746118166401;0.7367914202432627;0.8092085797567371;4.6;4.5;0.66332495807108;0.14420107784153915;4.188866931517301;5.011133068482699;1.5459999999999998;1.536;0.11683834986852559;0.0755746118166401;1.4735828404865254;1.6184171595134742;21.4;17.0;8.69712596206356;0.40640775523661493;16.00946548104921;26.790534518950786;0.5932063969834456;0.5910000296121438;0.02276437438110173;0.038375133000693194;0.5790968915630443;0.6073159024038468;394.6;403.0;27.44886154287642;0.069561230468516;377.5870193557978;411.61298064420225;0.36488934580645316;0.37007561316558646;0.046378549769079576;0.127103052753094;0.3361436228446827;0.39363506876822363;3.366601777692712;3.4420280855690657;0.6640166793524885;0.1972364785619432;2.9550399759179817;3.7781635794674426;0.8181818181818181;3.2222222222222223;-2.2222222222222223;0.9447777777777777
0.45;0.55;2;1000.0;1000.0;0.0;0.0;1000.0;1000.0;918.5;913.5;78.83305144417537;0.08582803641173148;869.6387684968952;967.3612315031048;0.9185000000000001;0.9135;0.07883305144417536;0.08582803641173146;0.8696387684968954;0.9673612315031048;39.8;35.0;22.107917133913812;0.5554753048722064;26.097370996775837;53.50262900322416;0.9185000000000001;0.9135;0.07883305144417536;0.08582803641173146;0.8696387684968954;0.9673612315031048;4.7;5.0;0.6403124237432849;0.13623668590282656;4.3031302480661955;5.096869751933805;1.8370000000000002;1.827;0.15766610288835073;0.08582803641173146;1.7392775369937907;1.9347224630062096;39.9;35.5;22.06558406206371;0.5530221569439526;26.223609306545825;53.57639069345417;0.6274721049896951;0.6241341563136649;0.019168602066315512;0.03054893104232947;0.6155912823398656;0.6393529276395246;452.3;458.0;28.61835075611451;0.06327293998698763;434.56216243168296;470.03783756831706;0.2912695240438457;0.31254836411627795;0.06093770050788194;0.2092141315090308;0.25349994596413683;0.3290391021235546;3.388401148236434;3.4844575918251097;0.43391797661402276;0.1280598009594775;3.119455999973204;3.6573462964996635;1.0000000000000002;2.8181818181818183;-1.8181818181818181;0.9184999999999999
0.45;0.65;2;1000.0;1000.0;0.0;0.0;1000.0;1000.0;1113.5;1100.0;123.53157491103237;0.11093989664214851;1036.9343366253515;1190.0656633746485;1.1135000000000002;1.1;0.12353157491103241;0.11093989664214852;1.0369343366253516;1.1900656633746487;69.5;57.5;49.594858604496494;0.7135950878344819;38.76078816885508;100.23921183114493;1.1135000000000002;1.1;0.12353157491103241;0.11093989664214852;1.0369343366253516;1.1900656633746487;5.3;5.0;0.9;0.169811320754717;4.742174220746298;5.857825779253702;2.2270000000000003;2.2;0.24706314982206481;0.11093989664214852;2.0738686732507032;2.3801313267492974;69.6;57.5;49.693460334333736;0.7139864990565192;38.7996741835415;100.40032581645849;0.6607540977914264;0.6565646284386175;0.01907552021247582;0.028869318065882353;0.6489309678723219;0.6725772277105309;525.2;524.5;34.58265461181371;0.06584663863635512;503.7654486027816;546.6345513972185;0.2250429350471772;0.24502460995281056;0.07505801112583042;0.33352751602753283;0.1785214977744001;0.27156437231995434;3.747729238061235;3.7537934615235224;0.5998531398167136;0.1600577581018174;3.3759364101100813;4.119522066012388;1.2857142857142858;2.5384615384615383;-1.5384615384615383;0.8660555555555556
0.45;0.75;2;1000.0;1000.0;0.0;0.0;1000.0;1000.0;1411.0;1363.5;211.57788164172547;0.14994888847748084;1279.86267033373;1542.13732966627;1.411;1.3635000000000002;0.21157788164172547;0.14994888847748084;1.27986267033373;1.5421373296662702;128.7;94.5;109.43313026684378;0.8502962724696487;60.8726431474733;196.52735685252668;1.411;1.3635000000000002;0.21157788164172547;0.14994888847748084;1.27986267033373;1.5421373296662702;6.1;6.0;0.8306623862918076;0.13617416168718158;5.585150118966703;6.6148498810332965;2.822;2.7270000000000003;0.42315576328345095;0.14994888847748084;2.55972534066746;3.0842746593325403;128.7;94.5;109.43313026684378;0.8502962724696487;60.8726431474733;196.52735685252668;0.7030883782671542;0.6980103803432016;0.029811383766284075;0.042400620871813885;0.6846110911782002;0.7215656653561082;619.6;599.5;48.769252608585255;0.07871086605646425;589.3725040666615;649.8274959333386;0.17363195232087725;0.18627154086437453;0.07786953615510192;0.4484746909439606;0.1253679137810505;0.221895990860704;4.50415774980422;4.102486129773956;1.1702242012577961;0.2598097727169218;3.778845275395141;5.229470224213299;1.8;2.333333333333333;-1.3333333333333333;0.7838888888888889
0.45;0.85;2;1000.0;1000.0;0.0;0.0;1000.0;1000.0;1832.6;1756.5;361.6639877012916;0.19735020610132686;1608.4383380361396;2056.76166196386;1.8326;1.7565;0.36166398770129166;0.1973502061013269;1.6084383380361396;2.0567616619638605;236.0;163.0;218.5781324835584;0.926178527472705;100.52386991060013;371.4761300893999;1.8326;1.7565;0.36166398770129166;0.1973502061013269;1.6084383380361396;2.0567616619638605;6.8;6.5;0.9797958971132713;0.14408763192842225;6.192716211314677;7.407283788685323;3.6652;3.513;0.7233279754025833;0.1973502061013269;3.216876676072279;4.113523323927721;236.0;163.0;218.5781324835584;0.926178527472705;100.52386991060013;371.4761300893999;0.7481240725933496;0.7461836677962912;0.04264139281348556;0.05699775528632631;0.7216946635104098;0.7745534816762893;726.0;700.0;70.44856279584417;0.09703658787306359;682.3355284012276;769.6644715987724;0.13073889315167087;0.12954405591644289;0.07203087137550619;0.5509521278564199;0.08609369653459872;0.175384089768743;5.5839420742367185;4.471479383684467;2.698495830806973;0.4832599971366709;3.911397030200312;7.2564871182731245;2.9999999999999996;2.1764705882352944;-1.1764705882352942;0.6108666666666668
0.45;0.95;2;1000.0;1000.0;0.0;0.0;1000.0;1000.0;2426.0;2353.5;548.1603779916969;0.2259523404747308;2086.246677767531;2765.753322232469;2.4260000000000006;2.3535000000000004;0.5481603779916969;0.22595234047473076;2.0862466777675315;2.7657533222324697;379.2;288.0;308.14308364784046;0.8126136172147692;188.21093804722742;570.1890619527726;2.4260000000000006;2.3535000000000004;0.5481603779916969;0.22595234047473076;2.0862466777675315;2.7657533222324697;7.8;8.0;1.1661903789690602;0.1495115870473154;7.077187714548238;8.522812285451762;4.852000000000001;4.707000000000001;1.0963207559833938;0.22595234047473076;4.172493355535063;5.5315066444649394;379.2;288.0;308.14308364784046;0.8126136172147692;188.21093804722742;570.1890619527726;0.7809243124461978;0.7685288885726642;0.050396373311543806;0.06453426088589846;0.749688316652784;0.8121603082396115;836.0;818.5;78.41555968046137;0.09379851636418825;787.3975325729239;884.6024674270761;0.09469687224132335;0.085701943506617;0.059091722085866334;0.6240092274143789;0.05807144344133271;0.13132230104131398;5.420227661714445;5.5684527981058025;2.7945301867682644;0.5155743192315174;3.688159907178888;7.152295416250001;8.999999999999993;2.052631578947368;-1.0526315789473684;0.2695555555555558
0.65;0.05;2;1000.0;1000.0;0.0;0.0;1000.0;1000.0;674.7;681.5;32.28637483521493;0.04785293439338213;654.6886975536324;694.7113024463677;0.6747;0.6815;0.03228637483521492;0.047852934393382125;0.6546886975536323;0.6947113024463676;7.7;7.0;1.3453624047073711;0.1747223902217365;6.8661357424616405;8.53386425753836;0.6747;0.6815;0.03228637483521492;0.047852934393382125;0.6546886975536323;0.6947113024463676;4.4;4.0;0.4898979485566356;0.11134044285378081;4.096358105657339;4.7036418943426614;1.3494;1.363;0.06457274967042984;0.047852934393382125;1.3093773951072647;1.3894226048927352;8.5;8.0;1.2041594578792296;0.14166581857402702;7.753654235625337;9.246345764374663;0.5278974493475367;0.5276147545276832;0.031746575841780006;0.06013777085117137;0.5082207177835615;0.5475741809115119;369.5;371.5;19.226284092356483;0.05203324517552499;357.5834256600313;381.4165743399687;0.45571692478478243;0.44699772427686724;0.03038323209402192;0.06667128307418196;0.4368852024302337;0.47454864713933115;3.121865002194365;3.197646015280501;0.5695028527288298;0.18242392042209551;2.7688834770714026;3.474846527317327;0.6842105263157895;21.0;-20.0;0.9861
0.65;0.15;2;1000.0;1000.0;0.0;0.0;1000.0;1000.0;747.4;760.5;39.45427733465663;0.052788703953246766;722.9459855565594;771.8540144434405;0.7474000000000001;0.7605;0.039454277334656646;0.05278870395324678;0.7229459855565595;0.7718540144434406;9.4;9.5;1.2;0.1276595744680851;8.656232294328397;10.143767705671603;0.7474000000000001;0.7605;0.039454277334656646;0.05278870395324678;0.7229459855565595;0.7718540144434406;4.8;5.0;0.6;0.125;4.428116147164198;5.171883852835801;1.4948000000000001;1.521;0.07890855466931329;0.05278870395324678;1.445891971113119;1.5437080288868812;10.1;10.0;0.9433981132056604;0.09340575378273866;9.515275791505088;10.684724208494911;0.551007983618787;0.5487104457177236;0.022445305432709152;0.0407349913249857;0.5370962391814667;0.5649197280561074;404.4;403.5;21.85955168799214;0.05405428211669669;390.8513094950102;417.94869050498977;0.45266980071762275;0.445309749074455;0.026835343649170996;0.05928238112334556;0.43603708240357864;0.46930251903166686;3.450142547142098;3.422644231740536;0.710470096133381;0.205924852792501;3.0097886193509247;3.890496474933271;0.7647058823529412;7.666666666666667;-6.666666666666667;0.9773692307692308
0.65;0.25;2;1000.0;1000.0;0.0;0.0;1000.0;1000.0;838.7;859.0;50.2534575924881;0.059918275417298314;807.552584286975;869.847415713025;0.8387;0.859;0.050253457592488095;0.059918275417298314;0.807552584286975;0.869847415713025;13.5;13.0;2.6172504656604803;0.19387040486373927;11.87781135498981;15.12218864501019;0.8387;0.859;0.050253457592488095;0.059918275417298314;0.807552584286975;0.869847415713025;5.0;5.0;0.6324555320336759;0.12649110640673517;4.608;5.392;1.6774;1.718;0.10050691518497619;0.059918275417298314;1.61510516857395;1.73969483142605;13.8;13.0;2.481934729198171;0.17985034269551964;12.261680917364671;15.33831908263533;0.5607284812272779;0.5567482735572908;0.02336170102882251;0.041663125400176346;0.5462487489149502;0.5752082135396056;444.8;444.0;27.257292602164288;0.0612798844473118;427.9057550153906;461.69424498460944;0.42839656108342467;0.42418680431367417;0.031265721895437325;0.07298312996809685;0.4090178658831448;0.4477752562837045;3.6735395869696417;3.7991209324454944;0.6619384150124641;0.18019090289932252;3.2632659067782104;4.083813267161073;0.8666666666666667;5.0;-4.0;0.9677307692307692
0.65;0.35;2;1000.0;1000.0;0.0;0.0;1000.0;1000.0;958.8;966.5;64.47604206214895;0.06724660206732265;918.8373351038747;998.7626648961252;0.9587999999999999;0.9664999999999999;0.06447604206214896;0.06724660206732266;0.9188373351038747;0.9987626648961251;18.8;16.0;5.249761899362675;0.2792426542214189;15.54616386399069;22.053836136009313;0.9587999999999999;0.9664999999999999;0.06447604206214896;0.06724660206732266;0.9188373351038747;0.9987626648961251;5.2;5.0;0.8717797887081347;0.16764995936694896;4.659665288918063;5.740334711081937;1.9175999999999997;1.9329999999999998;0.12895208412429793;0.06724660206732266;1.8376746702077493;1.9975253297922502;19.1;16.0;5.185556864985669;0.2714951238212392;15.885958556583319;22.314041443416684;0.5787041502003978;0.5866054225143045;0.024304946661039453;0.041998915426168903;0.5636397881882711;0.5937685122125245;493.2;498.5;30.02598874308721;0.0608799447345645;474.5896993683605;511.81030063163945;0.3996754449811016;0.3979106920137592;0.030156265244533242;0.07545188383028927;0.3809843981373093;0.4183664918248939;4.191494242620608;4.0270087650773565;0.6330972010125547;0.1510433187704272;3.79909653206709;4.583891953174126;1.0;3.857142857142857;-2.857142857142857;0.9587999999999999
0.65;0.45;2;1000.0;1000.0;0.0;0.0;1000.0;1000.0;1114.8;1122.5;84.50893443891007;0.0758063638669807;1062.4208197696832;1167.1791802303167;1.1148;1.1225;0.08450893443891007;0.07580636386698068;1.0624208197696834;1.1671791802303166;32.1;30.0;12.3;0.38317757009345793;24.47638101686607;39.72361898313393;1.1148;1.1225;0.08450893443891007;0.07580636386698068;1.0624208197696834;1.1671791802303166;5.5;5.0;0.9219544457292888;0.16762808104168886;4.928566714305161;6.071433285694839;2.2296;2.245;0.16901786887782014;0.07580636386698068;2.1248416395393668;2.3343583604606333;32.1;30.0;12.3;0.38317757009345793;24.47638101686607;39.72361898313393;0.6089573622771342;0.6129135794854619;0.01828600259261799;0.030028379202509912;0.5976235804486204;0.6202911441056479;551.0;553.5;29.826163011691598;0.05413096735334228;532.5135526398391;569.4864473601609;0.35227355959790796;0.35829265237598285;0.03525663354790161;0.10008311037633431;0.3304212717282186;0.3741258474675973;5.064460417284223;4.671897815185354;1.2524684186520239;0.24730540185042066;4.288172448811759;5.840748385756687;1.1818181818181817;3.2222222222222223;-2.2222222222222223;0.9432923076923079
0.65;0.55;2;1000.0;1000.0;0.0;0.0;1000.0;1000.0;1327.3;1323.0;115.0600278115732;0.08668728080431945;1255.9850559167294;1398.6149440832705;1.3273;1.323;0.11506002781157322;0.08668728080431946;1.2559850559167294;1.3986149440832705;55.8;49.0;32.544738438033264;0.583239040108123;35.62856213355131;75.97143786644868;1.3273;1.323;0.11506002781157322;0.08668728080431946;1.2559850559167294;1.3986149440832705;6.0;6.0;0.7745966692414834;0.12909944487358058;5.5199000104144975;6.4800999895855025;2.6546;2.646;0.23012005562314644;0.08668728080431946;2.5119701118334588;2.797229888166541;55.9;49.5;32.50984466280945;0.5815714608731565;35.750189519501674;76.04981048049832;0.6475375206982459;0.6438780131866431;0.02123240521242435;0.03278945934982925;0.634377539605967;0.6606975017905248;618.7;614.5;30.040139813256527;0.04855364443713678;600.0809284442;637.3190715558001;0.292479421407679;0.3082138072823214;0.06479468466584691;0.22153587542670697;0.2523192597796524;0.3326395830357056;5.569992317457852;5.056874856212595;1.8485958846231405;0.33188481765569844;4.424220717607752;6.715763917307952;1.4444444444444446;2.8181818181818183;-1.8181818181818181;0.9188999999999998
0.65;0.65;2;1000.0;1000.0;0.0;0.0;1000.0;1000.0;1621.9;1606.5;179.77789074299432;0.11084400440409045;1510.4725088930027;1733.3274911069975;1.6218999999999997;1.6065;0.17977789074299433;0.1108440044040905;1.5104725088930022;1.7333274911069971;100.5;79.5;73.1112166497043;0.7274747925343712;55.18519844465829;145.81480155534172;1.6218999999999997;1.6065;0.17977789074299433;0.1108440044040905;1.5104725088930022;1.7333274911069971;6.5;6.0;1.02469507659596;0.15764539639937844;5.86488741155603;7.13511258844397;3.2437999999999994;3.213;0.35955578148598866;0.1108440044040905;3.0209450177860044;3.4666549822139943;100.6;80.0;73.06052285605406;0.7262477421078933;55.31661878348747;145.88338121651253;0.6953955251926074;0.6913345269022645;0.0195242235764388;0.028076429699531173;0.683294286047218;0.7074967643379968;693.1;684.0;36.308263522234164;0.0523853174465938;670.59590511929;715.60409488071;0.23264934466615445;0.25132265348733973;0.08052408031002453;0.3461178041381308;0.18274000261323542;0.28255868671907347;5.4737608827903275;5.286116700739663;1.334873620028967;0.24386772615987862;4.646397641348251;6.301124124232404;1.8571428571428574;2.5384615384615383;-1.5384615384615383;0.8733307692307689
0.65;0.75;2;1000.0;1000.0;0.0;0.0;1000.0;1000.0;2029.7;1975.5;295.6755147116514;0.14567449116206896;1846.4384173330375;2212.961582666963;2.0297;1.9755;0.29567551471165143;0.145674491162069;1.8464384173330375;2.2129615826669626;180.5;133.0;146.83340900489915;0.8134814903318512;89.49171022373841;271.50828977626156;2.0297;1.9755;0.29567551471165143;0.145674491162069;1.8464384173330375;2.2129615826669626;7.3;7.0;1.1874342087037917;0.16266222037038242;6.564020652463672;8.035979347536328;4.0594;3.951;0.5913510294233029;0.145674491162069;3.692876834666075;4.425923165333925;180.5;133.0;146.83340900489915;0.8134814903318512;89.49171022373841;271.50828977626156;0.733128455475025;0.727945655846703;0.0244330646935313;0.03332712638701233;0.7179846850836636;0.7482722258663864;780.6;766.5;47.89613763133725;0.06135810611239719;750.9136663361742;810.2863336638259;0.18054745282777812;0.19179198414085127;0.0788806985550361;0.4368973215605505;0.13165668933940103;0.2294382163161552;5.974653111498042;5.64277266749639;1.9781755923324273;0.3310946351890267;4.748567176727498;7.200739046268586;2.6;2.333333333333333;-1.3333333333333333;0.7806538461538461
0.65;0.85;2;1000.0;1000.0;0.0;0.0;1000.0;1000.0;2626.9;2532.5;489.39543316218226;0.18630150868406953;2323.5695679256696;2930.2304320743306;2.6269;2.5324999999999998;0.48939543316218226;0.18630150868406953;2.3235695679256696;2.9302304320743304;325.3;240.5;271.3208617117379;0.8340635158676234;157.1335876531821;493.46641234681795;2.6269;2.5324999999999998;0.48939543316218226;0.18630150868406953;2.3235695679256696;2.9302304320743304;8.6;8.5;1.1135528725660042;0.1294828921588377;7.909812779022967;9.290187220977032;5.2538;5.0649999999999995;0.9787908663243645;0.18630150868406953;4.647139135851339;5.860460864148661;325.3;240.5;271.3208617117379;0.8340635158676234;157.1335876531821;493.46641234681795;0.7727503474505362;0.7689679362504088;0.03558793809761467;0.046053603489182075;0.750692714893498;0.7948079800075744;870.0;856.0;55.96963462449974;0.06433291336149395;835.309661056715;904.690338943285;0.13156869344021438;0.12718509493047478;0.07176134503261078;0.5454287274291401;0.08709055098120339;0.17604683589922537;4.967366168998009;5.732813913631626;1.5810044473267184;0.318278216974214;3.987449460294014;5.947282877702003;4.333333333333333;2.1764705882352944;-1.1764705882352942;0.6062076923076923
0.65;0.95;2;1000.0;1000.0;0.0;0.0;1000.0;1000.0;3410.8;3411.5;664.0001204819167;0.1946757712213899;2999.248461519581;3822.3515384804195;3.4108000000000005;3.4115;0.6640001204819167;0.19467577122138988;2.9992484615195814;3.8223515384804196;466.7;400.5;313.0271713445975;0.6707246011240572;272.6837491301309;660.7162508698691;3.4108000000000005;3.4115;0.6640001204819167;0.19467577122138988;2.9992484615195814;3.8223515384804196;9.6;10.0;0.9165151389911679;0.09547032697824666;9.031938031549373;10.168061968450626;6.821600000000001;6.823;1.3280002409638334;0.19467577122138988;5.998496923039163;7.644703076960839;466.7;400.5;313.0271713445975;0.6707246011240572;272.6837491301309;660.7162508698691;0.786240270430984;0.7883857771640128;0.03894003810159864;0.04952689345237092;0.7621049847663249;0.810375556095643;936.9;934.5;40.55724349607601;0.04328876453845236;911.7623600471325;962.0376399528675;0.09756370801882168;0.0821005819470434;0.057084249681675345;0.5850971723077892;0.06218252350571785;0.1329448925319255;4.6116485740401805;3.9903540992338904;2.794006276807316;0.6058584542923093;2.8799055422626516;6.343391605817709;12.99999999999999;2.052631578947368;-1.0526315789473684;0.262369230769231
0.85;0.05;2;1000.0;1000.0;0.0;0.0;1000.0;1000.0;875.5;900.0;48.18972919616793;0.05504252335370409;845.6316963990253;905.3683036009747;0.8755000000000001;0.9;0.04818972919616796;0.05504252335370412;0.8456316963990254;0.9053683036009748;9.0;8.5;1.4832396974191326;0.16480441082434807;8.080678511074607;9.919321488925393;0.8755000000000001;0.9;0.04818972919616796;0.05504252335370412;0.8456316963990254;0.9053683036009748;5.1;5.0;0.7000000000000001;0.13725490196078433;4.666135505024898;5.533864494975101;1.7510000000000001;1.8;0.09637945839233591;0.05504252335370412;1.6912633927980507;1.8107366072019495;10.1;10.0;1.445683229480096;0.1431369534138709;9.203956251068062;10.996043748931937;0.5297244358394517;0.525365575334455;0.026089794484171494;0.049251634848271865;0.5135538136853385;0.545895057993565;476.1;477.5;24.126541401535366;0.050675365262624165;461.1462147133243;491.05378528667575;0.45226459290336846;0.4532579250848634;0.03055440460857457;0.0675586926060844;0.433326776725134;0.47120240908160294;4.4963930488966435;3.8771260881815826;1.1415657984402212;0.25388478854630975;3.7888432365807647;5.203942861212522;0.8947368421052632;21.0;-20.0;0.9785
0.85;0.15;2;1000.0;1000.0;0.0;0.0;1000.0;1000.0;974.6;992.5;52.4598894394565;0.05382709772158475;942.0850236598579;1007.1149763401421;0.9746;0.9924999999999999;0.0524598894394565;0.053827097721584755;0.9420850236598579;1.0071149763401421;11.7;11.5;1.9000000000000001;0.16239316239316243;10.522367799353294;12.877632200646705;0.9746;0.9924999999999999;0.0524598894394565;0.053827097721584755;0.9420850236598579;1.0071149763401421;5.2;5.0;0.8717797887081347;0.16764995936694896;4.659665288918063;5.740334711081937;1.9492;1.9849999999999999;0.104919778878913;0.053827097721584755;1.8841700473197158;2.0142299526802843;12.2;12.0;1.6613247725836149;0.13617416168718155;11.170300237933406;13.229699762066593;0.5471286286322926;0.5463846427038628;0.019722589258198708;0.03604744520041122;0.5349044411635644;0.5593528161010208;518.2;524.5;25.083062014036482;0.04840421075653508;502.65335709550135;533.7466429044988;0.4436552403723515;0.44834527168994265;0.02753165414215308;0.06205641596624956;0.4265909443434738;0.4607195364012292;4.75452134163436;4.413219791611441;1.006571005030826;0.21170816843674503;4.130642169128246;5.378400514140474;1.0;7.666666666666667;-6.666666666666667;0.9746
0.85;0.25;2;1000.0;1000.0;0.0;0.0;1000.0;1000.0;1095.9;1112.0;60.358015209249544;0.05507620696162929;1058.4897145907707;1133.3102854092294;1.0958999999999999;1.112;0.060358015209249535;0.05507620696162929;1.0584897145907706;1.1333102854092292;17.0;16.0;4.147288270665544;0.2439581335685614;14.429484098473615;19.570515901526385;1.0958999999999999;1.112;0.060358015209249535;0.05507620696162929;1.0584897145907706;1.1333102854092292;5.6;5.5;0.66332495807108;0.11845088536983574;5.188866931517301;6.011133068482699;2.1917999999999997;2.224;0.12071603041849907;0.05507620696162929;2.116979429181541;2.2666205708184584;17.4;16.0;4.079215610874228;0.2344376787858752;14.871675970133573;19.928324029866424;0.5713202148205958;0.5731218084344676;0.014451747464479532;0.0252953546707911;0.5623629289417613;0.5802775006994303;563.2;567.5;24.445040396775784;0.04340383593177518;548.0488069908671;578.351193009133;0.4264443002209476;0.42445505668124606;0.020484590115932254;0.04803579296362705;0.41374781972748914;0.43914078071440604;5.602395178618474;5.234501824114192;0.9998726928695539;0.17847236065844932;4.982667663002411;6.222122694234537;1.1333333333333333;5.0;-4.0;0.966970588235294
0.85;0.35;2;1000.0;1000.0;0.0;0.0;1000.0;1000.0;1252.5;1252.0;79.22026255952451;0.06324971062636688;1203.398772561167;1301.601227438833;1.2525;1.252;0.07922026255952452;0.06324971062636689;1.203398772561167;1.3016012274388329;24.1;20.5;7.077428911688198;0.29366924944764305;19.713364113583168;28.486635886416835;1.2525;1.252;0.07922026255952452;0.06324971062636689;1.203398772561167;1.3016012274388329;5.9;6.0;0.7000000000000001;0.11864406779661017;5.466135505024899;6.333864494975102;2.505;2.504;0.15844052511904905;0.06324971062636689;2.406797545122334;2.6032024548776658;24.4;20.5;6.770524351924303;0.27748050622640585;20.20358553047962;28.596414469520376;0.5983905103409443;0.5997973685146919;0.015922170917198622;0.026608327909690054;0.5885218465639477;0.6082591741179408;612.4;618.5;25.43304936495032;0.0415301263307484;596.6364326879985;628.1635673120014;0.4030000199151272;0.39454625534049137;0.02254389922773376;0.05594019383046572;0.389027166410541;0.41697287341971334;6.578423788188067;6.0543008649510295;1.4559878650421318;0.22132776967887668;5.675993159964666;7.480854416411468;1.3076923076923077;3.857142857142857;-2.857142857142857;0.9577941176470588
0.85;0.45;2;1000.0;1000.0;0.0;0.0;1000.0;1000.0;1461.8;1457.5;107.00728947132528;0.07320241446937015;1395.4761948498128;1528.123805150187;1.4617999999999998;1.4575;0.10700728947132528;0.07320241446937016;1.3954761948498124;1.528123805150187;42.7;39.5;19.131387822110554;0.4480418693702706;30.842242977695996;54.55775702230401;1.4617999999999998;1.4575;0.10700728947132528;0.07320241446937016;1.3954761948498124;1.528123805150187;6.5;7.0;0.6708203932499369;0.10320313742306722;6.08422121266231;6.91577878733769;2.9235999999999995;2.915;0.21401457894265055;0.07320241446937016;2.790952389699625;3.056247610300374;42.8;40.0;19.09869105462466;0.44623109940711825;30.96250864414254;54.63749135585745;0.6342228708053907;0.6358368578012197;0.014917987030869153;0.023521679393120925;0.6249766066494005;0.643469134961381;670.7;666.5;24.286004199950227;0.03620993618600004;655.6473786468935;685.7526213531066;0.35507145394054657;0.3613621732205805;0.03954710241556904;0.11137787050093538;0.3305599059158902;0.37958300196520295;7.061036933035362;6.120098882772317;2.1383566520964474;0.30283889921210505;5.735669748837542;8.386404117233182;1.5454545454545452;3.2222222222222223;-2.2222222222222223;0.9458705882352941
0.85;0.55;2;1000.0;1000.0;0.0;0.0;1000.0;1000.0;1734.1;1725.0;159.21585976277615;0.0918146933641521;1635.4169877314234;1832.7830122685764;1.7341000000000002;1.725;0.15921585976277614;0.09181469336415207;1.6354169877314237;1.8327830122685767;73.0;66.0;43.17869845189871;0.5914890198890235;46.237565432121094;99.7624345678789;1.7341000000000002;1.725;0.15921585976277614;0.09181469336415207;1.6354169877314237;1.8327830122685767;6.9;7.0;0.8306623862918073;0.12038585308576917;6.3851501189667035;7.414849881033297;3.4682000000000004;3.45;0.31843171952555227;0.09181469336415207;3.2708339754628475;3.6655660245371533;73.1;66.0;43.283830699234564;0.5921180670209927;46.272403790126845;99.92759620987314;0.673360166895503;0.6742249280321226;0.009675159614713626;0.014368476322739014;0.6673634408383012;0.6793568929527048;736.6;731.0;28.320310732758568;0.03844734012049765;719.0468895519911;754.153110448009;0.2958713307283537;0.3115566072459761;0.06474973637542256;0.2188442395416499;0.25573902833936274;0.33600363311734466;7.5972672332089335;7.375196277494371;2.2208636146634624;0.2923240089483352;6.220761703802445;8.973772762615422;1.888888888888889;2.8181818181818183;-1.8181818181818181;0.9180529411764706
0.85;0.65;2;1000.0;1000.0;0.0;0.0;1000.0;1000.0;2109.9;2068.0;237.08582834070873;0.11236827733101508;1962.9526811731498;2256.8473188268504;2.1099000000000006;2.068;0.2370858283407087;0.11236827733101505;1.9629526811731501;2.2568473188268507;128.7;100.5;94.37801650808308;0.7333179215857272;70.20389932995532;187.19610067004464;2.1099000000000006;2.068;0.2370858283407087;0.11236827733101505;1.9629526811731501;2.2568473188268507;7.5;7.0;1.02469507659596;0.13662601021279466;6.86488741155603;8.13511258844397;4.219800000000001;4.136;0.4741716566814174;0.11236827733101505;3.9259053623463003;4.5136946376537015;128.7;100.5;94.37801650808308;0.7333179215857272;70.20389932995532;187.19610067004464;0.7111492620944161;0.7091774270107145;0.01748008149471923;0.02458004588690479;0.7003149953375161;0.7219835288513161;810.2;807.0;36.70640271124371;0.04530536004843706;787.4491358933337;832.9508641066664;0.23913531940493066;0.2594560097134616;0.08120458344588018;0.3395758671197185;0.18880419713863023;0.2894664416712311;6.9213479528330115;7.4226722982678375;1.7430413924462969;0.2518355390199454;5.840999705040996;8.001696200625027;2.428571428571429;2.5384615384615383;-1.5384615384615383;0.8687823529411766
0.85;0.75;2;1000.0;1000.0;0.0;0.0;1000.0;1000.0;2644.1;2574.0;385.75470185080053;0.14589262957180157;2405.006758710331;2883.193241289669;2.6441;2.574;0.3857547018508005;0.14589262957180157;2.4050067587103308;2.883193241289669;235.2;178.0;186.31199639314693;0.7921428418075975;119.72262825297764;350.67737174702233;2.6441;2.574;0.3857547018508005;0.14589262957180157;2.4050067587103308;2.883193241289669;8.4;8.0;1.0198039027185568;0.1214052265141139;7.767918992533394;9.032081007466607;5.2882;5.148;0.771509403701601;0.14589262957180157;4.8100135174206615;5.766386482579338;235.2;178.0;186.31199639314693;0.7921428418075975;119.72262825297764;350.67737174702233;0.7423936287653777;0.7419850135011525;0.02467883568924244;0.033242251459355956;0.7270975279326825;0.757689729598073;877.4;868.5;41.838260002060316;0.047684362892706084;851.468377790813;903.331622209187;0.18046918197685963;0.187467049154515;0.08120904746519085;0.44998844997038745;0.1301352928827252;0.23080307107099404;6.946026192508567;5.64504435099459;3.9784014393966065;0.572759348890362;4.480187433491388;9.411864951525747;3.4;2.333333333333333;-1.3333333333333333;0.7776764705882353
0.85;0.85;2;1000.0;1000.0;0.0;0.0;1000.0;1000.0;3406.6;3332.5;597.531455238969;0.17540405543326748;3036.2461670585817;3776.953832941418;3.4066;3.3325;0.5975314552389691;0.1754040554332675;3.036246167058582;3.7769538329414183;390.3;304.5;293.4195119619689;0.7517794311093233;208.43670232397085;572.1632976760292;3.4066;3.3325;0.5975314552389691;0.1754040554332675;3.036246167058582;3.7769538329414183;9.8;10.0;1.0770329614269007;0.1099013225945817;9.132448054455686;10.467551945544315;6.8132;6.665;1.1950629104779382;0.1754040554332675;6.072492334117164;7.553907665882837;390.3;304.5;293.4195119619689;0.7517794311093233;208.43670232397085;572.1632976760292;0.7714819410161045;0.7686823268722651;0.033436567066042096;0.04334069961767792;0.7507577420392337;0.7922061399929752;938.0;931.0;35.994444015708865;0.038373607692653376;915.6904124645927;960.3095875354073;0.1320611643711987;0.12479379225208886;0.06874261141802007;0.5205361602355537;0.08945405239098593;0.17466827635141147;4.638583118904788;4.272316772056409;2.101813936450725;0.45311550587175475;3.335865344519325;5.941300893290251;5.666666666666666;2.1764705882352944;-1.1764705882352942;0.601164705882353
0.85;0.95;2;1000.0;1000.0;0.0;0.0;1000.0;1000.0;4395.4;4499.0;763.632922286618;0.17373456847763982;3922.0954111796505;4868.704588820349;4.3954;4.4990000000000006;0.7636329222866179;0.17373456847763977;3.922095411179651;4.86870458882035;553.2;527.0;317.0425208075409;0.5731065090519538;356.6950097488617;749.7049902511384;4.3954;4.4990000000000006;0.7636329222866179;0.17373456847763977;3.922095411179651;4.86870458882035;11.7;12.0;0.7810249675906655;0.06675427073424492;11.215915709819043;12.184084290180955;8.7908;8.998000000000001;1.5272658445732359;0.17373456847763977;7.844190822359302;9.7374091776407;553.2;527.0;317.0425208075409;0.5731065090519538;356.6950097488617;749.7049902511384;0.7796897690554657;0.7753956490116625;0.03273283613462893;0.041981872064683165;0.7594017470288178;0.7999777910821136;978.1;981.0;19.42395428330699;0.01985886339158265;966.0609084063623;990.1390915936378;0.10031065475391743;0.08024845756161011;0.05520358585130027;0.5503262438743518;0.06609511775936164;0.13452619174847322;3.4042514728103273;3.102093919200592;1.4390081580429543;0.4227091240280799;2.512344976018388;4.296157969602267;16.999999999999986;2.052631578947368;-1.0526315789473684;0.2585529411764708
1.05;0.05;2;1000.0;1000.0;0.0;0.0;1000.0;1000.0;1079.1;1096.0;47.90083506578983;0.04438961640792311;1049.4107548361362;1108.7892451638636;1.0791;1.096;0.04790083506578985;0.04438961640792313;1.0494107548361362;1.1087892451638637;10.7;10.0;2.193171219946131;0.2049692728921618;9.340658394663063;12.059341605336936;1.0791;1.096;0.04790083506578985;0.04438961640792313;1.0494107548361362;1.1087892451638637;5.4;5.0;0.8;0.14814814814814814;4.904154862885599;5.895845137114402;2.1582;2.192;0.0958016701315797;0.04438961640792313;2.0988215096722724;2.2175784903277274;11.6;12.0;2.0591260281974;0.17751086449977588;10.323740465265782;12.876259534734217;0.5425681690167752;0.5458452054392906;0.017539063445641993;0.03232600887262835;0.531697344867947;0.5534389931656034;570.7;573.5;18.989734068701438;0.033274459556161616;558.9300408836734;582.4699591163267;0.4582875892596457;0.4645878482972136;0.025430132538654927;0.055489463678771646;0.44252582981531224;0.47404934870397913;6.089457898583044;5.9746906651671505;1.1738756322318582;0.192771778996125;5.361882243808967;6.8170335533571205;1.105263157894737;21.0;-20.0;0.9763285714285713
1.05;0.15;2;1000.0;1000.0;0.0;0.0;1000.0;1000.0;1203.2;1212.5;55.52440904683272;0.04614728145514688;1168.7856147287214;1237.6143852712787;1.2032;1.2125;0.05552440904683276;0.046147281455146905;1.1687856147287214;1.2376143852712786;13.8;14.0;2.638181191654584;0.1911725501198974;12.164838356614247;15.435161643385754;1.2032;1.2125;0.05552440904683276;0.046147281455146905;1.1687856147287214;1.2376143852712786;5.8;6.0;0.6;0.10344827586206896;5.428116147164198;6.171883852835801;2.4064;2.425;0.11104881809366551;0.046147281455146905;2.337571229457443;2.4752287705425573;14.3;14.5;2.4103941586387903;0.16855903207264267;12.806022222387496;15.793977777612506;0.5575751306182994;0.5581430629417043;0.014936488884847839;0.026788298230383138;0.5483173988944056;0.5668328623421933;614.1;616.5;17.380736463107656;0.028302778803301832;603.3273079316264;624.8726920683737;0.44716485848710097;0.45027040212336966;0.02099604682564593;0.04695370494157825;0.43415137384069746;0.4601783431335045;7.7467612654975;6.956007794703353;1.9058013037030535;0.24601265462911645;6.565533379563192;8.927989151431808;1.2352941176470589;7.666666666666667;-6.666666666666667;0.9740190476190476
1.05;0.25;2;1000.0;1000.0;0.0;0.0;1000.0;1000.0;1359.6;1367.0;75.21728524747486;0.05532309888752197;1312.979843603866;1406.220156396134;1.3596;1.367;0.07521728524747485;0.05532309888752196;1.3129798436038658;1.406220156396134;19.2;17.5;4.5563142999578075;0.23730803645613582;16.37596713900139;22.02403286099861;1.3596;1.367;0.07521728524747485;0.05532309888752196;1.3129798436038658;1.406220156396134;6.1;6.0;0.5385164807134504;0.0882813902808935;5.766224027227842;6.433775972772157;2.7192;2.734;0.1504345704949497;0.05532309888752196;2.6259596872077315;2.812440312792268;19.5;17.5;4.5;0.23076923076923078;16.71087110373149;22.28912889626851;0.5838067113944148;0.5795053951238491;0.016991876740520856;0.029105312441400303;0.5732750370791215;0.594338385709708;662.8;666.5;19.343215865000317;0.029184091528364996;650.8109505964818;674.7890494035181;0.4320012803493071;0.42174542043072005;0.01881601629692467;0.04355546419147285;0.4203389926234378;0.44366356807517643;8.434496950883474;7.6532126070625;2.190601692571783;0.25971930576634183;7.076747955113104;9.792245946653845;1.4000000000000001;5.0;-4.0;0.971142857142857
1.05;0.35;2;1000.0;1000.0;0.0;0.0;1000.0;1000.0;1546.5;1547.5;93.98430720072368;0.06077226459794612;1488.247922886819;1604.752077113181;1.5464999999999998;1.5474999999999999;0.09398430720072372;0.06077226459794616;1.4882479228868186;1.604752077113181;30.6;29.5;8.708616422830897;0.2845953079356502;25.202343619680853;35.99765638031915;1.5464999999999998;1.5474999999999999;0.09398430720072372;0.06077226459794616;1.4882479228868186;1.604752077113181;6.2;6.0;0.39999999999999997;0.06451612903225806;5.952077431442799;6.4479225685572015;3.0929999999999995;3.0949999999999998;0.18796861440144744;0.06077226459794616;2.9764958457736372;3.209504154226362;30.6;29.5;8.708616422830897;0.2845953079356502;25.202343619680853;35.99765638031915;0.6189103222554759;0.6219603840972368;0.01423342979322507;0.022997564075768872;0.6100883510711885;0.6277322934397633;711.1;707.0;18.457789683491356;0.025956672315414646;699.6597434294506;722.5402565705494;0.4039362011414416;0.39783895855733487;0.02603349243211708;0.06444951543969499;0.38780047536072926;0.4200719269221539;8.698109064177174;8.496443812613991;1.6944681584379941;0.19480879647929406;7.64786681873133;9.748351309623018;1.6153846153846154;3.857142857142857;-2.857142857142857;0.9573571428571427
1.05;0.45;2;1000.0;1000.0;0.0;0.0;1000.0;1000.0;1804.1;1806.5;138.81458857051013;0.07694395464248663;1718.0618266209701;1890.1381733790297;1.8041;1.8065;0.1388145885705101;0.07694395464248661;1.7180618266209702;1.89013817337903;51.8;47.0;23.919866220361687;0.46177347915756156;36.97431331775826;66.62568668224174;1.8041;1.8065;0.1388145885705101;0.07694395464248661;1.7180618266209702;1.89013817337903;7.1;7.0;0.8306623862918076;0.11699470229462079;6.585150118966703;7.6148498810332965;3.6082;3.613;0.2776291771410202;0.07694395464248661;3.4361236532419404;3.78027634675806;51.9;47.5;23.889118861942144;0.46029130755187175;37.093370727947566;66.70662927205242;0.6492763432646911;0.6479690190223649;0.009658193804905627;0.014875320662912653;0.6432901327253524;0.6552625538040298;766.4;761.5;26.484712571594958;0.034557297196757514;749.9846050793774;782.8153949206226;0.3604246200344615;0.3591147220977111;0.04274411281462634;0.11859376534971285;0.33393154443520917;0.38691769563371387;8.648273058559658;7.905721343857966;1.808781069467467;0.20914939401424423;7.52717893680962;9.769367180309697;1.909090909090909;3.2222222222222223;-2.2222222222222223;0.945004761904762
1.05;0.55;2;1000.0;1000.0;0.0;0.0;1000.0;1000.0;2145.9;2135.0;194.0486794595624;0.09042764316117359;2025.6273824081309;2266.1726175918693;2.1459;2.135;0.19404867945956245;0.0904276431611736;2.025627382408131;2.2661726175918693;88.8;74.0;54.939603202061804;0.6186892252484437;54.74808114657854;122.85191885342145;2.1459;2.135;0.19404867945956245;0.0904276431611736;2.025627382408131;2.2661726175918693;7.5;7.0;1.2041594578792296;0.16055459438389727;6.753654235625337;8.246345764374663;4.2918;4.27;0.3880973589191249;0.0904276431611736;4.051254764816262;4.5323452351837386;88.9;74.0;55.04080304646726;0.6191316428174045;54.785356833172074;123.01464316682794;0.6828924497860868;0.6841071969783088;0.010629242924523507;0.015565032133322125;0.676304376766921;0.6894805228052525;824.3;821.5;26.646012834943992;0.03232562517887176;807.7846301403813;840.8153698596186;0.3023557559483583;0.3226656905912433;0.06896637342417243;0.2280967769502352;0.2596099548398685;0.3451015570568481;8.303589655023849;7.998206277822949;2.219038664628706;0.26723847839544196;6.928215241367624;9.678964068680074;2.3333333333333335;2.8181818181818183;-1.8181818181818181;0.9196714285714286
1.05;0.65;2;1000.0;1000.0;0.0;0.0;1000.0;1000.0;2613.3;2574.0;297.5180834840128;0.11384765755329;2428.8963813760697;2797.7036186239307;2.6133;2.574;0.29751808348401276;0.11384765755328999;2.42889638137607;2.7977036186239306;159.0;123.0;112.3013802230409;0.7062979888241566;89.39488340646214;228.60511659353784;2.6133;2.574;0.29751808348401276;0.11384765755328999;2.42889638137607;2.7977036186239306;8.5;8.0;1.02469507659596;0.12055236195246588;7.86488741155603;9.13511258844397;5.2266;5.148;0.5950361669680255;0.11384765755328999;4.85779276275214;5.595407237247861;159.0;123.0;112.3013802230409;0.7062979888241566;89.39488340646214;228.60511659353784;0.7158346390298624;0.7172648214216015;0.01730959756116017;0.024181000216221816;0.7051060393097267;0.7265632387499982;882.5;880.5;29.038767191463208;0.03290511863055321;864.5015856253947;900.4984143746053;0.23842736306360993;0.2561279804820421;0.07941879310423043;0.3330942895301926;0.18920308511832562;0.28765164100889423;7.123306025896227;5.684759655647197;3.51510834226825;0.4934658611450001;4.944619303466254;9.3019927483262;3.0000000000000004;2.5384615384615383;-1.5384615384615383;0.8711
1.05;0.75;2;1000.0;1000.0;0.0;0.0;1000.0;1000.0;3271.0;3213.5;473.0257921086333;0.14461198169019668;2977.815576566558;3564.184423433442;3.271;3.2135;0.47302579210863344;0.1446119816901967;2.9778155765665577;3.564184423433442;287.6;220.5;224.34847893400126;0.7800712063073757;148.54737212695332;426.65262787304675;3.271;3.2135;0.47302579210863344;0.1446119816901967;2.9778155765665577;3.564184423433442;9.7;10.0;1.1874342087037917;0.12241589780451462;8.96402065246367;10.435979347536328;6.542;6.427;0.9460515842172669;0.1446119816901967;5.955631153133115;7.128368846866884;287.6;220.5;224.34847893400126;0.7800712063073757;148.54737212695332;426.65262787304675;0.746364265255478;0.7420175323276396;0.027205157244345662;0.03645024086869087;0.7295023341004263;0.7632261964105298;934.8;929.5;29.18150098949675;0.031216838884784714;916.7131183008236;952.8868816991763;0.1797216523572171;0.18581455716339995;0.0787973130886049;0.4384408448014173;0.13088257171638493;0.22856073299804927;5.212085478029623;4.651206687003031;2.3192301399899122;0.44497162407756097;3.774611744575684;6.649559211483562;4.2;2.333333333333333;-1.3333333333333333;0.7788095238095237
1.05;0.85;2;1000.0;1000.0;0.0;0.0;1000.0;1000.0;4170.8;4136.0;682.6041019507574;0.16366263113809276;3747.717594341717;4593.8824056582835;4.170800000000001;4.135999999999999;0.6826041019507575;0.1636626311380928;3.747717594341718;4.593882405658284;442.8;368.0;301.55357732913734;0.681015305621358;255.8951563773694;629.7048436226306;4.170800000000001;4.135999999999999;0.6826041019507575;0.1636626311380928;3.747717594341718;4.593882405658284;11.6;12.0;0.8;0.06896551724137931;11.104154862885597;12.095845137114402;8.341600000000001;8.271999999999998;1.365208203901515;0.1636626311380928;7.495435188683436;9.187764811316567;442.8;368.0;301.55357732913734;0.681015305621358;255.8951563773694;629.7048436226306;0.7741592825693568;0.7723409760554463;0.029725265216107907;0.038396833681891326;0.7557353723108031;0.7925831928279106;972.5;973.5;18.82684253931073;0.01935922112011386;960.8310020995802;984.1689979004198;0.13616951929363838;0.12469048365553026;0.06779764712551672;0.4978915066837878;0.09414810224990629;0.1781909363373705;3.7694242882121336;3.5922215916724713;1.4176816076370864;0.3761003005340912;2.890736124307913;4.648112452116354;6.999999999999999;2.1764705882352944;-1.1764705882352942;0.5958285714285716
1.05;0.95;2;1000.0;1000.0;0.0;0.0;1000.0;1000.0;5330.0;5592.0;858.8037028331911;0.16112639828014844;4797.707950267901;5862.292049732099;5.33;5.5920000000000005;0.858803702833191;0.1611263982801484;4.797707950267901;5.862292049732099;619.6;657.0;320.6207104976221;0.5174640259806683;420.87722480198704;818.322775198013;5.33;5.5920000000000005;0.858803702833191;0.1611263982801484;4.797707950267901;5.862292049732099;13.3;14.0;1.1874342087037917;0.08928076757171366;12.564020652463672;14.03597934753633;10.66;11.184000000000001;1.717607405666382;0.1611263982801484;9.595415900535802;11.724584099464199;619.6;657.0;320.6207104976221;0.5174640259806683;420.87722480198704;818.322775198013;0.7781475955913125;0.7716036446336532;0.03137801240833593;0.040323985560209635;0.7586993020100766;0.7975958891725484;991.1;993.5;9.51262319236918;0.009598045799989083;985.2040150610776;996.9959849389224;0.10342940822360176;0.08335230275912597;0.05180269826146931;0.5008507652821352;0.07132176319565897;0.13553705325154455;2.8733139215909675;2.595098417704221;0.9715249682771497;0.3381200226598324;2.2711565077091573;3.4754713354727778;20.999999999999982;2.052631578947368;-1.0526315789473684;0.25380952380952404
1.25;0.05;2;1000.0;1000.0;0.0;0.0;1000.0;1000.0;1283.1;1310.0;52.46989613101974;0.040893068452201496;1250.57882144817;1315.6211785518299;1.2831;1.31;0.05246989613101975;0.04089306845220151;1.2505788214481701;1.3156211785518297;12.6;12.0;2.3323807579381204;0.1851095839633429;11.154375429096476;14.045624570903524;1.2831;1.31;0.05246989613101975;0.04089306845220151;1.2505788214481701;1.3156211785518297;6.1;6.0;0.8306623862918074;0.13617416168718155;5.585150118966703;6.6148498810332965;2.5662;2.62;0.1049397922620395;0.04089306845220151;2.5011576428963402;2.6312423571036594;13.1;12.5;2.1656407827707715;0.16531609028784516;11.757721936408107;14.442278063591893;0.5521251444351111;0.5518971211384229;0.010553411020198574;0.0191141648348509;0.5455840725171923;0.5586662163530298;650.0;654.0;15.388307249337076;0.023674318845133963;640.4622283524924;659.5377716475076;0.4593831860412368;0.46064351285627636;0.019511061082804825;0.0424723012849961;0.44729010509392325;0.47147626698855033;7.522907726615982;7.601127474663935;1.2679748360886984;0.16854850307449798;6.737008781043467;8.308806672188496;1.3157894736842106;21.0;-20.0;0.9751559999999999
1.25;0.15;2;1000.0;1000.0;0.0;0.0;1000.0;1000.0;1430.4;1450.5;70.62747340801596;0.04937603006712525;1386.6246384549484;1474.1753615450518;1.4304000000000001;1.4505;0.07062747340801594;0.04937603006712523;1.3866246384549483;1.474175361545052;16.3;16.5;3.0675723300355937;0.1881946214745763;14.398698971756446;18.201301028243556;1.4304000000000001;1.4505;0.07062747340801594;0.04937603006712523;1.3866246384549483;1.474175361545052;6.2;6.0;0.7483314773547882;0.12069862537980455;5.736179345004991;6.66382065499501;2.8608000000000002;2.901;0.14125494681603187;0.04937603006712523;2.7732492769098966;2.948350723090104;16.6;16.5;2.90516780926679;0.17501010899197528;14.799358336592205;18.4006416634078;0.5730408169714825;0.5680226485902867;0.01188548505280298;0.020741079345128855;0.5656741170143846;0.5804075169285803;691.7;693.0;16.75141785043881;0.024217750253634245;681.3173636488607;702.0826363511394;0.4509456301750653;0.44637849747319114;0.016044184702856488;0.03557897810569279;0.44100134147021947;0.4608899188799111;8.973158739049037;8.43435264209969;1.731660572609461;0.1929822733519345;7.899864396472609;10.046453081625463;1.4705882352941178;7.666666666666667;-6.666666666666667;0.972672
1.25;0.25;2;1000.0;1000.0;0.0;0.0;1000.0;1000.0;1617.2;1629.5;95.78496750534501;0.05922889407948615;1557.8318620672671;1676.568137932733;1.6172;1.6295;0.09578496750534499;0.059228894079486144;1.557831862067267;1.6765681379327328;22.4;21.0;5.083306010855534;0.22693330405605064;19.249334292566093;25.550665707433904;1.6172;1.6295;0.09578496750534499;0.059228894079486144;1.557831862067267;1.6765681379327328;6.6;6.5;0.66332495807108;0.10050378152592122;6.188866931517301;7.011133068482699;3.2344;3.259;0.19156993501068997;0.059228894079486144;3.115663724134534;3.3531362758654657;22.9;21.5;4.825971404805461;0.21074110938015114;19.908831933842567;25.89116806615743;0.6005923724340804;0.6014803342876002;0.016115017247524108;0.026831871311007793;0.5906041812632059;0.6105805636049548;739.5;740.5;18.832153355365392;0.02546606268474022;727.8277104216868;751.1722895783132;0.4371194220585727;0.43220846793085593;0.0202177780297671;0.046252298592804185;0.42458831340942466;0.4496505307077207;10.480239036289063;10.039910885970123;1.528090322767761;0.14580681962277464;9.533118841769099;11.427359230809028;1.6666666666666667;5.0;-4.0;0.97032
1.25;0.35;2;1000.0;1000.0;0.0;0.0;1000.0;1000.0;1852.0;1851.0;122.70207822200894;0.0662538219341301;1775.9484639997324;1928.0515360002676;1.8520000000000003;1.851;0.12270207822200895;0.06625382193413008;1.7759484639997327;1.928051536000268;37.6;36.5;10.49952379872535;0.2792426542214189;31.09232772798138;44.107672272018625;1.8520000000000003;1.851;0.12270207822200895;0.06625382193413008;1.7759484639997327;1.928051536000268;7.4;7.0;0.9165151389911679;0.12385339716096863;6.831938031549375;7.968061968450626;3.7040000000000006;3.702;0.2454041564440179;0.06625382193413008;3.5518969279994654;3.856103072000536;37.6;36.5;10.49952379872535;0.2792426542214189;31.09232772798138;44.107672272018625;0.62623809537821;0.6277596104471295;0.011673240856620007;0.018640259899184313;0.6190029457368097;0.6334732450196102;786.3;782.5;21.24641146170336;0.02702074457802793;773.1313377444783;799.4686622555216;0.4062348621250608;0.39574284578375374;0.025445747801231686;0.06263802094217637;0.39046342424071057;0.4220063000094111;9.799293145567463;9.133738229657524;1.991194772067131;0.20319779625817327;8.56513783959608;11.033448451538845;1.923076923076923;3.857142857142857;-2.857142857142857;0.9630400000000002
1.25;0.45;2;1000.0;1000.0;0.0;0.0;1000.0;1000.0;2158.4;2152.0;161.25520146649532;0.07471052699522578;2058.452990648044;2258.3470093519563;2.1584000000000003;2.152;0.16125520146649536;0.07471052699522579;2.0584529906480444;2.258347009351956;60.6;57.0;28.699128906641054;0.47358298525810316;42.81209561527834;78.38790438472166;2.1584000000000003;2.152;0.16125520146649536;0.07471052699522579;2.0584529906480444;2.258347009351956;7.8;7.5;0.9797958971132713;0.12561485860426555;7.192716211314677;8.407283788685323;4.316800000000001;4.304;0.3225104029329907;0.07471052699522579;4.116905981296089;4.516694018703912;60.7;57.0;28.799479161957077;0.4744559993732632;42.849897882645045;78.55010211735495;0.6587460968249201;0.6585645469703363;0.008494539016066598;0.012895012292306994;0.6534811269959887;0.6640110666538516;833.1;833.0;21.10663402819123;0.025335054649131234;820.0179726953351;846.182027304665;0.36152287135611705;0.3616652476326028;0.044513581743687504;0.12312798240595829;0.3339330675521772;0.3891126751600569;9.87328992550239;7.593112663312104;4.217046641073121;0.42711666252002034;7.259537338051478;12.4870425129533;2.2727272727272725;3.2222222222222223;-2.2222222222222223;0.9496960000000002
1.25;0.55;2;1000.0;1000.0;0.0;0.0;1000.0;1000.0;2562.1;2529.5;225.77885197688468;0.08812257600284325;2422.160817729987;2702.039182270013;2.5621;2.5295;0.2257788519768847;0.08812257600284325;2.4221608177299867;2.7020391822700134;107.8;86.5;65.01046069672172;0.6030654981143017;67.50609900245448;148.09390099754552;2.5621;2.5295;0.2257788519768847;0.08812257600284325;2.4221608177299867;2.7020391822700134;8.8;8.5;1.16619037896906;0.1325216339737568;8.077187714548238;9.522812285451764;5.1242;5.059;0.4515577039537694;0.08812257600284325;4.844321635459973;5.404078364540027;107.8;86.5;65.01046069672172;0.6030654981143017;67.50609900245448;148.09390099754552;0.6876325032790692;0.6842049649412545;0.012968149889018706;0.01885912871654309;0.6795947607042685;0.6956702458538699;878.7;875.0;23.63070037049262;0.02689279659780655;864.0535401683547;893.3464598316453;0.30088360783931656;0.3183972055796691;0.06938878556939504;0.2306167028097168;0.25787599297074343;0.3438912227078897;7.259484303545046;5.807888556605377;2.9039770560540785;0.40002525449858345;5.459580676624781;9.05938793046531;2.777777777777778;2.8181818181818183;-1.8181818181818181;0.922356
1.25;0.65;2;1000.0;1000.0;0.0;0.0;1000.0;1000.0;3110.4;3070.5;348.79713301574026;0.1121389959541346;2894.213297193375;3326.586702806625;3.1104;3.0705;0.34879713301574017;0.11213899595413458;2.894213297193375;3.3265867028066247;188.5;150.5;132.1796126488499;0.7012181042379305;106.57422730300311;270.4257726969969;3.1104;3.0705;0.34879713301574017;0.11213899595413458;2.894213297193375;3.3265867028066247;9.8;10.0;1.2489995996796797;0.12744893874282445;9.025862027801246;10.574137972198756;6.2208;6.141;0.6975942660314803;0.11213899595413458;5.78842659438675;6.653173405613249;188.5;150.5;132.1796126488499;0.7012181042379305;106.57422730300311;270.4257726969969;0.7173693388560805;0.7122917440078449;0.01780538561931844;0.024820388403707032;0.7063334465138482;0.7284052311983127;924.8;921.5;23.327237298917332;0.025224088774780853;910.3416285287726;939.2583714712273;0.23998706829105623;0.2601413378856655;0.08043109172408301;0.33514760731414167;0.19013536116082003;0.28983877542129244;5.608737974283288;5.100989210313256;2.0641679295594;0.36802716386892176;4.329353436708874;6.888122511857703;3.5714285714285716;2.5384615384615383;-1.5384615384615383;0.8709119999999999
1.25;0.75;2;1000.0;1000.0;0.0;0.0;1000.0;1000.0;3890.8;3842.5;536.0251486637544;0.1377673354229861;3558.5681708300667;4223.031829169934;3.8907999999999996;3.8425000000000002;0.5360251486637544;0.13776733542298614;3.558568170830066;4.223031829169933;332.8;262.0;246.0621059813965;0.7393693088383309;180.28912665124497;485.3108733487551;3.8907999999999996;3.8425000000000002;0.5360251486637544;0.13776733542298614;3.558568170830066;4.223031829169933;11.2;11.0;0.9797958971132711;0.08748177652797064;10.592716211314677;11.807283788685321;7.781599999999999;7.6850000000000005;1.0720502973275088;0.13776733542298614;7.117136341660132;8.446063658339867;332.8;262.0;246.0621059813965;0.7393693088383309;180.28912665124497;485.3108733487551;0.7507768969686648;0.7481953367649044;0.02394419181340175;0.03189255278109751;0.7359361331276526;0.765617660809677;964.1;962.5;19.987245933344592;0.020731507035934647;951.7117766245518;976.4882233754482;0.17999855910458853;0.18652104656009538;0.07699855664646763;0.4277731834604712;0.13227435925711506;0.227722758952062;4.179774816271382;3.971829730254045;1.342796422566164;0.3212604701427484;3.347500970941322;5.012048661601442;5.0;2.333333333333333;-1.3333333333333333;0.77816
1.25;0.85;2;1000.0;1000.0;0.0;0.0;1000.0;1000.0;4914.9;4934.0;735.0116257583957;0.14954762574180466;4459.335074556436;5370.4649254435635;4.9149;4.934;0.7350116257583958;0.1495476257418047;4.459335074556436;5.370464925443565;492.0;439.5;298.65933770769664;0.6070311742026354;306.8890246797884;677.1109753202115;4.9149;4.934;0.7350116257583958;0.1495476257418047;4.459335074556436;5.370464925443565;12.2;12.0;1.0770329614269007;0.0882813902808935;11.532448054455685;12.867551945544314;9.8298;9.868;1.4700232515167917;0.1495476257418047;8.918670149112872;10.74092985088713;492.0;439.5;298.65933770769664;0.6070311742026354;306.8890246797884;677.1109753202115;0.7754062328576155;0.7773978820303127;0.028270439843459512;0.03645887619354576;0.7578840327070346;0.7929284330081963;985.8;986.0;9.99799979995999;0.010142016433313035;979.6031755228988;991.9968244771011;0.13887437631398697;0.12531379598917308;0.06503872208703138;0.46832773484420603;0.09856295872525003;0.1791857939027239;3.270566411832236;3.167059964376177;1.0328838150573256;0.31581190686743577;2.6303783907068032;3.9107544329576687;8.333333333333332;2.1764705882352944;-1.1764705882352942;0.5897880000000001
1.25;0.95;2;1000.0;1000.0;0.0;0.0;1000.0;1000.0;6252.9;6605.0;957.9604845712583;0.15320259152893193;5659.1499402219815;6846.650059778018;6.2528999999999995;6.605;0.9579604845712584;0.15320259152893193;5.659149940221981;6.8466500597780175;667.7;744.0;316.4598078745546;0.47395508143560666;471.5561789665553;863.8438210334448;6.2528999999999995;6.605;0.9579604845712584;0.15320259152893193;5.659149940221981;6.8466500597780175;14.1;14.5;1.57797338380595;0.1119130059436844;13.121961963929827;15.078038036070172;12.505799999999999;13.21;1.9159209691425167;0.15320259152893193;11.318299880443963;13.693300119556035;667.7;744.0;316.4598078745546;0.47395508143560666;471.5561789665553;863.8438210334448;0.7782008733898336;0.7714971216437843;0.028473661970926947;0.03658909022666092;0.7605527148596793;0.7958490319199878;997.3;999.5;3.716180835212409;0.0037262416877693865;994.9966872552777;999.6033127447222;0.1090706192071682;0.08833216680485839;0.049689330847240955;0.4555702645536584;0.07827285287332687;0.13986838554100955;2.6097109888584624;2.296798223338363;0.7973911821964557;0.30554769689085376;2.115482813770942;3.103939163945983;24.99999999999998;2.052631578947368;-1.0526315789473684;0.25011600000000017
1.45;0.05;2;1000.0;1000.0;0.0;0.0;1000.0;1000.0;1495.7;1514.0;58.44664233298608;0.039076447371121266;1459.4743957731553;1531.9256042268448;1.4957;1.514;0.058446642332986076;0.039076447371121266;1.459474395773155;1.531925604226845;13.6;13.0;2.5377155080899043;0.18659672853602238;12.027107632417271;15.172892367582728;1.4957;1.514;0.058446642332986076;0.039076447371121266;1.459474395773155;1.531925604226845;6.7;7.0;0.6403124237432849;0.09556901846914699;6.3031302480661955;7.096869751933805;2.9914;3.028;0.11689328466597215;0.039076447371121266;2.91894879154631;3.06385120845369;14.3;14.0;2.3259406699226015;0.16265319370088122;12.85836703700283;15.741632962997171;0.5581632820183816;0.5563839864333291;0.013444801406364615;0.024087577666783617;0.5498301077723632;0.5664964562644;721.1;722.0;12.903100402616419;0.017893635283062568;713.1025755145797;729.0974244854203;0.46144013514994764;0.45446671695895374;0.016944400434670392;0.036720690603049104;0.45093788695388454;0.47194238334601074;12.10021198446952;11.19075317280678;2.9773190668058462;0.24605511627624377;10.254850508327436;13.945573460611605;1.5263157894736843;21.0;-20.0;0.9799413793103448
1.45;0.15;2;1000.0;1000.0;0.0;0.0;1000.0;1000.0;1671.9;1690.0;81.49288312484717;0.04874267786640778;1621.3901877413905;1722.4098122586097;1.6719000000000002;1.69;0.08149288312484712;0.04874267786640775;1.6213901877413905;1.7224098122586098;18.1;17.5;3.7269290307168443;0.20590768125507425;15.790025454685704;20.4099745453143;1.6719000000000002;1.69;0.08149288312484712;0.04874267786640775;1.6213901877413905;1.7224098122586098;7.0;7.0;0.6324555320336759;0.09035079029052513;6.608;7.392;3.3438000000000003;3.38;0.16298576624969424;0.04874267786640775;3.242780375482781;3.4448196245172196;18.8;18.0;3.370459909270543;0.1792797824080076;16.710967305186443;20.889032694813558;0.5822369673363288;0.5857547002329734;0.016095918561869163;0.027644961527445177;0.5722606136534635;0.5922133210191941;760.8;762.0;15.644807445283563;0.020563627031129815;751.1032478839561;770.4967521160438;0.4524354287193811;0.4485332771390476;0.017889183593845732;0.03953974967097754;0.44134759785443717;0.463523259584325;13.891350046589286;11.900183268723248;6.258136302331116;0.45050598259653407;10.012516980451801;17.77018311272677;1.7058823529411764;7.666666666666667;-6.666666666666667;0.9800793103448278
1.45;0.25;2;1000.0;1000.0;0.0;0.0;1000.0;1000.0;1880.5;1884.0;103.74801202914685;0.05517043979215466;1816.1963159375764;1944.8036840624236;1.8805;1.884;0.10374801202914684;0.055170439792154656;1.8161963159375765;1.9448036840624237;25.9;24.5;5.5578772926361015;0.21458985685853674;22.455191964709787;29.34480803529021;1.8805;1.884;0.10374801202914684;0.055170439792154656;1.8161963159375765;1.9448036840624237;7.3;7.0;0.45825756949558405;0.06277500951994303;7.015969015774687;7.584030984225313;3.761;3.768;0.20749602405829368;0.055170439792154656;3.632392631875153;3.8896073681248473;26.4;25.0;5.295280917949491;0.20057882264960192;23.117950883975073;29.682049116024924;0.6050028019351656;0.6055882808031001;0.012669766043793846;0.020941665068770352;0.5971499995836752;0.6128556042866561;798.9;799.5;18.849137911321037;0.023593863952085414;787.2171832848409;810.5828167151591;0.437513011157683;0.4383422022649014;0.020435505561292214;0.04670833790112611;0.42484695358638164;0.45017906872898433;11.173693889872752;9.024166338632952;3.9381721417755293;0.35245033384571967;8.732789507849246;13.614598271896257;1.9333333333333333;5.0;-4.0;0.9726724137931034
1.45;0.35;2;1000.0;1000.0;0.0;0.0;1000.0;1000.0;2158.8;2164.5;135.09981495176078;0.0625809778357239;2075.0642671638925;2242.535732836108;2.1588000000000003;2.1645000000000003;0.13509981495176077;0.0625809778357239;2.0750642671638926;2.242535732836108;41.6;40.5;12.760877712759415;0.30675186809517824;33.69072605102087;49.509273948979136;2.1588000000000003;2.1645000000000003;0.13509981495176077;0.0625809778357239;2.0750642671638926;2.242535732836108;8.0;8.0;1.0;0.125;7.380193578606997;8.619806421393003;4.3176000000000005;4.329000000000001;0.27019962990352153;0.0625809778357239;4.150128534327785;4.485071465672216;41.7;41.0;12.744018204632322;0.30561194735329306;33.80117568241957;49.59882431758044;0.6322773265893926;0.6320758172831271;0.010381256718356515;0.01641883439716985;0.625842957013226;0.6387116961655592;841.9;838.5;20.911480100652845;0.024838436988541213;828.9389303527834;854.8610696472166;0.4093209649204198;0.3981068379035122;0.0258355257517909;0.06311801243020582;0.3933079401593955;0.4253339896814441;9.54738614911471;8.060916408710494;2.9526849356431737;0.30926631535867694;7.717293065652687;11.377479232576732;2.230769230769231;3.857142857142857;-2.857142857142857;0.9677379310344828
1.45;0.45;2;1000.0;1000.0;0.0;0.0;1000.0;1000.0;2507.9;2500.0;182.46120135524703;0.07275457608168069;2394.8093757449365;2620.9906242550637;2.5079000000000002;2.5;0.18246120135524702;0.07275457608168069;2.3948093757449365;2.620990624255064;70.7;63.0;34.81967834429261;0.49249898648221513;49.11853977136858;92.28146022863143;2.5079000000000002;2.5;0.18246120135524702;0.07275457608168069;2.3948093757449365;2.620990624255064;8.8;9.0;0.8717797887081348;0.09906588508046986;8.259665288918065;9.340334711081937;5.0158000000000005;5.0;0.36492240271049403;0.07275457608168069;4.789618751489873;5.241981248510128;70.7;63.0;34.81967834429261;0.49249898648221513;49.11853977136858;92.28146022863143;0.6606336582717731;0.6562029251690299;0.009661494669673651;0.014624587392274648;0.6546454018352551;0.6666219147082911;880.9;879.0;20.935376758014172;0.0237658948325737;867.924119051101;893.875880948899;0.36242804916252636;0.3645176934579386;0.04571624545689661;0.12613881724257972;0.33409282666636314;0.39076327165868957;7.84568663178312;6.888877534701729;2.45422245802398;0.3128116853510117;6.324543792772939;9.3668294707933;2.6363636363636362;3.2222222222222223;-2.2222222222222223;0.9512724137931036
1.45;0.55;2;1000.0;1000.0;0.0;0.0;1000.0;1000.0;2975.0;2953.0;258.42755271061947;0.08686640427247713;2814.8249433650794;3135.1750566349206;2.975;2.9530000000000003;0.2584275527106194;0.0868664042724771;2.8148249433650796;3.1351750566349206;122.5;97.0;74.25395612356287;0.6061547438658194;76.47692118078149;168.5230788192185;2.975;2.9530000000000003;0.2584275527106194;0.0868664042724771;2.8148249433650796;3.1351750566349206;9.5;9.5;1.284523257866513;0.13521297451226452;8.703844236345676;10.296155763654324;5.95;5.906000000000001;0.5168551054212388;0.0868664042724771;5.629649886730159;6.270350113269841;122.6;97.5;74.19865227886555;0.6052092355535527;76.6111988588526;168.58880114114737;0.688914696916803;0.6890931021196343;0.011945184142087704;0.01733913385147344;0.6815109950808151;0.6963183987527908;919.0;915.5;18.7669923003128;0.020421101523735365;907.368097662033;930.631902337967;0.3021799341764801;0.31679581182741035;0.06800976123875946;0.22506378997038295;0.2600270474432921;0.3443328209096681;5.9672912632498045;5.439619884347103;1.5543125772658097;0.26047204815327324;5.003918347008549;6.93066417949106;3.2222222222222223;2.8181818181818183;-1.8181818181818181;0.9232758620689655
1.45;0.65;2;1000.0;1000.0;0.0;0.0;1000.0;1000.0;3600.9;3585.5;388.19001790360346;0.10780360962637214;3360.2973341826823;3841.502665817318;3.6009;3.5854999999999997;0.3881900179036036;0.10780360962637217;3.360297334182682;3.8415026658173184;215.1;173.0;146.5499573524332;0.681310819862544;124.26739537809125;305.93260462190875;3.6009;3.5854999999999997;0.3881900179036036;0.10780360962637217;3.360297334182682;3.8415026658173184;10.7;10.5;1.004987562112089;0.09392407122542888;10.077102255582828;11.32289774441717;7.2018;7.170999999999999;0.7763800358072072;0.10780360962637217;6.720594668365364;7.683005331634637;215.1;173.0;146.5499573524332;0.681310819862544;124.26739537809125;305.93260462190875;0.7200196127381457;0.7174706748974965;0.018498006428809933;0.025690975775596304;0.7085544295706003;0.7314847959056912;954.0;952.0;17.838161340227867;0.018698282327282878;942.9437930554824;965.0562069445176;0.2397106490630791;0.2593838492468782;0.07853636794488933;0.32762986647382;0.19103330389795314;0.28838799422820505;4.67677047962552;4.495155146565734;1.2608464792220404;0.2695976817153959;3.8952897354129408;5.458251223838099;4.142857142857143;2.5384615384615383;-1.5384615384615383;0.8691827586206896
1.45;0.75;2;1000.0;1000.0;0.0;0.0;1000.0;1000.0;4499.0;4467.0;591.4228605659406;0.13145651490685498;4132.432313262611;4865.567686737389;4.499;4.4670000000000005;0.5914228605659406;0.131456514906855;4.132432313262611;4.865567686737388;372.5;296.0;264.0383494873425;0.7088277838586375;208.8473354937354;536.1526645062646;4.499;4.4670000000000005;0.5914228605659406;0.131456514906855;4.132432313262611;4.865567686737388;12.0;12.0;0.8944271909999159;0.07453559924999299;11.445628283549746;12.554371716450254;8.998;8.934000000000001;1.1828457211318812;0.131456514906855;8.264864626525222;9.731135373474777;372.5;296.0;264.0383494873425;0.7088277838586375;208.8473354937354;536.1526645062646;0.7536360463384824;0.7476036887915052;0.02464395153288024;0.03270007008371232;0.7383615669299053;0.7689105257470594;980.8;982.0;12.064824905484539;0.012301004185852915;973.3221440505985;988.2778559494014;0.18192375457604315;0.1873270969945824;0.07643909631667398;0.4201710573465701;0.13454631183349042;0.22930119731859588;3.6919730144498857;3.585520419396798;1.0820339974663582;0.2930774394155707;3.0213213946546973;4.3626246342450745;5.8;2.333333333333333;-1.3333333333333333;0.7756896551724137
1.45;0.85;2;1000.0;1000.0;0.0;0.0;1000.0;1000.0;5666.3;5752.5;806.8630676886878;0.14239681409185673;5166.201089461695;6166.398910538305;5.6663;5.7524999999999995;0.8068630676886878;0.14239681409185673;5.166201089461694;6.166398910538305;543.1;518.5;301.4287477995422;0.5550151865209761;356.27252652139197;729.9274734786081;5.6663;5.7524999999999995;0.8068630676886878;0.14239681409185673;5.166201089461694;6.166398910538305;13.5;14.0;1.2041594578792296;0.08919699687994294;12.753654235625337;14.246345764374663;11.3326;11.504999999999999;1.6137261353773755;0.14239681409185673;10.332402178923388;12.33279782107661;543.1;518.5;301.4287477995422;0.5550151865209761;356.27252652139197;729.9274734786081;0.7740675548999638;0.7735713098337742;0.027253005588332994;0.03520752861403036;0.7571759670340557;0.790959142765872;993.9;995.5;5.5578772926361015;0.005591988422010365;990.4551919647098;997.3448080352902;0.14186882892749791;0.12547649136931088;0.064484990246728;0.45453952594253855;0.10190061788911077;0.18183703996588507;2.943213249642816;2.809728785395996;0.875988783732092;0.2976300761891449;2.4002697764174195;3.486156722868212;9.666666666666664;2.1764705882352944;-1.1764705882352942;0.5861689655172415
1.45;0.95;2;1000.0;1000.0;0.0;0.0;1000.0;1000.0;7152.6;7534.0;1046.7433496325639;0.14634445511178645;6503.821750347317;7801.378249652684;7.1526;7.534000000000001;1.0467433496325638;0.14634445511178645;6.503821750347316;7.801378249652683;710.8;819.5;301.599668434831;0.42431016943560923;523.8665888140913;897.7334111859086;7.1526;7.534000000000001;1.0467433496325638;0.14634445511178645;6.503821750347316;7.801378249652683;16.0;16.5;1.8439088914585775;0.1152443057161611;14.857133428610322;17.14286657138968;14.3052;15.068000000000001;2.0934866992651275;0.14634445511178645;13.007643500694632;15.602756499305366;710.8;819.5;301.599668434831;0.42431016943560923;523.8665888140913;897.7334111859086;0.776276603096065;0.7775555515834711;0.026477846620439734;0.03410877838496837;0.7598654637360575;0.7926877424560727;999.1;1000.0;1.6401219466856727;0.0016415993861331926;998.0834418855767;1000.1165581144234;0.11362484158746818;0.09597287088615487;0.04607886605105646;0.40553514009157093;0.08506486451851536;0.142184818656421;2.4401475359126663;2.130815815815816;0.6362048718206285;0.26072393675273187;2.045823671036729;2.834471400788604;28.999999999999975;2.052631578947368;-1.0526315789473684;0.24664137931034502
1.65;0.05;2;1000.0;1000.0;0.0;0.0;1000.0;1000.0;1708.9;1739.5;76.12154754075878;0.04454417902788857;1661.719376027865;1756.080623972135;1.7089000000000003;1.7395;0.0761215475407588;0.04454417902788858;1.6617193760278652;1.7560806239721354;15.4;15.0;3.0724582991474434;0.19951027916541839;13.495670616726192;17.304329383273807;1.7089000000000003;1.7395;0.0761215475407588;0.04454417902788858;1.6617193760278652;1.7560806239721354;7.0;7.0;0.4472135954999579;0.06388765649999399;6.722814141774873;7.277185858225127;3.4178000000000006;3.479;0.1522430950815176;0.04454417902788858;3.3234387520557305;3.5121612479442708;16.3;16.0;3.0675723300355937;0.1881946214745763;14.398698971756446;18.201301028243556;0.56582983558289;0.5662941534209673;0.012986151008191433;0.02295062966203212;0.5577809357988338;0.5738787353669462;776.3;777.0;13.733535597216035;0.017691015840803858;767.787866448416;784.8121335515839;0.4620265234211229;0.4551351052771961;0.01635292286468182;0.03539390497237025;0.4518908768210486;0.47216217002119715;12.541679383049493;11.21029944128674;4.397288640806569;0.350614021177232;9.816211646759074;15.267147119339912;1.736842105263158;21.0;-20.0;0.9839121212121213
1.65;0.15;2;1000.0;1000.0;0.0;0.0;1000.0;1000.0;1902.0;1924.5;92.42294087508793;0.04859250308890007;1844.7156677615947;1959.2843322384053;1.902;1.9245;0.09242294087508796;0.048592503088900084;1.8447156677615946;1.9592843322384053;20.5;20.0;4.031128874149275;0.19664043288533048;18.001480438339534;22.998519561660466;1.902;1.9245;0.09242294087508796;0.048592503088900084;1.8447156677615946;1.9592843322384053;7.2;7.0;0.6;0.08333333333333333;6.828116147164199;7.571883852835802;3.804;3.849;0.1848458817501759;0.048592503088900084;3.689431335523189;3.9185686644768105;21.4;20.5;3.7202150475476548;0.17384182465175957;19.09418682456709;23.70581317543291;0.5878510695622389;0.588292048988876;0.0134165920686841;0.02282311415827681;0.579535379644858;0.5961667594796197;812.0;812.5;16.186414056238647;0.019934007458421978;801.9675566286173;822.0324433713827;0.45289369648908473;0.4509067504227298;0.016687638111605153;0.036846699878957896;0.44255059122962925;0.4632368017485402;11.330788930916025;9.73177403541723;3.678549490255411;0.32465078227858424;9.050800335443766;13.610777526388285;1.9411764705882353;7.666666666666667;-6.666666666666667;0.9798181818181818
1.65;0.25;2;1000.0;1000.0;0.0;0.0;1000.0;1000.0;2144.9;2154.5;120.19438422821591;0.056037290422964195;2070.4027488399743;2219.397251160026;2.1449;2.1544999999999996;0.12019438422821584;0.05603729042296417;2.0704027488399737;2.219397251160026;29.1;28.0;5.906775770248943;0.20298198523192246;25.43894244787111;32.7610575521289;2.1449;2.1544999999999996;0.12019438422821584;0.05603729042296417;2.0704027488399737;2.219397251160026;8.0;8.0;1.0;0.125;7.380193578606997;8.619806421393003;4.2898;4.308999999999999;0.24038876845643167;0.05603729042296417;4.140805497679947;4.438794502320052;29.6;28.5;5.71314274283428;0.19301157914980674;26.058957441656485;33.14104255834352;0.6117608671013929;0.6133607498634266;0.011396762403933391;0.018629440058715783;0.6046970805803447;0.6188246536224411;844.9;848.0;16.6520269036535;0.0197088731254036;834.5789667959065;855.2210332040935;0.43777549476476507;0.4329905755771022;0.018130754343611364;0.04141564468644772;0.4265379367978957;0.44901305273163444;9.388599513486351;8.456752818721686;2.502162735928828;0.2665107540623679;7.837742982387381;10.939456044585322;2.1999999999999997;5.0;-4.0;0.9749545454545455
1.65;0.35;2;1000.0;1000.0;0.0;0.0;1000.0;1000.0;2455.4;2469.5;146.65415098114337;0.05972719352494232;2364.5028154979486;2546.2971845020516;2.4554;2.4695;0.14665415098114337;0.05972719352494232;2.3645028154979486;2.5462971845020514;48.2;46.5;16.412190591142913;0.3405018794842928;38.02761888248381;58.3723811175162;2.4554;2.4695;0.14665415098114337;0.05972719352494232;2.3645028154979486;2.5462971845020514;8.5;8.5;1.118033988749895;0.1315334104411641;7.8070353544371835;9.192964645562817;4.9108;4.939;0.29330830196228674;0.05972719352494232;4.729005630995897;5.092594369004103;48.4;47.0;16.322989922192562;0.33725185789654055;38.282906029891784;58.51709397010821;0.6368355006036354;0.6340916908646369;0.010533836008920449;0.0165409057738392;0.6303065614034057;0.643364439803865;882.4;881.0;16.566230711903057;0.01877406019027998;872.1321438264845;892.6678561735155;0.4072602642457349;0.39541621168577207;0.025956572817590826;0.0637346068260885;0.39117221373603706;0.4233483147554328;7.853876832821422;7.318666453046276;1.9619626920515092;0.24980818184625067;6.637839757754396;9.069913907888449;2.5384615384615383;3.857142857142857;-2.857142857142857;0.967278787878788
1.65;0.45;2;1000.0;1000.0;0.0;0.0;1000.0;1000.0;2855.1;2837.5;194.574638635152;0.06814985066552906;2734.5013895337097;2975.69861046629;2.8551;2.8375;0.19457463863515198;0.06814985066552905;2.73450138953371;2.9756986104662904;81.4;71.5;39.47454876246213;0.4849453164921637;56.93342119543479;105.86657880456522;2.8551;2.8375;0.19457463863515198;0.06814985066552905;2.73450138953371;2.9756986104662904;9.3;9.0;1.1874342087037917;0.12768109771008512;8.564020652463672;10.03597934753633;5.7102;5.675;0.38914927727030396;0.06814985066552905;5.46900277906742;5.951397220932581;81.4;71.5;39.47454876246213;0.4849453164921637;56.93342119543479;105.86657880456522;0.6611238376541292;0.6602140685901889;0.010393357618431685;0.015720742509165175;0.6546819678623913;0.6675657074458671;917.2;914.0;15.223665787188052;0.01659797839859142;907.7642741879599;926.6357258120402;0.35989463417869383;0.36092164643224733;0.046043781626363064;0.12793683832335645;0.3313564026614569;0.3884328656959308;6.344390470312557;5.8352143374751595;1.3662349802182259;0.21534534903097133;5.497589256441559;7.191191684183554;2.9999999999999996;3.2222222222222223;-2.2222222222222223;0.9517000000000002
1.65;0.55;2;1000.0;1000.0;0.0;0.0;1000.0;1000.0;3378.0;3372.5;278.78127627227764;0.08252850096870268;3205.2095748023057;3550.7904251976943;3.378;3.3725;0.2787812762722776;0.08252850096870266;3.2052095748023057;3.5507904251976945;138.9;118.0;82.09196062952815;0.5910148353457749;88.01887565707693;189.78112434292308;3.378;3.3725;0.2787812762722776;0.08252850096870266;3.2052095748023057;3.5507904251976945;10.3;10.0;0.9;0.08737864077669903;9.742174220746298;10.857825779253703;6.756;6.745;0.5575625525445552;0.08252850096870266;6.4104191496046115;7.101580850395389;138.9;118.0;82.09196062952815;0.5910148353457749;88.01887565707693;189.78112434292308;0.6929328104293941;0.6917319164371787;0.015732126463015115;0.022703682415133854;0.6831819374254506;0.7026836834333376;946.1;945.0;15.11588568361113;0.015977048603330653;936.7310769882553;955.4689230117448;0.30053711660493015;0.31854984884666615;0.06725964871953997;0.2237981434018876;0.25884915442792167;0.34222507878193864;5.09597241167983;4.8818797072614615;1.136097461980539;0.2229402693343933;4.391811909416;5.800132913943661;3.666666666666667;2.8181818181818183;-1.8181818181818181;0.9212727272727272
1.65;0.65;2;1000.0;1000.0;0.0;0.0;1000.0;1000.0;4094.2;4087.0;419.13095805487814;0.1023718816996918;3834.4199407929855;4353.980059207014;4.0942;4.087;0.4191309580548782;0.10237188169969182;3.8344199407929853;4.353980059207014;244.5;200.5;161.14543121044417;0.6590815182431254;144.62102695762238;344.37897304237765;4.0942;4.087;0.4191309580548782;0.10237188169969182;3.8344199407929853;4.353980059207014;11.7;12.0;1.0999999999999999;0.09401709401709402;11.018212936467696;12.381787063532302;8.1884;8.174;0.8382619161097564;0.10237188169969182;7.668839881585971;8.707960118414029;244.5;200.5;161.14543121044417;0.6590815182431254;144.62102695762238;344.37897304237765;0.7231246586651651;0.7213209022569913;0.01921965780337251;0.026578623164158974;0.7112121913416587;0.7350371259886714;971.3;972.5;11.730728877610291;0.012077348787820748;964.0292189140367;978.5707810859632;0.23887261137812046;0.26050806199169385;0.07763452623647792;0.3250038829842543;0.19075423349494794;0.28699098926129296;4.203112506646664;4.047982922824125;0.9928480946392517;0.2362173491833003;3.5877388821214486;4.81848613117188;4.714285714285714;2.5384615384615383;-1.5384615384615383;0.8684666666666666
1.65;0.75;2;1000.0;1000.0;0.0;0.0;1000.0;1000.0;5098.0;5108.0;646.17783929813;0.1267512434872754;4697.494825841163;5498.505174158837;5.098000000000001;5.1080000000000005;0.6461778392981301;0.1267512434872754;4.697494825841164;5.498505174158837;408.2;332.5;273.7728255324111;0.6706830610789101;238.5138447321055;577.8861552678945;5.098000000000001;5.1080000000000005;0.6461778392981301;0.1267512434872754;4.697494825841164;5.498505174158837;13.1;13.0;1.3;0.09923664122137406;12.294251652189097;13.905748347810903;10.196000000000002;10.216000000000001;1.2923556785962602;0.1267512434872754;9.394989651682328;10.997010348317675;408.2;332.5;273.7728255324111;0.6706830610789101;238.5138447321055;577.8861552678945;0.7540634054146013;0.7487891405471512;0.024166537315605665;0.03204841548081537;0.7390848304035552;0.7690419804256473;990.0;991.0;7.085195833567341;0.007156763468249839;985.608550125528;994.391449874472;0.18460616404223054;0.18757462530917118;0.07597803537066149;0.41156824727304736;0.1375144898346699;0.23169783824979118;3.3932708377543603;3.225465453282923;0.9417882955291953;0.27754586667548864;2.809544404592595;3.976997270916126;6.6;2.333333333333333;-1.3333333333333333;0.7724242424242426
1.65;0.85;2;1000.0;1000.0;0.0;0.0;1000.0;1000.0;6399.3;6555.0;858.5202443740043;0.13415846176519372;5867.183639641103;6931.416360358898;6.3993;6.555;0.8585202443740043;0.13415846176519375;5.867183639641103;6.931416360358898;585.3;586.0;302.2059066265913;0.516326510552864;397.9908384899446;772.6091615100553;6.3993;6.555;0.8585202443740043;0.13415846176519375;5.867183639641103;6.931416360358898;14.8;15.0;1.4000000000000001;0.0945945945945946;13.932271010049798;15.667728989950204;12.7986;13.11;1.7170404887480086;0.13415846176519375;11.734367279282205;13.862832720717796;585.3;586.0;302.2059066265913;0.516326510552864;397.9908384899446;772.6091615100553;0.7738942278363796;0.7770296430331054;0.026059042211479786;0.03367261477622664;0.7577426661383532;0.7900457895344061;997.4;998.0;2.4979991993593593;0.0025045109277715655;995.8517240556025;998.9482759443974;0.1443694265865148;0.1256582122894646;0.062363125571318206;0.43196906052644385;0.10571636089927364;0.18302249227375597;2.7400358868368087;2.591306982442338;0.7406761968110587;0.27031623942200284;2.2809600238803673;3.19911174979325;10.999999999999998;2.1764705882352944;-1.1764705882352942;0.5817545454545455
1.65;0.95;2;1000.0;1000.0;0.0;0.0;1000.0;1000.0;8050.8;8455.0;1151.9149968639178;0.1430808114552489;7336.835688044844;8764.764311955156;8.0508;8.455;1.1519149968639182;0.14308081145524892;7.336835688044844;8.764764311955158;746.6;881.5;286.9282837226055;0.3843132650985876;568.7600072694559;924.4399927305442;8.0508;8.455;1.1519149968639182;0.14308081145524892;7.336835688044844;8.764764311955158;17.6;17.5;1.7435595774162695;0.09906588508046986;16.51933057783613;18.680669422163874;16.1016;16.91;2.3038299937278364;0.14308081145524892;14.673671376089688;17.529528623910316;746.6;881.5;286.9282837226055;0.3843132650985876;568.7600072694559;924.4399927305442;0.7722135973830495;0.7748722322888572;0.026045134226732023;0.03372788865023387;0.7560706559432784;0.7883565388228206;999.9;1000.0;0.3;0.0003000300030003;999.7140580735821;1000.0859419264178;0.11837880520201782;0.10575232150206454;0.04417995821499344;0.3732083470482634;0.09099578340349036;0.14576182700054527;2.3291255255255257;2.0454554554554556;0.52856545008888;0.2269372965502229;2.0015172654339555;2.656733785617096;32.99999999999997;2.052631578947368;-1.0526315789473684;0.2439636363636366
1.85;0.05;2;1000.0;1000.0;0.0;0.0;1000.0;1000.0;1912.7;1938.0;78.78331041534113;0.04118958039177139;1863.8695983059733;1961.5304016940268;1.9126999999999998;1.938;0.07878331041534112;0.04118958039177138;1.8638695983059732;1.9615304016940265;16.7;16.5;3.2572994949804666;0.19504787395092615;14.681104856610922;18.718895143389076;1.9126999999999998;1.938;0.07878331041534112;0.04118958039177138;1.8638695983059732;1.9615304016940265;7.3;7.0;0.45825756949558405;0.06277500951994303;7.015969015774687;7.584030984225313;3.8253999999999997;3.876;0.15756662083068224;0.04118958039177138;3.7277391966119464;3.923060803388053;17.7;17.0;3.287856444554719;0.18575460138727226;15.66216546304662;19.73783453695338;0.5724718724064035;0.5774072337788965;0.014329109989580587;0.025030242847299593;0.5635905980220148;0.5813531467907922;817.0;816.5;13.319159132617944;0.016302520358161498;808.7446996420482;825.2553003579518;0.46340957960388557;0.4616805291459656;0.013749299581104274;0.029669864815606392;0.45488767543386105;0.4719314837739101;10.96574711079172;9.81791677974817;2.829683102185085;0.2580474520883588;9.211891353550133;12.719602868033306;1.9473684210526319;21.0;-20.0;0.9821972972972971
1.85;0.15;2;1000.0;1000.0;0.0;0.0;1000.0;1000.0;2135.5;2143.0;101.85111683236468;0.04769427152065778;2072.3720237612515;2198.6279762387485;2.1355;2.143;0.10185111683236471;0.04769427152065779;2.0723720237612513;2.1986279762387486;22.3;21.5;4.313930922024598;0.1934498171311479;19.62619791308332;24.97380208691668;2.1355;2.143;0.10185111683236471;0.04769427152065779;2.0723720237612513;2.1986279762387486;7.8;7.5;0.8717797887081347;0.11176663957796598;7.259665288918063;8.340334711081937;4.271;4.286;0.20370223366472942;0.04769427152065779;4.144744047522503;4.397255952477497;22.8;22.0;4.069397989875161;0.17848236797698072;20.2777609946716;25.322239005328402;0.5934379145295553;0.5942915687408346;0.012840236042574135;0.021637033509652247;0.585479453778166;0.6013963752809446;850.7;853.5;12.215154522149934;0.014358945012519024;843.1289687888637;858.2710312111363;0.4538709711996449;0.4564560940655332;0.01700868884564635;0.03747472282858273;0.4433288766336378;0.46441306576565206;9.461202422607089;8.593847504518758;2.037279695311904;0.21532989194311306;8.198483385279191;10.723921459934987;2.1764705882352944;7.666666666666667;-6.666666666666667;0.9811756756756755
1.85;0.25;2;1000.0;1000.0;0.0;0.0;1000.0;1000.0;2409.4;2417.0;125.61464882727651;0.05213524065214431;2331.543234035827;2487.256765964173;2.4093999999999998;2.417;0.1256146488272765;0.05213524065214431;2.3315432340358266;2.487256765964173;32.3;31.5;5.9;0.18266253869969043;28.643142113781284;35.956857886218714;2.4093999999999998;2.417;0.1256146488272765;0.05213524065214431;2.3315432340358266;2.487256765964173;8.3;8.5;1.2688577540449522;0.152874428198187;7.513553816208637;9.086446183791365;4.8187999999999995;4.834;0.251229297654553;0.05213524065214431;4.663086468071653;4.974513531928346;32.9;33.0;6.0074953183502355;0.18259864189514394;29.176515825198123;36.623484174801874;0.6128325484523669;0.6159983707124527;0.010140322095715755;0.016546644138474512;0.6065475117024489;0.6191175852022849;882.8;881.0;12.967652061957862;0.014689229793790058;874.7625659816083;890.8374340183916;0.4383656136987867;0.43289788182686884;0.01931802495901562;0.044068294490565534;0.4263921777805585;0.4503390496170149;8.159029965657771;7.777880917455852;1.8015869564541316;0.22080896430546323;7.042394801349625;9.275665129965917;2.466666666666667;5.0;-4.0;0.9767837837837836
1.85;0.35;2;1000.0;1000.0;0.0;0.0;1000.0;1000.0;2753.2;2760.5;155.9690995037158;0.05665011604813156;2656.5293505887125;2849.870649411287;2.7532000000000005;2.7605;0.15596909950371568;0.0566501160481315;2.6565293505887135;2.8498706494112875;53.4;52.0;19.163506985935534;0.35886717202126467;41.522335313707494;65.2776646862925;2.7532000000000005;2.7605;0.15596909950371568;0.0566501160481315;2.6565293505887135;2.8498706494112875;9.4;9.0;1.3564659966250536;0.14430489325798443;8.559253664890534;10.240746335109467;5.506400000000001;5.521;0.31193819900743136;0.0566501160481315;5.313058701177427;5.699741298822575;53.7;52.5;18.994999341932076;0.35372438253132354;41.92677743351465;65.47322256648536;0.6395485141375834;0.6382674979871996;0.012744956456008878;0.01992805264069007;0.6316491082857749;0.6474479199893919;913.0;912.0;11.823705003085962;0.012950388831419454;905.6715917144307;920.3284082855693;0.407976684166226;0.39548165839406657;0.02785184138129249;0.06826821841109071;0.3907139340304816;0.4252394343019704;6.799485082092081;6.451090815465761;1.2948353793134988;0.1904313876242965;5.996937799346731;7.602032364837432;2.8461538461538463;3.857142857142857;-2.857142857142857;0.9673405405405406
1.85;0.45;2;1000.0;1000.0;0.0;0.0;1000.0;1000.0;3191.5;3193.0;210.7426155289907;0.06603246609086345;3060.880373633975;3322.119626366025;3.1915;3.193;0.21074261552899076;0.06603246609086347;3.060880373633975;3.322119626366025;90.4;76.5;43.21851455105786;0.47808091317541873;63.612887158187434;117.18711284181258;3.1915;3.193;0.21074261552899076;0.06603246609086347;3.060880373633975;3.322119626366025;10.1;9.5;1.3;0.12871287128712872;9.294251652189097;10.905748347810903;6.383;6.386;0.4214852310579815;0.06603246609086347;6.12176074726795;6.64423925273205;90.6;77.0;43.262454854064856;0.47751053922808895;63.78565267622574;117.41434732377425;0.6654982927679097;0.664852096519768;0.011531732285251443;0.01732796674397044;0.6583508510477258;0.6726457344880936;939.7;937.5;9.879777325425913;0.010513756864345974;933.5764505717681;945.823549428232;0.35961138476185334;0.36003804557352437;0.04905394367261321;0.13640820549966284;0.329207435478917;0.39001533404478966;5.7712527612462585;5.397470497866494;1.20251573326998;0.2083630336458017;5.02592578793941;6.516579734553107;3.3636363636363633;3.2222222222222223;-2.2222222222222223;0.9488243243243244
1.85;0.55;2;1000.0;1000.0;0.0;0.0;1000.0;1000.0;3776.0;3784.5;309.1365394126032;0.08186878692071059;3584.3951877848576;3967.6048122151424;3.7760000000000007;3.7845;0.3091365394126033;0.0818687869207106;3.584395187784858;3.9676048122151433;155.4;132.0;93.16887892424164;0.5995423354198304;97.65333056876788;213.1466694312321;3.7760000000000007;3.7845;0.3091365394126033;0.0818687869207106;3.584395187784858;3.9676048122151433;11.2;11.0;1.32664991614216;0.11845088536983574;10.377733863034601;12.022266136965397;7.552000000000001;7.569;0.6182730788252065;0.0818687869207106;7.168790375569716;7.9352096244302865;155.4;132.0;93.16887892424164;0.5995423354198304;97.65333056876788;213.1466694312321;0.6935347480584724;0.693594331621509;0.016932572932854717;0.02441488761775368;0.6830398306239837;0.7040296654929611;963.3;964.5;10.392785959500946;0.010788732440050812;956.8584845261382;969.7415154738617;0.30112864513890913;0.31701571809336837;0.06875677275212934;0.22833022982722945;0.25851275587288;0.3437445344049383;4.697483398644843;4.520636343677928;1.018753701669195;0.21687223034425004;4.066053312532386;5.328913484757301;4.111111111111112;2.8181818181818183;-1.8181818181818181;0.9184864864864866
1.85;0.65;2;1000.0;1000.0;0.0;0.0;1000.0;1000.0;4579.7;4573.0;463.71824419576166;0.10125515736746112;4292.284454530379;4867.115545469621;4.5797;4.573;0.4637182441957617;0.10125515736746112;4.292284454530378;4.8671155454696216;273.2;222.5;179.55990643793507;0.6572470953072295;161.90761696504114;384.49238303495883;4.5797;4.573;0.4637182441957617;0.10125515736746112;4.292284454530378;4.8671155454696216;12.5;12.5;1.4317821063276353;0.11454256850621082;11.612572256462533;13.387427743537467;9.1594;9.146;0.9274364883915234;0.10125515736746112;8.584568909060756;9.734231090939243;273.2;222.5;179.55990643793507;0.6572470953072295;161.90761696504114;384.49238303495883;0.7232678978668872;0.7189604387872224;0.01983387169183835;0.02742257986333115;0.7109747368312008;0.7355610589025735;983.2;985.5;8.657944328765346;0.008805883165953363;977.8337505089681;988.566249491032;0.2384443410331416;0.25952398716467706;0.07833281064657105;0.3285161237510078;0.18989316198863473;0.2869955200776485;3.8792108951493782;3.7342842842842843;0.882571963661936;0.22751327203311295;3.332187124730279;4.426234665568478;5.2857142857142865;2.5384615384615383;-1.5384615384615383;0.8664297297297295
1.85;0.75;2;1000.0;1000.0;0.0;0.0;1000.0;1000.0;5711.9;5744.5;699.4622863314361;0.12245702591632139;5278.368783409544;6145.431216590455;5.711900000000001;5.7445;0.6994622863314363;0.12245702591632139;5.278368783409546;6.145431216590456;444.0;380.5;280.92276518644763;0.6327089306001072;269.88226622196123;618.1177337780388;5.711900000000001;5.7445;0.6994622863314363;0.12245702591632139;5.278368783409546;6.145431216590456;13.9;14.0;1.8138357147217055;0.13049177803753276;12.775772976663522;15.02422702333648;11.423800000000002;11.489;1.3989245726628725;0.12245702591632139;10.556737566819091;12.290862433180912;444.0;380.5;280.92276518644763;0.6327089306001072;269.88226622196123;618.1177337780388;0.7530876628351238;0.7510357857982646;0.024841745551928918;0.03298652570991275;0.7376905894234272;0.7684847362468205;994.3;996.0;5.060632371551998;0.005089643338581916;991.1633875598027;997.4366124401972;0.18686594343567817;0.18582091964445752;0.07557393465262655;0.40442861477666814;0.1400247334480451;0.23370715342331122;3.1408602377222876;3.024631778201505;0.8038782984173275;0.255942078785489;2.642611306344748;3.6391091690998274;7.4;2.333333333333333;-1.3333333333333333;0.7718783783783785
1.85;0.85;2;1000.0;1000.0;0.0;0.0;1000.0;1000.0;7114.5;7320.0;928.7073004989247;0.13053725497208865;6538.881251556206;7690.118748443794;7.1145;7.32;0.9287073004989248;0.13053725497208868;6.538881251556205;7.690118748443794;620.0;647.0;302.6149368421856;0.4880886078099768;432.4373189357755;807.5626810642245;7.1145;7.32;0.9287073004989248;0.13053725497208868;6.538881251556205;7.690118748443794;16.0;16.0;1.7320508075688772;0.10825317547305482;14.926463787289874;17.073536212710124;14.229;14.64;1.8574146009978496;0.13053725497208868;13.07776250311241;15.380237496887588;620.0;647.0;302.6149368421856;0.4880886078099768;432.4373189357755;807.5626810642245;0.7719168210980996;0.7789812905721898;0.02416689678427209;0.03130764367836055;0.7569380232860659;0.7868956189101333;998.6;999.0;1.7435595774162693;0.0017460039829924588;997.5193305778362;999.6806694221639;0.14793967830841956;0.12685301133837562;0.06046839047426894;0.4087367984416359;0.11046098160116821;0.1854183750156709;2.5952479642920436;2.4215375375375374;0.6449422906282813;0.24850892843459557;2.195508591132723;2.9949873374513643;12.333333333333332;2.1764705882352944;-1.1764705882352942;0.5768513513513513
1.85;0.95;2;1000.0;1000.0;0.0;0.0;1000.0;1000.0;8958.1;9325.5;1267.7065472734612;0.14151511450792703;8172.367341557958;9743.832658442043;8.958099999999998;9.3255;1.2677065472734608;0.14151511450792703;8.172367341557955;9.743832658442042;773.7;919.5;272.92088597247374;0.3527476876986865;604.5418823419934;942.8581176580067;8.958099999999998;9.3255;1.2677065472734608;0.14151511450792703;8.172367341557955;9.743832658442042;19.0;18.5;2.3664319132398464;0.12454904806525507;17.533270304384615;20.466729695615385;17.916199999999996;18.651;2.5354130945469215;0.14151511450792703;16.34473468311591;19.487665316884083;773.7;919.5;272.92088597247374;0.3527476876986865;604.5418823419934;942.8581176580067;0.7682986636700733;0.773514042862611;0.025612248747551577;0.03333631822969058;0.7524240274300259;0.7841732999101206;999.9;1000.0;0.3;0.0003000300030003;999.7140580735821;1000.0859419264178;0.12293822449245106;0.11375640325057225;0.04026217369959315;0.32749922870462006;0.09798347069420278;0.14789297829069936;2.24622962962963;2.0071371371371374;0.43086851644148066;0.19181855263503247;1.9791745563631236;2.513284702896136;36.99999999999997;2.052631578947368;-1.0526315789473684;0.24211081081081096
2.05;0.05;2;1000.0;1000.0;0.0;0.0;1000.0;1000.0;2121.1;2133.5;82.95233571153979;0.039108168267191455;2069.6856096564393;2172.5143903435605;2.1210999999999998;2.1334999999999997;0.08295233571153979;0.039108168267191455;2.0696856096564393;2.17251439034356;18.1;17.5;3.176476034853718;0.17549591352782973;16.131199756196686;20.068800243803317;2.1210999999999998;2.1334999999999997;0.08295233571153979;0.039108168267191455;2.0696856096564393;2.17251439034356;7.9;8.0;0.9433981132056604;0.1194174826842608;7.31527579150509;8.484724208494912;4.2421999999999995;4.2669999999999995;0.16590467142307957;0.039108168267191455;4.139371219312879;4.34502878068712;19.3;19.0;3.348133808556641;0.1734784356765099;17.224805165773585;21.375194834226416;0.5736688221646744;0.5744368469150504;0.011125707320837784;0.0193939549980356;0.56677303732468;0.5805646070046688;858.5;859.5;7.459892760623306;0.008689449925012587;853.8763105640625;863.1236894359375;0.4618735299626329;0.4624941700560058;0.012468831325957387;0.02699620246037082;0.4541452682395383;0.4696017916857275;9.74657056596491;8.926265150214894;2.081559162082484;0.21356836725230333;8.45640683079675;11.036734301133071;2.1578947368421053;21.0;-20.0;0.9829487804878048
2.05;0.15;2;1000.0;1000.0;0.0;0.0;1000.0;1000.0;2367.7;2360.0;111.79628795268651;0.047217252165682524;2298.4079428390237;2436.992057160976;2.3677;2.3600000000000003;0.11179628795268655;0.04721725216568254;2.298407942839024;2.4369920571609764;24.4;23.5;4.17612260356422;0.1711525657198451;21.811612393786433;26.988387606213564;2.3677;2.3600000000000003;0.11179628795268655;0.04721725216568254;2.298407942839024;2.4369920571609764;8.4;8.5;1.4966629547095764;0.17817416127494956;7.4723586900099805;9.32764130999002;4.7354;4.720000000000001;0.2235925759053731;0.04721725216568254;4.596815885678048;4.873984114321953;25.2;24.0;3.893584466786357;0.15450732011056972;22.786731345249766;27.613268654750232;0.5950326463333278;0.5994012758038256;0.010062383607531516;0.016910641238824953;0.5887959163588601;0.6012693763077954;885.5;885.0;8.00312438988674;0.009037972207664302;880.5396121119412;890.4603878880588;0.4545545430964578;0.4562435413734174;0.015666418186087067;0.03446543087957347;0.4448443965044929;0.4642646896884227;8.326364382707563;8.079512651006617;1.4818757609106645;0.17797392628987838;7.407888270388492;9.244840495026635;2.411764705882353;7.666666666666667;-6.666666666666667;0.981729268292683
2.05;0.25;2;1000.0;1000.0;0.0;0.0;1000.0;1000.0;2671.0;2676.5;132.86910852414115;0.04974507994164776;2588.6468733319734;2753.3531266680266;2.6710000000000003;2.6765;0.13286910852414113;0.049745079941647743;2.588646873331974;2.7533531266680265;36.2;36.0;6.3999999999999995;0.1767955801104972;32.23323890308479;40.16676109691522;2.6710000000000003;2.6765;0.13286910852414113;0.049745079941647743;2.588646873331974;2.7533531266680265;9.3;9.0;1.345362404707371;0.1446626241620829;8.466135742461642;10.13386425753836;5.3420000000000005;5.353;0.26573821704828227;0.049745079941647743;5.177293746663948;5.506706253336053;36.5;36.5;6.34428877022476;0.1738161306910893;32.56776908104318;40.43223091895682;0.6181724572533773;0.6191689454769462;0.010649716192069498;0.017227742949576897;0.6115716947715196;0.624773219735235;912.1;912.5;8.537564055396597;0.009360337743006904;906.8083629754111;917.3916370245889;0.4377311994046405;0.4321937403455625;0.017989450130132985;0.041097025194001456;0.4265812226966549;0.4488811761126261;7.2928917917191995;7.085418835041638;1.2552363578948016;0.17211778177211878;6.5148882367300365;8.070895346708362;2.733333333333333;5.0;-4.0;0.9771951219512197
2.05;0.35;2;1000.0;1000.0;0.0;0.0;1000.0;1000.0;3039.2;3044.0;170.34247855423496;0.05604845964537871;2933.6206379560854;3144.7793620439143;3.0392;3.044;0.1703424785542349;0.05604845964537868;2.9336206379560856;3.1447793620439146;59.0;57.0;21.461593603458248;0.36375582378742793;45.69796647124959;72.3020335287504;3.0392;3.044;0.1703424785542349;0.05604845964537868;2.9336206379560856;3.1447793620439146;10.0;10.0;1.3416407864998738;0.1341640786499874;9.16844242532462;10.83155757467538;6.0784;6.088;0.3406849571084698;0.05604845964537868;5.867241275912171;6.289558724087829;59.2;57.5;21.362584113351083;0.3608544613741737;45.959333188996865;72.44066681100314;0.640708415332682;0.6409567325607821;0.01095657522159977;0.017100720014596137;0.6339174596538589;0.647499371011505;936.2;935.0;8.435638683585257;0.00901050916853798;930.9715369753627;941.4284630246374;0.40727760211388214;0.3957723013467742;0.027471078188419474;0.06745050070477007;0.3902508514501105;0.42430435277765377;6.216736315853725;6.011382611434799;1.056838437275101;0.16999891640570067;5.561701066055672;6.871771565651779;3.1538461538461533;3.857142857142857;-2.857142857142857;0.9636487804878051
2.05;0.45;2;1000.0;1000.0;0.0;0.0;1000.0;1000.0;3533.6;3535.5;230.55463560726773;0.06524638770864494;3390.7007563686916;3676.499243631308;3.5336;3.5355;0.2305546356072678;0.06524638770864495;3.3907007563686915;3.676499243631308;100.0;84.0;48.90194270169642;0.4890194270169642;69.6902618948959;130.3097381051041;3.5336;3.5355;0.2305546356072678;0.06524638770864495;3.3907007563686915;3.676499243631308;10.7;10.0;1.345362404707371;0.12573480417825897;9.86613574246164;11.533864257538358;7.0672;7.071;0.4611092712145356;0.06524638770864495;6.781401512737383;7.352998487262616;100.2;84.0;48.9403718825266;0.4884268650950758;69.86644324184849;130.53355675815152;0.6666078725931894;0.6674014749237436;0.014568660884544414;0.02185491873636366;0.6575781230258517;0.6756376221605271;956.3;956.5;8.01311425102625;0.008379289188566612;951.3334203318581;961.2665796681418;0.35814183231927904;0.36003871423992756;0.04858058832049448;0.13564622709917193;0.3280312717231867;0.3882523929153714;5.211080323768919;5.03397360625636;0.864600977586993;0.16591587998430035;4.675195085917833;5.746965561620005;3.7272727272727266;3.2222222222222223;-2.2222222222222223;0.948039024390244
2.05;0.55;2;1000.0;1000.0;0.0;0.0;1000.0;1000.0;4184.8;4204.0;337.3063296174562;0.08060273600111263;3975.7353709265963;4393.864629073404;4.184800000000001;4.204000000000001;0.3373063296174561;0.0806027360011126;3.9757353709265972;4.393864629073405;171.8;146.0;101.16007117435217;0.5888246284886621;109.10033829756338;234.49966170243664;4.184800000000001;4.204000000000001;0.3373063296174561;0.0806027360011126;3.9757353709265972;4.393864629073405;11.6;11.5;1.2;0.10344827586206896;10.856232294328397;12.343767705671603;8.369600000000002;8.408000000000001;0.6746126592349122;0.0806027360011126;7.9514707418531945;8.78772925814681;171.8;146.0;101.16007117435217;0.5888246284886621;109.10033829756338;234.49966170243664;0.6938856495147627;0.6917475503045729;0.01700540772444256;0.024507507449295887;0.6833455886087471;0.7044257104207784;976.8;980.0;8.37615663654877;0.008575098931765734;971.6084043300734;981.9915956699265;0.30202322803258186;0.31680873614801386;0.06919212789601643;0.22909538563223383;0.259137502852785;0.34490895321237874;4.351615298331275;4.203654145499078;0.8141827148311888;0.18709896418081937;3.8469796234917166;4.856250973170834;4.555555555555555;2.8181818181818183;-1.8181818181818181;0.9186146341463417
2.05;0.65;2;1000.0;1000.0;0.0;0.0;1000.0;1000.0;5085.1;5071.5;503.17997774156316;0.09895183531131406;4773.2258186793915;5396.974181320609;5.0851;5.0715;0.5031799777415632;0.09895183531131407;4.773225818679391;5.3969741813206085;297.6;243.5;190.8047169228266;0.6411448821331539;179.33801121915803;415.861988780842;5.0851;5.0715;0.5031799777415632;0.09895183531131407;4.773225818679391;5.3969741813206085;13.1;13.5;1.445683229480096;0.11035749843359513;12.203956251068062;13.996043748931937;10.1702;10.143;1.0063599554831264;0.09895183531131407;9.546451637358782;10.793948362641217;297.6;243.5;190.8047169228266;0.6411448821331539;179.33801121915803;415.861988780842;0.7257001101131569;0.7228902625274335;0.017576100505536093;0.02421950921682441;0.7148063301567769;0.736593890069537;989.8;992.5;6.337191807101944;0.006402497279351328;985.872167824359;993.7278321756409;0.24070508348371372;0.25998532889864023;0.07745199869213586;0.32177134596069434;0.1926998373446055;0.28871032962282195;3.6262672106979514;3.524794794794795;0.7530159099675041;0.20765593548815459;3.1595431142889976;4.092991307106906;5.857142857142857;2.5384615384615383;-1.5384615384615383;0.8681878048780488
2.05;0.75;2;1000.0;1000.0;0.0;0.0;1000.0;1000.0;6286.8;6327.0;760.5526674728056;0.12097611940459464;5815.404572892779;6758.195427107222;6.286800000000001;6.327;0.7605526674728055;0.1209761194045946;5.8154045728927795;6.758195427107223;471.0;416.0;281.5570990048022;0.5977857728339749;296.4891020480383;645.5108979519616;6.286800000000001;6.327;0.7605526674728055;0.1209761194045946;5.8154045728927795;6.758195427107223;14.5;15.0;1.6278820596099706;0.11226772824896349;13.491028246183275;15.508971753816725;12.573600000000003;12.654;1.521105334945611;0.1209761194045946;11.630809145785559;13.516390854214446;471.0;416.0;281.5570990048022;0.5977857728339749;296.4891020480383;645.5108979519616;0.7540264883899723;0.752227788671138;0.022819402051894668;0.030263395786823848;0.7398828764658594;0.7681701003140853;997.0;997.5;2.569046515733026;0.0025767768462718415;995.4076884726913;998.5923115273087;0.18941584528291905;0.18632868521746376;0.07281350646168974;0.3844108519692879;0.1442855664138229;0.2345461241520152;2.9574530048155396;2.873492417198639;0.6970197734640108;0.23568245119333175;2.52543567338465;3.389470336246429;8.2;2.333333333333333;-1.3333333333333333;0.7666829268292685
2.05;0.85;2;1000.0;1000.0;0.0;0.0;1000.0;1000.0;7829.3;8061.0;1000.8940053771928;0.1278395265703438;7208.939468333454;8449.660531666546;7.829300000000001;8.061;1.0008940053771929;0.1278395265703438;7.208939468333455;8.449660531666547;653.8;708.0;299.89224731559835;0.4586911093845188;467.92485938781374;839.6751406121862;7.829300000000001;8.061;1.0008940053771929;0.1278395265703438;7.208939468333455;8.449660531666547;17.1;17.0;1.374772708486752;0.08039606482378667;16.247907047324063;17.95209295267594;15.658600000000002;16.122;2.0017880107543857;0.1278395265703438;14.41787893666691;16.899321063333094;653.8;708.0;299.89224731559835;0.4586911093845188;467.92485938781374;839.6751406121862;0.7711291979902256;0.7796404360885978;0.02374234717026878;0.030789065220390894;0.756413538755151;0.7858448572253002;999.5;1000.0;0.9219544457292888;0.0009224156535560668;998.9285667143051;1000.0714332856949;0.1510281398205168;0.13006252151974101;0.058217142727766444;0.3854721563607432;0.11494478092269422;0.18711149871833938;2.476298943076465;2.299978978978979;0.5503173035167889;0.22223379170573582;2.1352087445530774;2.817389141599852;13.666666666666664;2.1764705882352944;-1.1764705882352942;0.5728756097560977
2.05;0.95;2;1000.0;1000.0;0.0;0.0;1000.0;1000.0;9848.8;10234.5;1382.0261792021163;0.14032432166376782;8992.211299597291;10705.388700402707;9.8488;10.2345;1.3820261792021162;0.1403243216637678;8.992211299597294;10.705388700402708;801.7;950.5;257.220158619032;0.32084340603596356;642.2732939761975;961.1267060238026;9.8488;10.2345;1.3820261792021162;0.1403243216637678;8.992211299597294;10.705388700402708;21.0;21.0;2.6832815729997477;0.12777531299998798;19.33688485064924;22.66311514935076;19.6976;20.469;2.7640523584042325;0.1403243216637678;17.984422599194588;21.410777400805415;801.7;950.5;257.220158619032;0.32084340603596356;642.2732939761975;961.1267060238026;0.7685482399554011;0.7757517548014373;0.025551795361976014;0.03324683348888911;0.7527110731119284;0.7843854067988738;1000.0;1000.0;0.0;0.0;1000.0;1000.0;0.12777362685239746;0.11773305220808128;0.03768858647739891;0.2949637370858722;0.10441399894048015;0.15113325476431477;2.1903681681681677;1.9883263263263262;0.3668167228387498;0.16746806686180213;1.9630128078783735;2.417723528457962;40.99999999999996;2.052631578947368;-1.0526315789473684;0.24021463414634173
2.25;0.05;2;1000.0;1000.0;0.0;0.0;1000.0;1000.0;2335.7;2342.5;93.84034313662754;0.040176539425708584;2277.5371527381953;2393.8628472618043;2.3357;2.3425000000000002;0.09384034313662762;0.04017653942570862;2.2775371527381956;2.3938628472618046;19.1;18.5;3.144837038703278;0.16465115385881035;17.150809809177154;21.04919019082285;2.3357;2.3425000000000002;0.09384034313662762;0.04017653942570862;2.2775371527381956;2.3938628472618046;8.3;8.0;1.2688577540449522;0.152874428198187;7.513553816208637;9.086446183791365;4.6714;4.6850000000000005;0.18768068627325524;0.04017653942570862;4.555074305476391;4.787725694523609;20.3;20.0;2.830194339616981;0.13941844037522072;18.54582737451527;22.054172625484732;0.5794267533084485;0.5811261145177509;0.011281755377198839;0.019470546212755176;0.5724342488810756;0.5864192577358214;886.2;885.5;8.611620056644394;0.009717467904134951;880.8624625902951;891.537537409705;0.4624300240507434;0.4620053720118184;0.012653917869212132;0.02736396256966133;0.45458704449962606;0.47027300360186075;8.612689987031422;8.385631082251102;1.3240260182380745;0.15372967333454818;7.792050158836054;9.433329815226788;2.368421052631579;21.0;-20.0;0.9861844444444444
2.25;0.15;2;1000.0;1000.0;0.0;0.0;1000.0;1000.0;2596.2;2604.0;116.13939899965042;0.04473438063309854;2524.2160547232925;2668.183945276707;2.5961999999999996;2.604;0.11613939899965037;0.04473438063309852;2.524216054723292;2.668183945276707;26.3;25.5;3.925557285278104;0.14926073328053627;23.86691438703855;28.733085612961453;2.5961999999999996;2.604;0.11613939899965037;0.04473438063309852;2.524216054723292;2.668183945276707;9.0;9.0;1.5491933384829668;0.17213259316477408;8.039800020828995;9.960199979171005;5.192399999999999;5.208;0.23227879799930073;0.04473438063309852;5.048432109446584;5.336367890553414;26.9;27.0;3.9357337308308855;0.14630980412010727;24.460606960737977;29.33939303926202;0.5963352846188512;0.594523804358907;0.013424794733645527;0.02251215898154678;0.5880145106370548;0.6046560586006476;911.1;910.5;8.215229759416347;0.009016825550890515;906.0081478418949;916.1918521581051;0.4549338052725741;0.45249885795965283;0.015833562855680126;0.03480410264564408;0.44512006134109383;0.46474754920405437;7.640896234072779;7.489037478579234;1.1059494899180746;0.14474080736581046;6.955421638485241;8.326370829660316;2.6470588235294117;7.666666666666667;-6.666666666666667;0.9807866666666666
2.25;0.25;2;1000.0;1000.0;0.0;0.0;1000.0;1000.0;2924.0;2932.0;142.7438264864719;0.04881799811438848;2835.5264597294763;3012.4735402705237;2.9240000000000004;2.932;0.1427438264864719;0.04881799811438847;2.8355264597294765;3.0124735402705243;39.9;39.5;8.360023923410745;0.20952440910803874;34.7184034892709;45.0815965107291;2.9240000000000004;2.932;0.1427438264864719;0.04881799811438847;2.8355264597294765;3.0124735402705243;9.8;10.0;1.2489995996796797;0.12744893874282445;9.025862027801246;10.574137972198756;5.848000000000001;5.864;0.2854876529729438;0.04881799811438847;5.671052919458953;6.0249470805410485;40.3;40.0;8.234682750416072;0.20433455956367425;35.196090753157925;45.40390924684207;0.6187325851599865;0.618368042942806;0.011263329655969996;0.018203873411738323;0.6117515011129501;0.625713669207023;933.9;932.0;10.231813133555557;0.010956005068589311;927.558256517329;940.2417434826709;0.43612014452547776;0.42690137711838827;0.018880739459444976;0.04329251857876971;0.4244177409678655;0.44782254808309;6.654383032563241;6.547542909984198;0.9921316800017211;0.14909446527900816;6.039453446430747;7.269312618695735;3.0;5.0;-4.0;0.9746666666666668
2.25;0.35;2;1000.0;1000.0;0.0;0.0;1000.0;1000.0;3336.7;3340.0;177.54607852611107;0.053210081375643925;3226.65580043637;3446.7441995636295;3.3367000000000004;3.34;0.17754607852611104;0.053210081375643904;3.2266558004363706;3.4467441995636303;65.3;59.5;23.774145620820946;0.3640757369191569;50.564631881082846;80.03536811891715;3.3367000000000004;3.34;0.17754607852611104;0.053210081375643904;3.2266558004363706;3.4467441995636303;10.1;10.0;1.2206555615733703;0.1208569862943931;9.343429844627744;10.856570155372255;6.673400000000001;6.68;0.3550921570522221;0.053210081375643904;6.453311600872741;6.893488399127261;65.5;60.0;23.656922876824027;0.3611743950660157;50.83728729054545;80.16271270945455;0.6427941835813589;0.639395191197345;0.00991318585765835;0.015422021715297043;0.6366499273303199;0.6489384398323979;955.7;955.0;7.5504966724050675;0.007900488304284888;951.0201536777369;960.3798463222632;0.40574979217027324;0.3959931917118424;0.028709097241835308;0.0707556671521042;0.3879557093473876;0.4235438749931589;5.724830880226114;5.519431687685148;0.8332495252638602;0.14555006823729075;5.2083774738449025;6.241284286607326;3.4615384615384612;3.857142857142857;-2.857142857142857;0.9639355555555558
2.25;0.45;2;1000.0;1000.0;0.0;0.0;1000.0;1000.0;3878.4;3881.5;255.60133019998156;0.06590380832301504;3719.9766542254583;4036.823345774542;3.8784;3.8815;0.25560133019998166;0.06590380832301507;3.719976654225458;4.0368233457745415;109.6;95.0;51.98692143222177;0.47433322474654904;77.37817226785545;141.82182773214453;3.8784;3.8815;0.25560133019998166;0.06590380832301507;3.719976654225458;4.0368233457745415;11.3;11.0;1.3453624047073711;0.11905861988560805;10.466135742461642;12.13386425753836;7.7568;7.763;0.5112026603999633;0.06590380832301507;7.439953308450916;8.073646691549083;109.7;95.5;51.93081936576776;0.4733894199249568;77.51294468889706;141.88705531110293;0.6666531553459809;0.6650084672714109;0.011511788255084964;0.017268032353511556;0.6595180750637627;0.6737882356281991;970.9;971.5;8.371977066380438;0.008622903559975732;965.7109948545025;976.0890051454975;0.3582699542797005;0.3598758048169949;0.04815547572904413;0.1344111476661793;0.32842288119760404;0.38811702736179693;4.807830501325547;4.648944492066177;0.7042131819506738;0.14647213161040476;4.371354649122921;5.244306353528174;4.090909090909091;3.2222222222222223;-2.2222222222222223;0.9480533333333334
2.25;0.55;2;1000.0;1000.0;0.0;0.0;1000.0;1000.0;4595.9;4610.5;364.38206596922413;0.07928415891756221;4370.053655671826;4821.746344328173;4.5959;4.6105;0.3643820659692241;0.0792841589175622;4.370053655671827;4.821746344328174;188.3;159.5;107.22131317979648;0.569417489005823;121.843541580972;254.75645841902804;4.5959;4.6105;0.3643820659692241;0.0792841589175622;4.370053655671827;4.821746344328174;12.3;12.5;1.4177446878757827;0.11526379576225874;11.421272738558773;13.178727261441228;9.1918;9.221;0.7287641319384482;0.0792841589175622;8.740107311343653;9.643492688656348;188.3;159.5;107.22131317979648;0.569417489005823;121.843541580972;254.75645841902804;0.6959563428555758;0.6949009929541772;0.014662766371653178;0.021068514601778665;0.6868682661030399;0.7050444196081118;983.8;985.0;6.273754856543249;0.006377063281706901;979.9114864536689;987.688513546331;0.3025004829482202;0.317618447052763;0.06816509400463722;0.2253387939757611;0.2602513199692884;0.34474964592715196;4.10285818287572;3.9487397397397395;0.7213570959662458;0.17581818912898467;3.655756422678433;4.5499599430730076;5.000000000000001;2.8181818181818183;-1.8181818181818181;0.9191799999999999
2.25;0.65;2;1000.0;1000.0;0.0;0.0;1000.0;1000.0;5576.2;5567.0;556.5198648745613;0.0998027088114776;5231.265414117981;5921.134585882019;5.576199999999999;5.567;0.5565198648745614;0.09980270881147761;5.23126541411798;5.921134585882018;324.2;266.5;206.09696746919883;0.635709338276369;196.45977613296586;451.9402238670341;5.576199999999999;5.567;0.5565198648745614;0.09980270881147761;5.23126541411798;5.921134585882018;14.0;14.0;1.61245154965971;0.1151751106899793;13.000592175335814;14.999407824664186;11.152399999999998;11.134;1.1130397297491228;0.09980270881147761;10.46253082823596;11.842269171764036;324.2;266.5;206.09696746919883;0.635709338276369;196.45977613296586;451.9402238670341;0.7261416730816228;0.7234306985433144;0.016394343133286516;0.0225773340672099;0.7159803539330916;0.736302992230154;994.7;995.0;3.257299494980466;0.003274655167367514;992.681104856611;996.7188951433891;0.24134031885959936;0.25821121537849845;0.07671234576706117;0.31785963542912554;0.19379351435305456;0.2888871233661442;3.4351329488243594;3.347189189189189;0.6881096875407137;0.20031530010394866;3.008638145863893;3.861627751784826;6.428571428571429;2.5384615384615383;-1.5384615384615383;0.8674088888888887
2.25;0.75;2;1000.0;1000.0;0.0;0.0;1000.0;1000.0;6882.8;6960.0;815.0953073107463;0.11842495892816096;6377.598694481497;7388.001305518504;6.8828000000000005;6.96;0.8150953073107463;0.11842495892816096;6.377598694481497;7.388001305518504;500.2;455.0;283.03844261866624;0.5658505450193247;324.7709557638758;675.6290442361242;6.8828000000000005;6.96;0.8150953073107463;0.11842495892816096;6.377598694481497;7.388001305518504;15.6;16.0;1.019803902718557;0.06537204504606135;14.967918992533393;16.232081007466604;13.765600000000001;13.92;1.6301906146214926;0.11842495892816096;12.755197388962994;14.776002611037008;500.2;455.0;283.03844261866624;0.5658505450193247;324.7709557638758;675.6290442361242;0.7529055303859294;0.7528231748038033;0.022817702802083145;0.0303061963037874;0.7387629716677612;0.7670480891040977;998.6;999.5;1.8;0.0018025235329461246;997.4843484414927;999.7156515585074;0.19110669135099675;0.1873810759120516;0.07067748597161627;0.3698326074925667;0.14730033169787515;0.23491305100411836;2.8245691149265655;2.73802875781601;0.6233830432513022;0.22070022643701862;2.4381923017318967;3.2109459281212342;9.0;2.333333333333333;-1.3333333333333333;0.7647555555555556
2.25;0.85;2;1000.0;1000.0;0.0;0.0;1000.0;1000.0;8550.4;8832.0;1074.9757392611239;0.1257222748948732;7884.123133964265;9216.676866035734;8.5504;8.832;1.074975739261124;0.12572227489487323;7.884123133964265;9.216676866035733;679.9;750.5;295.59548372733974;0.43476317653675506;496.68802105102407;863.1119789489759;8.5504;8.832;1.074975739261124;0.12572227489487323;7.884123133964265;9.216676866035733;18.2;17.5;2.0880613017821097;0.11472864295506098;16.905806196893217;19.494193803106782;17.1008;17.664;2.149951478522248;0.12572227489487323;15.76824626792853;18.433353732071467;679.9;750.5;295.59548372733974;0.43476317653675506;496.68802105102407;863.1119789489759;0.7690389456730158;0.7783719129722388;0.023113802020115554;0.03005543756940394;0.7547128627581416;0.7833650285878899;999.9;1000.0;0.3;0.0003000300030003;999.7140580735821;1000.0859419264178;0.15504261538844583;0.13374715156242337;0.05577238643119621;0.35972294643936015;0.12047453214197847;0.1896106986349132;2.3972052052052053;2.2087047047047044;0.4913514773731318;0.20496846757475282;2.0926624043684;2.7017480060420107;14.999999999999998;2.1764705882352944;-1.1764705882352942;0.5700266666666667
2.25;0.95;2;1000.0;1000.0;0.0;0.0;1000.0;1000.0;10739.7;11157.5;1500.677983446149;0.13973183454343688;9809.570149416975;11669.829850583026;10.739700000000001;11.1575;1.5006779834461492;0.13973183454343688;9.809570149416976;11.669829850583026;826.3;969.5;243.01936136859547;0.29410548392665553;675.675039300918;976.9249606990819;10.739700000000001;11.1575;1.5006779834461492;0.13973183454343688;9.809570149416976;11.669829850583026;22.1;22.0;2.981610303175115;0.13491449335634004;20.251978788000528;23.948021211999475;21.479400000000002;22.315;3.0013559668922984;0.13973183454343688;19.61914029883395;23.339659701166052;826.3;969.5;243.01936136859547;0.29410548392665553;675.675039300918;976.9249606990819;0.7671957387131872;0.7743295754053472;0.024877372010604467;0.0324263688590491;0.7517765837936321;0.7826148936327424;1000.0;1000.0;0.0;0.0;1000.0;1000.0;0.13263469475137482;0.12693321686970455;0.03539090822560469;0.2668299443968664;0.1106991825742146;0.15457020692853504;2.144142942942943;1.9814444444444446;0.3066113227408971;0.14299947853292738;1.9541032762363326;2.3341826096495533;44.99999999999996;2.052631578947368;-1.0526315789473684;0.23866000000000023
2.45;0.05;2;1000.0;1000.0;0.0;0.0;1000.0;1000.0;2538.5;2547.5;103.32206927854281;0.040702016654931186;2474.4603179895466;2602.5396820104534;2.5385;2.5475;0.10332206927854277;0.04070201665493117;2.4744603179895464;2.6025396820104536;20.3;19.5;3.318132004607412;0.16345477855208926;18.24340047651469;22.35659952348531;2.5385;2.5475;0.10332206927854277;0.04070201665493117;2.4744603179895464;2.6025396820104536;8.8;8.0;1.2489995996796797;0.14193177269087268;8.025862027801246;9.574137972198756;5.077;5.095;0.20664413855708555;0.04070201665493117;4.948920635979093;5.205079364020907;21.5;21.0;3.263433774416144;0.15178761741470437;19.477302790826073;23.522697209173927;0.5793776742320913;0.5796102707496892;0.013932237517523283;0.02404690090274726;0.5707423839543578;0.5880129645098248;909.4;907.5;8.42852300228219;0.009268224106314263;904.1759473203268;914.6240526796731;0.4626929917433758;0.46369023302936496;0.012888781737633567;0.027856012448059932;0.45470444205845767;0.47068154142829394;7.985978699621422;7.9854674200103;1.0297723607828642;0.1289475466334115;7.347719177835172;8.624238221407673;2.578947368421053;21.0;-20.0;0.9843163265306121
2.45;0.15;2;1000.0;1000.0;0.0;0.0;1000.0;1000.0;2828.2;2829.5;125.59124173285332;0.04440677523967659;2750.3577419032563;2906.0422580967434;2.8282;2.8295000000000003;0.1255912417328533;0.04440677523967658;2.7503577419032563;2.9060422580967433;28.5;28.0;4.759201613716317;0.1669895303058357;25.550216279114686;31.449783720885314;2.8282;2.8295000000000003;0.1255912417328533;0.04440677523967658;2.7503577419032563;2.9060422580967433;9.4;9.0;1.42828568570857;0.15194528571367766;8.51473936041412;10.28526063958588;5.6564;5.659000000000001;0.2511824834657066;0.04440677523967658;5.500715483806513;5.812084516193487;29.3;29.0;4.313930922024599;0.14723313727046414;26.62619791308332;31.97380208691668;0.600023907558556;0.5996593695016179;0.01080320577846746;0.01800462555304629;0.5933280112454318;0.6067198038716801;930.9;931.0;6.655073252789935;0.007149074285949011;926.77514286308;935.02485713692;0.45376281768002225;0.44940846181330574;0.016019736126896566;0.035304206300554856;0.4438336823595503;0.4636919530004942;7.073671179336737;7.071206647704873;1.0186100837782002;0.14400020271704378;6.442330108515344;7.705012250158129;2.882352941176471;7.666666666666667;-6.666666666666667;0.981212244897959
2.45;0.25;2;1000.0;1000.0;0.0;0.0;1000.0;1000.0;3178.5;3185.5;147.86091437563883;0.04651908585044481;3086.854855796938;3270.145144203062;3.1784999999999997;3.1855;0.1478609143756388;0.04651908585044481;3.086854855796938;3.2701451442030613;43.8;43.0;9.907572861200668;0.22620029363471847;37.65922272020878;49.94077727979121;3.1784999999999997;3.1855;0.1478609143756388;0.04651908585044481;3.086854855796938;3.2701451442030613;10.2;10.0;1.077032961426901;0.10559146680655893;9.532448054455685;10.867551945544314;6.356999999999999;6.371;0.2957218287512776;0.04651908585044481;6.173709711593876;6.540290288406123;44.3;44.0;9.69587541174081;0.2188685194523885;38.29043415877652;50.309565841223474;0.6206809730430504;0.6192957815711435;0.009389042668904087;0.01512700256118994;0.6148615841061307;0.62650036197997;951.0;951.5;6.434283176858165;0.006765807756948649;947.0119899699223;954.9880100300777;0.43574893616449284;0.42453449443077773;0.019984004319341372;0.04586128079908271;0.4233627219622196;0.4481351503667661;6.121349742059765;6.095999548569075;0.731465237797854;0.1194941097339954;5.667982890646896;6.574716593472634;3.266666666666667;5.0;-4.0;0.9730102040816324
2.45;0.35;2;1000.0;1000.0;0.0;0.0;1000.0;1000.0;3633.4;3640.5;190.62696556363687;0.05246517464733772;3515.248182652995;3751.551817347005;3.6334000000000004;3.6405;0.1906269655636368;0.0524651746473377;3.5152481826529955;3.7515518173470053;70.8;63.5;25.242028444639708;0.3565258254892614;55.15482868102749;86.44517131897251;3.6334000000000004;3.6405;0.1906269655636368;0.0524651746473377;3.5152481826529955;3.7515518173470053;10.6;10.5;1.0198039027185568;0.09620791535080725;9.967918992533393;11.232081007466606;7.266800000000001;7.281;0.3812539311272736;0.0524651746473377;7.030496365305991;7.5031036346940105;71.0;64.5;25.147564494399848;0.35419104921689926;55.41337804397631;86.58662195602369;0.6436780965416623;0.6442669461277504;0.009987271038099127;0.015515940486026305;0.6374879218200561;0.6498682712632685;964.7;963.0;5.780138406647371;0.005991643419350441;961.1174330990196;968.2825669009804;0.40677493328697373;0.39735809793480525;0.030598534057219393;0.07522227048251416;0.3878097653930967;0.42574010118085076;5.341825697480864;5.2476003117169885;0.7089451216741267;0.1327158843854557;4.9024169586519974;5.781234436309731;3.769230769230769;3.857142857142857;-2.857142857142857;0.9639632653061225
2.45;0.45;2;1000.0;1000.0;0.0;0.0;1000.0;1000.0;4219.0;4220.5;272.0687413136614;0.06448654688638573;4050.370047073481;4387.629952926519;4.219;4.2204999999999995;0.27206874131366143;0.06448654688638573;4.050370047073481;4.3876299529265195;119.4;103.5;58.112305065278555;0.48670272248977015;83.38162015859126;155.41837984140875;4.219;4.2204999999999995;0.27206874131366143;0.06448654688638573;4.050370047073481;4.3876299529265195;11.7;12.0;1.1874342087037917;0.10149010330801639;10.96402065246367;12.435979347536328;8.438;8.440999999999999;0.5441374826273229;0.06448654688638573;8.100740094146962;8.775259905853039;119.4;103.5;58.112305065278555;0.48670272248977015;83.38162015859126;155.41837984140875;0.6698508006471796;0.6687643593028669;0.01167353422691783;0.01742706617001784;0.662615469172985;0.6770861321213743;977.9;979.5;6.670082458260917;0.006820822638573389;973.765840061149;982.034159938851;0.3595654491872007;0.36172128516234114;0.04974256293716829;0.13834077509285606;0.32873468926219823;0.39039620911220313;4.569731004731105;4.441452805954148;0.6714307532167575;0.14693003866564924;4.153573912366618;4.985888097095592;4.454545454545454;3.2222222222222223;-2.2222222222222223;0.947122448979592
2.45;0.55;2;1000.0;1000.0;0.0;0.0;1000.0;1000.0;4992.6;4982.0;395.3500221322872;0.07918720148465473;4747.559517584543;5237.640482415458;4.992600000000001;4.982;0.39535002213228715;0.0791872014846547;4.747559517584544;5.2376404824154585;202.9;172.0;113.87488748622324;0.5612365080641856;132.31961350063318;273.48038649936683;4.992600000000001;4.982;0.39535002213228715;0.0791872014846547;4.747559517584544;5.2376404824154585;12.9;13.0;1.3;0.10077519379844961;12.094251652189097;13.705748347810903;9.985200000000003;9.964;0.7907000442645743;0.0791872014846547;9.495119035169088;10.475280964830917;202.9;172.0;113.87488748622324;0.5612365080641856;132.31961350063318;273.48038649936683;0.6978802149144583;0.6927277405102527;0.013341346077274496;0.019116957025225013;0.6896111629457372;0.7061492668831794;989.4;989.0;5.023942674832188;0.005077767005086101;986.2861280694286;992.5138719305713;0.303531599046581;0.3173174600659163;0.06673629560254278;0.21986605616076632;0.2621680144921434;0.3448951836010186;3.9032568160744403;3.799701701701702;0.6374927139297646;0.1633232820613889;3.50813473838952;4.29837889375936;5.4444444444444455;2.8181818181818183;-1.8181818181818181;0.9170081632653062
2.45;0.65;2;1000.0;1000.0;0.0;0.0;1000.0;1000.0;6066.0;6068.5;600.4008660886492;0.09897805243795733;5693.867687788335;6438.132312211665;6.065999999999999;6.0685;0.6004008660886492;0.09897805243795735;5.693867687788334;6.438132312211664;350.9;291.0;221.2358244046384;0.6304811182805312;213.7766153918304;488.0233846081695;6.065999999999999;6.0685;0.6004008660886492;0.09897805243795735;5.693867687788334;6.438132312211664;14.6;15.0;1.624807680927192;0.11128819732378029;13.592933765832655;15.607066234167345;12.131999999999998;12.137;1.2008017321772984;0.09897805243795735;11.387735375576668;12.876264624423328;350.9;291.0;221.2358244046384;0.6304811182805312;213.7766153918304;488.0233846081695;0.7259146984695708;0.7217770442318399;0.01614231022922838;0.022237199857312213;0.7159095909333771;0.7359198060057645;997.0;997.5;2.4083189157584592;0.002415565612596248;995.5073084712507;998.4926915287493;0.24223577583014352;0.2572892852909723;0.07694230564835011;0.31763394727582395;0.19454644071251304;0.289925110947774;3.2591367268192952;3.214372372372372;0.620090438810779;0.19026217393952255;2.8748006909999697;3.6434727626386207;7.000000000000001;2.5384615384615383;-1.5384615384615383;0.8665714285714283
2.45;0.75;2;1000.0;1000.0;0.0;0.0;1000.0;1000.0;7472.4;7553.5;865.1928339971385;0.11578513382542938;6936.147925745363;8008.652074254636;7.4724;7.5535;0.8651928339971384;0.11578513382542936;6.936147925745364;8.008652074254636;525.8;499.0;283.9812669878068;0.5400936991019529;349.78658716563666;701.8134128343632;7.4724;7.5535;0.8651928339971384;0.11578513382542936;6.936147925745364;8.008652074254636;16.5;16.5;1.4317821063276353;0.08677467311076577;15.612572256462533;17.387427743537465;14.9448;15.107;1.7303856679942768;0.11578513382542936;13.872295851490728;16.01730414850927;525.8;499.0;283.9812669878068;0.5400936991019529;349.78658716563666;701.8134128343632;0.7512961879371037;0.7518117846589218;0.022819445254739137;0.030373434101131778;0.7371525492355904;0.7654398266386171;999.2;1000.0;1.4696938456699067;0.0014708705421035894;998.289074316972;1000.1109256830281;0.1936265137167742;0.18731807204933876;0.0687222725272987;0.35492180904430126;0.15103200791163454;0.23622101952191385;2.715464864864865;2.67163963963964;0.5512132856647601;0.20299039505053262;2.373819330852711;3.0571103988770187;9.8;2.333333333333333;-1.3333333333333333;0.7624897959183673
2.45;0.85;2;1000.0;1000.0;0.0;0.0;1000.0;1000.0;9273.7;9625.0;1148.019951917213;0.12379308710840471;8562.149861914426;9985.250138085576;9.273700000000002;9.625;1.1480199519172127;0.12379308710840468;8.562149861914428;9.985250138085576;706.6;793.5;287.97090130775365;0.40754444000531226;528.1137861951238;885.0862138048763;9.273700000000002;9.625;1.1480199519172127;0.12379308710840468;8.562149861914428;9.985250138085576;19.6;18.5;2.2;0.11224489795918367;18.236425872935396;20.963574127064607;18.547400000000003;19.25;2.2960399038344255;0.12379308710840468;17.124299723828855;19.97050027617115;706.6;793.5;287.97090130775365;0.40754444000531226;528.1137861951238;885.0862138048763;0.7676336648543907;0.7770795817024011;0.022588195140986023;0.029425748472444453;0.7536333564583293;0.781633973250452;1000.0;1000.0;0.0;0.0;1000.0;1000.0;0.15832285535903395;0.14133131888125317;0.052889114230121374;0.33405861781726326;0.1255418427374167;0.1911038679806512;2.3231005005005008;2.1428658658658657;0.42969052001187225;0.184964240642752;2.056775556985444;2.5894254440155575;16.333333333333332;2.1764705882352944;-1.1764705882352942;0.5677775510204083
2.45;0.95;2;1000.0;1000.0;0.0;0.0;1000.0;1000.0;11619.7;12086.5;1592.2237311383096;0.1370279552086809;10632.82950714615;12606.57049285385;11.619699999999998;12.086500000000001;1.5922237311383096;0.13702795520868094;10.632829507146148;12.606570492853848;845.5;978.5;230.5186543427668;0.2726418147164599;702.6230577874792;988.3769422125208;11.619699999999998;12.086500000000001;1.5922237311383096;0.13702795520868094;10.632829507146148;12.606570492853848;23.5;22.5;3.170173496829472;0.13490099986508391;21.535106109735185;25.464893890264815;23.239399999999996;24.173000000000002;3.1844474622766192;0.13702795520868094;21.265659014292297;25.213140985707696;845.5;978.5;230.5186543427668;0.2726418147164599;702.6230577874792;988.3769422125208;0.7662445097970142;0.7768540033254173;0.024683179569115227;0.03221318946305279;0.75094571659968;0.7815433029943484;1000.0;1000.0;0.0;0.0;1000.0;1000.0;0.13782394022506184;0.1331974381982913;0.03366307137134959;0.24424690889245318;0.11695935242528842;0.15868852802483524;2.108943143143143;1.9787477477477478;0.2555089037120084;0.12115495125733976;1.950577083899354;2.267309202386932;48.99999999999996;2.052631578947368;-1.0526315789473684;0.23713673469387772
2.65;0.05;2;1000.0;1000.0;0.0;0.0;1000.0;1000.0;2737.7;2729.0;106.46976096526187;0.03889022207154249;2671.7093584695526;2803.690641530447;2.7377000000000002;2.729;0.10646976096526187;0.03889022207154248;2.671709358469553;2.8036906415304474;21.8;21.0;3.4;0.15596330275229356;19.692658167263794;23.907341832736208;2.7377000000000002;2.729;0.10646976096526187;0.03889022207154248;2.671709358469553;2.8036906415304474;9.4;9.0;1.42828568570857;0.15194528571367766;8.51473936041412;10.28526063958588;5.4754000000000005;5.458;0.21293952193052373;0.03889022207154248;5.343418716939106;5.607381283060895;22.6;22.5;3.2619012860600183;0.14433191531239017;20.57825263694991;24.621747363050094;0.5813036518932961;0.5797837139988693;0.012319993786735421;0.02119373196196069;0.5736676406327557;0.5889396631538366;928.6;927.5;7.213875518748573;0.007768549987883451;924.1287936303498;933.0712063696502;0.46214979178627613;0.4576641058348375;0.012733818044248502;0.027553443213791017;0.45425728959360084;0.4700422939789514;7.3831136170847245;7.327865304514837;0.8260900392677968;0.11188911374141691;6.871097706097746;7.895129528071703;2.7894736842105265;21.0;-20.0;0.9814396226415094
2.65;0.15;2;1000.0;1000.0;0.0;0.0;1000.0;1000.0;3057.5;3049.0;131.69073619659054;0.04307137733330843;2975.877236067381;3139.122763932619;3.0574999999999997;3.049;0.13169073619659052;0.04307137733330844;2.975877236067381;3.1391227639326185;30.6;29.0;4.8;0.1568627450980392;27.62492917731359;33.57507082268641;3.0574999999999997;3.049;0.13169073619659052;0.04307137733330844;2.975877236067381;3.1391227639326185;9.8;10.0;1.2489995996796797;0.12744893874282445;9.025862027801246;10.574137972198756;6.114999999999999;6.098;0.26338147239318105;0.04307137733330844;5.951754472134762;6.278245527865237;31.1;31.0;4.784349485562274;0.15383760403737215;28.134629466660197;34.0653705333398;0.6009660253093786;0.6011805113565694;0.010220423102921908;0.017006657069607908;0.5946313414408342;0.607300709177923;945.6;945.5;6.3118935352238;0.006675014313899957;941.6878478557194;949.5121521442807;0.45326850670792956;0.4502010296465958;0.01554985816662848;0.0343060634844597;0.44363060476450283;0.4629064086513563;6.557720763886097;6.4955707499825;0.7734144468308838;0.11793952116566783;6.078353523342199;7.037088004429996;3.1176470588235294;7.666666666666667;-6.666666666666667;0.9807075471698112
2.65;0.25;2;1000.0;1000.0;0.0;0.0;1000.0;1000.0;3441.9;3433.5;153.8924624534938;0.04471148564847724;3346.516463567343;3537.283536432657;3.4419000000000004;3.4335;0.15389246245349372;0.04471148564847721;3.3465164635673434;3.5372835364326574;46.7;46.0;10.81711606667877;0.23162989436142975;39.99548200091908;53.40451799908092;3.4419000000000004;3.4335;0.15389246245349372;0.04471148564847721;3.3465164635673434;3.5372835364326574;10.5;10.0;1.02469507659596;0.09759000729485333;9.86488741155603;11.13511258844397;6.883800000000001;6.867;0.30778492490698744;0.04471148564847721;6.693032927134687;7.074567072865315;47.1;47.0;10.662551289442879;0.22638113141067684;40.49128224237107;53.70871775762893;0.6224046601449065;0.6215850753274723;0.008939184993506565;0.014362336219374336;0.6168640958839111;0.6279452244059018;961.7;963.0;5.745432968889291;0.005974246614213674;958.1389437521995;965.2610562478006;0.4356037816036126;0.42569445080763796;0.020135250503437972;0.0462237734238967;0.4231238240452251;0.44808373916200017;5.7583465815126695;5.7046672597586285;0.6639580446317783;0.1153035919656927;5.346821121914352;6.169872041110987;3.533333333333333;5.0;-4.0;0.9741226415094341
2.65;0.35;2;1000.0;1000.0;0.0;0.0;1000.0;1000.0;3933.6;3929.0;211.79905571083174;0.05384356714226961;3802.325585225452;4064.874414774548;3.9336000000000007;3.929;0.21179905571083174;0.0538435671422696;3.8023255852254527;4.064874414774549;76.3;68.5;28.167534503395927;0.3691682110536819;58.84158123998625;93.75841876001374;3.9336000000000007;3.929;0.21179905571083174;0.0538435671422696;3.8023255852254527;4.064874414774549;11.0;11.0;1.0;0.09090909090909091;10.380193578606997;11.619806421393003;7.867200000000001;7.858;0.4235981114216635;0.0538435671422696;7.604651170450905;8.129748829549097;76.5;69.5;28.065102885968546;0.36686409001266074;59.105069014221414;93.89493098577859;0.6445385721892867;0.6461921235985857;0.009606323541255095;0.014904187205779719;0.638584511172438;0.6504926332061354;972.9;973.0;6.34744042902334;0.006524247537283729;968.9658156626817;976.8341843373182;0.40515072368488453;0.39583741369632086;0.03147029199961491;0.07767551718380161;0.3856452346204104;0.42465621274935866;5.027882119025302;4.949576288156846;0.6064171203238657;0.12061084686715466;4.652020893805917;5.4037433442446865;4.076923076923077;3.857142857142857;-2.857142857142857;0.9648452830188682
2.65;0.45;2;1000.0;1000.0;0.0;0.0;1000.0;1000.0;4567.5;4571.0;291.6063270918517;0.06384374977380443;4386.760525949642;4748.239474050358;4.567500000000001;4.571;0.2916063270918517;0.06384374977380441;4.386760525949643;4.748239474050359;128.0;113.0;60.06829446554979;0.46928355051210774;90.7692853681265;165.2307146318735;4.567500000000001;4.571;0.2916063270918517;0.06384374977380441;4.386760525949643;4.748239474050359;12.6;13.0;1.2806248474865698;0.10163689265766428;11.80626049613239;13.393739503867609;9.135000000000002;9.142;0.5832126541837034;0.06384374977380441;8.773521051899285;9.496478948100718;128.0;113.0;60.06829446554979;0.46928355051210774;90.7692853681265;165.2307146318735;0.6698126720101992;0.6702767929237585;0.010226869599223158;0.015268253388713784;0.6634739925618518;0.6761513514585467;985.4;985.0;5.517245689653488;0.005598990957634958;981.9803756931499;988.8196243068501;0.36035911624401;0.3618559199584753;0.04839737088789505;0.13430316788523738;0.3303621149891539;0.3903561174988661;4.343094097629202;4.2356881591009845;0.5914069719407573;0.13617180716015181;3.97653625876373;4.709651936494675;4.8181818181818175;3.2222222222222223;-2.2222222222222223;0.9479716981132078
2.65;0.55;2;1000.0;1000.0;0.0;0.0;1000.0;1000.0;5400.8;5382.0;427.6341426967683;0.07917977756939126;5135.749612349652;5665.850387650348;5.4008;5.382;0.4276341426967682;0.07917977756939124;5.1357496123496515;5.665850387650349;217.6;186.0;122.59135369184891;0.563379382775041;141.6170917745313;293.5829082254687;5.4008;5.382;0.4276341426967682;0.07917977756939124;5.1357496123496515;5.665850387650349;13.4;13.5;1.2;0.08955223880597014;12.656232294328397;14.143767705671603;10.8016;10.764;0.8552682853935364;0.07917977756939124;10.271499224699303;11.331700775300698;217.6;186.0;122.59135369184891;0.563379382775041;141.6170917745313;293.5829082254687;0.6962876650993195;0.6948289121081712;0.011583570203654386;0.016636184703921315;0.6891080939044378;0.7034672362942012;993.9;994.0;3.2388269481403293;0.0032587050489388566;991.8925542597619;995.907445740238;0.30459171276205954;0.3160520677783246;0.06653568377460582;0.21844219979347257;0.26335246870678464;0.34583095681733445;3.719069975961362;3.6365585585585585;0.5713059189702957;0.15361526474710005;3.3649708988037426;4.073169053118981;5.888888888888889;2.8181818181818183;-1.8181818181818181;0.9171169811320754
2.65;0.65;2;1000.0;1000.0;0.0;0.0;1000.0;1000.0;6560.1;6561.0;651.8282672606335;0.09936255045816886;6156.092654306385;6964.107345693616;6.5601;6.561;0.6518282672606336;0.09936255045816886;6.156092654306385;6.964107345693615;373.9;314.0;230.8122397101159;0.6173100821345705;230.84109169156923;516.9589083084308;6.5601;6.561;0.6518282672606336;0.09936255045816886;6.156092654306385;6.964107345693615;15.2;15.5;1.4;0.09210526315789473;14.332271010049796;16.067728989950204;13.1202;13.122;1.3036565345212672;0.09936255045816886;12.31218530861277;13.92821469138723;373.9;314.0;230.8122397101159;0.6173100821345705;230.84109169156923;516.9589083084308;0.7268250063231763;0.722591396914654;0.01645208043522321;0.022635545409272748;0.7166279012241508;0.7370221114222018;998.4;999.0;1.4966629547095767;0.0014990614530344317;997.47235869001;999.32764130999;0.24333301754920153;0.25635924511820296;0.07553212218929856;0.3104063844275719;0.1965177231948334;0.29014831190356966;3.107387078969873;3.036957957957958;0.5660347472744178;0.18215778494582127;2.756555107877624;3.458219050062122;7.571428571428572;2.5384615384615383;-1.5384615384615383;0.8664283018867924
2.65;0.75;2;1000.0;1000.0;0.0;0.0;1000.0;1000.0;8057.7;8138.5;923.1960842637928;0.11457315167650729;7485.497138768425;8629.902861231574;8.0577;8.1385;0.9231960842637927;0.11457315167650728;7.485497138768427;8.629902861231574;549.8;531.0;283.43069699663795;0.5155160003576537;374.12783398158945;725.4721660184105;8.0577;8.1385;0.9231960842637927;0.11457315167650728;7.485497138768427;8.629902861231574;17.1;16.5;1.445683229480096;0.08454287891696467;16.203956251068064;17.99604374893194;16.1154;16.277;1.8463921685275855;0.11457315167650728;14.970994277536853;17.25980572246315;549.8;531.0;283.43069699663795;0.5155160003576537;374.12783398158945;725.4721660184105;0.7508652688983759;0.7530083995882846;0.02253502688972225;0.03001207782960088;0.7368979145258621;0.7648326232708897;999.6;1000.0;1.2000000000000002;0.0012004801920768309;998.8562322943284;1000.3437677056717;0.19644490996434863;0.18862730857605237;0.06745639364031329;0.343385805478775;0.15463500402206837;0.2382548159066289;2.624098298298298;2.594104104104104;0.4952557635524826;0.1887336933504553;2.317135595816575;2.931061000780021;10.6;2.333333333333333;-1.3333333333333333;0.7601603773584906
2.65;0.85;2;1000.0;1000.0;0.0;0.0;1000.0;1000.0;9994.0;10379.5;1211.3161437048545;0.12120433697266905;9243.218475794722;10744.781524205278;9.994;10.3795;1.2113161437048547;0.12120433697266908;9.243218475794722;10.744781524205278;731.2;835.5;279.62682274774716;0.3824218035390415;557.8854996672235;904.5145003327766;9.994;10.3795;1.2113161437048547;0.12120433697266908;9.243218475794722;10.744781524205278;20.5;19.5;2.0615528128088303;0.10056355184433319;19.22223632858028;21.77776367141972;19.988;20.759;2.4226322874097095;0.12120433697266908;18.486436951589443;21.489563048410556;731.2;835.5;279.62682274774716;0.3824218035390415;557.8854996672235;904.5145003327766;0.7657625004155283;0.7742991532813783;0.02168540647966486;0.02831871039375477;0.7523217462289146;0.779203254602142;1000.0;1000.0;0.0;0.0;1000.0;1000.0;0.16191131858111563;0.14937486418804735;0.049972074657880505;0.30863855038550064;0.13093830581783078;0.19288433134440047;2.2656552552552554;2.0890010010010007;0.38041450790142844;0.16790485093398283;2.029871900466891;2.50143861004362;17.666666666666664;2.1764705882352944;-1.1764705882352942;0.5656981132075473
2.65;0.95;2;1000.0;1000.0;0.0;0.0;1000.0;1000.0;12465.8;12973.0;1690.196189795729;0.13558666028620137;11418.205548150621;13513.394451849377;12.4658;12.972999999999999;1.690196189795729;0.13558666028620137;11.41820554815062;13.51339445184938;860.0;988.5;220.55566190873452;0.25646007198690063;723.2981844743824;996.7018155256176;12.4658;12.972999999999999;1.690196189795729;0.13558666028620137;11.41820554815062;13.51339445184938;24.1;23.5;2.7730849247724096;0.11506576451337798;22.38122415655793;25.818775843442072;24.9316;25.945999999999998;3.380392379591458;0.13558666028620137;22.83641109630124;27.02678890369876;860.0;988.5;220.55566190873452;0.25646007198690063;723.2981844743824;996.7018155256176;0.7657288166019148;0.7739226681774041;0.02539596168316159;0.03316573848671596;0.7499882364732406;0.781469396730589;1000.0;1000.0;0.0;0.0;1000.0;1000.0;0.14244932587992762;0.13728826300337382;0.03166119056759063;0.22226283186680898;0.12282551665718738;0.16207313510266785;2.083777977977978;1.9773463463463463;0.21538316911198954;0.1033618607107987;1.950282106702392;2.2172738492535644;52.99999999999995;2.052631578947368;-1.0526315789473684;0.23520377358490588
2.85;0.05;2;1000.0;1000.0;0.0;0.0;1000.0;1000.0;2952.2;2944.0;114.02964526823715;0.03862531172286334;2881.5236936335805;3022.876306366419;2.9522;2.944;0.11402964526823722;0.03862531172286336;2.8815236936335804;3.0228763063664195;23.6;24.0;3.4698703145794947;0.14702840316014806;21.449352097622672;25.75064790237733;2.9522;2.944;0.11402964526823722;0.03862531172286336;2.8815236936335804;3.0228763063664195;9.7;9.5;1.268857754044952;0.130810077736593;8.913553816208635;10.486446183791363;5.9044;5.888;0.22805929053647445;0.03862531172286336;5.763047387267161;6.045752612732839;25.0;25.0;3.0983866769659336;0.12393546707863734;23.07960004165799;26.92039995834201;0.5825089864020951;0.58248186197025;0.011193315162491195;0.01921569524897365;0.5755712977877074;0.5894466750164828;943.1;942.5;5.957348403442592;0.0063167727743002776;939.4075972050709;946.7924027949291;0.460768896901617;0.4567946576426522;0.014496397576966465;0.031461319708091594;0.4517839365963472;0.4697538572068868;6.8709748211163815;6.843179282104158;0.7261407475895256;0.10568234733707609;6.420908122925278;7.321041519307485;3.0000000000000004;21.0;-20.0;0.9840666666666665
2.85;0.15;2;1000.0;1000.0;0.0;0.0;1000.0;1000.0;3290.9;3274.0;141.3346737357822;0.04294711894490327;3203.299861653077;3378.500138346923;3.2908999999999997;3.274;0.1413346737357822;0.04294711894490329;3.203299861653077;3.3785001383469226;32.4;32.0;4.476605857119878;0.13816684744197155;29.625370943711573;35.174629056288424;3.2908999999999997;3.274;0.1413346737357822;0.04294711894490329;3.203299861653077;3.3785001383469226;10.6;10.5;1.0198039027185568;0.09620791535080725;9.967918992533393;11.232081007466606;6.581799999999999;6.548;0.2826693474715644;0.04294711894490329;6.406599723306154;6.757000276693845;33.1;33.5;4.635730794599704;0.14005228986706053;30.22674428565782;35.97325571434218;0.6023684389336277;0.6015429203042437;0.009534174472866468;0.01582781211071551;0.5964590963726638;0.6082777814945916;957.0;956.5;4.959838707054898;0.005182694573725076;953.9258601202938;960.0741398797062;0.4524321260328333;0.44804776880715547;0.016678764939226272;0.03686467865461854;0.4420945204225964;0.46276973164307017;6.132891345956365;6.126040847631911;0.632451563367331;0.10312453420266919;5.7408938057612495;6.52488888615148;3.3529411764705883;7.666666666666667;-6.666666666666667;0.98149649122807
2.85;0.25;2;1000.0;1000.0;0.0;0.0;1000.0;1000.0;3702.0;3687.0;172.27303909782285;0.04653512671470093;3595.2240641342814;3808.7759358657186;3.7019999999999995;3.6870000000000003;0.1722730390978228;0.04653512671470092;3.595224064134281;3.808775935865718;50.0;49.5;11.549891774384728;0.23099783548769456;42.84130291184213;57.15869708815787;3.7019999999999995;3.6870000000000003;0.1722730390978228;0.04653512671470092;3.595224064134281;3.808775935865718;10.9;11.0;0.9433981132056604;0.08655028561519819;10.315275791505089;11.484724208494912;7.403999999999999;7.3740000000000006;0.3445460781956456;0.04653512671470092;7.190448128268562;7.617551871731436;50.5;50.5;11.307077429645558;0.22390252335931798;43.4918008019178;57.5081991980822;0.6225907572834405;0.6214790364308982;0.008788872784710171;0.01411661301086253;0.617143357494671;0.62803815707221;970.3;970.0;5.745432968889291;0.005921295443563115;966.7389437521994;973.8610562478005;0.4362235845345704;0.42420482265217774;0.02082934389387661;0.0477492383088377;0.4233134234357425;0.44913374563339825;5.481376746852197;5.402321600322066;0.6127542243024812;0.11178837956255588;5.101587743893831;5.861165749810563;3.8000000000000003;5.0;-4.0;0.9742105263157893
2.85;0.35;2;1000.0;1000.0;0.0;0.0;1000.0;1000.0;4231.9;4229.5;222.98988766309563;0.05269261742080287;4093.689435720709;4370.110564279291;4.2319;4.2295;0.22298988766309577;0.05269261742080289;4.09368943572071;4.370110564279291;81.7;73.0;29.779355265015393;0.36449639247264864;63.24256438179995;100.15743561820005;4.2319;4.2295;0.22298988766309577;0.05269261742080289;4.09368943572071;4.370110564279291;11.7;12.0;1.1874342087037917;0.10149010330801639;10.96402065246367;12.435979347536328;8.4638;8.459;0.44597977532619154;0.05269261742080289;8.18737887144142;8.740221128558582;82.1;74.0;29.696632805757623;0.36171294525892356;63.69383629324133;100.50616370675866;0.6447380689202125;0.6446531180387423;0.007183569225885644;0.011141841271939262;0.6402856465854874;0.6491904912549376;980.5;979.0;6.711929677819934;0.0068454152756960065;976.339902885749;984.660097114251;0.4056445299362016;0.39530066564674426;0.03164047102222494;0.07800048734097621;0.38603356282072737;0.4252554970516758;4.809705196392155;4.733382929812321;0.5467473456072266;0.11367585398318206;4.4708276807052165;5.148582712079094;4.384615384615385;3.857142857142857;-2.857142857142857;0.9651701754385965
2.85;0.45;2;1000.0;1000.0;0.0;0.0;1000.0;1000.0;4916.7;4895.5;311.76210481711854;0.06340881176746975;4723.467845487352;5109.932154512648;4.9167000000000005;4.8955;0.31176210481711847;0.06340881176746974;4.723467845487352;5.109932154512649;136.0;120.5;64.5801827188496;0.4748542846974235;95.97278805612362;176.02721194387638;4.9167000000000005;4.8955;0.31176210481711847;0.06340881176746974;4.723467845487352;5.109932154512649;13.2;13.5;1.16619037896906;0.08834775598250455;12.477187714548236;13.922812285451762;9.833400000000001;9.791;0.6235242096342369;0.06340881176746974;9.446935690974705;10.219864309025297;136.0;120.5;64.5801827188496;0.4748542846974235;95.97278805612362;176.02721194387638;0.6702322754076684;0.6713714732813247;0.010637031884195972;0.015870664953766964;0.6636393747412817;0.6768251760740551;989.6;989.0;4.409081537009721;0.004455417882992846;986.867222950916;992.332777049084;0.36152138409846;0.3620373831121577;0.04882537295468812;0.13505528331732258;0.3312591044142361;0.3917836637826839;4.152579484518551;4.0778737254288355;0.5362852780833379;0.12914509645936728;3.820186425463966;4.484972543573136;5.181818181818182;3.2222222222222223;-2.2222222222222223;0.9488368421052633
2.85;0.55;2;1000.0;1000.0;0.0;0.0;1000.0;1000.0;5823.4;5789.0;457.68705465634486;0.07859447310099682;5539.722624535547;6107.077375464452;5.823400000000001;5.789;0.4576870546563449;0.0785944731009968;5.539722624535549;6.107077375464454;232.7;199.5;129.85996303711164;0.558057426029702;152.21196102774024;313.18803897225973;5.823400000000001;5.789;0.4576870546563449;0.0785944731009968;5.539722624535549;6.107077375464454;14.2;14.0;1.2489995996796797;0.0879577182873014;13.425862027801244;14.974137972198754;11.646800000000002;11.578;0.9153741093126898;0.0785944731009968;11.079445249071098;12.214154750928907;232.7;199.5;129.85996303711164;0.558057426029702;152.21196102774024;313.18803897225973;0.6961195951582034;0.6942590762176692;0.0113429477535647;0.01629453880117661;0.6890891633030187;0.7031500270133881;996.4;996.0;1.6852299546352716;0.001691318701962336;995.3554836525932;997.4445163474068;0.3057030265400667;0.3161865004445297;0.06610966284515116;0.21625452516246696;0.2647278329925156;0.3466782200876178;3.551190561308631;3.5154084084084083;0.4868063712846876;0.13708258199055842;3.249464846411356;3.8529162762059066;6.333333333333334;2.8181818181818183;-1.8181818181818181;0.9194842105263159
2.85;0.65;2;1000.0;1000.0;0.0;0.0;1000.0;1000.0;7062.0;7080.5;692.6104244089892;0.09807567607037512;6632.715611427576;7491.284388572424;7.062;7.080500000000001;0.692610424408989;0.09807567607037511;6.632715611427576;7.491284388572424;395.6;338.0;237.37573591249802;0.6000397773318958;248.47299459854426;542.7270054014558;7.062;7.080500000000001;0.692610424408989;0.09807567607037511;6.632715611427576;7.491284388572424;16.2;16.5;1.4;0.08641975308641975;15.332271010049796;17.067728989950204;14.124;14.161000000000001;1.385220848817978;0.09807567607037511;13.265431222855153;14.982568777144849;395.6;338.0;237.37573591249802;0.6000397773318958;248.47299459854426;542.7270054014558;0.7254949816161902;0.72616894369318;0.017768189494870693;0.02449112667228707;0.7144821436707417;0.7365078195616387;998.7;999.0;1.4866068747318506;0.001488541979304947;997.7785915129542;999.6214084870459;0.2447321523730003;0.25504666174386964;0.07408740126188754;0.3027285158223498;0.19881230532656238;0.2906519994194382;2.982383830323309;2.9351381381381385;0.49765391760489147;0.1668644768473489;2.673934736560413;3.2908329240862044;8.142857142857144;2.5384615384615383;-1.5384615384615383;0.8672631578947367
2.85;0.75;2;1000.0;1000.0;0.0;0.0;1000.0;1000.0;8643.3;8731.0;971.2169736984624;0.11236645421291203;8041.333483135813;9245.266516864185;8.6433;8.731000000000002;0.9712169736984626;0.11236645421291204;8.041333483135814;9.245266516864186;575.7;569.5;284.0084681836089;0.49332719851243506;399.66972768980906;751.730272310191;8.6433;8.731000000000002;0.9712169736984626;0.11236645421291204;8.041333483135814;9.245266516864186;18.0;17.0;1.7320508075688772;0.09622504486493762;16.926463787289876;19.073536212710124;17.2866;17.462000000000003;1.9424339473969252;0.11236645421291204;16.082666966271628;18.490533033728372;575.7;569.5;284.0084681836089;0.49332719851243506;399.66972768980906;751.730272310191;0.749614712704866;0.7536206579683153;0.02212517735072712;0.029515399011969656;0.7359013857084263;0.7633280397013057;999.9;1000.0;0.3;0.0003000300030003;999.7140580735821;1000.0859419264178;0.19871991830341834;0.19011518724228213;0.0658355782711388;0.3312983360360324;0.1579146041348449;0.23952523247199178;2.5450106106106105;2.517047047047047;0.45048180485764255;0.17700586511486524;2.2657990952391343;2.8242221259820868;11.4;2.333333333333333;-1.3333333333333333;0.7581842105263158
2.85;0.85;2;1000.0;1000.0;0.0;0.0;1000.0;1000.0;10712.9;11100.0;1270.6684421988293;0.11861106163586231;9925.331540063722;11500.468459936277;10.7129;11.1;1.2706684421988295;0.11861106163586232;9.925331540063722;11.500468459936277;752.5;865.5;270.9783201660236;0.3601040799548486;584.5458971028097;920.4541028971903;10.7129;11.1;1.2706684421988295;0.11861106163586232;9.925331540063722;11.500468459936277;21.4;20.5;2.1071307505705477;0.09846405376497887;20.093986830081718;22.70601316991828;21.4258;22.2;2.541336884397659;0.11861106163586232;19.850663080127443;23.000936919872554;752.5;865.5;270.9783201660236;0.3601040799548486;584.5458971028097;920.4541028971903;0.7653084055486788;0.7738251133992582;0.02177528919307445;0.028452959663317578;0.7518119414791217;0.778804869618236;1000.0;1000.0;0.0;0.0;1000.0;1000.0;0.16604278324570898;0.15675472327463458;0.047949662804095454;0.2887789632696042;0.13632327433610142;0.19576229215531654;2.2170828828828832;2.0522592592592597;0.3339207813792751;0.15061267395879957;2.01011663834744;2.4240491274183267;18.999999999999996;2.1764705882352944;-1.1764705882352942;0.5638368421052632
2.85;0.95;2;1000.0;1000.0;0.0;0.0;1000.0;1000.0;13332.7;13830.0;1797.2550208581977;0.13480052958952032;12218.749797191276;14446.650202808725;13.332699999999999;13.83;1.7972550208581977;0.13480052958952032;12.218749797191274;14.446650202808724;875.1;996.0;206.76385080569574;0.23627454097325531;746.9464375586851;1003.2535624413149;13.332699999999999;13.83;1.7972550208581977;0.13480052958952032;12.218749797191274;14.446650202808724;25.1;24.5;3.1128764832546763;0.12401898339660064;23.170619166675486;27.029380833324517;26.665399999999998;27.66;3.5945100417163953;0.13480052958952032;24.437499594382547;28.89330040561745;875.1;996.0;206.76385080569574;0.23627454097325531;746.9464375586851;1003.2535624413149;0.7652386106448095;0.771526419439888;0.02431421739648321;0.03177338030029017;0.7501685025713237;0.7803087187182952;1000.0;1000.0;0.0;0.0;1000.0;1000.0;0.14653505283807178;0.1413578571781502;0.030032470175544074;0.20495075815567068;0.12792073497297574;0.16514937070316782;2.0594902902902903;1.974059059059059;0.17324089606987758;0.08411833592352545;1.9521144704583024;2.166866110122278;56.99999999999995;2.052631578947368;-1.0526315789473684;0.23390701754385984
3.0;0.05;2;1000.0;1000.0;0.0;0.0;1000.0;1000.0;3117.0;3105.5;121.69469996676108;0.03904225215488004;3041.572843511107;3192.427156488893;3.117;3.1055;0.12169469996676108;0.03904225215488004;3.0415728435111067;3.1924271564888933;25.3;25.0;3.3778691508109073;0.1335126146565576;23.20637500970207;27.39362499029793;3.117;3.1055;0.12169469996676108;0.03904225215488004;3.0415728435111067;3.1924271564888933;10.1;10.0;1.1357816691600546;0.1124536306099064;9.396035228154135;10.803964771845864;6.234;6.211;0.24338939993352215;0.03904225215488004;6.083145687022213;6.384854312977787;26.5;26.5;3.383784863137726;0.1276899948353859;24.402708413214796;28.597291586785204;0.5837332893294708;0.5819953563375172;0.009795457485739735;0.01678070732781351;0.5776620018793271;0.5898045767796144;951.8;951.5;5.81033561853358;0.006104576190936731;948.1987166731843;955.4012833268156;0.46146780945057514;0.45854074730198324;0.014842144819148213;0.03216290392350295;0.4522685527844222;0.4706670661167281;6.599298234773812;6.628621429429085;0.6557596974055223;0.09936809552720542;6.192854163431138;7.0057423061164865;3.1578947368421053;21.0;-20.0;0.98705
3.0;0.15;2;1000.0;1000.0;0.0;0.0;1000.0;1000.0;3464.1;3450.5;146.77632642902603;0.04237069554257268;3373.127090370814;3555.0729096291857;3.4640999999999997;3.4505;0.14677632642902605;0.04237069554257269;3.373127090370814;3.5550729096291853;33.2;32.5;4.534313619501853;0.1365757114307787;30.38960330202301;36.010396697977;3.4640999999999997;3.4505;0.14677632642902605;0.04237069554257269;3.373127090370814;3.5550729096291853;11.0;11.0;0.8944271909999159;0.08131156281817417;10.445628283549746;11.554371716450254;6.9281999999999995;6.901;0.2935526528580521;0.04237069554257269;6.746254180741628;7.110145819258371;34.1;34.5;4.742362280551751;0.1390722076408138;31.160653405942064;37.03934659405794;0.6020245947871791;0.6011495873417279;0.008481467327815139;0.014088240582286197;0.5967677268745643;0.6072814626997939;964.0;965.0;5.830951894845301;0.006048705285109233;960.3859385727412;967.6140614272588;0.45320393335234044;0.4500865008232917;0.017472368341523235;0.03855299359888709;0.44237444725732056;0.4640334194473603;5.930971040630733;5.912906559498151;0.5855061896291935;0.09872012282948654;5.56807054453321;6.293871536728256;3.5294117647058822;7.666666666666667;-6.666666666666667;0.981495
3.0;0.25;2;1000.0;1000.0;0.0;0.0;1000.0;1000.0;3903.6;3881.0;181.7345316663842;0.046555623441537096;3790.9597702843253;4016.2402297156746;3.9036;3.8810000000000002;0.18173453166638423;0.0465556234415371;3.790959770284325;4.016240229715675;53.3;53.0;11.52432210587677;0.2162161745943109;46.15715115657625;60.44284884342375;3.9036;3.8810000000000002;0.18173453166638423;0.0465556234415371;3.790959770284325;4.016240229715675;11.2;11.0;0.8717797887081347;0.07783748113465488;10.659665288918063;11.740334711081935;7.8072;7.7620000000000005;0.36346906333276846;0.0465556234415371;7.58191954056865;8.03248045943135;53.7;54.0;11.384638773364747;0.2120044464313733;46.64372778302878;60.756272216971226;0.6216278487361268;0.6211510033713004;0.007316689724960338;0.011770209040403178;0.6170929174612562;0.6261627800109973;975.1;974.5;6.847627326307997;0.007022487259058555;970.8557966118482;979.3442033881519;0.43561183855372443;0.423518129852582;0.02097232180848644;0.048144517555162594;0.42261305882530403;0.4486106182821448;5.2704085877683555;5.2822931002500955;0.5172841237313088;0.09814877065353712;4.949792566195038;5.591024609341673;4.0;5.0;-4.0;0.9759
3.0;0.35;2;1000.0;1000.0;0.0;0.0;1000.0;1000.0;4456.0;4444.5;230.31500168247834;0.05168649050324918;4313.24928301406;4598.75071698594;4.4559999999999995;4.4445;0.23031500168247843;0.0516864905032492;4.313249283014059;4.59875071698594;86.0;77.5;31.91238004286111;0.3710741865448966;66.22050192750079;105.77949807249921;4.4559999999999995;4.4445;0.23031500168247843;0.0516864905032492;4.313249283014059;4.59875071698594;12.2;12.0;0.9797958971132711;0.08031113910764517;11.592716211314677;12.807283788685321;8.911999999999999;8.889;0.46063000336495685;0.0516864905032492;8.626498566028118;9.19750143397188;86.3;78.0;31.824675960644125;0.36876797173399917;66.57486148084125;106.02513851915874;0.644510677079476;0.643962663812735;0.006250762542693401;0.009698462360651638;0.6406364143169118;0.6483849398420402;984.6;983.0;6.232174580353153;0.006329651208971311;980.7372581758549;988.4627418241452;0.4057173564308876;0.3955023074634396;0.03236033605613862;0.07976078800476726;0.38566021234485737;0.4257745005169178;4.647069411807368;4.517926722547183;0.5148565890782542;0.11079167179429171;4.327957991800168;4.966180831814568;4.615384615384615;3.857142857142857;-2.857142857142857;0.9654666666666667
3.0;0.45;2;1000.0;1000.0;0.0;0.0;1000.0;1000.0;5175.9;5152.0;327.94068061160084;0.06335916084383408;4972.640260320938;5379.159739679061;5.175899999999999;5.152;0.3279406806116009;0.06335916084383411;4.9726402603209365;5.379159739679061;141.3;126.0;67.3885005026822;0.4769179087238655;99.53217466039203;183.067825339608;5.175899999999999;5.152;0.3279406806116009;0.06335916084383411;4.9726402603209365;5.379159739679061;13.3;13.5;1.1;0.08270676691729323;12.618212936467698;13.981787063532304;10.351799999999997;10.304;0.6558813612232018;0.06335916084383411;9.945280520641873;10.758319479358121;141.5;127.0;67.28038347096425;0.47547974184427033;99.79918629091274;183.20081370908724;0.671509938426896;0.6707429438879355;0.00888083861325592;0.013225178221577035;0.6660055376270451;0.6770143392267469;991.6;989.5;3.878143885933063;0.003910996254470616;989.1963015164127;994.0036984835873;0.36361563941688224;0.36233360268051984;0.04873144279851208;0.1340191056596493;0.33341157824661866;0.3938197005871458;4.048964223211212;3.974941941941942;0.5142915274882796;0.1270180468723425;3.7302030320059605;4.367725414416463;5.454545454545454;3.2222222222222223;-2.2222222222222223;0.9489149999999998
3.0;0.55;2;1000.0;1000.0;0.0;0.0;1000.0;1000.0;6126.9;6093.5;473.5570609757603;0.07729146239954306;5833.386292711226;6420.413707288773;6.126900000000001;6.093500000000001;0.4735570609757604;0.07729146239954306;5.833386292711227;6.420413707288775;244.1;213.5;133.8995519036565;0.5485438422927345;161.1081979084681;327.0918020915319;6.126900000000001;6.093500000000001;0.4735570609757604;0.07729146239954306;5.833386292711227;6.420413707288775;14.6;15.0;1.1135528725660042;0.07627074469630166;13.909812779022968;15.290187220977032;12.253800000000002;12.187000000000001;0.9471141219515208;0.07729146239954306;11.666772585422454;12.84082741457755;244.1;213.5;133.8995519036565;0.5485438422927345;161.1081979084681;327.0918020915319;0.6959770512673378;0.6934680581009915;0.011732069404972548;0.01685697737247092;0.6887054393139074;0.7032486632207682;997.1;997.0;1.374772708486752;0.0013787711448066914;996.2479070473241;997.9520929526759;0.3058702459727036;0.313759020479602;0.06520605593323796;0.21318208224495644;0.26545511379157144;0.3462853781538358;3.4672489982166135;3.433557557557558;0.4555145832605664;0.13137636884309759;3.184918134473557;3.74957986195967;6.666666666666667;2.8181818181818183;-1.8181818181818181;0.919035
3.0;0.65;2;1000.0;1000.0;0.0;0.0;1000.0;1000.0;7427.8;7442.0;733.8585422273151;0.09879890980200262;6972.9497631334025;7882.650236866598;7.4278;7.442;0.7338585422273153;0.09879890980200265;6.9729497631334025;7.882650236866598;411.2;356.5;243.05834690460642;0.5910952016162607;260.550875815357;561.849124184643;7.4278;7.442;0.7338585422273153;0.09879890980200265;6.9729497631334025;7.882650236866598;16.5;16.5;1.6278820596099706;0.09865951876424064;15.491028246183275;17.508971753816727;14.8556;14.884;1.4677170844546306;0.09879890980200265;13.945899526266805;15.765300473733197;411.2;356.5;243.05834690460642;0.5910952016162607;260.550875815357;561.849124184643;0.7252632099440135;0.7259323699573221;0.018094171514962485;0.024948420472560934;0.7140483262492534;0.7364780936387736;999.2;1000.0;1.2489995996796797;0.001249999599359167;998.4258620278013;999.9741379721988;0.2457133926546533;0.2558652699879206;0.07350456201615134;0.2991475605868214;0.20015479311536255;0.29127199219394406;2.9116161624550405;2.878820820820821;0.4689973179805675;0.16107800335368191;2.620928613154589;3.202303711755492;8.571428571428571;2.5384615384615383;-1.5384615384615383;0.8665766666666668
3.0;0.75;2;1000.0;1000.0;0.0;0.0;1000.0;1000.0;9087.0;9202.0;1008.0962255657939;0.11093828827619609;8462.175486012273;9711.824513987727;9.087;9.202;1.008096225565794;0.1109382882761961;8.462175486012272;9.711824513987727;594.9;598.5;284.4476929067979;0.47814370971053605;418.5974933859419;771.202506614058;9.087;9.202;1.008096225565794;0.1109382882761961;8.462175486012272;9.711824513987727;18.6;18.0;1.7435595774162695;0.09373976222668115;17.51933057783613;19.680669422163874;18.174;18.404;2.016192451131588;0.1109382882761961;16.924350972024545;19.423649027975454;594.9;598.5;284.4476929067979;0.47814370971053605;418.5974933859419;771.202506614058;0.7493580120051296;0.754754407460027;0.021791097932472265;0.029079688991599247;0.7358517495773795;0.7628642744328797;999.9;1000.0;0.3;0.0003000300030003;999.7140580735821;1000.0859419264178;0.20035584758826083;0.19064316558869548;0.06469726141489708;0.32291177020124967;0.1602560695167659;0.24045562565975576;2.4991285285285287;2.4624824824824825;0.428539164341573;0.17147544011827764;2.233517202651231;2.7647398544058266;12.0;2.333333333333333;-1.3333333333333333;0.75725
3.0;0.85;2;1000.0;1000.0;0.0;0.0;1000.0;1000.0;11251.9;11659.5;1326.7752974788157;0.11791566735207527;10429.556150877019;12074.24384912298;11.2519;11.6595;1.3267752974788156;0.11791566735207527;10.42955615087702;12.074243849122979;767.6;888.5;263.99704543801244;0.34392528066442474;603.9729360087397;931.2270639912604;11.2519;11.6595;1.3267752974788156;0.11791566735207527;10.42955615087702;12.074243849122979;22.1;21.5;2.1656407827707715;0.09799279560048739;20.75772193640811;23.442278063591893;22.5038;23.319;2.6535505949576312;0.11791566735207527;20.85911230175404;24.148487698245958;767.6;888.5;263.99704543801244;0.34392528066442474;603.9729360087397;931.2270639912604;0.7646373375088396;0.7733728127679016;0.021964538662267722;0.028725433071091433;0.7510235754030311;0.778251099614648;1000.0;1000.0;0.0;0.0;1000.0;1000.0;0.16859134810250315;0.16198491313118996;0.04604230890727231;0.27310006963867856;0.14005402938601555;0.19712866681899074;2.1863813813813815;2.0308728728728727;0.3069322199902588;0.14038365977866837;1.9961428204990095;2.3766199422637535;19.999999999999996;2.1764705882352944;-1.1764705882352942;0.5625950000000001
3.0;0.95;2;1000.0;1000.0;0.0;0.0;1000.0;1000.0;13965.4;14423.5;1856.363283411951;0.13292589423947407;12814.814116503074;15115.985883496925;13.965400000000002;14.4235;1.8563632834119514;0.13292589423947407;12.814814116503078;15.115985883496927;885.1;998.0;195.31740833832504;0.22067270177191847;764.041016102067;1006.158983897933;13.965400000000002;14.4235;1.8563632834119514;0.13292589423947407;12.814814116503078;15.115985883496927;25.8;25.5;2.9257477676655586;0.11340107626610692;23.986602746224644;27.613397253775357;27.930800000000005;28.847;3.712726566823903;0.13292589423947407;25.629628233006155;30.231971766993855;885.1;998.0;195.31740833832504;0.22067270177191847;764.041016102067;1006.158983897933;0.7641271980230386;0.7708701987837945;0.025153237015905;0.032917604661870214;0.7485370602017606;0.7797173358443167;1000.0;1000.0;0.0;0.0;1000.0;1000.0;0.14956628792105434;0.1444772824810987;0.028776290750071445;0.1923982412752027;0.131730558130288;0.16740201771182067;2.04648968968969;1.9712842842842844;0.15105795307772069;0.07381320015378413;1.952863000369636;2.140116379009744;59.99999999999995;2.052631578947368;-1.0526315789473684;0.2327566666666669
