beta;gamma;dim;n_vertices_mean;n_vertices_median;n_vertices_std;n_vertices_cv;n_vertices_ci_low;n_vertices_ci_high;n_edges_mean;n_edges_median;n_edges_std;n_edges_cv;n_edges_ci_low;n_edges_ci_high;indegree_mean_mean;indegree_mean_median;indegree_mean_std;indegree_mean_cv;indegree_mean_ci_low;indegree_mean_ci_high;indegree_max_mean;indegree_max_median;indegree_max_std;indegree_max_cv;indegree_max_ci_low;indegree_max_ci_high;outdegree_mean_mean;outdegree_mean_median;outdegree_mean_std;outdegree_mean_cv;outdegree_mean_ci_low;outdegree_mean_ci_high;outdegree_max_mean;outdegree_max_median;outdegree_max_std;outdegree_max_cv;outdegree_max_ci_low;outdegree_max_ci_high;total_degree_mean_mean;total_degree_mean_median;total_degree_mean_std;total_degree_mean_cv;total_degree_mean_ci_low;total_degree_mean_ci_high;total_degree_max_mean;total_degree_max_median;total_degree_max_std;total_degree_max_cv;total_degree_max_ci_low;total_degree_max_ci_high;avg_local_clustering_mean;avg_local_clustering_median;avg_local_clustering_std;avg_local_clustering_cv;avg_local_clustering_ci_low;avg_local_clustering_ci_high;vertices_degree_ge_2_mean;vertices_degree_ge_2_median;vertices_degree_ge_2_std;vertices_degree_ge_2_cv;vertices_degree_ge_2_ci_low;vertices_degree_ge_2_ci_high;global_clustering_mean;global_clustering_median;global_clustering_std;global_clustering_cv;global_clustering_ci_low;global_clustering_ci_high;avg_shortest_path_length_mean;avg_shortest_path_length_median;avg_shortest_path_length_std;avg_shortest_path_length_cv;avg_shortest_path_length_ci_low;avg_shortest_path_length_ci_high;expected_theoretical_outdegree_mean;indegree_powerlaw_alpha_theory;indegree_ccdf_slope_theory;outdegree_mean_vs_theory_ratio
0.05;0.05;2;200.0;200.0;0.0;0.0;200.0;200.0;10.8;9.5;2.891366458960192;0.26771911657038816;9.007912502136127;12.592087497863874;0.054000000000000006;0.0475;0.014456832294800962;0.26771911657038816;0.045039562510680635;0.06296043748931937;1.5;1.5;0.5;0.3333333333333333;1.1900967893034988;1.8099032106965012;0.054000000000000006;0.0475;0.014456832294800962;0.26771911657038816;0.045039562510680635;0.06296043748931937;1.4;1.0;0.48989794855663565;0.34992710611188266;1.0963581056573384;1.7036418943426614;0.10800000000000001;0.095;0.028913664589601925;0.26771911657038816;0.09007912502136127;0.12592087497863874;1.8;2.0;0.6000000000000001;0.33333333333333337;1.4281161471641985;2.1718838528358013;0.2777777777777778;0.0;0.42817441928883765;1.5414279094398156;0.012392523226336383;0.5431630323292191;1.7;1.0;1.7916472867168916;1.0539101686569952;0.589525506821521;2.8104744931784786;0.26;0.0;0.41036569057366384;1.5783295791294762;0.005652709863069316;0.5143472901369307;1.064848484848485;1.0277777777777777;0.07512435699136456;0.07054933923491834;1.0182859259822168;1.111411043714753;0.052631578947368425;21.0;-20.0;1.026
0.05;0.15;2;200.0;200.0;0.0;0.0;200.0;200.0;11.4;10.5;2.9393876913398143;0.25784102555612404;9.578148633944032;13.221851366055969;0.05700000000000001;0.052500000000000005;0.01469693845669907;0.257841025556124;0.04789074316972016;0.06610925683027985;1.7;2.0;0.6403124237432849;0.3766543669078147;1.3031302480661948;2.096869751933805;0.05700000000000001;0.052500000000000005;0.01469693845669907;0.257841025556124;0.04789074316972016;0.06610925683027985;1.4;1.0;0.48989794855663565;0.34992710611188266;1.0963581056573384;1.7036418943426614;0.11400000000000002;0.10500000000000001;0.02939387691339814;0.257841025556124;0.09578148633944032;0.1322185136605597;2.0;2.0;0.6324555320336759;0.31622776601683794;1.608;2.392;0.26666666666666666;0.0;0.4103596736137642;1.5388487760516156;0.01232310588011909;0.5210102274532142;1.8;1.0;1.7204650534085253;0.9558139185602919;0.7336447121151415;2.8663552878848586;0.23500000000000001;0.0;0.370168880377592;1.5751867250110296;0.005566950942110377;0.4644330490578896;1.0816317016317016;1.0839160839160837;0.0678485264876555;0.06272793815612304;1.0395787492325996;1.1236846540308036;0.05882352941176471;7.666666666666667;-6.666666666666667;0.9690000000000001
0.05;0.25;2;200.0;200.0;0.0;0.0;200.0;200.0;12.8;12.0;3.1874754901018454;0.24902152266420666;10.82438222320207;14.775617776797931;0.064;0.06;0.01593737745050923;0.2490215226642067;0.05412191111601035;0.07387808888398965;1.9;2.0;0.5385164807134504;0.2834297266912897;1.5662240272278425;2.2337759727721576;0.064;0.06;0.01593737745050923;0.2490215226642067;0.05412191111601035;0.07387808888398965;1.4;1.0;0.48989794855663565;0.34992710611188266;1.0963581056573384;1.7036418943426614;0.128;0.12;0.03187475490101846;0.2490215226642067;0.1082438222320207;0.1477561777679793;2.1;2.0;0.5385164807134504;0.2564364193873573;1.7662240272278427;2.4337759727721577;0.20722222222222225;0.0;0.3257285281857794;1.5718802968750747;0.0053335888217846406;0.40911085562265986;2.5;2.0;1.857417562100671;0.7429670248402684;1.3487606678018684;3.6512393321981316;0.185;0.0;0.28814059068447817;1.5575167064025848;0.006408611629787703;0.3635913883702123;1.1442370537958773;1.1180555555555556;0.09529360644038165;0.08328134989533495;1.085173464606431;1.2033006429853235;0.06666666666666667;5.0;-4.0;0.9600000000000001
0.05;0.35;2;200.0;200.0;0.0;0.0;200.0;200.0;14.7;13.5;3.6891733491393435;0.2509641734108397;12.413426668571505;16.98657333142849;0.07350000000000001;0.0675;0.018445866745696718;0.25096417341083965;0.062067133342857544;0.08493286665714248;2.0;2.0;0.6324555320336759;0.31622776601683794;1.608;2.392;0.07350000000000001;0.0675;0.018445866745696718;0.25096417341083965;0.062067133342857544;0.08493286665714248;1.4;1.0;0.48989794855663565;0.34992710611188266;1.0963581056573384;1.7036418943426614;0.14700000000000002;0.135;0.036891733491393436;0.25096417341083965;0.12413426668571509;0.16986573331428495;2.2;2.0;0.6;0.2727272727272727;1.8281161471641987;2.5718838528358017;0.19722222222222224;0.0;0.3148706377522657;1.5965271773354315;0.0020633790352580783;0.3923810654091864;3.0;3.0;1.8439088914585775;0.6146362971528592;1.8571334286103212;4.142866571389678;0.175;0.0;0.275;1.5714285714285716;0.004553234116924348;0.34544676588307566;1.1583670110419335;1.1433333333333335;0.08849858846261105;0.07639943784570308;1.1035150176285906;1.2132190044552764;0.07692307692307693;3.857142857142857;-2.857142857142857;0.9555000000000001
0.05;0.45;2;200.0;200.0;0.0;0.0;200.0;200.0;17.7;17.0;4.124318125460256;0.23301232347233086;15.143721141972183;20.256278858027816;0.08850000000000001;0.085;0.02062159062730128;0.2330123234723308;0.07571860570986093;0.10128139429013909;2.5;3.0;0.9219544457292888;0.3687817782917155;1.9285667143051606;3.071433285694839;0.08850000000000001;0.085;0.02062159062730128;0.2330123234723308;0.07571860570986093;0.10128139429013909;1.6;2.0;0.48989794855663565;0.3061862178478973;1.2963581056573386;1.9036418943426616;0.17700000000000002;0.17;0.04124318125460256;0.2330123234723308;0.15143721141972186;0.20256278858027818;2.6;3.0;0.8;0.3076923076923077;2.1041548628855984;3.095845137114402;0.31277777777777777;0.25;0.3267502727477679;1.0446722752148885;0.11025586053679629;0.5152996950187593;3.9;4.5;2.071231517720798;0.5310850045437944;2.6162374051250756;5.183762594874924;0.26406926406926406;0.21428571428571427;0.2698727130942284;1.0219769954879796;0.09680042353470994;0.43133810460381816;1.1760188636950255;1.1769230769230767;0.09981207545472578;0.0848728524142193;1.1141546983956236;1.2378830289944274;0.09090909090909091;3.2222222222222223;-2.2222222222222223;0.9735
0.05;0.55;2;200.0;200.0;0.0;0.0;200.0;200.0;20.9;19.0;5.223983154643591;0.24995134711213354;17.662141695503028;24.13785830449697;0.1045;0.095;0.026119915773217952;0.24995134711213352;0.08831070847751514;0.12068929152248485;2.8;3.0;1.0770329614269007;0.384654629081036;2.132448054455685;3.4675519455443147;0.1045;0.095;0.026119915773217952;0.24995134711213352;0.08831070847751514;0.12068929152248485;1.7;2.0;0.45825756949558405;0.269563276173873;1.415969015774687;1.984030984225313;0.209;0.19;0.052239831546435904;0.24995134711213352;0.17662141695503028;0.2413785830449697;2.8;3.0;1.0770329614269007;0.384654629081036;2.132448054455685;3.4675519455443147;0.32318722943722944;0.3214285714285714;0.303832510414389;0.9401129832495453;0.13486988845443487;0.5115045704200241;5.3;5.0;2.9681644159311658;0.5600310218738048;3.460312635255653;7.139687364744347;0.26861471861471864;0.21969696969696967;0.280939457009692;1.0458825877395461;0.09448663913744826;0.442742798091989;1.237763576975554;1.2213438735177866;0.16038684914882853;0.12957793566743175;1.1383547779661192;1.3371723759849887;0.11111111111111113;2.8181818181818183;-1.8181818181818181;0.9404999999999998
0.05;0.65;2;200.0;200.0;0.0;0.0;200.0;200.0;26.0;24.5;7.280109889280518;0.28000422651078916;21.487741142177235;30.512258857822765;0.13;0.1225;0.03640054944640259;0.28000422651078916;0.10743870571088618;0.15256129428911383;4.0;3.5;2.32379000772445;0.5809475019311126;2.559700031243491;5.440299968756509;0.13;0.1225;0.03640054944640259;0.28000422651078916;0.10743870571088618;0.15256129428911383;1.8;2.0;0.4;0.22222222222222224;1.5520774314427992;2.047922568557201;0.26;0.245;0.07280109889280519;0.28000422651078916;0.21487741142177236;0.30512258857822766;4.0;3.5;2.32379000772445;0.5809475019311126;2.559700031243491;5.440299968756509;0.3543850593850594;0.3892857142857143;0.27329520005364033;0.7711814954272371;0.1849949394559279;0.5237751793141908;7.3;6.5;4.050925820105819;0.5549213452199753;4.789210164111699;9.8107898358883;0.25010069817400643;0.17269736842105263;0.2604900694848628;1.0415407529315572;0.08864728039817912;0.4115541159498337;1.350330700864814;1.374223602484472;0.2138649414705343;0.1583796779067271;1.2177758368305382;1.4828855648990897;0.14285714285714288;2.5384615384615383;-1.5384615384615383;0.9099999999999999
0.05;0.75;2;200.0;200.0;0.0;0.0;200.0;200.0;32.2;31.0;10.796295661012623;0.33528868512461557;25.50838662204697;38.891613377953036;0.161;0.155;0.05398147830506312;0.3352886851246156;0.12754193311023485;0.19445806688976516;5.6;4.5;3.8781438859330635;0.6925256939166186;3.1963015164126762;8.003698483587323;0.161;0.155;0.05398147830506312;0.3352886851246156;0.12754193311023485;0.19445806688976516;2.1;2.0;0.3;0.14285714285714285;1.9140580735820993;2.285941926417901;0.322;0.31;0.10796295661012624;0.3352886851246156;0.2550838662204697;0.3889161337795303;5.7;4.5;3.8223029707232787;0.6705794685479436;3.330912074236163;8.069087925763837;0.4116076516076516;0.45238095238095233;0.27210707017132246;0.6610836050023131;0.2429539422090297;0.5802613610062736;9.4;8.0;4.94368283772331;0.5259237061407777;6.335873631848713;12.464126368151287;0.26886996603736796;0.150626886463896;0.2866801803520617;1.0662409958880215;0.0911837493690561;0.4465561827056798;1.4776609984555276;1.4828042328042328;0.2884540076767489;0.19520986747179844;1.2988753522209322;1.656446644690123;0.2;2.333333333333333;-1.3333333333333333;0.8049999999999999
0.05;0.85;2;200.0;200.0;0.0;0.0;200.0;200.0;41.9;40.5;15.358710883404244;0.36655634566597245;32.380572370147455;51.41942762985254;0.20949999999999996;0.2025;0.07679355441702122;0.3665563456659725;0.16190286185073727;0.25709713814926266;9.5;7.5;6.830080526611674;0.718955844906492;5.266672230974786;13.733327769025214;0.20949999999999996;0.2025;0.07679355441702122;0.3665563456659725;0.16190286185073727;0.25709713814926266;2.1;2.0;0.3;0.14285714285714285;1.9140580735820993;2.285941926417901;0.41899999999999993;0.405;0.15358710883404245;0.3665563456659725;0.32380572370147453;0.5141942762985253;9.5;7.5;6.830080526611674;0.718955844906492;5.266672230974786;13.733327769025214;0.4297210557760093;0.4273809523809524;0.21195819223467385;0.49324600083165665;0.298348007162106;0.5610941043899125;12.3;9.5;6.181423784210236;0.5025547792040842;8.468713845195065;16.131286154804936;0.15874321179542814;0.12796442687747034;0.11962415386140421;0.7535702000005107;0.08459939307842529;0.23288703051243098;1.614833089251571;1.5934195064629848;0.2508888078993863;0.15536516409610238;1.459330595059896;1.770335583443246;0.3333333333333333;2.1764705882352944;-1.1764705882352942;0.6285
0.05;0.95;2;200.0;200.0;0.0;0.0;200.0;200.0;58.8;57.5;26.97332015158683;0.45872993455079647;42.081762963757214;75.51823703624278;0.294;0.2875;0.13486660075793414;0.4587299345507964;0.21040881481878604;0.37759118518121393;17.5;14.5;15.487091398968367;0.884976651369621;7.90100130221907;27.098998697780928;0.294;0.2875;0.13486660075793414;0.4587299345507964;0.21040881481878604;0.37759118518121393;2.3;2.0;0.45825756949558405;0.19924242151981916;2.015969015774687;2.5840309842253126;0.588;0.575;0.26973320151586827;0.4587299345507964;0.4208176296375721;0.7551823703624279;17.5;14.5;15.487091398968367;0.884976651369621;7.90100130221907;27.098998697780928;0.5349318761842707;0.5687018863489451;0.13795526058561305;0.25789313878556547;0.4494263198083628;0.6204374325601787;16.6;15.5;8.8;0.5301204819277109;11.145703491741582;22.05429650825842;0.12435833695525247;0.10662878787878788;0.0790124290992816;0.6353609338448489;0.07538592602965842;0.17333074788084651;1.7767102502831862;1.7473178137651821;0.3489049479890214;0.19637695450533374;1.5604567230637993;1.992963777502573;0.9999999999999992;2.052631578947368;-1.0526315789473684;0.2940000000000002
0.25;0.05;2;200.0;200.0;0.0;0.0;200.0;200.0;53.2;56.0;9.484724561103501;0.178284296261344;47.32130681188413;59.07869318811588;0.266;0.28;0.0474236228055175;0.17828429626134398;0.23660653405942064;0.29539346594057936;3.3;3.0;0.7810249675906654;0.23667423260323195;2.815915709819044;3.7840842901809557;0.266;0.28;0.0474236228055175;0.17828429626134398;0.23660653405942064;0.29539346594057936;2.5;2.5;0.5;0.2;2.1900967893034986;2.8099032106965014;0.532;0.56;0.094847245611035;0.17828429626134398;0.4732130681188413;0.5907869318811587;3.6;3.0;0.8;0.22222222222222224;3.1041548628855984;4.095845137114402;0.4028171937711411;0.35833333333333334;0.15634005025508466;0.38811662628261245;0.30591662670213493;0.4997177608401473;20.6;19.5;7.525955088890712;0.3653376256743064;15.935364708790194;25.264635291209807;0.4321706354676008;0.41428571428571426;0.14014977175194168;0.3242926757397623;0.34530490697898375;0.5190363639562179;1.3913723503200823;1.3253968253968254;0.17272093794453577;0.12413710672402084;1.2843188038730369;1.4984258967671278;0.2631578947368421;21.0;-20.0;1.0108000000000001
0.25;0.15;2;200.0;200.0;0.0;0.0;200.0;200.0;59.0;61.5;11.278297743897348;0.19115758887961606;52.00963863595021;65.99036136404979;0.295;0.3075;0.056391488719486745;0.1911575888796161;0.26004819317975103;0.32995180682024894;3.5;3.0;1.02469507659596;0.29277002188455997;2.8648874115560297;4.13511258844397;0.295;0.3075;0.056391488719486745;0.1911575888796161;0.26004819317975103;0.32995180682024894;2.5;2.5;0.5;0.2;2.1900967893034986;2.8099032106965014;0.59;0.615;0.11278297743897349;0.1911575888796161;0.5200963863595021;0.6599036136404979;3.8;3.0;1.077032961426901;0.28342972669128974;3.132448054455685;4.467551945544315;0.4177914211335797;0.36428571428571427;0.13820950705995305;0.33080982535484754;0.3321282811602593;0.5034545611069001;24.6;23.0;8.333066662399863;0.33874254725202696;19.435111772748613;29.76488822725139;0.42065755429414564;0.3666002986560478;0.13523214585714066;0.32147799195965304;0.3368398019131348;0.5044753066751565;1.585298323978881;1.452997967479675;0.41201619424115954;0.2598982084375485;1.3299280410703038;1.840668606887458;0.29411764705882354;7.666666666666667;-6.666666666666667;1.003
0.25;0.25;2;200.0;200.0;0.0;0.0;200.0;200.0;66.9;68.5;12.169223475637219;0.18190169619786575;59.35743714643359;74.44256285356643;0.33449999999999996;0.3425;0.060846117378186106;0.1819016961978658;0.2967871857321679;0.37221281426783204;4.1;4.0;0.9433981132056604;0.2300971007818684;3.515275791505089;4.68472420849491;0.33449999999999996;0.3425;0.060846117378186106;0.1819016961978658;0.2967871857321679;0.37221281426783204;2.7;3.0;0.45825756949558405;0.1697250257391052;2.4159690157746874;2.984030984225313;0.6689999999999999;0.685;0.12169223475637221;0.1819016961978658;0.5935743714643358;0.7444256285356641;4.4;4.0;1.2806248474865698;0.2910511017014931;3.60626049613239;5.193739503867611;0.46434349785146456;0.4298059964726631;0.11642732563039386;0.2507353417655413;0.3921810938001324;0.5365059019027968;29.5;28.0;8.200609733428363;0.2779867706246903;24.417209427883144;34.582790572116856;0.40853364746092324;0.33805496828752646;0.13813572381582903;0.33812569582543844;0.32291623881610215;0.49415105610574434;1.791162640042478;1.7753623188405796;0.40877249831013496;0.22821629324539774;1.5378028207009962;2.04452245938396;0.3333333333333333;5.0;-4.0;1.0035
0.25;0.35;2;200.0;200.0;0.0;0.0;200.0;200.0;77.4;80.0;14.2;0.18346253229974158;68.59874881621937;86.20125118378064;0.38700000000000007;0.4;0.07100000000000001;0.18346253229974158;0.3429937440810969;0.43100625591890324;5.1;5.0;1.8681541692269403;0.366304739064106;3.9421060497610325;6.257893950238967;0.38700000000000007;0.4;0.07100000000000001;0.18346253229974158;0.3429937440810969;0.43100625591890324;2.8;3.0;0.6;0.2142857142857143;2.4281161471641983;3.1718838528358013;0.7740000000000001;0.8;0.14200000000000002;0.18346253229974158;0.6859874881621938;0.8620125118378065;5.5;5.0;2.0615528128088303;0.37482778414706003;4.222236328580281;6.777763671419719;0.4793829309514407;0.48994888553712085;0.10785715695265899;0.22499165070102262;0.4125323724789898;0.5462334894238916;34.9;31.0;9.31074647920348;0.26678356673935477;29.129139544227392;40.670860455772605;0.38557444037886984;0.32971014492753625;0.10678038462639165;0.27693844156647945;0.3193912723086177;0.451757608449122;1.986829879938019;2.09150073876029;0.3643325053050017;0.18337378000192317;1.7610142536277789;2.212645506248259;0.3846153846153846;3.857142857142857;-2.857142857142857;1.0062000000000002
0.25;0.45;2;200.0;200.0;0.0;0.0;200.0;200.0;91.2;92.0;19.130081024397153;0.20975966035523194;79.34305293931023;103.05694706068978;0.45600000000000007;0.45999999999999996;0.09565040512198576;0.20975966035523191;0.39671526469655116;0.515284735303449;8.0;6.0;3.3763886032268267;0.42204857540335333;5.907292662601863;10.092707337398137;0.45600000000000007;0.45999999999999996;0.09565040512198576;0.20975966035523191;0.39671526469655116;0.515284735303449;3.0;3.0;0.4472135954999579;0.14907119849998599;2.7228141417748732;3.2771858582251268;0.9120000000000001;0.9199999999999999;0.19130081024397153;0.20975966035523191;0.7934305293931023;1.030569470606898;8.2;6.0;3.4292856398964493;0.4182055658410304;6.074506739601369;10.32549326039863;0.5158901728625965;0.509589908224362;0.09364047449603635;0.18151242148389748;0.45785120546766556;0.5739291402575275;42.0;39.0;13.023056476879765;0.31007277325904203;33.92822596946619;50.07177403053381;0.36002480256361447;0.3474558228656589;0.09320300687511908;0.25887940556165046;0.3022569804092795;0.4177926247179494;2.146802528199681;2.288498085862729;0.42300939193646714;0.1970415938960184;1.8846185907679094;2.4089864656314526;0.45454545454545453;3.2222222222222223;-2.2222222222222223;1.0032
0.25;0.55;2;200.0;200.0;0.0;0.0;200.0;200.0;109.6;114.5;25.016794358990122;0.22825542298348653;94.09443021362968;125.10556978637031;0.548;0.5725;0.1250839717949506;0.22825542298348647;0.4704721510681485;0.6255278489318516;11.5;9.5;5.818075283115543;0.5059195898361342;7.8939195793770764;15.106080420622924;0.548;0.5725;0.1250839717949506;0.22825542298348647;0.4704721510681485;0.6255278489318516;3.2;3.0;0.39999999999999997;0.12499999999999999;2.9520774314427993;3.447922568557201;1.096;1.145;0.2501679435899012;0.22825542298348647;0.940944302136297;1.2510556978637033;11.6;9.5;5.9363288318623315;0.5117524855053734;7.920625270511306;15.279374729488694;0.5966697353344879;0.6109783985249053;0.052635087096436786;0.08821477608032191;0.5640461703615364;0.6292933003074394;51.7;47.5;14.346079603849967;0.27748703295647903;42.80820773971861;60.591792260281395;0.33633549089348114;0.36280022491766406;0.08962418909211146;0.2664725891817817;0.2807858429820498;0.3918851388049125;2.395248085031357;2.3143513715998156;0.4452554144401201;0.1858911472355028;2.119275920001368;2.6712202500613462;0.5555555555555556;2.8181818181818183;-1.8181818181818181;0.9864
0.25;0.65;2;200.0;200.0;0.0;0.0;200.0;200.0;132.5;140.0;30.75792580783041;0.23213528911570122;113.43604007557717;151.56395992442285;0.6625;0.7;0.15378962903915205;0.23213528911570122;0.5671802003778859;0.7578197996221141;18.9;18.5;9.115371632577578;0.48229479537447506;13.2502341287448;24.549765871255197;0.6625;0.7;0.15378962903915205;0.23213528911570122;0.5671802003778859;0.7578197996221141;3.5;3.5;0.5;0.14285714285714285;3.1900967893034986;3.8099032106965014;1.325;1.4;0.3075792580783041;0.23213528911570122;1.1343604007557717;1.5156395992442282;19.0;18.5;9.20869154657707;0.4846679761356352;13.292393846804075;24.707606153195925;0.6364020218634157;0.6515789465383119;0.0665332903134076;0.1045460071270593;0.5951642612907608;0.6776397824360705;61.9;56.5;17.363467395655743;0.28050835857279066;51.13801141052454;72.66198858947546;0.27117021890128534;0.2707537688442211;0.09311858085451716;0.34339530805340873;0.21345472453665212;0.32888571326591853;2.432059641271785;2.378251121076233;0.41748934753151123;0.1716608180353651;2.17329706280858;2.6908222197349905;0.7142857142857143;2.5384615384615383;-1.5384615384615383;0.9275
0.25;0.75;2;200.0;200.0;0.0;0.0;200.0;200.0;164.4;160.0;49.29949289800048;0.29987526093674255;133.8438577304006;194.9561422695994;0.8219999999999998;0.8;0.2464974644900024;0.29987526093674266;0.6692192886520028;0.9747807113479969;30.1;27.0;21.08293148497144;0.7004296174409116;17.032663683825994;43.16733631617401;0.8219999999999998;0.8;0.2464974644900024;0.29987526093674266;0.6692192886520028;0.9747807113479969;3.9;4.0;0.8306623862918074;0.2129903554594378;3.385150118966703;4.414849881033296;1.6439999999999997;1.6;0.4929949289800048;0.29987526093674266;1.3384385773040055;1.9495614226959939;30.3;27.0;21.062051182161724;0.69511720073141;17.24560542958809;43.35439457041191;0.6674677714177858;0.6855198635694648;0.0875764122874142;0.13120695266138593;0.6131873487194854;0.7217481941160862;75.4;77.0;21.453204888780604;0.28452526377693105;62.103165850474035;88.69683414952597;0.22519769301955234;0.20469280436663784;0.0983913185204898;0.4369108635226879;0.16421412199122853;0.28618126404787614;2.6182150412724874;2.378908355795148;0.574598201936052;0.21946180618410535;2.262075385991649;2.9743546965533256;1.0;2.333333333333333;-1.3333333333333333;0.8219999999999998
0.25;0.85;2;200.0;200.0;0.0;0.0;200.0;200.0;212.7;196.5;81.88168293336429;0.38496324839381424;161.949207123435;263.450792876565;1.0635000000000001;0.9824999999999999;0.40940841466682143;0.3849632483938142;0.8097460356171752;1.3172539643828252;50.3;43.5;41.0902664873325;0.8169039063087973;24.831988974401632;75.76801102559835;1.0635000000000001;0.9824999999999999;0.40940841466682143;0.3849632483938142;0.8097460356171752;1.3172539643828252;4.3;4.0;1.1;0.2558139534883721;3.6182129364676974;4.981787063532303;2.1270000000000002;1.9649999999999999;0.8188168293336429;0.3849632483938142;1.6194920712343503;2.6345079287656503;50.3;43.5;41.0902664873325;0.8169039063087973;24.831988974401632;75.76801102559835;0.7112179892463217;0.7162678931420203;0.11055533206299466;0.15544507272678834;0.6426950845144419;0.7797408939782016;93.4;93.0;29.39115513211415;0.31468046179993736;75.18317331695776;111.61682668304225;0.18125313362513712;0.15040768969081447;0.09614640518503298;0.5304537541617371;0.12166097429760023;0.240845292952674;2.626485291396287;2.6102830650081184;0.4353644897375759;0.16575934811579635;2.3566435850104495;2.896326997782124;1.6666666666666665;2.1764705882352944;-1.1764705882352942;0.6381000000000001
0.25;0.95;2;200.0;200.0;0.0;0.0;200.0;200.0;282.9;258.5;126.69921073155902;0.4478586452158326;204.37101560315452;361.4289843968454;1.4144999999999999;1.2925;0.633496053657795;0.4478586452158325;1.0218550780157725;1.8071449219842273;76.8;66.5;58.46503228426373;0.7612634412013507;40.56299756326415;113.03700243673585;1.4144999999999999;1.2925;0.633496053657795;0.4478586452158325;1.0218550780157725;1.8071449219842273;5.1;5.0;1.1357816691600546;0.22270228807059897;4.396035228154135;5.803964771845864;2.8289999999999997;2.585;1.26699210731559;0.4478586452158325;2.043710156031545;3.6142898439684545;76.8;66.5;58.46503228426373;0.7612634412013507;40.56299756326415;113.03700243673585;0.7247765755043638;0.7287029807806522;0.11780845401794224;0.16254451095630493;0.651758139209661;0.7977950117990666;116.7;120.0;38.33027524033711;0.3284513730962906;92.94264927227786;140.45735072772214;0.15027980737921376;0.12127849799645303;0.09020202524729509;0.6002271816843675;0.09437201290828655;0.20618760185014096;3.044597336168922;3.175829122941217;0.7414904124417964;0.24354301425449865;2.585016817136151;3.504177855201693;4.999999999999996;2.052631578947368;-1.0526315789473684;0.2829000000000002
0.45;0.05;2;200.0;200.0;0.0;0.0;200.0;200.0;96.4;99.0;12.839003076563227;0.13318467921746086;88.44230344886161;104.3576965511384;0.48200000000000004;0.495;0.06419501538281612;0.13318467921746083;0.44221151724430807;0.521788482755692;4.3;4.0;1.1;0.2558139534883721;3.6182129364676974;4.981787063532303;0.48200000000000004;0.495;0.06419501538281612;0.13318467921746083;0.44221151724430807;0.521788482755692;3.3;3.0;0.45825756949558405;0.13886593015017698;3.015969015774687;3.5840309842253126;0.9640000000000001;0.99;0.12839003076563224;0.13318467921746083;0.8844230344886161;1.043576965511384;5.2;5.0;1.077032961426901;0.2071217233513271;4.532448054455685;5.8675519455443155;0.49820255614599745;0.4841299019607843;0.06492123206516179;0.1303109172449463;0.4579639596272649;0.53844115266473;48.7;49.0;11.090987332063813;0.22774101297872304;41.82573483199841;55.574265168001595;0.45741965901103415;0.45381355932203393;0.06528406467500597;0.14272247243626043;0.4169561765108294;0.4978831415112389;2.073633598385095;2.0512563712778324;0.4816033923082991;0.23225095922604766;1.7751327232677578;2.372134473502432;0.4736842105263158;21.0;-20.0;1.0175555555555555
0.45;0.15;2;200.0;200.0;0.0;0.0;200.0;200.0;107.4;112.0;15.67290655877205;0.14593022866640643;97.68583187298059;117.11416812701943;0.537;0.56;0.07836453279386027;0.14593022866640645;0.48842915936490294;0.5855708406350971;5.2;5.0;1.0770329614269007;0.20712172335132706;4.532448054455685;5.8675519455443155;0.537;0.56;0.07836453279386027;0.14593022866640645;0.48842915936490294;0.5855708406350971;3.5;3.0;0.6708203932499369;0.191662969499982;3.0842212126623103;3.9157787873376897;1.074;1.12;0.15672906558772054;0.14593022866640645;0.9768583187298059;1.1711416812701942;6.0;5.5;1.4142135623730951;0.23570226039551587;5.123461352820082;6.876538647179918;0.5261769834805046;0.5431428571428571;0.07932839562837503;0.1507637128170093;0.47700873447123315;0.575345232489776;54.8;55.5;12.496399481450648;0.22803648688778558;47.0546513571047;62.54534864289529;0.4649506364456677;0.4744557665585919;0.06187015173779841;0.1330682160385177;0.42660311910602083;0.5032981537853146;2.213732348287369;2.1582683982683983;0.4511691951020343;0.2038047623286874;1.934094784028416;2.493369912546322;0.5294117647058824;7.666666666666667;-6.666666666666667;1.0143333333333333
0.45;0.25;2;200.0;200.0;0.0;0.0;200.0;200.0;121.4;121.0;18.178008691823205;0.14973648016328833;110.13315348467017;132.66684651532984;0.607;0.605;0.09089004345911603;0.14973648016328836;0.5506657674233508;0.6633342325766491;6.8;6.5;2.227105745132009;0.3275155507547072;5.419625558045934;8.180374441954067;0.607;0.605;0.09089004345911603;0.14973648016328836;0.5506657674233508;0.6633342325766491;3.6;3.5;0.66332495807108;0.18425693279752223;3.1888669315173006;4.0111330684827;1.214;1.21;0.18178008691823205;0.14973648016328836;1.1013315348467017;1.3266684651532983;7.3;7.0;2.147091055358389;0.29412206237786154;5.969219176573392;8.630780823426608;0.5432949203598886;0.5578301886792453;0.08722392147937891;0.16054617521842496;0.48923297372789054;0.5973568669918866;61.9;61.5;14.3;0.23101777059773831;53.036768174080066;70.76323182591993;0.4296664962678003;0.44179886031110427;0.05892416718850096;0.13713931083836475;0.39314491906913257;0.466188073466468;2.477684084942943;2.4064750157714982;0.5311634511785607;0.21437900594610815;2.1484655670932025;2.8069026027926833;0.6;5.0;-4.0;1.0116666666666667
0.45;0.35;2;200.0;200.0;0.0;0.0;200.0;200.0;140.2;138.0;19.923855048659636;0.1421102357251044;127.85106670193736;152.54893329806262;0.701;0.69;0.0996192752432982;0.14211023572510442;0.6392553335096868;0.7627446664903131;9.7;8.0;3.287856444554719;0.3389542726345071;7.66216546304662;11.737834536953379;0.701;0.69;0.0996192752432982;0.14211023572510442;0.6392553335096868;0.7627446664903131;3.8;4.0;0.7483314773547882;0.19692933614599692;3.33617934500499;4.263820654995009;1.402;1.38;0.1992385504865964;0.14211023572510442;1.2785106670193735;1.5254893329806263;10.0;8.0;3.286335345030997;0.3286335345030997;7.963108250299001;12.036891749700999;0.5702814797817621;0.5764911279196994;0.06593578847573174;0.11561972607099978;0.5294140546848929;0.6111489048786314;72.6;69.0;14.677874505527019;0.2021745799659369;63.50255912907371;81.69744087092627;0.3978664293639553;0.396969696969697;0.05608265495108262;0.1409584996671836;0.36310603969650623;0.4326268190314043;2.7588052362292714;2.698150884619993;0.5100294768328848;0.18487331767210646;2.4426856913885358;3.074924781070007;0.6923076923076923;3.857142857142857;-2.857142857142857;1.0125555555555554
0.45;0.45;2;200.0;200.0;0.0;0.0;200.0;200.0;161.2;163.0;24.322006496175433;0.1508809335991032;146.12506419250815;176.27493580749183;0.806;0.815;0.12161003248087719;0.1508809335991032;0.7306253209625408;0.8813746790374593;13.4;13.0;5.499090833947008;0.41037991298112;9.991628189296245;16.808371810703758;0.806;0.815;0.12161003248087719;0.1508809335991032;0.7306253209625408;0.8813746790374593;4.1;4.0;0.7000000000000001;0.1707317073170732;3.666135505024898;4.533864494975101;1.612;1.63;0.24322006496175438;0.1508809335991032;1.4612506419250817;1.7627493580749185;13.8;13.0;5.325410782277739;0.38589933204911153;10.499276200588726;17.100723799411277;0.5989488049229561;0.5882325329422472;0.05688529015791432;0.09497521272328371;0.5636909368002766;0.6342066730456356;81.6;75.0;14.554724318928201;0.17836671959470837;72.5788884055234;90.62111159447659;0.36141709650809284;0.38839285714285715;0.07284463925159625;0.2015528317708266;0.31626752133589675;0.4065666716802889;2.8316575435310454;2.731249339088471;0.38372322397867414;0.13551187531673606;2.593823425271438;3.0694916617906527;0.8181818181818181;3.2222222222222223;-2.2222222222222223;0.9851111111111113
0.45;0.55;2;200.0;200.0;0.0;0.0;200.0;200.0;190.7;198.0;33.099999999999994;0.1735710540115364;170.18440745189162;211.21559254810836;0.9535;0.99;0.16549999999999998;0.1735710540115364;0.8509220372594581;1.0560779627405419;20.6;20.0;9.123595782365635;0.44289299914396285;14.945136747895667;26.254863252104336;0.9535;0.99;0.16549999999999998;0.1735710540115364;0.8509220372594581;1.0560779627405419;4.4;4.5;0.66332495807108;0.15075567228888181;3.988866931517301;4.811133068482699;1.907;1.98;0.33099999999999996;0.1735710540115364;1.7018440745189163;2.1121559254810838;20.8;20.0;9.097252332435326;0.43736790059785224;15.161464587324119;26.438535412675883;0.6345330273625058;0.6359050250064264;0.05713253613536077;0.09003871141717767;0.5991219145953415;0.6699441401296702;94.0;90.5;16.012495120998476;0.17034569277657954;84.07535270148102;103.92464729851898;0.32019579374868723;0.33224230743669836;0.08411459323290059;0.2626973710308006;0.2680610287300751;0.37233055876729937;3.0484642403517292;2.77892755518637;0.5502300670083067;0.18049418448970278;2.707428111576479;3.3895003691269796;1.0000000000000002;2.8181818181818183;-1.8181818181818181;0.9534999999999998
0.45;0.65;2;200.0;200.0;0.0;0.0;200.0;200.0;230.1;228.0;51.57218242424883;0.22412943252607054;198.13523016819923;262.06476983180073;1.1504999999999999;1.1400000000000001;0.2578609121212442;0.2241294325260706;0.990676150840996;1.3103238491590037;32.7;30.5;19.31864384474231;0.5907842154355446;20.72618049242432;44.673819507575686;1.1504999999999999;1.1400000000000001;0.2578609121212442;0.2241294325260706;0.990676150840996;1.3103238491590037;5.0;5.0;1.0;0.2;4.380193578606997;5.619806421393003;2.3009999999999997;2.2800000000000002;0.5157218242424884;0.2241294325260706;1.981352301681992;2.6206476983180074;32.9;30.5;19.289634522198703;0.5863110797020883;20.944160656817104;44.85583934318289;0.6564205421941198;0.6683445420045713;0.06454736410991326;0.09833233416821528;0.6164136714348034;0.6964274129534362;108.4;110.0;17.124251808473268;0.1579728026611925;97.78627876755755;119.01372123244246;0.26642503149350405;0.260670971364402;0.08667532067824413;0.32532724193506357;0.21270311116083065;0.3201469518261774;3.0617480456895807;3.0500170319222897;0.2872697722117422;0.09382541212565453;2.8836963962006377;3.2397996951785237;1.2857142857142858;2.5384615384615383;-1.5384615384615383;0.8948333333333331
0.45;0.75;2;200.0;200.0;0.0;0.0;200.0;200.0;292.5;284.5;83.39454418605573;0.2851095527728401;240.81152600434018;344.1884739956598;1.4625;1.4224999999999999;0.41697272093027854;0.28510955277284006;1.204057630021701;1.7209423699782989;53.2;48.5;37.236541192758494;0.6999349848262875;30.120552658263243;76.27944734173676;1.4625;1.4224999999999999;0.41697272093027854;0.28510955277284006;1.204057630021701;1.7209423699782989;5.2;5.5;1.077032961426901;0.2071217233513271;4.532448054455685;5.8675519455443155;2.925;2.8449999999999998;0.8339454418605571;0.28510955277284006;2.408115260043402;3.4418847399565977;53.2;48.5;37.236541192758494;0.6999349848262875;30.120552658263243;76.27944734173676;0.7038972852747143;0.70228701332067;0.0791187881369953;0.11240104173170255;0.6548589523345721;0.7529356182148564;128.2;131.0;23.04690868641606;0.17977307867719236;113.91537800290115;142.48462199709883;0.22314436201430396;0.21109226519422103;0.09636307435705384;0.43184185111016515;0.16341790974263065;0.28287081428597727;3.46468879519526;3.48451803280859;0.6307763167268762;0.18205857842171;3.0737295836253162;3.855648006765204;1.8;2.333333333333333;-1.3333333333333333;0.8124999999999999
0.45;0.85;2;200.0;200.0;0.0;0.0;200.0;200.0;380.1;360.5;130.48022838729247;0.34327868557561814;299.22751658073065;460.9724834192694;1.9004999999999999;1.8025;0.6524011419364621;0.3432786855756181;1.4961375829036532;2.3048624170963468;83.3;73.5;56.62517108141926;0.679773962562056;48.203355351259006;118.39664464874099;1.9004999999999999;1.8025;0.6524011419364621;0.3432786855756181;1.4961375829036532;2.3048624170963468;6.3;6.0;1.1874342087037917;0.1884816204291733;5.564020652463672;7.035979347536328;3.8009999999999997;3.605;1.3048022838729243;0.3432786855756181;2.9922751658073063;4.6097248341926935;83.4;73.5;56.508760382793746;0.6775630741342176;48.37550744978595;118.42449255021407;0.7410644917646261;0.7309406450950587;0.0798752766105365;0.10778451470578106;0.6915572824108732;0.7905717011183789;146.4;147.0;27.36494107430162;0.18691899640916407;129.43903380110675;163.36096619889327;0.189176411233898;0.1671693257752783;0.09801108178887354;0.5180935675309565;0.12842851337347944;0.24992430909431657;3.268132770900597;3.2624924083114255;0.8009536261981319;0.24507989189723575;2.7716965701449845;3.76456897165621;2.9999999999999996;2.1764705882352944;-1.1764705882352942;0.6335000000000001
0.45;0.95;2;200.0;200.0;0.0;0.0;200.0;200.0;489.6;475.5;169.56603433470983;0.34633585444180925;384.5018830692006;594.6981169307994;2.4479999999999995;2.3775;0.8478301716735492;0.3463358544418094;1.9225094153460023;2.9734905846539967;116.8;127.0;63.44887705862098;0.5432266871457275;77.47397856889157;156.12602143110843;2.4479999999999995;2.3775;0.8478301716735492;0.3463358544418094;1.9225094153460023;2.9734905846539967;6.9;7.0;0.8306623862918073;0.12038585308576917;6.3851501189667035;7.414849881033297;4.895999999999999;4.755;1.6956603433470985;0.3463358544418094;3.8450188306920046;5.9469811693079935;116.8;127.0;63.44887705862098;0.5432266871457275;77.47397856889157;156.12602143110843;0.7730416434982709;0.7822382718464682;0.06945165000637812;0.08984205519910451;0.7299950648479784;0.8160882221485634;164.0;171.0;25.87276560400917;0.1577607658781047;147.96389373943913;180.03610626056087;0.1558764198027899;0.11854089677534525;0.08464818647355431;0.5430467711578737;0.10341093026720867;0.20834190933837116;3.144223940778033;2.61033522816249;1.222676183315095;0.38886421779885877;2.3864013910750494;3.9020464904810166;8.999999999999993;2.052631578947368;-1.0526315789473684;0.2720000000000002
0.65;0.05;2;200.0;200.0;0.0;0.0;200.0;200.0;138.3;141.0;15.975293424535277;0.11551188304074675;128.39841055183564;148.20158944816438;0.6914999999999999;0.705;0.07987646712267636;0.11551188304074675;0.641992052759178;0.7410079472408218;5.6;5.5;0.9165151389911681;0.16366341767699433;5.031938031549374;6.168061968450625;0.6914999999999999;0.705;0.07987646712267636;0.11551188304074675;0.641992052759178;0.7410079472408218;4.1;4.0;0.5385164807134504;0.13134548310084157;3.7662240272278424;4.433775972772157;1.3829999999999998;1.41;0.15975293424535272;0.11551188304074675;1.283984105518356;1.4820158944816435;6.7;7.0;1.1874342087037917;0.17722898637370024;5.964020652463672;7.435979347536328;0.5260906587663513;0.5271248525485813;0.06215034946143649;0.11813619653915744;0.48756947307833387;0.5646118444543687;74.2;73.0;13.044539087296261;0.1758024135754213;66.11491090958177;82.28508909041824;0.4690174451164147;0.46559048428207306;0.04470790400886973;0.09532247568696042;0.4413071991246953;0.4967276911081341;2.770944058574045;2.7721845012657234;0.6075599437599412;0.21926099225279833;2.394374504050462;3.147513613097628;0.6842105263157895;21.0;-20.0;1.010653846153846
0.65;0.15;2;200.0;200.0;0.0;0.0;200.0;200.0;155.2;156.5;18.675117134840146;0.12032936298221744;143.62504247955957;166.7749575204404;0.776;0.7825;0.09337558567420072;0.12032936298221741;0.718125212397798;0.833874787602202;7.4;7.0;1.9595917942265424;0.2648097019225057;6.185432422629354;8.614567577370646;0.776;0.7825;0.09337558567420072;0.12032936298221741;0.718125212397798;0.833874787602202;4.1;4.0;0.5385164807134504;0.13134548310084157;3.7662240272278424;4.433775972772157;1.552;1.565;0.18675117134840144;0.12032936298221741;1.436250424795596;1.667749575204404;8.2;8.0;1.8867962264113207;0.2300971007818684;7.030551583010178;9.36944841698982;0.5226703475635015;0.5274909456740442;0.04363284580504095;0.08348062217120478;0.4956264295498864;0.5497142655771166;82.5;82.0;13.055650117860848;0.15825030445891938;74.40802422148954;90.59197577851046;0.436537226237392;0.4188556457711139;0.03516885245361528;0.08056323800089894;0.4147393456536182;0.4583351068211658;3.246825060621582;3.203672563150615;0.9338261019210301;0.2876120777946243;2.6680336461865313;3.8256164750566324;0.7647058823529412;7.666666666666667;-6.666666666666667;1.0147692307692306
0.65;0.25;2;200.0;200.0;0.0;0.0;200.0;200.0;174.9;175.0;20.087060511682637;0.11484883082723063;162.4499109079493;187.35008909205072;0.8744999999999999;0.875;0.10043530255841321;0.11484883082723066;0.8122495545397463;0.9367504454602535;9.9;8.5;2.8792360097775935;0.2908319201795549;8.115431032433882;11.684568967566118;0.8744999999999999;0.875;0.10043530255841321;0.11484883082723066;0.8122495545397463;0.9367504454602535;4.3;4.0;0.45825756949558405;0.10657152778967072;4.015969015774687;4.584030984225313;1.7489999999999999;1.75;0.20087060511682642;0.11484883082723066;1.6244991090794927;1.873500890920507;10.5;9.5;2.692582403567252;0.25643641938735734;8.831120136139212;12.168879863860788;0.5769062458688955;0.5699071435607339;0.0439949387411751;0.07626011861756328;0.5496379003283234;0.6041745914094676;91.4;87.0;12.839003076563227;0.14047049317902874;83.44230344886161;99.3576965511384;0.42644255647208873;0.42655993056824415;0.04481191886381737;0.10508313062031456;0.3986678414053525;0.45421727153882496;3.541203384463666;3.4843360973391935;0.9916359423070154;0.28002795508939793;2.926581059737677;4.155825709189655;0.8666666666666667;5.0;-4.0;1.0090384615384613
0.65;0.35;2;200.0;200.0;0.0;0.0;200.0;200.0;199.6;196.5;27.43063980296486;0.13742805512507444;182.5983133072039;216.60168669279608;0.998;0.9824999999999999;0.13715319901482428;0.13742805512507444;0.9129915665360195;1.0830084334639805;13.0;12.5;4.242640687119285;0.32635697593225266;10.370384058460248;15.629615941539752;0.998;0.9824999999999999;0.13715319901482428;0.13742805512507444;0.9129915665360195;1.0830084334639805;4.5;4.0;0.806225774829855;0.17916128329552333;4.000296087667907;4.999703912332093;1.996;1.9649999999999999;0.27430639802964857;0.13742805512507444;1.825983133072039;2.166016866927961;13.5;12.5;4.031128874149275;0.29860213882587217;11.001480438339536;15.998519561660464;0.5920517934607731;0.5876671507763945;0.04615097899117003;0.07795091493836984;0.5634471203284723;0.6206564665930738;100.9;97.0;12.429400629153443;0.12318533824730865;93.19617767598447;108.60382232401554;0.3976325827734536;0.41188986232790986;0.04912960552584394;0.12355528106667994;0.36718173778803037;0.4280834277588768;3.656139881254698;3.4796214392063907;0.7927438989112209;0.2168253744818895;3.1647921221893984;4.147487640319998;1.0;3.857142857142857;-2.857142857142857;0.998
0.65;0.45;2;200.0;200.0;0.0;0.0;200.0;200.0;230.5;234.0;31.963260159126445;0.13866924147126442;210.6889661047183;250.3110338952817;1.1525;1.17;0.15981630079563225;0.13866924147126442;1.0534448305235917;1.2515551694764084;20.3;19.5;6.856383886568779;0.337752900816196;16.05036923956916;24.54963076043084;1.1525;1.17;0.15981630079563225;0.13866924147126442;1.0534448305235917;1.2515551694764084;5.0;5.0;1.0;0.2;4.380193578606997;5.619806421393003;2.305;2.34;0.3196326015912645;0.13866924147126442;2.1068896610471834;2.503110338952817;20.5;19.5;6.830080526611674;0.3331746598347158;16.266672230974784;24.733327769025216;0.6173986470507;0.6160648926065238;0.034690613723018474;0.05618835397313354;0.5958971819031089;0.6389001121982911;112.8;109.5;11.070682002478437;0.09814434399360317;105.93832020566393;119.66167979433607;0.3602316388676555;0.3530386235215318;0.06287436872241545;0.17453871880896804;0.3212617013924711;0.3992015763428399;3.6595931352220696;3.443650561967804;0.7607141351715239;0.20786849987501754;3.1880976293983347;4.131088641045804;1.1818181818181817;3.2222222222222223;-2.2222222222222223;0.9751923076923079
0.65;0.55;2;200.0;200.0;0.0;0.0;200.0;200.0;268.8;271.5;47.06123670283219;0.17507900559089357;239.63114329288857;297.96885670711146;1.3439999999999999;1.3575;0.23530618351416097;0.1750790055908936;1.1981557164644427;1.489844283535557;29.2;29.0;13.717142559585797;0.46976515615019854;20.698026958405478;37.70197304159452;1.3439999999999999;1.3575;0.23530618351416097;0.1750790055908936;1.1981557164644427;1.489844283535557;5.4;5.5;0.9165151389911681;0.1697250257391052;4.831938031549375;5.968061968450626;2.6879999999999997;2.715;0.47061236702832193;0.1750790055908936;2.3963114329288855;2.979688567071114;29.3;29.0;13.60183811107896;0.46422655669211466;20.869493396005197;37.730506603994804;0.6411386806543093;0.6461557317689328;0.04573881968503523;0.07133997848695826;0.6127894665065878;0.6694878948020309;125.1;124.0;12.723600119463045;0.1017074350076982;117.21383094272002;132.98616905727997;0.32506298911067183;0.3223727972501077;0.07784420597930256;0.23947422064958465;0.2768146503764606;0.3733113278448831;3.947925729152643;3.9008069644509256;0.7688027087427649;0.19473585915401093;3.471416873489543;4.424434584815742;1.4444444444444446;2.8181818181818183;-1.8181818181818181;0.9304615384615382
0.65;0.65;2;200.0;200.0;0.0;0.0;200.0;200.0;334.9;332.0;75.12715887081049;0.22432713905885487;288.3357045108594;381.46429548914057;1.6745;1.6600000000000001;0.3756357943540525;0.22432713905885485;1.4416785225542972;1.907321477445703;46.7;44.0;27.64434842784326;0.5919560691186992;29.565855329197202;63.8341446708028;1.6745;1.6600000000000001;0.3756357943540525;0.22432713905885485;1.4416785225542972;1.907321477445703;5.9;6.0;0.8306623862918076;0.14079023496471313;5.3851501189667035;6.414849881033297;3.349;3.3200000000000003;0.751271588708105;0.22432713905885485;2.8833570451085944;3.814642954891406;46.9;44.0;27.624083695210597;0.5889996523499061;29.778415540610734;64.02158445938926;0.6979367731514741;0.6958448412232745;0.047242653538178095;0.06768901619104825;0.6686554731248664;0.7272180731780817;141.4;143.0;16.98940846527624;0.12015140357338218;130.86985553755315;151.93014446244686;0.27790109147781844;0.2712474757152754;0.09360793452726707;0.3368390315758752;0.21988229256448258;0.33591989039115433;3.828550366757127;3.859364071570227;0.7661890760207053;0.20012511332577443;3.3536614574383226;4.303439276075931;1.8571428571428574;2.5384615384615383;-1.5384615384615383;0.901653846153846
0.65;0.75;2;200.0;200.0;0.0;0.0;200.0;200.0;422.2;411.0;122.53554586323105;0.2902310418361702;346.25168182507264;498.14831817492734;2.1109999999999998;2.0549999999999997;0.6126777293161553;0.2902310418361702;1.7312584091253629;2.4907415908746366;73.4;67.5;48.924840316550856;0.666550957991156;43.076069806174544;103.72393019382547;2.1109999999999998;2.0549999999999997;0.6126777293161553;0.2902310418361702;1.7312584091253629;2.4907415908746366;6.6;7.0;1.2806248474865698;0.19403406780099544;5.806260496132389;7.39373950386761;4.2219999999999995;4.109999999999999;1.2253554586323105;0.2902310418361702;3.4625168182507258;4.981483181749273;73.5;67.5;48.81034726366941;0.6640863573288355;43.247033335555344;103.75296666444466;0.7305629372785316;0.7243689202724359;0.06685581751180387;0.0915127418875818;0.6891252722772369;0.7720006022798264;159.1;161.5;21.764420506873137;0.13679711192252128;145.61027241194247;172.5897275880575;0.2355427205515883;0.21875462036360405;0.09952596460331188;0.4225389108618783;0.17385588859512296;0.29722955250805366;3.5643891762539552;3.4077892746806633;0.929355186363575;0.2607333656366597;2.988368863990921;4.1404094885169895;2.6;2.333333333333333;-1.3333333333333333;0.8119230769230769
0.65;0.85;2;200.0;200.0;0.0;0.0;200.0;200.0;538.4;525.0;165.4226103046376;0.30724853325527046;435.87000388959336;640.9299961104066;2.692;2.625;0.8271130515231881;0.30724853325527046;2.179350019447967;3.204649980552033;107.8;109.5;59.72068318430391;0.5539952057913164;70.78473707239135;144.81526292760864;2.692;2.625;0.8271130515231881;0.30724853325527046;2.179350019447967;3.204649980552033;7.8;8.0;1.0770329614269007;0.13808114890088471;7.1324480544556845;8.467551945544315;5.384;5.25;1.6542261030463763;0.30724853325527046;4.358700038895934;6.409299961104066;107.8;109.5;59.72068318430391;0.5539952057913164;70.78473707239135;144.81526292760864;0.7768787948600232;0.7726684352422009;0.05483083528312872;0.0705783651785837;0.742894291061198;0.8108632986588484;172.9;178.0;19.526648457940755;0.11293608130677128;160.79725789748457;185.00274210251544;0.19501894457731211;0.16752007791285656;0.09182269651713122;0.4708398802800904;0.13810664764637332;0.2519312415082509;3.1894310420469076;2.6265870171228665;1.1033051214944194;0.34592537256624367;2.50559544298888;3.8732666411049355;4.333333333333333;2.1764705882352944;-1.1764705882352942;0.6212307692307694
0.65;0.95;2;200.0;200.0;0.0;0.0;200.0;200.0;668.1;667.5;202.8287208459394;0.3035903619906292;542.3854563767582;793.8145436232419;3.3405;3.3375000000000004;1.0141436042296967;0.30359036199062917;2.7119272818837903;3.9690727181162098;140.2;168.5;61.80258894253541;0.44081732483976754;101.89435851470438;178.5056414852956;3.3405;3.3375000000000004;1.0141436042296967;0.30359036199062917;2.7119272818837903;3.9690727181162098;8.5;8.5;1.284523257866513;0.1511203832784133;7.703844236345676;9.296155763654324;6.681;6.675000000000001;2.0282872084593935;0.30359036199062917;5.423854563767581;7.9381454362324195;140.2;168.5;61.80258894253541;0.44081732483976754;101.89435851470438;178.5056414852956;0.7915440325678845;0.8097356930376653;0.04774520904060613;0.060319081537022895;0.7619512454137656;0.8211368197220035;183.4;192.0;17.692936443677176;0.09647184538537174;172.43380437891062;194.3661956210894;0.16859271313072732;0.13748327109350333;0.07838507940627251;0.46493752873822297;0.12000913757331924;0.2171762886881354;2.7258427397908855;2.119516522003959;0.9203355209589382;0.33763338857528596;2.155412874064462;3.2962726055173093;12.99999999999999;2.052631578947368;-1.0526315789473684;0.2569615384615387
0.85;0.05;2;200.0;200.0;0.0;0.0;200.0;200.0;178.8;182.5;18.126224096595518;0.10137709226283846;167.56524990932155;190.03475009067847;0.8940000000000001;0.9125000000000001;0.09063112048297758;0.10137709226283845;0.8378262495466078;0.9501737504533925;7.3;6.5;1.676305461424021;0.22963088512657823;6.261015110793232;8.338984889206767;0.8940000000000001;0.9125000000000001;0.09063112048297758;0.10137709226283845;0.8378262495466078;0.9501737504533925;4.2;4.0;0.6;0.14285714285714285;3.8281161471641987;4.571883852835802;1.7880000000000003;1.8250000000000002;0.18126224096595517;0.10137709226283845;1.6756524990932156;1.900347500906785;8.4;8.0;1.624807680927192;0.1934294858246657;7.392933765832654;9.407066234167345;0.5506090095271405;0.5530540009818361;0.05008307877529924;0.09095942476188369;0.5195671956990785;0.5816508233552026;96.7;95.5;11.162884931772789;0.11543831366879823;89.78117223801604;103.61882776198397;0.4665124097895873;0.4825572268523804;0.0365251381484995;0.07829403330336605;0.4438738946228808;0.4891509249562938;3.7479054101936278;3.4830880780176554;1.333773676393446;0.35587175513176555;2.9212239208800175;4.574586899507238;0.8947368421052632;21.0;-20.0;0.9991764705882354
0.85;0.15;2;200.0;200.0;0.0;0.0;200.0;200.0;199.0;202.5;20.410781464706343;0.10256674102867509;186.34926658252573;211.65073341747427;0.9949999999999999;1.0125;0.10205390732353173;0.10256674102867512;0.9317463329126285;1.0582536670873712;8.9;8.5;1.972308292331602;0.22160767329568562;7.677550655446207;10.122449344553793;0.9949999999999999;1.0125;0.10205390732353173;0.10256674102867512;0.9317463329126285;1.0582536670873712;4.7;5.0;0.6403124237432849;0.13623668590282656;4.3031302480661955;5.096869751933805;1.9899999999999998;2.025;0.20410781464706346;0.10256674102867512;1.863492665825257;2.1165073341747425;9.5;8.5;2.1563858652847827;0.22698798581945082;8.163458193695385;10.836541806304615;0.5533491390476689;0.555484948919582;0.0455581024349222;0.08233156829940878;0.525111934612024;0.5815863434833138;104.2;104.0;11.205355862265153;0.10753700443632584;97.25484848257435;111.14515151742566;0.4495496080255566;0.45119263676432464;0.03859511059636233;0.08585284005890674;0.4256281106435581;0.4734711054075551;4.0328683278011255;4.147676898041636;0.8798812732995441;0.21817753563486392;3.487512264546617;4.578224391055634;1.0;7.666666666666667;-6.666666666666667;0.9949999999999999
0.85;0.25;2;200.0;200.0;0.0;0.0;200.0;200.0;223.6;220.5;27.517994112943626;0.12306795220457793;206.5441705449427;240.6558294550573;1.118;1.1025;0.1375899705647181;0.1230679522045779;1.0327208527247136;1.2032791472752866;11.8;12.0;3.2186953878862163;0.27277079558357764;9.805031930080084;13.794968069919918;1.118;1.1025;0.1375899705647181;0.1230679522045779;1.0327208527247136;1.2032791472752866;5.0;5.0;1.0;0.2;4.380193578606997;5.619806421393003;2.236;2.205;0.2751799411294362;0.1230679522045779;2.065441705449427;2.4065582945505732;12.3;12.5;3.0675723300355937;0.24939612439313769;10.398698971756446;14.201301028243556;0.574590848473836;0.5932415623592094;0.044879661658735345;0.07810716404192598;0.5467741459878065;0.6024075509598655;112.7;109.0;10.8816359064251;0.0965540009443221;105.95549218993706;119.44450781006294;0.4358203077545567;0.4318231525319062;0.050729197097125034;0.11639934210154904;0.4043780256416474;0.46726258986746605;3.9670127641967596;4.1063113992783915;0.849657963750538;0.21418079906848414;3.4403893022764733;4.4936362261170455;1.1333333333333333;5.0;-4.0;0.9864705882352942
0.85;0.35;2;200.0;200.0;0.0;0.0;200.0;200.0;254.3;253.5;34.24339352342288;0.13465746568392795;233.07572480389496;275.52427519610507;1.2715;1.2675;0.17121696761711439;0.13465746568392795;1.1653786240194748;1.3776213759805254;17.0;16.5;4.753945729601885;0.2796438664471697;14.05347390983891;19.94652609016109;1.2715;1.2675;0.17121696761711439;0.13465746568392795;1.1653786240194748;1.3776213759805254;5.5;5.5;1.02469507659596;0.18630819574472;4.86488741155603;6.13511258844397;2.543;2.535;0.34243393523422877;0.13465746568392795;2.3307572480389496;2.7552427519610507;17.3;16.5;4.817675788178362;0.2784783692588648;14.31397361029746;20.286026389702542;0.5942506240111245;0.603515416427169;0.03325076886876322;0.05595411687466863;0.5736415839500105;0.6148596640722385;123.1;121.5;11.031319050775387;0.08961266491287886;116.26271761589445;129.93728238410554;0.4098592506838611;0.4013459685653068;0.05604742790709624;0.13674798803145133;0.37512069496448147;0.4445978064032407;4.542664740938059;4.143716279125691;1.1163043385980609;0.2457377777712789;3.8507721436461124;5.2345573382300055;1.3076923076923077;3.857142857142857;-2.857142857142857;0.9723235294117647
0.85;0.45;2;200.0;200.0;0.0;0.0;200.0;200.0;294.8;303.0;44.90835111646831;0.15233497665016388;266.96551560384137;322.63448439615865;1.4740000000000002;1.5150000000000001;0.22454175558234155;0.15233497665016385;1.334827578019207;1.6131724219807935;24.8;24.5;8.930845424706442;0.36011473486719525;19.264604657298634;30.335395342701368;1.4740000000000002;1.5150000000000001;0.22454175558234155;0.15233497665016385;1.334827578019207;1.6131724219807935;5.9;6.0;0.9433981132056604;0.15989798528909496;5.31527579150509;6.484724208494911;2.9480000000000004;3.0300000000000002;0.4490835111646831;0.15233497665016385;2.669655156038414;3.226344843961587;25.0;24.5;8.888194417315589;0.35552777669262353;19.491040025558362;30.508959974441638;0.6317186435545481;0.6290517832611888;0.0323387844251113;0.05119175245984155;0.6116748573078201;0.6517624298012761;133.9;133.0;12.934063553268942;0.09659494812000703;125.88338435497872;141.9166156450213;0.3780372121971457;0.38707472660996356;0.06875369337550626;0.181870173509933;0.3354232315485214;0.42065119284577;4.348861324816683;4.264517873406193;0.5470525813193425;0.12579214200222913;4.009794622075337;4.687928027558029;1.5454545454545452;3.2222222222222223;-2.2222222222222223;0.9537647058823532
0.85;0.55;2;200.0;200.0;0.0;0.0;200.0;200.0;356.1;359.5;65.7213055256817;0.18455856648604801;315.3655128128511;396.83448718714897;1.7805;1.7974999999999999;0.3286065276284085;0.18455856648604801;1.5768275640642555;1.9841724359357444;38.3;35.5;19.38066046346202;0.5060224664089301;26.287742193908755;50.31225780609124;1.7805;1.7974999999999999;0.3286065276284085;0.18455856648604801;1.5768275640642555;1.9841724359357444;6.2;6.0;0.8717797887081347;0.1406096433400217;5.659665288918063;6.740334711081937;3.561;3.5949999999999998;0.657213055256817;0.18455856648604801;3.153655128128511;3.968344871871489;38.4;35.5;19.489484344127735;0.5075386547949932;26.320292453871243;50.47970754612875;0.6720926891826771;0.6804477870779846;0.04106558621591286;0.06110107560588431;0.6466399751477863;0.6975454032175679;150.6;154.5;13.230268326832983;0.08785038729636775;142.39979473427647;158.80020526572352;0.325930670980754;0.3217777525022748;0.0893569626212058;0.2741594166401181;0.2705466517519562;0.38131469020955183;4.183384560085733;3.9746479635128935;0.9189561762368201;0.21966810916804344;3.613809621075392;4.7529594990960735;1.888888888888889;2.8181818181818183;-1.8181818181818181;0.9426176470588234
0.85;0.65;2;200.0;200.0;0.0;0.0;200.0;200.0;438.5;439.0;100.43032410581975;0.22903152589696638;376.25264021663247;500.74735978336753;2.1925;2.195;0.5021516205290988;0.2290315258969664;1.8812632010831623;2.5037367989168375;59.5;58.0;36.10055401236939;0.606732000207889;37.12464480728853;81.87535519271147;2.1925;2.195;0.5021516205290988;0.2290315258969664;1.8812632010831623;2.5037367989168375;6.9;6.5;1.0440306508910548;0.15130878998421085;6.252903098446609;7.547096901553392;4.385;4.39;1.0043032410581976;0.2290315258969664;3.7625264021663245;5.007473597833675;59.5;58.0;36.10055401236939;0.606732000207889;37.12464480728853;81.87535519271147;0.7182192933943894;0.7108785335845225;0.04888168610487443;0.06805955584102147;0.6879221104580712;0.7485164763307076;164.3;165.0;16.143419712068443;0.09825574992129302;154.29420479921762;174.3057952007824;0.28654719820070895;0.2697140139436713;0.10236927258476189;0.35725099818654804;0.2230980656993429;0.34999633070207503;3.9164517988131187;3.441314744139231;1.1286327538201941;0.2881773635417207;3.216917970600895;4.615985627025342;2.428571428571429;2.5384615384615383;-1.5384615384615383;0.9027941176470586
0.85;0.75;2;200.0;200.0;0.0;0.0;200.0;200.0;549.2;546.0;150.96542650554133;0.2748824226248021;455.6306592435322;642.769340756468;2.746;2.73;0.7548271325277066;0.2748824226248021;2.2781532962176607;3.2138467037823393;91.9;87.5;54.88797682553074;0.5972576368392899;57.88007950626576;125.91992049373425;2.746;2.73;0.7548271325277066;0.2748824226248021;2.2781532962176607;3.2138467037823393;7.9;8.0;1.3;0.16455696202531644;7.094251652189097;8.705748347810903;5.492;5.46;1.5096542650554132;0.2748824226248021;4.556306592435321;6.4276934075646786;92.0;87.5;54.77408146194694;0.5953704506733363;58.05067258398188;125.94932741601812;0.7542938580741678;0.7506687218206245;0.059541422680713836;0.07893663993596946;0.7173897019577864;0.7911980141905492;177.1;179.0;16.489087300393553;0.09310608300617478;166.87995780830627;187.32004219169372;0.2413945679723782;0.22148170063434885;0.09851336685710768;0.40810100941616945;0.1803353506012983;0.3024537853434581;3.466747159133824;2.86073290264105;1.1952590355897654;0.3447782548665603;2.7259179336472803;4.207576384620368;3.4;2.333333333333333;-1.3333333333333333;0.8076470588235294
0.85;0.85;2;200.0;200.0;0.0;0.0;200.0;200.0;679.9;689.5;190.1875127341435;0.27972865529363655;562.0205583386145;797.7794416613855;3.3995000000000006;3.4475;0.9509375636707176;0.27972865529363655;2.810102791693073;3.9888972083069283;127.8;146.0;60.363565169728005;0.472328365960313;90.38627468962761;165.21372531037238;3.3995000000000006;3.4475;0.9509375636707176;0.27972865529363655;2.810102791693073;3.9888972083069283;8.7;9.0;1.1874342087037917;0.13648669065560826;7.96402065246367;9.435979347536328;6.799000000000001;6.895;1.9018751273414352;0.27972865529363655;5.620205583386146;7.977794416613857;127.8;146.0;60.363565169728005;0.472328365960313;90.38627468962761;165.21372531037238;0.7755284826222353;0.784222125814426;0.056595970527398023;0.07297729457470652;0.7404499366643849;0.8106070285800857;185.9;191.5;13.648809471891678;0.07342016929473737;177.4403802449519;194.3596197550481;0.2021353069825401;0.16656080596263928;0.08576865842778383;0.42431309852856286;0.14897534173473664;0.25529527223034354;2.859314489281823;2.303106441297396;0.9366604814099456;0.3275821826948485;2.278766308238878;3.439862670324768;5.666666666666666;2.1764705882352944;-1.1764705882352942;0.5999117647058825
0.85;0.95;2;200.0;200.0;0.0;0.0;200.0;200.0;832.4;855.0;233.78802364535272;0.2808601917892272;687.4966816998312;977.3033183001687;4.162000000000001;4.275;1.1689401182267638;0.28086019178922716;3.4374834084991575;4.886516591500844;154.6;189.5;57.791348833540816;0.3738120881859044;118.7805508920084;190.41944910799157;4.162000000000001;4.275;1.1689401182267638;0.28086019178922716;3.4374834084991575;4.886516591500844;10.4;10.5;1.9078784028338915;0.18344984642633572;9.21748471468653;11.582515285313471;8.324000000000002;8.55;2.3378802364535276;0.28086019178922716;6.874966816998315;9.773033183001688;154.7;189.5;57.60390611755422;0.3723587984328004;118.99672909102024;190.40327090897972;0.785494555625992;0.806184736783424;0.04911897576011116;0.06253254769024628;0.7550502990376279;0.8159388122143562;192.7;197.5;9.60260381354974;0.04983188278956793;186.74824449426893;198.65175550573105;0.17831074788898327;0.14870452406415574;0.06754216576646102;0.3787890890823527;0.13644767983214012;0.2201738159458264;2.6209261427110007;1.9723618090452262;1.077751221207367;0.4112100694652068;1.9529290151425245;3.2889232702794766;16.999999999999986;2.052631578947368;-1.0526315789473684;0.24482352941176497
1.05;0.05;2;200.0;200.0;0.0;0.0;200.0;200.0;221.7;225.0;21.96838637679154;0.0990906016093439;208.08385305602204;235.31614694397794;1.1085;1.125;0.10984193188395769;0.09909060160934387;1.0404192652801103;1.1765807347198898;8.8;8.0;1.7204650534085253;0.19550739243278695;7.733644712115142;9.86635528788486;1.1085;1.125;0.10984193188395769;0.09909060160934387;1.0404192652801103;1.1765807347198898;4.9;5.0;0.9433981132056604;0.19253022718482862;4.31527579150509;5.484724208494911;2.217;2.25;0.21968386376791538;0.09909060160934387;2.0808385305602206;2.3531614694397796;9.4;8.5;1.9078784028338913;0.20296578753552036;8.21748471468653;10.582515285313471;0.5494777380283817;0.5564950877045033;0.05614034888492629;0.10217037925206447;0.514681589290261;0.5842738867665025;116.6;116.0;9.372299611087985;0.08037992805392784;110.79098851782852;122.40901148217146;0.4618150470809831;0.4540478559468052;0.0463977750625108;0.10046830512730037;0.43305740815889077;0.4905726860030754;4.531374785019159;4.224712755757073;1.1240807530510664;0.24806616234157153;3.834662316113826;5.228087253924491;1.105263157894737;21.0;-20.0;1.0029285714285714
1.05;0.15;2;200.0;200.0;0.0;0.0;200.0;200.0;244.0;247.0;26.38939180807318;0.10815324511505402;227.64368550070034;260.35631449929963;1.2200000000000002;1.2349999999999999;0.13194695904036588;0.10815324511505399;1.1382184275035019;1.3017815724964985;10.6;12.0;2.1999999999999997;0.20754716981132074;9.236425872935396;11.963574127064604;1.2200000000000002;1.2349999999999999;0.13194695904036588;0.10815324511505399;1.1382184275035019;1.3017815724964985;5.2;5.0;0.9797958971132713;0.1884222879063983;4.592716211314677;5.807283788685323;2.4400000000000004;2.4699999999999998;0.26389391808073176;0.10815324511505399;2.2764368550070038;2.603563144992997;11.2;12.0;2.1354156504062622;0.1906621116434163;9.876455667535083;12.523544332464915;0.5599946715397418;0.5763218665708836;0.05123546980879308;0.09149278093650037;0.5282385983491645;0.5917507447303191;123.6;121.5;9.297311439335568;0.07522096633766641;117.83746666820919;129.3625333317908;0.4482184379909828;0.44203006013510004;0.04980835677855323;0.11112518485809203;0.41734689862060187;0.4790899773613638;4.826761591845749;4.557975037092138;1.6203252001761894;0.33569613276809446;3.8224736280316445;5.8310495556598525;1.2352941176470589;7.666666666666667;-6.666666666666667;0.9876190476190477
1.05;0.25;2;200.0;200.0;0.0;0.0;200.0;200.0;274.6;280.0;32.891336245278936;0.11977908319475213;254.21373858697973;294.9862614130203;1.373;1.4;0.16445668122639467;0.11977908319475213;1.2710686929348987;1.4749313070651013;14.2;14.0;3.8157568056677826;0.2687152680047734;11.834969429373057;16.56503057062694;1.373;1.4;0.16445668122639467;0.11977908319475213;1.2710686929348987;1.4749313070651013;5.6;5.5;0.66332495807108;0.11845088536983574;5.188866931517301;6.011133068482699;2.746;2.8;0.32891336245278935;0.11977908319475213;2.5421373858697973;2.9498626141302027;14.7;14.5;3.7960505792204615;0.2582347332803035;12.347183475066531;17.052816524933466;0.5790244530560069;0.587639136886743;0.035926308438402894;0.062046271532728986;0.5567570963889392;0.6012918097230746;132.9;129.5;10.96767979109529;0.0825258073069623;126.10216163769688;139.69783836230312;0.44454809821298846;0.43379271116488693;0.04471081318478986;0.10057587326212868;0.41683604909535277;0.47226014733062416;4.931552966004262;4.786143899941903;1.4672242444981216;0.2975176895822584;4.02215795764083;5.840947974367695;1.4000000000000001;5.0;-4.0;0.9807142857142856
1.05;0.35;2;200.0;200.0;0.0;0.0;200.0;200.0;312.2;317.0;40.84556279450682;0.13083139908554395;286.88365789455355;337.5163421054464;1.561;1.585;0.20422781397253406;0.13083139908554392;1.4344182894727677;1.6875817105272322;20.7;19.5;5.933801479658719;0.2866570763120154;17.022191739636227;24.37780826036377;1.561;1.585;0.20422781397253406;0.13083139908554392;1.4344182894727677;1.6875817105272322;6.0;6.0;0.8944271909999159;0.14907119849998599;5.4456282835497465;6.5543717164502535;3.122;3.17;0.4084556279450681;0.13083139908554392;2.8688365789455355;3.3751634210544643;20.9;19.5;5.940538696111659;0.2842363012493617;17.218015969616378;24.58198403038362;0.6125460264495372;0.6094349738740934;0.038016747956990476;0.06206349615447612;0.5889830019453152;0.6361090509537591;142.2;139.5;10.637668917577761;0.07480779829520226;135.60670449623254;148.79329550376744;0.4122334715558445;0.40407630344339207;0.052597921173714944;0.1275925532567765;0.379632942260453;0.444834000851236;4.987833132033271;4.740062871699243;1.0136947633816626;0.20323349569804752;4.359538608356856;5.616127655709685;1.6153846153846154;3.857142857142857;-2.857142857142857;0.9663333333333333
1.05;0.45;2;200.0;200.0;0.0;0.0;200.0;200.0;364.4;373.5;52.58554934580412;0.1443072155483099;331.807138842992;396.99286115700795;1.8219999999999998;1.8675000000000002;0.26292774672902064;0.14430721554830991;1.65903569421496;1.9849643057850397;29.4;30.5;10.365326815879952;0.3525621365945562;22.975503879680524;35.82449612031947;1.8219999999999998;1.8675000000000002;0.26292774672902064;0.14430721554830991;1.65903569421496;1.9849643057850397;6.4;6.0;0.9165151389911681;0.14320549046737;5.831938031549375;6.968061968450626;3.6439999999999997;3.7350000000000003;0.5258554934580413;0.14430721554830991;3.31807138842992;3.9699286115700794;29.5;30.5;10.49047186736612;0.3556092158429193;22.99793817316384;36.00206182683616;0.6470958488587967;0.6384944675248287;0.037870055854556425;0.05852310120879802;0.623623745061631;0.6705679526559624;154.1;154.0;9.093404203047394;0.05900976121380528;148.4638496826291;159.73615031737089;0.37187960185242247;0.3614277561350835;0.06809232550016808;0.1831031472578321;0.32967554125983584;0.4140836624450091;4.884734974866584;4.746972015848311;0.9959236595640658;0.2038848913376856;4.267455095451558;5.50201485428161;1.909090909090909;3.2222222222222223;-2.2222222222222223;0.9543809523809523
1.05;0.55;2;200.0;200.0;0.0;0.0;200.0;200.0;438.3;445.0;79.11769713534387;0.18051037448173368;389.2623432696871;487.3376567303129;2.1915;2.2249999999999996;0.39558848567671934;0.18051037448173368;1.9463117163484356;2.436688283651564;45.4;44.5;23.00956322923145;0.5068185733310893;31.13852495707404;59.66147504292596;2.1915;2.2249999999999996;0.39558848567671934;0.18051037448173368;1.9463117163484356;2.436688283651564;6.6;6.5;0.9165151389911681;0.13886593015017698;6.031938031549374;7.168061968450625;4.383;4.449999999999999;0.7911769713534387;0.18051037448173368;3.892623432696871;4.873376567303128;45.5;44.5;23.118174668429166;0.5080917509544872;31.17120688962256;59.82879311037744;0.6939225499429671;0.6960909722607416;0.04116301746735427;0.059319325291759754;0.6684094473927886;0.7194356524931456;165.9;167.5;11.379367293483412;0.06859172569911641;158.84699508010948;172.95300491989053;0.33292204551314514;0.32333649064645986;0.08809587344072994;0.2646141180135563;0.27831965745635545;0.3875244335699348;4.249769522873739;4.366015790350406;0.8535301557161812;0.20084151649217324;3.7207460515082804;4.778792994239197;2.3333333333333335;2.8181818181818183;-1.8181818181818181;0.9392142857142857
1.05;0.65;2;200.0;200.0;0.0;0.0;200.0;200.0;534.1;535.5;122.6143955659367;0.22957198196206086;458.1028102730108;610.0971897269892;2.6704999999999997;2.6775;0.6130719778296835;0.22957198196206088;2.2905140513650535;3.050485948634946;71.0;68.0;41.57162493817147;0.5855158441995981;45.23363991557985;96.76636008442014;2.6704999999999997;2.6775;0.6130719778296835;0.22957198196206088;2.2905140513650535;3.050485948634946;7.8;8.0;1.077032961426901;0.13808114890088474;7.1324480544556845;8.467551945544315;5.340999999999999;5.355;1.226143955659367;0.22957198196206088;4.581028102730107;6.100971897269892;71.1;68.0;41.45226169945375;0.5830135260120077;45.40762201741535;96.79237798258464;0.7245935592062097;0.723208416449612;0.05365767871589149;0.0740521055344093;0.6913361853810576;0.7578509330313619;176.8;177.0;11.830469136936202;0.0669144181953405;169.46739926083524;184.1326007391648;0.2887687627264858;0.28206577870631583;0.09649113586116917;0.334146723316341;0.2289629371122285;0.348574588340743;3.84106582963674;3.129437257361017;1.4143400915466544;0.3682155303441942;2.9644487588625568;4.7176829004109235;3.0000000000000004;2.5384615384615383;-1.5384615384615383;0.8901666666666664
1.05;0.75;2;200.0;200.0;0.0;0.0;200.0;200.0;664.8;675.5;165.76718613766718;0.24934895628409626;562.0564335756247;767.5435664243752;3.3240000000000003;3.3775;0.828835930688336;0.24934895628409626;2.8102821678781242;3.8377178321218763;106.8;109.0;55.08502518833952;0.5157773894039281;72.65794766567188;140.9420523343281;3.3240000000000003;3.3775;0.828835930688336;0.24934895628409626;2.8102821678781242;3.8377178321218763;9.0;9.0;1.1832159566199232;0.1314684396244359;8.266635152192308;9.733364847807692;6.648000000000001;6.755;1.657671861376672;0.24934895628409626;5.6205643357562485;7.675435664243753;106.8;109.0;55.08502518833952;0.5157773894039281;72.65794766567188;140.9420523343281;0.7591211471627951;0.7631312284698536;0.05186688923908239;0.06832491682379575;0.7269737161547323;0.7912685781708579;186.8;189.5;11.08873302050329;0.05936152580569212;179.92713206877946;193.67286793122057;0.24231875966731353;0.21983248281697956;0.09106620393767256;0.37581161302864047;0.18587534169485936;0.2987621776397677;3.2429154813529832;2.5895477386934673;1.294605257670845;0.3992102986078195;2.440510829479451;4.045320133226515;4.2;2.333333333333333;-1.3333333333333333;0.7914285714285715
1.05;0.85;2;200.0;200.0;0.0;0.0;200.0;200.0;815.8;843.0;208.46668798635432;0.25553651383470743;686.5910081395261;945.0089918604738;4.078999999999999;4.215;1.0423334399317716;0.2555365138347075;3.4329550406976295;4.725044959302368;141.4;164.0;58.31157689515865;0.4123873896404431;105.25811019882885;177.54188980117118;4.078999999999999;4.215;1.0423334399317716;0.2555365138347075;3.4329550406976295;4.725044959302368;10.2;10.5;1.4696938456699067;0.14408763192842222;9.289074316972014;11.110925683027984;8.157999999999998;8.43;2.0846668798635433;0.2555365138347075;6.865910081395259;9.450089918604736;141.4;164.0;58.31157689515865;0.4123873896404431;105.25811019882885;177.54188980117118;0.7835583481480912;0.792548385856227;0.04614112218845234;0.05888664487782567;0.7549597843254093;0.8121569119707731;192.5;195.5;7.338255923582933;0.038120809992638616;187.95170185673805;197.04829814326195;0.21080211904203247;0.17795310730969077;0.0798916841275687;0.37898899921228424;0.161284740203864;0.2603194978802009;2.850410214335097;2.115251256281407;1.2629854700536758;0.4430890205563928;2.0676037098697693;3.6332167188004245;6.999999999999999;2.1764705882352944;-1.1764705882352942;0.5827142857142856
1.05;0.95;2;200.0;200.0;0.0;0.0;200.0;200.0;983.4;1019.5;256.17775079034476;0.26050208540811953;824.619385042128;1142.180614957872;4.917;5.0975;1.280888753951724;0.2605020854081196;4.12309692521064;5.71090307478936;163.9;194.0;52.16406809289321;0.318267651573479;131.56837563004296;196.23162436995705;4.917;5.0975;1.280888753951724;0.2605020854081196;4.12309692521064;5.71090307478936;11.5;11.5;2.1095023109728985;0.18343498356286075;10.192516921715619;12.807483078284381;9.834;10.195;2.561777507903448;0.2605020854081196;8.24619385042128;11.42180614957872;163.9;194.0;52.16406809289321;0.318267651573479;131.56837563004296;196.23162436995705;0.785636976693698;0.7980499658123009;0.05049527615824016;0.06427303914684138;0.7543396802808078;0.8169342731065883;197.0;200.0;4.58257569495584;0.023261805558151473;194.15969015774687;199.84030984225313;0.19082111387335995;0.166070085374939;0.05730423026136692;0.30030340510116377;0.15530358398438154;0.22633864376233837;2.368606780105407;1.9553517587939697;0.7465988956574116;0.31520592693067717;1.9058599903720195;2.831353569838795;20.999999999999982;2.052631578947368;-1.0526315789473684;0.23414285714285732
1.25;0.05;2;200.0;200.0;0.0;0.0;200.0;200.0;258.3;261.0;26.732190333004887;0.10349280036006538;241.73121677370364;274.8687832262964;1.2915;1.3050000000000002;0.13366095166502442;0.10349280036006536;1.2086560838685183;1.3743439161314819;9.3;8.5;1.9519221295943137;0.2098840999563778;8.090186130018342;10.50981386998166;1.2915;1.3050000000000002;0.13366095166502442;0.10349280036006536;1.2086560838685183;1.3743439161314819;5.4;5.5;1.2;0.2222222222222222;4.656232294328397;6.143767705671603;2.583;2.6100000000000003;0.26732190333004885;0.10349280036006536;2.4173121677370366;2.7486878322629638;10.1;9.0;1.972308292331602;0.19527804874570318;8.877550655446207;11.322449344553792;0.5598736612018442;0.5792037747418324;0.046871220381979904;0.08371749491012762;0.5308225778305665;0.5889247445731219;130.2;128.5;8.772684879784524;0.06737853210279973;124.76263357865224;135.63736642134774;0.4675642172647286;0.4617529040605963;0.03913808812907435;0.0837063374054454;0.44330617892128305;0.4918222556081741;5.03985307981916;5.004274979033413;1.3912981679671825;0.27605927115976664;4.17751754124078;5.90218861839754;1.3157894736842106;21.0;-20.0;0.98154
1.25;0.15;2;200.0;200.0;0.0;0.0;200.0;200.0;287.7;294.5;30.083384118147343;0.10456511685139848;269.05412534634;306.34587465365996;1.4385;1.4725000000000001;0.15041692059073672;0.10456511685139849;1.3452706267317;1.5317293732682997;12.4;13.0;2.727636339397171;0.21997067253202993;10.70939348161673;14.09060651838327;1.4385;1.4725000000000001;0.15041692059073672;0.10456511685139849;1.3452706267317;1.5317293732682997;5.8;5.5;0.9797958971132712;0.16893032708849504;5.192716211314677;6.407283788685323;2.877;2.9450000000000003;0.30083384118147344;0.10456511685139849;2.6905412534634;3.0634587465365994;12.8;13.5;2.749545416973504;0.214808235701055;11.095814094648123;14.504185905351878;0.5767062627251505;0.5781744032256042;0.04067001300015054;0.07052119185938727;0.5514987275095202;0.6019137979407807;138.0;137.0;8.23407554009556;0.05966721405866348;132.89646710601372;143.10353289398628;0.4560180264379608;0.44247254705847744;0.04184251067024047;0.09175626454304861;0.4300837696373405;0.4819522832385811;5.609851877848034;5.03076736560231;1.485446304637659;0.2647924289237175;4.689162719599107;6.530541036096961;1.4705882352941178;7.666666666666667;-6.666666666666667;0.9781799999999998
1.25;0.25;2;200.0;200.0;0.0;0.0;200.0;200.0;322.2;332.5;36.66824239038463;0.1138058423041112;299.4727879052445;344.9272120947555;1.611;1.6625;0.18334121195192318;0.11380584230411123;1.4973639395262226;1.7246360604737774;16.5;17.0;3.8794329482541645;0.23511714837904027;14.095502547308481;18.90449745269152;1.611;1.6625;0.18334121195192318;0.11380584230411123;1.4973639395262226;1.7246360604737774;6.3;6.0;1.1;0.17460317460317462;5.618212936467697;6.981787063532303;3.222;3.325;0.36668242390384637;0.11380584230411123;2.994727879052445;3.4492721209475548;16.7;17.0;4.148493702538308;0.2484127965591801;14.128736964058325;19.271263035941672;0.6094860892417208;0.6178995562662611;0.047950303911587555;0.0786733360415886;0.5797661829695728;0.6392059955138687;146.2;147.0;8.034923770640267;0.05495843892366804;141.21990265155387;151.1800973484461;0.4432164102082118;0.42916481985689864;0.04240554635561322;0.09567684178411213;0.4169331802743241;0.4694996401420995;5.233183144090064;4.933131942731182;0.9372600218741233;0.17909941159475554;4.652263364017537;5.814102924162591;1.6666666666666667;5.0;-4.0;0.9665999999999999
1.25;0.35;2;200.0;200.0;0.0;0.0;200.0;200.0;370.5;376.0;47.01116888570205;0.12688574598030242;341.36217564745095;399.63782435254905;1.8525000000000003;1.88;0.23505584442851019;0.1268857459803024;1.706810878237255;1.9981891217627454;24.2;23.5;7.730459236035076;0.3194404642989701;19.408611725188617;28.99138827481138;1.8525000000000003;1.88;0.23505584442851019;0.1268857459803024;1.706810878237255;1.9981891217627454;6.8;7.0;0.9797958971132712;0.14408763192842225;6.192716211314677;7.407283788685323;3.7050000000000005;3.76;0.47011168885702037;0.1268857459803024;3.41362175647451;3.996378243525491;24.5;23.5;7.619055059520177;0.31098183916408884;19.77766074916255;29.22233925083745;0.6313450601090153;0.6287620546461412;0.03987776230439807;0.06316318099885397;0.6066285669619655;0.656061553256065;158.1;158.5;8.129575634681062;0.051420465747508304;153.0612368184246;163.1387631815754;0.4122805547207962;0.40543777697927896;0.05743778366132266;0.1393172270766458;0.37668024757692636;0.4478808618646661;4.88682706421835;4.810597868280581;0.4525536160890566;0.09260684082780055;4.606331426941729;5.167322701494971;1.923076923076923;3.857142857142857;-2.857142857142857;0.9633000000000003
1.25;0.45;2;200.0;200.0;0.0;0.0;200.0;200.0;437.5;451.0;63.2617578004279;0.1445983035438352;398.28995628668594;476.71004371331406;2.1875;2.255;0.3163087890021395;0.14459830354383518;1.9914497814334298;2.3835502185665702;35.5;35.5;13.937359864766353;0.3926016863314466;26.86153485855271;44.13846514144729;2.1875;2.255;0.3163087890021395;0.14459830354383518;1.9914497814334298;2.3835502185665702;7.0;7.0;1.0;0.14285714285714285;6.380193578606997;7.619806421393003;4.375;4.51;0.632617578004279;0.14459830354383518;3.9828995628668595;4.7671004371331405;35.7;35.5;13.90719238379911;0.38955720963022716;27.08023285697346;44.319767143026546;0.6687227927424642;0.6725917922941247;0.032794486419564346;0.04904047951629193;0.6483965594733325;0.6890490260115958;167.5;168.0;8.523496934944014;0.050886548865337396;162.21708186699811;172.78291813300189;0.3751076606515652;0.3732306754329593;0.07176522822952515;0.19131901519917865;0.33062711136217116;0.41958820994095924;4.44694865212605;4.449221709972521;0.7494662206001891;0.16853493917494985;3.9824246759809085;4.911472628271191;2.2727272727272725;3.2222222222222223;-2.2222222222222223;0.9625000000000001
1.25;0.55;2;200.0;200.0;0.0;0.0;200.0;200.0;520.1;533.5;92.06676924927909;0.17701743751063082;463.036425222389;577.163574777611;2.6005000000000003;2.6675;0.46033384624639545;0.17701743751063082;2.3151821261119454;2.885817873888055;54.1;55.0;27.90501746998199;0.5158043894636227;36.804290983021254;71.39570901697874;2.6005000000000003;2.6675;0.46033384624639545;0.17701743751063082;2.3151821261119454;2.885817873888055;7.7;8.0;0.7810249675906654;0.10143181397281369;7.215915709819044;8.184084290180957;5.2010000000000005;5.335;0.9206676924927909;0.17701743751063082;4.630364252223891;5.77163574777611;54.2;55.0;27.780568748677553;0.5125566189792906;36.98142509961989;71.41857490038012;0.6985895352137986;0.6941161163025056;0.040136334263872385;0.05745338605965366;0.6737127775058745;0.7234662929217227;177.7;178.0;9.706183596038146;0.05462117949374309;171.68404507995612;183.71595492004386;0.33548646264217574;0.32590333390572235;0.09004754022909128;0.26840886371362915;0.27967441897754025;0.39129850630681123;3.997824449706447;3.6764580978414316;1.0143954653190492;0.25373687066062506;3.3690956264697576;4.626553272943136;2.777777777777778;2.8181818181818183;-1.8181818181818181;0.93618
1.25;0.65;2;200.0;200.0;0.0;0.0;200.0;200.0;633.8;646.5;138.2033284693245;0.2180551096076436;548.1406895568263;719.4593104431736;3.169;3.2325;0.6910166423466224;0.21805510960764354;2.740703447784132;3.597296552215868;82.2;79.0;45.88420207435234;0.5582019717074493;53.76067691382231;110.6393230861777;3.169;3.2325;0.6910166423466224;0.21805510960764354;2.740703447784132;3.597296552215868;9.2;9.0;1.2489995996796797;0.1357608260521391;8.425862027801244;9.974137972198754;6.338;6.465;1.3820332846932448;0.21805510960764354;5.481406895568264;7.194593104431736;82.3;79.0;45.77783306361278;0.5562312644424396;53.926605109715894;110.6733948902841;0.7280201644842853;0.7256181076203447;0.050598694387829275;0.06950177598950485;0.6966587687886067;0.7593815601799639;187.1;188.5;8.275868534480233;0.04423232781656993;181.97056353972485;192.22943646027514;0.2913897026865;0.2803711126827097;0.09380362191247552;0.3219181084562787;0.23324961547522632;0.34952978989777367;3.570002933778369;3.038102750416355;1.2222397538715621;0.3423637953647241;2.812450885846972;4.327554981709766;3.5714285714285716;2.5384615384615383;-1.5384615384615383;0.88732
1.25;0.75;2;200.0;200.0;0.0;0.0;200.0;200.0;777.8;797.0;183.73883639557533;0.23622889739724268;663.917489342744;891.6825106572559;3.8889999999999993;3.9850000000000003;0.9186941819778767;0.23622889739724268;3.31958744671372;4.458412553286279;120.7;130.5;54.81979569462112;0.4541822344210532;86.72233860902136;154.67766139097864;3.8889999999999993;3.9850000000000003;0.9186941819778767;0.23622889739724268;3.31958744671372;4.458412553286279;9.9;10.0;1.445683229480096;0.14602860903839354;9.003956251068063;10.796043748931938;7.777999999999999;7.970000000000001;1.8373883639557533;0.23622889739724268;6.63917489342744;8.916825106572558;120.7;130.5;54.81979569462112;0.4541822344210532;86.72233860902136;154.67766139097864;0.7647123865686534;0.7616535457337223;0.0431787406446812;0.05646402674138554;0.737949925849417;0.7914748472878897;192.8;195.5;6.910861017268398;0.035844714819856835;188.5166039641425;197.08339603585753;0.24710635927803715;0.22147540094767004;0.08546205239243884;0.3458512870414611;0.19413643041977835;0.30007628813629594;2.992144386799592;2.473590680676108;1.0620515649012015;0.3549466294429646;2.3338780070233405;3.6504107665758436;5.0;2.333333333333333;-1.3333333333333333;0.7777999999999998
1.25;0.85;2;200.0;200.0;0.0;0.0;200.0;200.0;946.3;982.0;231.90215609174487;0.24506198466844012;802.5655545194542;1090.0344454805459;4.7315;4.91;1.1595107804587244;0.24506198466844012;4.01282777259727;5.450172227402729;151.7;181.5;55.42030313883171;0.36532830019005746;117.35014023900533;186.04985976099465;4.7315;4.91;1.1595107804587244;0.24506198466844012;4.01282777259727;5.450172227402729;11.1;11.0;1.8138357147217055;0.1634086229479014;9.97577297666352;12.224227023336478;9.463;9.82;2.3190215609174487;0.24506198466844012;8.02565554519454;10.900344454805458;151.7;181.5;55.42030313883171;0.36532830019005746;117.35014023900533;186.04985976099465;0.7806239204514993;0.7857125222584476;0.04493595202851594;0.05756414945948078;0.7527723288328172;0.8084755120701814;196.3;198.0;4.267317658670374;0.021738755265768586;193.65508911303237;198.94491088696765;0.2177978617231898;0.18708686676766656;0.06951444635205345;0.31916955383337436;0.1747123614946077;0.26088336195177186;2.5134814893553354;1.9916331658291457;0.8640003727698291;0.3437464633930645;1.9779685102266478;3.048994468484023;8.333333333333332;2.1764705882352944;-1.1764705882352942;0.5677800000000001
1.25;0.95;2;200.0;200.0;0.0;0.0;200.0;200.0;1128.7;1168.5;280.662448503536;0.24865991716446884;954.7436121736256;1302.6563878263744;5.6435;5.842499999999999;1.40331224251768;0.24865991716446886;4.773718060868128;6.513281939131873;170.9;199.0;48.11538215581374;0.28154114778123895;141.07777717204837;200.72222282795164;5.6435;5.842499999999999;1.40331224251768;0.24865991716446886;4.773718060868128;6.513281939131873;12.1;12.0;2.1656407827707715;0.17897857708849352;10.757721936408107;13.442278063591893;11.287;11.684999999999999;2.80662448503536;0.24865991716446886;9.547436121736256;13.026563878263746;170.9;199.0;48.11538215581374;0.28154114778123895;141.07777717204837;200.72222282795164;0.7783739845579947;0.7892028175133725;0.05044745433769916;0.06481133149169434;0.7471063284165584;0.8096416406994309;199.1;200.0;1.1357816691600546;0.005704578951080134;198.39603522815412;199.80396477184587;0.20151260488209227;0.18307512482278585;0.0475686159947798;0.236057769302386;0.17202927123174988;0.23099593853243466;2.2315728643216084;1.948894472361809;0.5551662088796753;0.24877798872520535;1.8874772831175768;2.57566844552564;24.99999999999998;2.052631578947368;-1.0526315789473684;0.22574000000000022
1.45;0.05;2;200.0;200.0;0.0;0.0;200.0;200.0;299.8;303.0;27.712091223868327;0.09243526092017454;282.6238679092178;316.97613209078224;1.4989999999999999;1.5150000000000001;0.13856045611934162;0.09243526092017454;1.4131193395460886;1.5848806604539112;10.7;10.5;1.6155494421403513;0.15098592917199546;9.698672081683526;11.701327918316473;1.4989999999999999;1.5150000000000001;0.13856045611934162;0.09243526092017454;1.4131193395460886;1.5848806604539112;5.9;5.5;1.044030650891055;0.1769543476086534;5.252903098446609;6.547096901553392;2.9979999999999998;3.0300000000000002;0.27712091223868324;0.09243526092017454;2.826238679092177;3.1697613209078224;11.6;11.5;1.8547236990991407;0.15988997406027075;10.45043034138857;12.74956965861143;0.5650643600332167;0.5660781435862017;0.04221471684214066;0.0747078029123251;0.5388994074571706;0.5912293126092628;143.8;145.5;5.8275209137333865;0.040525180206769026;140.18806511686603;147.411934883134;0.46667156490687545;0.4572388773271837;0.03235391909750677;0.06932909894341432;0.44661839809301107;0.4867247317207398;5.859757616266933;5.5783874089620555;0.9839044372695266;0.16790872621389094;5.2499273280102114;6.469587904523654;1.5263157894736843;21.0;-20.0;0.9821034482758619
1.45;0.15;2;200.0;200.0;0.0;0.0;200.0;200.0;332.6;337.5;35.87812704141619;0.10787169886174441;310.36250647217634;354.8374935278237;1.6629999999999998;1.6875;0.17939063520708096;0.10787169886174443;1.5518125323608813;1.7741874676391183;13.5;14.5;2.9410882339705484;0.2178583877015221;11.677094626701649;15.322905373298351;1.6629999999999998;1.6875;0.17939063520708096;0.10787169886174443;1.5518125323608813;1.7741874676391183;6.5;6.5;1.02469507659596;0.15764539639937844;5.86488741155603;7.13511258844397;3.3259999999999996;3.375;0.3587812704141619;0.10787169886174443;3.1036250647217627;3.5483749352782366;14.0;14.5;2.932575659723036;0.20946968998021687;12.182370774882843;15.817629225117157;0.5861764267172445;0.5906341868526742;0.03747816418487098;0.06393666220042217;0.5629472198934402;0.6094056335410487;150.8;152.0;6.43117407632541;0.04264704294645497;146.81391701039732;154.7860829896027;0.4666190338034344;0.4592601724286542;0.03797212690395507;0.0813771495655512;0.44308366571441304;0.49015440189245574;5.801752522372469;5.5325660052085075;1.0045676193505737;0.17314899514875948;5.179115061175502;6.424389983569436;1.7058823529411764;7.666666666666667;-6.666666666666667;0.9748620689655172
1.45;0.25;2;200.0;200.0;0.0;0.0;200.0;200.0;374.0;381.0;40.86073910246852;0.1092533131082046;348.67425152142584;399.32574847857416;1.8699999999999997;1.9049999999999998;0.20430369551234256;0.1092533131082046;1.743371257607129;1.9966287423928704;18.9;19.5;4.4821869662029945;0.23715274953454998;16.121911736463364;21.678088263536633;1.8699999999999997;1.9049999999999998;0.20430369551234256;0.1092533131082046;1.743371257607129;1.9966287423928704;6.7;7.0;1.1;0.16417910447761194;6.018212936467697;7.381787063532303;3.7399999999999993;3.8099999999999996;0.40860739102468513;0.1092533131082046;3.486742515214258;3.9932574847857407;19.3;19.5;4.473253849269008;0.23177481084295376;16.527448539702103;22.0725514602979;0.6056255899792837;0.6001238471441591;0.03567395562560871;0.058904306911517705;0.5835146432060424;0.627736536752525;159.7;159.0;7.029224708315989;0.04401518289490288;155.34324138837138;164.0567586116286;0.4452732950945181;0.4330268874098415;0.043303634999019826;0.09725181248479717;0.4184334240524668;0.47211316613656934;5.53428141418676;5.284990975918417;1.022041509719156;0.18467465479786066;4.900813523532628;6.167749304840891;1.9333333333333333;5.0;-4.0;0.9672413793103446
1.45;0.35;2;200.0;200.0;0.0;0.0;200.0;200.0;432.9;442.5;52.66203566137564;0.12164942402720176;400.2597321334521;465.5402678665479;2.1645;2.2125000000000004;0.2633101783068782;0.12164942402720176;2.0012986606672603;2.3277013393327395;27.1;27.0;8.443340571124677;0.3115623826983276;21.866763296008866;32.33323670399113;2.1645;2.2125000000000004;0.2633101783068782;0.12164942402720176;2.0012986606672603;2.3277013393327395;7.0;7.0;1.0954451150103321;0.15649215928719032;6.321036083433;7.678963916567;4.329;4.425000000000001;0.5266203566137564;0.12164942402720176;4.0025973213345205;4.655402678665479;27.4;27.0;8.321057625085887;0.3036882344921857;22.24255505119056;32.55744494880943;0.6407087210048255;0.6453502805270304;0.027639228282326588;0.043138523600833624;0.6235777498330923;0.6578396921765586;170.1;170.5;6.774215821775979;0.03982490195047607;165.90129753376118;174.2987024662388;0.4162632476669077;0.4109544858026509;0.0556200498433771;0.13361748882496602;0.38178958361578375;0.45073691171803165;4.911938783068419;4.773279040107664;0.9474917737921847;0.19289568043034525;4.324677297454977;5.499200268681861;2.230769230769231;3.857142857142857;-2.857142857142857;0.9702931034482758
1.45;0.45;2;200.0;200.0;0.0;0.0;200.0;200.0;508.6;532.5;75.67588783754043;0.14879254391966265;461.69559877367584;555.5044012263241;2.543;2.6624999999999996;0.37837943918770217;0.14879254391966265;2.3084779938683795;2.777522006131621;40.1;39.0;16.69401090211696;0.41630949880590923;29.752944844063123;50.44705515593688;2.543;2.6624999999999996;0.37837943918770217;0.14879254391966265;2.3084779938683795;2.777522006131621;7.5;8.0;0.9219544457292888;0.12292725943057184;6.928566714305161;8.07143328569484;5.086;5.324999999999999;0.7567588783754043;0.14879254391966265;4.616955987736759;5.555044012263242;40.2;39.0;16.557777628655362;0.4118850156381931;29.93738310176201;50.462616898238;0.6695325127299283;0.6710250548931862;0.033283099483334716;0.049710953315213;0.6489034339462953;0.6901615915135613;177.4;178.5;7.130217387990355;0.040192882683147434;172.98064547699553;181.81935452300448;0.3812506578283793;0.3742209898176475;0.07217245234628084;0.18930446640375215;0.336517708416474;0.4259836072402846;4.328259943044703;4.204227646086297;1.0632574222781068;0.24565470564833064;3.669246165122961;4.987273720966445;2.6363636363636362;3.2222222222222223;-2.2222222222222223;0.9645862068965518
1.45;0.55;2;200.0;200.0;0.0;0.0;200.0;200.0;602.3;621.0;108.6803110043397;0.18044215673973055;534.9392453605217;669.6607546394782;3.0115;3.105;0.5434015550216985;0.18044215673973055;2.674696226802608;3.3483037731973915;60.7;60.5;31.241158749316583;0.514681363250685;41.33652919541541;80.0634708045846;3.0115;3.105;0.5434015550216985;0.18044215673973055;2.674696226802608;3.3483037731973915;8.5;9.0;0.9219544457292888;0.10846522890932808;7.928566714305161;9.07143328569484;6.023;6.21;1.086803110043397;0.18044215673973055;5.349392453605216;6.696607546394783;60.9;60.5;31.226431112120384;0.5127492793451623;41.54565747952155;80.25434252047845;0.702666391815208;0.7022959885622141;0.04315636964291865;0.06141800738673753;0.675917796786517;0.7294149868438989;185.4;185.5;7.144228439796701;0.038534133979485984;180.9719613371155;189.82803866288452;0.3405050498720098;0.33647287999663644;0.0859988718854702;0.25256269156006866;0.2872023968448412;0.3938077028991784;3.864302116201435;3.437195917794024;1.1658944280803298;0.3017089226000763;3.1416732630109245;4.586930969391945;3.2222222222222223;2.8181818181818183;-1.8181818181818181;0.934603448275862
1.45;0.65;2;200.0;200.0;0.0;0.0;200.0;200.0;732.3;744.5;152.83981811033408;0.20871202800810335;637.5688992906764;827.0311007093235;3.6614999999999993;3.7225;0.7641990905516703;0.20871202800810337;3.1878444964533816;4.135155503546617;93.6;92.5;48.01499765698213;0.5129807441985271;63.83999612903251;123.36000387096749;3.6614999999999993;3.7225;0.7641990905516703;0.20871202800810337;3.1878444964533816;4.135155503546617;9.9;10.0;1.0440306508910548;0.10545764150414695;9.252903098446609;10.547096901553392;7.322999999999999;7.445;1.5283981811033407;0.20871202800810337;6.375688992906763;8.270311007093234;93.6;92.5;48.01499765698213;0.5129807441985271;63.83999612903251;123.36000387096749;0.7393579693091852;0.7344028721039414;0.042168328106739685;0.05703371013386035;0.7132217687692209;0.7654941698491494;192.1;194.0;6.28410693734599;0.03271268577483597;188.20507016751264;195.99492983248734;0.29202596377047063;0.27532499851105974;0.08666580932390053;0.29677432857312286;0.23830993863629554;0.3457419889046457;3.1871471105155442;2.8124895139976287;0.9847851744024851;0.3089864195955451;2.5767709357282564;3.797523285302832;4.142857142857143;2.5384615384615383;-1.5384615384615383;0.8838103448275859
1.45;0.75;2;200.0;200.0;0.0;0.0;200.0;200.0;890.0;912.0;203.51363590678636;0.22866700663683862;763.8609416239364;1016.1390583760636;4.45;4.5600000000000005;1.0175681795339315;0.22866700663683853;3.819304708119682;5.0806952918803185;132.7;149.5;54.578475610812;0.4112922050551018;98.87191034657735;166.52808965342263;4.45;4.5600000000000005;1.0175681795339315;0.22866700663683853;3.819304708119682;5.0806952918803185;10.6;11.0;1.2806248474865698;0.12081366485722357;9.80626049613239;11.393739503867609;8.9;9.120000000000001;2.035136359067863;0.22866700663683853;7.638609416239364;10.161390583760637;132.7;149.5;54.578475610812;0.4112922050551018;98.87191034657735;166.52808965342263;0.7641211451156734;0.7686319553783042;0.04550185712672925;0.05954796228004021;0.7359188018832197;0.7923234883481272;195.9;197.0;3.6180105030251086;0.018468660046069976;193.65753385755772;198.1424661424423;0.24994686416603856;0.2193555265837837;0.07817214836270495;0.31275506745615955;0.20149526463674755;0.2983984636953296;2.789469265812475;2.2474371859296483;1.0155931651166215;0.36408114531450647;2.1599981005503492;3.418940431074601;5.8;2.333333333333333;-1.3333333333333333;0.7672413793103449
1.45;0.85;2;200.0;200.0;0.0;0.0;200.0;200.0;1070.1;1105.5;251.07666159959987;0.23462915764844397;914.4810728786501;1225.7189271213497;5.350499999999999;5.5275;1.2553833079979992;0.23462915764844397;4.5724053643932505;6.128594635606748;159.9;190.0;52.046997992199316;0.325497173184486;127.64093643020618;192.15906356979383;5.350499999999999;5.5275;1.2553833079979992;0.23462915764844397;4.5724053643932505;6.128594635606748;11.8;12.0;1.8330302779823362;0.15534154898155392;10.66387606309875;12.936123936901252;10.700999999999999;11.055;2.5107666159959985;0.23462915764844397;9.144810728786501;12.257189271213496;159.9;190.0;52.046997992199316;0.325497173184486;127.64093643020618;192.15906356979383;0.7700760713018464;0.7779578128977581;0.05011769225345807;0.06508148236411498;0.7390128038177548;0.801139338785938;198.5;199.0;1.6881943016134133;0.008504757186969338;197.45364633130094;199.54635366869906;0.22475495981976984;0.20053213171787118;0.05931903360766269;0.2639275843132913;0.18798864187891318;0.2615212777606265;2.33040729318971;1.9582663316582916;0.6249336076586859;0.2681649724856969;1.9430694302185614;2.7177451561608588;9.666666666666664;2.1764705882352944;-1.1764705882352942;0.5535000000000001
1.45;0.95;2;200.0;200.0;0.0;0.0;200.0;200.0;1268.6;1310.5;299.4802831573391;0.2360714828609011;1082.9801974184866;1454.2198025815132;6.343000000000001;6.5525;1.4974014157866957;0.23607148286090107;5.414900987092434;7.271099012907568;174.9;199.0;43.35539182154856;0.24788674569210153;148.02804974699455;201.77195025300546;6.343000000000001;6.5525;1.4974014157866957;0.23607148286090107;5.414900987092434;7.271099012907568;13.6;13.0;2.0099751242241783;0.14779228854589546;12.354204511165657;14.845795488834343;12.686000000000002;13.105;2.9948028315733914;0.23607148286090107;10.829801974184868;14.542198025815136;174.9;199.0;43.35539182154856;0.24788674569210153;148.02804974699455;201.77195025300546;0.7727206358773901;0.7794955630274556;0.047564997011993654;0.06155523070506031;0.7432395452958175;0.8022017264589628;199.6;200.0;0.66332495807108;0.0033232713330214434;199.18886693151728;200.0111330684827;0.21386913976653915;0.20624231616191901;0.039077040926938096;0.182714724385177;0.18964893887098577;0.23808934066209253;2.140537688442211;1.9425628140703517;0.41153501268419823;0.19225777472000286;1.8854656449524942;2.395609731931928;28.999999999999975;2.052631578947368;-1.0526315789473684;0.2187241379310347
1.65;0.05;2;200.0;200.0;0.0;0.0;200.0;200.0;340.0;346.5;31.20256399721023;0.09177224705061833;320.660450470603;359.339549529397;1.7;1.7325;0.15601281998605118;0.09177224705061834;1.603302252353015;1.796697747646985;11.4;12.0;1.6852299546352716;0.147827189003094;10.355483652593222;12.444516347406779;1.7;1.7325;0.15601281998605118;0.09177224705061834;1.603302252353015;1.796697747646985;6.2;6.0;0.9797958971132713;0.15803159630859215;5.592716211314677;6.807283788685323;3.4;3.465;0.31202563997210236;0.09177224705061834;3.20660450470603;3.59339549529397;12.6;13.0;2.244994432064365;0.1781741612749496;11.20853803501497;13.99146196498503;0.5665361743114187;0.5739395362433782;0.031557227329104626;0.055702051801828925;0.5469768021714809;0.5860955464513564;155.1;155.0;6.4876806333234365;0.04182901762297509;151.0788938835191;159.1211061164809;0.46827798724596337;0.4585689466658617;0.03499049235766422;0.07472162542478308;0.44659065539498033;0.4899653190969464;6.34870650232853;5.824682396543899;1.221496807518719;0.19240089411452674;5.591614937317376;7.105798067339684;1.736842105263158;21.0;-20.0;0.9787878787878788
1.65;0.15;2;200.0;200.0;0.0;0.0;200.0;200.0;379.5;386.5;39.694458051471116;0.10459672740835604;354.897120005983;404.102879994017;1.8974999999999997;1.9325;0.19847229025735555;0.10459672740835603;1.774485600029915;2.0205143999700845;15.3;16.0;4.026164427839479;0.26314800181957376;12.804557434041008;17.795442565958993;1.8974999999999997;1.9325;0.19847229025735555;0.10459672740835603;1.774485600029915;2.0205143999700845;6.7;7.0;1.1;0.16417910447761194;6.018212936467697;7.381787063532303;3.7949999999999995;3.865;0.3969445805147111;0.10459672740835603;3.54897120005983;4.041028799940169;15.7;16.0;3.9761790704142084;0.2532598134021789;13.235538679548814;18.164461320451185;0.5916960241012792;0.5873249482716939;0.0305014326091125;0.051549159309361256;0.5727910403084654;0.610601007894093;162.2;161.5;6.690291473471093;0.04124717307935322;158.05331438375174;166.34668561624824;0.46360490310321306;0.45123544238588487;0.033463122084282426;0.07218025922567191;0.4428642451555168;0.4843455610509093;5.918143591370527;5.61197584035898;0.9755353560173102;0.1648380680454891;5.313500513415089;6.522786669325965;1.9411764705882353;7.666666666666667;-6.666666666666667;0.9774999999999999
1.65;0.25;2;200.0;200.0;0.0;0.0;200.0;200.0;429.2;436.5;48.74997435896761;0.11358335125574934;398.9844528495677;459.4155471504323;2.146;2.1825;0.2437498717948381;0.11358335125574935;1.9949222642478381;2.2970777357521617;21.6;22.5;5.2;0.24074074074074073;18.37700660875639;24.822993391243614;2.146;2.1825;0.2437498717948381;0.11358335125574935;1.9949222642478381;2.2970777357521617;7.1;7.0;0.9433981132056604;0.1328729736909381;6.515275791505089;7.68472420849491;4.292;4.365;0.4874997435896762;0.11358335125574935;3.9898445284956763;4.594155471504323;21.9;22.5;5.166236541235795;0.23590121192857513;18.697933417306878;25.10206658269312;0.6196645979345616;0.617751053897826;0.02587903194836008;0.041762966667159805;0.6036246077535334;0.6357045881155898;170.3;170.0;6.738694235532579;0.03956954923976852;166.12331404101292;174.4766859589871;0.44349698383794306;0.43231531690769665;0.038147502591480566;0.08601524696145382;0.4198529167716372;0.4671410509042489;5.150224366829317;4.786225416887598;0.7316444233977947;0.14206068926046111;4.696746455030983;5.603702278627651;2.1999999999999997;5.0;-4.0;0.9754545454545456
1.65;0.35;2;200.0;200.0;0.0;0.0;200.0;200.0;493.3;505.0;57.50313034957314;0.11656827559208015;457.6591905591357;528.9408094408643;2.4665000000000004;2.5250000000000004;0.2875156517478657;0.11656827559208013;2.288295952795679;2.6447040472043217;29.9;30.5;8.154140052758477;0.2727137141390795;24.84601163436242;34.95398836563758;2.4665000000000004;2.5250000000000004;0.2875156517478657;0.11656827559208013;2.288295952795679;2.6447040472043217;7.5;7.5;1.02469507659596;0.13662601021279466;6.86488741155603;8.13511258844397;4.933000000000001;5.050000000000001;0.5750313034957314;0.11656827559208013;4.576591905591358;5.2894080944086435;30.2;30.5;8.121576201698781;0.26892636429466166;25.166194918354506;35.23380508164549;0.6470106592335041;0.6417415047356394;0.029074415570194648;0.04493653258299997;0.6289901497648488;0.6650311687021594;177.0;176.5;5.0990195135927845;0.028808019850806693;173.83959496266698;180.16040503733302;0.42196548470398165;0.4175894626220814;0.05116151843245139;0.12124574233445268;0.39025524705133185;0.45367572235663145;4.441860001592765;4.2889643207413535;0.7362602343413571;0.16575493916452758;3.9855211805316753;4.898198822653855;2.5384615384615383;3.857142857142857;-2.857142857142857;0.9716515151515154
1.65;0.45;2;200.0;200.0;0.0;0.0;200.0;200.0;575.0;604.0;81.34125644468494;0.1414630546864086;524.5841669314093;625.4158330685907;2.875;3.02;0.4067062822234247;0.1414630546864086;2.6229208346570467;3.1270791653429533;44.5;44.5;18.948614725092703;0.4258115668560158;32.75552691688554;56.24447308311446;2.875;3.02;0.4067062822234247;0.1414630546864086;2.6229208346570467;3.1270791653429533;7.9;8.0;0.9433981132056604;0.1194174826842608;7.31527579150509;8.484724208494912;5.75;6.04;0.8134125644468494;0.1414630546864086;5.2458416693140935;6.2541583306859065;44.9;44.5;18.70534682918229;0.4166001520976011;33.306305920889585;56.49369407911041;0.6738587963377862;0.6784236153757108;0.030483592397067542;0.04523735916595053;0.6549648700229569;0.6927527226526156;184.6;185.0;5.8;0.0314192849404117;181.00512275592058;188.1948772440794;0.3882649126387411;0.38406737529377954;0.06949602593440812;0.17899126001908475;0.34519082950330027;0.4313389957741819;4.136193826853203;3.7821045484576747;1.0506079999966897;0.2540035704264825;3.4850202420883956;4.7873674116180105;2.9999999999999996;3.2222222222222223;-2.2222222222222223;0.9583333333333335
1.65;0.55;2;200.0;200.0;0.0;0.0;200.0;200.0;680.6;705.0;118.68799433809639;0.17438729699984776;607.0364189669916;754.1635810330084;3.403;3.525;0.5934399716904819;0.17438729699984776;3.035182094834958;3.770817905165042;67.2;66.5;33.638668225719044;0.500575420025581;46.35053742659059;88.04946257340941;3.403;3.525;0.5934399716904819;0.17438729699984776;3.035182094834958;3.770817905165042;9.3;9.5;0.7810249675906655;0.08398117931082424;8.815915709819045;9.784084290180957;6.806;7.05;1.1868799433809638;0.17438729699984776;6.070364189669916;7.541635810330084;67.3;66.5;33.53222330833432;0.4982499748638087;46.51651266991028;88.08348733008972;0.7055701960301379;0.702864652450891;0.037949358191221284;0.05378537586301378;0.6820489401354759;0.7290914519248;190.3;191.0;5.866003750424986;0.030825032845112905;186.66421320757118;193.93578679242884;0.34369759250849186;0.33709367237282645;0.08064123312575912;0.23462844920499898;0.2937156383880963;0.39367954662888743;3.5703552403191496;3.2998745731440873;0.9879309742299279;0.27670383133685544;2.9580292785983957;4.182681202039904;3.666666666666667;2.8181818181818183;-1.8181818181818181;0.9280909090909091
1.65;0.65;2;200.0;200.0;0.0;0.0;200.0;200.0;826.2;844.5;169.93987171938198;0.20568853996536188;720.870176257624;931.529823742376;4.131;4.2225;0.8496993585969098;0.20568853996536185;3.60435088128812;4.6576491187118805;105.5;108.5;50.04647839758558;0.4743742028207164;74.48087132107028;136.51912867892972;4.131;4.2225;0.8496993585969098;0.20568853996536185;3.60435088128812;4.6576491187118805;10.5;11.0;1.2041594578792296;0.1146818531313552;9.753654235625337;11.246345764374663;8.262;8.445;1.6993987171938196;0.20568853996536185;7.20870176257624;9.315298237423761;105.5;108.5;50.04647839758558;0.4743742028207164;74.48087132107028;136.51912867892972;0.7354658602934995;0.7362740943052578;0.04503537574884466;0.06123380863779669;0.7075526452145189;0.7633790753724801;195.3;196.5;4.026164427839479;0.020615281248538037;192.80455743404102;197.795442565959;0.2946907710143679;0.2753899758968782;0.08381295265840215;0.28440983193978536;0.24274296476078255;0.3466385772679533;3.0983821427212215;2.6441848129536574;1.0746409238124706;0.3468393743286436;2.4323127974505443;3.7644514879918987;4.714285714285714;2.5384615384615383;-1.5384615384615383;0.8762727272727273
1.65;0.75;2;200.0;200.0;0.0;0.0;200.0;200.0;999.0;1028.5;217.66350176361678;0.21788138314676353;864.0907639040232;1133.9092360959767;4.995;5.1425;1.0883175088180839;0.21788138314676353;4.320453819520116;5.669546180479884;141.5;160.0;54.041187995824075;0.38191652293868605;108.0049246604818;174.9950753395182;4.995;5.1425;1.0883175088180839;0.21788138314676353;4.320453819520116;5.669546180479884;11.1;11.0;1.2206555615733703;0.10996896951111444;10.343429844627744;11.856570155372255;9.99;10.285;2.1766350176361677;0.21788138314676353;8.640907639040233;11.339092360959768;141.5;160.0;54.041187995824075;0.38191652293868605;108.0049246604818;174.9950753395182;0.7577196805220943;0.7609192234917527;0.04795952958938672;0.06329455446681945;0.7279940561156046;0.7874453049285839;197.6;198.0;2.1071307505705477;0.010663617158757832;196.2939868300817;198.90601316991828;0.2571931125428445;0.2278760727680066;0.07239316780569888;0.28147397529410617;0.21232336227189116;0.3020628628137978;2.570245732989805;2.139824120603015;0.8373204805431361;0.3257744852159073;2.051269122385295;3.0892223435943156;6.6;2.333333333333333;-1.3333333333333333;0.7568181818181818
1.65;0.85;2;200.0;200.0;0.0;0.0;200.0;200.0;1193.8;1228.0;271.48289080529554;0.2274106976087247;1025.5331609805426;1362.0668390194573;5.968999999999999;6.140000000000001;1.3574144540264776;0.2274106976087247;5.127665804902712;6.810334195097287;166.0;193.5;47.876925548744246;0.28841521414906174;136.32557410833363;195.67442589166637;5.968999999999999;6.140000000000001;1.3574144540264776;0.2274106976087247;5.127665804902712;6.810334195097287;12.8;12.5;1.7204650534085253;0.13441133229754104;11.733644712115142;13.86635528788486;11.937999999999999;12.280000000000001;2.7148289080529553;0.2274106976087247;10.255331609805424;13.620668390194574;166.0;193.5;47.876925548744246;0.28841521414906174;136.32557410833363;195.67442589166637;0.7705069199732146;0.7760698504778754;0.04729438372515952;0.06138086822997466;0.7411935572445361;0.7998202827018932;199.3;200.0;1.0049875621120892;0.005042586864586499;198.67710225558284;199.92289774441718;0.23542959950153913;0.21484476036104594;0.053087575799726935;0.22549235912615087;0.20252557912468064;0.26833361987839766;2.21764824120603;1.9450251256281406;0.471029320630268;0.21240037616340218;1.9257012436150065;2.5095952387970533;10.999999999999998;2.1764705882352944;-1.1764705882352942;0.5426363636363637
1.65;0.95;2;200.0;200.0;0.0;0.0;200.0;200.0;1410.0;1460.5;314.84567648293984;0.2232948060162694;1214.8566279680501;1605.1433720319499;7.05;7.3025;1.5742283824146992;0.2232948060162694;6.074283139840251;8.025716860159749;178.7;199.0;38.207460004559316;0.21380783438477513;155.01877094405782;202.38122905594216;7.05;7.3025;1.5742283824146992;0.2232948060162694;6.074283139840251;8.025716860159749;14.5;14.5;2.1095023109728985;0.14548291799813093;13.192516921715619;15.807483078284381;14.1;14.605;3.1484567648293984;0.2232948060162694;12.148566279680502;16.051433720319498;178.7;199.0;38.207460004559316;0.21380783438477513;155.01877094405782;202.38122905594216;0.770555467553806;0.7744311845686238;0.04217979852958335;0.05473947081770338;0.7444121575721071;0.7966987775355049;199.9;200.0;0.3;0.0015007503751875938;199.7140580735821;200.08594192641792;0.22713647256337763;0.22188655187744616;0.03352760617144054;0.1476099623854349;0.20635584696438314;0.24791709816237212;2.063603015075377;1.9364824120603017;0.2781792577220346;0.13480269978762052;1.891185724840921;2.236020305309833;32.99999999999997;2.052631578947368;-1.0526315789473684;0.21363636363636382
1.85;0.05;2;200.0;200.0;0.0;0.0;200.0;200.0;381.4;390.5;34.3196736581221;0.0899834128424806;360.1284458865836;402.67155411341633;1.907;1.9525000000000001;0.1715983682906105;0.0899834128424806;1.8006422294329183;2.0133577705670818;12.8;12.5;2.481934729198171;0.1939011507186071;11.261680917364671;14.33831908263533;1.907;1.9525000000000001;0.1715983682906105;0.0899834128424806;1.8006422294329183;2.0133577705670818;6.9;7.0;0.8306623862918076;0.1203858530857692;6.3851501189667035;7.414849881033297;3.814;3.9050000000000002;0.343196736581221;0.0899834128424806;3.6012844588658366;4.0267155411341635;14.2;13.5;2.7129319932501073;0.1910515488204301;12.518507329781066;15.881492670218933;0.5720092736615892;0.5684074346021104;0.02384991320637515;0.04169497647075768;0.557226944306612;0.5867916030165663;163.2;162.5;5.89576118919347;0.03612598767888156;159.54576935593823;166.85423064406174;0.4727679016888061;0.46650802231727817;0.0276634538892946;0.05851381574441943;0.4556219153303121;0.48991388804730013;6.0474424177121655;5.644771501613374;1.2164260866445593;0.2011471962232839;5.293493718059907;6.801391117364424;1.9473684210526319;21.0;-20.0;0.9792702702702701
1.85;0.15;2;200.0;200.0;0.0;0.0;200.0;200.0;424.9;438.0;39.019097888085525;0.09183124944242299;400.7157125720024;449.08428742799754;2.1245000000000003;2.19;0.19509548944042762;0.09183124944242296;2.0035785628600125;2.245421437139988;17.0;18.0;3.9749213828703582;0.23381890487472695;14.5363182023646;19.463681797635402;2.1245000000000003;2.19;0.19509548944042762;0.09183124944242296;2.0035785628600125;2.245421437139988;7.1;7.0;0.9433981132056604;0.1328729736909381;6.515275791505089;7.68472420849491;4.2490000000000006;4.38;0.39019097888085524;0.09183124944242296;4.007157125720025;4.490842874279976;17.7;18.0;4.050925820105819;0.22886586554270166;15.1892101641117;20.2107898358883;0.597750529964028;0.5983575956336256;0.02686790692880608;0.044948361535410035;0.5810976287201645;0.6144034312078915;170.0;169.0;5.0;0.029411764705882353;166.900967893035;173.099032106965;0.4647138671072223;0.4560610039093326;0.02673322412793385;0.05752620272415017;0.4481444431281906;0.481283291086254;5.496215530539872;5.25853556021311;0.701309036357881;0.12759853256500553;5.061539686424319;5.930891374655425;2.1764705882352944;7.666666666666667;-6.666666666666667;0.9761216216216216
1.85;0.25;2;200.0;200.0;0.0;0.0;200.0;200.0;481.9;488.5;49.31419673887024;0.10233284237159211;451.33474419541034;512.4652558045896;2.4095;2.4425;0.2465709836943512;0.10233284237159213;2.256673720977052;2.562326279022948;23.5;24.5;5.239274758971894;0.2229478620839104;20.252663860946946;26.747336139053054;2.4095;2.4425;0.2465709836943512;0.10233284237159213;2.256673720977052;2.562326279022948;7.5;7.5;1.02469507659596;0.13662601021279466;6.86488741155603;8.13511258844397;4.819;4.885;0.4931419673887024;0.10233284237159213;4.513347441954104;5.124652558045896;24.2;25.5;5.2497618993626745;0.2169323098910196;20.94616386399069;27.453836136009308;0.6271395185386444;0.6274668365744063;0.029240080323393113;0.046624522070508524;0.6090163289921582;0.6452627080851305;177.4;178.5;4.673328578219169;0.02634345309029971;174.50344093794033;180.29655906205969;0.4487923816816476;0.44542982752086063;0.03883744498487841;0.08653766545535499;0.4247206838895225;0.4728640794737727;4.962896663878852;4.43434085911346;1.0432626072022677;0.21021243798916514;4.316275800735681;5.609517527022023;2.466666666666667;5.0;-4.0;0.9768243243243243
1.85;0.35;2;200.0;200.0;0.0;0.0;200.0;200.0;553.2;567.0;67.19940475926852;0.12147397823439716;511.54937741641794;594.8506225835822;2.766;2.835;0.3359970237963425;0.12147397823439714;2.5577468870820894;2.9742531129179106;32.3;33.0;9.664884893261792;0.299222442515845;26.309642281132117;38.29035771886788;2.766;2.835;0.3359970237963425;0.12147397823439714;2.5577468870820894;2.9742531129179106;8.1;8.5;1.0440306508910548;0.12889267294951295;7.452903098446608;8.747096901553391;5.532;5.67;0.671994047592685;0.12147397823439714;5.115493774164179;5.948506225835821;32.8;33.0;9.505787710652914;0.2898106009345401;26.908251736538634;38.69174826346136;0.6476297213950138;0.6476424409737236;0.026198363126647663;0.040452688104269836;0.631391807699132;0.6638676350908957;183.3;183.0;4.94064773081425;0.0269538883295922;180.23775481060056;186.36224518939946;0.4247276113585306;0.41571246303102793;0.05023034114478516;0.1182648356298729;0.39359452336823164;0.45586069934882956;4.537935993974719;3.994365417580851;1.193187773514938;0.26293622807796385;3.798390550022541;5.277481437926896;2.8461538461538463;3.857142857142857;-2.857142857142857;0.9718378378378378
1.85;0.45;2;200.0;200.0;0.0;0.0;200.0;200.0;640.8;671.0;90.21175089754105;0.1407798859200079;584.886177508598;696.7138224914019;3.2039999999999997;3.355;0.4510587544877053;0.14077988592000792;2.9244308875429903;3.483569112457009;48.5;50.5;19.33520105920805;0.3986639393651144;36.51591822457807;60.48408177542193;3.2039999999999997;3.355;0.4510587544877053;0.14077988592000792;2.9244308875429903;3.483569112457009;8.8;9.0;0.8717797887081348;0.09906588508046986;8.259665288918065;9.340334711081937;6.4079999999999995;6.71;0.9021175089754107;0.14077988592000792;5.848861775085981;6.967138224914018;48.9;50.5;19.112561314486342;0.39084992463162255;37.05391176801388;60.746088231986114;0.6761067294013846;0.6776776755470448;0.030384744689349666;0.044940751760083636;0.6572740695305388;0.6949393892722304;189.3;191.0;4.605431575867781;0.024328745778488012;186.44552393599108;192.15447606400895;0.3879397161022565;0.37899282510396876;0.06582453456451962;0.16967722517786504;0.34714124689396164;0.4287381853105514;4.044421356963748;3.550733219536821;1.2030219071993957;0.29745216954905396;3.298780653805106;4.79006206012239;3.3636363636363633;3.2222222222222223;-2.2222222222222223;0.9525405405405406
1.85;0.55;2;200.0;200.0;0.0;0.0;200.0;200.0;760.1;786.5;131.3974505079912;0.17286863637414973;678.6590164204779;841.5409835795222;3.8004999999999995;3.9325;0.656987252539956;0.17286863637414976;3.3932950821023886;4.20770491789761;74.2;73.0;36.16019911449604;0.4873342198719142;51.787676389985805;96.6123236100142;3.8004999999999995;3.9325;0.656987252539956;0.17286863637414976;3.3932950821023886;4.20770491789761;9.9;10.0;0.9433981132056604;0.09529273870764246;9.315275791505089;10.484724208494912;7.600999999999999;7.865;1.313974505079912;0.17286863637414976;6.786590164204777;8.41540983579522;74.3;73.0;36.0528778324283;0.4852338873812692;51.95419480976351;96.64580519023649;0.7024815716126602;0.6965049656494149;0.04222698925648228;0.06011117011873121;0.6763090125153992;0.7286541307099212;194.1;194.5;4.2059481689626175;0.021668975625773402;191.49312631683082;196.70687368316916;0.3459977260304643;0.3384588368572353;0.07684130209024359;0.22208614770918433;0.2983709935667318;0.3936244584941968;3.493342456552594;3.0923148642510503;1.1639416924340436;0.3331885456150439;2.771923921454935;4.2147609916502535;4.111111111111112;2.8181818181818183;-1.8181818181818181;0.9244459459459458
1.85;0.65;2;200.0;200.0;0.0;0.0;200.0;200.0;921.8;952.5;179.96988636991466;0.19523745538068418;810.2535087705579;1033.346491229442;4.609;4.762499999999999;0.8998494318495734;0.19523745538068418;4.05126754385279;5.16673245614721;113.9;118.5;49.673836171570244;0.4361179646318722;83.11183736563677;144.68816263436324;4.609;4.762499999999999;0.8998494318495734;0.19523745538068418;4.05126754385279;5.16673245614721;11.2;11.5;1.2489995996796797;0.1115178213999714;10.425862027801244;11.974137972198754;9.218;9.524999999999999;1.799698863699147;0.19523745538068418;8.10253508770558;10.33346491229442;113.9;118.5;49.673836171570244;0.4361179646318722;83.11183736563677;144.68816263436324;0.7349827103151;0.7333421266457949;0.04457860962024904;0.06065259630547963;0.7073526018156978;0.7626128188145022;197.0;197.5;2.4899799195977463;0.012639491977653535;195.4566944566937;198.5433055433063;0.2987718205469505;0.28034581611581955;0.07866550994840497;0.2632962834459921;0.250014432338774;0.347529208755127;2.903854669392186;2.4654773869346736;1.0004200746669554;0.3445145121110197;2.28378788302314;3.523921455761232;5.2857142857142865;2.5384615384615383;-1.5384615384615383;0.8719729729729728
1.85;0.75;2;200.0;200.0;0.0;0.0;200.0;200.0;1105.7;1144.0;235.92416154349257;0.21337086148457318;959.4726897135833;1251.9273102864167;5.528499999999999;5.720000000000001;1.179620807717463;0.21337086148457324;4.797363448567916;6.259636551432083;149.2;171.0;51.729682001728946;0.3467136863386659;117.13761091871038;181.2623890812896;5.528499999999999;5.720000000000001;1.179620807717463;0.21337086148457324;4.797363448567916;6.259636551432083;12.1;12.0;1.57797338380595;0.1304110234550372;11.121961963929827;13.078038036070172;11.056999999999999;11.440000000000001;2.359241615434926;0.21337086148457324;9.594726897135832;12.519273102864165;149.2;171.0;51.729682001728946;0.3467136863386659;117.13761091871038;181.2623890812896;0.7562632456307583;0.7555041786283225;0.04403939376519574;0.0582328891687244;0.7289673465808351;0.7835591446806816;198.6;199.0;1.5620499351813306;0.00786530682367236;197.63183141963808;199.5681685803619;0.26220908733976667;0.23667087608234444;0.06389444041809758;0.2436774448450145;0.2226069028773172;0.3018112718022161;2.3720451019795723;2.042562814070352;0.5622530107403462;0.2370330185843103;2.023557075475157;2.7205331284839875;7.4;2.333333333333333;-1.3333333333333333;0.7470945945945945
1.85;0.85;2;200.0;200.0;0.0;0.0;200.0;200.0;1317.5;1366.5;281.79966288127457;0.21388968719641333;1142.8387593998027;1492.1612406001973;6.5875;6.8325;1.4089983144063731;0.21388968719641338;5.714193796999014;7.4608062030009865;171.4;198.0;45.157945037390704;0.26346525692760037;143.41081568891298;199.38918431108704;6.5875;6.8325;1.4089983144063731;0.21388968719641338;5.714193796999014;7.4608062030009865;13.9;14.5;2.1656407827707715;0.15580149516336486;12.557721936408107;15.242278063591893;13.175;13.665;2.8179966288127463;0.21388968719641338;11.428387593998028;14.921612406001973;171.4;198.0;45.157945037390704;0.26346525692760037;143.41081568891298;199.38918431108704;0.7694781002464327;0.7788648826903346;0.04448209438790799;0.057808135635909814;0.7419078125077977;0.7970483879850677;199.7;200.0;0.6403124237432849;0.003206371676230771;199.3031302480662;200.09686975193378;0.24459792932905974;0.23106342253905887;0.04820416015581963;0.19707509498565767;0.21472068132662603;0.27447517733149346;2.1328391959798996;1.9391708542713568;0.36253892199718324;0.1699794915062129;1.9081352441211485;2.3575431478386504;12.333333333333332;2.1764705882352944;-1.1764705882352942;0.5341216216216217
1.85;0.95;2;200.0;200.0;0.0;0.0;200.0;200.0;1549.9;1622.0;327.11296213999225;0.21105423713787486;1347.1532855447467;1752.6467144552535;7.749499999999999;8.11;1.6355648106999614;0.2110542371378749;6.735766427723733;8.763233572276265;182.1;199.0;33.39595783923557;0.18339350817811956;161.4009708826718;202.7990291173282;7.749499999999999;8.11;1.6355648106999614;0.2110542371378749;6.735766427723733;8.763233572276265;15.7;16.0;2.368543856465402;0.1508626660169046;14.231961308411798;17.1680386915882;15.498999999999999;16.22;3.271129621399923;0.2110542371378749;13.471532855447466;17.52646714455253;182.1;199.0;33.39595783923557;0.18339350817811956;161.4009708826718;202.7990291173282;0.7666109681575931;0.775026664285851;0.044258669976059754;0.057732894276776706;0.7391791603041176;0.7940427760110687;200.0;200.0;0.0;0.0;200.0;200.0;0.23840836111459746;0.23765845411771894;0.029782353874704987;0.12492159979401599;0.21994906693885655;0.2568676552903384;2.007592964824121;1.9200502512562814;0.18681163407721785;0.09305254468929854;1.8918059144321415;2.1233800152161004;36.99999999999997;2.052631578947368;-1.0526315789473684;0.2094459459459461
2.05;0.05;2;200.0;200.0;0.0;0.0;200.0;200.0;422.2;429.5;36.45216042980169;0.08633860831312574;399.606716891961;444.79328310803896;2.1109999999999998;2.1475;0.1822608021490084;0.08633860831312573;1.998033584459805;2.2239664155401946;13.9;13.5;2.8442925306655784;0.20462536191838693;12.137089225173321;15.66291077482668;2.1109999999999998;2.1475;0.1822608021490084;0.08633860831312573;1.998033584459805;2.2239664155401946;7.0;7.0;0.7745966692414834;0.11065666703449763;6.5199000104144975;7.4800999895855025;4.2219999999999995;4.295;0.3645216042980168;0.08633860831312573;3.99606716891961;4.447932831080389;15.1;14.5;3.477067730142742;0.23026938610216835;12.944891093239137;17.25510890676086;0.5810643061575265;0.5845435150963629;0.028933424694820208;0.04979384276097035;0.563131183738786;0.5989974285762669;170.1;169.0;3.858756276314947;0.022685222082980287;167.70831808134943;172.49168191865056;0.4733072085455161;0.46715729580578247;0.027568395339502713;0.05824630354610703;0.4562201400865914;0.4903942770044408;5.713347009299651;5.324864413136061;0.9213455277343622;0.16126195839928545;5.142291134888168;6.284402883711133;2.1578947368421053;21.0;-20.0;0.9782682926829267
2.05;0.15;2;200.0;200.0;0.0;0.0;200.0;200.0;471.0;483.0;43.756142425949754;0.09290051470477655;443.8796619490096;498.1203380509904;2.355;2.415;0.21878071212974878;0.09290051470477656;2.219398309745048;2.490601690254952;18.4;19.0;3.826225293941798;0.20794702684466296;16.028480993118546;20.77151900688145;2.355;2.415;0.21878071212974878;0.09290051470477656;2.219398309745048;2.490601690254952;7.4;7.0;0.8;0.10810810810810811;6.904154862885599;7.895845137114402;4.71;4.83;0.43756142425949757;0.09290051470477656;4.438796619490096;4.981203380509904;19.0;20.0;4.0743097574926725;0.21443735565750907;16.474716649561877;21.525283350438123;0.6072084645157346;0.6114404974213006;0.028974144404829292;0.047716963939125855;0.5892501037592534;0.6251668252722159;177.1;177.5;4.592385001282014;0.025931027675223116;174.2536102866965;179.9463897133035;0.4679151138003226;0.4589020260076927;0.03290206859146234;0.07031631939442529;0.4475222004102212;0.48830802719042393;5.471073337813555;4.858519339106042;1.25215894592635;0.2288689748082886;4.6949771825237105;6.2471694931034;2.411764705882353;7.666666666666667;-6.666666666666667;0.9764634146341464
2.05;0.25;2;200.0;200.0;0.0;0.0;200.0;200.0;532.0;544.0;53.8924855615326;0.101301664589347;498.59709138413245;565.4029086158675;2.66;2.7199999999999998;0.26946242780766305;0.101301664589347;2.492985456920662;2.827014543079338;25.4;25.0;5.9194594347794975;0.23304958404643691;21.731081031148275;29.068918968851722;2.66;2.7199999999999998;0.26946242780766305;0.101301664589347;2.492985456920662;2.827014543079338;7.8;8.0;0.9797958971132713;0.12561485860426555;7.192716211314677;8.407283788685323;5.32;5.4399999999999995;0.5389248556153261;0.101301664589347;4.985970913841324;5.654029086158676;26.2;26.0;5.473572873361603;0.2089149951664734;22.80744438512793;29.59255561487207;0.6304727579576617;0.6255146398517866;0.0275555369729351;0.04370615006776477;0.6133936591969043;0.6475518567184191;183.2;182.5;3.54400902933387;0.019345027452695798;181.00340044614407;185.3965995538559;0.4508147739096697;0.4452091089365373;0.03891991770090889;0.08633239182331527;0.42669195899855916;0.4749375888207802;4.901934723194597;4.349145279806041;1.2282696140659017;0.250568333408046;4.140645329194647;5.663224117194548;2.733333333333333;5.0;-4.0;0.9731707317073173
2.05;0.35;2;200.0;200.0;0.0;0.0;200.0;200.0;611.4;626.0;74.36289397273346;0.12162723907872663;565.3094008023328;657.4905991976672;3.057;3.13;0.3718144698636674;0.12162723907872666;2.826547004011664;3.287452995988336;35.7;37.5;11.243220179290272;0.314936139475918;28.73137993574051;42.6686200642595;3.057;3.13;0.3718144698636674;0.12162723907872666;2.826547004011664;3.287452995988336;8.7;9.0;0.9;0.10344827586206898;8.142174220746297;9.257825779253702;6.114;6.26;0.7436289397273348;0.12162723907872666;5.653094008023328;6.574905991976672;36.3;37.5;10.909170454255447;0.3005281116874779;29.538426100381656;43.06157389961834;0.6578210187323796;0.6548929253691924;0.02399812678590754;0.03648124049327567;0.6429468256490707;0.6726952118156886;187.5;188.5;3.9560080889704965;0.021098709807842647;185.04804078337344;189.95195921662656;0.42671818697537967;0.41441849251373997;0.05589854068754333;0.1309963868279383;0.3920719125107423;0.461364461440017;4.33055090777555;3.733672717271851;1.1971918956209748;0.27645256252995526;3.5885236832300094;5.072578132321092;3.1538461538461533;3.857142857142857;-2.857142857142857;0.9692926829268295
2.05;0.45;2;200.0;200.0;0.0;0.0;200.0;200.0;705.1;740.0;101.28025473901613;0.14363956139415135;642.3258477524388;767.8741522475613;3.5255;3.7;0.5064012736950807;0.14363956139415138;3.211629238762194;3.8393707612378063;52.5;54.0;21.83231549790356;0.41585362853149643;38.96819066052141;66.03180933947858;3.5255;3.7;0.5064012736950807;0.14363956139415138;3.211629238762194;3.8393707612378063;9.4;9.5;0.66332495807108;0.07056648490117873;8.9888669315173;9.8111330684827;7.051;7.4;1.0128025473901614;0.14363956139415138;6.423258477524388;7.678741522475613;52.9;54.0;21.612265036316764;0.40854943357876683;39.5045793496434;66.29542065035659;0.6807442807215144;0.6812455476023098;0.03337055755337329;0.04902069469904933;0.6600609948644689;0.7014275665785599;191.4;191.5;3.9293765408777004;0.020529657998316093;188.96454718789298;193.83545281210704;0.3903907182321792;0.3802906488666572;0.06972526716271098;0.17860380359054256;0.3471745499113883;0.4336068865529701;3.7862293700101963;3.3366829963527738;1.0603495649764805;0.28005423373851884;3.129017900716497;4.4434408393038956;3.7272727272727266;3.2222222222222223;-2.2222222222222223;0.9458658536585368
2.05;0.55;2;200.0;200.0;0.0;0.0;200.0;200.0;842.6;866.5;142.59607287720095;0.16923341191217772;754.2180383652864;930.9819616347137;4.212999999999999;4.3325;0.7129803643860047;0.16923341191217772;3.771090191826431;4.654909808173567;81.3;81.5;37.467452542173184;0.4608542748114783;58.07743232112349;104.5225676788765;4.212999999999999;4.3325;0.7129803643860047;0.16923341191217772;3.771090191826431;4.654909808173567;10.4;10.5;0.66332495807108;0.06378124596837308;9.9888669315173;10.8111330684827;8.425999999999998;8.665;1.4259607287720093;0.16923341191217772;7.542180383652862;9.309819616347134;81.3;81.5;37.467452542173184;0.4608542748114783;58.07743232112349;104.5225676788765;0.7056064918747409;0.7034839734029948;0.03962887563707317;0.05616285577501189;0.6810442602822983;0.7301687234671835;195.7;195.5;3.163858403911275;0.016166879938228285;193.73902024487757;197.6609797551224;0.3457320108197817;0.3351343262935054;0.07305592343249775;0.21130795282528614;0.3004514803555241;0.39101254128403934;3.1860514881816906;2.8922161698097213;0.8986496661972385;0.28205748385758395;2.6290626544899642;3.743040321873417;4.555555555555555;2.8181818181818183;-1.8181818181818181;0.9248048780487803
2.05;0.65;2;200.0;200.0;0.0;0.0;200.0;200.0;1012.2;1044.5;197.774012448552;0.19539025138169533;889.6183970997279;1134.7816029002722;5.061;5.2225;0.98887006224276;0.1953902513816953;4.448091985498639;5.673908014501361;121.9;128.5;48.81895123822305;0.40048360326680105;91.6417005368775;152.15829946312252;5.061;5.2225;0.98887006224276;0.1953902513816953;4.448091985498639;5.673908014501361;11.5;12.0;0.9219544457292888;0.08016995180254685;10.92856671430516;12.07143328569484;10.122;10.445;1.97774012448552;0.1953902513816953;8.896183970997278;11.347816029002722;121.9;128.5;48.81895123822305;0.40048360326680105;91.6417005368775;152.15829946312252;0.7324647292513686;0.7312545379004346;0.04296817516918579;0.058662449471256234;0.7058327783659679;0.7590966801367693;197.8;198.0;1.98997487421324;0.010060540314525985;196.5666007945519;199.03339920544812;0.3006897397554342;0.28385406741989117;0.07234348292612554;0.24059179067754707;0.2558507844918866;0.34552869501898187;2.6468844919194097;2.3629145728643217;0.6561534145441805;0.24789650494660068;2.240196392165982;3.0535725916728373;5.857142857142857;2.5384615384615383;-1.5384615384615383;0.8640731707317074
2.05;0.75;2;200.0;200.0;0.0;0.0;200.0;200.0;1214.0;1260.0;250.06959031437628;0.20598813040722924;1059.0052621280322;1368.9947378719678;6.069999999999999;6.300000000000001;1.2503479515718814;0.20598813040722924;5.295026310640161;6.844973689359838;155.6;179.5;49.69547263081417;0.31937964415690345;124.79842694926117;186.40157305073882;6.069999999999999;6.300000000000001;1.2503479515718814;0.20598813040722924;5.295026310640161;6.844973689359838;13.2;13.0;1.7776388834631178;0.13466961238356953;12.098208005111672;14.301791994888326;12.139999999999999;12.600000000000001;2.5006959031437628;0.20598813040722924;10.590052621280321;13.689947378719676;155.6;179.5;49.69547263081417;0.31937964415690345;124.79842694926117;186.40157305073882;0.7561658120110607;0.7555890633746083;0.041574010845164745;0.054980019176741925;0.7303979731261653;0.7819336508959561;199.2;200.0;1.077032961426901;0.0054067919750346435;198.53244805445567;199.8675519455443;0.26900334388298974;0.24613555659407665;0.05998556808217481;0.22299190491946877;0.23182390359475066;0.3061827841712288;2.257275163697274;1.9841206030150753;0.4433412837634326;0.19640551178406962;1.9824893891520812;2.532060938242467;8.2;2.333333333333333;-1.3333333333333333;0.7402439024390244
2.05;0.85;2;200.0;200.0;0.0;0.0;200.0;200.0;1439.1;1488.0;298.42803152519036;0.2073712956189218;1254.1323897370137;1624.0676102629861;7.1955;7.4399999999999995;1.4921401576259516;0.20737129561892179;6.270661948685069;8.120338051314931;175.2;199.0;40.796568483145734;0.2328571260453524;149.91402488334688;200.4859751166531;7.1955;7.4399999999999995;1.4921401576259516;0.20737129561892179;6.270661948685069;8.120338051314931;15.0;15.0;2.5298221281347035;0.16865480854231357;13.432;16.568;14.391;14.879999999999999;2.9842803152519033;0.20737129561892179;12.541323897370138;16.240676102629862;175.2;199.0;40.796568483145734;0.2328571260453524;149.91402488334688;200.4859751166531;0.7638557635390208;0.7693164067750555;0.04379924589392914;0.05733968110812284;0.7367087096817925;0.7910028173962492;199.9;200.0;0.3;0.0015007503751875938;199.7140580735821;200.08594192641792;0.25538117319557774;0.24465343413538612;0.0418913242820179;0.16403450480641502;0.22941666140492645;0.281345684986229;2.077065326633166;1.934422110552764;0.2877434475514565;0.13853365316047922;1.8987200901270127;2.255410563139319;13.666666666666664;2.1764705882352944;-1.1764705882352942;0.5265000000000001
2.05;0.95;2;200.0;200.0;0.0;0.0;200.0;200.0;1677.6;1743.5;337.29933293737776;0.2010606419512266;1468.539707513837;1886.660292486163;8.388;8.717500000000001;1.6864966646868884;0.20106064195122655;7.342698537569185;9.433301462430814;184.7;199.0;28.407921430474282;0.15380574678112768;167.09258787896414;202.30741212103584;8.388;8.717500000000001;1.6864966646868884;0.20106064195122655;7.342698537569185;9.433301462430814;16.6;17.0;2.764054992217051;0.16650933688054523;14.886820966740489;18.313179033259516;16.776;17.435000000000002;3.372993329373777;0.20106064195122655;14.68539707513837;18.866602924861628;184.7;199.0;28.407921430474282;0.15380574678112768;167.09258787896414;202.30741212103584;0.7651907143454008;0.7731562143136046;0.04219323776938559;0.055140812582234126;0.7390390746365738;0.7913423540542277;200.0;200.0;0.0;0.0;200.0;200.0;0.24983349151004494;0.2510346348744161;0.0266038044931451;0.10648614135897569;0.2333442826517096;0.2663227003683803;1.9758793969849247;1.912964824120603;0.1352973637285784;0.06847450504065895;1.8920212221484072;2.0597375718214423;40.99999999999996;2.052631578947368;-1.0526315789473684;0.20458536585365875
2.25;0.05;2;200.0;200.0;0.0;0.0;200.0;200.0;463.6;474.0;40.62068438615972;0.0876201129986189;438.42303897607974;488.7769610239203;2.3179999999999996;2.37;0.20310342193079867;0.08762011299861894;2.1921151948803983;2.443884805119601;15.0;15.5;3.1304951684997055;0.20869967789998037;13.059698992424114;16.940301007575886;2.3179999999999996;2.37;0.20310342193079867;0.08762011299861894;2.1921151948803983;2.443884805119601;7.5;7.5;0.5;0.06666666666666667;7.190096789303499;7.809903210696501;4.635999999999999;4.74;0.40620684386159733;0.08762011299861894;4.384230389760797;4.887769610239202;16.4;16.5;3.6386810797320503;0.22187079754463723;14.14472210138085;18.655277898619147;0.5881721555790895;0.5889791290724418;0.021411724727524638;0.03640383946166842;0.5749010310998705;0.6014432800583086;176.6;176.0;4.1036569057366385;0.02323701532127202;174.05652709863068;179.1434729013693;0.47676949669813695;0.47062271581441023;0.030339799815768526;0.06363620161500798;0.4579646939485454;0.4955742994477285;5.680116692169072;5.135071084900428;1.2291899489115934;0.21640223529319805;4.91825686872193;6.441976515616214;2.368421052631579;21.0;-20.0;0.9787111111111109
2.25;0.15;2;200.0;200.0;0.0;0.0;200.0;200.0;515.9;528.5;47.10509526579901;0.09130663939871876;486.70395947392865;545.0960405260713;2.5795000000000003;2.6425;0.23552547632899506;0.09130663939871876;2.4335197973696436;2.725480202630357;19.5;21.0;3.930648801406709;0.20157173340547227;17.063758632647414;21.936241367352586;2.5795000000000003;2.6425;0.23552547632899506;0.09130663939871876;2.4335197973696436;2.725480202630357;8.1;8.0;0.8306623862918076;0.10255091188787747;7.585150118966703;8.614849881033297;5.159000000000001;5.285;0.47105095265799013;0.09130663939871876;4.867039594739287;5.450960405260714;20.5;21.0;4.224926034855522;0.20609395291978155;17.88136371368607;23.11863628631393;0.6097760932312944;0.6014082480354062;0.023936812848307034;0.039255085783147535;0.5949399029202312;0.6246122835423576;182.5;182.0;3.774917217635375;0.02068447790485137;180.16028206828258;184.83971793171742;0.46805163969998087;0.45832822048897975;0.03130202386860504;0.06687728706317428;0.44865044430362244;0.4874528350963393;5.103755756971647;4.684420912795508;1.1105834245859587;0.2176012092798367;4.415409018920639;5.792102495022655;2.6470588235294117;7.666666666666667;-6.666666666666667;0.9744777777777779
2.25;0.25;2;200.0;200.0;0.0;0.0;200.0;200.0;586.4;591.5;60.58580691878256;0.10331822462275335;548.8485278264619;623.951472173538;2.932;2.9575;0.3029290345939128;0.10331822462275335;2.74424263913231;3.11975736086769;27.3;27.5;5.984145720150872;0.21919947692860337;23.59098805609904;31.009011943900962;2.932;2.9575;0.3029290345939128;0.10331822462275335;2.74424263913231;3.11975736086769;8.8;9.0;1.0770329614269007;0.12239010925305689;8.132448054455686;9.467551945544315;5.864;5.915;0.6058580691878256;0.10331822462275335;5.48848527826462;6.23951472173538;28.0;28.5;5.692099788303083;0.20328927815368153;24.472;31.528;0.6309525080915483;0.6218484557625106;0.026920903223923372;0.042667083304496936;0.614266759403661;0.6476382567794357;186.8;187.0;2.891366458960192;0.015478407167881113;185.00791250213615;188.59208749786387;0.4528124404433311;0.4476090869290266;0.043557517650942255;0.09619328834759218;0.42581521130333805;0.4798096695833241;4.561347973130648;4.0061825098555275;1.1251272019563927;0.24666550514982305;3.8639869084741343;5.2587090377871615;3.0;5.0;-4.0;0.9773333333333333
2.25;0.35;2;200.0;200.0;0.0;0.0;200.0;200.0;668.1;689.0;80.92768376767;0.12113109379983536;617.9405019323359;718.2594980676641;3.3405;3.4450000000000003;0.4046384188383501;0.12113109379983539;3.0897025096616795;3.5912974903383206;39.1;40.0;12.941792766073794;0.3309921423548285;31.07859373924996;47.12140626075004;3.3405;3.4450000000000003;0.4046384188383501;0.12113109379983539;3.0897025096616795;3.5912974903383206;9.1;9.0;1.0440306508910548;0.11472864295506098;8.452903098446608;9.747096901553391;6.681;6.890000000000001;0.8092768376767002;0.12113109379983539;6.179405019323359;7.182594980676641;39.7;40.0;12.498399897586891;0.314821156110501;31.953411486338005;47.446588513662;0.6541126109750712;0.6569828898945826;0.022520562719233153;0.034429182898128574;0.6401542215883067;0.6680710003618358;190.4;191.0;3.104834939252005;0.016306906193550446;188.47560336728625;192.32439663271376;0.42757824625539465;0.4161474341125949;0.0538195543372788;0.12587065597610433;0.3942205408806396;0.46093595163014967;4.016311852996795;3.7098037474930114;0.8475417534891363;0.21102488663990024;3.491000031785543;4.541623674208047;3.4615384615384612;3.857142857142857;-2.857142857142857;0.9650333333333334
2.25;0.45;2;200.0;200.0;0.0;0.0;200.0;200.0;775.6;809.0;108.1926060320205;0.13949536620941272;708.5415280341105;842.6584719658896;3.8779999999999992;4.045;0.5409630301601026;0.13949536620941277;3.5427076401705513;4.213292359829447;57.4;58.5;24.096472770926457;0.41979917719384074;42.46485144365815;72.33514855634185;3.8779999999999992;4.045;0.5409630301601026;0.13949536620941277;3.5427076401705513;4.213292359829447;10.0;10.0;0.7745966692414834;0.07745966692414834;9.519900010414498;10.480099989585502;7.7559999999999985;8.09;1.0819260603202052;0.13949536620941277;7.085415280341103;8.426584719658894;57.6;58.5;24.096472770926457;0.41834154116191763;42.66485144365815;72.53514855634185;0.6805104018376774;0.6798866193532708;0.03010849194758508;0.044243984906445086;0.6618489651901047;0.6991718384852501;194.7;195.0;3.4365680554879163;0.017650580665063774;192.5699930516545;196.83000694834547;0.39197824408569615;0.3850177652685296;0.06553390523633423;0.1671876085602519;0.35135990880125567;0.4325965793701366;3.5032197342198375;3.2056454696296766;0.8422033798296168;0.24040837964084327;2.981216671282551;4.025222797157124;4.090909090909091;3.2222222222222223;-2.2222222222222223;0.9479555555555554
2.25;0.55;2;200.0;200.0;0.0;0.0;200.0;200.0;924.9;958.0;155.60491637477267;0.16823971929373194;828.4550736305947;1021.3449263694052;4.624499999999999;4.79;0.7780245818738635;0.168239719293732;4.142275368152973;5.106724631847026;89.0;89.5;38.42395086401189;0.4317297849888977;65.18458851919623;112.81541148080377;4.624499999999999;4.79;0.7780245818738635;0.168239719293732;4.142275368152973;5.106724631847026;11.1;11.0;1.2206555615733703;0.10996896951111444;10.343429844627744;11.856570155372255;9.248999999999999;9.58;1.556049163747727;0.168239719293732;8.284550736305945;10.213449263694052;89.0;89.5;38.42395086401189;0.4317297849888977;65.18458851919623;112.81541148080377;0.7052421087757551;0.7014420080920585;0.03534674936384559;0.05012002108780029;0.6833339665446746;0.7271502510068356;197.2;197.0;2.2715633383201093;0.011519083865720635;195.79207045630827;198.6079295436917;0.3479322775139394;0.34016409299853073;0.06917248920698517;0.19881021013985653;0.30505872451971183;0.390805830508167;2.9378852182058592;2.748101873001371;0.6465297331651491;0.2200663692232262;2.5371619379685955;3.338608498443123;5.000000000000001;2.8181818181818183;-1.8181818181818181;0.9248999999999997
2.25;0.65;2;200.0;200.0;0.0;0.0;200.0;200.0;1103.0;1145.5;211.06112858600943;0.19135188448414273;972.1829571959372;1233.8170428040628;5.515000000000001;5.7275;1.0553056429300471;0.1913518844841427;4.860914785979687;6.169085214020314;128.4;137.5;49.25078679574571;0.38357310588587;97.87404608533913;158.92595391466088;5.515000000000001;5.7275;1.0553056429300471;0.1913518844841427;4.860914785979687;6.169085214020314;12.3;12.5;1.4177446878757827;0.11526379576225874;11.421272738558773;13.178727261441228;11.030000000000001;11.455;2.1106112858600943;0.1913518844841427;9.721829571959374;12.338170428040629;128.4;137.5;49.25078679574571;0.38357310588587;97.87404608533913;158.92595391466088;0.733283150864297;0.7362161137376773;0.03952478020716864;0.053901116043075674;0.7087854382877468;0.7577808634408472;198.6;199.0;1.42828568570857;0.0071917708243130415;197.71473936041411;199.48526063958587;0.3040000003675709;0.2905268894442176;0.06640389962550967;0.21843388008295966;0.2628424369741436;0.3451575637609982;2.4781125831176083;2.287738693467337;0.4846161083490997;0.19555855196030872;2.1777444072523493;2.7784807589828673;6.428571428571429;2.5384615384615383;-1.5384615384615383;0.8578888888888889
2.25;0.75;2;200.0;200.0;0.0;0.0;200.0;200.0;1316.9;1363.5;259.44188173847334;0.1970095540576151;1156.0962557202104;1477.7037442797898;6.5845;6.8175;1.2972094086923671;0.19700955405761517;5.7804812786010515;7.388518721398949;160.0;183.5;47.31384575364805;0.2957115359603003;130.6745745810909;189.3254254189091;6.5845;6.8175;1.2972094086923671;0.19700955405761517;5.7804812786010515;7.388518721398949;14.1;15.0;2.022374841615669;0.1434308398308985;12.846519086702951;15.353480913297048;13.169;13.635;2.5944188173847342;0.19700955405761517;11.560962557202103;14.777037442797898;160.0;183.5;47.31384575364805;0.2957115359603003;130.6745745810909;189.3254254189091;0.754425503063884;0.7555545047958427;0.042218898722578314;0.05596165367039992;0.7282579585314891;0.7805930475962789;199.5;200.0;0.806225774829855;0.004041231954034361;199.00029608766792;199.99970391233208;0.2771766019741432;0.2557462039103206;0.05551929860353998;0.200302977264723;0.24276538418843355;0.3115878197598528;2.191748743718593;1.9533919597989948;0.3808318282285293;0.1737570646817835;1.9557067311117136;2.4277907563254724;9.0;2.333333333333333;-1.3333333333333333;0.7316111111111111
2.25;0.85;2;200.0;200.0;0.0;0.0;200.0;200.0;1552.4;1599.5;311.2979922839208;0.20052692107956763;1359.4555054156767;1745.3444945843235;7.7620000000000005;7.9975000000000005;1.5564899614196042;0.20052692107956765;6.797277527078384;8.726722472921617;177.5;199.0;37.475992315080866;0.2111323510708781;154.27213931503806;200.72786068496194;7.7620000000000005;7.9975000000000005;1.5564899614196042;0.20052692107956765;6.797277527078384;8.726722472921617;15.3;15.0;2.3685438564654024;0.15480678800427466;13.831961308411799;16.768038691588202;15.524000000000001;15.995000000000001;3.1129799228392083;0.20052692107956765;13.594555054156768;17.453444945843234;177.5;199.0;37.475992315080866;0.2111323510708781;154.27213931503806;200.72786068496194;0.7627681721592945;0.7661340679307148;0.04154491681393181;0.05446598105466792;0.7370183659417815;0.7885179783768075;199.9;200.0;0.3;0.0015007503751875938;199.7140580735821;200.08594192641792;0.26490641585803765;0.2548197306022627;0.038303431525646595;0.14459231348391827;0.24116570303705473;0.2886471286790206;2.0437185929648245;1.9290954773869347;0.23638051972893312;0.1156619705582928;1.8972084289446165;2.1902287569850323;14.999999999999998;2.1764705882352944;-1.1764705882352942;0.5174666666666667
2.25;0.95;2;200.0;200.0;0.0;0.0;200.0;200.0;1799.4;1873.0;347.151609531052;0.19292631406638433;1584.2332032157378;2014.5667967842624;8.997000000000002;9.365;1.73575804765526;0.19292631406638433;7.921166016078691;10.072833983921313;186.2;199.0;25.790695996812495;0.13851071963916486;170.21476100898082;202.18523899101916;8.997000000000002;9.365;1.73575804765526;0.19292631406638433;7.921166016078691;10.072833983921313;17.3;17.0;2.6095976701399777;0.1508437959618484;15.682554606795025;18.91744539320498;17.994000000000003;18.73;3.47151609531052;0.19292631406638433;15.842332032157382;20.145667967842627;186.2;199.0;25.790695996812495;0.13851071963916486;170.21476100898082;202.18523899101916;0.7626818285314725;0.7635821417895817;0.03882175395445543;0.050901637487818334;0.7386198561407619;0.7867438009221831;200.0;200.0;0.0;0.0;200.0;200.0;0.2583120378289968;0.2628774809611384;0.023766295903898657;0.09200614924354397;0.2435815350150342;0.2730425406429594;1.950668341708543;1.9058793969849246;0.09901859282583735;0.05076136763418704;1.88929598203779;2.0120407013792962;44.99999999999996;2.052631578947368;-1.0526315789473684;0.19993333333333355
2.45;0.05;2;200.0;200.0;0.0;0.0;200.0;200.0;503.3;518.0;43.238987037163575;0.08591096172692941;476.50019817983724;530.0998018201628;2.5164999999999997;2.59;0.2161949351858179;0.08591096172692943;2.382500990899186;2.6504990091008134;15.7;16.0;3.2878564445547194;0.20941760793342162;13.66216546304662;17.73783453695338;2.5164999999999997;2.59;0.2161949351858179;0.08591096172692943;2.382500990899186;2.6504990091008134;7.7;8.0;0.6403124237432849;0.08315745762899804;7.3031302480661955;8.096869751933806;5.0329999999999995;5.18;0.4323898703716358;0.08591096172692943;4.765001981798372;5.300998018201627;17.0;17.5;3.3166247903554;0.19509557590325882;14.944334657586504;19.055665342413498;0.5962499924220072;0.5933521148590546;0.02078896756739188;0.034866193428272775;0.5833648568296068;0.6091351280144075;182.0;181.5;3.687817782917155;0.02026273507097338;179.71426685722065;184.28573314277935;0.48074520116081443;0.4705360027420363;0.027622708441393203;0.05745810540530619;0.4636244690925722;0.49786593322905665;5.395263862701494;4.972058505272464;1.069401851260695;0.19821122348689516;4.732441728240551;6.058085997162437;2.578947368421053;21.0;-20.0;0.975785714285714
2.45;0.15;2;200.0;200.0;0.0;0.0;200.0;200.0;563.6;578.5;52.93807703345485;0.0939284546370739;530.7886399184673;596.4113600815327;2.818;2.8925;0.2646903851672743;0.0939284546370739;2.6539431995923364;2.9820568004076637;21.0;22.0;4.0;0.19047619047619047;18.52077431442799;23.47922568557201;2.818;2.8925;0.2646903851672743;0.0939284546370739;2.6539431995923364;2.9820568004076637;8.6;8.0;1.1135528725660042;0.1294828921588377;7.909812779022967;9.290187220977032;5.636;5.785;0.5293807703345486;0.0939284546370739;5.307886399184673;5.9641136008153275;21.7;22.5;4.382921400162226;0.20197794470793667;18.98343717171864;24.416562828281357;0.6171401796843208;0.6081623371024443;0.02542163756641385;0.04119264699215908;0.6013836854783319;0.6328966738903097;186.8;187.0;3.1240998703626617;0.01672430337453245;184.86366283927617;188.73633716072385;0.469473995488321;0.4559025386914311;0.033712236902157064;0.07180852874948153;0.44857893457684195;0.4903690563998001;4.850754915772932;4.496971300762404;1.047553612721432;0.2159568213424182;4.201474459854751;5.500035371691114;2.882352941176471;7.666666666666667;-6.666666666666667;0.977673469387755
2.45;0.25;2;200.0;200.0;0.0;0.0;200.0;200.0;637.3;652.5;67.71565550151604;0.10625397065984002;595.329401891324;679.2705981086759;3.1865;3.2625;0.33857827750758024;0.10625397065984002;2.9766470094566198;3.3963529905433805;29.5;28.5;7.365459931328117;0.2496766078416311;24.93484063804997;34.06515936195003;3.1865;3.2625;0.33857827750758024;0.10625397065984002;2.9766470094566198;3.3963529905433805;8.9;9.0;1.0440306508910548;0.1173068147068601;8.252903098446609;9.547096901553392;6.373;6.525;0.6771565550151605;0.10625397065984002;5.9532940189132395;6.792705981086761;30.1;29.5;7.189575787207476;0.23885633844543108;25.643854759997158;34.55614524000284;0.6383382893767038;0.6383295170769159;0.024816663445038373;0.038876977706084725;0.62295676201592;0.6537198167374876;189.6;189.5;3.2;0.01687763713080169;187.6166194515424;191.5833805484576;0.45369111862602896;0.44793299349418625;0.042730825231244954;0.09418483959009864;0.4272062787562812;0.4801759584957767;4.293553414383163;3.8583762000424944;0.9413330528241924;0.21924335439051013;3.71010914357325;4.876997685193075;3.266666666666667;5.0;-4.0;0.9754591836734693
2.45;0.35;2;200.0;200.0;0.0;0.0;200.0;200.0;725.3;749.0;86.48820728862403;0.11924473636925965;671.6940537477417;778.9059462522582;3.6265;3.745;0.4324410364431201;0.11924473636925964;3.3584702687387087;3.8945297312612914;41.9;42.0;14.152384958020326;0.33776575078807464;33.12826092499326;50.671739075006734;3.6265;3.745;0.4324410364431201;0.11924473636925964;3.3584702687387087;3.8945297312612914;9.7;10.0;1.004987562112089;0.10360696516619475;9.077102255582828;10.32289774441717;7.253;7.49;0.8648820728862402;0.11924473636925964;6.716940537477417;7.789059462522583;42.4;42.0;13.915459029439166;0.328194788430169;33.77510913692237;51.02489086307763;0.6547988387984185;0.6584249905187489;0.023337096620274413;0.03564010080271202;0.6403343564565035;0.6692633211403335;193.5;193.5;2.6172504656604803;0.013525842199795763;191.8778113549898;195.1221886450102;0.4278250591604119;0.4198296724390879;0.052692085967904416;0.12316269194541887;0.39516616592091264;0.4604839523999112;3.712356244476671;3.4557781956984277;0.6442516311807605;0.17354251282842073;3.3130449464779197;4.1116675424754225;3.769230769230769;3.857142857142857;-2.857142857142857;0.9621326530612245
2.45;0.45;2;200.0;200.0;0.0;0.0;200.0;200.0;845.1;881.5;117.66601038532751;0.1392332391259348;772.1698511834784;918.0301488165217;4.225499999999999;4.407500000000001;0.5883300519266376;0.13923323912593483;3.860849255917391;4.5901507440826075;62.2;64.0;25.813949717158742;0.41501526876461;46.200348203788934;78.19965179621107;4.225499999999999;4.407500000000001;0.5883300519266376;0.13923323912593483;3.860849255917391;4.5901507440826075;10.4;11.0;0.8;0.07692307692307693;9.904154862885598;10.895845137114403;8.450999999999999;8.815000000000001;1.1766601038532751;0.13923323912593483;7.721698511834782;9.180301488165215;62.5;64.0;25.71478174124758;0.4114365078599613;46.56181315205522;78.43818684794478;0.6784938948711686;0.6780330729363073;0.03136737235718597;0.04623088371803546;0.6590521960619594;0.6979355936803778;196.2;196.0;2.481934729198171;0.012650024103966213;194.66168091736466;197.73831908263531;0.39419841069520994;0.39244500321664494;0.06160976043804271;0.15629124513563483;0.3560122855552265;0.4323845358351934;3.2655007242508374;3.0599071083168874;0.6454180508461161;0.19764749891280034;2.8654664718534595;3.6655349766482153;4.454545454545454;3.2222222222222223;-2.2222222222222223;0.9485816326530612
2.45;0.55;2;200.0;200.0;0.0;0.0;200.0;200.0;1001.3;1045.5;168.49632043460178;0.16827755960711255;896.8648986135408;1105.735101386459;5.0065;5.2275;0.8424816021730088;0.16827755960711252;4.484324493067704;5.528675506932296;97.2;97.0;40.32815393741697;0.4148987030598454;72.20435122666348;122.19564877333653;5.0065;5.2275;0.8424816021730088;0.16827755960711252;4.484324493067704;5.528675506932296;11.7;12.0;0.9;0.07692307692307693;11.142174220746297;12.257825779253702;10.013;10.455;1.6849632043460177;0.16827755960711252;8.968648986135408;11.057351013864592;97.2;97.0;40.32815393741697;0.4148987030598454;72.20435122666348;122.19564877333653;0.7087553994501704;0.7102041877571292;0.036916543940805215;0.05208643767573958;0.6858742884600224;0.7316365104403184;198.0;198.5;1.8439088914585775;0.009312671168982715;196.85713342861033;199.14286657138967;0.34631662174319927;0.3434345652989458;0.06675396970433212;0.1927541605376121;0.3049420826669803;0.38769116081941823;2.7737594669754455;2.6336485457590983;0.5360742143640747;0.19326629462525785;2.4414972265693833;3.1060217073815077;5.4444444444444455;2.8181818181818183;-1.8181818181818181;0.9195612244897957
2.45;0.65;2;200.0;200.0;0.0;0.0;200.0;200.0;1196.6;1244.5;221.79639311765195;0.18535550151901384;1059.1291713038725;1334.0708286961274;5.983;6.2225;1.1089819655882596;0.1853555015190138;5.2956458565193625;6.670354143480637;135.8;148.5;49.17275668497751;0.3620968828054308;105.32240964905527;166.27759035094476;5.983;6.2225;1.1089819655882596;0.1853555015190138;5.2956458565193625;6.670354143480637;13.0;13.0;1.4832396974191326;0.11409536133993328;12.080678511074607;13.919321488925393;11.966;12.445;2.217963931176519;0.1853555015190138;10.591291713038725;13.340708286961274;135.8;148.5;49.17275668497751;0.3620968828054308;105.32240964905527;166.27759035094476;0.7317026573489385;0.7366871299483102;0.04031719683102444;0.05510051989847804;0.7067137998605039;0.7566915148373731;199.3;200.0;1.0049875621120892;0.005042586864586499;198.67710225558284;199.92289774441718;0.3077416522302341;0.2923048373886269;0.06162390464540583;0.20024557676483284;0.2695467604197015;0.3459365440407667;2.382919953301863;2.199396984924623;0.4369510301995105;0.18336790104680387;2.112094898949919;2.653745007653807;7.000000000000001;2.5384615384615383;-1.5384615384615383;0.8547142857142855
2.45;0.75;2;200.0;200.0;0.0;0.0;200.0;200.0;1419.2;1461.5;269.0690617666773;0.18959206719748964;1252.4292677188232;1585.9707322811769;7.096000000000001;7.3075;1.345345308833386;0.18959206719748956;6.262146338594117;7.929853661405885;165.4;189.0;44.28363128741815;0.26773658577640963;137.95272096545818;192.84727903454183;7.096000000000001;7.3075;1.345345308833386;0.18959206719748956;6.262146338594117;7.929853661405885;14.6;15.0;2.154065922853802;0.1475387618393015;13.264896108911369;15.93510389108863;14.192000000000002;14.615;2.690690617666772;0.18959206719748956;12.524292677188233;15.85970732281177;165.4;189.0;44.28363128741815;0.26773658577640963;137.95272096545818;192.84727903454183;0.7517419425807657;0.755949862176081;0.04198231554590021;0.055846711707707754;0.7257210338204695;0.7777628513410618;199.7;200.0;0.45825756949558394;0.002294729942391507;199.41596901577466;199.9840309842253;0.28361216800638234;0.26549773810600885;0.04812700136053035;0.16969300611759122;0.2537827435207359;0.3134415924920288;2.1341658291457284;1.9405527638190954;0.314379541034102;0.14730792553263913;1.939311370858207;2.3290202874332495;9.8;2.333333333333333;-1.3333333333333333;0.7240816326530612
2.45;0.85;2;200.0;200.0;0.0;0.0;200.0;200.0;1665.3;1718.0;320.9726000767044;0.19274160816471772;1466.3591213812506;1864.2408786187493;8.3265;8.59;1.6048630003835218;0.1927416081647177;7.331795606906252;9.321204393093746;180.2;199.0;34.709652836062766;0.19261738532776232;158.68673428788645;201.71326571211353;8.3265;8.59;1.6048630003835218;0.1927416081647177;7.331795606906252;9.321204393093746;16.2;15.5;2.6;0.16049382716049385;14.588503304378193;17.811496695621805;16.653;17.18;3.2097260007670436;0.1927416081647177;14.663591213812504;18.64240878618749;180.2;199.0;34.709652836062766;0.19261738532776232;158.68673428788645;201.71326571211353;0.7624948873507161;0.7657404226145752;0.037724875748981895;0.04947557862329641;0.739112767115244;0.7858770075861883;200.0;200.0;0.0;0.0;200.0;200.0;0.27348742461439235;0.26712768770394457;0.034278262261668205;0.12533761766194312;0.252241537550417;0.2947333116783677;2.0037386934673367;1.9240201005025126;0.1800572372094445;0.08986063791475096;1.8921380616266399;2.1153393253080335;16.333333333333332;2.1764705882352944;-1.1764705882352942;0.5097857142857143
2.45;0.95;2;200.0;200.0;0.0;0.0;200.0;200.0;1925.9;2001.0;362.43356632629934;0.18818919275471174;1701.2613482625932;2150.5386517374072;9.6295;10.005;1.8121678316314966;0.18818919275471174;8.506306741312965;10.752693258687035;188.5;199.0;21.143556938225885;0.11216741081286942;175.39508763859902;201.60491236140098;9.6295;10.005;1.8121678316314966;0.18818919275471174;8.506306741312965;10.752693258687035;18.0;18.0;2.6076809620810595;0.14487116456005886;16.383742594757877;19.616257405242123;19.259;20.01;3.6243356632629933;0.18818919275471174;17.01261348262593;21.50538651737407;188.5;199.0;21.143556938225885;0.11216741081286942;175.39508763859902;201.60491236140098;0.7614985562159495;0.760262201379178;0.036616871082987563;0.0480852797212705;0.7388031843873941;0.7841939280445049;200.0;200.0;0.0;0.0;200.0;200.0;0.26835989787954234;0.27575939484799517;0.022370638123330948;0.08336058516974235;0.25449443272004274;0.28222536303904194;1.9317236180904527;1.8994472361809045;0.07519114821560148;0.038924382096611435;1.8851196615945098;1.9783275745863955;48.99999999999996;2.052631578947368;-1.0526315789473684;0.1965204081632655
2.65;0.05;2;200.0;200.0;0.0;0.0;200.0;200.0;545.8;561.5;46.03867939026922;0.08435082336069848;517.2649308814574;574.3350691185425;2.729;2.8075;0.23019339695134614;0.08435082336069848;2.5863246544072873;2.871675345592713;16.9;17.5;3.5623026261113755;0.21078713763972637;14.692061957391012;19.107938042608986;2.729;2.8075;0.23019339695134614;0.08435082336069848;2.5863246544072873;2.871675345592713;8.2;8.0;0.9797958971132712;0.1194873045260087;7.592716211314676;8.807283788685321;5.458;5.615;0.46038679390269227;0.08435082336069848;5.172649308814575;5.743350691185426;18.5;18.5;3.8013155617496426;0.20547651685133203;16.143920205086424;20.856079794913576;0.599883273195522;0.5888063978114594;0.02581134208771912;0.043027274206571084;0.5838852376247823;0.6158813087662618;185.3;184.5;3.579106033634656;0.01931519715938832;183.08164709750682;187.5183529024932;0.4829096388160402;0.47238540030074283;0.02763858473565521;0.05723345014072884;0.4657790665186665;0.5000402111134139;5.105275681933739;4.883509527436695;0.9590235870087169;0.18784952013511347;4.510866704438385;5.699684659429092;2.7894736842105265;21.0;-20.0;0.9783207547169811
2.65;0.15;2;200.0;200.0;0.0;0.0;200.0;200.0;608.3;630.0;58.15161218745358;0.09559692945496233;572.2572573518606;644.3427426481393;3.0415;3.15;0.29075806093726797;0.09559692945496234;2.8612862867593036;3.2217137132406966;22.4;24.0;4.17612260356422;0.18643404480197412;19.811612393786433;24.988387606213564;3.0415;3.15;0.29075806093726797;0.09559692945496234;2.8612862867593036;3.2217137132406966;8.7;8.0;1.1874342087037917;0.13648669065560826;7.96402065246367;9.435979347536328;6.083;6.3;0.5815161218745359;0.09559692945496234;5.722572573518607;6.443427426481393;23.3;25.0;4.473253849269009;0.191985143745451;20.527448539702103;26.0725514602979;0.6186630615882713;0.6149035130529166;0.0266829932451778;0.04313008954611823;0.602124771032924;0.6352013521436186;188.9;190.0;3.3000000000000003;0.017469560614081524;186.8546388094031;190.9453611905969;0.472788189559766;0.4643133707568168;0.03579834239500993;0.07571750560931599;0.45060014706811347;0.4949762320514185;4.537188246532809;4.262270418974767;0.7957692663676883;0.17538819707905942;4.043965345290917;5.030411147774701;3.1176470588235294;7.666666666666667;-6.666666666666667;0.9755754716981132
2.65;0.25;2;200.0;200.0;0.0;0.0;200.0;200.0;685.5;702.5;69.6781888398371;0.10164578970071059;642.3130111260348;728.6869888739652;3.4274999999999998;3.5125;0.3483909441991855;0.10164578970071057;3.2115650556301736;3.643434944369826;31.3;30.5;8.149233092751734;0.26035888475245156;26.24905299968412;36.350947000315884;3.4274999999999998;3.5125;0.3483909441991855;0.10164578970071057;3.2115650556301736;3.643434944369826;9.3;9.5;1.004987562112089;0.10806317872172999;8.67710225558283;9.922897744417172;6.8549999999999995;7.025;0.696781888398371;0.10164578970071057;6.423130111260347;7.286869888739652;32.0;31.5;7.797435475847171;0.24366985862022408;27.167099421672322;36.832900578327674;0.6348659058322482;0.6382593907176979;0.018096880248559363;0.02850504347817527;0.6236493432470109;0.6460824684174855;191.7;192.5;3.0675723300355937;0.0160019422537068;189.79869897175644;193.60130102824354;0.4558692355169433;0.45175831915139697;0.04069134399404857;0.08926100035661695;0.4306484792143204;0.4810899918195662;3.985767427024686;3.688207986507;0.5886421030907816;0.14768601376478052;3.620923271626738;4.350611582422634;3.533333333333333;5.0;-4.0;0.9700471698113208
2.65;0.35;2;200.0;200.0;0.0;0.0;200.0;200.0;780.8;803.0;92.18871948345956;0.11806956901057834;723.6608396841535;837.9391603158464;3.904;4.015000000000001;0.46094359741729785;0.11806956901057834;3.618304198420768;4.189695801579232;44.5;45.0;14.793579688500008;0.3324399930000002;35.330844313678604;53.669155686321396;3.904;4.015000000000001;0.46094359741729785;0.11806956901057834;3.618304198420768;4.189695801579232;10.0;10.0;0.8944271909999159;0.08944271909999159;9.445628283549746;10.554371716450254;7.808;8.030000000000001;0.9218871948345957;0.11806956901057834;7.236608396841536;8.379391603158464;45.1;45.0;14.466858677681206;0.3207729196825101;36.13334809418811;54.066651905811895;0.6541373831827675;0.6629108219005919;0.02549136946379781;0.038969442993407793;0.6383376686990041;0.6699370976665309;195.3;195.5;2.491987158875422;0.012759790880058484;193.75545035690013;196.8445496430999;0.43046247351564404;0.4268810661795876;0.04898415299092585;0.11379424689651989;0.40010178094537097;0.4608231660859171;3.548066879823316;3.3188702356575988;0.586880237524915;0.16540844843210512;3.184314740016723;3.9118190196299087;4.076923076923077;3.857142857142857;-2.857142857142857;0.9575849056603774
2.65;0.45;2;200.0;200.0;0.0;0.0;200.0;200.0;909.9;945.5;124.65187523659642;0.13699513708824754;832.6399672896781;987.1600327103218;4.5495;4.7275;0.6232593761829821;0.1369951370882475;4.163199836448391;4.935800163551609;66.3;67.5;27.16633946633223;0.4097487098994303;49.462128353025136;83.13787164697486;4.5495;4.7275;0.6232593761829821;0.1369951370882475;4.163199836448391;4.935800163551609;10.8;11.0;0.7483314773547883;0.06928995160692485;10.336179345004991;11.26382065499501;9.099;9.455;1.2465187523659642;0.1369951370882475;8.326399672896782;9.871600327103218;66.6;67.5;27.078404679744338;0.4065826528490141;49.81663089841613;83.38336910158387;0.6761922055277163;0.6776289595140526;0.030761113065442765;0.045491670584158934;0.6571262701205587;0.6952581409348739;197.6;198.0;1.7435595774162693;0.008823682071944682;196.51933057783612;198.68066942216387;0.3935501052039431;0.3937373842644223;0.05805979012418434;0.14752833084391365;0.35756427446024364;0.4295359359476426;3.0940995350026035;2.9611854586473876;0.5294303644098666;0.17110967453392578;2.765955195460931;3.422243874544276;4.8181818181818175;3.2222222222222223;-2.2222222222222223;0.944235849056604
2.65;0.55;2;200.0;200.0;0.0;0.0;200.0;200.0;1081.4;1126.5;174.65463062856364;0.16150788850431258;973.1479384103934;1189.6520615896068;5.407;5.6325;0.8732731531428183;0.1615078885043126;4.865739692051966;5.948260307948034;103.4;103.5;40.67234932973506;0.39334960667055185;78.19101671229083;128.60898328770918;5.407;5.6325;0.8732731531428183;0.1615078885043126;4.865739692051966;5.948260307948034;12.4;12.5;1.0198039027185568;0.08224225021923845;11.767918992533394;13.032081007466607;10.814;11.265;1.7465463062856366;0.1615078885043126;9.731479384103933;11.896520615896067;103.4;103.5;40.67234932973506;0.39334960667055185;78.19101671229083;128.60898328770918;0.7087479002825612;0.7132139150236282;0.03624128561098528;0.05113424053395676;0.6862853187413347;0.7312104818237877;198.8;199.0;1.1661903789690602;0.005866148787570725;198.07718771454824;199.52281228545178;0.34920934177839363;0.3478340901881837;0.06336178637556461;0.18144356062437086;0.30993729971188705;0.3884813838449002;2.6433647530582203;2.5443723668849296;0.4524206435586543;0.17115331625543911;2.3629515330098116;2.923777973106629;5.888888888888889;2.8181818181818183;-1.8181818181818181;0.9181698113207547
2.65;0.65;2;200.0;200.0;0.0;0.0;200.0;200.0;1283.6;1326.0;228.6172346958995;0.1781062906636799;1141.9015698943704;1425.2984301056294;6.418000000000001;6.630000000000001;1.1430861734794977;0.1781062906636799;5.709507849471853;7.126492150528149;142.1;158.0;47.51936447386476;0.3344079132573171;112.64719275858411;171.55280724141588;6.418000000000001;6.630000000000001;1.1430861734794977;0.1781062906636799;5.709507849471853;7.126492150528149;13.5;13.0;1.857417562100671;0.13758648608153118;12.34876066780187;14.65123933219813;12.836000000000002;13.260000000000002;2.2861723469589954;0.1781062906636799;11.419015698943706;14.252984301056298;142.1;158.0;47.51936447386476;0.3344079132573171;112.64719275858411;171.55280724141588;0.7323560064463643;0.7355267050682011;0.03864727119354991;0.052771153446367375;0.7084021795912853;0.7563098333014434;199.3;200.0;1.0049875621120892;0.005042586864586499;198.67710225558284;199.92289774441718;0.31282608924158745;0.2953030470628806;0.05865489352668459;0.1875000057344544;0.2764714095876255;0.3491807688955494;2.309321608040201;2.128391959798995;0.37909895329382665;0.16416031096489322;2.0743536424453213;2.544289573635081;7.571428571428572;2.5384615384615383;-1.5384615384615383;0.8476603773584906
2.65;0.75;2;200.0;200.0;0.0;0.0;200.0;200.0;1519.5;1562.5;281.9401532240486;0.1855479784297786;1344.7516825832076;1694.2483174167924;7.597499999999999;7.8125;1.4097007661202432;0.18554797842977866;6.7237584129160375;8.471241587083961;169.5;193.5;41.847939017351855;0.24689049567759205;143.56237867498254;195.43762132501746;7.597499999999999;7.8125;1.4097007661202432;0.18554797842977866;6.7237584129160375;8.471241587083961;15.1;15.0;2.211334438749598;0.14644598932116543;13.729400715015508;16.47059928498449;15.194999999999999;15.625;2.8194015322404864;0.18554797842977866;13.447516825832075;16.942483174167922;169.5;193.5;41.847939017351855;0.24689049567759205;143.56237867498254;195.43762132501746;0.7505267911846552;0.7557171802009566;0.04017159437708493;0.05352453083477116;0.7256281790321429;0.7754254033371674;199.8;200.0;0.4;0.002002002002002002;199.5520774314428;200.04792256855723;0.29074512542453246;0.27376631921262984;0.045253981404696726;0.1556482893345812;0.26269641715630193;0.318793833692763;2.09564824120603;1.928819095477387;0.27934195908021975;0.13329620572174866;1.9225103012036084;2.2687861812084513;10.6;2.333333333333333;-1.3333333333333333;0.7167452830188679
2.65;0.85;2;200.0;200.0;0.0;0.0;200.0;200.0;1775.1;1842.0;329.9177018591152;0.18585865689770448;1570.6148898564982;1979.5851101435017;8.875499999999999;9.21;1.649588509295576;0.18585865689770448;7.853074449282491;9.897925550717506;182.3;199.0;31.375308763420957;0.17210811170280282;162.85338215524357;201.74661784475646;8.875499999999999;9.21;1.649588509295576;0.18585865689770448;7.853074449282491;9.897925550717506;17.5;17.5;2.5;0.14285714285714285;15.950483946517494;19.049516053482506;17.750999999999998;18.42;3.299177018591152;0.18585865689770448;15.706148898564981;19.795851101435012;182.3;199.0;31.375308763420957;0.17210811170280282;162.85338215524357;201.74661784475646;0.7608638166502801;0.7625244862283265;0.03678398845185847;0.04834503579602562;0.7380648644033723;0.783662768897188;200.0;200.0;0.0;0.0;200.0;200.0;0.2815054023722523;0.2767168506089006;0.03044682801264393;0.10815717125166278;0.26263426285896724;0.30037654188553736;1.977874371859297;1.9126633165829148;0.1431771454613129;0.07238940323935716;1.8891322577056553;2.0666164860129386;17.666666666666664;2.1764705882352944;-1.1764705882352942;0.5023867924528302
2.65;0.95;2;200.0;200.0;0.0;0.0;200.0;200.0;2050.4;2138.5;374.4054486783012;0.18260117473580822;1818.341098704661;2282.4589012953393;10.252;10.692499999999999;1.872027243391506;0.18260117473580822;9.091705493523305;11.412294506476696;190.2;199.0;17.741476826916074;0.09327800645066285;179.20371873768227;201.1962812623177;10.252;10.692499999999999;1.872027243391506;0.18260117473580822;9.091705493523305;11.412294506476696;19.3;18.5;2.4515301344262523;0.12702228675783692;17.78052588044416;20.819474119555842;20.504;21.384999999999998;3.744054486783012;0.18260117473580822;18.18341098704661;22.824589012953393;190.2;199.0;17.741476826916074;0.09327800645066285;179.20371873768227;201.1962812623177;0.7591408409676298;0.7585524761617717;0.03472192060895424;0.04573844369207743;0.7376199716111019;0.7806617103241577;200.0;200.0;0.0;0.0;200.0;200.0;0.2772649285209518;0.28422535903063917;0.02297951596119184;0.08287927392683338;0.26302207696770213;0.2915077800742015;1.914462311557789;1.8925376884422112;0.05258538769866783;0.027467444713434628;1.8818695505907141;1.9470550725248639;52.99999999999995;2.052631578947368;-1.0526315789473684;0.19343396226415113
2.85;0.05;2;200.0;200.0;0.0;0.0;200.0;200.0;584.5;605.5;48.88813762049031;0.0836409540128149;554.1988183728753;614.8011816271247;2.9225000000000003;3.0275;0.24444068810245154;0.08364095401281489;2.770994091864377;3.0740059081356237;17.7;18.5;3.4365680554879168;0.19415638731570153;15.569993051654524;19.830006948345474;2.9225000000000003;3.0275;0.24444068810245154;0.08364095401281489;2.770994091864377;3.0740059081356237;8.6;8.0;1.0198039027185568;0.11858184915332057;7.967918992533393;9.232081007466606;5.845000000000001;6.055;0.4888813762049031;0.08364095401281489;5.541988183728754;6.148011816271247;19.1;19.5;4.060788100849391;0.21260670685075342;16.583097459177253;21.61690254082275;0.6019591703386776;0.5936967722340749;0.025422574180079986;0.04223305405543801;0.5862020956135241;0.6177162450638312;188.1;188.5;2.981610303175115;0.015851197784025068;186.2519787880005;189.94802121199947;0.48286647301783764;0.47021937359587684;0.029892395319134152;0.06190613138309541;0.46433897444822014;0.5013939715874551;4.7625735480540365;4.721583934497996;0.5768780205049121;0.12112737256112749;4.405020846584608;5.120126249523465;3.0000000000000004;21.0;-20.0;0.9741666666666666
2.85;0.15;2;200.0;200.0;0.0;0.0;200.0;200.0;654.6;677.0;57.834591725022136;0.08835104143755292;618.7537486701888;690.4462513298113;3.2729999999999997;3.385;0.2891729586251108;0.08835104143755294;3.093768743350943;3.4522312566490565;23.9;25.5;4.0853396431631;0.17093471310305858;21.367880255596113;26.432119744403884;3.2729999999999997;3.385;0.2891729586251108;0.08835104143755294;3.093768743350943;3.4522312566490565;9.4;9.5;1.2;0.1276595744680851;8.656232294328397;10.143767705671603;6.545999999999999;6.77;0.5783459172502216;0.08835104143755294;6.187537486701886;6.904462513298113;24.9;26.5;4.2059481689626175;0.16891358108283605;22.29312631683083;27.506873683169168;0.6151970121879662;0.6137437990323316;0.02216768852894336;0.0360334788527391;0.6014573364902871;0.6289366878856453;191.2;191.0;2.6;0.013598326359832637;189.58850330437818;192.8114966956218;0.4741520187353772;0.4705884460461348;0.03086504274990065;0.06509524694679479;0.45502166704241925;0.49328237042833517;4.246215015500351;3.9684725345381997;0.5174384172554152;0.12185874134177425;3.9255033618100126;4.566926669190688;3.3529411764705883;7.666666666666667;-6.666666666666667;0.976157894736842
2.85;0.25;2;200.0;200.0;0.0;0.0;200.0;200.0;736.1;753.0;73.04033132454973;0.09922609879710599;690.8291336243717;781.3708663756283;3.6805;3.765;0.3652016566227486;0.099226098797106;3.454145668121858;3.906854331878142;32.6;32.0;8.380930735902783;0.25708376490499335;27.405445312637475;37.79455468736253;3.6805;3.765;0.3652016566227486;0.099226098797106;3.454145668121858;3.906854331878142;10.0;10.0;1.0954451150103321;0.10954451150103321;9.321036083433;10.678963916567;7.361;7.53;0.7304033132454972;0.099226098797106;6.908291336243716;7.813708663756284;33.4;32.0;7.901898506055363;0.236583787606448;28.502352564751114;38.297647435248884;0.6323493913676592;0.6403665552548501;0.021444402405626135;0.03391226859449601;0.6190580130537165;0.6456407696816019;194.0;194.5;1.8439088914585775;0.009504685007518441;192.85713342861033;195.14286657138967;0.4585015924322867;0.45357195741196066;0.0385183031876432;0.08400909358527851;0.4346277007754229;0.48237548408915054;3.824700914479768;3.61156946860905;0.5143540455491439;0.1344821613637483;3.5059009741789398;4.143500854780596;3.8000000000000003;5.0;-4.0;0.9685526315789472
2.85;0.35;2;200.0;200.0;0.0;0.0;200.0;200.0;839.7;867.0;96.80191113815883;0.11528154238199217;779.7015538734544;899.6984461265457;4.1985;4.335;0.4840095556907941;0.11528154238199216;3.898507769367272;4.498492230632729;47.1;49.0;15.984054554461455;0.3393642155936615;37.19298034724873;57.007019652751275;4.1985;4.335;0.4840095556907941;0.11528154238199216;3.898507769367272;4.498492230632729;10.5;10.5;0.806225774829855;0.07678340712665285;10.000296087667907;10.999703912332093;8.397;8.67;0.9680191113815882;0.11528154238199216;7.797015538734544;8.996984461265457;47.9;49.0;15.34568343215772;0.320369173949013;38.388646868084436;57.41135313191556;0.6543798738229378;0.6604578013859408;0.025084173297503908;0.03833273959200522;0.63883254213781;0.6699272055080656;196.7;197.0;1.5524174696260025;0.00789231047089986;195.7378016836431;197.66219831635686;0.4319274250425432;0.4273261961644136;0.047600164443020204;0.11020407985978609;0.40242453746139645;0.46143031262369;3.3890570492477705;3.2085506336027967;0.5110111190288364;0.1507826842697321;3.072329076270474;3.7057850222250672;4.384615384615385;3.857142857142857;-2.857142857142857;0.9575526315789473
2.85;0.45;2;200.0;200.0;0.0;0.0;200.0;200.0;973.9;1015.5;130.64183862760046;0.13414297014847568;892.9273495160248;1054.8726504839751;4.8695;5.0775;0.6532091931380022;0.13414297014847565;4.4646367475801245;5.274363252419876;71.1;71.0;28.444507378402598;0.4000633949142419;53.46991167350543;88.73008832649455;4.8695;5.0775;0.6532091931380022;0.13414297014847565;4.4646367475801245;5.274363252419876;11.7;12.0;1.004987562112089;0.08589637283009308;11.077102255582828;12.32289774441717;9.739;10.155;1.3064183862760044;0.13414297014847565;8.929273495160249;10.548726504839752;71.2;71.0;28.56851413707055;0.4012431760824515;53.49305148818691;88.9069485118131;0.6789077725240937;0.682940879558668;0.031024588973362553;0.04569779612040238;0.659678533057325;0.6981370119908624;198.2;199.0;1.6;0.008072653884964682;197.2083097257712;199.1916902742288;0.3953263154587586;0.39479641869252247;0.0567022559931802;0.14343152422671318;0.36018189308671567;0.4304707378308016;2.977788171577139;2.8586848361990427;0.46421214796725313;0.1558915951101352;2.690066501378397;3.265509841775881;5.181818181818182;3.2222222222222223;-2.2222222222222223;0.9397280701754387
2.85;0.55;2;200.0;200.0;0.0;0.0;200.0;200.0;1155.1;1202.5;180.38871915948624;0.1561671882603119;1043.2939135180914;1266.9060864819085;5.775499999999999;6.0125;0.9019435957974312;0.1561671882603119;5.216469567590456;6.334530432409542;109.8;113.0;41.93280338827825;0.3819016702028985;83.8097791929349;135.7902208070651;5.775499999999999;6.0125;0.9019435957974312;0.1561671882603119;5.216469567590456;6.334530432409542;12.7;13.0;1.2688577540449522;0.09991005937361828;11.913553816208635;13.486446183791363;11.550999999999998;12.025;1.8038871915948624;0.1561671882603119;10.432939135180913;12.669060864819084;109.8;113.0;41.93280338827825;0.3819016702028985;83.8097791929349;135.7902208070651;0.7059705052293663;0.7109917880226808;0.03522879210321954;0.049901223694570465;0.6841354736658718;0.7278055367928609;199.3;200.0;1.0049875621120892;0.005042586864586499;198.67710225558284;199.92289774441718;0.3504106561421496;0.3428723418669826;0.0598468213701029;0.1707905291151451;0.31331721195699985;0.3875041003272994;2.5511959798994974;2.4618844221105527;0.3976852888274521;0.15588190478534644;2.304708084190712;2.797683875608283;6.333333333333334;2.8181818181818183;-1.8181818181818181;0.9119210526315787
2.85;0.65;2;200.0;200.0;0.0;0.0;200.0;200.0;1371.1;1419.5;242.21125077089212;0.17665469387418287;1220.9759114385702;1521.2240885614297;6.855499999999999;7.0975;1.2110562538544607;0.1766546938741829;6.1048795571928505;7.606120442807148;146.6;161.5;46.76579946927028;0.31900272489270315;117.61425718736882;175.58574281263117;6.855499999999999;7.0975;1.2110562538544607;0.1766546938741829;6.1048795571928505;7.606120442807148;14.2;14.0;1.98997487421324;0.14013907564881972;12.966600794551901;15.433399205448097;13.710999999999999;14.195;2.4221125077089214;0.1766546938741829;12.209759114385701;15.212240885614296;146.6;161.5;46.76579946927028;0.31900272489270315;117.61425718736882;175.58574281263117;0.73096509150942;0.7384361468902312;0.039115023244997944;0.05351147913811677;0.7067213489292338;0.7552088340896063;199.6;200.0;0.66332495807108;0.0033232713330214434;199.18886693151728;200.0111330684827;0.31725456994965073;0.30257880650283164;0.0541221052712116;0.17059519514502483;0.28370934156324573;0.35079979833605573;2.2550251256281406;2.082814070351759;0.3489559337233215;0.1547459182416512;2.038739997123235;2.471310254133046;8.142857142857144;2.5384615384615383;-1.5384615384615383;0.8419035087719297
2.85;0.75;2;200.0;200.0;0.0;0.0;200.0;200.0;1623.0;1677.5;295.4301948007346;0.18202723031468554;1439.890468189119;1806.109531810881;8.115;8.3875;1.4771509740036732;0.18202723031468554;7.199452340945596;9.030547659054404;173.0;194.5;39.02563260217571;0.22558169134205613;148.8116623142474;197.1883376857526;8.115;8.3875;1.4771509740036732;0.18202723031468554;7.199452340945596;9.030547659054404;16.0;15.5;2.4083189157584592;0.1505199322349037;14.507308471250674;17.492691528749326;16.23;16.775;2.9543019480073465;0.18202723031468554;14.398904681891192;18.06109531810881;173.0;194.5;39.02563260217571;0.22558169134205613;148.8116623142474;197.1883376857526;0.7506319811524286;0.7564713225469724;0.03642774076070435;0.04852942810240732;0.7280538335121044;0.7732101287927527;199.9;200.0;0.30000000000000004;0.001500750375187594;199.7140580735821;200.08594192641792;0.2976901815747271;0.2842554811016347;0.04130576005860501;0.13875419014528803;0.2720886062498851;0.32329175689956907;2.050989949748744;1.924748743718593;0.22783010319162186;0.11108299346836494;1.9097793888039465;2.192200510693542;11.4;2.333333333333333;-1.3333333333333333;0.7118421052631579
2.85;0.85;2;200.0;200.0;0.0;0.0;200.0;200.0;1880.6;1958.0;343.6298008031318;0.18272349292945433;1667.6160428802204;2093.5839571197794;9.402999999999999;9.79;1.7181490040156588;0.18272349292945433;8.338080214401103;10.467919785598895;184.1;199.0;28.89446313742479;0.1569498269278913;166.1910262047207;202.00897379527927;9.402999999999999;9.79;1.7181490040156588;0.18272349292945433;8.338080214401103;10.467919785598895;18.3;18.5;2.4103941586387903;0.1317155277944694;16.806022222387497;19.793977777612504;18.805999999999997;19.58;3.4362980080313177;0.18272349292945433;16.676160428802206;20.93583957119779;184.1;199.0;28.89446313742479;0.1569498269278913;166.1910262047207;202.00897379527927;0.7578268034034779;0.7589301171735416;0.036440813316922296;0.04808593883623919;0.7352405533088657;0.78041305349809;200.0;200.0;0.0;0.0;200.0;200.0;0.2897124951219706;0.28952120280342813;0.029006423252438896;0.10012140912399041;0.27173412772846567;0.30769086251547556;1.9605527638190954;1.9035427135678393;0.1234872371950106;0.06298592900629786;1.884014581245547;2.037090946392644;18.999999999999996;2.1764705882352944;-1.1764705882352942;0.4948947368421053
2.85;0.95;2;200.0;200.0;0.0;0.0;200.0;200.0;2171.7;2257.5;378.249401850155;0.17417203197962658;1937.2585918452116;2406.141408154788;10.858500000000001;11.2875;1.891247009250775;0.17417203197962652;9.68629295922606;12.030707040773942;192.6;199.0;13.078226179417452;0.06790356271763995;184.494031433567;200.705968566433;10.858500000000001;11.2875;1.891247009250775;0.17417203197962652;9.68629295922606;12.030707040773942;19.8;19.0;2.481934729198171;0.12535023884839247;18.26168091736467;21.33831908263533;21.717000000000002;22.575;3.78249401850155;0.17417203197962652;19.37258591845212;24.061414081547884;192.6;199.0;13.078226179417452;0.06790356271763995;184.494031433567;200.705968566433;0.7593463484703775;0.7531954633519776;0.03352297685523013;0.04414714961461078;0.7385685921512969;0.7801241047894582;200.0;200.0;0.0;0.0;200.0;200.0;0.2852216942394443;0.2883659530424932;0.02093399878110404;0.07339553478540765;0.2722466673694828;0.29819672110940587;1.9004824120603014;1.8865577889447236;0.037018966472471014;0.019478720896100785;1.8775378189273317;1.9234270051932711;56.99999999999995;2.052631578947368;-1.0526315789473684;0.1905000000000002
3.0;0.05;2;200.0;200.0;0.0;0.0;200.0;200.0;617.5;634.5;49.91442677222688;0.08083307979307996;586.562717766423;648.437282233577;3.0875;3.1725;0.24957213386113447;0.08083307979307999;2.932813588832115;3.242186411167885;18.5;19.5;3.2939338184001206;0.1780504766702768;16.458398667712032;20.541601332287968;3.0875;3.1725;0.24957213386113447;0.08083307979307999;2.932813588832115;3.242186411167885;8.8;9.0;0.9797958971132712;0.11134044285378081;8.192716211314679;9.407283788685323;6.175;6.345;0.49914426772226894;0.08083307979307999;5.86562717766423;6.48437282233577;20.0;20.0;3.9496835316262997;0.19748417658131498;17.551960784627827;22.448039215372173;0.5981622734885861;0.5921701340349597;0.02213747250705288;0.037009141980725906;0.5844413258753036;0.6118832211018685;189.8;189.5;2.2715633383201093;0.011968194617071175;188.3920704563083;191.20792954369173;0.483531879699923;0.4705001820037117;0.028964897255149266;0.059902766438326066;0.46557925038619297;0.501484509013653;4.563022635307474;4.40138457086516;0.5267731616045975;0.1154439071874342;4.236525247127451;4.889520023487497;3.1578947368421053;21.0;-20.0;0.9777083333333333
3.0;0.15;2;200.0;200.0;0.0;0.0;200.0;200.0;686.5;704.5;60.23163620556891;0.0877372705106612;649.1680451087811;723.8319548912189;3.4325;3.5225;0.30115818102784453;0.08773727051066119;3.2458402255439056;3.6191597744560946;25.0;26.0;4.494441010848846;0.17977764043395386;22.214316600903828;27.785683399096172;3.4325;3.5225;0.30115818102784453;0.08773727051066119;3.2458402255439056;3.6191597744560946;9.5;10.0;1.2041594578792296;0.12675362714518207;8.753654235625337;10.246345764374663;6.865;7.045;0.6023163620556891;0.08773727051066119;6.491680451087811;7.238319548912189;25.8;27.0;4.214261501141095;0.16334346903647656;23.187973660163436;28.412026339836565;0.6141403250074685;0.6123354760143414;0.021003234352810603;0.034199406060097394;0.6011223854855744;0.6271582645293626;192.7;193.0;2.368543856465402;0.012291353692088232;191.2319613084118;194.16803869158818;0.47273431253120907;0.4691310360934028;0.03375734253500961;0.07140869964411778;0.45181129485884697;0.49365733020357117;4.103015281426811;3.851526581465354;0.47853566137405573;0.1166302410669176;3.806415805641624;4.399614757211998;3.5294117647058822;7.666666666666667;-6.666666666666667;0.9725416666666667
3.0;0.25;2;200.0;200.0;0.0;0.0;200.0;200.0;771.6;788.0;76.55220440980129;0.09921229187377047;724.1524521350154;819.0475478649846;3.8579999999999997;3.9400000000000004;0.38276102204900647;0.09921229187377048;3.620762260675077;4.095237739324922;33.6;34.0;8.522910301065007;0.2536580446745538;28.317445466443345;38.88255453355666;3.8579999999999997;3.9400000000000004;0.38276102204900647;0.09921229187377048;3.620762260675077;4.095237739324922;10.2;10.0;1.0770329614269007;0.1055914668065589;9.532448054455685;10.867551945544314;7.715999999999999;7.880000000000001;0.7655220440980129;0.09921229187377048;7.241524521350154;8.190475478649844;34.4;34.0;8.027452896155792;0.23335618884173814;29.424533147532784;39.37546685246721;0.630052997222685;0.6395740290470704;0.024848513039286;0.03943876649872293;0.6146517292788678;0.6454542651665023;195.7;196.0;1.3453624047073711;0.006874616273415284;194.86613574246164;196.53386425753834;0.4575093005091023;0.4512173904881597;0.038797119396071514;0.08480072285503107;0.4334625967758662;0.48155600424233846;3.7316957368347823;3.4894250180458553;0.4961611283405923;0.13295862345986312;3.4241718834436856;4.039219590225879;4.0;5.0;-4.0;0.9644999999999999
3.0;0.35;2;200.0;200.0;0.0;0.0;200.0;200.0;879.3;903.5;99.87196803908492;0.11358122147058447;817.3987128922184;941.2012871077815;4.3965000000000005;4.5175;0.4993598401954246;0.11358122147058446;4.086993564461093;4.706006435538908;48.7;50.5;16.516960979550685;0.3391573096416978;38.46268152297684;58.93731847702317;4.3965000000000005;4.5175;0.4993598401954246;0.11358122147058446;4.086993564461093;4.706006435538908;10.6;10.5;0.66332495807108;0.06257782623312076;10.1888669315173;11.0111330684827;8.793000000000001;9.035;0.9987196803908492;0.11358122147058446;8.173987128922185;9.412012871077817;49.2;50.5;16.148064899547563;0.3282127012103163;39.19132568218948;59.20867431781053;0.6512784015955042;0.6552054541805534;0.026895916586394383;0.041297111220799994;0.6346081397860064;0.667948663405002;197.3;197.0;1.2688577540449522;0.00643110873819033;196.51355381620866;198.08644618379137;0.43226478337407936;0.42686106498793486;0.04515656836939613;0.1044650642528006;0.4042764523306555;0.4602531144175032;3.301185725915295;3.1415786376509294;0.4584981754902297;0.13888893675108369;3.017005612549475;3.5853658392811147;4.615384615384615;3.857142857142857;-2.857142857142857;0.9525750000000002
3.0;0.45;2;200.0;200.0;0.0;0.0;200.0;200.0;1027.2;1073.0;136.36187150373084;0.1327510431305791;942.6820364088202;1111.7179635911798;5.136000000000001;5.365;0.681809357518654;0.13275104313057903;4.713410182044102;5.5585898179559;74.2;74.5;29.290954235053526;0.39475679562066746;56.04527847638528;92.35472152361473;5.136000000000001;5.365;0.681809357518654;0.13275104313057903;4.713410182044102;5.5585898179559;11.9;12.0;1.1357816691600546;0.0954438377445424;11.196035228154136;12.603964771845865;10.272000000000002;10.73;1.363618715037308;0.13275104313057903;9.426820364088204;11.1171796359118;74.3;74.5;29.41785172306095;0.3959334013870922;56.06662659845962;92.53337340154037;0.6778309481107267;0.6840182950810139;0.028673287349776592;0.04230153171627195;0.6600590604888885;0.695602835732565;198.5;199.0;1.284523257866513;0.006471149913685204;197.70384423634567;199.29615576365433;0.3966515066435291;0.3961066853001558;0.05382005482931808;0.1356859962155298;0.3632934910605943;0.43000952222646394;2.9021591797370694;2.8094472361809046;0.42358016666319703;0.14595345755692582;2.6396214724645017;3.164696887009637;5.454545454545454;3.2222222222222223;-2.2222222222222223;0.9416000000000002
3.0;0.55;2;200.0;200.0;0.0;0.0;200.0;200.0;1214.8;1254.0;189.09140646787733;0.15565640967062672;1097.5999320409753;1332.0000679590246;6.074;6.27;0.9454570323393866;0.15565640967062672;5.487999660204877;6.660000339795123;114.3;119.0;42.03581806031613;0.36776743709812887;88.24593003770812;140.35406996229187;6.074;6.27;0.9454570323393866;0.15565640967062672;5.487999660204877;6.660000339795123;13.1;13.0;1.5132745950421556;0.11551714465970653;12.162062688661976;14.037937311338023;12.148;12.54;1.8909140646787732;0.15565640967062672;10.975999320409754;13.320000679590246;114.3;119.0;42.03581806031613;0.36776743709812887;88.24593003770812;140.35406996229187;0.7073062939351122;0.7091257695328336;0.03244719254177523;0.045874316148460444;0.6871953156415448;0.7274172722286797;199.6;200.0;0.66332495807108;0.0033232713330214434;199.18886693151728;200.0111330684827;0.3543493857211923;0.34467674465901504;0.058087355944005534;0.16392678606111535;0.31834646950535667;0.3903523019370279;2.4978844221105527;2.403291457286432;0.38343798914940774;0.15350509645495414;2.2602270942297293;2.735541749991376;6.666666666666667;2.8181818181818183;-1.8181818181818181;0.9110999999999999
3.0;0.65;2;200.0;200.0;0.0;0.0;200.0;200.0;1440.1;1492.5;250.55556270017235;0.17398483626149042;1284.804053322696;1595.3959466773038;7.2005;7.4625;1.2527778135008618;0.17398483626149042;6.42402026661348;7.9769797333865196;151.1;167.5;44.84517811314836;0.2967913839387714;123.30467063695772;178.89532936304226;7.2005;7.4625;1.2527778135008618;0.17398483626149042;6.42402026661348;7.9769797333865196;15.1;15.5;2.0223748416156684;0.13393210871626943;13.846519086702953;16.353480913297048;14.401;14.925;2.5055556270017236;0.17398483626149042;12.84804053322696;15.953959466773039;151.1;167.5;44.84517811314836;0.2967913839387714;123.30467063695772;178.89532936304226;0.7316795761354864;0.7369257656365762;0.036390739407325436;0.04973589614121865;0.7091243621715867;0.7542347900993861;199.9;200.0;0.30000000000000004;0.001500750375187594;199.7140580735821;200.08594192641792;0.3199875138463476;0.30345859395111174;0.04970735059635382;0.1553415319205937;0.2891785787562942;0.350796448936401;2.2117487437185934;2.0480402010050254;0.32253537927186915;0.1458282185930366;2.0118392445194617;2.411658242917725;8.571428571428571;2.5384615384615383;-1.5384615384615383;0.8400583333333334
3.0;0.75;2;200.0;200.0;0.0;0.0;200.0;200.0;1695.6;1748.0;302.1228889044986;0.1781805195237666;1508.342293407187;1882.8577065928127;8.477999999999998;8.739999999999998;1.510614444522493;0.1781805195237666;7.541711467035934;9.414288532964063;175.4;195.5;36.43953896525037;0.2077510773389417;152.8145397567373;197.9854602432627;8.477999999999998;8.739999999999998;1.510614444522493;0.1781805195237666;7.541711467035934;9.414288532964063;16.7;16.0;2.3259406699226015;0.1392778844265031;15.258367037002829;18.141632962997168;16.955999999999996;17.479999999999997;3.021228889044986;0.1781805195237666;15.083422934071868;18.828577065928126;175.4;195.5;36.43953896525037;0.2077510773389417;152.8145397567373;197.9854602432627;0.7495652014923158;0.7520102990441804;0.03499978351695693;0.046693447677767806;0.7278721109211409;0.7712582920634906;200.0;200.0;0.0;0.0;200.0;200.0;0.30213514301749567;0.290958051272743;0.0393529594845021;0.1302495270542669;0.2777439260281826;0.32652636000680874;2.029422110552764;1.9216834170854271;0.20379730421059297;0.10042134810243279;1.9031072327404555;2.1557369883650725;12.0;2.333333333333333;-1.3333333333333333;0.7064999999999998
3.0;0.85;2;200.0;200.0;0.0;0.0;200.0;200.0;1960.9;2039.5;350.1343884853357;0.17855800320533208;1743.8844576662768;2177.9155423337234;9.804499999999999;10.1975;1.7506719424266788;0.17855800320533213;8.719422288331383;10.889577711668615;185.3;199.0;27.063074474272135;0.1460500511293693;168.5261326582091;202.07386734179093;9.804499999999999;10.1975;1.7506719424266788;0.17855800320533213;8.719422288331383;10.889577711668615;18.5;18.5;2.5;0.13513513513513514;16.950483946517494;20.049516053482506;19.608999999999998;20.395;3.5013438848533576;0.17855800320533213;17.438844576662767;21.77915542333723;185.3;199.0;27.063074474272135;0.1460500511293693;168.5261326582091;202.07386734179093;0.7568427596430494;0.7565249401775014;0.034894707274690226;0.046105623433786505;0.7352147960015673;0.7784707232845315;200.0;200.0;0.0;0.0;200.0;200.0;0.29580032046534865;0.2971835545894207;0.027274107984789235;0.09220445718882933;0.27889565319861015;0.31270498773208716;1.9446683417085429;1.898718592964824;0.1002705424705139;0.0515617703646157;1.8825200156087585;2.006816667808327;19.999999999999996;2.1764705882352944;-1.1764705882352942;0.490225
3.0;0.95;2;200.0;200.0;0.0;0.0;200.0;200.0;2265.8;2347.5;387.43845962939713;0.1709941122911983;2025.6631548270864;2505.936845172914;11.329;11.7375;1.9371922981469858;0.17099411229119832;10.128315774135432;12.52968422586457;193.7;199.0;10.99136024339117;0.056744244932324064;186.88748434130238;200.5125156586976;11.329;11.7375;1.9371922981469858;0.17099411229119832;10.128315774135432;12.52968422586457;20.5;21.0;2.692582403567252;0.13134548310084154;18.831120136139212;22.168879863860788;22.658;23.475;3.8743845962939716;0.17099411229119832;20.256631548270864;25.05936845172914;193.7;199.0;10.99136024339117;0.056744244932324064;186.88748434130238;200.5125156586976;0.7594200733230722;0.7488351251499868;0.03266005213265331;0.04300656945995564;0.7391771632882234;0.779662983357921;200.0;200.0;0.0;0.0;200.0;200.0;0.292668029827522;0.2951819276135514;0.02121370444696283;0.07248384614973047;0.2795196395897611;0.30581642006528287;1.8923115577889447;1.882035175879397;0.030285844764863113;0.016004682019831;1.873540196726371;1.9110829188515184;59.99999999999995;2.052631578947368;-1.0526315789473684;0.18881666666666683
