beta;gamma;dim;n_vertices_mean;n_vertices_median;n_vertices_std;n_vertices_cv;n_vertices_ci_low;n_vertices_ci_high;n_edges_mean;n_edges_median;n_edges_std;n_edges_cv;n_edges_ci_low;n_edges_ci_high;indegree_mean_mean;indegree_mean_median;indegree_mean_std;indegree_mean_cv;indegree_mean_ci_low;indegree_mean_ci_high;indegree_max_mean;indegree_max_median;indegree_max_std;indegree_max_cv;indegree_max_ci_low;indegree_max_ci_high;outdegree_mean_mean;outdegree_mean_median;outdegree_mean_std;outdegree_mean_cv;outdegree_mean_ci_low;outdegree_mean_ci_high;outdegree_max_mean;outdegree_max_median;outdegree_max_std;outdegree_max_cv;outdegree_max_ci_low;outdegree_max_ci_high;total_degree_mean_mean;total_degree_mean_median;total_degree_mean_std;total_degree_mean_cv;total_degree_mean_ci_low;total_degree_mean_ci_high;total_degree_max_mean;total_degree_max_median;total_degree_max_std;total_degree_max_cv;total_degree_max_ci_low;total_degree_max_ci_high;avg_local_clustering_mean;avg_local_clustering_median;avg_local_clustering_std;avg_local_clustering_cv;avg_local_clustering_ci_low;avg_local_clustering_ci_high;vertices_degree_ge_2_mean;vertices_degree_ge_2_median;vertices_degree_ge_2_std;vertices_degree_ge_2_cv;vertices_degree_ge_2_ci_low;vertices_degree_ge_2_ci_high;global_clustering_mean;global_clustering_median;global_clustering_std;global_clustering_cv;global_clustering_ci_low;global_clustering_ci_high;avg_shortest_path_length_mean;avg_shortest_path_length_median;avg_shortest_path_length_std;avg_shortest_path_length_cv;avg_shortest_path_length_ci_low;avg_shortest_path_length_ci_high;expected_theoretical_outdegree_mean;indegree_powerlaw_alpha_theory;indegree_ccdf_slope_theory;outdegree_mean_vs_theory_ratio
0.05;0.05;2;100.0;100.0;0.0;0.0;100.0;100.0;5.1;4.5;2.7;0.5294117647058825;3.4265226622388933;6.773477337761106;0.051000000000000004;0.045;0.027000000000000003;0.5294117647058824;0.03426522662238894;0.06773477337761107;1.1;1.0;0.3;0.2727272727272727;0.9140580735820993;1.2859419264179008;0.051000000000000004;0.045;0.027000000000000003;0.5294117647058824;0.03426522662238894;0.06773477337761107;1.0;1.0;0.0;0.0;1.0;1.0;0.10200000000000001;0.09;0.054000000000000006;0.5294117647058824;0.06853045324477788;0.13546954675522213;1.2;1.0;0.4;0.33333333333333337;0.9520774314427991;1.4479225685572008;0.0;0.0;0.0;nan;0.0;0.0;0.2;0.0;0.4000000000000001;2.0000000000000004;-0.04792256855720095;0.447922568557201;0.0;0.0;0.0;nan;0.0;0.0;1.025;1.0;0.049999999999999996;0.04878048780487805;0.9940096789303497;1.05599032106965;0.052631578947368425;21.0;-20.0;0.969
0.05;0.15;2;100.0;100.0;0.0;0.0;100.0;100.0;5.6;5.0;2.6907248094147422;0.48048657310977544;3.9322714849232803;7.267728515076719;0.05600000000000001;0.05;0.02690724809414742;0.4804865731097753;0.03932271484923281;0.07267728515076721;1.3;1.0;0.45825756949558394;0.35250582268891073;1.015969015774687;1.584030984225313;0.05600000000000001;0.05;0.02690724809414742;0.4804865731097753;0.03932271484923281;0.07267728515076721;1.1;1.0;0.3;0.2727272727272727;0.9140580735820993;1.2859419264179008;0.11200000000000002;0.1;0.05381449618829484;0.4804865731097753;0.07864542969846562;0.14535457030153442;1.3;1.0;0.45825756949558394;0.35250582268891073;1.015969015774687;1.584030984225313;0.1;0.0;0.30000000000000004;3.0000000000000004;-0.08594192641790072;0.2859419264179007;0.5;0.0;0.9219544457292888;1.8439088914585775;-0.07143328569483942;1.0714332856948394;0.1;0.0;0.30000000000000004;3.0000000000000004;-0.08594192641790072;0.2859419264179007;1.0325;1.0;0.06712860791048775;0.06501560088182833;0.9908932577579066;1.0741067422420933;0.05882352941176471;7.666666666666667;-6.666666666666667;0.9520000000000001
0.05;0.25;2;100.0;100.0;0.0;0.0;100.0;100.0;6.4;6.0;3.006659275674582;0.4697905118241534;4.536453273996061;8.26354672600394;0.064;0.060000000000000005;0.030066592756745815;0.4697905118241533;0.04536453273996061;0.0826354672600394;1.5;1.5;0.5;0.3333333333333333;1.1900967893034988;1.8099032106965012;0.064;0.060000000000000005;0.030066592756745815;0.4697905118241533;0.04536453273996061;0.0826354672600394;1.1;1.0;0.3;0.2727272727272727;0.9140580735820993;1.2859419264179008;0.128;0.12000000000000001;0.06013318551349163;0.4697905118241533;0.09072906547992123;0.1652709345200788;1.5;1.5;0.5;0.3333333333333333;1.1900967893034988;1.8099032106965012;0.1;0.0;0.30000000000000004;3.0000000000000004;-0.08594192641790072;0.2859419264179007;0.8;0.5;0.9797958971132711;1.2247448713915887;0.1927162113146772;1.407283788685323;0.1;0.0;0.30000000000000004;3.0000000000000004;-0.08594192641790072;0.2859419264179007;1.0732226107226108;1.0;0.1131087243714733;0.10539167106749284;1.0031170970416006;1.143328124403621;0.06666666666666667;5.0;-4.0;0.9600000000000001
0.05;0.35;2;100.0;100.0;0.0;0.0;100.0;100.0;7.7;6.5;4.382921400162226;0.5692105714496397;4.983437171718644;10.416562828281357;0.07700000000000001;0.065;0.043829214001622256;0.5692105714496396;0.04983437171718645;0.10416562828281357;2.4;1.5;2.9051678092667896;1.2104865871944956;0.5993583365922028;4.200641663407797;0.07700000000000001;0.065;0.043829214001622256;0.5692105714496396;0.04983437171718645;0.10416562828281357;1.2;1.0;0.4;0.33333333333333337;0.9520774314427991;1.4479225685572008;0.15400000000000003;0.13;0.08765842800324451;0.5692105714496396;0.0996687434343729;0.20833125656562715;2.4;1.5;2.9051678092667896;1.2104865871944956;0.5993583365922028;4.200641663407797;0.12545454545454543;0.0;0.2568419136259526;2.0472906158590427;-0.033737721893686845;0.2846468128027777;1.2;0.5;1.5362291495737217;1.2801909579781015;0.2478353083630963;2.1521646916369037;0.08017241379310344;0.0;0.22380778072055105;2.7915809208154756;-0.058545085855211065;0.21888991344141795;1.1449890556597873;1.0384615384615383;0.2678290430947261;0.23391406386883984;0.9789868949141329;1.3109912164054416;0.07692307692307693;3.857142857142857;-2.857142857142857;1.0010000000000001
0.05;0.45;2;100.0;100.0;0.0;0.0;100.0;100.0;11.0;8.0;10.825894882179487;0.984172262016317;4.290040834699514;17.709959165300486;0.11000000000000001;0.08;0.10825894882179486;0.9841722620163168;0.04290040834699517;0.17709959165300487;5.1;2.0;10.319399207318224;2.0234116092780834;-1.2960298936136931;11.496029893613692;0.11000000000000001;0.08;0.10825894882179486;0.9841722620163168;0.04290040834699517;0.17709959165300487;1.2;1.0;0.4;0.33333333333333337;0.9520774314427991;1.4479225685572008;0.22000000000000003;0.16;0.21651789764358972;0.9841722620163168;0.08580081669399034;0.35419918330600975;5.1;2.0;10.319399207318224;2.0234116092780834;-1.2960298936136931;11.496029893613692;0.13218820861678005;0.0;0.2673596632827214;2.022568170643797;-0.03352302750732161;0.2978994447408817;1.6;1.0;2.154065922853802;1.3462912017836262;0.26489610891137017;2.9351038910886302;0.07594339622641509;0.0;0.22470313868301411;2.958823937937826;-0.06332905203647939;0.21521584448930958;1.1777364862593664;1.0741758241758241;0.30583606905271893;0.2596812382234088;0.9881773267668976;1.3672956457518353;0.09090909090909091;3.2222222222222223;-2.2222222222222223;1.2100000000000002
0.05;0.55;2;100.0;100.0;0.0;0.0;100.0;100.0;17.8;9.5;26.995555189697434;1.5166042241403053;1.0679815443563427;34.53201845564366;0.17800000000000002;0.095;0.26995555189697434;1.516604224140305;0.010679815443563445;0.3453201845564366;11.0;2.0;26.68707552355634;2.4260977748687584;-5.54082077770024;27.54082077770024;0.17800000000000002;0.095;0.26995555189697434;1.516604224140305;0.010679815443563445;0.3453201845564366;1.3;1.0;0.45825756949558394;0.35250582268891073;1.015969015774687;1.584030984225313;0.35600000000000004;0.19;0.5399111037939487;1.516604224140305;0.02135963088712689;0.6906403691128732;11.0;2.0;26.68707552355634;2.4260977748687584;-5.54082077770024;27.54082077770024;0.2654884004884005;0.0;0.4094476956042154;1.5422432575245586;0.011710089528340462;0.5192667114484606;2.8;2.0;3.944616584663204;1.4087916373797158;0.3551013108924126;5.244898689107587;0.13384428223844283;0.0;0.3052858167537816;2.2809029392074938;-0.05537382734575841;0.32306239182264407;1.217201346536385;1.1143790849673203;0.2959603668899038;0.24314824144097089;1.0337632106601937;1.400639482412576;0.11111111111111113;2.8181818181818183;-1.8181818181818181;1.6019999999999999
0.05;0.65;2;100.0;100.0;0.0;0.0;100.0;100.0;20.3;10.5;28.969121491684902;1.4270503197874336;2.3447524773396715;38.255247522660326;0.203;0.10500000000000001;0.289691214916849;1.4270503197874336;0.023447524773396705;0.3825524752266033;12.6;2.5;28.910897599348246;2.294515682487956;-5.319159980311577;30.519159980311578;0.203;0.10500000000000001;0.289691214916849;1.4270503197874336;0.023447524773396705;0.3825524752266033;1.3;1.0;0.45825756949558394;0.35250582268891073;1.015969015774687;1.584030984225313;0.406;0.21000000000000002;0.579382429833698;1.4270503197874336;0.04689504954679341;0.7651049504532066;12.6;2.5;28.910897599348246;2.294515682487956;-5.319159980311577;30.519159980311578;0.21826427540713253;0.0;0.34602398150094377;1.5853441011154876;0.0037963897168741545;0.4327321610973909;3.1;2.0;4.011234224026317;1.293946523879457;0.6138112702371123;5.586188729762888;0.06643156596794082;0.0;0.17874201949987575;2.690618787853575;-0.044353885490835396;0.17721701742671703;1.315439319301388;1.1547619047619047;0.363510245286089;0.27634132563343505;1.0901333350309248;1.5407453035718512;0.14285714285714288;2.5384615384615383;-1.5384615384615383;1.4209999999999998
0.05;0.75;2;100.0;100.0;0.0;0.0;100.0;100.0;23.7;11.5;29.769279467262887;1.2560877412347211;5.248809425947606;42.15119057405239;0.23699999999999996;0.11499999999999999;0.29769279467262894;1.2560877412347216;0.05248809425947601;0.4215119057405239;14.3;3.0;29.1240450487222;2.0366465069036503;-3.7512701381370945;32.351270138137096;0.23699999999999996;0.11499999999999999;0.29769279467262894;1.2560877412347216;0.05248809425947601;0.4215119057405239;1.4;1.0;0.48989794855663565;0.34992710611188266;1.0963581056573384;1.7036418943426614;0.4739999999999999;0.22999999999999998;0.5953855893452579;1.2560877412347216;0.10497618851895202;0.8430238114810478;14.3;3.0;29.1240450487222;2.0366465069036503;-3.7512701381370945;32.351270138137096;0.2506285464094987;0.0;0.3323298348460935;1.3259855655193569;0.04464838075141403;0.4566087120675834;4.5;2.0;5.463515351859094;1.2141145226353542;1.113678101538485;7.8863218984615155;0.0866434549858019;0.0;0.16935294691285382;1.954595958120615;-0.01832258899261313;0.19160949896421692;1.3291761239535493;1.2052631578947368;0.3678341921996872;0.27673848903152726;1.1011901296202753;1.5571621182868234;0.2;2.333333333333333;-1.3333333333333333;1.1849999999999998
0.05;0.85;2;100.0;100.0;0.0;0.0;100.0;100.0;29.8;13.5;34.1197889794178;1.1449593617254294;8.652335693982657;50.947664306017344;0.29799999999999993;0.135;0.3411978897941779;1.1449593617254294;0.08652335693982652;0.5094766430601734;18.2;3.5;31.536645351083234;1.73278271159798;-1.3466152977951609;37.74661529779516;0.29799999999999993;0.135;0.3411978897941779;1.1449593617254294;0.08652335693982652;0.5094766430601734;1.7;2.0;0.6403124237432849;0.3766543669078147;1.3031302480661948;2.096869751933805;0.5959999999999999;0.27;0.6823957795883558;1.1449593617254294;0.17304671387965304;1.0189532861203467;18.2;3.5;31.536645351083234;1.73278271159798;-1.3466152977951609;37.74661529779516;0.42735022390778166;0.5541666666666667;0.3691932120904984;0.8639125275623278;0.19852190031938213;0.6561785474961812;7.3;4.0;8.764131445842194;1.200565951485232;1.86793505193467;12.732064948065329;0.15297184213733078;0.01269470852215178;0.1987789493581374;1.2994479675526374;0.029767372887402832;0.27617631138725873;1.3922234551668058;1.3208333333333333;0.327846399436062;0.23548403686158403;1.1890221515657595;1.595424758767852;0.3333333333333333;2.1764705882352944;-1.1764705882352942;0.8939999999999998
0.05;0.95;2;100.0;100.0;0.0;0.0;100.0;100.0;37.1;19.0;37.6309712869599;1.014311894527221;13.776082353086561;60.42391764691344;0.371;0.19;0.37630971286959897;1.014311894527221;0.13776082353086563;0.6042391764691344;22.7;5.5;35.76045301726476;1.5753503531834696;0.5354415879765391;44.864558412023456;0.371;0.19;0.37630971286959897;1.014311894527221;0.13776082353086563;0.6042391764691344;2.1;2.0;0.5385164807134505;0.25643641938735734;1.7662240272278427;2.4337759727721577;0.742;0.38;0.7526194257391979;1.014311894527221;0.27552164706173127;1.2084783529382688;22.7;5.5;35.76045301726476;1.5753503531834696;0.5354415879765391;44.864558412023456;0.5270559853361181;0.5539021164021164;0.31890795908047476;0.6050741628085267;0.32939478446470305;0.7247171862075331;10.7;7.0;9.39201788754685;0.8777586810791449;4.878767003460521;16.521232996539478;0.19022588797341272;0.21136363636363636;0.1655239379038247;0.8701441200629825;0.0876330883663656;0.2928186875804598;1.5420004309614472;1.5147058823529411;0.27249989564829785;0.17671843027851322;1.3731032458097092;1.7108976161131852;0.9999999999999992;2.052631578947368;-1.0526315789473684;0.3710000000000003
0.25;0.05;2;100.0;100.0;0.0;0.0;100.0;100.0;23.9;24.0;5.448853090330111;0.2279854849510507;20.52276586538629;27.277234134613707;0.23899999999999996;0.24;0.054488530903301115;0.22798548495105073;0.2052276586538629;0.27277234134613704;2.5;2.5;0.5;0.2;2.1900967893034986;2.8099032106965014;0.23899999999999996;0.24;0.054488530903301115;0.22798548495105073;0.2052276586538629;0.27277234134613704;2.0;2.0;0.4472135954999579;0.22360679774997896;1.7228141417748732;2.2771858582251268;0.4779999999999999;0.48;0.10897706180660223;0.22798548495105073;0.4104553173077258;0.5455446826922741;2.9;3.0;0.5385164807134505;0.1856953381770519;2.5662240272278423;3.2337759727721576;0.39004930254930253;0.4264069264069264;0.23375517663298276;0.599296486636932;0.24516634303832435;0.5349322620602808;8.5;9.0;3.1064449134018135;0.3654641074590369;6.574605494969927;10.425394505030074;0.33384199134199133;0.3875;0.2021482100951226;0.605520621544699;0.20854923265193262;0.45913475003205007;1.3225199668641747;1.2678571428571428;0.1242134096447844;0.09392176508253909;1.2455316979432178;1.3995082357851316;0.2631578947368421;21.0;-20.0;0.9081999999999999
0.25;0.15;2;100.0;100.0;0.0;0.0;100.0;100.0;27.0;30.0;5.440588203494177;0.20150326679608063;23.62788849531929;30.37211150468071;0.27;0.3;0.054405882034941774;0.20150326679608063;0.23627888495319294;0.3037211150468071;3.0;3.0;0.8944271909999159;0.29814239699997197;2.4456282835497465;3.5543717164502535;0.27;0.3;0.054405882034941774;0.20150326679608063;0.23627888495319294;0.3037211150468071;2.0;2.0;0.4472135954999579;0.22360679774997896;1.7228141417748732;2.2771858582251268;0.54;0.6;0.10881176406988355;0.20150326679608063;0.47255776990638587;0.6074422300936142;3.5;3.0;0.9219544457292888;0.2634155559226539;2.928566714305161;4.071433285694839;0.3687541625041625;0.4097222222222222;0.26645689236788284;0.7225868056875835;0.20360246959012465;0.5339058554182003;10.9;12.0;3.5623026261113755;0.32681675468911703;8.692061957391015;13.107938042608986;0.3121687840290381;0.3375;0.21631273267242287;0.6929351803872272;0.1780967632896025;0.44624080476847366;1.5580548691734042;1.4666666666666668;0.3166766709912545;0.203251295738552;1.3617766349876654;1.754333103359143;0.29411764705882354;7.666666666666667;-6.666666666666667;0.918
0.25;0.25;2;100.0;100.0;0.0;0.0;100.0;100.0;31.5;31.0;6.34428877022476;0.20140599270554793;27.56776908104318;35.43223091895682;0.315;0.31;0.06344288770224761;0.20140599270554796;0.2756776908104318;0.3543223091895682;4.6;3.5;4.2;0.9130434782608696;1.99681303014939;7.203186969850609;0.315;0.31;0.06344288770224761;0.20140599270554796;0.2756776908104318;0.3543223091895682;2.3;2.0;0.45825756949558405;0.19924242151981916;2.015969015774687;2.5840309842253126;0.63;0.62;0.12688577540449522;0.20140599270554796;0.5513553816208636;0.7086446183791364;5.0;3.5;4.0743097574926725;0.8148619514985345;2.4747166495618758;7.525283350438125;0.4777847057626469;0.5277777777777778;0.2035025592408584;0.4259294129476678;0.35165251277525306;0.6039168987500407;13.0;12.5;3.40587727318528;0.26199055947579075;10.889015395603275;15.110984604396725;0.36696969696969695;0.3484848484848485;0.16173769217608092;0.44073855010823043;0.26672363677767724;0.46721575716171665;1.5836594507279347;1.3654970760233918;0.3797824028333382;0.2398131761590346;1.3482678787197677;1.8190510227361016;0.3333333333333333;5.0;-4.0;0.9450000000000001
0.25;0.35;2;100.0;100.0;0.0;0.0;100.0;100.0;39.0;37.5;14.317821063276353;0.367123617007086;30.125722564625335;47.874277435374665;0.39;0.375;0.14317821063276354;0.36712361700708596;0.30125722564625335;0.4787427743537467;8.4;4.0;12.90891165048394;1.5367751964861833;0.39897366583511484;16.401026334164886;0.39;0.375;0.14317821063276354;0.36712361700708596;0.30125722564625335;0.4787427743537467;2.4;2.0;0.48989794855663565;0.20412414523193154;2.0963581056573384;2.7036418943426614;0.78;0.75;0.2863564212655271;0.36712361700708596;0.6025144512925067;0.9574855487074934;8.8;5.0;12.773409881468615;1.451523850166888;0.8829585323809246;16.717041467619076;0.5367885642848196;0.5143939393939394;0.1359070589403079;0.2531854588247073;0.4525524964409795;0.6210246321286597;17.1;17.5;5.503635162326805;0.32185000949279563;13.68881158538553;20.511188414614473;0.3610710160643727;0.3704268292682927;0.1528251734985092;0.42325516781790956;0.26634899217949703;0.45579303994924836;1.6457390266362677;1.448051948051948;0.3575150691942052;0.21723679356679756;1.4241488910049358;1.8673291622675996;0.3846153846153846;3.857142857142857;-2.857142857142857;1.0140000000000002
0.25;0.45;2;100.0;100.0;0.0;0.0;100.0;100.0;50.2;41.5;31.14096979864307;0.6203380437976707;30.898626950395478;69.50137304960452;0.502;0.415;0.3114096979864307;0.6203380437976708;0.30898626950395475;0.6950137304960453;15.1;5.0;28.144093518889537;1.863847252906592;-2.343889887292912;32.54388988729291;0.502;0.415;0.3114096979864307;0.6203380437976708;0.30898626950395475;0.6950137304960453;2.5;2.0;0.6708203932499369;0.2683281572999748;2.0842212126623103;2.9157787873376897;1.004;0.83;0.6228193959728614;0.6203380437976708;0.6179725390079095;1.3900274609920906;15.3;5.0;28.075077916187517;1.8349724128227134;-2.101113573561893;32.7011135735619;0.5402155220102262;0.4889724310776942;0.16264606753874583;0.3010762573676418;0.43940644493539155;0.6410245990850607;22.2;20.0;10.712609392673665;0.4825499726429579;15.560255908545871;28.83974409145413;0.3056286707928479;0.3123464373464373;0.14838178188606135;0.48549693162338514;0.2136606895621312;0.3975966520235646;1.862464926551984;1.87;0.2975619027882823;0.15976778866873173;1.6780341484418861;2.0468957046620817;0.45454545454545453;3.2222222222222223;-2.2222222222222223;1.1044
0.25;0.55;2;100.0;100.0;0.0;0.0;100.0;100.0;58.0;48.0;31.375149402034726;0.5409508517592194;38.553480928454064;77.44651907154594;0.5800000000000001;0.48;0.31375149402034724;0.5409508517592193;0.3855348092845407;0.7744651907154594;18.1;6.0;28.261104012405465;1.5613869620113514;0.5835862574555506;35.61641374254445;0.5800000000000001;0.48;0.31375149402034724;0.5409508517592193;0.3855348092845407;0.7744651907154594;2.6;2.0;0.8;0.3076923076923077;2.1041548628855984;3.095845137114402;1.1600000000000001;0.96;0.6275029880406945;0.5409508517592193;0.7710696185690814;1.5489303814309188;18.3;6.5;28.171084466168498;1.539403522741448;0.8393809502641076;35.760619049735894;0.5687836063718417;0.568508615567439;0.16272698153128617;0.2860964692166314;0.46792437828485;0.6696428344588333;26.1;24.0;12.308127396155761;0.4715757623048184;18.471343604539527;33.728656395460476;0.2843025647329941;0.32003710575139144;0.1313177542358977;0.4618943707357203;0.20291097741467656;0.3656941520513116;1.9195510827677267;1.9438133916484432;0.21911453376656959;0.11414884226505542;1.783742487718673;2.05535967781678;0.5555555555555556;2.8181818181818183;-1.8181818181818181;1.044
0.25;0.65;2;100.0;100.0;0.0;0.0;100.0;100.0;68.2;55.5;33.45982665824795;0.49061329410920745;47.46138457852116;88.93861542147884;0.6819999999999999;0.5549999999999999;0.33459826658247954;0.49061329410920756;0.4746138457852115;0.8893861542147884;22.7;8.5;30.7312544488506;1.3537997554559735;3.6525711551401265;41.74742884485987;0.6819999999999999;0.5549999999999999;0.33459826658247954;0.49061329410920756;0.4746138457852115;0.8893861542147884;3.1;3.0;0.9433981132056604;0.3043219720018259;2.515275791505089;3.6847242084949112;1.3639999999999999;1.1099999999999999;0.6691965331649591;0.49061329410920756;0.949227691570423;1.7787723084295768;22.8;8.5;30.67181116269465;1.3452548755567828;3.7894144856082903;41.81058551439171;0.6278272491026112;0.6055194805194806;0.16454123950259886;0.262080436517827;0.5258435322749365;0.7298109659302859;31.1;28.5;12.934063553268942;0.41588628788646115;23.08338435497872;39.116615645021284;0.2857908102338163;0.34959349593495936;0.14289514187648705;0.4999990789052283;0.19722348371290552;0.37435813675472707;1.9273129340971895;1.9041883116883116;0.20279591451189788;0.10522210011883384;1.8016187240504489;2.05300714414393;0.7142857142857143;2.5384615384615383;-1.5384615384615383;0.9547999999999999
0.25;0.75;2;100.0;100.0;0.0;0.0;100.0;100.0;80.5;63.5;36.51095725943104;0.45355226409231103;57.87027423939919;103.12972576060082;0.805;0.635;0.36510957259431037;0.453552264092311;0.578702742393992;1.0312972576060082;27.6;11.5;34.54330615329112;1.2515690635250405;6.189837030045759;49.010162969954244;0.805;0.635;0.36510957259431037;0.453552264092311;0.578702742393992;1.0312972576060082;3.3;3.0;0.9;0.27272727272727276;2.742174220746298;3.8578257792537016;1.61;1.27;0.7302191451886207;0.453552264092311;1.157405484787984;2.0625945152120164;27.7;11.5;34.47622369111791;1.2446290141197802;6.331415170863565;49.068584829136434;0.6533415436703472;0.6035740818321464;0.13406629463334216;0.20520093346610638;0.5702463933642355;0.736436693976459;37.6;33.0;13.915459029439164;0.37009199546380755;28.97510913692237;46.22489086307763;0.26598338235284774;0.3188280627159181;0.14095067975388628;0.5299228790425117;0.17862124594168038;0.3533455187640151;2.2037966450611535;2.013960481099656;0.3994304184698606;0.18124649539013013;1.9562271067938397;2.4513661833284672;1.0;2.333333333333333;-1.3333333333333333;0.805
0.25;0.85;2;100.0;100.0;0.0;0.0;100.0;100.0;91.3;77.5;35.47689388883982;0.38857496044731454;69.31119335661892;113.28880664338108;0.9129999999999999;0.775;0.35476893888839817;0.38857496044731454;0.6931119335661892;1.1328880664338108;31.8;15.0;34.620225302559774;1.0886863302691752;10.342162047400954;53.25783795259905;0.9129999999999999;0.775;0.35476893888839817;0.38857496044731454;0.6931119335661892;1.1328880664338108;3.5;3.5;0.806225774829855;0.2303502213799586;3.0002960876679072;3.9997039123320928;1.8259999999999998;1.55;0.7095378777767963;0.38857496044731454;1.3862238671323783;2.2657761328676216;31.9;15.0;34.54402987492918;1.0828849490573411;10.489388462727181;53.31061153727282;0.689516778631475;0.6587096364374927;0.11753165010685283;0.17045509804725115;0.616669907178332;0.7623636500846179;42.6;38.0;12.507597691003657;0.2936055796010248;34.84771063491564;50.35228936508436;0.24434679128313236;0.23636363636363636;0.13620275961556513;0.5574157896665101;0.1599274462619576;0.3287661363043071;2.3823665889363603;2.040238011075763;0.6707867157538885;0.28156318127907015;1.9666086751269778;2.798124502745743;1.6666666666666665;2.1764705882352944;-1.1764705882352942;0.5478
0.25;0.95;2;100.0;100.0;0.0;0.0;100.0;100.0;107.2;95.5;35.29815859219854;0.3292738674645386;85.32197464120676;129.07802535879324;1.0719999999999998;0.9550000000000001;0.3529815859219854;0.3292738674645387;0.8532197464120675;1.2907802535879322;37.0;23.5;33.15418525616336;0.8960590609773881;16.45082308217675;57.549176917823246;1.0719999999999998;0.9550000000000001;0.3529815859219854;0.3292738674645387;0.8532197464120675;1.2907802535879322;3.9;4.0;0.5385164807134504;0.13808114890088471;3.5662240272278423;4.233775972772158;2.1439999999999997;1.9100000000000001;0.7059631718439708;0.3292738674645387;1.706439492824135;2.5815605071758645;37.1;23.5;33.06493611062934;0.8912381700978258;16.606140275682574;57.593859724317426;0.6965661296384476;0.6936228354978354;0.12300834219654778;0.1765924826985131;0.6203247692601195;0.7728074900167756;49.3;43.5;12.783192089615177;0.25929395719300563;41.37689545695628;57.22310454304372;0.20216942927721618;0.19551679206959544;0.10540915432512322;0.5213901760616113;0.13683615855289882;0.26750270000153353;2.76831829674095;2.4519190744914283;0.9111959517482673;0.3291514392766859;2.2035531947000657;3.333083398781834;4.999999999999996;2.052631578947368;-1.0526315789473684;0.21440000000000015
0.45;0.05;2;100.0;100.0;0.0;0.0;100.0;100.0;44.8;44.5;6.823488843692792;0.1523100188324284;40.570757798375695;49.0292422016243;0.44800000000000006;0.445;0.06823488843692793;0.1523100188324284;0.405707577983757;0.4902924220162431;3.8;3.5;0.8717797887081347;0.22941573387056177;3.2596652889180633;4.340334711081937;0.44800000000000006;0.445;0.06823488843692793;0.1523100188324284;0.405707577983757;0.4902924220162431;2.5;2.5;0.5;0.2;2.1900967893034986;2.8099032106965014;0.8960000000000001;0.89;0.13646977687385586;0.1523100188324284;0.811415155967514;0.9805848440324862;4.4;4.0;0.7999999999999999;0.1818181818181818;3.9041548628855987;4.895845137114402;0.4648761378181668;0.4971212121212121;0.16010619621437694;0.3444061400221868;0.365641289299688;0.5641109863366456;22.7;22.5;4.561797891182818;0.20096025952347216;19.872568373947832;25.527431626052167;0.4185596650218567;0.3687122736418511;0.17114447672407532;0.408889080879636;0.3124832193623296;0.5246361106813838;1.87468386518835;1.8283088235294116;0.4866313794445322;0.2595805023347978;1.5730666113572942;2.1763011190194055;0.4736842105263158;21.0;-20.0;0.9457777777777778
0.45;0.15;2;100.0;100.0;0.0;0.0;100.0;100.0;50.6;49.0;8.957678270623477;0.17702921483445605;45.04797348709501;56.152026512904996;0.506;0.49;0.08957678270623477;0.17702921483445608;0.45047973487095005;0.56152026512905;4.8;4.5;1.8867962264113207;0.3930825471690252;3.630551583010178;5.969448416989822;0.506;0.49;0.08957678270623477;0.17702921483445608;0.45047973487095005;0.56152026512905;2.8;3.0;0.39999999999999997;0.14285714285714285;2.552077431442799;3.0479225685572007;1.012;0.98;0.17915356541246955;0.17702921483445608;0.9009594697419001;1.1230405302581;5.3;5.0;1.7916472867168918;0.33804665787111166;4.1895255068215205;6.410474493178479;0.5398796271986501;0.5614163614163614;0.09345075470499084;0.17309553833303917;0.4819582493484745;0.5978010050488257;26.4;28.0;5.295280917949491;0.20057882264960192;23.117950883975073;29.682049116024924;0.4687226198590416;0.4618421052631579;0.11398094005245864;0.24317354278045294;0.3980765012981169;0.5393687384199664;1.8896097412557555;1.7879927228623407;0.41780116674052525;0.22110447338341518;1.6306538952444896;2.1485655872670217;0.5294117647058824;7.666666666666667;-6.666666666666667;0.9557777777777777
0.45;0.25;2;100.0;100.0;0.0;0.0;100.0;100.0;58.4;54.0;14.354093492798492;0.2457892721369605;49.50324067988798;67.29675932011202;0.584;0.54;0.14354093492798492;0.2457892721369605;0.49503240679887983;0.6729675932011201;7.5;5.0;7.85175139698144;1.046900186264192;2.6334340649694274;12.366565935030572;0.584;0.54;0.14354093492798492;0.2457892721369605;0.49503240679887983;0.6729675932011201;3.0;3.0;0.7745966692414834;0.25819888974716115;2.519900010414497;3.480099989585503;1.168;1.08;0.28708186985596984;0.2457892721369605;0.9900648135977597;1.3459351864022402;7.8;5.0;7.769169839822013;0.9960474153617965;2.984618644385473;12.615381355614527;0.5429292506535766;0.5293148880105402;0.08256664938885845;0.15207625908802108;0.4917539111694575;0.5941045901376957;30.2;31.0;6.2577951388648065;0.20721175956505983;26.321378389169677;34.07862161083032;0.4327037199115802;0.4413233458177278;0.10778372137579338;0.24909358624838768;0.36589867728122927;0.4995087625419311;2.027917666031698;1.8375786163522012;0.4733741784090523;0.23342869700196844;1.734517310532131;2.3213180215312654;0.6;5.0;-4.0;0.9733333333333333
0.45;0.35;2;100.0;100.0;0.0;0.0;100.0;100.0;69.8;61.0;26.667583317578668;0.38205706758708696;53.27126061673184;86.32873938326816;0.6980000000000001;0.61;0.26667583317578664;0.38205706758708685;0.5327126061673184;0.8632873938326817;13.9;7.0;20.897128989409048;1.5033905747776293;0.9478252636864131;26.852174736313586;0.6980000000000001;0.61;0.26667583317578664;0.38205706758708685;0.5327126061673184;0.8632873938326817;3.2;3.0;0.7483314773547882;0.2338535866733713;2.7361793450049903;3.66382065499501;1.3960000000000001;1.22;0.5333516663515733;0.38205706758708685;1.0654252123346368;1.7265747876653634;14.3;7.0;20.741504284887345;1.450454845097017;1.444282454876351;27.15571754512365;0.5890499778181834;0.5765815265815266;0.0901048324123228;0.15296636245716763;0.5332024240904853;0.6448975315458814;35.7;33.0;10.724271537032246;0.3003997629420797;29.053027636585213;42.34697236341479;0.3796800243191298;0.4084860173577628;0.1277582604053175;0.3364892862994913;0.30049463413391464;0.4588654145043449;2.0304154218255173;2.091811039484287;0.2638539687339586;0.12995073121377856;1.8668770376941812;2.1939538059568533;0.6923076923076923;3.857142857142857;-2.857142857142857;1.0082222222222224
0.45;0.45;2;100.0;100.0;0.0;0.0;100.0;100.0;80.5;70.0;31.80958974900494;0.39515018321745266;60.78421201168972;100.21578798831028;0.805;0.7;0.31809589749004935;0.3951501832174526;0.6078421201168973;1.0021578798831028;18.9;7.5;27.56972977742074;1.4587158612391926;1.8121044478847566;35.98789555211524;0.805;0.7;0.31809589749004935;0.3951501832174526;0.6078421201168973;1.0021578798831028;3.3;3.0;0.7810249675906654;0.23667423260323195;2.815915709819044;3.7840842901809557;1.61;1.4;0.6361917949800987;0.3951501832174526;1.2156842402337946;2.0043157597662056;19.1;8.0;27.482539911733053;1.4388764351692698;2.066145286518381;36.133854713481625;0.59403090503593;0.5908822443706164;0.12899265649667335;0.2171480564447589;0.5140804282267502;0.6739813818451099;41.6;39.5;13.335666462535722;0.32056890534941634;33.334468292965056;49.86553170703495;0.3470073293584711;0.4087642012520287;0.13845374514436762;0.39899371981662063;0.26119280905208186;0.43282184966486037;2.4223347600752305;2.166202575704838;0.8664148582143857;0.3576775896108915;1.8853252673636467;2.9593442527868143;0.8181818181818181;3.2222222222222223;-2.2222222222222223;0.983888888888889
0.45;0.55;2;100.0;100.0;0.0;0.0;100.0;100.0;93.1;81.5;31.643166718898414;0.339883638226621;73.48736207441742;112.71263792558257;0.931;0.815;0.3164316671889841;0.3398836382266209;0.7348736207441743;1.1271263792558257;22.9;10.5;28.75569508810385;1.2557072090875043;5.0770355327740155;40.72296446722598;0.931;0.815;0.3164316671889841;0.3398836382266209;0.7348736207441743;1.1271263792558257;3.5;3.0;0.6708203932499369;0.191662969499982;3.0842212126623103;3.9157787873376897;1.862;1.63;0.6328633343779682;0.3398836382266209;1.4697472414883486;2.2542527585116514;23.0;10.5;28.698432012916665;1.2477579136050725;5.212527554483746;40.78747244551626;0.6238819729541087;0.6225159760874046;0.118035743517397;0.18919563095963893;0.5507226611681286;0.6970412847400889;46.8;46.5;11.872657663724663;0.2536892663189031;39.44125054102261;54.15874945897738;0.32174258011712087;0.37470754094426784;0.14155749960573566;0.43997129492218856;0.23400433286514852;0.4094808273690932;2.4635160464903563;2.232379099499722;0.7926210797173111;0.3217438266117719;1.972244411550112;2.9547876814306004;1.0000000000000002;2.8181818181818183;-1.8181818181818181;0.9309999999999998
0.45;0.65;2;100.0;100.0;0.0;0.0;100.0;100.0;108.2;92.0;35.02227862375605;0.32368094846354944;86.49296681718113;129.90703318281888;1.0819999999999999;0.9199999999999999;0.3502227862375605;0.32368094846354944;0.864929668171811;1.2990703318281887;28.9;13.0;33.11329038316791;1.145788594573284;8.376169987061381;49.423830012938616;1.0819999999999999;0.9199999999999999;0.3502227862375605;0.32368094846354944;0.864929668171811;1.2990703318281887;3.7;4.0;0.6403124237432849;0.17305741182250942;3.303130248066195;4.096869751933805;2.1639999999999997;1.8399999999999999;0.700445572475121;0.32368094846354944;1.729859336343622;2.5981406636563773;29.1;13.5;33.001363608190495;1.1340674779446904;8.645542920918192;49.554457079081814;0.697000756681397;0.6590015561780267;0.10434619455293531;0.14970743367590422;0.6323263152495642;0.7616751981132299;54.4;50.5;11.244554237496478;0.20670136465986175;47.430553077897784;61.36944692210221;0.3027520868936593;0.3367203219315895;0.12961694273150665;0.42812898190536397;0.22241467346734245;0.38308950031997613;2.4910634955900135;2.0527464218863667;0.7565122322069611;0.3036904653559542;2.022172356205785;2.959954634974242;1.2857142857142858;2.5384615384615383;-1.5384615384615383;0.8415555555555554
0.45;0.75;2;100.0;100.0;0.0;0.0;100.0;100.0;126.1;106.5;34.97270364155451;0.2773410280852856;104.42369370949007;147.77630629050992;1.2610000000000001;1.065;0.34972703641554503;0.2773410280852855;1.044236937094901;1.4777630629050993;34.3;19.5;33.325815818971336;0.9715981288329836;13.644445357241068;54.955554642758926;1.2610000000000001;1.065;0.34972703641554503;0.2773410280852855;1.044236937094901;1.4777630629050993;4.2;4.0;0.7483314773547882;0.17817416127494956;3.7361793450049903;4.66382065499501;2.5220000000000002;2.13;0.6994540728310901;0.2773410280852855;2.088473874189802;2.9555261258101986;34.4;19.5;33.24815784370617;0.9665162163868072;13.792578268982798;55.0074217310172;0.7034576425817396;0.6647346422722362;0.10480243299612427;0.14898186706948252;0.6385004216331319;0.7684148635303473;62.0;59.5;10.507140429250958;0.16947000692340256;55.48760689147223;68.51239310852777;0.26265459672499236;0.28863878057426445;0.11379380568746318;0.43324505684021547;0.19212446524515514;0.3331847282048296;3.0497925823306056;2.747706154423101;1.136469564366551;0.3726383134875612;2.3454014486185093;3.754183716042702;1.8;2.333333333333333;-1.3333333333333333;0.7005555555555556
0.45;0.85;2;100.0;100.0;0.0;0.0;100.0;100.0;149.3;131.0;35.600702240264866;0.23845078526634203;127.2344561453836;171.36554385461642;1.4929999999999999;1.31;0.3560070224026487;0.23845078526634209;1.2723445614538358;1.713655438546164;40.2;28.0;32.021242949017456;0.7965483320651108;20.353027999213587;60.04697200078642;1.4929999999999999;1.31;0.3560070224026487;0.23845078526634209;1.2723445614538358;1.713655438546164;5.0;5.0;0.6324555320336759;0.12649110640673517;4.608;5.392;2.9859999999999998;2.62;0.7120140448052974;0.23845078526634209;2.5446891229076716;3.427310877092328;40.3;28.0;31.943856999429485;0.7926515384473818;20.5009923076938;60.099007692306195;0.7316896807434504;0.7334641232669004;0.09403953083501496;0.12852378994803357;0.6734033756671229;0.7899759858197779;68.2;64.0;9.836666101886351;0.14423264079012243;62.10317118495197;74.29682881504803;0.2558075136353645;0.2588011611030479;0.11901338377282167;0.4652458486519157;0.1820422541412599;0.32957277312946914;3.220816073721706;2.884927001213292;1.1495915139140753;0.3569255392425136;2.5082918714188596;3.933340276024553;2.9999999999999996;2.1764705882352944;-1.1764705882352942;0.4976666666666667
0.45;0.95;2;100.0;100.0;0.0;0.0;100.0;100.0;176.2;170.5;35.266981725120736;0.20015313124359102;154.3412982636205;198.05870173637948;1.762;1.705;0.35266981725120733;0.200153131243591;1.543412982636205;1.980587017363795;49.2;37.0;32.04933696662069;0.651409287939445;29.33561514670037;69.06438485329963;1.762;1.705;0.35266981725120733;0.200153131243591;1.543412982636205;1.980587017363795;5.5;5.5;0.5;0.09090909090909091;5.190096789303499;5.809903210696501;3.524;3.41;0.7053396345024147;0.200153131243591;3.08682596527241;3.96117403472759;49.3;37.5;32.0032810817891;0.6491537744784808;29.464160879861925;69.13583912013807;0.7384469939862982;0.70473673137566;0.09931275542136316;0.1344886718073713;0.6768923104499046;0.8000016775226918;76.1;73.0;9.202716990106781;0.12092926399614694;70.39609691526933;81.80390308473066;0.21994222181600573;0.21081825871053994;0.10264487259711567;0.4666901686706793;0.1563222706572468;0.28356217297476466;3.3468031864570165;3.260995005576298;1.3067639325005218;0.39045138291621045;2.5368625098484214;4.1567438630656115;8.999999999999993;2.052631578947368;-1.0526315789473684;0.19577777777777794
0.65;0.05;2;100.0;100.0;0.0;0.0;100.0;100.0;64.1;64.5;9.332202312423366;0.14558817960098855;58.31584108102137;69.88415891897863;0.641;0.645;0.09332202312423364;0.14558817960098852;0.5831584108102138;0.6988415891897862;4.6;5.0;0.8;0.1739130434782609;4.104154862885598;5.095845137114401;0.641;0.645;0.09332202312423364;0.14558817960098852;0.5831584108102138;0.6988415891897862;3.0;3.0;0.0;0.0;3.0;3.0;1.282;1.29;0.18664404624846728;0.14558817960098852;1.1663168216204276;1.3976831783795725;5.5;5.5;0.806225774829855;0.1465865045145191;5.000296087667907;5.999703912332093;0.5103490090055862;0.5305624483043838;0.05454416209954089;0.10687619871315134;0.47654218708678997;0.5441558309243825;35.7;36.0;6.9144775652250114;0.19368284496428603;31.41436240449569;39.985637595504315;0.46512018291029494;0.4596751211171274;0.07380819631953765;0.1586862901921687;0.41937338888001013;0.5108669769405797;2.1640438175077654;2.0521210607385205;0.5705908592852889;0.2636688105245546;1.8103879389345923;2.5176996960809386;0.6842105263157895;21.0;-20.0;0.9368461538461539
0.65;0.15;2;100.0;100.0;0.0;0.0;100.0;100.0;72.0;70.0;11.29601699715435;0.15688912496047708;64.99865612899923;79.00134387100077;0.7200000000000001;0.7;0.11296016997154353;0.1568891249604771;0.6499865612899924;0.7900134387100077;6.2;5.0;2.85657137141714;0.46073731797050643;4.429478720828242;7.970521279171758;0.7200000000000001;0.7;0.11296016997154353;0.1568891249604771;0.6499865612899924;0.7900134387100077;3.2;3.0;0.39999999999999997;0.12499999999999999;2.9520774314427993;3.447922568557201;1.4400000000000002;1.4;0.22592033994308705;0.1568891249604771;1.2999731225799849;1.5800268774200155;6.8;6.0;2.6;0.3823529411764706;5.188503304378194;8.411496695621807;0.5171827174697148;0.5048780487804878;0.06691109580781716;0.12937612481556937;0.4757107906255873;0.5586546443138423;40.7;40.5;7.029224708315989;0.17270822379154763;36.343241388371396;45.05675861162861;0.44602170804344876;0.4520807061790668;0.07038908063995628;0.15781536945528982;0.402394103866854;0.48964931222004354;2.488649176767102;2.016221648004594;0.8878840381879823;0.3567734843773338;1.938332948445841;3.038965405088363;0.7647058823529412;7.666666666666667;-6.666666666666667;0.9415384615384615
0.65;0.25;2;100.0;100.0;0.0;0.0;100.0;100.0;82.6;75.5;15.831613941730643;0.19166602835024993;72.78746401790036;92.41253598209963;0.826;0.755;0.1583161394173064;0.1916660283502499;0.7278746401790036;0.9241253598209963;9.5;6.5;9.2655275079188;0.9753186850440843;3.7571665529984246;15.242833447001576;0.826;0.755;0.1583161394173064;0.1916660283502499;0.7278746401790036;0.9241253598209963;3.8;4.0;0.6;0.15789473684210525;3.4281161471641983;4.171883852835801;1.652;1.51;0.3166322788346128;0.1916660283502499;1.4557492803580072;1.8482507196419926;10.0;7.0;9.06642156531451;0.906642156531451;4.380573694762071;15.61942630523793;0.5491779492896517;0.5391156462585034;0.08571703631860425;0.15608244364049423;0.4960499797566036;0.6023059188226998;46.0;45.0;7.416198487095663;0.16122170624121007;41.40339255537304;50.59660744462696;0.42192084158631377;0.45043128234617597;0.09283498643609579;0.22002939244968353;0.36438112086328933;0.4794605623093382;2.9910272222905143;2.5840535638070845;1.434330830492972;0.4795445590744468;2.1020197631490123;3.8800346814320164;0.8666666666666667;5.0;-4.0;0.953076923076923
0.65;0.35;2;100.0;100.0;0.0;0.0;100.0;100.0;98.3;87.0;29.120611257320817;0.2962422304915648;80.25085814782321;116.34914185217679;0.9830000000000002;0.87;0.2912061125732082;0.2962422304915648;0.8025085814782322;1.1634914185217682;17.3;8.5;24.714570601165622;1.4285878960211342;1.9817504394268344;32.61824956057317;0.9830000000000002;0.87;0.2912061125732082;0.2962422304915648;0.8025085814782322;1.1634914185217682;3.8;4.0;0.6;0.15789473684210525;3.4281161471641983;4.171883852835801;1.9660000000000004;1.74;0.5824122251464164;0.2962422304915648;1.6050171629564645;2.3269828370435364;17.7;8.5;24.5358920767108;1.386208591904565;2.4924965362489573;32.90750346375104;0.6020090635814033;0.5924181645649037;0.09946253545003465;0.16521767107346116;0.5403615454214427;0.6636565817413639;52.6;49.0;11.029052543169788;0.2096778050032279;45.764122411862544;59.43587758813746;0.3708173425262858;0.4035225718194254;0.12527678075424042;0.3378395948279038;0.2931699893633643;0.44846469568920727;3.0620304934483067;2.5724311932921204;1.4534199703739568;0.47465888190329136;2.1611914628297013;3.962869524066912;1.0;3.857142857142857;-2.857142857142857;0.9830000000000002
0.65;0.45;2;100.0;100.0;0.0;0.0;100.0;100.0;111.2;101.5;30.528019916136063;0.27453255320266245;92.27853722356541;130.1214627764346;1.1119999999999999;1.0150000000000001;0.30528019916136057;0.2745325532026624;0.9227853722356539;1.3012146277643457;21.6;10.5;27.343006418461012;1.2658799267806022;4.6526290416477885;38.54737095835222;1.1119999999999999;1.0150000000000001;0.30528019916136057;0.2745325532026624;0.9227853722356539;1.3012146277643457;3.9;4.0;0.5385164807134504;0.13808114890088471;3.5662240272278423;4.233775972772158;2.2239999999999998;2.0300000000000002;0.6105603983227211;0.2745325532026624;1.8455707444713079;2.6024292555286914;21.8;10.5;27.238942710758803;1.2494927848971928;4.917128395915579;38.682871604084426;0.6444338965274372;0.6276800405476877;0.08812499942042287;0.13674792697170127;0.5898134560014046;0.6990543370534699;57.0;53.5;10.246950765959598;0.17977106606946663;50.6488741155603;63.3511258844397;0.3580109100668918;0.3927440387481371;0.13593239552997008;0.379687857849282;0.2737591384420829;0.4422626816917007;3.166077104885022;2.5315469722751844;1.4927844224521103;0.47149338850555933;2.24083973409376;4.091314475676285;1.1818181818181817;3.2222222222222223;-2.2222222222222223;0.940923076923077
0.65;0.55;2;100.0;100.0;0.0;0.0;100.0;100.0;128.8;116.0;32.49246066397557;0.25227065732900283;108.66096423360841;148.9390357663916;1.288;1.1600000000000001;0.3249246066397558;0.25227065732900295;1.086609642336084;1.489390357663916;27.2;13.5;30.23177136722226;1.1114621826184656;8.462153976510535;45.93784602348946;1.288;1.1600000000000001;0.3249246066397558;0.25227065732900295;1.086609642336084;1.489390357663916;4.2;4.0;0.6;0.14285714285714285;3.8281161471641987;4.571883852835802;2.576;2.3200000000000003;0.6498492132795116;0.25227065732900295;2.173219284672168;2.978780715327832;27.4;13.5;30.10382035556285;1.098679575020542;8.74145883516077;46.05854116483923;0.6895936839760963;0.6691373156757773;0.08391079438149296;0.12168150076096346;0.6375852347942591;0.7416021331579336;63.9;60.0;9.321480569094161;0.1458760652440401;58.12248648638534;69.67751351361466;0.3483855680690312;0.38874349442379186;0.14177938624877373;0.4069611351428906;0.2605097940508825;0.4362613420871799;3.1929606510426867;2.9710243741765483;1.1659494838405635;0.36516249690074115;2.470297673938449;3.9156236281469243;1.4444444444444446;2.8181818181818183;-1.8181818181818181;0.8916923076923076
0.65;0.65;2;100.0;100.0;0.0;0.0;100.0;100.0;149.7;135.5;32.29256880460271;0.21571522247563601;129.68485849163187;169.7151415083681;1.4969999999999999;1.355;0.32292568804602706;0.215715222475636;1.2968485849163187;1.697151415083681;34.5;20.0;32.781854737034024;0.9501986880299718;14.1815959288137;54.8184040711863;1.4969999999999999;1.355;0.32292568804602706;0.215715222475636;1.2968485849163187;1.697151415083681;4.8;5.0;0.39999999999999997;0.08333333333333333;4.5520774314427985;5.047922568557201;2.9939999999999998;2.71;0.6458513760920541;0.215715222475636;2.5936971698326374;3.394302830167362;34.6;20.0;32.70535124410071;0.9452413654364367;14.329013284992765;54.870986715007234;0.7204566857952238;0.6936276784160382;0.08618313725698669;0.11962292661891212;0.667039823907549;0.7738735476828986;70.2;67.0;9.282241108697834;0.13222565681905746;64.44680735591099;75.95319264408901;0.3135870457587581;0.3410951379305725;0.13413975526805677;0.42775923649362163;0.23044636407953073;0.3967277274379855;3.404136368458656;3.137333393473309;1.1772198864660985;0.3458204252255402;2.674487923435427;4.133784813481885;1.8571428571428574;2.5384615384615383;-1.5384615384615383;0.8060769230769229
0.65;0.75;2;100.0;100.0;0.0;0.0;100.0;100.0;174.6;161.5;34.762623606396566;0.1990986460847455;153.05390266428742;196.14609733571257;1.746;1.6150000000000002;0.34762623606396564;0.1990986460847455;1.5305390266428744;1.9614609733571255;40.2;29.5;31.49222126176558;0.7833885886011337;20.68091903802846;59.71908096197154;1.746;1.6150000000000002;0.34762623606396564;0.1990986460847455;1.5305390266428744;1.9614609733571255;5.3;5.0;0.45825756949558405;0.08646369235765737;5.015969015774687;5.584030984225313;3.492;3.2300000000000004;0.6952524721279313;0.1990986460847455;3.061078053285749;3.922921946714251;40.3;29.5;31.41671529616042;0.7795710991603082;20.82771812036401;59.77228187963598;0.722719917738223;0.715686560044007;0.08174152862455676;0.11310263716042268;0.6720559934022428;0.7733838420742032;76.3;73.5;8.764131445842196;0.1148641080713263;70.86793505193467;81.73206494806533;0.29252629400844754;0.2988609791053783;0.12353001254587542;0.422286868141529;0.21596159899775583;0.3690909890191393;3.4419125538891464;3.0817412550428562;1.477626374644545;0.42930386856427233;2.5260702384647953;4.3577548693134975;2.6;2.333333333333333;-1.3333333333333333;0.6715384615384615
0.65;0.85;2;100.0;100.0;0.0;0.0;100.0;100.0;205.2;197.0;35.557840204376866;0.17328382165875666;183.16102231046094;227.23897768953904;2.052;1.97;0.3555784020437687;0.1732838216587567;1.8316102231046094;2.2723897768953907;49.8;39.0;30.6;0.6144578313253013;30.833923505374123;68.76607649462588;2.052;1.97;0.3555784020437687;0.1732838216587567;1.8316102231046094;2.2723897768953907;5.8;6.0;0.6;0.10344827586206896;5.428116147164198;6.171883852835801;4.104;3.94;0.7111568040875375;0.1732838216587567;3.663220446209219;4.544779553790781;49.9;39.5;30.549795416663596;0.6122203490313346;30.965040628509392;68.83495937149061;0.729415960052844;0.7224904967425736;0.07844520156244066;0.1075452222854536;0.680795120396975;0.7780367997087131;82.3;81.5;7.849203781276162;0.09537307146143575;77.43501309354279;87.1649869064572;0.2564342229881871;0.25096843748672937;0.11046757445018313;0.43078327519206333;0.18796571098825401;0.32490273498812017;3.3539500073120054;3.486389188157418;1.2537882324102736;0.3738243652042719;2.576844009797136;4.131056004826875;4.333333333333333;2.1764705882352944;-1.1764705882352942;0.4735384615384616
0.65;0.95;2;100.0;100.0;0.0;0.0;100.0;100.0;244.4;236.0;38.995384342252606;0.15955558241510887;220.2304103799837;268.5695896200163;2.444;2.36;0.38995384342252615;0.1595555824151089;2.202304103799837;2.685695896200163;60.4;55.5;29.01447914404117;0.4803721712589598;42.41663951314994;78.38336048685005;2.444;2.36;0.38995384342252615;0.1595555824151089;2.202304103799837;2.685695896200163;6.3;6.0;0.6403124237432849;0.10163689265766428;5.903130248066195;6.6968697519338045;4.888;4.72;0.7799076868450523;0.1595555824151089;4.404608207599674;5.371391792400326;60.4;55.5;29.01447914404117;0.4803721712589598;42.41663951314994;78.38336048685005;0.7295015095320329;0.7041982522541007;0.07154548951911635;0.09807449139483206;0.6851571557063788;0.7738458633576869;89.4;88.5;5.7306195127577615;0.06410088940444923;85.8481252274327;92.95187477256731;0.22725367836878646;0.20582214117083475;0.08911883589616987;0.39215574654658897;0.1720172516132712;0.2824901051243017;2.981989602138389;2.8211079439410907;1.0466239993090605;0.35098177356437626;2.333285326582608;3.6306938776941697;12.99999999999999;2.052631578947368;-1.0526315789473684;0.18800000000000014
0.85;0.05;2;100.0;100.0;0.0;0.0;100.0;100.0;85.1;81.5;12.003749414245535;0.14105463471498866;77.65999903225813;92.54000096774186;0.851;0.815;0.12003749414245538;0.1410546347149887;0.7765999903225812;0.9254000096774188;5.5;5.5;1.2041594578792296;0.21893808325076902;4.753654235625337;6.246345764374663;0.851;0.815;0.12003749414245538;0.1410546347149887;0.7765999903225812;0.9254000096774188;3.7;4.0;0.45825756949558405;0.12385339716096866;3.4159690157746874;3.984030984225313;1.702;1.63;0.24007498828491075;0.1410546347149887;1.5531999806451624;1.8508000193548375;6.7;7.0;1.1874342087037917;0.17722898637370024;5.964020652463672;7.435979347536328;0.5404022832784363;0.5399172473867596;0.06526710415340715;0.12077503403104424;0.49994931301842865;0.5808552535384439;49.4;48.5;7.269112738154499;0.14714803113673075;44.89455724706217;53.90544275293783;0.4630227475744779;0.45541067146282976;0.05859828789018298;0.12655595906928385;0.42670315245750673;0.4993423426914491;3.253392972115047;2.834459139173303;1.3128458731143622;0.40353129313514025;2.4396826696594625;4.0671032745706315;0.8947368421052632;21.0;-20.0;0.9511176470588235
0.85;0.15;2;100.0;100.0;0.0;0.0;100.0;100.0;94.2;87.5;15.555063484280609;0.16512806246582387;84.55887176726708;103.84112823273293;0.9420000000000002;0.875;0.1555506348428061;0.16512806246582384;0.8455887176726709;1.0384112823273295;7.6;6.5;4.054626986542659;0.5335035508608762;5.086916157387501;10.113083842612498;0.9420000000000002;0.875;0.1555506348428061;0.16512806246582384;0.8455887176726709;1.0384112823273295;3.9;4.0;0.5385164807134504;0.13808114890088471;3.5662240272278423;4.233775972772158;1.8840000000000003;1.75;0.3111012696856122;0.16512806246582384;1.6911774353453417;2.076822564654659;8.3;7.5;3.7429934544425802;0.45096306680031084;5.980068621704514;10.619931378295487;0.5778639262739571;0.5676748831599578;0.041349080077948706;0.07155504643552657;0.552235500922951;0.6034923516249632;53.2;52.0;7.717512552629895;0.14506602542537395;48.41663616269889;57.98336383730111;0.454092074364457;0.4577778799301278;0.06717046410566244;0.14792256438228654;0.4124593893838192;0.49572475934509475;3.4443663574015546;3.1019458357342318;1.3132757534799788;0.38128224968226665;2.6303896123349304;4.258343102468179;1.0;7.666666666666667;-6.666666666666667;0.9420000000000002
0.85;0.25;2;100.0;100.0;0.0;0.0;100.0;100.0;106.9;96.5;20.24574029271343;0.1893895256568141;94.35156016072118;119.44843983927883;1.0690000000000002;0.9650000000000001;0.20245740292713424;0.18938952565681405;0.9435156016072119;1.1944843983927884;12.0;8.0;11.899579824514813;0.991631652042901;4.624564012887104;19.375435987112894;1.0690000000000002;0.9650000000000001;0.20245740292713424;0.18938952565681405;0.9435156016072119;1.1944843983927884;4.0;4.0;0.4472135954999579;0.11180339887498948;3.7228141417748732;4.277185858225127;2.1380000000000003;1.9300000000000002;0.4049148058542685;0.18938952565681405;1.8870312032144239;2.388968796785577;12.7;8.5;11.593532679903912;0.9128765889688121;5.514253998365931;19.885746001634068;0.6096226340562152;0.5988560995603249;0.047062315114099716;0.07719909413625865;0.5804531089428753;0.6387921591695551;58.4;56.5;8.002499609497024;0.1370291029023463;53.43999935483875;63.36000064516125;0.41305065116684736;0.42764778325123154;0.10542241138922842;0.25522877422276274;0.3477091636290688;0.47839213870462594;3.7117167711589345;3.462962962962963;1.271735568274162;0.3426273195616376;2.92348689962873;4.499946642689139;1.1333333333333333;5.0;-4.0;0.9432352941176473
0.85;0.35;2;100.0;100.0;0.0;0.0;100.0;100.0;125.3;115.0;31.209133278577283;0.24907528554331432;105.95637878782776;144.64362121217223;1.2530000000000001;1.15;0.31209133278577283;0.2490752855433143;1.0595637878782778;1.4464362121217225;19.9;10.0;26.44409196777231;1.3288488426016236;3.509781990467605;36.290218009532396;1.2530000000000001;1.15;0.31209133278577283;0.2490752855433143;1.0595637878782778;1.4464362121217225;4.3;4.0;0.45825756949558405;0.10657152778967072;4.015969015774687;4.584030984225313;2.5060000000000002;2.3;0.6241826655715457;0.2490752855433143;2.1191275757565555;2.892872424243445;20.3;10.5;26.260426500725384;1.2936170690012503;4.023619026331438;36.57638097366856;0.6365475463854695;0.6128754789272031;0.08211495745381148;0.12900050894876236;0.585652168463184;0.687442924307755;64.1;62.0;9.180958555619341;0.14322868261496632;58.4095829326841;69.79041706731589;0.38504721160387156;0.4240002017247466;0.12789324895626134;0.3321495263490837;0.3057781546479669;0.4643162685597762;3.6085311681676275;3.4148457300275483;1.0401494109491563;0.2882473124036594;2.9638398840531917;4.253222452282063;1.3076923076923077;3.857142857142857;-2.857142857142857;0.9581764705882354
0.85;0.45;2;100.0;100.0;0.0;0.0;100.0;100.0;140.6;136.0;31.148675734290855;0.22154107919125787;121.29385076199813;159.90614923800186;1.4060000000000001;1.3599999999999999;0.3114867573429086;0.22154107919125787;1.2129385076199815;1.5990614923800188;24.5;14.0;27.561748855977918;1.1249693410603232;7.417051074243652;41.58294892575635;1.4060000000000001;1.3599999999999999;0.3114867573429086;0.22154107919125787;1.2129385076199815;1.5990614923800188;4.7;5.0;0.45825756949558405;0.09750161053097532;4.415969015774687;4.984030984225313;2.8120000000000003;2.7199999999999998;0.6229735146858172;0.22154107919125787;2.425877015239963;3.1981229847600376;24.8;14.0;27.389048906451645;1.1043971333246632;7.824091611934286;41.775908388065716;0.6627575212770956;0.6330498510347851;0.07516042388104956;0.11340561437344346;0.6161726079210011;0.7093424346331901;68.4;67.0;9.58331884056875;0.14010700059311038;62.460197444358954;74.33980255564106;0.37752469243173425;0.4092605004468275;0.14265925643277075;0.37788059772690774;0.28910356922355196;0.46594581563991655;3.988254730737043;3.3217492813272766;1.5104725969231452;0.37873022133769396;3.0520541158259133;4.924455345648172;1.5454545454545452;3.2222222222222223;-2.2222222222222223;0.9097647058823531
0.85;0.55;2;100.0;100.0;0.0;0.0;100.0;100.0;163.2;155.5;34.04350158253407;0.20859988714788036;142.09961911244255;184.30038088755742;1.6319999999999997;1.5550000000000002;0.3404350158253407;0.20859988714788036;1.420996191124425;1.8430038088755742;31.7;18.5;31.218744369368864;0.9848184343649484;12.350421772038544;51.049578227961455;1.6319999999999997;1.5550000000000002;0.3404350158253407;0.20859988714788036;1.420996191124425;1.8430038088755742;5.1;5.0;0.5385164807134504;0.1055914668065589;4.766224027227842;5.433775972772157;3.2639999999999993;3.1100000000000003;0.6808700316506814;0.20859988714788036;2.84199238224885;3.6860076177511485;31.9;18.5;31.08198835338563;0.9743570016735308;12.635184028909077;51.16481597109092;0.6954564473483645;0.6645168487279967;0.06720941232613395;0.09664072075597244;0.6537996220105767;0.7371132726861523;74.9;73.5;9.060353193998566;0.12096599724964706;69.2843349102711;80.51566508972891;0.35012068225200305;0.3892418857296137;0.14104885013359467;0.4028578067035562;0.26269769920910185;0.43754366529490424;3.63968221640597;3.081497237022486;1.296908636033788;0.35632468960832236;2.8358499158321884;4.443514516979752;1.888888888888889;2.8181818181818183;-1.8181818181818181;0.8639999999999998
0.85;0.65;2;100.0;100.0;0.0;0.0;100.0;100.0;191.1;185.0;37.489865297170645;0.19617930558435712;167.86354075165497;214.33645924834502;1.911;1.85;0.3748986529717065;0.19617930558435714;1.6786354075165495;2.1433645924834503;38.6;26.5;31.84399472428043;0.8249739565875759;18.862887587086103;58.337112412913896;1.911;1.85;0.3748986529717065;0.19617930558435714;1.6786354075165495;2.1433645924834503;5.7;5.5;0.7810249675906654;0.13702192413871322;5.215915709819044;6.184084290180956;3.822;3.7;0.749797305943413;0.19617930558435714;3.357270815033099;4.286729184966901;38.8;26.5;31.7011040817193;0.8170387649927655;19.15145212490246;58.44854787509753;0.7099544549418102;0.6893170673410299;0.06036441454548247;0.08502575640634595;0.672540203182891;0.7473687067007294;80.8;80.0;7.934733769950949;0.09820215061820481;75.88200105734049;85.7179989426595;0.32693362130902365;0.34499698329499606;0.13048949254105635;0.3991314567727352;0.24605539590776265;0.40781184671028464;3.779865485846942;3.9406935405766124;1.0896669815909008;0.2882819469822331;3.104482893476971;4.455248078216913;2.428571428571429;2.5384615384615383;-1.5384615384615383;0.7868823529411764
0.85;0.75;2;100.0;100.0;0.0;0.0;100.0;100.0;221.5;212.0;38.158223229076064;0.17227188816738628;197.84928821367103;245.15071178632897;2.215;2.12;0.3815822322907606;0.17227188816738628;1.9784928821367103;2.4515071178632897;46.4;36.5;29.57769429823765;0.6374503081516735;28.06755514395311;64.73244485604688;2.215;2.12;0.3815822322907606;0.17227188816738628;1.9784928821367103;2.4515071178632897;6.2;6.0;0.8717797887081347;0.1406096433400217;5.659665288918063;6.740334711081937;4.43;4.24;0.7631644645815212;0.17227188816738628;3.9569857642734205;4.903014235726579;46.5;37.0;29.53387885124472;0.6351371795966606;28.194712239355535;64.80528776064446;0.7344575497170008;0.7249252040755072;0.046535247776864685;0.06336002372743738;0.7056147043237857;0.763300395110216;86.1;86.0;6.057227088363124;0.07035106955125581;82.34569175479689;89.8543082452031;0.2940968677445688;0.2982104269071263;0.11191778357425573;0.38054734969656123;0.2247295068171728;0.36346422867196476;3.3974070771817773;3.6511555010858867;0.9425017071919247;0.2774179501544308;2.813238466890355;3.9815756874731996;3.4;2.333333333333333;-1.3333333333333333;0.6514705882352941
0.85;0.85;2;100.0;100.0;0.0;0.0;100.0;100.0;261.9;256.5;41.534202773136265;0.15858802127963448;236.15683441377107;287.64316558622886;2.619;2.565;0.41534202773136264;0.15858802127963445;2.3615683441377113;2.876431655862289;56.9;51.5;28.539271189012517;0.5015689136909054;39.211176455173735;74.58882354482625;2.619;2.565;0.41534202773136264;0.15858802127963445;2.3615683441377113;2.876431655862289;6.7;7.0;0.9;0.13432835820895522;6.142174220746298;7.257825779253702;5.238;5.13;0.8306840554627253;0.15858802127963445;4.723136688275423;5.752863311724578;57.0;51.5;28.474550040343043;0.4995535094797025;39.35129103871901;74.64870896128099;0.736524733903219;0.7145164493167414;0.048455551560411474;0.06578944240422296;0.7064916718939362;0.7665577959125018;90.9;90.5;5.048762224545736;0.05554193866386948;87.77074475314014;94.02925524685988;0.265227308445769;0.25185110783717274;0.09594378061212494;0.3617417119464626;0.20576073712965248;0.32469387976188546;2.9611703079501046;2.9516290020670524;0.9213698785737073;0.31115058667852624;2.39009934073203;3.5322412751681793;5.666666666666666;2.1764705882352944;-1.1764705882352942;0.46217647058823536
0.85;0.95;2;100.0;100.0;0.0;0.0;100.0;100.0;312.8;311.5;47.42741823038652;0.15162218104343517;283.4041816307149;342.1958183692851;3.128;3.115;0.4742741823038652;0.15162218104343517;2.834041816307149;3.421958183692851;70.0;73.0;25.709920264364882;0.3672845752052126;54.06482632664457;85.93517367335542;3.128;3.115;0.4742741823038652;0.15162218104343517;2.834041816307149;3.421958183692851;7.4;7.0;0.8;0.10810810810810811;6.904154862885599;7.895845137114402;6.256;6.23;0.9485483646077304;0.15162218104343517;5.668083632614298;6.843916367385702;70.0;73.0;25.709920264364882;0.3672845752052126;54.06482632664457;85.93517367335542;0.7418956829605938;0.7345680630766849;0.05600193364632098;0.07548491645461637;0.7071853248761792;0.7766060410450084;95.2;95.5;3.487119154832539;0.036629402886896416;93.03866115567226;97.36133884432775;0.24225029317175487;0.21649937296275726;0.08051088224071704;0.33234586091350987;0.19234913136694262;0.29215145497656714;2.51180162807705;2.3056545042259327;0.6643018209472166;0.26447224713990786;2.100063093710901;2.9235401624431994;16.999999999999986;2.052631578947368;-1.0526315789473684;0.18400000000000016
1.05;0.05;2;100.0;100.0;0.0;0.0;100.0;100.0;103.3;99.5;16.959068370638757;0.16417297551441198;92.78866052303513;113.81133947696486;1.033;0.995;0.16959068370638763;0.16417297551441204;0.9278866052303513;1.1381133947696487;6.5;6.0;1.2041594578792296;0.18525530121218917;5.753654235625337;7.246345764374663;1.033;0.995;0.16959068370638763;0.16417297551441204;0.9278866052303513;1.1381133947696487;4.0;4.0;0.4472135954999579;0.11180339887498948;3.7228141417748732;4.277185858225127;2.066;1.99;0.33918136741277527;0.16417297551441204;1.8557732104607025;2.2762267895392974;7.6;7.5;1.1135528725660042;0.14652011481131635;6.909812779022967;8.290187220977032;0.5784772015807212;0.5624319727891156;0.06358422059217651;0.10991655404643273;0.5390672933584211;0.6178871098030214;58.0;57.5;7.563068160475615;0.130397726904752;53.31236178870425;62.68763821129575;0.47396011212381756;0.4457409368913794;0.06077164212796652;0.12822100546741896;0.4362934580943064;0.5116267661533287;3.6583801963180482;3.6234648618763936;0.9268448096854103;0.25334841103126104;3.083915831640256;4.232844560995841;1.105263157894737;21.0;-20.0;0.9346190476190475
1.05;0.15;2;100.0;100.0;0.0;0.0;100.0;100.0;114.7;109.5;19.010786411929413;0.16574356069685625;102.91699250615532;126.48300749384468;1.147;1.095;0.19010786411929415;0.16574356069685628;1.0291699250615531;1.264830074938447;8.9;7.5;4.4821869662029945;0.5036165130565162;6.121911736463364;11.678088263536637;1.147;1.095;0.19010786411929415;0.16574356069685628;1.0291699250615531;1.264830074938447;4.2;4.0;0.6;0.14285714285714285;3.8281161471641987;4.571883852835802;2.294;2.19;0.3802157282385883;0.16574356069685628;2.0583398501231063;2.529660149876894;9.7;8.0;4.220189569201838;0.43507108960843693;7.084299405512931;12.315700594487067;0.5858048370859017;0.5831378384687209;0.049970921868884924;0.08530302023019529;0.5548325388286388;0.6167771353431646;61.2;59.5;6.43117407632541;0.10508454373080735;57.2139170103973;65.18608298960271;0.4495678780251871;0.4282199166222612;0.06234271789274533;0.1386725363177584;0.41092746114817114;0.4882082949022031;4.146198328955005;3.82644227067399;1.2661108806020218;0.3053666950179705;3.3614546749623226;4.930941982947687;1.2352941176470589;7.666666666666667;-6.666666666666667;0.9285238095238095
1.05;0.25;2;100.0;100.0;0.0;0.0;100.0;100.0;129.5;120.5;24.42642012248213;0.18862100480681182;114.36034795644233;144.63965204355767;1.295;1.205;0.24426420122482131;0.18862100480681185;1.1436034795644232;1.4463965204355766;14.4;9.5;14.008568806269968;0.9728172782131922;5.717399099348169;23.082600900651833;1.295;1.205;0.24426420122482131;0.18862100480681185;1.1436034795644232;1.4463965204355766;4.8;5.0;0.6;0.125;4.428116147164198;5.171883852835801;2.59;2.41;0.48852840244964263;0.18862100480681185;2.2872069591288464;2.8927930408711533;15.0;10.0;13.754999091239519;0.9169999394159679;6.474563236994834;23.525436763005168;0.6029496136453483;0.6140308769234915;0.05433636987036127;0.09011759629772585;0.5692715826845131;0.6366276446061835;65.9;64.5;6.7889616289974715;0.10301914459783719;61.69215798775667;70.10784201224334;0.419271464169774;0.4454740141653905;0.11290084676093928;0.26927863307964783;0.34929479436663646;0.48924813397291156;4.268936209459111;3.8334181133745195;1.2985973960714854;0.30419695501517513;3.464057204569772;5.073815214348449;1.4000000000000001;5.0;-4.0;0.9249999999999998
1.05;0.35;2;100.0;100.0;0.0;0.0;100.0;100.0;150.5;140.0;33.75574025258519;0.2242906329075428;129.57797543257345;171.42202456742655;1.505;1.4;0.3375574025258519;0.22429063290754284;1.2957797543257343;1.7142202456742655;22.0;12.0;26.664583251946766;1.2120265114521258;5.473120076675091;38.52687992332491;1.505;1.4;0.3375574025258519;0.22429063290754284;1.2957797543257343;1.7142202456742655;5.0;5.0;0.6324555320336759;0.12649110640673517;4.608;5.392;3.01;2.8;0.6751148050517038;0.22429063290754284;2.5915595086514687;3.428440491348531;22.3;12.0;26.51056393213845;1.1888145261048633;5.868582240110868;38.73141775988913;0.6389716292221868;0.6284551127214171;0.07440147322402885;0.11643940015708829;0.5928571183568342;0.6850861400875393;71.5;69.5;7.800640999302558;0.10909987411611968;66.66511261765075;76.33488738234925;0.4081986168086772;0.42420627163276337;0.13900225032216604;0.3405260199284713;0.3220441294709212;0.4943531041464332;4.248686825758337;4.149078564310209;1.271375086043026;0.29923953875233006;3.4606803834297883;5.036693268086885;1.6153846153846154;3.857142857142857;-2.857142857142857;0.9316666666666665
1.05;0.45;2;100.0;100.0;0.0;0.0;100.0;100.0;170.4;166.5;34.43893145845266;0.20210640527260948;149.05452913613757;191.74547086386244;1.704;1.665;0.3443893145845266;0.2021064052726095;1.4905452913613757;1.9174547086386242;27.8;16.0;27.758962516635957;0.9985238315336675;10.594816780981379;45.00518321901862;1.704;1.665;0.3443893145845266;0.2021064052726095;1.4905452913613757;1.9174547086386242;5.2;5.0;0.39999999999999997;0.07692307692307691;4.952077431442799;5.4479225685572015;3.408;3.33;0.6887786291690532;0.2021064052726095;2.9810905827227514;3.8349094172772484;28.0;16.0;27.629694171307797;0.9867747918324213;10.87493813149862;45.125061868501376;0.6642233124143563;0.6452775212292575;0.061210741039298265;0.09215385834141536;0.626284502059975;0.7021621227687376;77.3;75.5;7.239475119095307;0.09365427062219026;72.81292683366985;81.78707316633015;0.3762809293352225;0.39732841401347324;0.1385644344852636;0.3682472952590664;0.29039780306456614;0.46216405560587887;3.773750286879735;3.626387247897091;1.0575852828717325;0.28024781781366354;3.1182521373851;4.429248436374369;1.909090909090909;3.2222222222222223;-2.2222222222222223;0.8925714285714286
1.05;0.55;2;100.0;100.0;0.0;0.0;100.0;100.0;198.9;193.5;38.952406857599954;0.1958391496108595;174.75704810094675;223.04295189905326;1.989;1.935;0.3895240685759996;0.19583914961085952;1.7475704810094674;2.2304295189905328;35.7;22.5;30.854659291588362;0.8642761706327272;16.57608404118027;54.82391595881974;1.989;1.935;0.3895240685759996;0.19583914961085952;1.7475704810094674;2.2304295189905328;5.6;5.0;0.8;0.14285714285714288;5.104154862885598;6.095845137114401;3.978;3.87;0.7790481371519992;0.19583914961085952;3.495140962018935;4.4608590379810655;35.8;22.5;30.77271518732138;0.8595730499251784;16.72687352320024;54.873126476799754;0.6913016860188627;0.6746975184258466;0.05106974391918008;0.07387475678424225;0.6596483307988587;0.7229550412388667;81.8;80.0;7.413501197140255;0.09062959898704469;77.20506435300776;86.39493564699224;0.34806118056904195;0.37588793156883404;0.12910141149830032;0.3709158582041055;0.268043296711495;0.4280790644265889;3.61518438211201;3.866528091576031;1.0591126785346427;0.29296228534709023;2.9587395429774963;4.271629221246524;2.3333333333333335;2.8181818181818183;-1.8181818181818181;0.8524285714285714
1.05;0.65;2;100.0;100.0;0.0;0.0;100.0;100.0;230.6;221.0;40.96144528700128;0.1776298581396413;205.21183318157847;255.98816681842152;2.306;2.21;0.40961445287001286;0.1776298581396413;2.0521183318157847;2.5598816681842154;42.8;31.5;29.674231245307773;0.6933231599370976;24.407720924257372;61.19227907574262;2.306;2.21;0.40961445287001286;0.1776298581396413;2.0521183318157847;2.5598816681842154;6.3;6.0;0.7810249675906654;0.1239722170778834;5.815915709819044;6.784084290180956;4.612;4.42;0.8192289057400257;0.1776298581396413;4.1042366636315695;5.119763336368431;42.8;31.5;29.674231245307773;0.6933231599370976;24.407720924257372;61.19227907574262;0.7183574445768459;0.7152194949443911;0.04939273206634777;0.06875787595608888;0.6877435120719795;0.7489713770817124;87.4;87.0;5.571355310873648;0.06374548410610581;83.94683820245851;90.8531617975415;0.3276121200059019;0.3389343665757869;0.11300742373156415;0.3449427442718796;0.25756939311199845;0.39765484689980535;3.456370296295451;3.6394194353363436;0.848883776238101;0.24559977764764884;2.9302266807667356;3.9825139118241664;3.0000000000000004;2.5384615384615383;-1.5384615384615383;0.7686666666666666
1.05;0.75;2;100.0;100.0;0.0;0.0;100.0;100.0;271.9;268.5;41.541425107957;0.15278199745478852;246.15235796427174;297.6476420357282;2.7190000000000003;2.685;0.41541425107956986;0.15278199745478846;2.461523579642718;2.9764764203572827;52.9;44.0;28.469106062537335;0.5381683565697039;35.254665251120905;70.5453347488791;2.7190000000000003;2.685;0.41541425107956986;0.15278199745478846;2.461523579642718;2.9764764203572827;6.8;7.0;0.7483314773547882;0.1100487466698218;6.33617934500499;7.263820654995009;5.438000000000001;5.37;0.8308285021591397;0.15278199745478846;4.923047159285436;5.952952840714565;53.0;44.0;28.411265371327623;0.5360616107797664;35.3905152829505;70.6094847170495;0.7266431650336623;0.7209644443349488;0.04949575066750277;0.06811562132454634;0.6959653809382771;0.7573209491290476;91.1;89.5;4.968903299521937;0.05454339516489503;88.02024182767542;94.17975817232457;0.30162347329347444;0.30929684126615076;0.10181950622606864;0.33757155938258165;0.2385150895114923;0.3647318570754566;3.0392572528933357;3.033257024545101;0.8950921199186201;0.29451015344834774;2.4844734092294996;3.594041096557172;4.2;2.333333333333333;-1.3333333333333333;0.6473809523809524
1.05;0.85;2;100.0;100.0;0.0;0.0;100.0;100.0;319.1;310.5;44.632835446563334;0.1398709979522511;291.4362819852429;346.76371801475716;3.191;3.105;0.44632835446563335;0.13987099795225114;2.9143628198524283;3.4676371801475714;65.4;62.0;26.23432865540874;0.4011365237830082;49.13979463844322;81.66020536155679;3.191;3.105;0.44632835446563335;0.13987099795225114;2.9143628198524283;3.4676371801475714;7.5;7.5;0.806225774829855;0.107496769977314;7.000296087667907;7.999703912332093;6.382;6.21;0.8926567089312667;0.13987099795225114;5.828725639704857;6.935274360295143;65.4;62.0;26.23432865540874;0.4011365237830082;49.13979463844322;81.66020536155679;0.7345670307519099;0.7326471649766539;0.05338200090753541;0.07267138147065091;0.7014805238026124;0.7676535377012074;95.3;95.5;2.9681644159311658;0.031145481804104574;93.46031263525565;97.13968736474435;0.27336947434495934;0.2563088318553963;0.0854828010556823;0.31270060880247846;0.22038668533198694;0.32635226335793177;2.513838639542888;2.45856524427953;0.5516876262949122;0.21946023806652523;2.171899106162239;2.8557781729235376;6.999999999999999;2.1764705882352944;-1.1764705882352942;0.4558571428571429
1.05;0.95;2;100.0;100.0;0.0;0.0;100.0;100.0;373.7;377.5;56.62517108141926;0.151525745468074;338.603355351259;408.796644648741;3.7369999999999997;3.775;0.5662517108141927;0.15152574546807404;3.38603355351259;4.0879664464874095;77.4;84.0;22.821919288263203;0.29485683834965376;63.254827876621654;91.54517212337835;3.7369999999999997;3.775;0.5662517108141927;0.15152574546807404;3.38603355351259;4.0879664464874095;8.3;8.0;1.268857754044952;0.15287442819818697;7.513553816208637;9.086446183791365;7.473999999999999;7.55;1.1325034216283854;0.15152574546807404;6.77206710702518;8.175932892974819;77.4;84.0;22.821919288263203;0.29485683834965376;63.254827876621654;91.54517212337835;0.7376696929247405;0.7395528340487378;0.0463850231841985;0.06288047838903266;0.708919957698711;0.76641942815077;97.8;98.5;2.181742422927143;0.02230820473340637;96.44774203644423;99.15225796355577;0.25532955129266816;0.23990544688618895;0.06825789206535941;0.2673325187773494;0.21302287147980792;0.2976362311055284;2.244795712224284;2.05989898989899;0.40601709061328023;0.1808703965364283;1.9931437122668683;2.4964477121816993;20.999999999999982;2.052631578947368;-1.0526315789473684;0.17795238095238108
1.25;0.05;2;100.0;100.0;0.0;0.0;100.0;100.0;120.3;117.5;18.873526432545667;0.1568871690153422;108.60206712277763;131.99793287722235;1.203;1.1749999999999998;0.18873526432545668;0.1568871690153422;1.0860206712277765;1.3199793287722237;7.1;7.0;1.2206555615733703;0.17192331853146062;6.343429844627743;7.856570155372256;1.203;1.1749999999999998;0.18873526432545668;0.1568871690153422;1.0860206712277765;1.3199793287722237;4.7;5.0;0.6403124237432849;0.13623668590282656;4.3031302480661955;5.096869751933805;2.406;2.3499999999999996;0.37747052865091335;0.1568871690153422;2.172041342455553;2.6399586575444474;8.4;8.0;1.5620499351813308;0.1859583256168251;7.431831419638089;9.368168580361912;0.5841007080274612;0.5766388087221421;0.05796844693536842;0.09924392512916294;0.5481714923787403;0.620029923676182;64.3;64.0;5.040833264451424;0.07839554066020878;61.17565917352155;67.42434082647844;0.48341064479032847;0.4696665327440739;0.04055213853512266;0.08388755806714082;0.4582761689250408;0.5085451206556161;4.117245406029887;4.277576013513514;1.1391167802039328;0.2766696341528844;3.411213510942968;4.823277301116805;1.3157894736842106;21.0;-20.0;0.91428
1.25;0.15;2;100.0;100.0;0.0;0.0;100.0;100.0;134.0;128.0;21.396261355666788;0.15967359220646857;120.73845981795478;147.26154018204522;1.3400000000000003;1.28;0.2139626135566679;0.15967359220646854;1.2073845981795481;1.4726154018204525;10.0;8.5;5.779273310719955;0.5779273310719956;6.417969291030575;13.582030708969425;1.3400000000000003;1.28;0.2139626135566679;0.15967359220646854;1.2073845981795481;1.4726154018204525;4.9;5.0;0.7000000000000001;0.14285714285714285;4.466135505024899;5.333864494975102;2.6800000000000006;2.56;0.4279252271133358;0.15967359220646854;2.4147691963590963;2.945230803640905;10.9;9.0;5.539855593785817;0.5082436324574144;7.466361929381607;14.333638070618393;0.6002919812010983;0.5903713689332482;0.05215463650060877;0.0868821142608882;0.5679662025926031;0.6326177598095934;68.0;67.0;4.427188724235731;0.0651057165328784;65.256;70.744;0.4646093591416326;0.45800995827201807;0.05738072493370416;0.12350316196754031;0.4290444173635372;0.500174300919728;4.166851969649486;3.757113133379499;1.0254750652808002;0.2461030707954482;3.531255939210038;4.802448000088934;1.4705882352941178;7.666666666666667;-6.666666666666667;0.9112000000000001
1.25;0.25;2;100.0;100.0;0.0;0.0;100.0;100.0;153.9;143.0;27.544327909753033;0.17897548999189755;136.8278486885806;170.97215131141942;1.5390000000000001;1.4300000000000002;0.27544327909753036;0.17897548999189755;1.368278486885806;1.7097215131141943;16.4;11.0;16.267759526130202;0.9919365564713539;6.317138184027314;26.482861815972683;1.5390000000000001;1.4300000000000002;0.27544327909753036;0.17897548999189755;1.368278486885806;1.7097215131141943;5.2;5.0;0.6;0.11538461538461538;4.828116147164199;5.571883852835802;3.0780000000000003;2.8600000000000003;0.5508865581950607;0.17897548999189755;2.736556973771612;3.4194430262283886;17.0;11.0;16.0;0.9411764705882353;7.083097257711962;26.916902742288038;0.6058521826989519;0.5873442460801559;0.059241089551885805;0.097781424650446;0.5691341749843752;0.6425701904135286;73.9;72.5;5.769748694700662;0.07807508382544874;70.32387270920064;77.47612729079937;0.4303944385893961;0.44117755470640996;0.10928015189516986;0.253906979498462;0.36266189871396715;0.498126978464825;4.419571356255455;4.1459393570826535;1.2655756162294556;0.28635709534096826;3.635159462558032;5.203983249952877;1.6666666666666667;5.0;-4.0;0.9234
1.25;0.35;2;100.0;100.0;0.0;0.0;100.0;100.0;175.2;166.5;35.717782685939504;0.20386862263664102;153.0618889333349;197.33811106666508;1.752;1.665;0.3571778268593952;0.2038686226366411;1.5306188893333488;1.9733811106666512;23.9;14.5;26.261949661059056;1.0988263456510066;7.622674961775818;40.17732503822418;1.752;1.665;0.3571778268593952;0.2038686226366411;1.5306188893333488;1.9733811106666512;5.3;5.0;0.45825756949558405;0.08646369235765737;5.015969015774687;5.584030984225313;3.504;3.33;0.7143556537187904;0.2038686226366411;3.0612377786666976;3.9467622213333025;24.4;14.5;25.996922894835073;1.0654476596243883;8.286940253322463;40.513059746677534;0.641521952996815;0.6266215040228198;0.07012555560593713;0.10931123288665584;0.5980576833285032;0.6849862226651269;78.3;76.0;7.1700767080973415;0.09157186089524064;73.85594041444087;82.74405958555913;0.4045096630079271;0.4238241816436633;0.125636443499559;0.31058947409396476;0.32663938856592134;0.4823799374499329;4.183530339384725;4.15498815207519;1.2252426969828578;0.29287290818669076;3.4241170480298693;4.942943630739581;1.923076923076923;3.857142857142857;-2.857142857142857;0.9110400000000001
1.25;0.45;2;100.0;100.0;0.0;0.0;100.0;100.0;203.7;198.0;37.494132874357824;0.18406545348236536;180.46089567991055;226.93910432008943;2.037;1.98;0.3749413287435782;0.18406545348236536;1.8046089567991055;2.269391043200894;30.9;18.0;28.080064102490933;0.9087399385919396;13.495795956148989;48.30420404385101;2.037;1.98;0.3749413287435782;0.18406545348236536;1.8046089567991055;2.269391043200894;5.6;5.0;0.8;0.14285714285714288;5.104154862885598;6.095845137114401;4.074;3.96;0.7498826574871564;0.18406545348236536;3.609217913598211;4.538782086401788;31.1;18.0;27.95871957010907;0.8989941983957901;13.771006076520198;48.42899392347981;0.6704423170544314;0.6628183305312509;0.044662638935475785;0.06661667648262386;0.6427601266458663;0.6981245074629964;83.0;80.5;6.324555320336759;0.07619946169080433;79.08;86.92;0.3760063563769439;0.40997542997543;0.12017072419160434;0.31959758699167834;0.3015237698595401;0.4504889428943477;3.843710287218248;4.100883919705648;0.9369063297311181;0.2437505065994897;3.2630097278071517;4.424410846629344;2.2727272727272725;3.2222222222222223;-2.2222222222222223;0.8962800000000001
1.25;0.55;2;100.0;100.0;0.0;0.0;100.0;100.0;234.3;229.0;40.25431653872663;0.1718067287184235;209.3501161205107;259.2498838794893;2.343;2.29;0.4025431653872663;0.17180672871842353;2.093501161205107;2.592498838794893;38.7;26.0;30.03681074947871;0.776144980606685;20.082991819306738;57.317008180693264;2.343;2.29;0.4025431653872663;0.17180672871842353;2.093501161205107;2.592498838794893;6.3;6.0;1.004987562112089;0.15952183525588715;5.677102255582828;6.922897744417171;4.686;4.58;0.8050863307745326;0.17180672871842353;4.187002322410214;5.184997677589786;39.0;26.0;29.842922108935646;0.7652031309983499;20.503165243750487;57.49683475624951;0.6958552710649943;0.6787119746443807;0.048667830893299596;0.06993958789564722;0.6656906369620585;0.7260199051679301;87.5;86.5;5.73149195236284;0.06550276516986103;83.9475844837632;91.0524155162368;0.35298549118797673;0.38091707405757347;0.11013961565454974;0.3120230672481002;0.28472025015552954;0.4212507322204239;3.62165652278537;3.5162059711569578;1.1031815136365852;0.304606885466914;2.9378975366713624;4.305415508899378;2.777777777777778;2.8181818181818183;-1.8181818181818181;0.8434799999999999
1.25;0.65;2;100.0;100.0;0.0;0.0;100.0;100.0;274.1;269.5;41.38465899339995;0.15098379785990496;248.44952260873106;299.750477391269;2.7410000000000005;2.6950000000000003;0.41384658993399953;0.15098379785990496;2.484495226087311;2.99750477391269;46.7;37.5;28.492279656075258;0.6101130547339455;29.040302109039356;64.35969789096065;2.7410000000000005;2.6950000000000003;0.41384658993399953;0.15098379785990496;2.484495226087311;2.99750477391269;6.9;7.0;0.7000000000000001;0.10144927536231885;6.466135505024899;7.333864494975102;5.482000000000001;5.390000000000001;0.8276931798679991;0.15098379785990496;4.968990452174622;5.99500954782538;46.8;38.0;28.445737817817275;0.6078149106371213;29.169149039255082;64.43085096074492;0.7138561231920261;0.6978143081454599;0.056117429635889206;0.07861168071930051;0.679074179951632;0.7486380664324201;92.3;93.0;5.000999900019995;0.05418201408472367;89.20034814858184;95.39965185141816;0.33320739503825225;0.34998807738693005;0.09731238908603862;0.29204750715351663;0.2728925514016312;0.3935222386748733;3.118189843929187;3.2118968602570357;0.7825209541955678;0.2509535959521708;2.633178331644195;3.6032013562141794;3.5714285714285716;2.5384615384615383;-1.5384615384615383;0.7674800000000002
1.25;0.75;2;100.0;100.0;0.0;0.0;100.0;100.0;316.9;315.5;40.72456261275252;0.1285091909522011;291.6586545841946;342.14134541580535;3.169;3.1550000000000002;0.4072456261275252;0.12850919095220106;2.916586545841946;3.421413454158054;58.3;52.5;27.022398117117586;0.4635059711340924;41.55134412557234;75.04865587442765;3.169;3.1550000000000002;0.4072456261275252;0.12850919095220106;2.916586545841946;3.421413454158054;7.4;7.0;0.7999999999999999;0.1081081081081081;6.904154862885599;7.895845137114402;6.338;6.3100000000000005;0.8144912522550504;0.12850919095220106;5.833173091683892;6.842826908316108;58.4;52.5;26.959970326393165;0.4616433275067323;41.69003727113672;75.10996272886328;0.7182602049148893;0.7102850733638113;0.05267065222173047;0.07333087906209661;0.6856145964489031;0.7509058133808755;95.2;96.0;3.370459909270544;0.03540399064359815;93.11096730518645;97.28903269481356;0.3060275473261408;0.30961446754947486;0.08684069707249469;0.2837675818116678;0.2522031256423641;0.3598519690099175;2.6848498562935452;2.688609662595553;0.6216327728356762;0.23153353301247348;2.299557871941656;3.0701418406454346;5.0;2.333333333333333;-1.3333333333333333;0.6338
1.25;0.85;2;100.0;100.0;0.0;0.0;100.0;100.0;373.2;367.0;51.081895031410106;0.13687538861578272;341.5391134426087;404.86088655739127;3.732;3.67;0.510818950314101;0.13687538861578266;3.4153911344260877;4.048608865573913;71.9;74.0;23.590040271267025;0.3280951359007931;57.27874155894918;86.52125844105083;3.732;3.67;0.510818950314101;0.13687538861578266;3.4153911344260877;4.048608865573913;8.5;8.0;1.118033988749895;0.1315334104411641;7.8070353544371835;9.192964645562817;7.464;7.34;1.021637900628202;0.13687538861578266;6.830782268852175;8.097217731147826;71.9;74.0;23.590040271267025;0.3280951359007931;57.27874155894918;86.52125844105083;0.732605129200503;0.7406620243331454;0.04637491094468927;0.06330137354525285;0.703861661605456;0.76134859679555;97.6;98.0;2.1999999999999997;0.022540983606557374;96.23642587293538;98.9635741270646;0.280498802658807;0.26722963617805623;0.07010101881446065;0.24991557236602574;0.23704974105141263;0.32394786426620137;2.3111065759637186;2.187474747474748;0.39033534820919963;0.16889543401797988;2.069174220646983;2.553038931280454;8.333333333333332;2.1764705882352944;-1.1764705882352942;0.44784000000000007
1.25;0.95;2;100.0;100.0;0.0;0.0;100.0;100.0;433.7;439.5;65.21357220701837;0.15036562648609264;393.2802091841138;474.1197908158862;4.337000000000001;4.395;0.6521357220701838;0.1503656264860926;3.9328020918411384;4.741197908158862;82.1;90.0;20.344286667268527;0.2477988631823207;69.49048048496692;94.70951951503307;4.337000000000001;4.395;0.6521357220701838;0.1503656264860926;3.9328020918411384;4.741197908158862;9.4;9.5;1.0198039027185568;0.10848977688495284;8.767918992533394;10.032081007466607;8.674000000000001;8.79;1.3042714441403676;0.1503656264860926;7.865604183682277;9.482395816317725;82.1;90.0;20.344286667268527;0.2477988631823207;69.49048048496692;94.70951951503307;0.7311132778401851;0.7426702033040571;0.05020732121638733;0.06867242428520387;0.6999944577493271;0.7622320979310431;99.0;100.0;1.4142135623730951;0.014284985478516112;98.12346135282009;99.87653864717991;0.2678510288414214;0.2627007127069439;0.05647258082146147;0.2108357808656972;0.2328489606156443;0.30285309706719854;2.1055757575757577;1.94989898989899;0.29886874695309945;0.1419415786289258;1.9203349890605463;2.290816526090969;24.99999999999998;2.052631578947368;-1.0526315789473684;0.17348000000000016
1.45;0.05;2;100.0;100.0;0.0;0.0;100.0;100.0;138.4;132.5;21.62960933535324;0.15628330444619393;124.99382924172603;151.80617075827396;1.384;1.325;0.21629609335353242;0.15628330444619395;1.2499382924172602;1.5180617075827396;8.2;8.5;1.7776388834631176;0.2167852296906241;7.0982080051116725;9.301791994888326;1.384;1.325;0.21629609335353242;0.15628330444619395;1.2499382924172602;1.5180617075827396;4.9;5.0;0.8306623862918074;0.16952293597791987;4.3851501189667035;5.414849881033297;2.768;2.65;0.43259218670706484;0.15628330444619395;2.4998765848345204;3.0361234151654792;9.1;9.0;1.57797338380595;0.1734036685501044;8.121961963929827;10.078038036070172;0.5911189129070249;0.5960614698290754;0.04920726572474331;0.08324427564455708;0.5606199336316372;0.6216178921824126;70.6;71.0;3.7469987990390385;0.05307363738015636;68.27758608340373;72.92241391659626;0.484183311836005;0.47459141981613895;0.04419293656784928;0.09127315107220717;0.4567922459710384;0.5115743777009716;4.372067122915357;4.187529114835071;0.9605052739288632;0.21969133751276546;3.7767397863524033;4.967394459478311;1.5263157894736843;21.0;-20.0;0.9067586206896551
1.45;0.15;2;100.0;100.0;0.0;0.0;100.0;100.0;155.6;147.0;24.220652344641753;0.15565971943857168;140.58788414646355;170.61211585353644;1.5560000000000003;1.47;0.24220652344641755;0.15565971943857165;1.405878841464636;1.7061211585353646;11.5;9.0;6.216912416947821;0.5406010797345931;7.64671776273785;15.35328223726215;1.5560000000000003;1.47;0.24220652344641755;0.15565971943857165;1.405878841464636;1.7061211585353646;5.2;5.0;0.8717797887081347;0.16764995936694896;4.659665288918063;5.740334711081937;3.1120000000000005;2.94;0.4844130468928351;0.15565971943857165;2.811757682929272;3.4122423170707292;12.3;10.0;5.831809324729333;0.47413083940888884;8.685407132193172;15.91459286780683;0.5846461115295264;0.582594783265515;0.038941361886429555;0.06660672348363493;0.5605100053745287;0.6087822176845241;75.1;75.0;4.085339643163099;0.054398663690587205;72.56788025559611;77.63211974440388;0.45541397121128774;0.46014738894139884;0.07058909789341687;0.15499985146627682;0.41166239505660873;0.49916554736596674;5.196326516734855;4.694408915112965;1.2786551793979462;0.24606905960971007;4.403807825796586;5.988845207673124;1.7058823529411764;7.666666666666667;-6.666666666666667;0.9121379310344829
1.45;0.25;2;100.0;100.0;0.0;0.0;100.0;100.0;176.9;162.0;30.385687420231257;0.1717675942353378;158.0667558185001;195.7332441814999;1.7690000000000001;1.62;0.3038568742023126;0.1717675942353378;1.5806675581850012;1.957332441814999;19.0;12.5;18.487833837418595;0.9730438861799261;7.541121869921122;30.45887813007888;1.7690000000000001;1.62;0.3038568742023126;0.1717675942353378;1.5806675581850012;1.957332441814999;5.4;5.0;0.6633249580710799;0.12283795519834813;4.988866931517301;5.811133068482699;3.5380000000000003;3.24;0.6077137484046252;0.1717675942353378;3.1613351163700023;3.914664883629998;19.5;12.5;18.227726133558185;0.9347551863363172;8.202338295027596;30.797661704972406;0.6136500203565113;0.5904617447427905;0.050719728352421646;0.0826525326650443;0.5822136070323716;0.645086433680651;79.3;78.0;5.710516614107694;0.07201155881598605;75.76058513310463;82.83941486689537;0.42702116262519374;0.452368827553428;0.10271060127958048;0.24052812897643655;0.36336047240697344;0.49068185284341403;4.758325653172561;4.610600372271865;1.0893889688617437;0.22894376052959003;4.08311537487735;5.433535931467771;1.9333333333333333;5.0;-4.0;0.915
1.45;0.35;2;100.0;100.0;0.0;0.0;100.0;100.0;205.0;196.0;38.23610858861032;0.18651760287126987;181.3010143676992;228.6989856323008;2.05;1.96;0.3823610858861033;0.18651760287126992;1.8130101436769919;2.2869898563230078;26.7;17.0;25.47959968288356;0.9542921229544404;10.907580502025665;42.49241949797433;2.05;1.96;0.3823610858861033;0.18651760287126992;1.8130101436769919;2.2869898563230078;5.7;5.5;0.7810249675906654;0.13702192413871322;5.215915709819044;6.184084290180956;4.1;3.92;0.7647221717722066;0.18651760287126992;3.6260202873539837;4.5739797126460155;27.0;17.0;25.325876095408823;0.9379954109410675;11.302859368662075;42.69714063133792;0.6404911232692776;0.6297181696862213;0.05708905624762552;0.08913325130288173;0.605106959615733;0.6758752869228222;84.4;81.5;6.151422599691879;0.07288415402478529;80.58730877200894;88.21269122799107;0.3966395815767083;0.41372894260968873;0.10301568759642374;0.25972114832039517;0.3327897969002294;0.4604893662531872;4.307917464354765;4.179452113393205;1.1581640663456676;0.26884546324963915;3.590079939007089;5.025754989702441;2.230769230769231;3.857142857142857;-2.857142857142857;0.9189655172413792
1.45;0.45;2;100.0;100.0;0.0;0.0;100.0;100.0;235.4;228.5;40.6551349770235;0.17270660567979396;210.2016862786416;260.5983137213584;2.354;2.285;0.406551349770235;0.17270660567979396;2.102016862786416;2.605983137213584;34.3;20.5;27.83900141887277;0.8116326944277776;17.045208155413754;51.55479184458624;2.354;2.285;0.406551349770235;0.17270660567979396;2.102016862786416;2.605983137213584;6.1;6.0;0.9433981132056604;0.15465542839437055;5.515275791505089;6.68472420849491;4.708;4.57;0.81310269954047;0.17270660567979396;4.204033725572832;5.211966274427168;34.3;20.5;27.83900141887277;0.8116326944277776;17.045208155413754;51.55479184458624;0.6645905745258985;0.6518472699833437;0.046104986785406636;0.06937351890417152;0.6360144076580639;0.6931667413937331;87.5;85.5;5.389805191284746;0.06159777361468281;84.15936413238437;90.84063586761563;0.376375445583337;0.4082840752374609;0.1048925653055403;0.2786913082041506;0.3113623600505783;0.4413885311160957;3.5559200878310526;3.570351633186859;0.9356453305545236;0.26312327258322166;2.9760011038069805;4.135839071855124;2.6363636363636362;3.2222222222222223;-2.2222222222222223;0.892896551724138
1.45;0.55;2;100.0;100.0;0.0;0.0;100.0;100.0;271.3;269.5;40.87554280985147;0.15066547294453175;245.9650760885295;296.63492391147054;2.7129999999999996;2.6950000000000003;0.4087554280985147;0.15066547294453178;2.4596507608852947;2.9663492391147046;42.7;31.5;29.319106398388065;0.68663012642595;24.52782958477442;60.87217041522558;2.7129999999999996;2.6950000000000003;0.4087554280985147;0.15066547294453178;2.4596507608852947;2.9663492391147046;6.8;6.5;0.9797958971132713;0.14408763192842225;6.192716211314677;7.407283788685323;5.425999999999999;5.390000000000001;0.8175108561970293;0.15066547294453178;4.919301521770589;5.932698478229409;42.7;31.5;29.319106398388065;0.68663012642595;24.52782958477442;60.87217041522558;0.7013853993631598;0.6851978272647424;0.051561491582002475;0.07351377948388861;0.6694272557840334;0.7333435429422862;92.0;91.5;4.516635916254486;0.04909386865494006;89.2005600560112;94.7994399439888;0.3596688249607186;0.3842789732879488;0.10454922814991989;0.29068192985960983;0.29486854200171625;0.424469107919721;3.24857674672798;3.293139665258716;0.8440933341829575;0.25983481382520585;2.7254022779463534;3.7717512155096062;3.2222222222222223;2.8181818181818183;-1.8181818181818181;0.8419655172413791
1.45;0.65;2;100.0;100.0;0.0;0.0;100.0;100.0;314.8;319.0;42.416506221045594;0.13474112522568485;288.5099770711397;341.0900229288603;3.148;3.19;0.424165062210456;0.13474112522568488;2.8850997707113972;3.410900229288603;52.0;43.5;26.40075756488817;0.5077068762478494;35.63664093164243;68.36335906835757;3.148;3.19;0.424165062210456;0.13474112522568488;2.8850997707113972;3.410900229288603;7.5;7.5;0.806225774829855;0.107496769977314;7.000296087667907;7.999703912332093;6.296;6.38;0.848330124420912;0.13474112522568488;5.7701995414227945;6.821800458577206;52.1;44.0;26.3531781764553;0.5058191588571075;35.76613094211908;68.43386905788093;0.7093107452960841;0.6981990220368985;0.04855601464346952;0.06845520805299661;0.679215415622809;0.7394060749693592;94.8;95.5;3.370459909270544;0.03555337457036439;92.71096730518644;96.88903269481355;0.3354911498998216;0.3514226140588086;0.08591217890434287;0.2560788233310966;0.28224222973904545;0.38874007006059774;2.796225720193761;2.808082869511441;0.5639158879956037;0.20167037443476768;2.4467070316885486;3.145744408698973;4.142857142857143;2.5384615384615383;-1.5384615384615383;0.7598620689655172
1.45;0.75;2;100.0;100.0;0.0;0.0;100.0;100.0;364.9;361.0;46.97754782872345;0.12874088196416403;335.7830141944603;394.01698580553966;3.649;3.6100000000000003;0.4697754782872345;0.128740881964164;3.357830141944603;3.940169858055397;63.7;60.5;24.310697233933872;0.38164359864888336;48.63207374586669;78.76792625413331;3.649;3.6100000000000003;0.4697754782872345;0.128740881964164;3.357830141944603;3.940169858055397;8.4;8.5;0.9165151389911681;0.1091089451179962;7.831938031549375;8.968061968450627;7.298;7.220000000000001;0.939550956574469;0.128740881964164;6.715660283889206;7.880339716110794;63.7;60.5;24.310697233933872;0.38164359864888336;48.63207374586669;78.76792625413331;0.720291194366603;0.7150853617499278;0.05151345931617579;0.07151754695748404;0.6883628214942701;0.752219567238936;97.6;98.0;2.1540659228538015;0.022070347570223376;96.26489610891136;98.93510389108863;0.31302072515275436;0.31765866735043535;0.07500028997018157;0.2396016747248329;0.26653506382289865;0.3595063864826101;2.446610595753453;2.4783529169243455;0.4073115938496931;0.16647994354175447;2.1941562543775945;2.6990649371293114;5.8;2.333333333333333;-1.3333333333333333;0.6291379310344828
1.45;0.85;2;100.0;100.0;0.0;0.0;100.0;100.0;426.7;432.0;60.66638278321859;0.14217572716948346;389.09858638827524;464.30141361172474;4.267000000000001;4.32;0.6066638278321858;0.14217572716948337;3.890985863882754;4.643014136117249;77.2;83.0;21.86229631122952;0.28319036672577097;63.6496083599034;90.75039164009661;4.267000000000001;4.32;0.6066638278321858;0.14217572716948337;3.890985863882754;4.643014136117249;9.1;9.5;1.2206555615733703;0.13413797379927148;8.343429844627744;9.856570155372255;8.534000000000002;8.64;1.2133276556643715;0.14217572716948337;7.781971727765508;9.286028272234498;77.2;83.0;21.86229631122952;0.28319036672577097;63.6496083599034;90.75039164009661;0.7338739012772274;0.743404869233447;0.0497680969843861;0.06781559733595943;0.7030273151857952;0.7647204873686596;98.9;99.0;0.9433981132056604;0.00953890913251426;98.3152757915051;99.48472420849491;0.29485016047565255;0.28707398859021016;0.06280670734819795;0.2130122881631745;0.25592215995468837;0.3337781609966167;2.174181818181818;2.046868686868687;0.3125034017160022;0.14373379406573109;1.9804902030910831;2.3678734332725533;9.666666666666664;2.1764705882352944;-1.1764705882352942;0.4414137931034485
1.45;0.95;2;100.0;100.0;0.0;0.0;100.0;100.0;499.2;497.5;78.71696132346574;0.15768622059989132;450.41072189917134;547.9892781008286;4.991999999999999;4.975;0.7871696132346574;0.15768622059989135;4.504107218991712;5.479892781008286;86.1;93.5;16.99087990658518;0.1973389071612681;75.56894352878116;96.63105647121883;4.991999999999999;4.975;0.7871696132346574;0.15768622059989135;4.504107218991712;5.479892781008286;10.0;10.0;1.0;0.1;9.380193578606997;10.619806421393003;9.983999999999998;9.95;1.5743392264693148;0.15768622059989135;9.008214437983424;10.959785562016572;86.2;93.5;16.845177351396455;0.195419690851467;75.75925090810051;96.6407490918995;0.7304171664347476;0.7405007435987285;0.04421524898120247;0.060534241270673195;0.7030122711927079;0.7578220616767873;99.6;100.0;0.66332495807108;0.00665988913725984;99.1888669315173;100.01113306848269;0.2873767045691741;0.2884592486083673;0.046645817096363916;0.1623159301179051;0.25846532760172425;0.3162880815366239;2.013030303030303;1.9243434343434345;0.19993244956571707;0.09931914550156049;1.8891108869446391;2.136949719115967;28.999999999999975;2.052631578947368;-1.0526315789473684;0.17213793103448288
1.65;0.05;2;100.0;100.0;0.0;0.0;100.0;100.0;158.0;150.5;23.043437243605826;0.14584453951649257;143.71752962544645;172.28247037455355;1.5799999999999998;1.505;0.23043437243605824;0.14584453951649257;1.4371752962544644;1.7228247037455353;9.0;9.0;2.0976176963403033;0.23306863292670035;7.699883082180683;10.300116917819317;1.5799999999999998;1.505;0.23043437243605824;0.14584453951649257;1.4371752962544644;1.7228247037455353;5.2;5.0;0.7483314773547882;0.14390989949130542;4.736179345004991;5.66382065499501;3.1599999999999997;3.01;0.4608687448721165;0.14584453951649257;2.8743505925089288;3.4456494074910706;9.9;10.0;1.7;0.1717171717171717;8.846329083631897;10.953670916368104;0.576512716748286;0.5696864468582922;0.03905942540156378;0.0677511948424508;0.5523034340684758;0.6007219994280961;76.4;76.0;4.127953488110059;0.054030804818194486;73.84146792085775;78.95853207914226;0.4726200846937189;0.46135214432860977;0.05541032607919885;0.11724073494487115;0.43827640877835133;0.5069637606090865;5.415248311523323;5.001087721451724;1.1314757198258456;0.20894253683956343;4.713952394724994;6.116544228321652;1.736842105263158;21.0;-20.0;0.9096969696969696
1.65;0.15;2;100.0;100.0;0.0;0.0;100.0;100.0;177.2;165.5;23.61694307060082;0.13327845976637032;162.56206703116862;191.83793296883135;1.7719999999999998;1.655;0.23616943070600815;0.13327845976637032;1.6256206703116862;1.9183793296883134;13.2;11.0;6.2257529665093525;0.4716479520082843;9.341238333350969;17.05876166664903;1.7719999999999998;1.655;0.23616943070600815;0.13327845976637032;1.6256206703116862;1.9183793296883134;5.4;5.0;0.6633249580710799;0.12283795519834813;4.988866931517301;5.811133068482699;3.5439999999999996;3.31;0.4723388614120163;0.13327845976637032;3.2512413406233724;3.8367586593766267;13.9;12.0;5.9236812878479554;0.42616412142791044;10.228464299506268;17.571535700493733;0.5954244076314802;0.5786947620280953;0.04519850150614202;0.07590972242124856;0.567410086160632;0.6234387291023283;80.4;79.5;4.31740662898458;0.05369908742518134;77.72404364759065;83.07595635240936;0.4551924062944165;0.4556354560572696;0.05885916748874243;0.12930612785897966;0.4187111163270477;0.49167369626178525;5.230054040702168;4.7093061893541455;1.231994166100802;0.2355605040622867;4.466456145434174;5.993651935970162;1.9411764705882353;7.666666666666667;-6.666666666666667;0.9128484848484848
1.65;0.25;2;100.0;100.0;0.0;0.0;100.0;100.0;205.7;195.5;33.24469882552705;0.16161739827674795;185.0947221906619;226.30527780933807;2.057;1.955;0.3324469882552706;0.16161739827674798;1.8509472219066192;2.263052778093381;21.5;14.5;18.494593804677084;0.8602136653338178;10.036931998805905;32.963068001194095;2.057;1.955;0.3324469882552706;0.16161739827674798;1.8509472219066192;2.263052778093381;5.5;5.0;0.806225774829855;0.1465865045145191;5.000296087667907;5.999703912332093;4.114;3.91;0.6648939765105412;0.16161739827674798;3.7018944438132384;4.526105556186762;21.8;15.0;18.356470248934027;0.8420399196758728;10.422541865601087;33.17745813439892;0.6216526864878709;0.6114286698574174;0.04691073170508054;0.07546131903669626;0.5925771137448177;0.650728259230924;85.0;82.5;5.2345009313209605;0.061582363897893656;81.75562270997962;88.24437729002038;0.4181716148784189;0.4271604938271605;0.08847935574109703;0.2115862306120943;0.3633315420293712;0.47301168772746666;4.103943811767453;4.007751004146996;0.8543678658613549;0.20818215478769012;3.5744011222747503;4.6334865012601565;2.1999999999999997;5.0;-4.0;0.935
1.65;0.35;2;100.0;100.0;0.0;0.0;100.0;100.0;233.9;228.0;39.254171752821385;0.16782459064908672;209.5700122811375;258.2299877188625;2.339;2.28;0.39254171752821376;0.1678245906490867;2.095700122811375;2.5822998771886247;28.6;18.5;25.22776248500846;0.882089597377918;12.963670814414273;44.23632918558573;2.339;2.28;0.39254171752821376;0.1678245906490867;2.095700122811375;2.5822998771886247;6.1;6.0;1.0440306508910548;0.17115256571984508;5.452903098446608;6.747096901553391;4.678;4.56;0.7850834350564275;0.1678245906490867;4.19140024562275;5.1645997543772495;28.9;18.5;25.077679318469638;0.8677397688051778;13.356693324778027;44.44330667522197;0.6535729195607296;0.640692466894889;0.0494429368064622;0.07565022253323027;0.6229278698355559;0.6842179692859033;88.1;86.0;5.3935146240647205;0.06122037030720455;84.75706500212762;91.44293499787237;0.39984224018052483;0.4188871572766975;0.09400698838714135;0.23511019832396426;0.34157610512235725;0.4581083752386924;3.7462660545115236;3.6508229962147825;0.8608228635054004;0.22978156142133457;3.2127225160289647;4.2798095929940825;2.5384615384615383;3.857142857142857;-2.857142857142857;0.9214242424242425
1.65;0.45;2;100.0;100.0;0.0;0.0;100.0;100.0;267.5;269.0;41.692325432865935;0.1558591604966951;241.6588289739029;293.3411710260971;2.675;2.6900000000000004;0.41692325432865945;0.15585916049669513;2.4165882897390287;2.933411710260971;36.7;23.5;28.37269814451914;0.7730980420849901;19.114419497781718;54.28558050221829;2.675;2.6900000000000004;0.41692325432865945;0.15585916049669513;2.4165882897390287;2.933411710260971;6.7;6.0;1.004987562112089;0.14999814359881924;6.077102255582829;7.322897744417172;5.35;5.380000000000001;0.8338465086573189;0.15585916049669513;4.8331765794780575;5.866823420521942;36.9;23.5;28.268179990936808;0.7660753385077727;19.379200520524183;54.42079947947582;0.6796071182509339;0.6732960781031938;0.04538154413965146;0.06677614598335484;0.651479345780448;0.7077348907214198;91.1;90.0;5.068530358989674;0.05563699625674725;87.95849233647282;94.24150766352717;0.3804792518297878;0.4093529431441856;0.10214346688581334;0.2684600182390721;0.31717007515061724;0.4437884285089584;3.3565628077982206;3.4338975440736696;0.7898703935717488;0.23532120171762083;2.8669960657942326;3.8461295498022086;2.9999999999999996;3.2222222222222223;-2.2222222222222223;0.8916666666666667
1.65;0.55;2;100.0;100.0;0.0;0.0;100.0;100.0;307.8;311.0;44.74326765000518;0.14536474220274587;280.067835396421;335.532164603579;3.0780000000000003;3.1100000000000003;0.44743267650005175;0.14536474220274584;2.8006783539642104;3.35532164603579;45.6;35.5;28.192906909362858;0.6182655023983082;28.12585525984176;63.074144740158246;3.0780000000000003;3.1100000000000003;0.44743267650005175;0.14536474220274584;2.8006783539642104;3.35532164603579;7.4;7.5;0.9165151389911681;0.12385339716096866;6.831938031549375;7.968061968450626;6.156000000000001;6.220000000000001;0.8948653530001035;0.14536474220274584;5.601356707928421;6.71064329207158;45.7;35.5;28.096441055763627;0.6148017736490946;28.285645415347723;63.11435458465228;0.6916735062585954;0.6748221101932033;0.05487990962754911;0.07934366305918794;0.6576585858659728;0.7256884266512179;94.5;94.0;3.721558813185679;0.0393815747427056;92.1933539499958;96.8066460500042;0.36478798513817173;0.3941497633941022;0.09078620780508809;0.24887389800050774;0.3085181105666586;0.42105785970968485;2.973957127308703;3.0273182062578234;0.6030284171182135;0.20276970759962737;2.6001962420963762;3.34771801252103;3.666666666666667;2.8181818181818183;-1.8181818181818181;0.8394545454545455
1.65;0.65;2;100.0;100.0;0.0;0.0;100.0;100.0;355.2;358.5;45.24555226759864;0.12738049624887005;327.15651616506966;383.2434838349303;3.5519999999999996;3.585;0.4524555226759863;0.12738049624887005;3.271565161650696;3.832434838349303;56.6;49.5;25.40551121312067;0.4488606221399411;40.85350101133589;72.34649898866411;3.5519999999999996;3.585;0.4524555226759863;0.12738049624887005;3.271565161650696;3.832434838349303;8.4;8.0;1.0198039027185568;0.1214052265141139;7.767918992533394;9.032081007466607;7.103999999999999;7.17;0.9049110453519726;0.12738049624887005;6.543130323301392;7.664869676698606;56.7;49.5;25.34186259926448;0.44694643032212483;40.99295083091672;72.4070491690833;0.7019646734942555;0.6977783903159755;0.04522558065137063;0.06442714620701027;0.6739335681953089;0.7299957787932021;97.0;98.0;2.3664319132398464;0.02439620529113244;95.53327030438462;98.46672969561538;0.33988620179205026;0.3615852620830497;0.0801487091142964;0.2358104232878895;0.2902095172166495;0.389562886367451;2.6107445164882574;2.653904349618635;0.46354008348210746;0.17755091720181818;2.323439396172999;2.898049636803516;4.714285714285714;2.5384615384615383;-1.5384615384615383;0.7534545454545454
1.65;0.75;2;100.0;100.0;0.0;0.0;100.0;100.0;414.3;411.5;54.96007641916085;0.13265767902283573;380.235391715154;448.36460828484604;4.143;4.115;0.5496007641916085;0.13265767902283576;3.8023539171515397;4.48364608284846;68.6;65.0;22.672450242530033;0.3305021901243445;54.54746975096655;82.65253024903345;4.143;4.115;0.5496007641916085;0.13265767902283576;3.8023539171515397;4.48364608284846;8.9;9.0;1.0440306508910548;0.1173068147068601;8.252903098446609;9.547096901553392;8.286;8.23;1.099201528383217;0.13265767902283576;7.604707834303079;8.96729216569692;68.7;65.0;22.623218161879624;0.3293044856168795;54.677984110692215;82.72201588930778;0.7231172175742038;0.7172928555929209;0.0451504627389694;0.06243864983665144;0.6951326708397251;0.7511017643086825;98.9;99.0;0.8306623862918076;0.008399013005983898;98.3851501189667;99.4148498810333;0.32127281207595765;0.3290145907956411;0.06765258860384644;0.21057676236808837;0.2793413032354346;0.3632043209164807;2.2952001649144504;2.274788703360132;0.32998495748373186;0.14377175573967052;2.0906733693029365;2.4997269605259644;6.6;2.333333333333333;-1.3333333333333333;0.6277272727272727
1.65;0.85;2;100.0;100.0;0.0;0.0;100.0;100.0;482.6;487.5;68.75201815219681;0.1424617035893013;439.9870576655402;525.2129423344599;4.826;4.875;0.6875201815219681;0.14246170358930133;4.399870576655402;5.252129423344598;80.6;87.5;20.367621363330574;0.2527000169147714;67.97601749050641;93.22398250949358;4.826;4.875;0.6875201815219681;0.14246170358930133;4.399870576655402;5.252129423344598;10.2;10.0;1.32664991614216;0.13006371726883922;9.377733863034601;11.022266136965397;9.652;9.75;1.3750403630439363;0.14246170358930133;8.799741153310803;10.504258846689195;80.6;87.5;20.367621363330574;0.2527000169147714;67.97601749050641;93.22398250949358;0.7322183211961832;0.7422501766818406;0.04340115830838455;0.059273521369258494;0.7053180045807522;0.7591186378116143;99.2;99.0;0.7483314773547882;0.0075436640862377845;98.736179345005;99.663820654995;0.3128986458318707;0.30995658271265436;0.05508422054067246;0.17604493108056074;0.2787570922233336;0.3470401994404078;2.0871919191919193;1.970909090909091;0.25150631115046684;0.12049984902578602;1.9313066925199935;2.243077145863845;10.999999999999998;2.1764705882352944;-1.1764705882352942;0.43872727272727274
1.65;0.95;2;100.0;100.0;0.0;0.0;100.0;100.0;563.6;551.5;92.27372323689988;0.16372200716270383;506.4081538119288;620.7918461880713;5.636000000000001;5.515;0.9227372323689991;0.16372200716270385;5.0640815381192885;6.2079184618807135;89.3;96.0;13.935924798878615;0.15605738856527004;80.66242432160504;97.93757567839495;5.636000000000001;5.515;0.9227372323689991;0.16372200716270385;5.0640815381192885;6.2079184618807135;10.9;11.0;1.445683229480096;0.13263148894312807;10.003956251068063;11.796043748931938;11.272000000000002;11.03;1.8454744647379981;0.16372200716270385;10.128163076238577;12.415836923761427;89.4;96.0;13.785499628232559;0.15420021955517402;80.85565880831062;97.94434119168939;0.7289557319584936;0.7295408110995832;0.03956844132580198;0.05428099346923715;0.7044309579402493;0.7534805059767379;99.9;100.0;0.30000000000000004;0.0030030030030030034;99.71405807358211;100.0859419264179;0.3054035095788761;0.30536104843513656;0.03943815495070131;0.1291345833094157;0.28095948789253916;0.329847531265213;1.9534545454545456;1.9072727272727272;0.13937482521562988;0.07134787217851492;1.8670691338053709;2.0398399571037205;32.99999999999997;2.052631578947368;-1.0526315789473684;0.17078787878787896
1.85;0.05;2;100.0;100.0;0.0;0.0;100.0;100.0;178.8;171.0;24.289092202056462;0.13584503468711667;163.7454646833587;193.85453531664132;1.7879999999999998;1.71;0.24289092202056456;0.13584503468711664;1.6374546468335869;1.9385453531664127;10.2;9.0;2.0396078054371136;0.1999615495526582;8.935837985066787;11.464162014933212;1.7879999999999998;1.71;0.24289092202056456;0.13584503468711664;1.6374546468335869;1.9385453531664127;5.5;5.0;1.02469507659596;0.18630819574472;4.86488741155603;6.13511258844397;3.5759999999999996;3.42;0.4857818440411291;0.13584503468711664;3.2749092936671738;3.8770907063328255;11.0;10.5;2.0;0.18181818181818182;9.760387157213994;12.239612842786006;0.5818096933952351;0.5825392825947149;0.03347308074318454;0.057532696899303105;0.5610628630068029;0.6025565237836674;81.3;81.0;3.551056180912941;0.04367842780950727;79.09903257634285;83.50096742365714;0.4718950381700126;0.46304785479033544;0.04460725592456836;0.09452791895747253;0.4442471745072441;0.4995429018327811;5.952484523044606;5.306918885186086;1.6536821064638518;0.27781375996220453;4.927521734515604;6.9774473115736075;1.9473684210526319;21.0;-20.0;0.918162162162162
1.85;0.15;2;100.0;100.0;0.0;0.0;100.0;100.0;200.7;195.5;25.76839149035112;0.12839258340982124;184.72858548531156;216.67141451468842;2.0069999999999997;1.955;0.25768391490351117;0.12839258340982124;1.8472858548531155;2.1667141451468837;14.1;11.5;6.456779382943171;0.45792761581157243;10.098046676933876;18.101953323066123;2.0069999999999997;1.955;0.25768391490351117;0.12839258340982124;1.8472858548531155;2.1667141451468837;5.7;5.0;1.004987562112089;0.17631360738808577;5.077102255582829;6.322897744417172;4.013999999999999;3.91;0.5153678298070223;0.12839258340982124;3.694571709706231;4.333428290293767;15.0;12.5;6.016643582596529;0.40110957217310195;11.270845672273673;18.729154327726327;0.6068062288924596;0.6076467496837867;0.027827211676535995;0.04585848060150291;0.5895587444058803;0.6240537133790389;85.1;83.5;4.414748010928823;0.051877179916907434;82.36371083399433;87.83628916600566;0.4553387927828985;0.45893950635055974;0.04987661977940909;0.10953738308694866;0.42442494356624355;0.4862526419995535;4.7737691799864415;4.182468945628889;1.4896128481648094;0.3120412386945446;3.8504975713043734;5.6970407886685095;2.1764705882352944;7.666666666666667;-6.666666666666667;0.9221351351351349
1.85;0.25;2;100.0;100.0;0.0;0.0;100.0;100.0;229.0;219.5;36.09986149557918;0.15764131657458155;206.62507403364202;251.37492596635798;2.29;2.1950000000000003;0.36099861495579166;0.1576413165745815;2.0662507403364203;2.5137492596635798;23.2;16.5;19.630588376307013;0.8461460507028885;11.032835268642081;35.36716473135792;2.29;2.1950000000000003;0.36099861495579166;0.1576413165745815;2.0662507403364203;2.5137492596635798;6.1;6.0;1.1357816691600546;0.18619371625574668;5.396035228154135;6.803964771845864;4.58;4.390000000000001;0.7219972299115833;0.1576413165745815;4.132501480672841;5.0274985193271595;23.4;16.5;19.535608513685975;0.8348550646874349;11.291704397397625;35.508295602602374;0.6224453161697523;0.6179563184276153;0.04209270498416921;0.06762474371755053;0.596355987326763;0.6485346450127416;87.7;85.0;4.754997371187496;0.05421889818913907;84.75282209563115;90.64717790436886;0.42495797203470953;0.43628923096609595;0.07883563133289566;0.18551394848631422;0.37609514150000944;0.4738208025694096;4.002427487377437;3.8347043361138016;0.7867458958324598;0.19656718286930655;3.5147973291358885;4.490057645618986;2.466666666666667;5.0;-4.0;0.9283783783783783
1.85;0.35;2;100.0;100.0;0.0;0.0;100.0;100.0;260.0;257.5;41.00731642036577;0.15772044777063757;234.5834019585626;285.4165980414374;2.6000000000000005;2.575;0.41007316420365775;0.15772044777063757;2.3458340195856264;2.8541659804143746;30.2;19.5;25.04715552712523;0.8293760108319613;14.675612166658551;45.724387833341446;2.6000000000000005;2.575;0.41007316420365775;0.15772044777063757;2.3458340195856264;2.8541659804143746;6.3;6.0;1.004987562112089;0.15952183525588715;5.677102255582828;6.922897744417171;5.200000000000001;5.15;0.8201463284073155;0.15772044777063757;4.691668039171253;5.708331960828749;30.5;20.5;24.900803199896984;0.8164197770458027;15.06632227886043;45.933677721139574;0.65257777023051;0.6408590595673913;0.04494529118612892;0.06887346341916137;0.624720390141969;0.680435150319051;90.9;90.0;4.867237409455183;0.05354496600060707;87.88325499917545;93.91674500082456;0.4082438498292557;0.42772092750919843;0.08973655628347824;0.21981116511861656;0.35262455601106135;0.46386314364745007;3.5735596516424137;3.4363827323457006;0.7843751574422753;0.21949407143148575;3.0873988922785442;4.059720411006283;2.8461538461538463;3.857142857142857;-2.857142857142857;0.9135135135135136
1.85;0.45;2;100.0;100.0;0.0;0.0;100.0;100.0;300.9;302.5;46.03140232493466;0.1529790705381677;272.3694412532807;329.43055874671927;3.0089999999999995;3.025;0.46031402324934667;0.15297907053816776;2.7236944125328066;3.2943055874671923;39.2;26.0;28.244645510255566;0.7205266711799889;21.693787342774574;56.706212657225436;3.0089999999999995;3.025;0.46031402324934667;0.15297907053816776;2.7236944125328066;3.2943055874671923;7.4;7.0;1.2;0.16216216216216214;6.656232294328397;8.143767705671603;6.017999999999999;6.05;0.9206280464986933;0.15297907053816776;5.447388825065613;6.5886111749343845;39.4;26.5;28.125433329995115;0.7138434855328709;21.967675817608253;56.832324182391744;0.6717090403161482;0.6555149346937046;0.047516861605326026;0.0707402442923228;0.6422577843687245;0.7011602962635719;94.1;93.0;3.5341194094144583;0.03755706067390498;91.90953009607527;96.29046990392472;0.39199524083601417;0.42601448430284083;0.09405119954282135;0.23992944236322086;0.3337017034196589;0.45028877825236946;3.0923727353221406;3.224081679840454;0.6028709023781603;0.19495415138413374;2.7187094787571633;3.466035991887118;3.3636363636363633;3.2222222222222223;-2.2222222222222223;0.8945675675675675
1.85;0.55;2;100.0;100.0;0.0;0.0;100.0;100.0;343.8;347.5;47.576885143943585;0.13838535527615933;314.31154107790644;373.2884589220936;3.4379999999999997;3.475;0.47576885143943587;0.13838535527615936;3.143115410779064;3.7328845892209355;49.1;38.5;26.478104161740884;0.5392689238643764;32.68870101424022;65.51129898575978;3.4379999999999997;3.475;0.47576885143943587;0.13838535527615936;3.143115410779064;3.7328845892209355;8.2;8.0;0.9797958971132711;0.11948730452600868;7.592716211314676;8.807283788685321;6.8759999999999994;6.95;0.9515377028788717;0.13838535527615936;6.286230821558128;7.465769178441871;49.2;39.0;26.422717498395198;0.5370471036259186;32.82303002384141;65.5769699761586;0.6831411642377221;0.6720277845559657;0.0474160275597167;0.06940882798744169;0.6537524058792621;0.7125299225961821;96.7;97.0;2.325940669922601;0.024053161012643237;95.25836703700283;98.14163296299718;0.36758275833624776;0.40126014289957945;0.08076751101707275;0.2197260594665606;0.31752253636793604;0.4176429803045595;2.727306958195168;2.7734343434343436;0.4405057346484547;0.16151674211984018;2.454278675199614;3.0003352411907223;4.111111111111112;2.8181818181818183;-1.8181818181818181;0.8362702702702701
1.85;0.65;2;100.0;100.0;0.0;0.0;100.0;100.0;398.4;395.0;50.80590516859236;0.12752486237096478;366.9101737318225;429.88982626817744;3.9840000000000004;3.95;0.5080590516859235;0.12752486237096472;3.669101737318226;4.298898262681775;60.0;56.5;24.576411454889016;0.4096068575814836;44.76738236546325;75.23261763453675;3.9840000000000004;3.95;0.5080590516859235;0.12752486237096472;3.669101737318226;4.298898262681775;8.8;9.0;1.16619037896906;0.1325216339737568;8.077187714548238;9.522812285451764;7.968000000000001;7.9;1.016118103371847;0.12752486237096472;7.338203474636452;8.59779652536355;60.0;56.5;24.576411454889016;0.4096068575814836;44.76738236546325;75.23261763453675;0.6981477054257693;0.6970589810232581;0.045311608373803804;0.06490261018070705;0.6700632795920408;0.7262321312594978;98.3;99.0;1.3453624047073711;0.013686290993971222;97.46613574246163;99.13386425753836;0.350095111220359;0.37486000149009063;0.07327500482570805;0.20930028005900042;0.30467879270178194;0.3955114297389361;2.4493848690991546;2.4904040404040404;0.360570455041333;0.14720857452424174;2.2259009856999397;2.6728687524983696;5.2857142857142865;2.5384615384615383;-1.5384615384615383;0.7537297297297297
1.85;0.75;2;100.0;100.0;0.0;0.0;100.0;100.0;462.5;460.0;60.760595783780786;0.13137426115412063;424.8401925655481;500.1598074344519;4.625000000000001;4.6;0.6076059578378077;0.13137426115412054;4.248401925655482;5.001598074344519;73.8;76.0;22.350838910430188;0.30285689580528713;59.94680651979479;87.6531934802052;4.625000000000001;4.6;0.6076059578378077;0.13137426115412054;4.248401925655482;5.001598074344519;9.6;9.5;1.3564659966250536;0.14129854131510977;8.759253664890533;10.440746335109466;9.250000000000002;9.2;1.2152119156756154;0.13137426115412054;8.496803851310965;10.003196148689039;73.8;76.0;22.350838910430188;0.30285689580528713;59.94680651979479;87.6531934802052;0.7234589749024183;0.7296732487913251;0.04411663526052004;0.06098014786045136;0.696115201077695;0.7508027487271416;99.3;99.5;0.7810249675906654;0.00786530682367236;98.81591570981904;99.78408429018096;0.33347203050017865;0.3369788426100885;0.06110092153365567;0.1832265256009917;0.2956012869805889;0.3713427740197684;2.1816565656565654;2.120909090909091;0.2746733976191673;0.12590129993100216;2.011412230026372;2.3519009012867587;7.4;2.333333333333333;-1.3333333333333333;0.6250000000000001
1.85;0.85;2;100.0;100.0;0.0;0.0;100.0;100.0;538.4;534.0;74.3709620752616;0.13813328765836108;492.3044001405774;584.4955998594226;5.3839999999999995;5.34;0.7437096207526158;0.13813328765836105;4.923044001405774;5.844955998594225;84.0;90.0;17.099707599839242;0.20356794761713384;73.40149142567691;94.59850857432309;5.3839999999999995;5.34;0.7437096207526158;0.13813328765836105;4.923044001405774;5.844955998594225;10.9;11.0;1.1357816691600546;0.10420015313394997;10.196035228154136;11.603964771845865;10.767999999999999;10.68;1.4874192415052316;0.13813328765836105;9.846088002811548;11.68991199718845;84.2;90.5;16.957594168985175;0.20139660533236547;73.68957424268646;94.71042575731354;0.7271137315809499;0.7303762485800376;0.038700984446140556;0.053225489720835996;0.7031266129070013;0.7511008502548986;99.7;100.0;0.45825756949558394;0.004596364789323811;99.41596901577469;99.98403098422531;0.3251369502523661;0.3276734021218508;0.046827758721936265;0.14402472153838347;0.29611280469706786;0.35416109580766436;2.0118181818181817;1.925858585858586;0.1792168169645637;0.08908201475870768;1.9007384478419307;2.1228979157944328;12.333333333333332;2.1764705882352944;-1.1764705882352942;0.43654054054054053
1.85;0.95;2;100.0;100.0;0.0;0.0;100.0;100.0;624.1;612.0;104.45041885985906;0.16736167098198854;559.3609596734706;688.8390403265295;6.241;6.12;1.0445041885985904;0.16736167098198854;5.593609596734706;6.888390403265293;91.7;98.5;11.95867885679685;0.1304108926586352;84.28793405318059;99.11206594681941;6.241;6.12;1.0445041885985904;0.16736167098198854;5.593609596734706;6.888390403265293;12.0;12.5;1.1832159566199232;0.09860132971832693;11.266635152192308;12.733364847807692;12.482;12.24;2.089008377197181;0.16736167098198854;11.187219193469412;13.776780806530587;91.8;98.5;11.82201336490532;0.1287801020142192;84.47264020263779;99.1273597973622;0.7296814455497467;0.7196148203333405;0.04309437341035601;0.05905916023106279;0.7029712761841002;0.7563916149153932;100.0;100.0;0.0;0.0;100.0;100.0;0.32387804397996406;0.3208290745037401;0.03763621117781667;0.11620488599759773;0.3005508786150502;0.3472052093448779;1.9198383838383837;1.8876767676767676;0.10936078850783218;0.05696353892517987;1.8520558648726273;1.98762090280414;36.99999999999997;2.052631578947368;-1.0526315789473684;0.1686756756756758
2.05;0.05;2;100.0;100.0;0.0;0.0;100.0;100.0;199.7;193.0;23.422425151977748;0.11728805784665873;185.18263048620722;214.21736951379276;1.9969999999999999;1.93;0.23422425151977747;0.11728805784665873;1.8518263048620722;2.1421736951379278;11.0;10.5;2.04939015319192;0.18630819574472;9.72977482311206;12.27022517688794;1.9969999999999999;1.93;0.23422425151977747;0.11728805784665873;1.8518263048620722;2.1421736951379278;5.8;5.5;0.9797958971132713;0.16893032708849506;5.192716211314677;6.407283788685323;3.9939999999999998;3.86;0.46844850303955493;0.11728805784665873;3.7036526097241445;4.2843473902758555;11.8;11.5;1.8330302779823358;0.15534154898155386;10.66387606309875;12.936123936901252;0.5793617923446495;0.5791250099668668;0.02324315952663336;0.04011855775398893;0.5649555328165802;0.5937680518727187;85.6;83.5;4.223742416388575;0.04934278523818429;82.98209732801236;88.21790267198763;0.4711734483313334;0.4702936618116338;0.04182503327338866;0.08876780604151727;0.4452500241335111;0.4970968725291557;4.839178917818373;4.347755721750483;0.7958634191454931;0.16446249098479065;4.3458976600802055;5.33246017555654;2.1578947368421053;21.0;-20.0;0.9254390243902438
2.05;0.15;2;100.0;100.0;0.0;0.0;100.0;100.0;224.7;221.0;27.495636017375556;0.12236598138573902;207.6580282361459;241.74197176385408;2.2470000000000003;2.21;0.2749563601737555;0.12236598138573898;2.0765802823614594;2.4174197176385412;16.0;13.5;6.434283176858165;0.4021426985536353;12.011989969922343;19.988010030077657;2.2470000000000003;2.21;0.2749563601737555;0.12236598138573898;2.0765802823614594;2.4174197176385412;6.2;6.0;1.077032961426901;0.17371499377853242;5.532448054455685;6.8675519455443155;4.494000000000001;4.42;0.549912720347511;0.12236598138573898;4.153160564722919;4.8348394352770825;16.4;14.5;6.232174580353154;0.38001064514348504;12.537258175854873;20.262741824145124;0.5924760432925558;0.5912985853156132;0.03088802235123189;0.052133791232432745;0.5733314486951316;0.6116206378899799;88.6;86.5;4.24735211631906;0.047938511470869756;85.96746388438828;91.23253611561171;0.4522634608915868;0.44344166818929287;0.04176131164387914;0.09233846033361039;0.4263795317689162;0.47814739001425743;4.244217284974415;4.023135453256009;0.6801265429525386;0.16024781421072756;3.8226704862926075;4.665764083656222;2.411764705882353;7.666666666666667;-6.666666666666667;0.9316829268292685
2.05;0.25;2;100.0;100.0;0.0;0.0;100.0;100.0;256.8;250.0;37.74864235969288;0.1469962708710782;233.40314906659447;280.1968509334055;2.568;2.5;0.3774864235969288;0.1469962708710782;2.3340314906659447;2.8019685093340554;24.8;17.0;20.143485299222675;0.8122373104525272;12.314938462306245;37.28506153769376;2.568;2.5;0.3774864235969288;0.1469962708710782;2.3340314906659447;2.8019685093340554;6.7;6.5;0.7810249675906654;0.11657089068517394;6.215915709819044;7.184084290180956;5.136;5.0;0.7549728471938576;0.1469962708710782;4.6680629813318895;5.603937018668111;25.2;17.0;19.943921379708655;0.7914254515757403;12.838629461099387;37.56137053890061;0.6148801060112403;0.6066389805396004;0.038162548069817566;0.062065023240676996;0.5912267136608482;0.6385334983616324;91.5;91.0;4.272001872658765;0.04668854505637995;88.85218580712316;94.14781419287684;0.42860615386020307;0.4431673165544133;0.07269066035641518;0.16959779905569072;0.3835520157959992;0.47366029192440695;3.7144591825880857;3.626054532874374;0.6700400915448735;0.18038698464792835;3.299164031257818;4.129754333918354;2.733333333333333;5.0;-4.0;0.9395121951219514
2.05;0.35;2;100.0;100.0;0.0;0.0;100.0;100.0;291.8;288.0;44.696308572408974;0.15317446392189504;264.0969409342578;319.5030590657422;2.918;2.88;0.4469630857240898;0.15317446392189507;2.640969409342578;3.195030590657422;32.3;21.5;24.584751371531095;0.7611378133600959;17.062213231574603;47.53778676842539;2.918;2.88;0.4469630857240898;0.15317446392189507;2.640969409342578;3.195030590657422;7.3;7.0;1.1874342087037917;0.16266222037038242;6.564020652463672;8.035979347536328;5.836;5.76;0.8939261714481797;0.15317446392189507;5.281938818685156;6.390061181314844;32.6;22.0;24.422121120001027;0.7491448196319332;17.463012505785702;47.736987494214304;0.6424386779855009;0.629191036454809;0.04301482098547139;0.06695552814527488;0.6157778157236353;0.6690995402473665;93.6;94.0;3.6110940170535573;0.03858006428476023;91.36182073997635;95.83817926002364;0.4175307032584869;0.4406792161123182;0.07908359402206781;0.18940785289533155;0.36851418385677204;0.46654722266020177;3.314628104507823;3.2405569883241068;0.6418253882409563;0.193634208123707;2.9168206074630216;3.7124356015526248;3.1538461538461533;3.857142857142857;-2.857142857142857;0.9252195121951221
2.05;0.45;2;100.0;100.0;0.0;0.0;100.0;100.0;331.5;339.5;46.40958952630372;0.13999876176863868;302.7350383973835;360.2649616026165;3.315;3.395;0.4640958952630372;0.13999876176863868;3.027350383973835;3.6026496160261647;42.3;32.0;27.188416651213803;0.6427521666953618;25.44844477206925;59.15155522793074;3.315;3.395;0.4640958952630372;0.13999876176863868;3.027350383973835;3.6026496160261647;7.8;8.0;0.9797958971132712;0.12561485860426555;7.192716211314677;8.407283788685323;6.63;6.79;0.9281917905260744;0.13999876176863868;6.05470076794767;7.2052992320523295;42.5;32.0;27.02683851285607;0.6359256120672017;25.748591939780106;59.251408060219894;0.658158187989979;0.6458381367046033;0.049564749438130516;0.07530826227278536;0.6274376380134905;0.6888787379664676;95.5;94.5;2.7294688127912363;0.0285808252648297;93.80825770284005;97.19174229715995;0.3919565279886677;0.4220938165800876;0.08359547335874119;0.2132774106039589;0.34014351680153226;0.44376953917580314;2.9534551252203842;3.07992784992785;0.53312094331495;0.1805075481805971;2.6230233411746835;3.283886909266085;3.7272727272727266;3.2222222222222223;-2.2222222222222223;0.8893902439024391
2.05;0.55;2;100.0;100.0;0.0;0.0;100.0;100.0;381.9;382.0;49.67182299855724;0.1300649986869789;351.11308514319757;412.6869148568024;3.819;3.8200000000000003;0.4967182299855724;0.1300649986869789;3.511130851431976;4.126869148568024;51.8;43.5;25.509998039984243;0.49247100463290044;35.98873940509486;67.61126059490513;3.819;3.8200000000000003;0.4967182299855724;0.1300649986869789;3.511130851431976;4.126869148568024;8.7;8.5;1.004987562112089;0.11551581173702173;8.077102255582828;9.32289774441717;7.638;7.640000000000001;0.9934364599711448;0.1300649986869789;7.022261702863952;8.253738297136048;52.0;44.0;25.365330670030698;0.48779482057751344;36.278405169958106;67.7215948300419;0.6771383403558476;0.6648265539179072;0.04807568247788386;0.07099831690614251;0.6473407236432042;0.7069359570684911;98.0;98.0;1.4142135623730951;0.014430750636460155;97.12346135282009;98.87653864717991;0.3745233033040026;0.4026516223643722;0.07263725210965141;0.19394588125452736;0.3295022680140982;0.41954433859390694;2.6075622753943817;2.6379797979797983;0.4021455552384673;0.1542227999818891;2.3583098779229252;2.856814672865838;4.555555555555555;2.8181818181818183;-1.8181818181818181;0.8383170731707318
2.05;0.65;2;100.0;100.0;0.0;0.0;100.0;100.0;439.9;428.5;55.042619850439536;0.12512530086483187;405.7842307664036;474.01576923359636;4.398999999999999;4.285;0.5504261985043952;0.12512530086483187;4.0578423076640355;4.740157692335963;63.5;59.5;23.32916629457641;0.36738844558388045;49.04043292487635;77.95956707512366;4.398999999999999;4.285;0.5504261985043952;0.12512530086483187;4.0578423076640355;4.740157692335963;9.3;9.5;1.0049875621120892;0.10806317872173;8.67710225558283;9.922897744417172;8.797999999999998;8.57;1.1008523970087905;0.12512530086483187;8.115684615328071;9.480315384671925;63.6;59.5;23.268863315598377;0.36586263074840214;49.17780909847606;78.02219090152394;0.6975188238173058;0.6976777777157934;0.04282321200481227;0.06139362916466399;0.6709767220320493;0.7240609256025623;99.2;99.0;0.7483314773547882;0.0075436640862377845;98.736179345005;99.663820654995;0.35940021543524037;0.37539650393128543;0.06681234857481601;0.18589957853504624;0.3179894927602218;0.4008109381102589;2.3345656565656565;2.37;0.3058142082479654;0.13099404910198326;2.145020046540351;2.524111266590962;5.857142857142857;2.5384615384615383;-1.5384615384615383;0.7510487804878048
2.05;0.75;2;100.0;100.0;0.0;0.0;100.0;100.0;511.9;506.0;66.40399084392443;0.12972063067771916;470.7423800688135;553.0576199311864;5.118999999999999;5.0600000000000005;0.6640399084392443;0.1297206306777192;4.707423800688134;5.530576199311864;76.9;81.0;20.738611332488006;0.2696828521779975;64.04607552535025;89.75392447464976;5.118999999999999;5.0600000000000005;0.6640399084392443;0.1297206306777192;4.707423800688134;5.530576199311864;10.4;10.5;1.1135528725660042;0.10707239159288502;9.709812779022968;11.090187220977032;10.237999999999998;10.120000000000001;1.3280798168784886;0.1297206306777192;9.414847601376268;11.061152398623728;76.9;81.0;20.738611332488006;0.2696828521779975;64.04607552535025;89.75392447464976;0.7175172004682041;0.7237362678533485;0.03182179088316729;0.04434986487069927;0.6977938501385917;0.7372405507978165;99.6;100.0;0.66332495807108;0.00665988913725984;99.1888669315173;100.01113306848269;0.34689166172975494;0.35118039489646685;0.05754790774555603;0.16589590957187256;0.3112230989713272;0.38256022448818267;2.1073333333333335;2.061919191919192;0.21971054503512732;0.10425998657155677;1.9711553266728052;2.2435113399938618;8.2;2.333333333333333;-1.3333333333333333;0.6242682926829267
2.05;0.85;2;100.0;100.0;0.0;0.0;100.0;100.0;593.9;586.0;88.16059210327481;0.14844349571186194;539.257498900581;648.5425010994189;5.939;5.859999999999999;0.881605921032748;0.14844349571186194;5.39257498900581;6.48542501099419;87.5;95.0;15.187165634179408;0.17356760724776465;78.08689721717647;96.91310278282353;5.939;5.859999999999999;0.881605921032748;0.14844349571186194;5.39257498900581;6.48542501099419;11.6;12.0;1.2;0.10344827586206896;10.856232294328397;12.343767705671603;11.878;11.719999999999999;1.763211842065496;0.14844349571186194;10.78514997801162;12.97085002198838;87.5;95.0;15.187165634179408;0.17356760724776465;78.08689721717647;96.91310278282353;0.7280033397476939;0.7277394087669198;0.032424000434390796;0.044538257812976614;0.707906736071209;0.7480999434241788;100.0;100.0;0.0;0.0;100.0;100.0;0.33917311223563607;0.338937039708789;0.04279879672229825;0.12618570039409358;0.3126461431992618;0.3657000812720103;1.95589898989899;1.9018181818181819;0.13074906199483546;0.06684857585697093;1.8748598816834792;2.0369380981145007;13.666666666666664;2.1764705882352944;-1.1764705882352942;0.43456097560975615
2.05;0.95;2;100.0;100.0;0.0;0.0;100.0;100.0;685.0;670.5;115.34296684236972;0.16838389320053973;613.5096884885791;756.4903115114209;6.85;6.705;1.153429668423697;0.16838389320053973;6.13509688488579;7.564903115114209;93.8;98.5;9.368030742904295;0.09987239597978993;87.99363438974086;99.60636561025913;6.85;6.705;1.153429668423697;0.16838389320053973;6.13509688488579;7.564903115114209;12.8;13.0;1.7204650534085253;0.13441133229754104;11.733644712115142;13.86635528788486;13.7;13.41;2.306859336847394;0.16838389320053973;12.27019376977158;15.129806230228418;94.0;99.0;9.2951600308978;0.09888468117976384;88.23880012497396;99.76119987502604;0.7264859031737163;0.7181044760964972;0.03975886943967165;0.054727654405930796;0.7018431005876818;0.7511287057597508;100.0;100.0;0.0;0.0;100.0;100.0;0.3367753601832374;0.3363390495590449;0.035696456121865436;0.10599485693502997;0.3146504674579316;0.35890025290854316;1.8873333333333335;1.8661616161616161;0.07776739009735918;0.041204904678925736;1.8391326055760158;1.9355340610906513;40.99999999999996;2.052631578947368;-1.0526315789473684;0.1670731707317075
2.25;0.05;2;100.0;100.0;0.0;0.0;100.0;100.0;221.4;217.0;25.761211151652013;0.11635596726130087;205.43303590534506;237.36696409465495;2.214;2.17;0.25761211151652014;0.11635596726130087;2.0543303590534507;2.373669640946549;11.9;11.0;1.9723082923316018;0.1657401926329077;10.677550655446208;13.122449344553793;2.214;2.17;0.25761211151652014;0.11635596726130087;2.0543303590534507;2.373669640946549;6.2;6.0;0.8717797887081347;0.1406096433400217;5.659665288918063;6.740334711081937;4.428;4.34;0.5152242230330403;0.11635596726130087;4.1086607181069015;4.747339281893098;13.1;12.5;1.972308292331602;0.15055788491080932;11.877550655446207;14.322449344553792;0.5732847165184451;0.5744749523564459;0.021260961641165928;0.037086217421395125;0.5601070359682602;0.5864623970686301;88.8;89.5;3.6000000000000005;0.04054054054054055;86.5686968829852;91.0313031170148;0.46653867952694733;0.463905160390516;0.031003037725236268;0.06645330620104678;0.4473227976621564;0.4857545613917383;4.397034238326122;4.143434892352877;0.6281510655092893;0.142857897269505;4.007702174318608;4.7863663023336365;2.368421052631579;21.0;-20.0;0.9347999999999999
2.25;0.15;2;100.0;100.0;0.0;0.0;100.0;100.0;247.8;242.5;30.32754523531372;0.12238718819739193;229.00279271806582;266.59720728193423;2.4779999999999993;2.425;0.3032754523531372;0.12238718819739196;2.2900279271806574;2.6659720728193412;17.2;14.5;6.80881781221968;0.39586150071044657;12.979850997891187;21.42014900210881;2.4779999999999993;2.425;0.3032754523531372;0.12238718819739196;2.2900279271806574;2.6659720728193412;6.7;6.5;0.7810249675906654;0.11657089068517394;6.215915709819044;7.184084290180956;4.955999999999999;4.85;0.6065509047062744;0.12238718819739196;4.580055854361315;5.3319441456386825;17.6;15.0;6.606057825965498;0.37534419465713054;13.50552293937309;21.694477060626912;0.5878135187544771;0.5806738162230587;0.02681898669499149;0.045624991326872616;0.5711909385856678;0.6044360989232863;91.2;91.5;3.5721142198983507;0.03916791907783279;88.98598066855774;93.41401933144226;0.4543927737241079;0.4510467892617168;0.033387865493928366;0.07347798518072464;0.43369876029436527;0.47508678715385055;3.9546785211823723;3.737209989443127;0.5850130553100994;0.1479293581454484;3.592083672902433;4.3172733694623115;2.6470588235294117;7.666666666666667;-6.666666666666667;0.9361333333333332
2.25;0.25;2;100.0;100.0;0.0;0.0;100.0;100.0;283.2;276.0;39.36953136627359;0.13901670680181352;258.7985116519504;307.6014883480496;2.832;2.76;0.3936953136627359;0.13901670680181352;2.587985116519504;3.0760148834804957;26.4;18.0;20.895932618574363;0.7915125991884229;13.448566782012115;39.35143321798788;2.832;2.76;0.3936953136627359;0.13901670680181352;2.587985116519504;3.0760148834804957;7.1;7.0;1.1357816691600546;0.1599692491774725;6.396035228154135;7.803964771845864;5.664;5.52;0.7873906273254718;0.13901670680181352;5.175970233039008;6.152029766960991;27.0;19.0;20.600970850908944;0.7629989204040349;14.231385979676574;39.768614020323426;0.6164712631355067;0.6055655376850269;0.04321799997709885;0.07010545756388176;0.5896844692299382;0.6432580570410752;93.4;93.5;3.583294573433783;0.038365038259462345;91.17905101364305;95.62094898635696;0.43335344269071446;0.44764255803132913;0.06849987368422543;0.15806929618213272;0.390896781116622;0.4758101042648069;3.493205399273202;3.423662837886649;0.5753105796575297;0.16469417451868965;3.136624207706135;3.8497865908402695;3.0;5.0;-4.0;0.944
2.25;0.35;2;100.0;100.0;0.0;0.0;100.0;100.0;319.2;314.5;45.336078348264756;0.14203032063992718;291.10040751896923;347.29959248103074;3.1919999999999993;3.145;0.4533607834826475;0.1420303206399272;2.911004075189692;3.4729959248103066;34.0;23.0;24.819347291981714;0.7299808027053445;18.61680917364671;49.383190826353285;3.1919999999999993;3.145;0.4533607834826475;0.1420303206399272;2.911004075189692;3.4729959248103066;7.5;7.0;1.02469507659596;0.13662601021279466;6.86488741155603;8.13511258844397;6.383999999999999;6.29;0.906721566965295;0.1420303206399272;5.822008150379384;6.945991849620613;34.4;23.5;24.61787968123981;0.7156360372453433;19.14168009248725;49.65831990751275;0.6310410237555819;0.625463088020578;0.051610776034191654;0.08178672081734865;0.5990523333565139;0.66302971415465;95.2;94.5;2.891366458960192;0.030371496417649076;93.40791250213613;96.99208749786388;0.41746510933367276;0.43836760032944716;0.07406388184222233;0.1774133458971881;0.37155983977457074;0.46337037889277477;3.1600794770730474;3.197745156091731;0.5532016251565669;0.1750594025150777;2.8172015574759626;3.502957396670132;3.4615384615384612;3.857142857142857;-2.857142857142857;0.9221333333333332
2.25;0.45;2;100.0;100.0;0.0;0.0;100.0;100.0;367.2;369.5;48.823764705315384;0.13296232218223145;336.9387171190645;397.46128288093547;3.6720000000000006;3.6950000000000003;0.4882376470531538;0.13296232218223142;3.369387171190646;3.9746128288093554;45.0;35.5;26.347675419285096;0.5855038982063354;28.669541586348533;61.33045841365147;3.6720000000000006;3.6950000000000003;0.4882376470531538;0.13296232218223142;3.369387171190646;3.9746128288093554;8.2;8.5;0.8717797887081348;0.10631460837904083;7.659665288918062;8.740334711081935;7.344000000000001;7.390000000000001;0.9764752941063076;0.13296232218223142;6.738774342381292;7.949225657618711;45.2;35.5;26.19847323795797;0.5796122397778312;28.962018056420934;61.437981943579075;0.6583202241693464;0.6579408941864039;0.04855010186643745;0.07374845870441983;0.6282285592732442;0.6884118890654487;97.6;97.5;1.624807680927192;0.016647619681631066;96.59293376583265;98.60706623416733;0.3946231332078077;0.42284844408821737;0.07486401362346007;0.18971014956702206;0.34822193683273395;0.4410243295828814;2.8128967308260386;2.861502782931354;0.49800911090238004;0.1770449321671806;2.5042274859765237;3.1215659756755536;4.090909090909091;3.2222222222222223;-2.2222222222222223;0.8976000000000002
2.25;0.55;2;100.0;100.0;0.0;0.0;100.0;100.0;417.2;411.0;54.164194815394424;0.1298278878604852;383.628684243837;450.771315756163;4.172;4.109999999999999;0.5416419481539442;0.12982788786048519;3.8362868424383696;4.50771315756163;54.4;47.5;24.763683086326235;0.4552147626162911;39.051310205753715;69.74868979424627;4.172;4.109999999999999;0.5416419481539442;0.12982788786048519;3.8362868424383696;4.50771315756163;9.0;9.0;0.8944271909999159;0.09938079899999065;8.445628283549746;9.554371716450254;8.344;8.219999999999999;1.0832838963078883;0.12982788786048519;7.672573684876739;9.01542631512326;54.5;47.5;24.711333432253305;0.4534189620596937;39.18375685750582;69.81624314249417;0.6755669124821008;0.6720091722600957;0.042899540715682465;0.06350154207236888;0.6489775016717102;0.7021563232924913;98.8;99.0;0.8717797887081347;0.008823682071944682;98.25966528891806;99.34033471108194;0.3827352029194821;0.4038259140936421;0.06881856612165829;0.1798072547200107;0.34008101372621935;0.42538939211274485;2.5061958359101215;2.5415151515151515;0.3501154348261976;0.1396999507418995;2.289192041176041;2.723199630644202;5.000000000000001;2.8181818181818183;-1.8181818181818181;0.8343999999999998
2.25;0.65;2;100.0;100.0;0.0;0.0;100.0;100.0;482.3;467.0;60.58886036228112;0.12562484006278482;444.74663528257423;519.8533647174258;4.823;4.67;0.6058886036228112;0.1256248400627848;4.447466352825742;5.1985336471742585;66.8;64.5;22.0081802973349;0.3294637769062111;53.15918852853687;80.44081147146312;4.823;4.67;0.6058886036228112;0.1256248400627848;4.447466352825742;5.1985336471742585;9.8;10.0;0.8717797887081347;0.08895712129674843;9.259665288918065;10.340334711081937;9.646;9.34;1.2117772072456223;0.1256248400627848;8.894932705651485;10.397067294348517;66.8;64.5;22.0081802973349;0.3294637769062111;53.15918852853687;80.44081147146312;0.7004303395830359;0.6978721645894743;0.031404432546095803;0.04483591125534449;0.6809656706307623;0.7198950085353095;99.4;100.0;0.8;0.008048289738430584;98.9041548628856;99.8958451371144;0.36642843065392683;0.37544655883131706;0.05899957120027578;0.1610125368683466;0.32986011756456224;0.4029967437432914;2.2391919191919194;2.2687878787878786;0.24011706834279786;0.10723380442952447;2.090365818346991;2.388018020036848;6.428571428571429;2.5384615384615383;-1.5384615384615383;0.7502444444444445
2.25;0.75;2;100.0;100.0;0.0;0.0;100.0;100.0;559.5;553.0;72.66120010019102;0.12986809669381774;514.4641215917798;604.5358784082202;5.595;5.529999999999999;0.7266120010019103;0.12986809669381774;5.144641215917797;6.045358784082202;80.6;85.5;18.77338541659442;0.23292041459794566;68.96413516750903;92.23586483249096;5.595;5.529999999999999;0.7266120010019103;0.12986809669381774;5.144641215917797;6.045358784082202;10.9;11.0;1.2206555615733703;0.11198674876819911;10.143429844627745;11.656570155372256;11.19;11.059999999999999;1.4532240020038205;0.12986809669381774;10.289282431835595;12.090717568164404;80.7;85.5;18.638937737972086;0.2309657712264199;69.14746670206054;92.25253329793946;0.7180862179704601;0.7252712979836355;0.026832305096570194;0.037366411476893145;0.7014553829708298;0.7347170529700905;99.7;100.0;0.6403124237432849;0.006422391411667852;99.3031302480662;100.09686975193381;0.35561779299995566;0.3542893709470262;0.04996975514313273;0.14051534013974087;0.324646217886806;0.38658936811310535;2.0392525252525253;1.9706060606060607;0.17040468226903363;0.08356232499843638;1.933634608946744;2.1448704415583064;9.0;2.333333333333333;-1.3333333333333333;0.6216666666666666
2.25;0.85;2;100.0;100.0;0.0;0.0;100.0;100.0;644.0;630.5;99.62630174808257;0.1546992263168984;582.2509784369015;705.7490215630985;6.4399999999999995;6.305;0.9962630174808257;0.15469922631689842;5.822509784369015;7.057490215630984;89.1;96.0;13.590069904161641;0.15252603708374457;80.67678740622083;97.52321259377916;6.4399999999999995;6.305;0.9962630174808257;0.15469922631689842;5.822509784369015;7.057490215630984;12.2;12.0;1.2489995996796797;0.10237701636718687;11.425862027801244;12.974137972198754;12.879999999999999;12.61;1.9925260349616514;0.15469922631689842;11.64501956873803;14.114980431261968;89.1;96.0;13.590069904161641;0.15252603708374457;80.67678740622083;97.52321259377916;0.7267497706498474;0.7175721901694361;0.030645226881519976;0.042167508156373455;0.7077556622436358;0.7457438790560589;100.0;100.0;0.0;0.0;100.0;100.0;0.35159807137588855;0.35020758026001353;0.03889014512017467;0.1106096656559807;0.32749370970149855;0.37570243305027856;1.9294343434343435;1.8883838383838385;0.1117819984707926;0.05793511391106656;1.8601511429860036;1.9987175438826834;14.999999999999998;2.1764705882352944;-1.1764705882352942;0.42933333333333334
2.25;0.95;2;100.0;100.0;0.0;0.0;100.0;100.0;738.9;729.0;123.1068235314355;0.16660823322700705;662.5976002579212;815.2023997420788;7.389;7.29;1.231068235314355;0.16660823322700702;6.625976002579211;8.15202399742079;95.5;99.0;6.989277502002621;0.0731861518534306;91.16800092336113;99.83199907663887;7.389;7.29;1.231068235314355;0.16660823322700702;6.625976002579211;8.15202399742079;13.6;13.0;1.5620499351813308;0.11485661288098022;12.631831419638088;14.568168580361911;14.778;14.58;2.46213647062871;0.16660823322700702;13.251952005158422;16.30404799484158;95.6;99.0;6.8585712797928995;0.07174237740369142;91.34901347920274;99.85098652079725;0.7263885315962509;0.7139520030123079;0.03358736989403599;0.046238849366505255;0.7055708640582254;0.7472061991342764;100.0;100.0;0.0;0.0;100.0;100.0;0.35053830161186983;0.3478180507550413;0.03324554078216824;0.09484139287859916;0.32993250195239904;0.3711441012713406;1.866040404040404;1.854949494949495;0.05685757646639968;0.030469638461895057;1.8307997130416858;1.9012810950391221;44.99999999999996;2.052631578947368;-1.0526315789473684;0.16420000000000015
2.45;0.05;2;100.0;100.0;0.0;0.0;100.0;100.0;241.4;238.5;30.25623902602569;0.12533653283357782;222.64698876446772;260.1530112355323;2.414;2.385;0.3025623902602569;0.12533653283357782;2.2264698876446776;2.6015301123553227;12.7;12.0;2.1;0.16535433070866143;11.398406515074694;14.001593484925305;2.414;2.385;0.3025623902602569;0.12533653283357782;2.2264698876446776;2.6015301123553227;6.7;6.5;0.7810249675906654;0.11657089068517394;6.215915709819044;7.184084290180956;4.828;4.77;0.6051247805205138;0.12533653283357782;4.452939775289355;5.203060224710645;14.1;13.5;2.1656407827707715;0.15359154487735968;12.757721936408107;15.442278063591893;0.571837553375137;0.5736176224370042;0.022132547003435338;0.03870425590764925;0.5581196586206253;0.5855554481296487;90.3;91.0;3.0675723300355937;0.033970900664846;88.39869897175645;92.20130102824355;0.4718216974536252;0.47153816647487534;0.02743217690410802;0.05814098218067705;0.45481905805567024;0.4888243368515801;4.157888980530528;3.963044130510508;0.5161387574875493;0.1241348097326284;3.837982864309939;4.477795096751116;2.578947368421053;21.0;-20.0;0.9360408163265305
2.45;0.15;2;100.0;100.0;0.0;0.0;100.0;100.0;270.4;264.5;33.416163753489116;0.1235804872540278;249.68844712726732;291.1115528727326;2.7039999999999997;2.6449999999999996;0.33416163753489114;0.1235804872540278;2.4968844712726734;2.911115528727326;18.0;15.0;7.416198487095663;0.41201102706087017;13.403392555373038;22.59660744462696;2.7039999999999997;2.6449999999999996;0.33416163753489114;0.1235804872540278;2.4968844712726734;2.911115528727326;7.1;7.0;0.8306623862918076;0.11699470229462079;6.585150118966703;7.6148498810332965;5.4079999999999995;5.289999999999999;0.6683232750697823;0.1235804872540278;4.993768942545347;5.822231057454652;19.1;17.0;6.963476143421473;0.36457990279693575;14.783992771090393;23.41600722890961;0.5880437827370301;0.5841556806268564;0.03293758048118394;0.0560121226482101;0.5676288588496434;0.6084587066244167;93.2;94.0;2.821347195933177;0.030271965621600613;91.45131089098147;94.94868910901853;0.4589472306377152;0.45691294536737576;0.03071306476367774;0.06692068872711444;0.43991107587652856;0.47798338539890184;3.7426849239547684;3.669200006209442;0.42274766812392095;0.11295304753498134;3.4806632046226444;4.004706643286893;2.882352941176471;7.666666666666667;-6.666666666666667;0.9381224489795916
2.45;0.25;2;100.0;100.0;0.0;0.0;100.0;100.0;307.6;298.5;44.598654688230226;0.14498912447409046;279.9574674387458;335.2425325612542;3.0759999999999996;2.9850000000000003;0.44598654688230216;0.14498912447409046;2.7995746743874577;3.3524253256125416;28.1;18.0;21.723029254687294;0.773061539312715;14.635926975836773;41.56407302416323;3.0759999999999996;2.9850000000000003;0.44598654688230216;0.14498912447409046;2.7995746743874577;3.3524253256125416;7.4;7.0;1.0198039027185568;0.13781133820521038;6.767918992533394;8.032081007466607;6.151999999999999;5.970000000000001;0.8919730937646043;0.14498912447409046;5.599149348774915;6.704850651225083;28.7;19.0;21.443180734210117;0.7471491545020946;15.409378885845856;41.990621114154145;0.615991550319111;0.6169788617689329;0.045247006912851245;0.07345394086885004;0.5879471648857122;0.6440359357525098;95.3;95.0;3.1638584039112754;0.033198933934011285;93.33902024487757;97.26097975512242;0.4348274516296888;0.4475963833250688;0.06360182536084484;0.14626911231678613;0.3954066318587208;0.47424827140065673;3.3297337227867834;3.324770553807821;0.531991739536248;0.15977005485321616;3.0000018264941835;3.6594656190793833;3.266666666666667;5.0;-4.0;0.9416326530612242
2.45;0.35;2;100.0;100.0;0.0;0.0;100.0;100.0;345.4;341.5;49.0187719144411;0.14191885325547512;315.01785039863046;375.7821496013695;3.4539999999999997;3.415;0.49018771914441117;0.14191885325547515;3.150178503986304;3.7578214960136953;35.8;25.0;25.118917174114017;0.7016457311205033;20.231133837045164;51.36886616295483;3.4539999999999997;3.415;0.49018771914441117;0.14191885325547515;3.150178503986304;3.7578214960136953;8.0;8.0;0.7745966692414834;0.09682458365518543;7.5199000104144975;8.480099989585502;6.9079999999999995;6.83;0.9803754382888223;0.14191885325547515;6.300357007972608;7.515642992027391;36.2;25.0;24.858801258306883;0.6867072170803006;20.79235535196895;51.607644648031055;0.6295143065011615;0.6273035811008096;0.0508498843435967;0.08077637603856884;0.5979972216579087;0.6610313913444142;96.9;97.0;2.118962010041709;0.021867513003526406;95.58665373948833;98.21334626051168;0.41812613605503257;0.44121508900125217;0.0693190611500817;0.165785047077177;0.3751617368292777;0.4610905352807874;3.061820362259243;3.078008658008658;0.5189543606237621;0.169492099216702;2.7401691171347355;3.3834716073837505;3.769230769230769;3.857142857142857;-2.857142857142857;0.9163673469387754
2.45;0.45;2;100.0;100.0;0.0;0.0;100.0;100.0;397.7;390.0;53.113181038231936;0.13355087009864705;364.7801093318948;430.6198906681052;3.9770000000000003;3.9000000000000004;0.5311318103823193;0.13355087009864702;3.6478010933189484;4.306198906681052;47.1;37.5;25.2841847802139;0.5368192097709957;31.42869991353621;62.771300086463796;3.9770000000000003;3.9000000000000004;0.5311318103823193;0.13355087009864702;3.6478010933189484;4.306198906681052;8.6;8.5;0.9165151389911681;0.10657152778967072;8.031938031549373;9.168061968450626;7.954000000000001;7.800000000000001;1.0622636207646385;0.13355087009864702;7.295602186637897;8.612397813362104;47.2;37.5;25.210315349078837;0.534116850616077;31.57448466129837;62.825515338701635;0.6619560180243783;0.6603943294140519;0.041198827670573174;0.06223801362744906;0.6364207200802934;0.6874913159684632;98.2;98.5;1.32664991614216;0.013509673280470062;97.3777338630346;99.0222661369654;0.4005787554284656;0.4242299356644311;0.0687619769611636;0.1716565744671473;0.35795964056025875;0.44319787029667246;2.662460523603381;2.753819830962688;0.3792341388614442;0.14243746921294734;2.4274087691256123;2.8975122780811495;4.454545454545454;3.2222222222222223;-2.2222222222222223;0.8927959183673471
2.45;0.55;2;100.0;100.0;0.0;0.0;100.0;100.0;453.8;446.0;57.497478205570026;0.1267022437319745;418.16269379428354;489.4373062057165;4.537999999999999;4.46;0.5749747820557003;0.12670224373197453;4.181626937942834;4.894373062057165;57.3;54.0;23.613767170868776;0.4121076295090537;42.66403547421626;71.93596452578373;4.537999999999999;4.46;0.5749747820557003;0.12670224373197453;4.181626937942834;4.894373062057165;9.5;9.5;1.02469507659596;0.10786263964168;8.86488741155603;10.13511258844397;9.075999999999999;8.92;1.1499495641114006;0.12670224373197453;8.363253875885668;9.78874612411433;57.4;54.0;23.55079616488581;0.4102926161129932;42.80306530808608;71.99693469191392;0.6799228222628921;0.6739360527569929;0.031846389388210085;0.04683824155544625;0.6601842256218976;0.6996614189038867;99.1;99.0;0.7000000000000001;0.007063572149344098;98.6661355050249;99.53386449497509;0.38869138320858876;0.4046808101468847;0.06063798512046452;0.1560054782277577;0.3511075706505915;0.426275195766586;2.4066666666666667;2.424545454545455;0.2936127867168255;0.12199977287402722;2.224683576056484;2.5886497572768494;5.4444444444444455;2.8181818181818183;-1.8181818181818181;0.8335102040816323
2.45;0.65;2;100.0;100.0;0.0;0.0;100.0;100.0;523.0;515.5;63.73225243155933;0.1218589912649318;483.49834069307974;562.5016593069203;5.2299999999999995;5.155;0.6373225243155933;0.12185899126493181;4.834983406930797;5.625016593069202;69.9;67.5;20.724140512938046;0.29648269689467877;57.055044632230135;82.74495536776988;5.2299999999999995;5.155;0.6373225243155933;0.12185899126493181;4.834983406930797;5.625016593069202;10.4;10.5;1.0198039027185568;0.098058067569092;9.767918992533394;11.032081007466607;10.459999999999999;10.31;1.2746450486311867;0.12185899126493181;9.669966813861594;11.250033186138404;69.9;67.5;20.724140512938046;0.29648269689467877;57.055044632230135;82.74495536776988;0.701779690998675;0.7009399344997422;0.02438168194381975;0.03474264396155885;0.6866677679655336;0.7168916140318163;99.6;100.0;0.66332495807108;0.00665988913725984;99.1888669315173;100.01113306848269;0.3747448590204982;0.382268955442051;0.05366585806943302;0.14320638903413896;0.34148241557949816;0.40800730246149824;2.1694545454545455;2.1937373737373735;0.19947982144405155;0.09194929751443878;2.045815671185193;2.293093419723898;7.000000000000001;2.5384615384615383;-1.5384615384615383;0.747142857142857
2.45;0.75;2;100.0;100.0;0.0;0.0;100.0;100.0;604.7;596.5;81.95492663653602;0.1355298935613296;553.9038102058826;655.4961897941175;6.047;5.965;0.8195492663653602;0.13552989356132963;5.539038102058825;6.554961897941174;83.2;88.0;16.75589448522519;0.20139296256280279;72.81458900187383;93.58541099812618;6.047;5.965;0.8195492663653602;0.13552989356132963;5.539038102058825;6.554961897941174;11.5;11.5;1.284523257866513;0.11169767459708808;10.703844236345676;12.296155763654324;12.094;11.93;1.6390985327307204;0.13552989356132963;11.07807620411765;13.109923795882349;83.2;88.0;16.75589448522519;0.20139296256280279;72.81458900187383;93.58541099812618;0.7197515241495077;0.7247863110737287;0.025067245238817728;0.03482763759123451;0.7042146845838553;0.7352883637151602;99.9;100.0;0.30000000000000004;0.0030030030030030034;99.71405807358211;100.0859419264179;0.3655745466261083;0.36478312262652934;0.044795372376616446;0.12253416653329248;0.33781008717839067;0.3933390060738259;1.9893131313131314;1.9253535353535352;0.1373994464950764;0.06906878778022242;1.9041520720796388;2.074474190546624;9.8;2.333333333333333;-1.3333333333333333;0.6170408163265305
2.45;0.85;2;100.0;100.0;0.0;0.0;100.0;100.0;692.5;676.0;108.06225057808115;0.15604657123188614;625.5223231815256;759.4776768184744;6.925;6.76;1.0806225057808119;0.1560465712318862;6.255223231815256;7.594776768184744;90.8;97.5;12.48839461259933;0.13753738560131423;83.05961282622116;98.54038717377884;6.925;6.76;1.0806225057808119;0.1560465712318862;6.255223231815256;7.594776768184744;12.8;12.5;1.4000000000000001;0.109375;11.932271010049798;13.667728989950204;13.85;13.52;2.1612450115616237;0.1560465712318862;12.510446463630512;15.189553536369488;90.8;97.5;12.48839461259933;0.13753738560131423;83.05961282622116;98.54038717377884;0.7246197810306507;0.7164737261884966;0.028596307091252205;0.03946387862967076;0.7068956062673664;0.7423439557939351;100.0;100.0;0.0;0.0;100.0;100.0;0.3623465620818024;0.3598726740342295;0.03800320778584684;0.104880828915571;0.338791929862602;0.3859011943010028;1.9030303030303035;1.8733333333333335;0.09661255781690965;0.050767745349649965;1.8431492193081802;1.9629113867524268;16.333333333333332;2.1764705882352944;-1.1764705882352942;0.4239795918367347
2.45;0.95;2;100.0;100.0;0.0;0.0;100.0;100.0;791.0;794.5;135.02147977266432;0.1706971931386401;707.3128198109173;874.6871801890827;7.910000000000001;7.945;1.3502147977266434;0.1706971931386401;7.073128198109174;8.746871801890828;96.1;99.0;5.838664230797999;0.060756131433902176;92.48115841739376;99.71884158260623;7.910000000000001;7.945;1.3502147977266434;0.1706971931386401;7.073128198109174;8.746871801890828;14.6;14.0;1.8;0.12328767123287672;13.484348441492596;15.715651558507403;15.820000000000002;15.89;2.700429595453287;0.1706971931386401;14.146256396218348;17.493743603781656;96.1;99.0;5.838664230797999;0.060756131433902176;92.48115841739376;99.71884158260623;0.7269101881984754;0.7219683274346533;0.03175165564385689;0.04368030075702753;0.7072303081405535;0.7465900682563973;100.0;100.0;0.0;0.0;100.0;100.0;0.36297172998380717;0.3652467034548391;0.0321184023427309;0.08848733851576751;0.3430645379668985;0.3828789220007158;1.8513939393939391;1.8414141414141416;0.04810407721460741;0.025982626490802095;1.8215787234411407;1.8812091553467376;48.99999999999996;2.052631578947368;-1.0526315789473684;0.1614285714285716
2.65;0.05;2;100.0;100.0;0.0;0.0;100.0;100.0;262.8;257.5;31.259558538149577;0.11894809184988422;243.42512488814447;282.17487511185556;2.628;2.575;0.3125955853814957;0.1189480918498842;2.4342512488814445;2.8217487511185557;13.7;13.5;2.147091055358389;0.15672197484367803;12.369219176573392;15.030780823426607;2.628;2.575;0.3125955853814957;0.1189480918498842;2.4342512488814445;2.8217487511185557;6.8;7.0;0.7483314773547882;0.1100487466698218;6.33617934500499;7.263820654995009;5.256;5.15;0.6251911707629914;0.1189480918498842;4.868502497762889;5.643497502237111;14.9;14.5;1.972308292331602;0.1323696840491008;13.677550655446208;16.122449344553793;0.572375744286436;0.5733451940440202;0.019726610302751666;0.0344644414087537;0.5601490645484731;0.5846024240243989;92.5;94.0;2.7294688127912363;0.029507770949094448;90.80825770284005;94.19174229715995;0.4695865305944542;0.4628802294669092;0.020404527516842134;0.04345211412050478;0.45693967341402525;0.48223338777488317;3.954298082146726;3.8618235797911793;0.42830212644850874;0.10831306025771084;3.688833673877663;4.219762490415789;2.7894736842105265;21.0;-20.0;0.9421132075471698
2.65;0.15;2;100.0;100.0;0.0;0.0;100.0;100.0;294.2;285.5;36.50150681821231;0.12407038347454899;271.5761316835515;316.82386831644845;2.942;2.8550000000000004;0.3650150681821231;0.12407038347454898;2.7157613168355157;3.1682386831644846;19.6;16.5;8.101851640211638;0.41335977756181824;14.5784203282234;24.6215796717766;2.942;2.8550000000000004;0.3650150681821231;0.12407038347454898;2.7157613168355157;3.1682386831644846;7.1;7.0;0.8306623862918076;0.11699470229462079;6.585150118966703;7.6148498810332965;5.884;5.710000000000001;0.7300301363642462;0.12407038347454898;5.431522633671031;6.336477366328969;20.1;18.0;7.892401408950257;0.3926567865149381;15.208238926521453;24.99176107347855;0.5978962210587871;0.6017384283328161;0.030943016291360387;0.051753155817852156;0.5787175408641337;0.6170749012534406;94.8;96.5;3.0919249667480613;0.03261524226527491;92.8836050511442;96.7163949488558;0.4597893425540113;0.45559692645644767;0.03160994478251953;0.06874875482527375;0.4401972957979275;0.47938138931009516;3.577802707645632;3.568888888888889;0.38575410520194614;0.1078187191198676;3.338709836162754;3.81689557912851;3.1176470588235294;7.666666666666667;-6.666666666666667;0.9436603773584906
2.65;0.25;2;100.0;100.0;0.0;0.0;100.0;100.0;331.9;317.0;46.68286623591143;0.14065340836369822;302.9656597379515;360.83434026204844;3.319;3.17;0.46682866235911435;0.14065340836369822;3.0296565973795153;3.6083434026204846;29.0;19.5;21.757757237362494;0.7502674909435343;15.514402349172657;42.485597650827344;3.319;3.17;0.46682866235911435;0.14065340836369822;3.0296565973795153;3.6083434026204846;7.9;8.0;1.044030650891055;0.13215577859380442;7.252903098446609;8.547096901553392;6.638;6.34;0.9336573247182287;0.14065340836369822;6.059313194759031;7.216686805240969;29.6;21.0;21.4997674406027;0.7263434946149561;16.274306081858256;42.92569391814175;0.6151080483926957;0.6235119980145133;0.04443483808442249;0.07223907767185402;0.5875670504144124;0.6426490463709791;96.3;97.0;2.6476404589747453;0.02749367039433796;94.65897544198754;97.94102455801246;0.4390770651739655;0.44881727158948687;0.059247278567979185;0.13493594466043218;0.402355221467472;0.475798908880459;3.2794329712152432;3.302646876932591;0.51665532204533;0.1575441018554728;2.9592066849646783;3.599659257465808;3.533333333333333;5.0;-4.0;0.9393396226415095
2.65;0.35;2;100.0;100.0;0.0;0.0;100.0;100.0;375.7;364.0;52.712522231439465;0.14030482361309413;343.0284402331324;408.37155976686756;3.757;3.64;0.5271252223143948;0.14030482361309418;3.430284402331324;4.083715597668676;38.0;27.0;24.94794580722028;0.6565248896636916;22.537102988120242;53.46289701187976;3.757;3.64;0.5271252223143948;0.14030482361309418;3.430284402331324;4.083715597668676;8.2;8.0;0.7483314773547883;0.09125993626277908;7.73617934500499;8.663820654995009;7.514;7.28;1.0542504446287897;0.14030482361309418;6.860568804662648;8.167431195337352;38.2;27.5;24.83867951401604;0.6502272124087968;22.80482693829004;53.595173061709964;0.6358324787847927;0.6379812051820135;0.044603041757984;0.0701490459298802;0.608187227089534;0.6634777304800513;97.5;98.0;2.1563858652847827;0.02211677810548495;96.16345819369539;98.83654180630461;0.42202992037197457;0.44692231831153717;0.06526127602273588;0.15463660956838082;0.38158056242478167;0.46247927831916746;2.917743787549384;2.958965161822305;0.4783445717357793;0.16394330913391864;2.6212627503490626;3.2142248247497056;4.076923076923077;3.857142857142857;-2.857142857142857;0.9215283018867926
2.65;0.45;2;100.0;100.0;0.0;0.0;100.0;100.0;428.4;420.0;53.4475443776419;0.12476084121765149;395.2728687870501;461.5271312129499;4.284000000000001;4.2;0.534475443776419;0.12476084121765146;3.9527286878705015;4.6152713121295;48.8;38.5;25.007198963498492;0.5124426017110347;33.3003775013712;64.29962249862879;4.284000000000001;4.2;0.534475443776419;0.12476084121765146;3.9527286878705015;4.6152713121295;9.2;9.0;0.9797958971132712;0.10649955403405123;8.592716211314677;9.807283788685321;8.568000000000001;8.4;1.068950887552838;0.12476084121765146;7.905457375741003;9.230542624259;49.0;39.0;24.87167063146342;0.5075851149278249;33.584378831847225;64.41562116815278;0.6621393213895448;0.6598369336204395;0.038731902499001526;0.05849509498653542;0.638133039507896;0.6861456032711936;98.7;99.0;1.004987562112089;0.010182244803567263;98.07710225558283;99.32289774441718;0.40725726316066735;0.4348812079658323;0.06501548886020447;0.1596423065745427;0.36696024567510743;0.44755428064622726;2.573433931148217;2.6516161616161615;0.34167709401210755;0.13277088246818047;2.361660274236612;2.7852075880598215;4.8181818181818175;3.2222222222222223;-2.2222222222222223;0.8891320754716984
2.65;0.55;2;100.0;100.0;0.0;0.0;100.0;100.0;489.9;477.5;59.58766650910236;0.12163230559114588;452.9671816618336;526.8328183381664;4.899000000000001;4.775;0.5958766650910235;0.12163230559114584;4.529671816618337;5.268328183381665;60.1;56.0;22.81424993288186;0.379604824174407;45.959581392334954;74.24041860766505;4.899000000000001;4.775;0.5958766650910235;0.12163230559114584;4.529671816618337;5.268328183381665;10.0;10.0;0.7745966692414834;0.07745966692414834;9.519900010414498;10.480099989585502;9.798000000000002;9.55;1.191753330182047;0.12163230559114584;9.059343633236674;10.53665636676333;60.2;56.0;22.75434024532463;0.3779790738426018;46.09671380138657;74.30328619861343;0.6851840556301606;0.6742939758626071;0.02779833519258851;0.040570610136312225;0.6679544689737592;0.702413642286562;99.5;100.0;0.806225774829855;0.008102771606330201;99.0002960876679;99.9997039123321;0.39427356466333097;0.41322430555533585;0.0557080092058435;0.14129278297775913;0.35974538283452867;0.42880174649213326;2.3187070707070707;2.354040404040404;0.2459960970986669;0.10609192519676598;2.1662371100877005;2.471177031326441;5.888888888888889;2.8181818181818183;-1.8181818181818181;0.8319056603773586
2.65;0.65;2;100.0;100.0;0.0;0.0;100.0;100.0;565.4;555.0;72.3051865359602;0.12788324466919032;520.584781084993;610.215218915007;5.654000000000001;5.55;0.723051865359602;0.1278832446691903;5.205847810849931;6.102152189150071;74.0;75.0;19.256167843057455;0.26021848436564127;62.06490351945155;85.93509648054845;5.654000000000001;5.55;0.723051865359602;0.1278832446691903;5.205847810849931;6.102152189150071;10.9;11.0;1.3;0.11926605504587157;10.094251652189097;11.705748347810903;11.308000000000002;11.1;1.446103730719204;0.1278832446691903;10.411695621699861;12.204304378300142;74.1;75.0;19.14392854144624;0.2583526118953609;62.23447015932284;85.96552984067715;0.7037235830634346;0.7057394573545075;0.023091375122033;0.03281313242553577;0.689411400484004;0.7180357656428653;99.7;100.0;0.6403124237432849;0.006422391411667852;99.3031302480662;100.09686975193381;0.3812582861863647;0.3881794319593185;0.04750414049700916;0.12459831620233543;0.35181491486356303;0.4107016575091664;2.1043030303030306;2.1018181818181816;0.17174664155915328;0.08161687698297942;1.9978533590119851;2.210752701594076;7.571428571428572;2.5384615384615383;-1.5384615384615383;0.7467547169811322
2.65;0.75;2;100.0;100.0;0.0;0.0;100.0;100.0;647.5;634.5;90.70529201761053;0.1400853930773908;591.2802775531576;703.7197224468424;6.475;6.345;0.9070529201761055;0.14008539307739082;5.912802775531575;7.037197224468424;85.2;90.5;15.347964034359737;0.18014042293849455;75.68723333619499;94.71276666380501;6.475;6.345;0.9070529201761055;0.14008539307739082;5.912802775531575;7.037197224468424;12.2;12.0;1.2489995996796797;0.10237701636718687;11.425862027801244;12.974137972198754;12.95;12.69;1.814105840352211;0.14008539307739082;11.82560555106315;14.074394448936848;85.2;90.5;15.347964034359737;0.18014042293849455;75.68723333619499;94.71276666380501;0.7211329015064248;0.7241254368767225;0.025901041709475277;0.03591715432116436;0.705079269534124;0.7371865334787256;100.0;100.0;0.0;0.0;100.0;100.0;0.3753111913974961;0.37666511986084567;0.038742747215328915;0.10322832919281658;0.35129818789102935;0.3993241949039628;1.954020202020202;1.8953535353535353;0.12009254670250152;0.06145921448424203;1.8795860704125524;2.0284543336278515;10.6;2.333333333333333;-1.3333333333333333;0.6108490566037735
2.65;0.85;2;100.0;100.0;0.0;0.0;100.0;100.0;742.8;734.0;117.9989830464653;0.15885700463982944;669.6634725899568;815.9365274100431;7.428;7.34;1.179989830464653;0.15885700463982944;6.6966347258995675;8.159365274100432;92.9;98.5;9.893937537704591;0.10650094227884382;86.76767398126943;99.03232601873059;7.428;7.34;1.179989830464653;0.15885700463982944;6.6966347258995675;8.159365274100432;13.6;13.5;1.3564659966250536;0.09974014681066572;12.759253664890533;14.440746335109466;14.856;14.68;2.359979660929306;0.15885700463982944;13.393269451799135;16.318730548200865;92.9;98.5;9.893937537704591;0.10650094227884382;86.76767398126943;99.03232601873059;0.7258679022780951;0.7167765872411009;0.030497322171523334;0.042014975556584365;0.7069654661608937;0.7447703383952964;100.0;100.0;0.0;0.0;100.0;100.0;0.37306883812057223;0.3725201445312659;0.03454749516961828;0.09260354025723495;0.3516560787713991;0.39448159746974537;1.878242424242424;1.857878787878788;0.0751469016722287;0.04000916000102526;1.831665892038188;1.92481895644666;17.666666666666664;2.1764705882352944;-1.1764705882352942;0.4204528301886793
2.65;0.95;2;100.0;100.0;0.0;0.0;100.0;100.0;846.6;857.5;140.87810333760177;0.16640456335648685;759.2828469176875;933.9171530823126;8.466;8.575;1.4087810333760173;0.16640456335648682;7.592828469176874;9.339171530823124;96.6;99.0;5.295280917949491;0.054816572649580654;93.31795088397507;99.88204911602492;8.466;8.575;1.4087810333760173;0.16640456335648682;7.592828469176874;9.339171530823124;15.2;14.5;1.8867962264113207;0.12413133068495531;14.030551583010178;16.369448416989822;16.932;17.15;2.8175620667520347;0.16640456335648682;15.185656938353748;18.67834306164625;96.7;99.0;5.21632054229799;0.05394333549429152;93.46689103183948;99.93310896816052;0.7275153705450526;0.7277262842815508;0.029557903758120372;0.04062856257727678;0.7091951919928532;0.7458355490972519;100.0;100.0;0.0;0.0;100.0;100.0;0.3758674785530345;0.3797978360711401;0.03162985067266905;0.08415160256597225;0.35626309399841244;0.39547186310765653;1.8376969696969698;1.8267676767676768;0.04402679800945105;0.023957594062263117;1.8104088775773395;1.8649850618166002;52.99999999999995;2.052631578947368;-1.0526315789473684;0.1597358490566039
2.85;0.05;2;100.0;100.0;0.0;0.0;100.0;100.0;283.8;276.5;35.139151953341155;0.12381660307731203;262.0205279770147;305.5794720229853;2.838;2.7649999999999997;0.3513915195334116;0.12381660307731204;2.620205279770147;3.055794720229853;14.4;14.0;2.33238075793812;0.161970885967925;12.954375429096476;15.845624570903524;2.838;2.7649999999999997;0.3513915195334116;0.12381660307731204;2.620205279770147;3.055794720229853;7.2;7.0;0.8717797887081347;0.12108052620946315;6.659665288918063;7.740334711081937;5.676;5.529999999999999;0.7027830390668232;0.12381660307731204;5.240410559540294;6.111589440459706;15.8;16.0;2.08806130178211;0.13215577859380442;14.505806196893218;17.094193803106783;0.5825122274344274;0.5790192039342938;0.03125799067980357;0.053660660167553706;0.5631383240912425;0.6018861307776123;93.8;95.0;3.124099870362662;0.03330596876719256;91.86366283927617;95.73633716072382;0.47039760025868216;0.46198307052097354;0.019349202300603184;0.04113371813538722;0.45840484042393603;0.4823903600934283;3.7842690719758103;3.7149268192125335;0.3967123998091865;0.10483197475227585;3.5383841791278483;4.030153964823772;3.0000000000000004;21.0;-20.0;0.9459999999999998
2.85;0.15;2;100.0;100.0;0.0;0.0;100.0;100.0;316.7;306.0;38.84855209657112;0.1226667259127601;292.6214179487246;340.77858205127535;3.167;3.06;0.3884855209657111;0.12266672591276007;2.9262141794872463;3.4077858205127534;20.9;17.5;8.960468737739115;0.4287305616143117;15.346243937658045;26.453756062341952;3.167;3.06;0.3884855209657111;0.12266672591276007;2.9262141794872463;3.4077858205127534;7.6;7.5;0.9165151389911681;0.12059409723568001;7.031938031549374;8.168061968450626;6.334;6.12;0.7769710419314222;0.12266672591276007;5.8524283589744925;6.815571641025507;21.3;18.5;8.786922100485471;0.4125315540134024;15.853809257839018;26.746190742160984;0.5933588050529901;0.5935100428658691;0.031896122147838296;0.05375520153440683;0.5735893837282243;0.6131282263777559;95.4;97.0;2.6153393661244038;0.027414458764406745;93.7789958667542;97.02100413324581;0.45924167498431245;0.45630761766132943;0.02683577797064901;0.05843497973385301;0.44260868747502735;0.47587466249359756;3.4716462585300194;3.4656153370439085;0.37688512154384163;0.10856092282380869;3.238050440069664;3.7052420769903747;3.3529411764705883;7.666666666666667;-6.666666666666667;0.9445438596491227
2.85;0.25;2;100.0;100.0;0.0;0.0;100.0;100.0;356.8;338.0;48.494948190507436;0.13591633461465089;326.74251970640256;386.85748029359746;3.568;3.38;0.48494948190507453;0.13591633461465094;3.2674251970640253;3.8685748029359748;30.8;21.5;21.8302542358077;0.7087744881755746;17.2694682440046;44.3305317559954;3.568;3.38;0.48494948190507453;0.13591633461465094;3.2674251970640253;3.8685748029359748;8.2;8.5;0.8717797887081348;0.10631460837904083;7.659665288918062;8.740334711081935;7.136;6.76;0.9698989638101491;0.13591633461465094;6.534850394128051;7.7371496058719496;31.2;22.5;21.6462467878383;0.6937899611486635;17.783517241840173;44.616482758159826;0.6150480041583838;0.6031361542028603;0.045917241403964;0.07465635380249058;0.5865882030835543;0.6435078052332133;97.0;97.0;2.0976176963403033;0.02162492470453921;95.69988308218069;98.30011691781931;0.440673887295678;0.45616940469881645;0.05437259915759884;0.12338511703353226;0.4069734011899705;0.47437437340138555;3.1180514167772584;3.1206699649556793;0.4576199069822919;0.14676470840730285;2.8344156598723655;3.4016871736821512;3.8000000000000003;5.0;-4.0;0.9389473684210525
2.85;0.35;2;100.0;100.0;0.0;0.0;100.0;100.0;405.7;389.5;54.35080496184026;0.1339679688485094;372.01302207677276;439.3869779232272;4.057;3.895;0.5435080496184026;0.13396796884850937;3.720130220767728;4.393869779232273;40.7;30.5;23.790964671488208;0.5845445865230517;25.95420732547755;55.44579267452245;4.057;3.895;0.5435080496184026;0.13396796884850937;3.720130220767728;4.393869779232273;8.9;9.0;0.7000000000000001;0.07865168539325842;8.466135505024898;9.333864494975103;8.114;7.79;1.0870160992368052;0.13396796884850937;7.440260441535456;8.787739558464546;40.9;30.5;23.645084055676353;0.578119414564214;26.244625067914498;55.5553749320855;0.638585709703203;0.6283557521658112;0.03892213070091642;0.060950519420496195;0.6144615231604773;0.6627098962459288;98.0;98.5;1.6733200530681511;0.017074694419062765;96.96286548606268;99.03713451393732;0.4249683276806528;0.4476745335527166;0.057919260590533796;0.13629076996546874;0.3890695980443053;0.4608670573170003;2.7884860853432287;2.85183879612451;0.4196663759359634;0.15049972031124823;2.528374170695389;3.0485979999910686;4.384615384615385;3.857142857142857;-2.857142857142857;0.9252807017543859
2.85;0.45;2;100.0;100.0;0.0;0.0;100.0;100.0;460.7;455.0;59.376847339682826;0.1288839751241216;423.8978487367926;497.5021512632074;4.607000000000001;4.550000000000001;0.5937684733968283;0.12888397512412159;4.238978487367927;4.975021512632075;50.8;43.0;24.54302344862996;0.48313038284704646;35.58807646614012;66.01192353385987;4.607000000000001;4.550000000000001;0.5937684733968283;0.12888397512412159;4.238978487367927;4.975021512632075;9.8;9.0;0.9797958971132712;0.09997917317482359;9.192716211314679;10.407283788685323;9.214000000000002;9.100000000000001;1.1875369467936565;0.12888397512412159;8.477956974735854;9.95004302526415;51.0;43.5;24.413111231467404;0.4786884555189687;35.868596892554876;66.13140310744512;0.6624269873936475;0.6565403330590476;0.034926789863878996;0.05272549356918597;0.6407791387573712;0.6840748360299237;98.9;99.0;0.9433981132056604;0.00953890913251426;98.3152757915051;99.48472420849491;0.41259535593287433;0.4369815180891379;0.057541441197731504;0.1394621640072289;0.3769308011823125;0.4482599106834362;2.4826464646464648;2.528888888888889;0.3049321122852505;0.12282542707049256;2.2936475833631347;2.671645345929795;5.181818181818182;3.2222222222222223;-2.2222222222222223;0.8890701754385967
2.85;0.55;2;100.0;100.0;0.0;0.0;100.0;100.0;524.7;510.5;64.34290947726875;0.12262799595439058;484.81985153488023;564.5801484651199;5.247;5.105;0.6434290947726874;0.12262799595439058;4.848198515348802;5.645801484651198;62.2;58.0;22.25668438918969;0.357824507864786;48.405164096662844;75.99483590333716;5.247;5.105;0.6434290947726874;0.12262799595439058;4.848198515348802;5.645801484651198;10.5;10.0;1.2041594578792296;0.1146818531313552;9.753654235625337;11.246345764374663;10.494;10.21;1.2868581895453748;0.12262799595439058;9.696397030697604;11.291602969302396;62.4;58.0;22.1142488002645;0.35439501282475167;48.69344658931357;76.10655341068643;0.6872174963884515;0.6782013101676776;0.02446013588031826;0.03559300513864115;0.6720569471016848;0.7023780456752182;99.5;100.0;0.806225774829855;0.008102771606330201;99.0002960876679;99.9997039123321;0.40169276752930116;0.4211236066664076;0.049127324640884214;0.12230074477828545;0.37124333625102246;0.43214219880757987;2.261131313131313;2.284141414141414;0.22181362251758574;0.09809851432750652;2.12364980554247;2.3986128207201562;6.333333333333334;2.8181818181818183;-1.8181818181818181;0.8284736842105263
2.85;0.65;2;100.0;100.0;0.0;0.0;100.0;100.0;605.0;592.0;78.15753322617086;0.12918600533251381;556.5574590261824;653.4425409738176;6.05;5.92;0.7815753322617085;0.12918600533251381;5.565574590261823;6.534425409738176;76.6;80.0;18.607525359380812;0.2429180856316033;65.06693629602263;88.13306370397736;6.05;5.92;0.7815753322617085;0.12918600533251381;5.565574590261823;6.534425409738176;11.3;11.0;1.3453624047073711;0.11905861988560805;10.466135742461642;12.13386425753836;12.1;11.84;1.563150664523417;0.12918600533251381;11.131149180523646;13.068850819476353;76.7;80.0;18.482694608741443;0.2409738540905012;65.24430719685623;88.15569280314378;0.706240506133289;0.7071057283600776;0.017331771171293576;0.024540890844941914;0.6954981630672071;0.7169828491993709;99.9;100.0;0.30000000000000004;0.0030030030030030034;99.71405807358211;100.0859419264179;0.3901040469246811;0.3936488644155719;0.04432769769269422;0.11363044818976908;0.36262945524918144;0.41757863860018074;2.0548484848484847;2.0356565656565655;0.15069136999483176;0.07333454077318166;1.9614490060771792;2.14824796361979;8.142857142857144;2.5384615384615383;-1.5384615384615383;0.7429824561403507
2.85;0.75;2;100.0;100.0;0.0;0.0;100.0;100.0;691.4;674.0;98.54460918792057;0.14252908473809744;630.321418431663;752.478581568337;6.914;6.74;0.9854460918792055;0.14252908473809742;6.30321418431663;7.524785815683369;86.8;93.5;14.323407415835103;0.16501621446814635;77.92226010743725;95.67773989256274;6.914;6.74;0.9854460918792055;0.14252908473809742;6.30321418431663;7.524785815683369;12.6;12.5;1.3564659966250536;0.10765603147817886;11.759253664890533;13.440746335109466;13.828;13.48;1.970892183758411;0.14252908473809742;12.60642836863326;15.049571631366739;86.9;93.5;14.334922392534953;0.16495883075414214;78.0151230509365;95.78487694906352;0.7181405952738255;0.7172182112078389;0.02479897914104989;0.03453220623406492;0.7027700287582116;0.7335111617894393;100.0;100.0;0.0;0.0;100.0;100.0;0.38471548604265665;0.38748649394059564;0.03705690061784607;0.0963228722582206;0.36174738108279336;0.40768359100251994;1.9278787878787882;1.886060606060606;0.10434487174736216;0.0541241868541803;1.863205166330344;1.9925524094272324;11.4;2.333333333333333;-1.3333333333333333;0.6064912280701754
2.85;0.85;2;100.0;100.0;0.0;0.0;100.0;100.0;795.3;792.0;127.33424519743305;0.1601084436029587;716.3774171633999;874.2225828366;7.953;7.92;1.2733424519743304;0.16010844360295867;7.1637741716339995;8.742225828366001;94.2;98.5;7.79487010796203;0.08274809031806826;89.36868945316077;99.03131054683924;7.953;7.92;1.2733424519743304;0.16010844360295867;7.1637741716339995;8.742225828366001;14.5;14.0;1.6278820596099706;0.11226772824896349;13.491028246183275;15.508971753816725;15.906;15.84;2.5466849039486608;0.16010844360295867;14.327548343267999;17.484451656732002;94.4;99.0;7.683749084919419;0.08139564708601078;89.63756297679434;99.16243702320567;0.7268080513209443;0.7171123625765286;0.027600776029037915;0.03797533059639972;0.7097009131027165;0.743915189539172;100.0;100.0;0.0;0.0;100.0;100.0;0.38326562243472134;0.3871742395178903;0.03354532120598667;0.08752499374425418;0.36247401694355996;0.4040572279258827;1.8570909090909091;1.8476767676767678;0.05613015614747463;0.030224775681526383;1.8223010778769124;1.8918807403049058;18.999999999999996;2.1764705882352944;-1.1764705882352942;0.41857894736842116
2.85;0.95;2;100.0;100.0;0.0;0.0;100.0;100.0;901.0;902.5;148.81666573337813;0.1651683304477005;808.7624749681563;993.2375250318437;9.01;9.024999999999999;1.4881666573337813;0.1651683304477005;8.087624749681563;9.932375250318437;97.2;99.0;4.237924020083418;0.0436000413588829;94.57330747897666;99.82669252102335;9.01;9.024999999999999;1.4881666573337813;0.1651683304477005;8.087624749681563;9.932375250318437;15.7;15.0;2.282542442102666;0.1453848689237367;14.285265537282703;17.114734462717298;18.02;18.049999999999997;2.9763333146675626;0.1651683304477005;16.175249499363126;19.864750500636873;97.2;99.0;4.237924020083418;0.0436000413588829;94.57330747897666;99.82669252102335;0.7276424580888954;0.7281393280351366;0.027412253741525085;0.03767269685378386;0.7106521671950438;0.744632748982747;100.0;100.0;0.0;0.0;100.0;100.0;0.3893893269113181;0.39433648762151186;0.032208858755086466;0.08271633691290646;0.3694260694291753;0.40935258439346095;1.8244242424242425;1.8176767676767676;0.03990841980368836;0.021874528344711753;1.7996887475622687;1.8491597372862163;56.99999999999995;2.052631578947368;-1.0526315789473684;0.15807017543859664
3.0;0.05;2;100.0;100.0;0.0;0.0;100.0;100.0;299.5;293.5;35.61811336946414;0.1189252533204145;277.4236646157022;321.5763353842978;2.995;2.935;0.3561811336946414;0.11892525332041448;2.774236646157022;3.2157633538429784;15.3;15.0;2.0518284528683193;0.13410643482799472;14.028263549315348;16.571736450684654;2.995;2.935;0.3561811336946414;0.11892525332041448;2.774236646157022;3.2157633538429784;7.5;7.5;0.806225774829855;0.107496769977314;7.000296087667907;7.999703912332093;5.99;5.87;0.7123622673892828;0.11892525332041448;5.548473292314044;6.431526707685957;16.6;17.0;1.9595917942265422;0.11804769844738205;15.385432422629355;17.814567577370646;0.5768310429234568;0.5720288388261647;0.030931610988194264;0.05362334667605392;0.5576594318089436;0.5960026540379699;94.8;96.0;2.3151673805580453;0.024421596841329593;93.3650443909305;96.23495560906949;0.4698098044213236;0.4629671277679982;0.01785264534108063;0.03799972919481784;0.45874462020006995;0.4808749886425772;3.7053309930016063;3.60034632034632;0.3627576543348339;0.09790155185056006;3.480491469435413;3.9301705165677996;3.1578947368421053;21.0;-20.0;0.9484166666666667
3.0;0.15;2;100.0;100.0;0.0;0.0;100.0;100.0;333.5;320.0;40.633114574199205;0.12183842451034244;308.31533466571375;358.68466533428625;3.335;3.2;0.40633114574199214;0.12183842451034248;3.0831533466571375;3.5868466533428625;22.0;18.5;9.132360045464699;0.41510727479384996;16.33970460134809;27.66029539865191;3.335;3.2;0.40633114574199214;0.12183842451034248;3.0831533466571375;3.5868466533428625;8.1;8.0;0.8306623862918076;0.10255091188787747;7.585150118966703;8.614849881033297;6.67;6.4;0.8126622914839843;0.12183842451034248;6.166306693314275;7.173693306685725;22.2;19.5;9.064215354899728;0.40829798895944724;16.581941118144098;27.8180588818559;0.594108243977194;0.5818030939219243;0.03728316749675513;0.06275483950057141;0.5709998973528343;0.6172165906015536;96.2;97.0;2.315167380558045;0.024066188987089863;94.76504439093051;97.6349556090695;0.45851250648145914;0.460093920019062;0.026078722559976928;0.05687679657878966;0.4423487467770589;0.4746762661858594;3.362125519399778;3.3644217687074827;0.348318083284715;0.10360055901389972;3.1462357346926093;3.578015304106947;3.5294117647058822;7.666666666666667;-6.666666666666667;0.9449166666666667
3.0;0.25;2;100.0;100.0;0.0;0.0;100.0;100.0;377.4;357.5;53.54101231766168;0.1418680771533166;344.21493675763145;410.5850632423685;3.774;3.575;0.5354101231766168;0.1418680771533166;3.4421493675763144;4.105850632423685;31.5;22.0;21.91004335915381;0.6955569320366289;17.920014432997363;45.07998556700264;3.774;3.575;0.5354101231766168;0.1418680771533166;3.4421493675763144;4.105850632423685;8.7;9.0;1.004987562112089;0.11551581173702173;8.077102255582828;9.32289774441717;7.548;7.15;1.0708202463532337;0.1418680771533166;6.884298735152629;8.21170126484737;31.9;23.0;21.713820483738;0.6806840277033857;18.44163463120428;45.35836536879572;0.6155480180092372;0.601185649174155;0.04098855205006418;0.06658871582858233;0.5901430502450061;0.6409529857734683;97.5;98.5;2.0615528128088303;0.0211441314134239;96.22223632858028;98.77776367141972;0.4452323493400443;0.45965005774322204;0.050172496297296386;0.112688344347992;0.41413511395766334;0.47632958472242526;3.0375558297706484;3.018670377241806;0.45043727243627213;0.14828938056762647;2.7583719158798976;3.3167397436613992;4.0;5.0;-4.0;0.9435
3.0;0.35;2;100.0;100.0;0.0;0.0;100.0;100.0;427.4;412.0;54.92394741822551;0.12850713013155243;393.3577847019322;461.44221529806777;4.274;4.12;0.549239474182255;0.12850713013155243;3.9335778470193223;4.614422152980678;42.0;33.0;23.643180835073778;0.5629328770255662;27.345804696265304;56.654195303734696;4.274;4.12;0.549239474182255;0.12850713013155243;3.9335778470193223;4.614422152980678;9.4;9.0;1.0198039027185568;0.10848977688495284;8.767918992533394;10.032081007466607;8.548;8.24;1.09847894836451;0.12850713013155243;7.867155694038645;9.228844305961356;42.2;33.0;23.506594819326768;0.5570283132541888;27.63046158589779;56.769538414102215;0.644830865167655;0.6375324298909422;0.035168811288515726;0.05453959043876086;0.6230330100982742;0.6666287202370358;98.3;99.0;1.4866068747318506;0.015123162509988308;97.37859151295422;99.22140848704578;0.4293028459557582;0.4523109124528454;0.055575899808615055;0.1294561644120627;0.3948565463796844;0.46374914553183194;2.726611832611833;2.8001010101010104;0.3985469069172402;0.14616928678677024;2.4795899004782083;2.9736337647454576;4.615384615384615;3.857142857142857;-2.857142857142857;0.9260333333333334
3.0;0.45;2;100.0;100.0;0.0;0.0;100.0;100.0;484.4;479.5;62.94473766725857;0.12994371937914653;445.38644740093514;523.4135525990648;4.843999999999999;4.795;0.6294473766725857;0.1299437193791465;4.453864474009351;5.234135525990648;52.1;43.5;24.07675227267997;0.46212576339117023;37.17707433510439;67.02292566489561;4.843999999999999;4.795;0.6294473766725857;0.1299437193791465;4.453864474009351;5.234135525990648;10.0;9.5;1.0954451150103321;0.10954451150103321;9.321036083433;10.678963916567;9.687999999999999;9.59;1.2588947533451713;0.1299437193791465;8.907728948018702;10.468271051981295;52.3;44.0;23.937627284256894;0.45769841843703435;37.46330489630524;67.13669510369475;0.6619045089938191;0.6531021190504456;0.027522738973400386;0.04158113232260425;0.6448457386437821;0.6789632793438561;99.2;100.0;1.0770329614269007;0.010857187111158273;98.53244805445568;99.86755194554432;0.416240185199604;0.43981595510057114;0.05245802263533049;0.12602825123714267;0.38372636591664666;0.4487540044825613;2.4326262626262625;2.455757575757576;0.2842948018048014;0.11686743918396934;2.256418518898996;2.608834006353529;5.454545454545454;3.2222222222222223;-2.2222222222222223;0.8880666666666667
3.0;0.55;2;100.0;100.0;0.0;0.0;100.0;100.0;554.5;541.5;69.07423542826949;0.12457030735485931;511.6873453287466;597.3126546712534;5.545;5.415;0.6907423542826949;0.12457030735485933;5.116873453287465;5.9731265467125345;64.1;60.0;21.496278747727477;0.3353553626790558;50.776468396104576;77.42353160389541;5.545;5.415;0.6907423542826949;0.12457030735485933;5.116873453287465;5.9731265467125345;10.8;10.5;1.16619037896906;0.10798059064528333;10.077187714548238;11.522812285451764;11.09;10.83;1.3814847085653899;0.12457030735485933;10.23374690657493;11.946253093425069;64.3;60.0;21.349707257946186;0.33203277228532174;51.06731434666416;77.53268565333583;0.6865483319615132;0.6835156250517744;0.020513752720840547;0.029879546371092944;0.673833776298268;0.6992628876247584;99.7;100.0;0.6403124237432849;0.006422391411667852;99.3031302480662;100.09686975193381;0.40666176547942784;0.4235979418754305;0.04738960589638008;0.11653322224800458;0.3772893834375678;0.4360341475212879;2.212121212121212;2.225959595959596;0.1990601321987827;0.08998608715835384;2.0887424639410663;2.3354999603013575;6.666666666666667;2.8181818181818183;-1.8181818181818181;0.83175
3.0;0.65;2;100.0;100.0;0.0;0.0;100.0;100.0;634.9;618.5;82.52084585121507;0.1299745563887464;583.7530498426348;686.0469501573651;6.348999999999999;6.1850000000000005;0.8252084585121509;0.12997455638874642;5.837530498426347;6.860469501573651;78.5;82.5;18.023595645708433;0.2295999445313176;67.32885968219895;89.67114031780105;6.348999999999999;6.1850000000000005;0.8252084585121509;0.12997455638874642;5.837530498426347;6.860469501573651;11.7;12.0;1.4177446878757827;0.1211747596475028;10.821272738558772;12.578727261441227;12.697999999999999;12.370000000000001;1.6504169170243017;0.12997455638874642;11.675060996852695;13.720939003147302;78.6;82.5;17.88966181905069;0.2276038399370317;67.51187272800315;89.68812727199683;0.7060651495500384;0.7131677824822258;0.02071428327434449;0.029337637309454094;0.693226303762046;0.7189039953380308;100.0;100.0;0.0;0.0;100.0;100.0;0.39640569218183386;0.39708830405027373;0.04151678060847933;0.10473305865001382;0.3706733249651339;0.4221380593985338;2.024585858585859;1.9971717171717172;0.14007414335329554;0.0691865661114195;1.9377670050643625;2.1114047121073556;8.571428571428571;2.5384615384615383;-1.5384615384615383;0.7407166666666666
3.0;0.75;2;100.0;100.0;0.0;0.0;100.0;100.0;725.3;713.5;107.42443856032016;0.14811035235119283;658.7176431657755;791.8823568342244;7.253;7.135;1.0742443856032016;0.14811035235119283;6.587176431657755;7.918823568342245;88.6;94.5;13.207573584879245;0.14906967928757614;80.41386108107125;96.78613891892874;7.253;7.135;1.0742443856032016;0.14811035235119283;6.587176431657755;7.918823568342245;13.2;13.0;1.469693845669907;0.11134044285378084;12.289074316972014;14.110925683027984;14.506;14.27;2.148488771206403;0.14811035235119283;13.17435286331551;15.83764713668449;88.6;94.5;13.207573584879245;0.14906967928757614;80.41386108107125;96.78613891892874;0.7202568752871441;0.7203638694997068;0.025488201197325325;0.035387654143758045;0.704459124515285;0.7360546260590032;100.0;100.0;0.0;0.0;100.0;100.0;0.39184151940955475;0.39616166189386004;0.03581329415644202;0.09139739507545597;0.3696442097201555;0.414038829098954;1.9085656565656568;1.873030303030303;0.09635940951702189;0.0504878672554627;1.8488414757853686;1.968289837345945;12.0;2.333333333333333;-1.3333333333333333;0.6044166666666667
3.0;0.85;2;100.0;100.0;0.0;0.0;100.0;100.0;831.0;831.0;132.64313024050662;0.1596186886167348;748.7869361232657;913.2130638767343;8.31;8.309999999999999;1.3264313024050662;0.15961868861673478;7.487869361232657;9.132130638767343;94.7;98.5;7.510659092250161;0.07931002209345471;90.04484526572962;99.35515473427039;8.31;8.309999999999999;1.3264313024050662;0.15961868861673478;7.487869361232657;9.132130638767343;15.1;14.0;1.9209372712298547;0.12721438882316918;13.909390744198584;16.290609255801414;16.62;16.619999999999997;2.6528626048101325;0.15961868861673478;14.975738722465314;18.264261277534686;95.0;99.0;7.26636084983398;0.07648800894562084;90.49626288511419;99.50373711488581;0.7265936311746961;0.7198078087460851;0.026596641256743575;0.03660456149848759;0.7101088621362804;0.7430784002131118;100.0;100.0;0.0;0.0;100.0;100.0;0.39260335896905346;0.394948539778752;0.032235313353137264;0.08210656535844406;0.3726237047571634;0.41258301318094354;1.8476969696969696;1.836161616161616;0.0550253079208514;0.02978048285151206;1.8135919305084987;1.8818020088854406;19.999999999999996;2.1764705882352944;-1.1764705882352942;0.4155000000000001
3.0;0.95;2;100.0;100.0;0.0;0.0;100.0;100.0;938.3;941.5;155.82300857062157;0.16606949650497876;841.7198986871518;1034.880101312848;9.383;9.415;1.5582300857062157;0.16606949650497876;8.417198986871519;10.34880101312848;97.3;99.0;4.196427051671457;0.043128746676993394;94.69902756646673;99.90097243353327;9.383;9.415;1.5582300857062157;0.16606949650497876;8.417198986871519;10.34880101312848;16.4;16.0;2.6907248094147422;0.16406858593992332;14.73227148492328;18.067728515076716;18.766;18.83;3.1164601714124314;0.16606949650497876;16.834397973743037;20.69760202625696;97.4;99.0;4.176122603564219;0.04287600208998171;94.81161239378643;99.98838760621358;0.72829880823703;0.7323553589387317;0.026595984025475677;0.03651795626283632;0.7118144465547744;0.7447831699192855;100.0;100.0;0.0;0.0;100.0;100.0;0.3967116529772297;0.4003024897552998;0.03254174568184174;0.08202871137669747;0.37654207004028617;0.41688123591417325;1.814747474747475;1.8097979797979797;0.037040061094786546;0.020410586933006052;1.7917898070321372;1.8377051424628128;59.99999999999995;2.052631578947368;-1.0526315789473684;0.15638333333333346
