beta;gamma;dim;n_vertices_mean;n_vertices_median;n_vertices_std;n_vertices_cv;n_vertices_ci_low;n_vertices_ci_high;n_edges_mean;n_edges_median;n_edges_std;n_edges_cv;n_edges_ci_low;n_edges_ci_high;indegree_mean_mean;indegree_mean_median;indegree_mean_std;indegree_mean_cv;indegree_mean_ci_low;indegree_mean_ci_high;indegree_max_mean;indegree_max_median;indegree_max_std;indegree_max_cv;indegree_max_ci_low;indegree_max_ci_high;outdegree_mean_mean;outdegree_mean_median;outdegree_mean_std;outdegree_mean_cv;outdegree_mean_ci_low;outdegree_mean_ci_high;outdegree_max_mean;outdegree_max_median;outdegree_max_std;outdegree_max_cv;outdegree_max_ci_low;outdegree_max_ci_high;total_degree_mean_mean;total_degree_mean_median;total_degree_mean_std;total_degree_mean_cv;total_degree_mean_ci_low;total_degree_mean_ci_high;total_degree_max_mean;total_degree_max_median;total_degree_max_std;total_degree_max_cv;total_degree_max_ci_low;total_degree_max_ci_high;avg_local_clustering_mean;avg_local_clustering_median;avg_local_clustering_std;avg_local_clustering_cv;avg_local_clustering_ci_low;avg_local_clustering_ci_high;vertices_degree_ge_2_mean;vertices_degree_ge_2_median;vertices_degree_ge_2_std;vertices_degree_ge_2_cv;vertices_degree_ge_2_ci_low;vertices_degree_ge_2_ci_high;global_clustering_mean;global_clustering_median;global_clustering_std;global_clustering_cv;global_clustering_ci_low;global_clustering_ci_high;avg_shortest_path_length_mean;avg_shortest_path_length_median;avg_shortest_path_length_std;avg_shortest_path_length_cv;avg_shortest_path_length_ci_low;avg_shortest_path_length_ci_high;expected_theoretical_outdegree_mean;indegree_powerlaw_alpha_theory;indegree_ccdf_slope_theory;outdegree_mean_vs_theory_ratio
0.05;0.05;2;100.0;100.0;0.0;0.0;100.0;100.0;5.08;5.0;2.243568585980825;0.4416473594450443;4.640260557147759;5.5197394428522415;0.05080000000000001;0.05;0.022435685859808253;0.44164735944504424;0.046402605571477594;0.05519739442852243;1.18;1.0;0.43312815655415426;0.36705775979165617;1.0951068813153857;1.2648931186846142;0.05080000000000001;0.05;0.022435685859808253;0.44164735944504424;0.046402605571477594;0.05519739442852243;1.11;1.0;0.3713488925525429;0.33454855184913773;1.0372156170597018;1.1827843829402984;0.10160000000000002;0.1;0.044871371719616505;0.44164735944504424;0.09280521114295519;0.11039478885704486;1.27;1.0;0.5070502933634887;0.39925219949881;1.1706181425007562;1.3693818574992438;0.07277777777777777;0.0;0.24900356980930566;3.421423096616414;0.023973078095153866;0.12158247746040168;0.52;0.0;1.108873302050329;2.132448657789094;0.30266083279813555;0.7373391672018645;0.071;0.0;0.24455878638887624;3.4444899491391023;0.023066477867780252;0.11893352213221974;1.0281038961038962;1.0;0.1334526835930467;0.12980466672558985;1.001947170119659;1.0542606220881334;0.052631578947368425;21.0;-20.0;0.9652000000000002
0.05;0.15;2;100.0;100.0;0.0;0.0;100.0;100.0;5.75;6.0;2.46322958735072;0.4283877543218644;5.267207000879258;6.232792999120742;0.05750000000000001;0.06;0.024632295873507203;0.4283877543218643;0.0526720700087926;0.06232792999120742;1.28;1.0;0.5306599664568639;0.41457809879442487;1.1759906465744547;1.3840093534255453;0.05750000000000001;0.06;0.024632295873507203;0.4283877543218643;0.0526720700087926;0.06232792999120742;1.12;1.0;0.3815756805667783;0.3406925719346235;1.0452111666089117;1.1947888333910885;0.11500000000000002;0.12;0.049264591747014405;0.4283877543218643;0.1053441400175852;0.12465585998241484;1.35;1.0;0.57227615711298;0.4239082645281333;1.237833873205856;1.4621661267941441;0.09083333333333332;0.0;0.2748977082479954;3.026396788051326;0.036953382516726224;0.14471328414994042;0.68;0.0;1.2400000000000002;1.823529411764706;0.43696;0.9230400000000001;0.09;0.0;0.2727636339397171;3.0307070437746346;0.03653832774781545;0.14346167225218454;1.041815046065046;1.0;0.15307523462623832;0.14693129572701624;1.0118123000783033;1.0718177920517886;0.05882352941176471;7.666666666666667;-6.666666666666667;0.9775
0.05;0.25;2;100.0;100.0;0.0;0.0;100.0;100.0;6.48;6.0;2.6999259249097927;0.41665523532558524;5.9508145187176815;7.009185481282319;0.06480000000000001;0.06;0.026999259249097927;0.41665523532558524;0.059508145187176814;0.0700918548128232;1.35;1.0;0.5894913061275799;0.4366602267611703;1.2344597039989944;1.4655402960010058;0.06480000000000001;0.06;0.026999259249097927;0.41665523532558524;0.059508145187176814;0.0700918548128232;1.16;1.0;0.41761226035642196;0.3600105692727776;1.0781479969701413;1.2418520030298585;0.12960000000000002;0.12;0.053998518498195855;0.41665523532558524;0.11901629037435363;0.1401837096256464;1.43;1.0;0.620564259364008;0.4339610205342714;1.3083694051646544;1.5516305948353455;0.11561904761904762;0.0;0.29464116305429283;2.5483790873723846;0.05786937966040622;0.17336871557768901;0.94;0.0;1.560897177907629;1.6605289126676905;0.6340641531301046;1.2459358468698953;0.11601648351648353;0.0;0.29584222197907895;2.5500016291826837;0.05803140800858405;0.174001559024383;1.0568618019407492;1.0;0.17980636183026508;0.17013233092546337;1.0216197550220172;1.0921038488594812;0.06666666666666667;5.0;-4.0;0.9720000000000002
0.05;0.35;2;100.0;100.0;0.0;0.0;100.0;100.0;7.56;7.0;3.0702442899547906;0.4061169695707395;6.95823211916886;8.161767880831139;0.0756;0.07;0.030702442899547912;0.40611696957073956;0.06958232119168861;0.08161767880831139;1.62;1.0;1.1556816170554933;0.7133837142317859;1.3934864030571235;1.8465135969428768;0.0756;0.07;0.030702442899547912;0.40611696957073956;0.06958232119168861;0.08161767880831139;1.2;1.0;0.4472135954999579;0.37267799624996495;1.112346135282008;1.2876538647179918;0.1512;0.14;0.061404885799095824;0.40611696957073956;0.13916464238337722;0.16323535761662278;1.67;1.0;1.149391143171027;0.6882581695634893;1.4447193359384787;1.8952806640615212;0.1343311688311688;0.0;0.30766825503060363;2.2903713092624822;0.07402819084517048;0.19463414681716712;1.24;0.0;1.7556765077883796;1.4158681514422415;0.8958874044734776;1.5841125955265225;0.12853372489579387;0.0;0.30485780321636613;2.371811782966093;0.06878159546538612;0.18828585432620162;1.0942565200275405;1.0;0.17715301469879297;0.1618934970516185;1.059534529146577;1.128978510908504;0.07692307692307693;3.857142857142857;-2.857142857142857;0.9828
0.05;0.45;2;100.0;100.0;0.0;0.0;100.0;100.0;8.98;9.0;4.625970168516005;0.5151414441554572;8.073309846970863;9.886690153029138;0.08980000000000002;0.09;0.046259701685160054;0.515141444155457;0.08073309846970865;0.09886690153029139;2.16;2.0;3.5148826438446013;1.6272604832613893;1.4710830018064582;2.848916998193542;0.08980000000000002;0.09;0.046259701685160054;0.515141444155457;0.08073309846970865;0.09886690153029139;1.26;1.0;0.482078831727758;0.38260224740298254;1.1655125489813594;1.3544874510186407;0.17960000000000004;0.18;0.09251940337032011;0.515141444155457;0.1614661969394173;0.19773380306058277;2.23;2.0;3.5038692897994914;1.5712418339908034;1.5432416191992995;2.9167583808007005;0.15045030234315948;0.0;0.3081691597067988;2.048312000090908;0.09004914704062691;0.21085145764569205;1.69;1.0;1.9631352475058872;1.161618489648454;1.3052254914888461;2.0747745085111537;0.12979642919973108;0.0;0.2887671154762813;2.2247693350017026;0.07319807456637994;0.18639478383308222;1.1376542005489525;1.0909090909090908;0.1903608935650204;0.16732755302372682;1.1003434654102084;1.1749649356876966;0.09090909090909091;3.2222222222222223;-2.2222222222222223;0.9878000000000002
0.05;0.55;2;100.0;100.0;0.0;0.0;100.0;100.0;11.14;10.0;9.453062995664421;0.8485693891978834;9.287199652849774;12.992800347150228;0.1114;0.1;0.09453062995664421;0.8485693891978834;0.09287199652849773;0.12992800347150227;3.16;2.0;8.922690177295188;2.823636132055439;1.4111527252501435;4.908847274749856;0.1114;0.1;0.09453062995664421;0.8485693891978834;0.09287199652849773;0.12992800347150227;1.38;1.0;0.5436910887627275;0.3939790498280635;1.2734365466025053;1.4865634533974945;0.2228;0.2;0.18906125991328843;0.8485693891978834;0.18574399305699546;0.25985600694300454;3.2;2.0;8.91852005660132;2.7870375176879123;1.4519700689061414;4.948029931093859;0.22042243312243315;0.0;0.348958967625997;1.5831372636748298;0.15202647546773773;0.28881839077712856;2.32;2.0;2.428497477865686;1.046766154252451;1.8440144943383254;2.7959855056616743;0.17734079101559608;0.0;0.31479453917459005;1.7750825254123612;0.11564106133737644;0.2390405206938157;1.1813522860266519;1.125;0.21326906361337758;0.1805296067362637;1.1395515495584299;1.223153022494874;0.11111111111111113;2.8181818181818183;-1.8181818181818181;1.0025999999999997
0.05;0.65;2;100.0;100.0;0.0;0.0;100.0;100.0;13.58;12.0;10.515873715483654;0.7743647802270732;11.518888751765203;15.641111248234797;0.1358;0.12;0.10515873715483656;0.7743647802270733;0.11518888751765204;0.15641111248234796;4.18;2.0;9.919052374093;2.3729790368643546;2.2358657346777715;6.124134265322228;0.1358;0.12;0.10515873715483656;0.7743647802270733;0.11518888751765204;0.15641111248234796;1.45;1.0;0.5722761571129799;0.39467321180205506;1.337833873205856;1.562166126794144;0.2716;0.24;0.21031747430967312;0.7743647802270733;0.23037777503530407;0.3128222249646959;4.23;2.0;9.911463060517352;2.34313547529961;2.287353240138599;6.172646759861402;0.24242654673368957;0.0;0.33272247093854423;1.372467146941818;0.1772129424297349;0.30764015103764425;3.06;3.0;2.7416053691222593;0.895949467033418;2.522645347652037;3.597354652347963;0.16560339995789009;0.0;0.2808676253908232;1.69602571844686;0.11055334538128873;0.22065345453449142;1.2790174003133123;1.1764705882352942;0.2915190907785926;0.2279242570954712;1.2218796585207081;1.3361551421059166;0.14285714285714288;2.5384615384615383;-1.5384615384615383;0.9505999999999999
0.05;0.75;2;100.0;100.0;0.0;0.0;100.0;100.0;17.47;15.0;12.062715283052983;0.690481699087177;15.105707804521614;19.834292195478383;0.1747;0.15;0.12062715283052984;0.6904816990871772;0.15105707804521615;0.19834292195478384;5.91;3.0;10.939008181732017;1.8509320104453497;3.7659543963805246;8.054045603619475;0.1747;0.15;0.12062715283052984;0.6904816990871772;0.15105707804521615;0.19834292195478384;1.62;2.0;0.6289674077406555;0.3882514862596639;1.4967223880828315;1.7432776119171687;0.3494;0.3;0.24125430566105968;0.6904816990871772;0.3021141560904323;0.3966858439095677;5.95;3.0;10.929203996632145;1.8368410078373352;3.8078760166601;8.092123983339901;0.29511739720370633;0.20974627224627224;0.315573438962238;1.069314930100213;0.2332650031671077;0.356969791240305;4.57;4.0;3.6366330582009514;0.7957621571555692;3.857219920592614;5.282780079407387;0.17761798442584542;0.013316462219956558;0.24882584057148485;1.400904538894643;0.1288481196738344;0.22638784917785645;1.3903989461422481;1.3229166666666665;0.32235999278601535;0.23184712105861705;1.327216387556189;1.4535815047283072;0.2;2.333333333333333;-1.3333333333333333;0.8734999999999999
0.05;0.85;2;100.0;100.0;0.0;0.0;100.0;100.0;23.33;18.0;16.644551661129235;0.7134398483124404;20.067667874418667;26.59233212558133;0.2333;0.18;0.16644551661129234;0.7134398483124403;0.2006766787441867;0.2659233212558133;9.05;4.5;14.599571911532202;1.6132123659151603;6.188483905339689;11.911516094660312;0.2333;0.18;0.16644551661129234;0.7134398483124403;0.2006766787441867;0.2659233212558133;1.79;2.0;0.6526101439603892;0.36458667260356936;1.6620884117837638;1.9179115882162363;0.4666;0.36;0.3328910332225847;0.7134398483124403;0.4013533574883734;0.5318466425116266;9.09;5.0;14.584988858411927;1.6045092253478468;6.231342183751263;11.948657816248737;0.3536275010808595;0.42261904761904756;0.2963334440518364;0.8379818966174738;0.29554614604669954;0.41170885611501945;6.5;5.5;5.160426338976267;0.7939117444578871;5.488556437560652;7.511443562439348;0.16406972061521086;0.07662835249042146;0.20256118147892982;1.2346042933418053;0.1243677290453406;0.2037717121850811;1.4797116242892192;1.4409722222222223;0.31665926632483465;0.21400066143086643;1.4176464080895517;1.5417768404888867;0.3333333333333333;2.1764705882352944;-1.1764705882352942;0.6999000000000001
0.05;0.95;2;100.0;100.0;0.0;0.0;100.0;100.0;31.14;22.5;23.37221427250743;0.7505528025853382;26.559046002588545;35.720953997411456;0.3114;0.225;0.2337221427250743;0.7505528025853381;0.26559046002588543;0.3572095399741146;13.76;7.0;20.389762136915675;1.4818141087874763;9.763606621164527;17.756393378835472;0.3114;0.225;0.2337221427250743;0.7505528025853381;0.26559046002588543;0.3572095399741146;2.01;2.0;0.6402343321003647;0.3185245433335148;1.8845140709083283;2.1354859290916712;0.6228;0.45;0.4674442854501486;0.7505528025853381;0.5311809200517709;0.7144190799482292;13.77;7.0;20.384236556712153;1.4803367143581811;9.774689634884417;17.76531036511558;0.43441167771311257;0.4643315018315018;0.2887926514684743;0.664790258376052;0.3778083180252916;0.49101503740093355;9.0;7.0;6.807348970047004;0.7563721077830005;7.665759601870787;10.334240398129213;0.1550262449117333;0.09449404761904762;0.17526641309508373;1.1305596235971174;0.1206740279450969;0.1893784618783697;1.6116104439609902;1.5630961115187088;0.3486894254544214;0.21636086236660154;1.5432673165719235;1.6799535713500569;0.9999999999999992;2.052631578947368;-1.0526315789473684;0.31140000000000023
0.25;0.05;2;100.0;100.0;0.0;0.0;100.0;100.0;25.32;25.0;5.425642819058401;0.21428289174796214;24.256574007464554;26.383425992535447;0.2532;0.25;0.054256428190584016;0.21428289174796217;0.24256574007464551;0.2638342599253545;2.75;3.0;0.8760707733967615;0.3185711903260951;2.5782901284142348;2.9217098715857652;0.2532;0.25;0.054256428190584016;0.21428289174796217;0.24256574007464551;0.2638342599253545;2.07;2.0;0.49507575177946256;0.239167029845151;1.9729651526512253;2.1670348473487744;0.5064;0.5;0.10851285638116803;0.21428289174796217;0.48513148014929103;0.527668519850709;3.16;3.0;0.9769339793455851;0.3091563225777168;2.9685209400482653;3.351479059951735;0.3962971194655017;0.48124999999999996;0.24367328865124757;0.6148752455730623;0.3485371548898572;0.44405708404114624;9.59;9.0;4.285078762403323;0.4468278167261025;8.75012456256895;10.42987543743105;0.349848919585835;0.3956521739130435;0.2191328024664118;0.6263640966101307;0.3068988903024183;0.39279894886925176;1.416538063606281;1.338095238095238;0.26857617519650934;0.18960039415584573;1.3638971332677652;1.4691789939447968;0.2631578947368421;21.0;-20.0;0.96216
0.25;0.15;2;100.0;100.0;0.0;0.0;100.0;100.0;28.55;28.5;5.933590818383081;0.20783155230763856;27.387016199596918;29.712983800403084;0.28550000000000003;0.28500000000000003;0.059335908183830804;0.20783155230763853;0.2738701619959692;0.29712983800403087;3.12;3.0;0.9724196624914574;0.31167296874726197;2.9294057461516743;3.310594253848326;0.28550000000000003;0.28500000000000003;0.059335908183830804;0.20783155230763853;0.2738701619959692;0.29712983800403087;2.12;2.0;0.5153639490690051;0.2430962023910401;2.018988665982475;2.221011334017525;0.5710000000000001;0.5700000000000001;0.11867181636766161;0.20783155230763853;0.5477403239919384;0.5942596760080617;3.49;3.0;1.0723339032223127;0.30725899805796925;3.279822554968427;3.7001774450315734;0.4187517544744556;0.46562499999999996;0.22291058522028434;0.5323215552852858;0.3750612797712799;0.46244222917763134;11.42;11.0;4.398135968794053;0.3851257415756614;10.557965350116365;12.282034649883634;0.3636014807918871;0.3879598662207358;0.20159678058018426;0.5544443332329861;0.324088511798171;0.4031144497856032;1.5166749901992282;1.4495947315096251;0.35719407846206136;0.23551128670958096;1.4466649508206642;1.5866850295777923;0.29411764705882354;7.666666666666667;-6.666666666666667;0.9707000000000001
0.25;0.25;2;100.0;100.0;0.0;0.0;100.0;100.0;32.49;31.5;6.6715740271693;0.2053423831077039;31.182371490674818;33.797628509325186;0.3249;0.315;0.066715740271693;0.2053423831077039;0.3118237149067482;0.33797628509325184;3.76;3.0;1.7895250766614028;0.475937520388671;3.409253084974365;4.110746915025635;0.3249;0.315;0.066715740271693;0.2053423831077039;0.3118237149067482;0.33797628509325184;2.24;2.0;0.5499090833947009;0.24549512651549146;2.1322178196546386;2.347782180345362;0.6498;0.63;0.133431480543386;0.2053423831077039;0.6236474298134964;0.6759525701865037;4.09;4.0;1.8116015014345737;0.44293435242899115;3.734926105718823;4.445073894281176;0.4499952846354392;0.4861111111111111;0.19421278256290211;0.4315884836887621;0.41192957925311036;0.48806099001776804;13.78;13.0;4.910356402543506;0.35633936157790325;12.817570145101472;14.742429854898527;0.3733820102690528;0.375;0.1759362486537302;0.47119637212021404;0.3388985055329217;0.4078655150051839;1.6307420146104437;1.5314351547070442;0.44303780442485835;0.27167865944184466;1.5439066049431713;1.717577424277716;0.3333333333333333;5.0;-4.0;0.9747000000000001
0.25;0.35;2;100.0;100.0;0.0;0.0;100.0;100.0;37.59;37.0;8.285040736170222;0.2204054465594632;35.96613201571064;39.213867984289365;0.3759;0.37;0.08285040736170221;0.22040544655946318;0.3596613201571064;0.39213867984289363;5.08;4.0;4.557806489968613;0.8972060019623253;4.186669927966152;5.973330072033848;0.3759;0.37;0.08285040736170221;0.22040544655946318;0.3596613201571064;0.39213867984289363;2.35;2.0;0.51720402163943;0.2200868177189064;2.248628011758672;2.4513719882413283;0.7518;0.74;0.16570081472340442;0.22040544655946318;0.7193226403142128;0.7842773596857873;5.26;5.0;4.540088104871975;0.8631346206980941;4.3701427314450925;6.149857268554907;0.47890159250792963;0.5;0.14763023713872608;0.30826841975114466;0.44996606602873934;0.5078371189871199;16.63;16.5;5.133527052621813;0.30869074279145;15.623828697686124;17.636171302313873;0.3664515541112882;0.3518379594898725;0.14542273560442356;0.39684027526394366;0.3379486979328212;0.39495441028975525;1.788444227727055;1.6997153700189753;0.4740008248714874;0.26503528459140047;1.6955400660522435;1.8813483894018663;0.3846153846153846;3.857142857142857;-2.857142857142857;0.9773400000000001
0.25;0.45;2;100.0;100.0;0.0;0.0;100.0;100.0;44.75;43.5;13.626720074911644;0.3045077111712099;42.079162865317315;47.420837134682685;0.4475;0.435;0.13626720074911644;0.3045077111712099;0.4207916286531732;0.4742083713468268;7.33;5.0;9.90359025808318;1.3511037187016615;5.388896309415697;9.271103690584303;0.4475;0.435;0.13626720074911644;0.3045077111712099;0.4207916286531732;0.4742083713468268;2.6;3.0;0.6324555320336759;0.24325212770525995;2.4760387157213994;2.7239612842786007;0.895;0.87;0.2725344014982329;0.3045077111712099;0.8415832573063464;0.9484167426936536;7.44;5.0;9.885666391296036;1.32871860098065;5.502409387305978;9.377590612694023;0.5216023075047406;0.5385760073260073;0.12935609964314787;0.24799756017561755;0.49624851197468356;0.5469561030347976;20.26;20.0;6.713598141086491;0.3313720701424724;18.944134764347048;21.575865235652955;0.35098677735653744;0.34852574750830567;0.13395668672756564;0.38165735967737185;0.32473126675793457;0.3772422879551403;1.9557285418401151;1.8811029153494907;0.5089799278627883;0.26025080524922795;1.8559684759790087;2.0554886077012218;0.45454545454545453;3.2222222222222223;-2.2222222222222223;0.9845
0.25;0.55;2;100.0;100.0;0.0;0.0;100.0;100.0;53.6;52.0;15.849290204927158;0.2956957127784917;50.49353911983428;56.70646088016572;0.5360000000000001;0.52;0.1584929020492716;0.2956957127784917;0.504935391198343;0.5670646088016573;10.16;7.0;11.146945770030461;1.0971403316959116;7.97519862907403;12.344801370925971;0.5360000000000001;0.52;0.1584929020492716;0.2956957127784917;0.504935391198343;0.5670646088016573;2.79;3.0;0.697065276713738;0.24984418520205662;2.6533752057641076;2.9266247942358925;1.0720000000000003;1.04;0.3169858040985432;0.2956957127784917;1.009870782396686;1.1341292176033146;10.28;7.0;11.113127372616583;1.0810435187370218;8.10182703496715;12.45817296503285;0.5564396780305993;0.5714169000933706;0.12458083178269447;0.22388919536367716;0.5320218350011913;0.5808575210600074;24.85;24.0;7.680332024072918;0.30906768708542925;23.34465492328171;26.355345076718294;0.3175288827739918;0.32606861642294716;0.12402512684130375;0.39059478859937713;0.2932199579130963;0.34183780763488736;2.1439671668088627;2.0401635401635403;0.5514616182910874;0.25721551469087905;2.0358806896238097;2.2520536439939156;0.5555555555555556;2.8181818181818183;-1.8181818181818181;0.9648000000000002
0.25;0.65;2;100.0;100.0;0.0;0.0;100.0;100.0;65.93;62.5;21.654216679436825;0.32844254026144126;61.68577353083039;70.17422646916962;0.6593000000000001;0.625;0.21654216679436825;0.32844254026144126;0.6168577353083039;0.7017422646916963;15.09;10.5;15.581460136970476;1.0325685975460885;12.036033813153786;18.143966186846214;0.6593000000000001;0.625;0.21654216679436825;0.32844254026144126;0.6168577353083039;0.7017422646916963;3.1;3.0;0.7937253933193771;0.2560404494578636;2.9444298229094024;3.255570177090598;1.3186000000000002;1.25;0.4330843335887365;0.32844254026144126;1.2337154706166078;1.4034845293833926;15.14;10.5;15.562146381524625;1.027882852148258;12.089819309221173;18.190180690778828;0.6000347042798212;0.6141784641784642;0.13508213675640013;0.22512387332417644;0.5735586054755668;0.6265108030840756;30.46;30.0;9.205889419279378;0.30222880562309185;28.655645673821244;32.26435432617876;0.28959314192771557;0.3040726472206935;0.12589842270233184;0.43474241780821227;0.2649170510780585;0.3142692327773726;2.211734114582847;2.1207324881546934;0.533675068553481;0.24129259707789827;2.107133801146365;2.316334428019329;0.7142857142857143;2.5384615384615383;-1.5384615384615383;0.9230200000000002
0.25;0.75;2;100.0;100.0;0.0;0.0;100.0;100.0;82.51;75.5;30.712699327802497;0.3722300245764452;76.49031093175071;88.5296890682493;0.8251000000000001;0.755;0.30712699327802495;0.3722300245764452;0.7649031093175072;0.885296890682493;22.39;14.0;22.343184643197127;0.9979090952745479;18.010735809933365;26.769264190066636;0.8251000000000001;0.755;0.30712699327802495;0.3722300245764452;0.7649031093175072;0.885296890682493;3.36;3.0;0.806473806146238;0.2400219661149518;3.201931133995337;3.5180688660046626;1.6502000000000001;1.51;0.6142539865560499;0.3722300245764452;1.5298062186350143;1.770593781364986;22.45;14.0;22.306669406256056;0.9936155637530537;18.077892796373813;26.822107203626185;0.6575342626737755;0.6682872682872683;0.12516734656882889;0.19035866824620296;0.633001462746285;0.6820670626012659;37.5;36.5;11.694870670511923;0.31186321788031796;35.20780534857966;39.79219465142034;0.2644295488749711;0.2727272727272727;0.12206966956116135;0.46163399695878515;0.24050389364098348;0.2883552041089587;2.318964587463184;2.213911371714964;0.5655981761609822;0.24390117003887263;2.2081073449356317;2.4298218299907366;1.0;2.333333333333333;-1.3333333333333333;0.8251000000000001
0.25;0.85;2;100.0;100.0;0.0;0.0;100.0;100.0;102.27;91.0;41.083294658534875;0.4017140379244635;94.21767424692716;110.32232575307283;1.0227000000000002;0.91;0.41083294658534875;0.40171403792446336;0.9421767424692719;1.1032232575307286;30.65;18.0;27.738195687535264;0.9049982279783121;25.213313645243087;36.08668635475691;1.0227000000000002;0.91;0.41083294658534875;0.40171403792446336;0.9421767424692719;1.1032232575307286;3.81;4.0;0.8682741502543998;0.22789347775706031;3.6398182665501375;3.9801817334498626;2.0454000000000003;1.82;0.8216658931706975;0.40171403792446336;1.8843534849385437;2.206446515061457;30.7;18.0;27.70866290530815;0.902562309619158;25.269102070559605;36.130897929440394;0.6920640047758099;0.6949444811381351;0.12217714459404089;0.17654023869312416;0.6681172844353779;0.7160107251162419;45.63;43.0;14.352459719504527;0.3145399894697464;42.81691789497712;48.44308210502289;0.23134444993839465;0.2262541806020067;0.1137247091144577;0.49158174810219896;0.20905440695196092;0.25363449292482837;2.4613907711463305;2.3985372502062487;0.5353252375677164;0.2174889269282513;2.356467024583058;2.566314517709603;1.6666666666666665;2.1764705882352944;-1.1764705882352942;0.6136200000000002
0.25;0.95;2;100.0;100.0;0.0;0.0;100.0;100.0;128.74;113.0;52.75123126525104;0.40975012634185987;118.40075867201081;139.07924132798922;1.2873999999999999;1.13;0.5275123126525105;0.40975012634186003;1.1840075867201079;1.390792413279892;41.05;27.5;30.514054139035675;0.7433387122785793;35.069245388749;47.03075461125099;1.2873999999999999;1.13;0.5275123126525105;0.40975012634186003;1.1840075867201079;1.390792413279892;4.2;4.0;0.9695359714832659;0.23084189797220614;4.00997094958928;4.39002905041072;2.5747999999999998;2.26;1.055024625305021;0.40975012634186003;2.3680151734402157;2.781584826559784;41.07;27.5;30.497952390283515;0.7425846698388974;35.09240133150443;47.04759866849557;0.7106870904022152;0.7175083130498923;0.12020586042407444;0.1691403460783896;0.6871267417590966;0.7342474390453338;54.79;51.0;16.779329545604615;0.30624802966973197;51.501251409061496;58.0787485909385;0.1907696417100379;0.18476315146162398;0.09475351767412225;0.4966907565835016;0.17219795224590995;0.20934133117416587;2.5748458520225266;2.4281519655381265;0.6199500256768617;0.24077170491192496;2.4533356469898617;2.6963560570551914;4.999999999999996;2.052631578947368;-1.0526315789473684;0.2574800000000002
0.45;0.05;2;100.0;100.0;0.0;0.0;100.0;100.0;46.98;45.0;8.42137755952077;0.17925452446830079;45.32940999833393;48.630590001666064;0.4698;0.45;0.08421377559520772;0.1792545244683008;0.4532940999833393;0.4863059000166607;3.96;4.0;1.1306635220082055;0.2855210914162135;3.7383899496863915;4.181610050313608;0.4698;0.45;0.08421377559520772;0.1792545244683008;0.4532940999833393;0.4863059000166607;2.65;3.0;0.5722761571129799;0.21595326683508675;2.537833873205856;2.7621661267941438;0.9396;0.9;0.16842755119041544;0.1792545244683008;0.9065881999666786;0.9726118000333214;4.52;4.0;1.1702991070662232;0.2589157316518193;4.29062137501502;4.749378624984979;0.47538960357308374;0.4859920634920634;0.13460563153973026;0.28314803379800196;0.4490068997912966;0.5017723073548709;23.97;23.0;6.187818678662134;0.2581484638574107;22.757187538982222;25.182812461017775;0.42000954417992703;0.4258241758241758;0.12321609014436938;0.293364976705351;0.39585919051163065;0.4441598978482234;1.9371718057130989;1.865138592750533;0.5176113959145;0.26719952994771173;1.8357199721138568;2.0386236393123407;0.4736842105263158;21.0;-20.0;0.9917999999999999
0.45;0.15;2;100.0;100.0;0.0;0.0;100.0;100.0;52.56;51.0;9.146933912519538;0.1740284229931419;50.76720095314617;54.35279904685383;0.5256;0.51;0.09146933912519539;0.17402842299314195;0.5076720095314616;0.5435279904685383;4.59;4.0;1.3645145656972666;0.29727986180768334;4.322555145123336;4.857444854876664;0.5256;0.51;0.09146933912519539;0.17402842299314195;0.5076720095314616;0.5435279904685383;2.79;3.0;0.5708765190476833;0.20461523980203702;2.678108202266654;2.901891797733346;1.0512;1.02;0.18293867825039078;0.17402842299314195;1.0153440190629233;1.0870559809370766;5.04;5.0;1.341044369139217;0.26608023197206687;4.777155303648714;5.302844696351286;0.5073987424173234;0.5057137669882767;0.11642222404707969;0.22944917737167977;0.4845799865040958;0.530217498330551;27.57;28.0;6.1826450650186935;0.22425263202824422;26.358201567256337;28.781798432743663;0.43435917118649386;0.44010043041606883;0.10748314330579876;0.24745222487693358;0.4132924750985573;0.4554258672744304;2.0914155717773815;1.9862385321100917;0.5434735876620244;0.2598592049308285;1.9848947485956248;2.197936394959138;0.5294117647058824;7.666666666666667;-6.666666666666667;0.9927999999999999
0.45;0.25;2;100.0;100.0;0.0;0.0;100.0;100.0;59.36;57.0;11.104521601581942;0.187070781697809;57.18351376608994;61.53648623391006;0.5936;0.57;0.11104521601581942;0.187070781697809;0.5718351376608994;0.6153648623391006;5.82;5.0;3.0671811162694653;0.5270070646511108;5.218832501211185;6.421167498788815;0.5936;0.57;0.11104521601581942;0.187070781697809;0.5718351376608994;0.6153648623391006;2.94;3.0;0.6902173570694958;0.2347678085270394;2.804717398014379;3.075282601985621;1.1872;1.14;0.22209043203163883;0.187070781697809;1.1436702753217989;1.2307297246782012;6.11;5.0;3.0557977681777304;0.5001305676231964;5.511063637437165;6.708936362562835;0.5307300655486985;0.5326923076923077;0.10412594072258387;0.1961937856581248;0.510321381167072;0.551138749930325;31.28;31.0;6.655944711308831;0.21278595624388846;29.97543483658347;32.584565163416535;0.42443395236268006;0.4168899565739629;0.10297662141027636;0.242621074108328;0.4042505345662659;0.4446173701590942;2.28393961578227;2.231354944647492;0.585298694464828;0.2562671492802834;2.1692210716671636;2.398658159897376;0.6;5.0;-4.0;0.9893333333333334
0.45;0.35;2;100.0;100.0;0.0;0.0;100.0;100.0;68.59;66.0;14.161987854817559;0.20647306975969615;65.81425038045576;71.36574961954425;0.6859000000000002;0.66;0.14161987854817557;0.20647306975969607;0.6581425038045577;0.7136574961954426;8.3;7.0;7.5372408744845085;0.9081013101788564;6.822700788601037;9.777299211398965;0.6859000000000002;0.66;0.14161987854817557;0.20647306975969607;0.6581425038045577;0.7136574961954426;3.15;3.0;0.653834841531101;0.2075666163590797;3.021848371059904;3.278151628940096;1.3718000000000004;1.32;0.28323975709635113;0.20647306975969607;1.3162850076091155;1.4273149923908852;8.54;7.0;7.49188894738837;0.8772703685466476;7.071589766311879;10.008410233688119;0.5560205514491283;0.5609940886345925;0.10174601711928366;0.18298966981365733;0.5360783320937488;0.5759627708045079;35.9;36.0;7.351870510285122;0.20478747939512876;34.45903337998411;37.340966620015884;0.39652598900132213;0.3949591969379649;0.10135788734323178;0.25561473939831425;0.3766598430820487;0.41639213492059557;2.499869474642674;2.351247872943846;0.7777043335470305;0.3110979758885987;2.347439425267456;2.652299524017892;0.6923076923076923;3.857142857142857;-2.857142857142857;0.9907444444444448
0.45;0.45;2;100.0;100.0;0.0;0.0;100.0;100.0;80.29;79.0;17.97737188801522;0.22390549119460978;76.76643510994903;83.81356489005098;0.8029;0.79;0.17977371888015223;0.22390549119460984;0.7676643510994902;0.8381356489005097;11.65;9.0;10.451196103795965;0.8970983780082373;9.601565563655992;13.698434436344009;0.8029;0.79;0.17977371888015223;0.22390549119460984;0.7676643510994902;0.8381356489005097;3.38;3.0;0.6599999999999999;0.19526627218934908;3.2506399999999998;3.50936;1.6058;1.58;0.35954743776030446;0.22390549119460984;1.5353287021989803;1.6762712978010195;11.8;9.5;10.402884215447179;0.8816003572412863;9.761034693772354;13.838965306227648;0.5831953410004362;0.6009938382031406;0.08941569084299993;0.15332031063487703;0.5656698655952083;0.6007208164056642;40.91;41.0;8.229331686109145;0.20115697106108887;39.2970509895226;42.52294901047739;0.36518394263599524;0.3689839572192513;0.09948938377550998;0.2724363592149453;0.3456840234159953;0.3846838618559952;2.6414853801674134;2.550876535810608;0.683796516392059;0.25886818133694195;2.50746126295457;2.775509497380257;0.8181818181818181;3.2222222222222223;-2.2222222222222223;0.9813222222222222
0.45;0.55;2;100.0;100.0;0.0;0.0;100.0;100.0;95.68;92.0;22.464140312952107;0.234784075177175;91.2770284986614;100.08297150133862;0.9567999999999999;0.92;0.22464140312952108;0.23478407517717506;0.9127702849866137;1.000829715013386;16.76;12.5;14.059957325682038;0.8388996017710046;14.004248364166322;19.51575163583368;0.9567999999999999;0.92;0.22464140312952108;0.23478407517717506;0.9127702849866137;1.000829715013386;3.77;4.0;0.7463913182774837;0.19798178203646782;3.623707301617613;3.916292698382387;1.9135999999999997;1.84;0.44928280625904216;0.23478407517717506;1.8255405699732274;2.001659430026772;16.84;13.0;14.009082767975924;0.8318932760080715;14.094219777476718;19.58578022252328;0.627442238408589;0.6360444001153946;0.08314583286263266;0.13251551740207881;0.6111456551675131;0.643738821649665;47.05;47.0;8.620179812509713;0.18321317348586003;45.360444756748095;48.7395552432519;0.3404194223386751;0.34937113518575325;0.11086408909347818;0.32566910645651165;0.3186900608763534;0.36214878380099685;2.693651765052483;2.5853203822891286;0.6700799827378513;0.24876266168904557;2.5623160884358644;2.824987441669102;1.0000000000000002;2.8181818181818183;-1.8181818181818181;0.9567999999999997
0.45;0.65;2;100.0;100.0;0.0;0.0;100.0;100.0;115.76;109.0;31.717540888284514;0.2739939606797211;109.54336198589624;121.97663801410377;1.1576000000000002;1.09;0.3171754088828452;0.2739939606797211;1.0954336198589625;1.2197663801410379;24.59;16.0;20.732146536236908;0.843112913226389;20.526499278897568;28.653500721102432;1.1576000000000002;1.09;0.3171754088828452;0.2739939606797211;1.0954336198589625;1.2197663801410379;4.13;4.0;0.8905616205518853;0.2156323536445243;3.9554499223718302;4.3045500776281695;2.3152000000000004;2.18;0.6343508177656904;0.2739939606797211;2.190867239717925;2.4395327602820758;24.68;16.5;20.674564082466166;0.8377051897271542;20.627785439836632;28.732214560163367;0.6732135031624452;0.6674264007597341;0.08582616270351245;0.12748728642598656;0.6563915752725568;0.6900354310523337;54.44;53.0;10.324068965286893;0.18964123742261008;52.416482482803765;56.46351751719623;0.3084190446086955;0.323721954672983;0.11288289660316925;0.3660049487099236;0.2862939968744743;0.3305440923429167;2.704216387993078;2.713882589560529;0.5690613712004936;0.21043485045322868;2.592680359237781;2.8157524167483747;1.2857142857142858;2.5384615384615383;-1.5384615384615383;0.9003555555555557
0.45;0.75;2;100.0;100.0;0.0;0.0;100.0;100.0;141.74;130.0;43.17351502947148;0.3045965502290918;133.2779910542236;150.2020089457764;1.4174;1.3;0.4317351502947148;0.3045965502290919;1.332779910542236;1.502020089457764;34.09;22.0;26.484370862831536;0.7768955958589479;28.899063310885023;39.28093668911498;1.4174;1.3;0.4317351502947148;0.3045965502290919;1.332779910542236;1.502020089457764;4.61;4.5;0.9888882646689666;0.21450938496073027;4.416177900124882;4.803822099875118;2.8348;2.6;0.8634703005894296;0.3045965502290919;2.665559821084472;3.004040178915528;34.15;22.0;26.448582192624237;0.774482641072452;28.96607789024565;39.33392210975435;0.7055631977281223;0.7006856684981684;0.0908032522370895;0.12869612889316134;0.6877657602896528;0.7233606351665918;62.85;61.5;12.534253069090315;0.19943123419395886;60.3932863984583;65.3067136015417;0.2716791345447862;0.28682122794914755;0.10642851978727415;0.3917434438445233;0.2508191446664805;0.29253912442309193;2.8895215687943905;2.713752618715084;0.7848233997838121;0.271610154518164;2.7356961824367634;3.0433469551520176;1.8;2.333333333333333;-1.3333333333333333;0.7874444444444444
0.45;0.85;2;100.0;100.0;0.0;0.0;100.0;100.0;174.68;164.5;56.098106919930906;0.3211478527589358;163.68477104369356;185.67522895630646;1.7468000000000001;1.645;0.560981069199309;0.32114785275893576;1.6368477104369354;1.8567522895630648;45.63;34.0;29.301076772023244;0.6421450092488109;39.886988952683446;51.37301104731656;1.7468000000000001;1.645;0.560981069199309;0.32114785275893576;1.6368477104369354;1.8567522895630648;5.1;5.0;1.02469507659596;0.2009206032541098;4.899159764987192;5.300840235012807;3.4936000000000003;3.29;1.121962138398618;0.32114785275893576;3.273695420873871;3.7135045791261296;45.67;34.0;29.270481717935564;0.6409126717305794;39.93298558328463;51.40701441671537;0.7361733439303525;0.7410254884296408;0.09242262858715226;0.1255446551402113;0.7180585087272706;0.7542881791334344;71.23;69.0;13.160436922838086;0.1847597490220144;68.65055436312375;73.80944563687626;0.23737405445592047;0.23951020453526667;0.09633164630350255;0.40582213807782014;0.21849305178043396;0.25625505713140695;3.048048542316168;2.8573306074766354;0.9858094224987475;0.32342313739847633;2.8548298955064135;3.2412671891259226;2.9999999999999996;2.1764705882352944;-1.1764705882352942;0.5822666666666668
0.45;0.95;2;100.0;100.0;0.0;0.0;100.0;100.0;211.84;194.5;66.65038934619963;0.3146260826387822;198.7765236881449;224.90347631185512;2.1184;1.9449999999999998;0.6665038934619962;0.3146260826387822;1.9877652368814487;2.249034763118551;57.08;51.0;30.469880209807197;0.5338100947758795;51.10790347887779;63.05209652112221;2.1184;1.9449999999999998;0.6665038934619962;0.3146260826387822;1.9877652368814487;2.249034763118551;5.73;5.5;1.2153600289626119;0.21210471709644185;5.491789434323328;5.968210565676673;4.2368;3.8899999999999997;1.3330077869239925;0.3146260826387822;3.9755304737628974;4.498069526237102;57.12;51.0;30.443482061025804;0.5329741257182389;51.15307751603894;63.086922483961054;0.7506636323694825;0.737201780443022;0.08877619376684415;0.11826361360629738;0.7332634983911811;0.768063766347784;79.53;81.0;12.404398413466087;0.1559713116241178;77.09873791096065;81.96126208903935;0.20761027651794933;0.19862949717091918;0.0817650037230236;0.3938389038076083;0.1915843357882367;0.22363621724766197;3.059273417021174;2.862844072268806;1.0568979102126073;0.3454735050264689;2.852121426619503;3.266425407422845;8.999999999999993;2.052631578947368;-1.0526315789473684;0.23537777777777794
0.65;0.05;2;100.0;100.0;0.0;0.0;100.0;100.0;67.43;66.0;10.651060980015089;0.15795730357430057;65.34239204791704;69.51760795208297;0.6743000000000001;0.66;0.10651060980015088;0.15795730357430054;0.6534239204791705;0.6951760795208297;4.98;5.0;1.2804686642007292;0.25712222172705407;4.7290281418166575;5.230971858183343;0.6743000000000001;0.66;0.10651060980015088;0.15795730357430054;0.6534239204791705;0.6951760795208297;3.19;3.0;0.6276145313805281;0.19674436720392732;3.0669875518494165;3.3130124481505834;1.3486000000000002;1.32;0.21302121960030176;0.15795730357430054;1.306847840958341;1.3903521590416594;5.63;5.5;1.3088544609695916;0.23247858987026493;5.37346452564996;5.8865354743500395;0.5194662519818155;0.5223196138211381;0.09487152595595907;0.18263270346055158;0.5008714328944476;0.5380610710691834;37.12;37.0;6.922831790531964;0.18649870125355508;35.76312496905573;38.476875030944264;0.4515491166645886;0.4515673312719906;0.08345483086643357;0.1848189439121945;0.4351919698147676;0.46790626351440956;2.518757729206295;2.428585423197492;0.6598235423835516;0.2619638779595819;2.3894323148991186;2.648083143513471;0.6842105263157895;21.0;-20.0;0.9855153846153848
0.65;0.15;2;100.0;100.0;0.0;0.0;100.0;100.0;75.29;74.5;12.18958161710237;0.16190173485326562;72.90084200304794;77.67915799695207;0.7529;0.745;0.12189581617102369;0.16190173485326562;0.7290084200304794;0.7767915799695206;6.1;6.0;1.7521415467935233;0.28723631914647924;5.756580256828469;6.44341974317153;0.7529;0.745;0.12189581617102369;0.16190173485326562;0.7290084200304794;0.7767915799695206;3.36;3.0;0.6560487786742689;0.1952526127006753;3.231414439379843;3.4885855606201566;1.5058;1.49;0.24379163234204737;0.16190173485326562;1.4580168400609588;1.5535831599390413;6.6;6.0;1.7204650534085253;0.260676523243716;6.262788849531929;6.9372111504680705;0.536054040904824;0.5438345864661653;0.08362140772950395;0.15599436129304523;0.5196642449898412;0.5524438368198068;41.19;40.5;7.227302401311294;0.17546254919425333;39.77344872934298;42.606551270657015;0.4434875569814729;0.4481006115944526;0.08254823322285039;0.18613427124021636;0.42730810326979424;0.4596670106931516;2.744204529543906;2.5514845348044384;0.7963265416889174;0.2901848361212599;2.5881245273728783;2.9002845317149335;0.7647058823529412;7.666666666666667;-6.666666666666667;0.9845615384615384
0.65;0.25;2;100.0;100.0;0.0;0.0;100.0;100.0;84.68;83.5;14.007055365065137;0.16541161271923874;81.93461714844724;87.42538285155277;0.8467999999999999;0.835;0.14007055365065135;0.16541161271923874;0.8193461714844722;0.8742538285155276;7.91;7.0;3.685362940064384;0.46591187611433427;7.187668863747381;8.632331136252619;0.8467999999999999;0.835;0.14007055365065135;0.16541161271923874;0.8193461714844722;0.8742538285155276;3.6;4.0;0.7348469228349535;0.2041241452319315;3.4559700031243494;3.7440299968756507;1.6935999999999998;1.67;0.2801411073013027;0.16541161271923874;1.6386923429689444;1.7485076570310552;8.22;7.5;3.6209943385760766;0.44051026016740585;7.5102851096390895;8.929714890360911;0.5592167377525886;0.5604440225702684;0.08197789326382669;0.14659413377590239;0.5431490706728785;0.5752844048322987;45.45;45.0;7.036156621338101;0.15481092676211441;44.07091330221773;46.82908669778227;0.4294926373940433;0.4362849818414869;0.08377534982039828;0.1950565446912133;0.41307266882924526;0.44591260595884136;3.017409976284778;2.766895667608967;0.9804009612573804;0.3249147344785115;2.8252513878783314;3.209568564691225;0.8666666666666667;5.0;-4.0;0.977076923076923
0.65;0.35;2;100.0;100.0;0.0;0.0;100.0;100.0;97.55;95.0;17.922820648547482;0.18372958122549957;94.0371271528847;101.0628728471153;0.9754999999999999;0.95;0.17922820648547483;0.1837295812254996;0.9403712715288468;1.010628728471153;11.21;9.0;8.982533050314927;0.8012964362457562;9.449423522138275;12.970576477861727;0.9754999999999999;0.95;0.17922820648547483;0.1837295812254996;0.9403712715288468;1.010628728471153;3.88;4.0;0.8158431221748457;0.21026884592135198;3.72009474805373;4.039905251946269;1.9509999999999998;1.9;0.35845641297094966;0.1837295812254996;1.8807425430576936;2.021257456942306;11.49;10.0;8.904487632649056;0.7749771655917368;9.744720424000786;13.235279575999215;0.5901812607229427;0.5973664763524458;0.07801693053408422;0.13219147357968863;0.5748899423382623;0.6054725791076232;50.75;50.0;7.639862564208862;0.1505391638267756;49.25258693741506;52.24741306258494;0.4020646196988902;0.4005813953488372;0.09175152946957889;0.2282009532156608;0.3840813199228527;0.42004791947492764;3.077497123641493;2.912102810337523;0.883555774123533;0.287102063341022;2.9043201919132806;3.2506740553697058;1.0;3.857142857142857;-2.857142857142857;0.9754999999999999
0.65;0.45;2;100.0;100.0;0.0;0.0;100.0;100.0;114.05;111.5;22.035142386651376;0.19320598322359822;109.73111209221632;118.36888790778367;1.1405;1.1150000000000002;0.22035142386651374;0.1932059832235982;1.0973111209221633;1.1836888790778368;15.66;13.0;11.763689897306882;0.751193480032368;13.354316780127851;17.965683219872147;1.1405;1.1150000000000002;0.22035142386651374;0.1932059832235982;1.0973111209221633;1.1836888790778368;4.17;4.0;0.8373171442171717;0.20079547822953758;4.005885839733434;4.334114160266566;2.281;2.2300000000000004;0.4407028477330275;0.1932059832235982;2.1946222418443266;2.3673777581556736;15.82;13.0;11.680222600618535;0.7383200126813233;13.530676370278767;18.10932362972123;0.6271150897177239;0.6237895415149514;0.07139990385424018;0.11385454603935395;0.6131207085622928;0.641109470873155;56.2;55.5;7.516648189186455;0.1337481884196878;54.72673695491946;57.673263045080546;0.3786071405106061;0.39129478315524824;0.09804281794134868;0.25895660026148437;0.3593907481941018;0.39782353282711047;3.1091453737078223;2.9534768140369074;0.8357680790855059;0.26880958547422557;2.945334830207063;3.2729559172085816;1.1818181818181817;3.2222222222222223;-2.2222222222222223;0.9650384615384617
0.65;0.55;2;100.0;100.0;0.0;0.0;100.0;100.0;136.05;129.0;28.711800709812678;0.21103859397142724;130.42248706087673;141.6775129391233;1.3604999999999998;1.29;0.2871180070981268;0.2110385939714273;1.304224870608767;1.4167751293912327;22.9;17.0;16.812197952677096;0.7341571158374278;19.604809201275287;26.19519079872471;1.3604999999999998;1.29;0.2871180070981268;0.2110385939714273;1.304224870608767;1.4167751293912327;4.64;4.5;0.9951884243699781;0.21448026387284014;4.444943068823484;4.835056931176515;2.7209999999999996;2.58;0.5742360141962536;0.2110385939714273;2.608449741217534;2.8335502587824655;22.98;17.0;16.762446122210203;0.72943629774631;19.6945605600468;26.2654394399532;0.664835904117897;0.6602731609776964;0.06967257671767546;0.10479665175441587;0.6511800790812325;0.6784917291545614;63.49;63.0;8.519970657226468;0.13419389915303934;61.82008575118361;65.15991424881639;0.34882069638567303;0.3744627507163324;0.10329185947040659;0.2961173477969384;0.32857549192947333;0.36906590084187274;3.2741343994973273;3.1598266216938837;0.8249068491807326;0.2519465448050573;3.112452657057904;3.435816141936751;1.4444444444444446;2.8181818181818183;-1.8181818181818181;0.9418846153846151
0.65;0.65;2;100.0;100.0;0.0;0.0;100.0;100.0;164.36;156.0;40.45677199184334;0.24614731073158516;156.43047268959873;172.2895273104013;1.6436000000000002;1.56;0.40456771991843343;0.24614731073158516;1.5643047268959873;1.722895273104013;32.7;22.5;23.909203248958338;0.7311682950751784;28.01379616320417;37.386203836795836;1.6436000000000002;1.56;0.40456771991843343;0.24614731073158516;1.5643047268959873;1.722895273104013;5.13;5.0;0.9127431182978046;0.1779226351457709;4.95110234881363;5.30889765118637;3.2872000000000003;3.12;0.8091354398368669;0.24614731073158516;3.1286094537919746;3.445790546208026;32.75;23.0;23.879436760526826;0.7291431071916588;28.06963039493674;37.430369605063255;0.7024603571094863;0.6983029322840246;0.07691598248421953;0.10949512197487796;0.6873848245425792;0.7175358896763934;70.54;69.0;9.669974146811354;0.1370849751461774;68.64468506722498;72.43531493277503;0.31496994760705144;0.33447021373351526;0.10761309086439148;0.34166145590069713;0.2938777817976307;0.3360621134164722;3.2625807064995804;3.127598233542159;0.8578570219834729;0.26293817660187996;3.09444073019082;3.430720682808341;1.8571428571428574;2.5384615384615383;-1.5384615384615383;0.8850153846153845
0.65;0.75;2;100.0;100.0;0.0;0.0;100.0;100.0;198.93;192.5;53.69548491260694;0.26992150461271275;188.40568495712904;209.45431504287097;1.9892999999999998;1.9249999999999998;0.5369548491260694;0.26992150461271275;1.8840568495712902;2.0945431504287093;44.13;34.0;27.24322117518411;0.6173401580599164;38.79032864966392;49.469671350336085;1.9892999999999998;1.9249999999999998;0.5369548491260694;0.26992150461271275;1.8840568495712902;2.0945431504287093;5.67;5.0;1.1229870880824944;0.1980576874925034;5.449894530735831;5.890105469264169;3.9785999999999997;3.8499999999999996;1.0739096982521388;0.26992150461271275;3.7681136991425803;4.189086300857419;44.18;34.0;27.223291498274044;0.616190391540834;38.84423486633828;49.515765133661716;0.7340052446002524;0.735392129776683;0.07469738388989554;0.10176682583593334;0.7193645573578329;0.7486459318426719;78.02;78.0;10.188208871043035;0.13058457922382768;76.02311106127556;80.01688893872443;0.280645137351407;0.2884781059628178;0.09964824448155536;0.3550684876352652;0.26111408143302217;0.30017619326979184;3.2205284287713334;3.0789143920022894;1.0291612725200305;0.3195628591028047;3.0188128193574073;3.4222440381852595;2.6;2.333333333333333;-1.3333333333333333;0.7651153846153845
0.65;0.85;2;100.0;100.0;0.0;0.0;100.0;100.0;240.19;231.0;65.4690300829331;0.2725718393061039;227.35807010374512;253.02192989625487;2.4019000000000004;2.31;0.6546903008293311;0.2725718393061039;2.2735807010374516;2.530219298962549;56.47;50.0;29.017393060025224;0.5138550214277532;50.782590960235055;62.15740903976494;2.4019000000000004;2.31;0.6546903008293311;0.2725718393061039;2.2735807010374516;2.530219298962549;6.29;6.0;1.2672410978184065;0.2014691729441028;6.0416207448275925;6.538379255172408;4.803800000000001;4.62;1.3093806016586622;0.2725718393061039;4.547161402074903;5.060438597925098;56.5;50.0;28.99224034116715;0.5131369971887991;50.81752089313124;62.18247910686876;0.7549799685641031;0.7561345874230948;0.07150166399595553;0.09470670345326458;0.7409656424208958;0.7689942947073104;84.68;85.5;9.337965517177711;0.11027356538943918;82.84975875863317;86.51024124136684;0.2487193255766969;0.24878720992483994;0.08748330945230536;0.3517350702421729;0.23157259692404505;0.2658660542293487;3.0034733398999354;2.7942326540296913;0.9805492726888577;0.32647177508208747;2.8112856824529193;3.1956609973469514;4.333333333333333;2.1764705882352944;-1.1764705882352942;0.5542846153846155
0.65;0.95;2;100.0;100.0;0.0;0.0;100.0;100.0;289.14;279.5;76.72874559120591;0.2653688372110601;274.10116586412363;304.17883413587634;2.8914;2.795;0.7672874559120592;0.2653688372110601;2.7410116586412365;3.0417883413587634;68.69;71.0;27.190327324252646;0.39584113152209416;63.36069584444648;74.01930415555351;2.8914;2.795;0.7672874559120592;0.2653688372110601;2.7410116586412365;3.0417883413587634;7.09;7.0;1.3497777594848717;0.19037768116852916;6.825443559140965;7.354556440859035;5.7828;5.59;1.5345749118241183;0.2653688372110601;5.482023317282473;6.083576682717527;68.71;71.0;27.16884060831452;0.39541319470694986;63.384907240770346;74.03509275922964;0.7603467841825389;0.7620453928164098;0.07065035496071274;0.09291859508115113;0.7464993146102392;0.7741942537548385;90.9;93.0;7.2339477465627295;0.07958138335052507;89.48214624167372;92.3178537583263;0.22218896121353524;0.20303863999630645;0.06816891209163758;0.30680602546282076;0.20882785444357427;0.2355500679834962;2.6277982544517933;2.405223944979766;0.7826907280947866;0.29785038739896347;2.474390871745215;2.7812056371583713;12.99999999999999;2.052631578947368;-1.0526315789473684;0.2224153846153848
0.85;0.05;2;100.0;100.0;0.0;0.0;100.0;100.0;87.62;87.0;13.568183371402377;0.1548525835585754;84.96063605920514;90.27936394079487;0.8762000000000001;0.87;0.1356818337140238;0.1548525835585754;0.8496063605920514;0.9027936394079488;6.07;6.0;1.5182555779578086;0.25012447742303273;5.77242190672027;6.367578093279731;0.8762000000000001;0.87;0.1356818337140238;0.1548525835585754;0.8496063605920514;0.9027936394079488;3.71;4.0;0.697065276713738;0.18788821474763825;3.5733752057641075;3.8466247942358924;1.7524000000000002;1.74;0.2713636674280476;0.1548525835585754;1.6992127211841028;1.8055872788158975;6.75;7.0;1.6085707942145413;0.2383067843280802;6.43472012433395;7.06527987566605;0.5379707800166514;0.5351962081128747;0.07636078703197278;0.14194225758805942;0.5230040657583848;0.5529374942749181;48.48;48.5;6.737180419136777;0.13896824296899293;47.15951263784919;49.800487362150804;0.45528078101976177;0.4485981308411215;0.07353518560934734;0.16151612076538652;0.44086788464032967;0.4696936773991939;3.2951347207436883;3.063495599866325;1.017756447189197;0.30886641471202025;3.095654457094606;3.4946149843927707;0.8947368421052632;21.0;-20.0;0.9792823529411766
0.85;0.15;2;100.0;100.0;0.0;0.0;100.0;100.0;97.93;98.0;15.193587463137204;0.15514742635696113;94.95205685722512;100.9079431427749;0.9793000000000001;0.98;0.15193587463137206;0.15514742635696116;0.9495205685722511;1.009079431427749;7.42;7.0;2.088923167567443;0.28152603336488446;7.010571059156781;7.8294289408432185;0.9793000000000001;0.98;0.15193587463137206;0.15514742635696116;0.9495205685722511;1.009079431427749;3.96;4.0;0.8475848040166836;0.2140365666708797;3.79387337841273;4.12612662158727;1.9586000000000001;1.96;0.30387174926274413;0.15514742635696116;1.8990411371445022;2.018158862855498;8.04;8.0;2.0732583051805196;0.2578679484055373;7.633641372184617;8.44635862781538;0.5691412116195091;0.5675872711792253;0.06982358367585015;0.1226823541334583;0.5554557892190425;0.5828266340199758;52.86;53.0;6.7970876116172;0.12858659878201287;51.527770828123025;54.192229171876974;0.4522255821350321;0.4483009708737864;0.07229361950812524;0.15986185294254043;0.43805603271143956;0.46639513155862466;3.3799292591567873;3.3423954346354203;0.9627507530710282;0.284843462466789;3.191230111554866;3.568628406758709;1.0;7.666666666666667;-6.666666666666667;0.9793000000000001
0.85;0.25;2;100.0;100.0;0.0;0.0;100.0;100.0;110.98;110.5;16.96524682991674;0.15286760524343793;107.65481162133632;114.30518837866369;1.1098000000000001;1.105;0.16965246829916739;0.1528676052434379;1.0765481162133632;1.143051883786637;9.98;9.0;4.7686056662299094;0.477816199021033;9.045353289418939;10.914646710581062;1.1098000000000001;1.105;0.16965246829916739;0.1528676052434379;1.0765481162133632;1.143051883786637;4.14;4.0;0.8946507698538017;0.2160992197714497;3.9646484491086547;4.315351550891345;2.2196000000000002;2.21;0.33930493659833477;0.1528676052434379;2.1530962324267264;2.286103767573274;10.4;10.0;4.6475800154489;0.4468826937931635;9.489074316972015;11.310925683027985;0.5901151712536842;0.5859874252731396;0.059938946517374705;0.10157160743730073;0.5783671377362787;0.6018632047710897;57.75;58.0;6.70876292620331;0.11616905499919152;56.43508246646415;59.06491753353585;0.43144454434226626;0.4337849489676561;0.07728006476968018;0.17911934635190024;0.41629765164740895;0.44659143703712356;3.520965807761438;3.4410686994212414;0.9084381428330915;0.2580082262743298;3.342911931766152;3.699019683756724;1.1333333333333333;5.0;-4.0;0.9792352941176472
0.85;0.35;2;100.0;100.0;0.0;0.0;100.0;100.0;127.5;126.5;21.14308397561718;0.16582810961268377;123.35595554077904;131.64404445922096;1.275;1.2650000000000001;0.2114308397561718;0.16582810961268377;1.2335595554077903;1.3164404445922095;14.07;12.0;9.912875465776821;0.7045398340992766;12.127076408707744;16.012923591292257;1.275;1.2650000000000001;0.2114308397561718;0.16582810961268377;1.2335595554077903;1.3164404445922095;4.47;4.0;0.8883130078975541;0.19872774225896064;4.295890650452079;4.644109349547921;2.55;2.5300000000000002;0.4228616795123436;0.16582810961268377;2.4671191108155806;2.632880889184419;14.33;12.0;9.812293309925057;0.6847378443771847;12.40679051125469;16.253209488745313;0.6174526427514572;0.615548324185366;0.06066494228570933;0.09825035652188269;0.6055623140634582;0.6293429714394562;62.62;62.0;7.12429645649309;0.11377030431959581;61.22363789452735;64.01636210547264;0.41036448820769367;0.41213003174021157;0.08432336556679147;0.20548407084414608;0.39383710855660253;0.4268918678587848;3.645821719003041;3.5783084071592626;0.8638445477594656;0.2369409736238244;3.4765081876421857;3.815135250363896;1.3076923076923077;3.857142857142857;-2.857142857142857;0.9749999999999999
0.85;0.45;2;100.0;100.0;0.0;0.0;100.0;100.0;148.55;147.0;25.581389719872533;0.17220726839362188;143.536047614905;153.56395238509504;1.4854999999999998;1.47;0.25581389719872527;0.17220726839362188;1.4353604761490497;1.53563952385095;19.92;16.0;12.818486650147122;0.6434983258105984;17.407576616571166;22.432423383428837;1.4854999999999998;1.47;0.25581389719872527;0.17220726839362188;1.4353604761490497;1.53563952385095;5.03;5.0;0.9214662229295222;0.1831940801052728;4.849392620305814;5.210607379694187;2.9709999999999996;2.94;0.5116277943974505;0.17220726839362188;2.8707209522980994;3.0712790477019;20.06;17.0;12.73484982243607;0.6348379771902328;17.56396943480253;22.556030565197467;0.6496109960920252;0.6520438100026613;0.05930899407142116;0.09129924589980205;0.6379864332540267;0.6612355589300237;68.4;67.5;7.28834686331544;0.1065547787034421;66.97148401479018;69.82851598520983;0.38695263322142354;0.39983552631578945;0.09499843080718039;0.2455040298248081;0.36833294078321616;0.4055723256596309;3.7106847390367754;3.50276099056426;0.9130302970712646;0.24605439731004208;3.5317308008108075;3.8896386772627434;1.5454545454545452;3.2222222222222223;-2.2222222222222223;0.9612058823529412
0.85;0.55;2;100.0;100.0;0.0;0.0;100.0;100.0;176.06;174.5;34.74473197479008;0.19734597282057298;169.25003253294113;182.86996746705887;1.7606;1.745;0.3474473197479007;0.19734597282057295;1.6925003253294113;1.8286996746705886;28.62;21.0;19.134147485581895;0.6685586123543639;24.869707092825948;32.370292907174054;1.7606;1.745;0.3474473197479007;0.19734597282057295;1.6925003253294113;1.8286996746705886;5.44;5.0;0.9830564581955605;0.18070890775653686;5.24732093419367;5.632679065806331;3.5212;3.49;0.6948946394958014;0.19734597282057295;3.3850006506588226;3.657399349341177;28.73;21.0;19.06769781593992;0.6636859664441322;24.992731228075776;32.467268771924225;0.6848977644596566;0.6869375333661047;0.06186027529304661;0.09032045146453452;0.6727731505022194;0.6970223784170937;74.86;75.0;7.701973773001307;0.10288503570666988;73.35041314049174;76.36958685950826;0.3536655681628026;0.3692452323395111;0.10178982602569028;0.28781378564631277;0.3337147622617673;0.3736163740638379;3.5814154132722495;3.3802567689902068;0.9595516490392594;0.2679252581209341;3.393343290060555;3.769487536483944;1.888888888888889;2.8181818181818183;-1.8181818181818181;0.9320823529411764
0.85;0.65;2;100.0;100.0;0.0;0.0;100.0;100.0;211.53;205.5;47.59883506977876;0.22502167574234747;202.20062832632337;220.85937167367663;2.1152999999999995;2.0549999999999997;0.47598835069778755;0.2250216757423475;2.022006283263233;2.208593716736766;39.83;30.0;24.6580838671621;0.6190832002802436;34.997015562036225;44.66298443796377;2.1152999999999995;2.0549999999999997;0.47598835069778755;0.2250216757423475;2.022006283263233;2.208593716736766;5.94;6.0;1.1297787393998882;0.19019844097641214;5.718563367077622;6.161436632922379;4.230599999999999;4.109999999999999;0.9519767013955751;0.2250216757423475;4.044012566526466;4.417187433473532;39.9;30.0;24.61442666405212;0.6169029239110808;35.07557237384578;44.72442762615422;0.7169507544530354;0.7122367989870488;0.06517721176632445;0.0909089102166416;0.7041760209468357;0.729725487959235;81.3;81.0;8.047981113297919;0.09899115760514045;79.72259570179361;82.87740429820639;0.321347921723434;0.3327930848190167;0.09768124174452561;0.30397346657992186;0.302202398341507;0.34049344510536106;3.3674403545691067;3.3264646485727942;0.937380318728285;0.2783658268679954;3.183713812098363;3.5511668970398507;2.428571428571429;2.5384615384615383;-1.5384615384615383;0.8710058823529409
0.85;0.75;2;100.0;100.0;0.0;0.0;100.0;100.0;254.65;243.0;61.54809095333501;0.24169680327247206;242.58657417314635;266.71342582685367;2.5464999999999995;2.4299999999999997;0.6154809095333501;0.24169680327247212;2.425865741731463;2.6671342582685362;52.67;45.0;27.39856018114821;0.5201929026229012;47.29988220449495;58.040117795505054;2.5464999999999995;2.4299999999999997;0.6154809095333501;0.24169680327247212;2.425865741731463;2.6671342582685362;6.68;7.0;1.2237646832622682;0.18319830587758507;6.440142122080595;6.919857877919404;5.092999999999999;4.859999999999999;1.2309618190667002;0.24169680327247212;4.851731483462926;5.3342685165370725;52.7;45.0;27.378276059679138;0.5195118796903062;47.333857892302895;58.06614210769711;0.7437110639589082;0.7404642875495085;0.061392069472932013;0.08254828043854955;0.7316782183422135;0.7557439095756029;87.17;88.0;7.1120390887564735;0.08158815061094957;85.77604033860374;88.56395966139627;0.28708473261179884;0.2931479371972095;0.09000795000333592;0.3135239870977266;0.269443174411145;0.30472629081245267;3.0501812274809055;2.956582746816341;0.8930429686501133;0.29278357646560654;2.8751448056254834;3.2252176493363276;3.4;2.333333333333333;-1.3333333333333333;0.748970588235294
0.85;0.85;2;100.0;100.0;0.0;0.0;100.0;100.0;303.92;295.0;73.17754846945886;0.24077898285555033;289.5772004999861;318.26279950001395;3.0392;2.95;0.7317754846945886;0.24077898285555036;2.8957720049998605;3.1826279950001397;65.24;63.5;27.07697176569049;0.4150363544710376;59.93291353392466;70.54708646607533;3.0392;2.95;0.7317754846945886;0.24077898285555036;2.8957720049998605;3.1826279950001397;7.39;7.0;1.340857934309224;0.18144221032601138;7.127191844875392;7.652808155124608;6.0784;5.9;1.4635509693891773;0.24077898285555036;5.791544009999721;6.365255990000279;65.28;63.5;27.04924398204135;0.4143572913915648;59.9783481795199;70.5816518204801;0.7617885685722874;0.7740836426795434;0.06062294954916813;0.07957975749463549;0.7499064704606504;0.7736706666839244;92.23;94.0;6.0792351492601435;0.06591385828103809;91.03846991074502;93.42153008925499;0.2594354445098527;0.25047332814362144;0.07437839983670953;0.2866932850182884;0.2448572781418576;0.27401361087784776;2.6551699349642424;2.5149673362232123;0.7540875132016066;0.28400725063639365;2.5073687823767274;2.8029710875517573;5.666666666666666;2.1764705882352944;-1.1764705882352942;0.5363294117647059
0.85;0.95;2;100.0;100.0;0.0;0.0;100.0;100.0;361.98;354.0;85.62476043762108;0.23654555621200363;345.1975469542263;378.7624530457737;3.6197999999999997;3.54;0.856247604376211;0.2365455562120037;3.4519754695422624;3.787624530457737;77.33;87.0;24.08321199508072;0.3114342686548651;72.60969044896417;82.05030955103582;3.6197999999999997;3.54;0.856247604376211;0.2365455562120037;3.4519754695422624;3.787624530457737;8.21;8.0;1.282926342390708;0.156263866308247;7.958546436891422;8.461453563108579;7.239599999999999;7.08;1.712495208752422;0.2365455562120037;6.903950939084525;7.575249060915474;77.33;87.0;24.08321199508072;0.3114342686548651;72.60969044896417;82.05030955103582;0.7643485495804415;0.7747734170763004;0.06241845774628937;0.08166229631828499;0.7521145318621688;0.7765825672987142;95.84;97.0;4.555699726715973;0.04753442953585114;94.94708285356367;96.73291714643634;0.24006266141476523;0.22564694099971389;0.058396657565267844;0.2432558950280642;0.22861691653197275;0.2515084062975577;2.371011564513925;2.050105132962276;0.7291267007803259;0.30751714234249306;2.2281027311609813;2.513920397866869;16.999999999999986;2.052631578947368;-1.0526315789473684;0.21292941176470603
1.05;0.05;2;100.0;100.0;0.0;0.0;100.0;100.0;108.15;108.0;15.721561627268455;0.14536811490770646;105.06857392105539;111.23142607894462;1.0815;1.08;0.15721561627268457;0.1453681149077065;1.0506857392105537;1.112314260789446;7.17;7.0;1.5036954478883016;0.20972042508902394;6.875275692213893;7.464724307786107;1.0815;1.08;0.15721561627268457;0.1453681149077065;1.0506857392105537;1.112314260789446;4.18;4.0;0.8529947244854448;0.20406572356111122;4.012813034000852;4.347186965999147;2.163;2.16;0.31443123254536914;0.1453681149077065;2.1013714784211075;2.224628521578892;7.98;8.0;1.5295751043999113;0.1916760782456029;7.680203279537618;8.279796720462382;0.5548686165348458;0.5528693528693529;0.06620223977119695;0.11931155916625796;0.5418929775396911;0.5678442555300004;57.97;58.5;6.762329480290057;0.11665222494894009;56.644583421863146;59.29541657813685;0.4618499130004638;0.4535554871479144;0.06348462667761728;0.13745726672368894;0.4494069261716508;0.4742928998292768;3.843258132987543;3.6933024778594308;1.0753074609387347;0.2797905901009174;3.632497870643551;4.054018395331535;1.105263157894737;21.0;-20.0;0.9784999999999998
1.05;0.15;2;100.0;100.0;0.0;0.0;100.0;100.0;120.21;120.5;17.09169096374025;0.14218193963680434;116.86002857110691;123.55997142889308;1.2021000000000002;1.205;0.17091690963740247;0.1421819396368043;1.1686002857110693;1.235599714288931;8.83;8.0;2.4002291557265942;0.27182663145261543;8.359555085477588;9.300444914522412;1.2021000000000002;1.205;0.17091690963740247;0.1421819396368043;1.1686002857110693;1.235599714288931;4.4;4.0;0.8366600265340755;0.1901500060304717;4.2360146347993215;4.563985365200679;2.4042000000000003;2.41;0.34183381927480494;0.1421819396368043;2.3372005714221387;2.471199428577862;9.49;9.0;2.2825205365998356;0.24051849700735886;9.042625974826432;9.937374025173568;0.570298269851349;0.5724434848317669;0.061264861494027684;0.10742599922317257;0.5582903569985196;0.5823061827041784;62.0;63.0;6.351377803280167;0.10244157747226076;60.755129950557084;63.244870049442916;0.45078496720171624;0.443688958220293;0.06155209447905839;0.13654424827240347;0.43872075668382077;0.4628491777196117;3.994246022916644;4.017401938750478;0.9177746861240091;0.22977420040186697;3.8143621844363382;4.17412986139695;1.2352941176470589;7.666666666666667;-6.666666666666667;0.9731285714285716
1.05;0.25;2;100.0;100.0;0.0;0.0;100.0;100.0;136.34;133.5;19.70036547884328;0.1444943925395576;132.47872836614673;140.20127163385328;1.3633999999999997;1.335;0.19700365478843276;0.1444943925395576;1.324787283661467;1.4020127163385325;12.13;11.0;5.59044720930267;0.46087775839263556;11.034272346976678;13.225727653023323;1.3633999999999997;1.335;0.19700365478843276;0.1444943925395576;1.324787283661467;1.4020127163385325;4.7;5.0;0.8185352771872448;0.17415644195473293;4.5395670856713;4.8604329143287;2.7267999999999994;2.67;0.3940073095768655;0.1444943925395576;2.649574567322934;2.804025432677065;12.51;11.0;5.441497955526584;0.43497185895496276;11.443466400716789;13.576533599283211;0.5973720220424837;0.5979969765684052;0.049633450649737815;0.08308633283499842;0.5876438657151352;0.6071001783698323;66.85;67.0;6.263186090162098;0.0936901434579222;65.62241552632823;68.07758447367176;0.4342730769898332;0.431335850425164;0.06821934494937064;0.15708858910212325;0.42090208537975654;0.44764406859990985;4.092818258605055;4.0043606424255005;0.9179358948404278;0.22427966179795278;3.912902823216331;4.272733693993779;1.4000000000000001;5.0;-4.0;0.9738571428571425
1.05;0.35;2;100.0;100.0;0.0;0.0;100.0;100.0;156.91;154.0;24.177301338238724;0.15408387826294515;152.1712489377052;161.6487510622948;1.5691;1.54;0.24177301338238724;0.15408387826294517;1.521712489377052;1.616487510622948;16.87;15.0;10.327298775575343;0.6121694591330968;14.845849439987234;18.89415056001277;1.5691;1.54;0.24177301338238724;0.15408387826294517;1.521712489377052;1.616487510622948;5.12;5.0;0.8034923770640268;0.15693210489531773;4.962515494095451;5.27748450590455;3.1382;3.08;0.4835460267647745;0.15408387826294517;3.043424978754104;3.232975021245896;17.12;15.0;10.212032119025086;0.5964972032140821;15.118441704671085;19.121558295328917;0.6284625423507286;0.6248653141722029;0.047628071260440746;0.07578505965095492;0.6191274403836823;0.637797644317775;71.62;72.0;6.447914391491252;0.09002952236095017;70.35620877926772;72.88379122073229;0.41759316111746564;0.42301951523792547;0.08065940754999179;0.19315308549151008;0.40178391723766727;0.433402404997264;4.04859171066019;3.8509941389676916;0.977501387347986;0.2414423229623686;3.857001438739985;4.2401819825803955;1.6153846153846154;3.857142857142857;-2.857142857142857;0.971347619047619
1.05;0.45;2;100.0;100.0;0.0;0.0;100.0;100.0;181.83;179.5;30.086892494905484;0.16546715335701195;175.93296907099852;187.7270309290015;1.8183;1.795;0.3008689249490549;0.16546715335701198;1.7593296907099853;1.8772703092900147;23.78;19.0;14.113525427759006;0.5935040129419262;21.013749016159235;26.546250983840768;1.8183;1.795;0.3008689249490549;0.16546715335701198;1.7593296907099853;1.8772703092900147;5.64;5.0;0.9436100889668357;0.16730675336291415;5.4550524225625;5.8249475774374995;3.6366;3.59;0.6017378498981097;0.16546715335701198;3.5186593814199707;3.7545406185800294;23.92;19.0;14.029739840781081;0.5865275853169348;21.17017099120691;26.669829008793094;0.6576086011294087;0.6554011068139034;0.05436376418870316;0.08266887643400073;0.6469533033484228;0.6682638989103945;77.14;78.0;6.426538726250702;0.08331006904654786;75.88039840965486;78.39960159034514;0.3899968091218676;0.40223363592928807;0.08939328223221475;0.22921541956585806;0.3724757258043535;0.40751789243938175;3.850248114362583;3.7116893335643333;0.9450051797534686;0.24544007338859936;3.6650270991309033;4.035469129594263;1.909090909090909;3.2222222222222223;-2.2222222222222223;0.9524428571428573
1.05;0.55;2;100.0;100.0;0.0;0.0;100.0;100.0;216.08;211.5;41.09347393443392;0.19017712853773566;208.02567910885097;224.13432089114906;2.1608;2.115;0.4109347393443392;0.19017712853773566;2.0802567910885097;2.2413432089114904;33.78;25.5;20.964054951273145;0.6206055343775353;29.671045229550465;37.88895477044954;2.1608;2.115;0.4109347393443392;0.19017712853773566;2.0802567910885097;2.2413432089114904;6.02;6.0;1.0097524449091468;0.1677329642706224;5.822088520797807;6.217911479202193;4.3216;4.23;0.8218694786886784;0.19017712853773566;4.160513582177019;4.482686417822981;33.85;25.5;20.93436170510102;0.6184449543604437;29.746865105800204;37.9531348941998;0.6897197879009666;0.6903289828613868;0.055930034720219325;0.08109095273376446;0.6787575010958036;0.7006820747061295;82.72;83.5;6.574313652389883;0.07947671243217944;81.43143452413157;84.00856547586842;0.35855258833845993;0.3744969997056148;0.0940991430387835;0.2624416782900407;0.3401091563028584;0.3769960203740615;3.6006957058513573;3.428187908588594;0.9822318196724373;0.27278945512564384;3.4081782691955596;3.793213142507155;2.3333333333333335;2.8181818181818183;-1.8181818181818181;0.9260571428571428
1.05;0.65;2;100.0;100.0;0.0;0.0;100.0;100.0;257.86;252.0;54.63662141823925;0.21188482672085338;247.1512222020251;268.5687777979749;2.5786000000000002;2.5199999999999996;0.5463662141823924;0.21188482672085332;2.4715122220202512;2.6856877779797492;46.27;37.0;25.044302745335116;0.5412643774656389;41.36131666191432;51.17868333808568;2.5786000000000002;2.5199999999999996;0.5463662141823924;0.21188482672085332;2.4715122220202512;2.6856877779797492;6.84;7.0;1.1976643937263896;0.17509713358572948;6.605257778829627;7.074742221170372;5.1572000000000005;5.039999999999999;1.0927324283647848;0.21188482672085332;4.9430244440405025;5.3713755559594984;46.34;37.5;25.011285452771116;0.5397342566415864;41.43778805125687;51.24221194874314;0.7197158193645514;0.7225087158247101;0.0606202695954319;0.08422806330553427;0.7078342465238467;0.7315973922052561;87.94;89.0;6.380940369569363;0.07256015885341555;86.68933568756441;89.19066431243559;0.32575965303896687;0.3365571148285018;0.08879014584230069;0.2725633607906617;0.30835678445387593;0.3431625216240578;3.1924725944597068;3.132797083285075;0.8462051660140872;0.26506262496430255;3.0266163819209457;3.358328806998468;3.0000000000000004;2.5384615384615383;-1.5384615384615383;0.8595333333333333
1.05;0.75;2;100.0;100.0;0.0;0.0;100.0;100.0;307.17;298.5;68.06438936771563;0.22158540667290305;293.82937968392775;320.5106203160723;3.0716999999999994;2.985;0.6806438936771564;0.2215854066729031;2.9382937968392766;3.2051062031607223;59.42;54.0;26.761233155443342;0.4503741695631663;54.17479830153311;64.6652016984669;3.0716999999999994;2.985;0.6806438936771564;0.2215854066729031;2.9382937968392766;3.2051062031607223;7.46;7.0;1.2443472184241824;0.1668025761962711;7.216107945188861;7.703892054811139;6.143399999999999;5.97;1.3612877873543128;0.2215854066729031;5.876587593678553;6.4102124063214445;59.47;54.0;26.710093597739416;0.4491355910163009;54.234821654843074;64.70517834515692;0.7462167568176541;0.743509985589091;0.05922841461367734;0.07937159554854438;0.7346079875533733;0.7578255260819349;92.64;94.0;5.275452587219413;0.05694573172732527;91.606011292905;93.673988707095;0.2954677067474985;0.3001563853357643;0.07850397059162562;0.2656939110395361;0.2800809285115399;0.31085448498345714;2.7618073825820666;2.7025672932960543;0.782294826641913;0.2832546656134037;2.6084775965602516;2.9151371686038816;4.2;2.333333333333333;-1.3333333333333333;0.7313571428571427
1.05;0.85;2;100.0;100.0;0.0;0.0;100.0;100.0;364.75;350.5;80.04865707805472;0.2194617054915825;349.0604632127013;380.4395367872987;3.6475;3.505;0.8004865707805472;0.2194617054915825;3.4906046321270128;3.804395367872987;72.32;76.5;24.774535313502852;0.34256824271989567;67.46419107855344;77.17580892144655;3.6475;3.505;0.8004865707805472;0.2194617054915825;3.4906046321270128;3.804395367872987;8.26;8.0;1.3610290224679267;0.16477348940289668;7.993238311596286;8.526761688403713;7.295;7.01;1.6009731415610944;0.2194617054915825;6.9812092642540255;7.608790735745974;72.34;76.5;24.747614026406666;0.3421013827261082;67.4894676508243;77.19053234917571;0.7610236008430293;0.7732997160161155;0.0571898672220227;0.07514861189412551;0.7498143868675129;0.7722328148185458;95.97;97.0;4.018594281586535;0.041873442550656816;95.18235552080904;96.75764447919096;0.2717332125321203;0.26304004770830364;0.06297117375955368;0.23173896621897166;0.2593908624752478;0.2840755625889928;2.4018902324815574;2.2137724818137188;0.6030372528382255;0.25106778181748396;2.2836949309252654;2.5200855340378494;6.999999999999999;2.1764705882352944;-1.1764705882352942;0.5210714285714286
1.05;0.95;2;100.0;100.0;0.0;0.0;100.0;100.0;431.36;422.0;94.96352141743691;0.2201491130782569;412.7471498021824;449.97285019781765;4.313599999999999;4.220000000000001;0.9496352141743691;0.220149113078257;4.127471498021823;4.499728501978176;83.42;95.0;21.09937439830859;0.2529294461557012;79.28452261793151;87.55547738206849;4.313599999999999;4.220000000000001;0.9496352141743691;0.220149113078257;4.127471498021823;4.499728501978176;9.28;9.0;1.6191355718407274;0.1744758159311129;8.962649427919217;9.597350572080781;8.627199999999998;8.440000000000001;1.8992704283487383;0.220149113078257;8.254942996043646;8.999457003956351;83.42;95.0;21.09937439830859;0.2529294461557012;79.28452261793151;87.55547738206849;0.7664888353267666;0.7721789329910088;0.053948512618781634;0.07038395098838264;0.7559149268534854;0.7770627438000478;98.22;99.0;2.6175561121015147;0.0266499298727501;97.7069590020281;98.7330409979719;0.2577990114753362;0.25081293543314276;0.048872120521653975;0.18957450706256726;0.248220075853092;0.26737794709758034;2.146878115239254;1.9393939393939394;0.44398096505800183;0.20680306064255694;2.059857846087886;2.2338983843906224;20.999999999999982;2.052631578947368;-1.0526315789473684;0.20540952380952396
1.25;0.05;2;100.0;100.0;0.0;0.0;100.0;100.0;128.11;128.5;17.548729298727014;0.13698172897296865;124.67044905744952;131.5495509425505;1.2811000000000001;1.2850000000000001;0.17548729298727017;0.13698172897296867;1.246704490574495;1.3154955094255052;8.14;8.0;1.737929802955229;0.21350488979793966;7.799365758620776;8.480634241379226;1.2811000000000001;1.2850000000000001;0.17548729298727017;0.13698172897296867;1.246704490574495;1.3154955094255052;4.61;5.0;0.8472897969408105;0.18379388219974196;4.443931199799602;4.776068800200399;2.5622000000000003;2.5700000000000003;0.35097458597454034;0.13698172897296867;2.49340898114899;2.6309910188510104;9.13;9.0;1.747312221670758;0.19138140434509943;8.787526804552533;9.472473195447469;0.5653219718643021;0.5717023463598806;0.0587021053335081;0.10383835805978323;0.5538163592189346;0.5768275845096696;65.78;66.0;6.510883196617799;0.0989796776621739;64.50386689346291;67.05613310653709;0.4647992421472719;0.46278878705894017;0.05482615134031114;0.11795662808533461;0.4540533164845709;0.4755451678099729;4.307108840494843;4.3362847222222225;0.934544446955609;0.216977207116094;4.1239381288915435;4.4902795520981424;1.3157894736842106;21.0;-20.0;0.9736360000000001
1.25;0.15;2;100.0;100.0;0.0;0.0;100.0;100.0;142.88;142.0;19.10040837259769;0.13368146957305216;139.13631995897086;146.62368004102913;1.4287999999999998;1.42;0.1910040837259769;0.13368146957305216;1.3913631995897084;1.4662368004102913;10.21;10.0;2.9471850976821936;0.2886567186760229;9.632351720854292;10.78764827914571;1.4287999999999998;1.42;0.1910040837259769;0.13368146957305216;1.3913631995897084;1.4662368004102913;4.94;5.0;0.8581375181169975;0.17371204820182135;4.771805046449069;5.108194953550932;2.8575999999999997;2.84;0.3820081674519538;0.13368146957305216;2.782726399179417;2.9324736008205825;10.91;11.0;2.724316428023734;0.24970819688576848;10.376033980107348;11.443966019892652;0.5852488822627993;0.5786535980614927;0.05107955407721073;0.08727834537627369;0.5752372896636659;0.5952604748619326;69.9;70.0;6.103277807866851;0.0873144178521724;68.7037575496581;71.0962424503419;0.455697260420424;0.44927799331936347;0.05403162357100195;0.11856912091407493;0.44510706220050766;0.4662874586403404;4.409561848312448;4.229251880046604;0.967819544700877;0.219482020661818;4.219869217551076;4.59925447907382;1.4705882352941178;7.666666666666667;-6.666666666666667;0.9715839999999998
1.25;0.25;2;100.0;100.0;0.0;0.0;100.0;100.0;162.25;161.5;22.21862957070035;0.13694070613682804;157.89514860414272;166.60485139585728;1.6225000000000003;1.6150000000000002;0.22218629570700346;0.136940706136828;1.5789514860414275;1.666048513958573;14.07;13.0;6.423791715178815;0.45655946802976655;12.810936823824953;15.329063176175048;1.6225000000000003;1.6150000000000002;0.22218629570700346;0.136940706136828;1.5789514860414275;1.666048513958573;5.28;5.0;0.8611620056644396;0.16309886470917415;5.11121224688977;5.4487877531102304;3.2450000000000006;3.2300000000000004;0.4443725914140069;0.136940706136828;3.157902972082855;3.332097027917146;14.46;13.0;6.2408653246164505;0.4315951123524516;13.236790396375177;15.683209603624825;0.6097572971118367;0.6143994830235551;0.044985424857190905;0.07377595162906275;0.6009401538398272;0.6185744403838461;74.09;74.0;5.782897197772066;0.07805233091877535;72.95655214923669;75.22344785076332;0.4407828821091965;0.43995138431114045;0.06545907694824794;0.1485063953369032;0.4279529030273399;0.45361286119105315;4.348919780896963;4.13487937747521;1.0174046647944632;0.23394422432520104;4.149508466597248;4.548331095196677;1.6666666666666667;5.0;-4.0;0.9735000000000001
1.25;0.35;2;100.0;100.0;0.0;0.0;100.0;100.0;185.25;184.0;26.799766790030095;0.14466810682877243;179.9972457091541;190.5027542908459;1.8525000000000003;1.84;0.26799766790030094;0.14466810682877243;1.7999724570915412;1.9050275429084593;19.47;17.0;10.701826946834824;0.5496572648605457;17.372441918420375;21.567558081579623;1.8525000000000003;1.84;0.26799766790030094;0.14466810682877243;1.7999724570915412;1.9050275429084593;5.71;6.0;0.9725739046468396;0.17032817944778275;5.519375514689219;5.9006244853107805;3.7050000000000005;3.68;0.5359953358006019;0.14466810682877243;3.5999449141830824;3.8100550858169187;19.71;17.0;10.564369361206564;0.5359903278136258;17.639383605203513;21.78061639479649;0.639623977146669;0.639382158903898;0.045148244493276896;0.07058560358334437;0.6307749212259867;0.6484730330673513;78.55;79.0;5.536018424824831;0.07047763748981326;77.46494038873433;79.63505961126566;0.4223660515508946;0.4232065818686745;0.07513919263917358;0.17790064415278747;0.4076387697936166;0.43709333330817257;4.202243879013554;4.02895241397228;1.0532715549419585;0.25064503281261397;3.9958026542449296;4.408685103782178;1.923076923076923;3.857142857142857;-2.857142857142857;0.9633000000000003
1.25;0.45;2;100.0;100.0;0.0;0.0;100.0;100.0;217.03;217.0;34.54777995761812;0.15918435219839708;210.25863512830685;223.80136487169315;2.1703;2.17;0.3454777995761812;0.15918435219839708;2.1025863512830685;2.2380136487169318;27.6;22.5;15.37725593205758;0.5571469540600572;24.586057837316716;30.613942162683287;2.1703;2.17;0.3454777995761812;0.15918435219839708;2.1025863512830685;2.2380136487169318;6.15;6.0;1.0331989159885913;0.1679998237379823;5.947493012466237;6.352506987533764;4.3406;4.34;0.6909555991523624;0.15918435219839708;4.205172702566137;4.4760272974338635;27.73;23.0;15.306766477607216;0.5519930211903071;24.729873770388984;30.730126229611017;0.6675247994484682;0.6652935363705184;0.049686655217845814;0.0744341712231495;0.6577862150257704;0.677263383871166;83.77;84.0;5.4879048825576415;0.06551157792237844;82.6943706430187;84.84562935698129;0.393579327870128;0.40241338415925454;0.08320987011347518;0.2114182941562736;0.37727019332788686;0.40988846241236915;3.808114778129589;3.7330649699562257;0.9467482255992822;0.2486133640289832;3.62255212591213;3.993677430347048;2.2727272727272725;3.2222222222222223;-2.2222222222222223;0.9549320000000001
1.25;0.55;2;100.0;100.0;0.0;0.0;100.0;100.0;255.46;254.5;45.812098838625595;0.1793317890809739;246.4808286276294;264.43917137237065;2.5545999999999998;2.545;0.45812098838625587;0.17933178908097389;2.4648082862762934;2.644391713723706;38.78;30.0;21.888161183617047;0.5644188030845035;34.48992040801106;43.07007959198894;2.5545999999999998;2.545;0.45812098838625587;0.17933178908097389;2.4648082862762934;2.644391713723706;6.82;7.0;1.2278436382536662;0.18003572408411528;6.5793426469022815;7.060657353097719;5.1091999999999995;5.09;0.9162419767725117;0.17933178908097389;4.929616572552587;5.288783427447412;38.91;31.0;21.81563430203211;0.5606690902603987;34.634135676801705;43.18586432319829;0.6957321516410517;0.6923324648682961;0.05421092562850658;0.07791924737219211;0.6851068102178645;0.706357493064239;88.32;89.0;5.045552497001691;0.05712808533742857;87.33107171058766;89.30892828941232;0.3620168483061443;0.3765113484797924;0.08551522633461134;0.23621891283439458;0.3452558639445605;0.3787778326677281;3.3395989520022114;3.26193484895438;0.8843998721689306;0.2648221792136749;3.166256577057101;3.5129413269473218;2.777777777777778;2.8181818181818183;-1.8181818181818181;0.9196559999999998
1.25;0.65;2;100.0;100.0;0.0;0.0;100.0;100.0;303.66;292.0;60.36078528316211;0.19877753172351348;291.82928608450027;315.4907139154998;3.0366000000000004;2.92;0.6036078528316211;0.19877753172351348;2.9182928608450025;3.1549071391549983;51.83;44.5;25.148381657673323;0.4852089843270948;46.90091719509603;56.75908280490397;3.0366000000000004;2.92;0.6036078528316211;0.19877753172351348;2.9182928608450025;3.1549071391549983;7.46;7.0;1.2443472184241824;0.1668025761962711;7.216107945188861;7.703892054811139;6.073200000000001;5.84;1.2072157056632422;0.19877753172351348;5.836585721690005;6.309814278309997;51.88;44.5;25.108277519575093;0.48396834077824;46.95877760616328;56.801222393836724;0.7246584946819329;0.7156519438243554;0.055827886046389344;0.07704026994245519;0.7137162290168406;0.7356007603470252;92.67;93.0;4.690533018751707;0.050615442092928745;91.75065552832467;93.58934447167533;0.3307593823804494;0.33852056989891166;0.07987754596841581;0.24149744564626818;0.31510338337063987;0.3464153813902589;2.881432131914897;2.9016468829043696;0.7125359040140231;0.24728533291551003;2.7417750947281485;3.0210891691016455;3.5714285714285716;2.5384615384615383;-1.5384615384615383;0.8502480000000001
1.25;0.75;2;100.0;100.0;0.0;0.0;100.0;100.0;359.93;348.5;73.47288683589342;0.2041310444694619;345.5293141801649;374.33068581983514;3.5993;3.4850000000000003;0.7347288683589341;0.20413104446946187;3.455293141801649;3.743306858198351;65.56;64.0;25.330740218161804;0.38637492706165044;60.595174917240286;70.52482508275972;3.5993;3.4850000000000003;0.7347288683589341;0.20413104446946187;3.455293141801649;3.743306858198351;8.22;8.0;1.3234802605252562;0.16100733096414307;7.96059786893705;8.479402131062951;7.1986;6.970000000000001;1.4694577367178683;0.20413104446946187;6.910586283603298;7.486613716396702;65.63;64.0;25.270399680258322;0.3850434203909542;60.67700166266936;70.58299833733062;0.7477114158677611;0.7478165395970571;0.05524996964417133;0.0738921039209367;0.7368824218175035;0.7585404099180187;95.81;96.5;3.6130181289332053;0.037710240360434244;95.1018484467291;96.51815155327091;0.3044836889395727;0.3030054741941982;0.06816251799389997;0.22386262538821045;0.2911238354127683;0.31784354246637714;2.498773547079218;2.3851081826045006;0.5837279235726339;0.23360577202161656;2.3843628740589815;2.613184220099454;5.0;2.333333333333333;-1.3333333333333333;0.7198599999999999
1.25;0.85;2;100.0;100.0;0.0;0.0;100.0;100.0;426.13;412.5;87.63146181594827;0.2056449013586189;408.9542334840741;443.3057665159259;4.2613;4.125;0.8763146181594827;0.2056449013586189;4.089542334840742;4.433057665159259;78.27;85.5;22.493490169380117;0.2873832907803771;73.8612759268015;82.6787240731985;4.2613;4.125;0.8763146181594827;0.2056449013586189;4.089542334840742;4.433057665159259;9.19;9.0;1.5012994371543606;0.16336228913540377;8.895745310317745;9.484254689682254;8.5226;8.25;1.7526292363189655;0.2056449013586189;8.179084669681483;8.866115330318518;78.29;85.5;22.475006117907952;0.2870737784890529;73.88489880089004;82.69510119910997;0.761498279202314;0.7689443548217456;0.05229375051486765;0.0686721847482656;0.7512487041014;0.7717478543032281;97.97;99.0;2.643690602169626;0.026984695337038136;97.45183664197475;98.48816335802525;0.2859405661129913;0.27386754990813733;0.05551263895986285;0.1941404807106896;0.2750600888768582;0.2968210433491244;2.2236009853829923;2.053838383838384;0.4708825343486795;0.21176575178912993;2.131308008650651;2.3158939621153336;8.333333333333332;2.1764705882352944;-1.1764705882352942;0.5113560000000001
1.25;0.95;2;100.0;100.0;0.0;0.0;100.0;100.0;498.27;496.5;103.53239637910444;0.20778372444478785;477.9776503096955;518.5623496903045;4.9826999999999995;4.965;1.0353239637910445;0.2077837244447879;4.779776503096954;5.185623496903045;87.41;98.0;18.447273511280738;0.2110430558435046;83.79433439178896;91.02566560821103;4.9826999999999995;4.965;1.0353239637910445;0.2077837244447879;4.779776503096954;5.185623496903045;10.31;10.0;1.5855283031217071;0.15378548041917625;9.999236452588146;10.620763547411855;9.965399999999999;9.93;2.070647927582089;0.2077837244447879;9.559553006193909;10.37124699380609;87.43;98.0;18.43326069907329;0.21083450416416893;83.81708090298164;91.04291909701837;0.7661521871798258;0.7743287789528566;0.051187520887099644;0.06681116590623956;0.7561194330859543;0.7761849412736973;99.22;100.0;1.6036209028320878;0.016162274771538882;98.9056903030449;99.53430969695509;0.2764043300506843;0.27556844576478845;0.04065049842417343;0.14706896384987653;0.26843683235954635;0.2843718277418223;2.0405593611894672;1.9177777777777778;0.31888839874923247;0.15627499244292922;1.9780572350346177;2.1030614873443167;24.99999999999998;2.052631578947368;-1.0526315789473684;0.19930800000000015
1.45;0.05;2;100.0;100.0;0.0;0.0;100.0;100.0;147.41;147.5;18.90348909593147;0.1282374947149547;143.70491613719742;151.11508386280258;1.4741;1.475;0.18903489095931472;0.12823749471495471;1.4370491613719742;1.5111508386280257;9.07;9.0;1.8987100884547907;0.20933959078884132;8.697852822662862;9.442147177337139;1.4741;1.475;0.18903489095931472;0.12823749471495471;1.4370491613719742;1.5111508386280257;5.01;5.0;0.8659676668328904;0.1728478376911957;4.840270337300753;5.179729662699247;2.9482;2.95;0.37806978191862944;0.12823749471495471;2.8740983227439485;3.0223016772560514;10.13;10.0;1.8256779562672054;0.18022487228698966;9.772167120571629;10.487832879428373;0.5751007991951048;0.5771689329763864;0.04823979367842358;0.08388058883927593;0.5656457996341338;0.5845557987560759;71.8;72.0;5.725382083319855;0.07974069753927375;70.6778251116693;72.92217488833069;0.4671611618044612;0.4551345245430273;0.05124194175253605;0.10968793200746489;0.45711774122096416;0.47720458238795826;4.515666225278547;4.399827010605422;0.9124047385353491;0.20205318396380542;4.336834896525619;4.694497554031476;1.5263157894736843;21.0;-20.0;0.9657896551724137
1.45;0.15;2;100.0;100.0;0.0;0.0;100.0;100.0;165.23;164.5;21.544305512130116;0.1303897930892097;161.0073161196225;169.4526838803775;1.6522999999999999;1.645;0.21544305512130116;0.1303897930892097;1.610073161196225;1.6945268388037749;11.67;11.0;3.079139490182281;0.26385085605675074;11.066488659924273;12.273511340075727;1.6522999999999999;1.645;0.21544305512130116;0.1303897930892097;1.610073161196225;1.6945268388037749;5.31;5.0;0.8797158632194829;0.1656715373294695;5.137575690808981;5.4824243091910185;3.3045999999999998;3.29;0.4308861102426023;0.1303897930892097;3.22014632239245;3.3890536776075497;12.34;12.0;2.8292048352849957;0.22927105634400288;11.78547585228414;12.89452414771586;0.5899352130468397;0.5969438638516396;0.043388891582188865;0.07354857045759002;0.5814309902967307;0.5984394357969487;75.83;77.0;5.329268242451303;0.0702791539292009;74.78546342447954;76.87453657552045;0.45704540682158623;0.45212427979107206;0.05481210149367222;0.1199270371730677;0.4463022349288265;0.467788578714346;4.558581881452361;4.41628659534126;0.969429916438799;0.2126604153767968;4.368573617830356;4.748590145074366;1.7058823529411764;7.666666666666667;-6.666666666666667;0.9685896551724138
1.45;0.25;2;100.0;100.0;0.0;0.0;100.0;100.0;187.61;185.0;24.84749283126972;0.13244226230621883;182.73989140507115;192.48010859492888;1.8761;1.85;0.24847492831269719;0.13244226230621883;1.8273989140507114;1.9248010859492888;15.94;15.0;7.099042188915347;0.4453602376985789;14.548587730972592;17.331412269027407;1.8761;1.85;0.24847492831269719;0.13244226230621883;1.8273989140507114;1.9248010859492888;5.71;6.0;0.9305374790947434;0.16296628355424578;5.52761465409743;5.89238534590257;3.7522;3.7;0.49694985662539437;0.13244226230621883;3.654797828101423;3.8496021718985776;16.39;15.0;6.923720098328642;0.42243563748191837;15.032950860727587;17.747049139272413;0.6135403235363525;0.6150978382714511;0.041429664966311466;0.06752557798893677;0.6054201092029554;0.6216605378697495;79.61;79.0;5.28752304959515;0.06641782501689675;78.57364548227935;80.64635451772065;0.4429433647047267;0.44067852874784225;0.06087210515536927;0.1374263845129447;0.43101243209427437;0.4548742973151791;4.399377806739114;4.191738527505512;1.046644042706429;0.23790728795857102;4.194235574368654;4.604520039109574;1.9333333333333333;5.0;-4.0;0.970396551724138
1.45;0.35;2;100.0;100.0;0.0;0.0;100.0;100.0;215.67;214.0;30.21359131252027;0.14009176664589545;209.748136102746;221.59186389725397;2.1567000000000003;2.1399999999999997;0.30213591312520266;0.1400917666458954;2.0974813610274605;2.21591863897254;22.12;19.0;11.143859295594144;0.5037911073957569;19.93580357806355;24.304196421936453;2.1567000000000003;2.1399999999999997;0.30213591312520266;0.1400917666458954;2.0974813610274605;2.21591863897254;6.15;6.0;1.0037429949942367;0.16321024308849377;5.95326637298113;6.346733627018871;4.313400000000001;4.279999999999999;0.6042718262504053;0.1400917666458954;4.194962722054921;4.43183727794508;22.41;20.0;10.984621067656363;0.4901660449645856;20.257014270739354;24.562985729260646;0.637817954401765;0.6361114439348798;0.0462022486828483;0.0724379869898508;0.6287623136599267;0.6468735951436033;84.11;84.0;4.839204480077279;0.05753423469358315;83.16151592190485;85.05848407809515;0.42157368592462696;0.4164337638726955;0.07025466076668516;0.16664859101107646;0.40780377241435667;0.43534359943489725;3.986584738955236;3.8589163752396702;0.868280400735073;0.21780056303597428;3.8164017804111614;4.15676769749931;2.230769230769231;3.857142857142857;-2.857142857142857;0.966796551724138
1.45;0.45;2;100.0;100.0;0.0;0.0;100.0;100.0;251.13;250.5;38.09374095570032;0.1516893280599702;243.66362677268273;258.59637322731726;2.5113;2.505;0.3809374095570032;0.15168932805997024;2.4366362677268274;2.5859637322731723;31.15;25.5;16.306057156774596;0.5234689295914798;27.954012797272178;34.34598720272782;2.5113;2.505;0.3809374095570032;0.15168932805997024;2.4366362677268274;2.5859637322731723;6.74;7.0;1.136837719289785;0.1686702847610957;6.517179807019202;6.962820192980798;5.0226;5.01;0.7618748191140065;0.15168932805997024;4.873272535453655;5.171927464546345;31.31;26.0;16.230646937198774;0.5183854020184853;28.12879320030904;34.49120679969096;0.668685121368433;0.6709827780662676;0.04680911799032595;0.07000173399182752;0.6595105342423292;0.6778597084945369;88.18;88.0;4.428046973553917;0.050216001060942574;87.31210279318344;89.04789720681657;0.3952982726989675;0.4067080321812827;0.0762459860134639;0.19288216336712327;0.3803540594403286;0.41024248595760643;3.4817222627396878;3.4067408566626094;0.7185952239720449;0.20639073703903044;3.3408775988411668;3.622566926638209;2.6363636363636362;3.2222222222222223;-2.2222222222222223;0.9525620689655172
1.45;0.55;2;100.0;100.0;0.0;0.0;100.0;100.0;294.92;291.0;50.8026928420138;0.1722592324766506;284.96267220296534;304.8773277970347;2.9492000000000003;2.91;0.5080269284201381;0.17225923247665062;2.849626722029653;3.0487732779703474;43.41;36.0;22.12468982833432;0.5096680448821543;39.07356079364647;47.74643920635352;2.9492000000000003;2.91;0.5080269284201381;0.17225923247665062;2.849626722029653;3.0487732779703474;7.44;7.0;1.2273548794053006;0.16496705368350814;7.199438443636561;7.68056155636344;5.8984000000000005;5.82;1.0160538568402762;0.17225923247665062;5.699253444059306;6.097546555940695;43.53;36.0;22.051963631386666;0.5065923186626847;39.207815128248214;47.85218487175179;0.6984101672685513;0.6916323188571517;0.05172124578807592;0.07405568849370454;0.6882728030940884;0.7085475314430142;92.14;93.0;4.200047618777673;0.04558332557822523;91.31679066671958;92.96320933328042;0.36672575183295414;0.37698095363422474;0.0789442400006222;0.21526778418490172;0.3512526807928322;0.3821988228730761;3.0602440407642484;3.052601314990964;0.6882414017843431;0.22489755477555493;2.925348726014517;3.1951393555139798;3.2222222222222223;2.8181818181818183;-1.8181818181818181;0.9152689655172415
1.45;0.65;2;100.0;100.0;0.0;0.0;100.0;100.0;348.21;334.5;66.05032853816851;0.18968532936494792;335.26413560651895;361.155864393481;3.4821;3.3449999999999998;0.6605032853816852;0.18968532936494795;3.3526413560651895;3.6115586439348104;57.06;50.0;24.64784777622582;0.431963683424918;52.22902183585974;61.890978164140265;3.4821;3.3449999999999998;0.6605032853816852;0.18968532936494795;3.3526413560651895;3.6115586439348104;8.15;8.0;1.2678722333105965;0.15556714519148424;7.9014970422711235;8.398502957728878;6.9642;6.6899999999999995;1.3210065707633705;0.18968532936494795;6.705282712130379;7.223117287869621;57.11;50.0;24.603209140272735;0.4308038721812771;52.287771008506546;61.93222899149345;0.7264166005518128;0.7241870385949306;0.051884707538711376;0.07142555318710757;0.7162471978742253;0.7365860032294003;95.29;96.0;3.4475933634928584;0.03618001221002055;94.61427170075541;95.9657282992446;0.3377466424839621;0.3447796550878877;0.07202897385994844;0.21326333055514754;0.32362896360741217;0.351864321360512;2.6669983293591413;2.653737373737374;0.6013175973617817;0.22546605700584507;2.5491400802762323;2.7848565784420503;4.142857142857143;2.5384615384615383;-1.5384615384615383;0.8405068965517241
1.45;0.75;2;100.0;100.0;0.0;0.0;100.0;100.0;411.3;396.5;80.52918725530515;0.19579184842038694;395.5162792979602;427.08372070203984;4.1129999999999995;3.965;0.8052918725530513;0.19579184842038694;3.9551627929796016;4.2708372070203975;70.58;72.0;23.841216411919927;0.33778997466591;65.90712158326369;75.25287841673631;4.1129999999999995;3.965;0.8052918725530513;0.19579184842038694;3.9551627929796016;4.2708372070203975;9.02;9.0;1.3563185466548777;0.1503679098287004;8.754161564855643;9.285838435144356;8.225999999999999;7.93;1.6105837451061027;0.19579184842038694;7.910325585959203;8.541674414040795;70.61;72.0;23.810457786443333;0.3372108452973139;65.9431502738571;75.2768497261429;0.7491147872165252;0.7532486354639456;0.04946522185854768;0.06603156512547947;0.7394196037322499;0.7588099707008006;97.65;98.0;2.624404694402142;0.026875624110621013;97.13561667989718;98.16438332010283;0.31397950841424593;0.30983493021661757;0.05988540529495501;0.19073029828413438;0.30224196897643474;0.32571704785205713;2.3383343077088243;2.2347474747474747;0.49516102601471673;0.21175801269404096;2.2412827466099396;2.435385868807709;5.8;2.333333333333333;-1.3333333333333333;0.7091379310344827
1.45;0.85;2;100.0;100.0;0.0;0.0;100.0;100.0;483.38;475.0;96.32100290175553;0.19926559415316217;464.5010834312559;502.2589165687441;4.8338;4.75;0.9632100290175555;0.1992655941531622;4.64501083431256;5.022589165687441;82.39;90.5;20.486041589335898;0.24864718520859203;78.37473584849016;86.40526415150984;4.8338;4.75;0.9632100290175555;0.1992655941531622;4.64501083431256;5.022589165687441;10.13;10.0;1.578955350857015;0.1558692350303075;9.820524751232027;10.439475248767975;9.6676;9.5;1.926420058035111;0.1992655941531622;9.29002166862512;10.045178331374881;82.41;90.5;20.445094766226937;0.2480899741078381;78.40276142581952;86.41723857418047;0.7615910310032092;0.7672336889122184;0.04774997117450288;0.06269765429301867;0.7522320366530066;0.7709500253534118;98.9;100.0;1.7804493814764855;0.01800252155183504;98.55103192123062;99.2489680787694;0.29993066289101356;0.29301064701911617;0.047277881467146836;0.15762937010653794;0.2906641981234528;0.3091971276585743;2.1057895177234696;1.9474747474747476;0.34420622975955206;0.16345709144362497;2.0383250966905972;2.173253938756342;9.666666666666664;2.1764705882352944;-1.1764705882352942;0.5000482758620691
1.45;0.95;2;100.0;100.0;0.0;0.0;100.0;100.0;562.23;554.5;112.67225523614941;0.20040242469478578;540.1462379737147;584.3137620262853;5.622299999999999;5.545;1.126722552361494;0.2004024246947858;5.401462379737146;5.843137620262852;90.31;99.0;15.547150864386696;0.17215314875857265;87.2627584305802;93.3572415694198;5.622299999999999;5.545;1.126722552361494;0.2004024246947858;5.401462379737146;5.843137620262852;11.28;11.0;1.7325126262166168;0.15359154487735965;10.940427525261542;11.619572474738456;11.244599999999998;11.09;2.253445104722988;0.2004024246947858;10.802924759474292;11.686275240525704;90.35;99.0;15.490238861941412;0.17144702669553308;87.31391318305948;93.3860868169405;0.7618675999249445;0.7654279474244083;0.047129242147634164;0.06186014755356063;0.7526302684640082;0.7711049313858808;99.66;100.0;0.8392854103342914;0.008421487159685846;99.49550005957448;99.82449994042551;0.2943649776801467;0.294632141484112;0.03466107421991146;0.11774863468158141;0.287571407133044;0.30115854822724936;1.9731214323886688;1.8975757575757575;0.22161516795656583;0.1123170446171058;1.9296848594691818;2.0165580053081555;28.999999999999975;2.052631578947368;-1.0526315789473684;0.19387241379310358
1.65;0.05;2;100.0;100.0;0.0;0.0;100.0;100.0;167.94;168.5;20.82249744867315;0.1239877185225268;163.85879050006005;172.02120949993994;1.6794000000000002;1.685;0.2082249744867315;0.12398771852252678;1.638587905000601;1.7202120949993995;9.99;10.0;2.0712073773526396;0.20732806580106503;9.584043354038883;10.395956645961117;1.6794000000000002;1.685;0.2082249744867315;0.12398771852252678;1.638587905000601;1.7202120949993995;5.4;5.0;0.9165151389911679;0.16972502573910514;5.2203630327577315;5.579636967242269;3.3588000000000005;3.37;0.416449948973463;0.12398771852252678;3.277175810001202;3.440424189998799;11.05;11.0;1.9358460682605938;0.17518968943534785;10.670574170620924;11.429425829379078;0.575417383262714;0.5762397246229636;0.04602095116428357;0.07997838178495231;0.5663972768345144;0.5844374896909136;77.27;78.0;5.2950070821482385;0.06852603962919941;76.23217861189895;78.30782138810105;0.46675059057306056;0.456893348197696;0.05028144920160806;0.10772658935444346;0.4568954265295454;0.4766057546165757;4.712312730291388;4.588603414878909;1.004625670750518;0.21319163821463868;4.515406098824287;4.909219361758489;1.736842105263158;21.0;-20.0;0.9669272727272729
1.65;0.15;2;100.0;100.0;0.0;0.0;100.0;100.0;188.8;185.5;22.65435940387633;0.11999131040188733;184.35974555684024;193.24025444315978;1.888;1.855;0.2265435940387633;0.11999131040188736;1.8435974555684023;1.9324025444315975;13.05;13.0;3.253843880704789;0.24933669583944743;12.412246599381863;13.687753400618138;1.888;1.855;0.2265435940387633;0.11999131040188736;1.8435974555684023;1.9324025444315975;5.78;6.0;0.9856977224281286;0.17053593813635443;5.586803246404087;5.973196753595913;3.776;3.71;0.4530871880775266;0.11999131040188736;3.6871949111368045;3.864805088863195;13.69;13.5;3.0288446642242977;0.2212450448666397;13.096346445812037;14.283653554187962;0.592883679045398;0.5928188613759338;0.04197125593887475;0.07079172090966085;0.5846573128813785;0.6011100452094175;80.69;80.5;4.6641076316911905;0.05780279627824006;79.77583490418853;81.60416509581147;0.4575362659895941;0.4514727217979251;0.05225598503081125;0.11421167875684791;0.4472940929235551;0.46777843905563316;4.5309862681059805;4.2877601634775235;0.9695464817338723;0.21398133306176562;4.340955157686142;4.721017378525819;1.9411764705882353;7.666666666666667;-6.666666666666667;0.9726060606060606
1.65;0.25;2;100.0;100.0;0.0;0.0;100.0;100.0;214.12;212.0;26.46631066091381;0.12360503764671123;208.9326031104609;219.30739688953912;2.1411999999999995;2.12;0.2646631066091381;0.12360503764671127;2.0893260311046085;2.1930739688953906;17.74;16.0;7.225814832944449;0.4073176343260682;16.323740292742887;19.15625970725711;2.1411999999999995;2.12;0.2646631066091381;0.12360503764671127;2.0893260311046085;2.1930739688953906;6.21;6.0;1.0226925246622272;0.1646847865800688;6.009552265166203;6.410447734833797;4.282399999999999;4.24;0.5293262132182762;0.12360503764671127;4.178652062209217;4.386147937790781;18.15;17.0;7.070183873139368;0.38954181119225173;16.764243960864682;19.535756039135315;0.6154504853472165;0.6151588111925059;0.0436877097797218;0.07098493025815823;0.606887694230391;0.6240132764640419;84.56;85.0;4.490701504219581;0.05310668760903005;83.67982250517296;85.44017749482704;0.4451120419167233;0.43949540040519364;0.05805646812052539;0.13043113340750115;0.43373297416510037;0.4564911096683463;4.117077541460024;3.9985415973206155;0.6829364939116113;0.16587894860717733;3.983221988653348;4.250933094266699;2.1999999999999997;5.0;-4.0;0.9732727272727272
1.65;0.35;2;100.0;100.0;0.0;0.0;100.0;100.0;245.19;243.5;32.63485713160087;0.1331002778726737;238.79356800220623;251.58643199779377;2.4519;2.435;0.3263485713160087;0.1331002778726737;2.3879356800220624;2.515864319977938;24.6;21.0;11.531695452100703;0.4687681078089716;22.339787691388263;26.86021230861174;2.4519;2.435;0.3263485713160087;0.1331002778726737;2.3879356800220624;2.515864319977938;6.71;7.0;1.0797684937059424;0.16091929861489454;6.498365375233635;6.921634624766365;4.9038;4.87;0.6526971426320174;0.1331002778726737;4.775871360044125;5.031728639955876;24.88;22.0;11.386202176318497;0.4576447820063705;22.648304373441572;27.111695626558426;0.6431953159253004;0.6418754103995068;0.04419532079344358;0.06871213097978522;0.6345330330497855;0.6518575988008154;87.83;88.0;4.233332020997171;0.04819915770234739;87.00026692388455;88.65973307611544;0.4259714870800157;0.424463259928331;0.06453813048256932;0.15150809957955305;0.41332201350543213;0.43862096065459927;3.6840045863353383;3.607430438099028;0.6128111299529552;0.16634374784059341;3.563893604864559;3.8041155678061176;2.5384615384615383;3.857142857142857;-2.857142857142857;0.9659000000000001
1.65;0.45;2;100.0;100.0;0.0;0.0;100.0;100.0;283.7;281.0;42.48588000736245;0.14975636238055146;275.37276751855694;292.02723248144304;2.8370000000000006;2.81;0.4248588000736245;0.14975636238055143;2.75372767518557;2.920272324814431;34.24;28.0;17.21227468988338;0.5026949383727622;30.86639416078286;37.61360583921714;2.8370000000000006;2.81;0.4248588000736245;0.14975636238055143;2.75372767518557;2.920272324814431;7.35;7.0;1.2278029157808674;0.16704801575249897;7.10935062850695;7.59064937149305;5.674000000000001;5.62;0.849717600147249;0.14975636238055143;5.50745535037114;5.840544649628862;34.43;28.5;17.122648743696168;0.49731770966297323;31.07396084623555;37.78603915376445;0.6720893440324399;0.6702892776562842;0.043452863100388865;0.0646534028343284;0.6635725828647637;0.6806061052001161;91.38;92.0;3.999449962182299;0.043767235305124746;90.59610780741227;92.16389219258772;0.4003511190512798;0.40814809736030166;0.07198526061401997;0.17980531885262344;0.3862420079709319;0.4144602301316277;3.2751223893153;3.2664054882531928;0.6252804205680724;0.19091818449532633;3.152567426883958;3.3976773517466423;2.9999999999999996;3.2222222222222223;-2.2222222222222223;0.945666666666667
1.65;0.55;2;100.0;100.0;0.0;0.0;100.0;100.0;333.41;326.0;56.7868109687452;0.17032125901666176;322.27978505012595;344.5402149498741;3.3341;3.26;0.5678681096874519;0.17032125901666176;3.222797850501259;3.4454021494987406;47.43;40.5;22.39073692400498;0.47207963154132365;43.041415562895025;51.818584437104974;3.3341;3.26;0.5678681096874519;0.17032125901666176;3.222797850501259;3.4454021494987406;7.99;8.0;1.2368912644206038;0.1548049141953196;7.747569312173562;8.232430687826438;6.6682;6.52;1.1357362193749039;0.17032125901666176;6.445595701002518;6.890804298997481;47.54;40.5;22.313861162963256;0.46937023901899994;43.1664832120592;51.9135167879408;0.7015445177787456;0.6984640053933961;0.047827596614130316;0.06817471365261851;0.6921703088423761;0.7109187267151151;94.65;95.0;3.329789783154486;0.0351800294046961;93.99736120250172;95.30263879749829;0.3724662107554941;0.38002836457484224;0.07245677219278589;0.1945324705986558;0.35826468340570805;0.3866677381052801;2.882512472479129;2.8854203129143463;0.6115562477868229;0.21216083317094855;2.7626474479129115;3.0023774970453463;3.666666666666667;2.8181818181818183;-1.8181818181818181;0.9092999999999999
1.65;0.65;2;100.0;100.0;0.0;0.0;100.0;100.0;392.78;381.0;71.87956315949617;0.18300209572660567;378.6916056207387;406.86839437926125;3.927800000000001;3.81;0.7187956315949618;0.18300209572660567;3.7869160562073882;4.068683943792613;61.69;57.5;24.19615465316752;0.3922216672583485;56.947553687979166;66.43244631202083;3.927800000000001;3.81;0.7187956315949618;0.18300209572660567;3.7869160562073882;4.068683943792613;8.84;9.0;1.3320660644277373;0.15068620638322822;8.578915051372164;9.101084948627836;7.855600000000002;7.62;1.4375912631899237;0.18300209572660567;7.5738321124147765;8.137367887585226;61.77;57.5;24.129589718849342;0.3906360647377261;57.04060041510553;66.49939958489448;0.7291571164526313;0.7285735719484413;0.04688829428136934;0.06430478867090009;0.7199670107734829;0.7383472221317796;97.03;98.0;2.6849767224316863;0.027671614165017892;96.50374456240338;97.55625543759662;0.34448420604035335;0.34950771069336906;0.0642020567688565;0.1863715538857993;0.33190060291365747;0.3570678091670492;2.4964596857833614;2.460606060606061;0.5103491690338046;0.20442916500518718;2.396431248652736;2.596488122913987;4.714285714285714;2.5384615384615383;-1.5384615384615383;0.8331696969696971
1.65;0.75;2;100.0;100.0;0.0;0.0;100.0;100.0;460.97;449.5;86.95923815213654;0.18864402922562537;443.9259893221813;478.01401067781876;4.6097;4.495;0.8695923815213654;0.1886440292256254;4.439259893221813;4.7801401067781875;74.88;78.5;22.39521377437599;0.2990813805338674;70.4905381002223;79.2694618997777;4.6097;4.495;0.8695923815213654;0.1886440292256254;4.439259893221813;4.7801401067781875;9.9;10.0;1.452583904633395;0.14672564693266615;9.615293554691855;10.184706445308146;9.2194;8.99;1.7391847630427308;0.1886440292256254;8.878519786443626;9.560280213556375;74.93;78.5;22.335735940416203;0.2980880280317123;70.55219575567843;79.30780424432159;0.7484971117407064;0.754891402405649;0.04408657902290311;0.05890013245391859;0.7398561422522174;0.7571380812291955;98.58;99.0;1.9088216260300488;0.019363173321465296;98.2058709612981;98.9541290387019;0.32543428438956773;0.32281196481631047;0.05430819100638539;0.1668791323208426;0.3147898789523162;0.33607868982681927;2.2285227794696594;2.134040404040404;0.42183123091625635;0.18928737673331889;2.145843858210073;2.311201700729246;6.6;2.333333333333333;-1.3333333333333333;0.698439393939394
1.65;0.85;2;100.0;100.0;0.0;0.0;100.0;100.0;539.53;531.0;102.96343574298598;0.19083912987783067;519.3491665943748;559.7108334056252;5.3953;5.31;1.0296343574298599;0.1908391298778307;5.193491665943747;5.597108334056252;85.85;95.0;18.512900907205225;0.21564241010140042;82.22147142218778;89.47852857781221;5.3953;5.31;1.0296343574298599;0.1908391298778307;5.193491665943747;5.597108334056252;11.02;11.0;1.5230233090796739;0.13820538194915372;10.721487431420384;11.318512568579616;10.7906;10.62;2.0592687148597197;0.1908391298778307;10.386983331887494;11.194216668112505;85.88;95.0;18.4571287041078;0.2149176607371658;82.26240277399486;89.49759722600513;0.7584720016795452;0.7608452071187994;0.04508767809351794;0.059445408655397554;0.7496348167732156;0.7673091865858748;99.42;100.0;1.1931470990619721;0.012001077238603622;99.18614316858385;99.65385683141615;0.31426898847314017;0.3110393139682348;0.041134855562247545;0.1308905971349548;0.3062065567829396;0.3223314201633407;2.031582333489738;1.9213131313131313;0.2700256612768795;0.13291396406910302;1.9786573038794695;2.0845073631000064;10.999999999999998;2.1764705882352944;-1.1764705882352942;0.49048181818181824
1.65;0.95;2;100.0;100.0;0.0;0.0;100.0;100.0;623.25;613.0;119.22318356762665;0.1912927133054579;599.8822560207452;646.6177439792548;6.232499999999999;6.130000000000001;1.1922318356762664;0.19129271330545794;5.998822560207451;6.466177439792547;92.7;99.0;13.219304066402287;0.1426030643624842;90.10901640298515;95.29098359701486;6.232499999999999;6.130000000000001;1.1922318356762664;0.19129271330545794;5.998822560207451;6.466177439792547;12.13;12.0;1.7869247326062727;0.14731448743662592;11.779762752409171;12.48023724759083;12.464999999999998;12.260000000000002;2.384463671352533;0.19129271330545794;11.997645120414901;12.932354879585095;92.71;99.0;13.200981024151197;0.1423900444844267;90.12260771926636;95.29739228073363;0.7585383464849825;0.7609226712927343;0.04336621070090918;0.05717075597016998;0.7500385691876044;0.7670381237823607;99.88;100.0;0.35440090293338705;0.0035482669496734788;99.81053742302505;99.94946257697494;0.3107943165429343;0.310910829274627;0.031362765381874026;0.10091164385093077;0.304647214528087;0.31694141855778163;1.9297414141414142;1.8798989898989897;0.16989844840711704;0.08804208023006477;1.8964413182536193;1.9630415100292091;32.99999999999997;2.052631578947368;-1.0526315789473684;0.18886363636363648
1.85;0.05;2;100.0;100.0;0.0;0.0;100.0;100.0;189.31;187.5;21.940234729829122;0.11589580439400518;185.0097139929535;193.6102860070465;1.8930999999999998;1.875;0.2194023472982912;0.11589580439400518;1.8500971399295347;1.9361028600704648;11.07;11.0;1.9811865131784034;0.1789689713801629;10.681687443417033;11.458312556582968;1.8930999999999998;1.875;0.2194023472982912;0.11589580439400518;1.8500971399295347;1.9361028600704648;5.79;6.0;1.0324243313676795;0.17831162890633498;5.587644831051935;5.992355168948065;3.7861999999999996;3.75;0.4388046945965824;0.11589580439400518;3.7001942798590695;3.8722057201409297;12.13;12.0;1.9629314812290315;0.16182452442118972;11.74526542967911;12.514734570320892;0.5774258820029359;0.5769893805790494;0.04078864146327115;0.07063874816588801;0.5694313082761348;0.585420455729737;81.72;83.0;4.456635502259523;0.05453543199044938;80.84649944155713;82.59350055844287;0.4684036939224097;0.46456655910272876;0.04790463131390068;0.10227210403220262;0.45901438618488516;0.47779300165993427;4.757124701112401;4.682101899126911;0.9682340883289523;0.20353346804269004;4.567350819799927;4.9468985824248755;1.9473684210526319;21.0;-20.0;0.9721324324324322
1.85;0.15;2;100.0;100.0;0.0;0.0;100.0;100.0;211.74;212.0;24.732011644829864;0.11680368208571769;206.89252571761335;216.58747428238667;2.1174;2.12;0.24732011644829865;0.1168036820857177;2.0689252571761334;2.1658747428238665;14.29;14.0;3.542019198141083;0.2478669837747434;13.595764237164348;14.98423576283565;2.1174;2.12;0.24732011644829865;0.1168036820857177;2.0689252571761334;2.1658747428238665;6.08;6.0;0.9867117106835207;0.1622881103097896;5.88660450470603;6.27339549529397;4.2348;4.24;0.4946402328965973;0.1168036820857177;4.137850514352267;4.331749485647733;15.02;15.0;3.2679657280944667;0.2175742828291922;14.379478717293484;15.660521282706515;0.5967625301074311;0.5993945043873627;0.037383648884204444;0.0626440954285024;0.589435334926127;0.6040897252887352;84.69;85.0;4.258391715190138;0.0502821078662196;83.85535522382273;85.52464477617727;0.4612813110077486;0.457381473947739;0.048437260917313325;0.10500590368921249;0.4517876078679552;0.470775014147542;4.335986165637249;4.184780383863768;0.7412109631510103;0.1709440332225037;4.190708816859651;4.481263514414847;2.1764705882352944;7.666666666666667;-6.666666666666667;0.9728594594594593
1.85;0.25;2;100.0;100.0;0.0;0.0;100.0;100.0;239.6;238.5;29.381286561347174;0.12262640468008003;233.84126783397596;245.35873216602403;2.3960000000000004;2.385;0.29381286561347175;0.12262640468008001;2.33841267833976;2.453587321660241;19.52;18.0;7.854272722537715;0.40237052881853047;17.980562546382608;21.05943745361739;2.3960000000000004;2.385;0.29381286561347175;0.12262640468008001;2.33841267833976;2.453587321660241;6.63;7.0;1.1283173312503891;0.17018360954002854;6.408849803074924;6.851150196925076;4.792000000000001;4.77;0.5876257312269435;0.12262640468008001;4.67682535667952;4.907174643320482;19.91;19.0;7.707262808546235;0.38710511343778176;18.399376489524936;21.420623510475064;0.6189475733392087;0.6214586891921627;0.04096567989029829;0.06618602552925337;0.6109183000807102;0.6269768465977071;87.8;88.0;4.044749683231337;0.046067764045915;87.00722906208665;88.59277093791334;0.44978792413120905;0.4432427333163158;0.054401355764862214;0.1209489024631809;0.43912525840129607;0.46045058986112203;3.926165832963775;3.8287057334983006;0.5830042790631118;0.14849201584106672;3.8118969942674052;4.040434671660145;2.466666666666667;5.0;-4.0;0.9713513513513514
1.85;0.35;2;100.0;100.0;0.0;0.0;100.0;100.0;274.38;270.5;36.736298125968;0.13388839611476056;267.1796855673103;281.5803144326897;2.7437999999999994;2.705;0.36736298125968003;0.13388839611476058;2.671796855673102;2.8158031443268965;26.8;23.5;11.961605243444545;0.4463285538598711;24.45552537228487;29.14447462771513;2.7437999999999994;2.705;0.36736298125968003;0.13388839611476058;2.671796855673102;2.8158031443268965;7.1;7.0;1.2124355652982142;0.17076557257721328;6.86236262920155;7.33763737079845;5.487599999999999;5.41;0.7347259625193601;0.13388839611476058;5.343593711346204;5.631606288653793;27.08;24.0;11.825971418872955;0.43670500069693335;24.7621096019009;29.397890398099097;0.6475351708140967;0.6460258224505239;0.03898066084035;0.060198522948711156;0.6398949612893882;0.6551753803388053;90.97;91.0;3.7375259196425645;0.041085257993212755;90.23744491975006;91.70255508024994;0.4299400054735633;0.42756059307665495;0.058921775140861415;0.1370465050721698;0.4183913375459545;0.44148867340117215;3.46593442359549;3.4222658101338297;0.5112862645464552;0.14751758171352164;3.3657223157443847;3.5661465314465954;2.8461538461538463;3.857142857142857;-2.857142857142857;0.9640378378378376
1.85;0.45;2;100.0;100.0;0.0;0.0;100.0;100.0;317.22;312.5;47.47053401848351;0.14964546377430019;307.9157753323773;326.5242246676228;3.1722;3.125;0.4747053401848351;0.1496454637743002;3.0791577533237726;3.2652422466762276;37.53;31.0;18.115990174428777;0.4827069057934659;33.97926592581196;41.080734074188044;3.1722;3.125;0.4747053401848351;0.1496454637743002;3.0791577533237726;3.2652422466762276;7.81;8.0;1.1974556359214317;0.15332338488110522;7.575298695359399;8.0447013046406;6.3444;6.25;0.9494106803696702;0.1496454637743002;6.158315506647545;6.530484493352455;37.69;31.0;18.028696569635866;0.47834164419304503;34.15637547235137;41.223624527648624;0.6734825017609478;0.6709031973035282;0.040627565469976874;0.06032460437167765;0.6655194989288323;0.6814455045930633;93.75;94.0;3.2844329799829985;0.035033951786485315;93.10625113592333;94.39374886407667;0.40517087349666364;0.4156411256218818;0.06655109779400303;0.16425439770549313;0.39212685832903904;0.41821488866428824;3.0988232169163425;3.076167289362635;0.5913183098060644;0.19082027867162063;2.982924828194354;3.214721605638331;3.3636363636363633;3.2222222222222223;-2.2222222222222223;0.9430864864864866
1.85;0.55;2;100.0;100.0;0.0;0.0;100.0;100.0;371.44;362.5;61.36763316276749;0.16521546726999647;359.4119439000976;383.4680560999024;3.7144000000000004;3.625;0.6136763316276749;0.16521546726999645;3.594119439000976;3.8346805609990247;51.36;44.0;22.419866190501672;0.4365238744256556;46.96570622666167;55.754293773338325;3.7144000000000004;3.625;0.6136763316276749;0.16521546726999645;3.594119439000976;3.8346805609990247;8.6;8.0;1.3266499161421599;0.15426161815606512;8.339976616436136;8.860023383563863;7.428800000000001;7.25;1.2273526632553498;0.16521546726999645;7.188238878001952;7.669361121998049;51.47;44.0;22.34612046866301;0.4341581594844183;47.09016038814205;55.849839611857945;0.7023390653664451;0.7010144364668819;0.04600715028018145;0.06550561195991175;0.6933216639115295;0.7113564668213607;96.41;97.0;2.6080452450063056;0.027051605072153363;95.89882313197876;96.92117686802123;0.3779408511521983;0.3892647501058799;0.06655396008523154;0.17609623273677286;0.3648962749754929;0.3909854273289037;2.6935179453758655;2.696568550319669;0.5072952801803987;0.18833929844473654;2.5940880704605074;2.7929478202912237;4.111111111111112;2.8181818181818183;-1.8181818181818181;0.9035027027027027
1.85;0.65;2;100.0;100.0;0.0;0.0;100.0;100.0;437.15;426.0;76.86512538206128;0.1758323810638483;422.08443542511594;452.215564574884;4.3715;4.26;0.7686512538206127;0.17583238106384827;4.2208443542511604;4.52215564574884;65.73;62.5;23.172766343274596;0.352544748870753;61.18813779671818;70.27186220328183;4.3715;4.26;0.7686512538206127;0.17583238106384827;4.2208443542511604;4.52215564574884;9.5;9.0;1.3453624047073711;0.14161709523235486;9.236308968677355;9.763691031322645;8.743;8.52;1.5373025076412254;0.17583238106384827;8.441688708502321;9.04431129149768;65.79;62.5;23.12241120644644;0.35145783867527647;61.2580074035365;70.3219925964635;0.7282507242949731;0.7307982835689408;0.042817279145347324;0.05879469489961602;0.719858537582485;0.7366429110074612;98.23;99.0;2.0873667622150163;0.021249788885422134;97.82087611460587;98.63912388539414;0.35286068702356294;0.35745174340818253;0.05777797902581167;0.16374161574410084;0.34153620313450384;0.36418517091262204;2.359846573042776;2.3328282828282827;0.40980885161170044;0.1736591083052042;2.279524038126883;2.440169107958669;5.2857142857142865;2.5384615384615383;-1.5384615384615383;0.8270405405405404
1.85;0.75;2;100.0;100.0;0.0;0.0;100.0;100.0;511.98;501.5;92.33698933796792;0.18035272732912988;493.88195008975833;530.0780499102417;5.119799999999999;5.015;0.9233698933796792;0.18035272732912994;4.938819500897582;5.300780499102416;78.99;84.0;20.80264165917396;0.2633579144090893;74.9126822348019;83.06731776519808;5.119799999999999;5.015;0.9233698933796792;0.18035272732912994;4.938819500897582;5.300780499102416;10.59;11.0;1.4635231463834113;0.13819859739220125;10.303149463308852;10.876850536691148;10.239599999999998;10.03;1.8467397867593585;0.18035272732912994;9.877639001795163;10.601560998204832;79.03;84.0;20.74774927552384;0.26253004271193014;74.96344114199732;83.09655885800268;0.7473543018007003;0.7492631255079598;0.04149323872802129;0.055520171126393604;0.7392216270100082;0.7554869765913924;99.19;100.0;1.3615799645999496;0.01372698825083123;98.9231303269384;99.45686967306159;0.3363513016322513;0.32927056236432817;0.04804754793096033;0.1428492998177631;0.3269339822377831;0.3457686210267195;2.124415884880819;2.0507070707070705;0.31103605387823674;0.1464101525938675;2.0634528183206844;2.185378951440953;7.4;2.333333333333333;-1.3333333333333333;0.6918648648648646
1.85;0.85;2;100.0;100.0;0.0;0.0;100.0;100.0;594.49;582.0;108.41102296353448;0.1823597082600792;573.2414394991473;615.7385605008527;5.9449000000000005;5.82;1.0841102296353449;0.1823597082600792;5.732414394991473;6.157385605008528;88.44;97.0;16.404462807419204;0.18548691550677526;85.22472528974583;91.65527471025416;5.9449000000000005;5.82;1.0841102296353449;0.1823597082600792;5.732414394991473;6.157385605008528;11.8;12.0;1.6431676725154984;0.13925149767080494;11.477939136186963;12.122060863813038;11.889800000000001;11.64;2.1682204592706897;0.1823597082600792;11.464828789982946;12.314771210017057;88.49;97.0;16.337377390511612;0.1846239958245182;85.28787403145972;91.69212596854027;0.7542026350842878;0.7565028251683884;0.04224512454228161;0.056012963329888664;0.7459225906740006;0.7624826794945749;99.78;100.0;0.6095900261651268;0.006109340811436428;99.66052035487164;99.89947964512837;0.32809207369187665;0.32768310794250843;0.03647405424521416;0.11117017803809637;0.3209431590598147;0.3352409883239386;1.9746537474025068;1.8966666666666665;0.20757492538396574;0.10511965738652325;1.9339690620272494;2.015338432777764;12.333333333333332;2.1764705882352944;-1.1764705882352942;0.482018918918919
1.85;0.95;2;100.0;100.0;0.0;0.0;100.0;100.0;681.61;667.0;124.59565762898802;0.18279611160192488;657.1892511047183;706.0307488952817;6.816099999999999;6.67;1.24595657628988;0.1827961116019249;6.571892511047182;7.060307488952815;94.43;99.0;10.68761432687389;0.1131802851516879;92.33522759193272;96.52477240806729;6.816099999999999;6.67;1.24595657628988;0.1827961116019249;6.571892511047182;7.060307488952815;13.17;13.0;1.7723148704448657;0.13457212379991387;12.822626285392806;13.517373714607194;13.632199999999997;13.34;2.49191315257976;0.1827961116019249;13.143785022094365;14.12061497790563;94.45;99.0;10.668997141249967;0.11295920742456292;92.35887656031501;96.541123439685;0.757225306210521;0.7602278074005734;0.04062019171189874;0.05364346830295403;0.7492637486349888;0.7651868637860532;99.96;100.0;0.19595917942265428;0.0019603759446043846;99.92159200083316;99.99840799916683;0.3266425508221386;0.327202913436088;0.02910942670001063;0.08911706887771983;0.32093710318893653;0.3323479984553407;1.8967737373737377;1.8667676767676769;0.12090877684068474;0.06374443849485936;1.8730756171129634;1.920471857634512;36.99999999999997;2.052631578947368;-1.0526315789473684;0.18421891891891903
2.05;0.05;2;100.0;100.0;0.0;0.0;100.0;100.0;210.33;209.5;22.923810765228367;0.10898973406184741;205.83693309001526;214.82306690998476;2.1033;2.0949999999999998;0.2292381076522837;0.10898973406184743;2.0583693309001525;2.1482306690998474;12.06;12.0;2.2530867715203513;0.1868231153831137;11.618394992782012;12.50160500721799;2.1033;2.0949999999999998;0.2292381076522837;0.10898973406184743;2.0583693309001525;2.1482306690998474;6.09;6.0;0.9601562372864118;0.15766112270712837;5.901809377491863;6.278190622508137;4.2066;4.1899999999999995;0.4584762153045674;0.10898973406184743;4.116738661800305;4.296461338199695;13.24;13.0;2.1406541056415445;0.1616808236889384;12.820431795294258;13.659568204705742;0.5772579006835745;0.575914500562769;0.040794940219992186;0.07067021546467156;0.569262092400456;0.585253708966693;85.32;86.0;4.004697241989711;0.04693737977015602;84.53507934057001;86.10492065942998;0.47060533544411726;0.4629551697386661;0.04609155278044807;0.0979409906964841;0.4615713910991494;0.4796392797890851;4.517907682317383;4.387953977664672;0.6996205631433627;0.1548549931379971;4.380782051941284;4.655033312693482;2.1578947368421053;21.0;-20.0;0.9746999999999999
2.05;0.15;2;100.0;100.0;0.0;0.0;100.0;100.0;235.64;236.5;26.56257517636421;0.11272523839910122;230.4337352654326;240.84626473456737;2.3563999999999994;2.365;0.26562575176364206;0.11272523839910123;2.3043373526543256;2.408462647345673;15.7;16.0;3.58747822293042;0.22850179763888026;14.996854268305636;16.403145731694362;2.3563999999999994;2.365;0.26562575176364206;0.11272523839910123;2.3043373526543256;2.408462647345673;6.58;7.0;1.069392350823588;0.1625216338637672;6.370399099238576;6.789600900761424;4.712799999999999;4.73;0.5312515035272841;0.11272523839910123;4.608674705308651;4.816925294691346;16.38;16.0;3.393464306575214;0.2071712030876199;15.714880995911257;17.04511900408874;0.5982334050986243;0.5982626810896935;0.04018596391336626;0.06717438974632524;0.5903569561716046;0.6061098540256441;88.39;88.0;3.7653552289259506;0.04259933509362994;87.65199037513051;89.12800962486949;0.4646321182161274;0.4560623170221665;0.045389979943073824;0.09769014702931128;0.4557356821472849;0.47352855428496987;4.134426700341572;3.98191619369599;0.5875192237475916;0.14210415768141513;4.019272932487044;4.2495804681961;2.411764705882353;7.666666666666667;-6.666666666666667;0.9770439024390242
2.05;0.25;2;100.0;100.0;0.0;0.0;100.0;100.0;266.23;262.0;32.09730674059741;0.12056232107800552;259.93892787884295;272.5210721211571;2.6623;2.62;0.3209730674059741;0.12056232107800552;2.599389278788429;2.725210721211571;21.1;19.5;8.204267182387467;0.38882782854916903;19.49196363225206;22.708036367747944;2.6623;2.62;0.3209730674059741;0.12056232107800552;2.599389278788429;2.725210721211571;7.11;7.0;1.1126095451684748;0.15648516809683188;6.89192852914698;7.328071470853021;5.3246;5.24;0.6419461348119482;0.12056232107800552;5.198778557576858;5.450421442423142;21.52;21.0;8.054166623555787;0.3742642483064957;19.941383341783066;23.098616658216933;0.6164152580419008;0.6196367568822294;0.038263443143573994;0.06207413370188354;0.6089156231857603;0.6239148928980413;90.77;91.0;3.5912532631380927;0.039564319303052695;90.06611436042493;91.47388563957506;0.4516447656844988;0.4463856668570908;0.04879231600684069;0.1080325063280487;0.442081471747158;0.4612080596218396;3.7276852771363362;3.624524030990584;0.5605717223440032;0.15038064661259248;3.6178132195569117;3.8375573347157608;2.733333333333333;5.0;-4.0;0.9740121951219514
2.05;0.35;2;100.0;100.0;0.0;0.0;100.0;100.0;303.91;296.5;40.14775087100148;0.13210407973084623;296.04104082928376;311.7789591707163;3.039100000000001;2.965;0.4014775087100148;0.1321040797308462;2.9604104082928377;3.117789591707164;29.06;25.5;12.235048017886974;0.4210271169265993;26.66193058849415;31.458069411505846;3.039100000000001;2.965;0.4014775087100148;0.1321040797308462;2.9604104082928377;3.117789591707164;7.72;8.0;1.2089665007765928;0.1566018783389369;7.4830425658477875;7.956957434152212;6.078200000000002;5.93;0.8029550174200296;0.1321040797308462;5.9208208165856755;6.235579183414328;29.37;26.0;12.08276044618944;0.4113980403877916;27.00177895254687;31.73822104745313;0.64530464761487;0.6437471793979697;0.037481765749652236;0.058083830463936253;0.6379582215279382;0.6526510737018019;93.32;94.0;2.992924990707251;0.03207163513402541;92.73338670182137;93.90661329817861;0.43506389431811193;0.43460690133032603;0.05387032795807034;0.12382164703072601;0.42450531003833014;0.4456224785978937;3.344217651088867;3.255000359400258;0.541881895256523;0.16203547489801925;3.2380087996185885;3.450426502559145;3.1538461538461533;3.857142857142857;-2.857142857142857;0.9636170731707321
2.05;0.45;2;100.0;100.0;0.0;0.0;100.0;100.0;351.49;344.0;51.359613511006884;0.1461197004495345;341.4235157518427;361.55648424815735;3.5148999999999995;3.44;0.5135961351100689;0.14611970044953454;3.414235157518426;3.615564842481573;40.83;35.5;18.57743523740562;0.45499474007851143;37.188822693468495;44.4711773065315;3.5148999999999995;3.44;0.5135961351100689;0.14611970044953454;3.414235157518426;3.615564842481573;8.26;8.0;1.1884443613396465;0.14387946263191848;8.02706490517743;8.49293509482257;7.029799999999999;6.88;1.0271922702201377;0.14611970044953454;6.828470315036852;7.231129684963146;41.01;35.5;18.44749034421756;0.44982907447494663;37.39429189253336;44.625708107466636;0.6706829126008528;0.667650178936644;0.039767699198952684;0.05929433783356257;0.662888443557858;0.6784773816438475;95.67;96.0;2.530039525382953;0.026445484743210547;95.17411225302494;96.16588774697506;0.40888275968437626;0.4169123849251873;0.06279189494420157;0.15356943636525963;0.3965755482753128;0.42118997109343975;2.925494312954925;2.9092167738399732;0.5080785213836264;0.17367270862011575;2.8259109227637342;3.025077703146116;3.7272727272727266;3.2222222222222223;-2.2222222222222223;0.9430219512195123
2.05;0.55;2;100.0;100.0;0.0;0.0;100.0;100.0;411.82;403.0;66.39403286440732;0.1612210015647791;398.80676955857615;424.83323044142384;4.1182;4.029999999999999;0.6639403286440732;0.16122100156477906;3.9880676955857615;4.248332304414238;54.89;48.5;22.250346064724475;0.4053624715745031;50.528932171314004;59.251067828686;4.1182;4.029999999999999;0.6639403286440732;0.16122100156477906;3.9880676955857615;4.248332304414238;9.18;9.0;1.252038338071163;0.1363876185262705;8.934600485738052;9.425399514261947;8.2364;8.059999999999999;1.3278806572881463;0.16122100156477906;7.976135391171523;8.496664608828477;55.02;48.5;22.134127495792555;0.40229239359855606;50.681711010824664;59.35828898917534;0.7018218264785161;0.6990964167884937;0.040684741359711826;0.05797018534440985;0.6938476171720126;0.7097960357850196;97.66;98.0;2.069879223529721;0.021194749370568516;97.25430367218817;98.06569632781182;0.38407638629700186;0.39597023869037895;0.061224392225215925;0.1594068117946512;0.3720764054208595;0.3960763671731442;2.549802267500004;2.5435353535353533;0.43327382746614473;0.16992448119945994;2.4648805973166397;2.6347239376833684;4.555555555555555;2.8181818181818183;-1.8181818181818181;0.9039951219512196
2.05;0.65;2;100.0;100.0;0.0;0.0;100.0;100.0;479.91;470.0;81.37076809272479;0.1695542249436869;463.96132945382595;495.8586705461741;4.799099999999999;4.7;0.813707680927248;0.16955422494368697;4.639613294538258;4.95858670546174;69.18;67.0;22.429168508885923;0.32421463586131716;64.78388297225837;73.57611702774165;4.799099999999999;4.7;0.813707680927248;0.16955422494368697;4.639613294538258;4.95858670546174;10.09;10.0;1.3122118731363468;0.13005073073700166;9.832806472865276;10.347193527134724;9.598199999999999;9.4;1.627415361854496;0.16955422494368697;9.279226589076517;9.91717341092348;69.28;67.0;22.332971141341673;0.3223581284835692;64.90273765629703;73.65726234370297;0.7269827394344037;0.7269531608635845;0.040012478187413526;0.05503910342980555;0.7191402937096707;0.7348251851591368;98.94;99.5;1.4887578715157141;0.015047077739192583;98.64820345718292;99.23179654281708;0.3623482511474439;0.3632790054558488;0.054000009573786895;0.14902792935466283;0.35176424927098165;0.37293225302390615;2.2739153208086686;2.2427272727272727;0.3738320370808408;0.1644001575871768;2.200644241540824;2.3471864000765135;5.857142857142857;2.5384615384615383;-1.5384615384615383;0.8193585365853657
2.05;0.75;2;100.0;100.0;0.0;0.0;100.0;100.0;560.74;548.0;96.98913547403131;0.1729663221350917;541.7301294470899;579.7498705529101;5.607399999999999;5.48;0.9698913547403132;0.17296632213509172;5.417301294470898;5.797498705529101;81.96;88.0;19.39377219624898;0.23662484378049028;78.15882064953519;85.7611793504648;5.607399999999999;5.48;0.9698913547403132;0.17296632213509172;5.417301294470898;5.797498705529101;11.31;11.0;1.5855283031217073;0.14018817887901922;10.999236452588146;11.620763547411855;11.214799999999999;10.96;1.9397827094806264;0.17296632213509172;10.834602588941795;11.594997411058202;81.99;88.0;19.341403775320966;0.23589954598513194;78.19908486003709;85.7809151399629;0.744155186830306;0.7432227898596349;0.04032427308976069;0.05418798901546334;0.7362516293047129;0.7520587443558991;99.6;100.0;0.8831760866327848;0.008867229785469728;99.42689748701997;99.77310251298002;0.34771476254214934;0.34460964715625403;0.043974242226550185;0.12646642295269162;0.3390958110657455;0.3563337140185532;2.0608394425829126;1.9583838383838383;0.2625585171396033;0.12740367430590846;2.0093779732235504;2.112300911942275;8.2;2.333333333333333;-1.3333333333333333;0.6838292682926829
2.05;0.85;2;100.0;100.0;0.0;0.0;100.0;100.0;647.68;635.0;113.54707217713718;0.17531353782290204;625.4247738532811;669.9352261467188;6.476800000000001;6.35;1.1354707217713718;0.175313537822902;6.254247738532812;6.699352261467189;90.66;98.0;14.341004148942988;0.15818447108915715;87.84916318680717;93.47083681319282;6.476800000000001;6.35;1.1354707217713718;0.175313537822902;6.254247738532812;6.699352261467189;12.47;12.0;1.6997352735058482;0.13630595617528854;12.136851886392854;12.803148113607147;12.953600000000002;12.7;2.2709414435427435;0.175313537822902;12.508495477065624;13.398704522934379;90.69;98.0;14.333663174499396;0.15805119830741424;87.88060201779811;93.49939798220188;0.753995874211076;0.7571751381615915;0.03894231480377908;0.051647914976358934;0.7463631805095352;0.7616285679126167;99.95;100.0;0.21794494717703367;0.0021805397416411573;99.9072827903533;99.9927172096467;0.34117120248509586;0.33891869935675667;0.03367620017778684;0.09870762811306734;0.33457066725024964;0.3477717377199421;1.934187878787879;1.8784848484848484;0.1624306995424875;0.08397875993529642;1.9023514616775514;1.9660242958982066;13.666666666666664;2.1764705882352944;-1.1764705882352942;0.4739121951219514
2.05;0.95;2;100.0;100.0;0.0;0.0;100.0;100.0;738.67;722.5;130.39555628931532;0.17652748357089815;713.1124709672941;764.2275290327058;7.386700000000001;7.225;1.3039555628931532;0.1765274835708981;7.131124709672943;7.642275290327059;95.58;99.0;8.892896041223016;0.0930413898433042;93.83699237592029;97.32300762407971;7.386700000000001;7.225;1.3039555628931532;0.1765274835708981;7.131124709672943;7.642275290327059;14.0;14.0;1.783255450012701;0.12737538928662148;13.650481931797511;14.349518068202489;14.773400000000002;14.45;2.6079111257863063;0.1765274835708981;14.262249419345887;15.284550580654118;95.61;99.0;8.883574730928986;0.0929147027604747;93.86881935273792;97.35118064726208;0.7561042480773393;0.7598749395613332;0.03816462938329327;0.05047535373639316;0.7486239807182139;0.7635845154364648;99.97;100.0;0.17058722109231983;0.0017063841261610467;99.9365649046659;100.0034350953341;0.341161162359982;0.34045215904447984;0.027702511822887608;0.08120066079988562;0.33573147004269605;0.34659085467726797;1.8725292929292932;1.8568686868686868;0.09207039613859522;0.049169001780775774;1.8544834952861284;1.8905750905724579;40.99999999999996;2.052631578947368;-1.0526315789473684;0.18016341463414656
2.25;0.05;2;100.0;100.0;0.0;0.0;100.0;100.0;231.11;231.0;24.695301172490282;0.10685518226165151;226.2697209701919;235.95027902980812;2.3111000000000006;2.31;0.24695301172490286;0.10685518226165151;2.2626972097019196;2.3595027902980816;12.89;13.0;2.262277613379932;0.17550640910627865;12.446593587777533;13.333406412222468;2.3111000000000006;2.31;0.24695301172490286;0.10685518226165151;2.2626972097019196;2.3595027902980816;6.51;6.0;1.0535179163165664;0.16183070911160774;6.303510488401953;6.716489511598047;4.622200000000001;4.62;0.4939060234498057;0.10685518226165151;4.525394419403839;4.719005580596163;14.19;14.0;2.2347035597591014;0.15748439462713892;13.751998102287216;14.628001897712783;0.5805118186767406;0.5798812636198655;0.037633221067706064;0.06482765700359015;0.5731357073474702;0.587887930006011;88.3;88.0;3.729611239794303;0.042237952885552696;87.56899619700032;89.03100380299968;0.47333388312168884;0.4689422448754221;0.04155852889903246;0.0877996069602062;0.46518841145747847;0.4814793547858992;4.331180791909565;4.197542689390067;0.6264318809435627;0.14463304836263288;4.208400143244627;4.453961440574504;2.368421052631579;21.0;-20.0;0.9757977777777779
2.25;0.15;2;100.0;100.0;0.0;0.0;100.0;100.0;258.28;259.5;28.99657910857762;0.11226800026551659;252.59667049471875;263.9633295052812;2.5827999999999998;2.5949999999999998;0.2899657910857762;0.11226800026551657;2.5259667049471877;2.639633295052812;16.7;16.0;3.6918829883949464;0.2210708376284399;15.97639093427459;17.423609065725408;2.5827999999999998;2.5949999999999998;0.2899657910857762;0.11226800026551657;2.5259667049471877;2.639633295052812;7.02;7.0;1.0860939185908371;0.15471423341749818;6.807125591956195;7.232874408043804;5.1655999999999995;5.1899999999999995;0.5799315821715524;0.11226800026551657;5.051933409894375;5.279266590105624;17.38;17.0;3.520738558882212;0.2025741403269397;16.689935242459086;18.070064757540912;0.5979228376926577;0.5972849693807227;0.039374901214805656;0.06585281366196119;0.5902053570545558;0.6056403183307597;90.68;91.0;3.4201754340969117;0.03771697655598712;90.009645614917;91.35035438508301;0.46810178104783384;0.45796698000759317;0.04020272166595708;0.08588457317116871;0.46022204760130625;0.47598151449436144;3.9057762616914213;3.810108965550493;0.481934333347918;0.12339015372560365;3.8113171323552293;4.000235391027613;2.6470588235294117;7.666666666666667;-6.666666666666667;0.9757244444444444
2.25;0.25;2;100.0;100.0;0.0;0.0;100.0;100.0;291.77;289.5;34.72689303695336;0.1190214656645761;284.96352896475713;298.57647103524283;2.9177000000000004;2.895;0.3472689303695336;0.11902146566457605;2.849635289647572;2.985764710352429;22.74;21.0;8.46831742437658;0.37239742411506516;21.080209784822188;24.39979021517781;2.9177000000000004;2.895;0.3472689303695336;0.11902146566457605;2.849635289647572;2.985764710352429;7.54;7.0;1.178303865732435;0.15627372224568103;7.3090524423164425;7.770947557683558;5.835400000000001;5.79;0.6945378607390672;0.11902146566457605;5.699270579295144;5.971529420704858;23.21;22.0;8.286489003190676;0.35702236118874087;21.585848155374627;24.834151844625374;0.6215627163521917;0.620891719632336;0.03654963057839346;0.0588028039920007;0.6143989887588266;0.6287264439455569;92.87;93.0;3.1389647975088852;0.033799556342294444;92.25476289968826;93.48523710031175;0.4553454719620112;0.44809655417369554;0.0457788338956338;0.10053648650195222;0.446372820518467;0.4643181234055554;3.530666837136272;3.438537043058398;0.4494434037536238;0.12729703041541238;3.4425759300005616;3.6187577442719823;3.0;5.0;-4.0;0.9725666666666668
2.25;0.35;2;100.0;100.0;0.0;0.0;100.0;100.0;332.55;327.5;43.402160084493495;0.1305131862411472;324.0431766234393;341.0568233765607;3.3254999999999995;3.275;0.4340216008449349;0.1305131862411472;3.2404317662343924;3.4105682337656065;31.4;28.0;12.97767313504235;0.413301692198801;28.8563760655317;33.9436239344683;3.3254999999999995;3.275;0.4340216008449349;0.1305131862411472;3.2404317662343924;3.4105682337656065;8.05;8.0;1.1863810517704672;0.14737652817024435;7.817469313852989;8.282530686147012;6.650999999999999;6.55;0.8680432016898698;0.1305131862411472;6.480863532468785;6.821136467531213;31.69;28.0;12.842659381919308;0.4052590527585771;29.172838761143815;34.20716123885619;0.6466329738475228;0.6484685927148158;0.03606164994189761;0.05576834371332417;0.6395648904589109;0.6537010572361348;95.07;95.0;2.5268755410585624;0.02657910530197289;94.57473239395252;95.56526760604747;0.43830434951427977;0.4394583183887852;0.052608867676273575;0.12002816703638393;0.4279930114497301;0.4486156875788294;3.17584991434207;3.0792535494608115;0.49229608612951276;0.15501239019712934;3.0793598814606855;3.2723399472234544;3.4615384615384612;3.857142857142857;-2.857142857142857;0.9606999999999999
2.25;0.45;2;100.0;100.0;0.0;0.0;100.0;100.0;385.36;380.0;54.20507725296589;0.1406608813913377;374.7358048584187;395.9841951415813;3.8536;3.8;0.5420507725296589;0.1406608813913377;3.747358048584187;3.959841951415813;44.1;39.0;18.849668432097154;0.4274301231768062;40.40546498730896;47.79453501269104;3.8536;3.8;0.5420507725296589;0.1406608813913377;3.747358048584187;3.959841951415813;8.81;9.0;1.1374972527439353;0.12911433061792682;8.58705053846219;9.032949461537811;7.7072;7.6;1.0841015450593179;0.1406608813913377;7.494716097168374;7.919683902831626;44.3;39.0;18.704812215042416;0.42223052404158956;40.633856805851686;47.96614319414831;0.6747665312900899;0.6764758983502664;0.037508278978673815;0.05558704713311955;0.6674149086102699;0.6821181539699099;97.03;97.5;2.132861927082951;0.021981468897072566;96.61195906229175;97.44804093770826;0.41433755608839384;0.4223219186297994;0.06009487583420176;0.1450384473991087;0.4025589604248903;0.4261161517518974;2.7816192618128035;2.7567676767676765;0.44824728106017264;0.1611461666281554;2.69376279472501;2.869475728900597;4.090909090909091;3.2222222222222223;-2.2222222222222223;0.9419911111111111
2.25;0.55;2;100.0;100.0;0.0;0.0;100.0;100.0;449.2;445.5;70.26706198497273;0.15642711928978792;435.4276558509453;462.97234414905466;4.491999999999999;4.455;0.7026706198497273;0.15642711928978795;4.3542765585094525;4.629723441490546;58.43;52.5;21.892124154590388;0.3746726707956596;54.13914366570028;62.72085633429972;4.491999999999999;4.455;0.7026706198497273;0.15642711928978795;4.3542765585094525;4.629723441490546;9.66;10.0;1.266649122685521;0.13112309758649285;9.411736771953638;9.908263228046362;8.983999999999998;8.91;1.4053412396994547;0.15642711928978795;8.708553117018905;9.259446882981091;58.58;53.5;21.750485052062633;0.3712954088778189;54.316904929795726;62.84309507020427;0.7030918330127574;0.7022110213993245;0.04001181173491075;0.056908372215702795;0.6952495179127148;0.7109341481127999;98.66;99.0;1.5376605607220337;0.015585450645875064;98.35861853009848;98.96138146990151;0.38990806738799433;0.40171066587120086;0.05646320151838702;0.14481157544811954;0.37884127989039046;0.4009748548855982;2.4423483819891105;2.4430303030303033;0.3792914669941049;0.15529785586329836;2.368007254458266;2.516689509519955;5.000000000000001;2.8181818181818183;-1.8181818181818181;0.8983999999999996
2.25;0.65;2;100.0;100.0;0.0;0.0;100.0;100.0;522.81;511.0;86.10687487070936;0.16470012981907264;505.9330525253409;539.686947474659;5.2280999999999995;5.11;0.8610687487070935;0.16470012981907262;5.059330525253409;5.39686947474659;72.34;72.0;21.481722463526985;0.29695496908386765;68.12958239714871;76.5504176028513;5.2280999999999995;5.11;0.8610687487070935;0.16470012981907262;5.059330525253409;5.39686947474659;10.67;11.0;1.4970303938130316;0.14030275480909388;10.376582042812645;10.963417957187355;10.456199999999999;10.22;1.722137497414187;0.16470012981907262;10.118661050506818;10.79373894949318;72.4;72.0;21.409343754538575;0.29570916788036705;68.20376862411044;76.59623137588957;0.7257916428145542;0.7282384544344722;0.0386890605751472;0.05330601551860604;0.7182085869418253;0.7333746986872831;99.39;100.0;1.0187737727287645;0.010250264339760182;99.19032034054516;99.58967965945484;0.3700162437328135;0.36986316812251485;0.04824292353066249;0.13038055584797087;0.36056063072080363;0.37947185674482337;2.191679870316685;2.1644444444444444;0.3111754630724628;0.141980344523354;2.130689479554482;2.252670261078888;6.428571428571429;2.5384615384615383;-1.5384615384615383;0.8132599999999999
2.25;0.75;2;100.0;100.0;0.0;0.0;100.0;100.0;607.85;594.5;100.68866619436369;0.16564722578656524;588.1150214259047;627.5849785740953;6.0785;5.945;1.006886661943637;0.16564722578656527;5.881150214259047;6.275849785740953;84.62;91.5;17.669623651906115;0.20881143526242157;81.15675376422641;88.0832462357736;6.0785;5.945;1.006886661943637;0.16564722578656527;5.881150214259047;6.275849785740953;11.98;12.0;1.7086837039077771;0.1426280220290298;11.645097994034076;12.314902005965925;12.157;11.89;2.013773323887274;0.16564722578656527;11.762300428518094;12.551699571481906;84.67;91.5;17.617636050276438;0.20807412365981384;81.21694333414582;88.12305666585418;0.7431707077369337;0.7446429473266052;0.037166519115430896;0.05001074279233707;0.7358860699903093;0.7504553454835582;99.76;100.0;0.6183849933496123;0.0061987268780033305;99.63879654130348;99.88120345869653;0.3575976433059893;0.354669303896705;0.039116410636158075;0.10938665667515858;0.34993082682130233;0.3652644597906763;2.0060694683390876;1.9191919191919191;0.2139610202604912;0.10665683498869004;1.9641331083680313;2.048005828310144;9.0;2.333333333333333;-1.3333333333333333;0.6753888888888889
2.25;0.85;2;100.0;100.0;0.0;0.0;100.0;100.0;696.95;685.0;118.43955209304026;0.1699398121716626;673.7358477897642;720.1641522102359;6.9695;6.85;1.1843955209304027;0.16993981217166262;6.737358477897641;7.201641522102359;92.39;99.0;12.399108838944837;0.1342040138428925;89.95977466756682;94.82022533243318;6.9695;6.85;1.1843955209304027;0.16993981217166262;6.737358477897641;7.201641522102359;13.32;13.0;1.7993332098307973;0.1350850758131229;12.967330690873164;13.672669309126837;13.939;13.7;2.3687910418608054;0.16993981217166262;13.474716955795282;14.403283044204718;92.41;99.0;12.390395473914463;0.1340806782157176;89.98148248711276;94.83851751288724;0.7529874656286459;0.7554394550688681;0.03659641372347002;0.04860162405614124;0.7458145685388458;0.7601603627184461;99.97;100.0;0.17058722109231983;0.0017063841261610467;99.9365649046659;100.0034350953341;0.35304205222181134;0.3537559481426593;0.030892530330308712;0.08750382606233938;0.34698711627707085;0.35909698816655183;1.9041252525252528;1.8658585858585859;0.1261012501818227;0.06622529164748332;1.8794094074896155;1.92884109756089;14.999999999999998;2.1764705882352944;-1.1764705882352942;0.4646333333333334
2.25;0.95;2;100.0;100.0;0.0;0.0;100.0;100.0;791.65;773.0;135.3836308421369;0.1710145024216976;765.1148083549411;818.1851916450588;7.9165;7.73;1.353836308421369;0.17101450242169758;7.651148083549412;8.181851916450588;96.46;99.0;7.5052248467317755;0.07780660218465453;94.98897593004057;97.93102406995942;7.9165;7.73;1.353836308421369;0.17101450242169758;7.651148083549412;8.181851916450588;14.74;15.0;1.8418468991748476;0.1249556919385921;14.37899800776173;15.10100199223827;15.833;15.46;2.707672616842738;0.17101450242169758;15.302296167098824;16.363703832901177;96.47;99.0;7.4919356644327895;0.07766078225803659;95.00158060977117;97.93841939022883;0.7558463696360468;0.7577053272205729;0.036847135653887524;0.04874950404488952;0.7486243310478848;0.7630684082242087;99.99;100.0;0.09949874371066199;0.0009950869458012;99.97049824623271;100.00950175376728;0.3538462149046382;0.35559566652859187;0.026173399100502096;0.07396828904205136;0.34871622868093977;0.3589762011283366;1.854288888888889;1.8455555555555554;0.07272957827434226;0.0392223556481119;1.840033891547118;1.8685438862306603;44.99999999999996;2.052631578947368;-1.0526315789473684;0.1759222222222224
2.45;0.05;2;100.0;100.0;0.0;0.0;100.0;100.0;251.18;252.0;27.185797762802547;0.1082323344326879;245.8515836384907;256.5084163615093;2.5118;2.52;0.2718579776280255;0.10823233443268791;2.458515836384907;2.565084163615093;13.74;14.0;2.2028163790929103;0.1603214249703719;13.30824798969779;14.17175201030221;2.5118;2.52;0.2718579776280255;0.10823233443268791;2.458515836384907;2.565084163615093;6.94;7.0;1.156027681329474;0.16657459385150922;6.713418574459423;7.166581425540578;5.0236;5.04;0.543715955256051;0.10823233443268791;4.917031672769814;5.130168327230186;15.09;15.0;2.2675757980715883;0.15027009927578452;14.645555143577969;15.53444485642203;0.5810472130793787;0.580270787460043;0.03927041662147671;0.06758558639900379;0.5733502114215693;0.5887442147371881;90.36;90.0;3.3838439680339873;0.03744847242180154;89.69676658226534;91.02323341773466;0.4760211846430202;0.46942295293359126;0.04032526376507714;0.08471317047647371;0.4681174329450651;0.4839249363409753;4.081514072500172;3.96304946622414;0.4772385598054335;0.11692684413877232;3.9879753147783075;4.175052830222038;2.578947368421053;21.0;-20.0;0.9739632653061223
2.45;0.15;2;100.0;100.0;0.0;0.0;100.0;100.0;280.95;279.0;30.92971871841062;0.11008976230080306;274.8877751311915;287.01222486880846;2.8095000000000003;2.79;0.30929718718410615;0.11008976230080303;2.7488777513119156;2.870122248688085;17.9;17.5;4.109744517606903;0.22959466578809518;17.094490074549046;18.70550992545095;2.8095000000000003;2.79;0.30929718718410615;0.11008976230080303;2.7488777513119156;2.870122248688085;7.47;7.0;1.1700854669638454;0.15663794738471826;7.240663248475086;7.699336751524913;5.619000000000001;5.58;0.6185943743682123;0.11008976230080303;5.497755502623831;5.74024449737617;18.73;19.0;3.859676152217955;0.20606920193368686;17.97350347416528;19.48649652583472;0.5985344058365227;0.5986681337804933;0.037474619641466436;0.06261063570621511;0.5911893803867954;0.6058794312862501;92.46;93.0;2.9203424456731097;0.03158492803020885;91.88761288064806;93.03238711935192;0.4699657394564736;0.46292077455741176;0.03856207291646546;0.08205294488288317;0.4624075731648463;0.47752390574810083;3.7382045658788665;3.6774170771537182;0.4407550131077421;0.11790553602411506;3.651816583309749;3.824592548447984;2.882352941176471;7.666666666666667;-6.666666666666667;0.9747244897959183
2.45;0.25;2;100.0;100.0;0.0;0.0;100.0;100.0;317.61;315.0;37.60874765264061;0.1184117239779623;310.2386854600825;324.98131453991755;3.1761;3.15;0.37608747652640606;0.1184117239779623;3.1023868546008244;3.2498131453991754;24.45;22.5;8.969253034673512;0.3668406149150721;22.69202640520399;26.20797359479601;3.1761;3.15;0.37608747652640606;0.1184117239779623;3.1023868546008244;3.2498131453991754;7.94;8.0;1.2068139873236472;0.15199168606091273;7.703464458484565;8.176535541515435;6.3522;6.3;0.7521749530528121;0.1184117239779623;6.204773709201649;6.499626290798351;24.93;24.0;8.792331886365528;0.35268078164322214;23.206702950272355;26.653297049727644;0.6239049787773433;0.629587374846718;0.03425981122339398;0.054911905480434516;0.617190055777558;0.6306199017771286;94.61;95.0;2.4408809884957527;0.025799397405091986;94.13158732625483;95.08841267374517;0.45957063391801406;0.45399314006440605;0.04482955067946057;0.09754659538898652;0.4507840419848398;0.46835722585118833;3.3858071367135834;3.3149826149308654;0.4429013295537628;0.13081115127652038;3.298998476121046;3.472615797306121;3.266666666666667;5.0;-4.0;0.9722755102040815
2.45;0.35;2;100.0;100.0;0.0;0.0;100.0;100.0;361.21;356.0;46.29109957648446;0.12815564235897253;352.136944483009;370.28305551699094;3.6120999999999994;3.56;0.46291099576484457;0.12815564235897253;3.52136944483009;3.7028305551699088;33.54;30.0;13.522884307720744;0.4031867712498731;30.889514675686733;36.190485324313265;3.6120999999999994;3.56;0.46291099576484457;0.12815564235897253;3.52136944483009;3.7028305551699088;8.55;8.0;1.1608186766243902;0.13576826627185848;8.32247953938162;8.777520460618382;7.224199999999999;7.12;0.9258219915296891;0.12815564235897253;7.04273888966018;7.4056611103398176;33.8;31.0;13.391788528796292;0.39620676120699094;31.175209448355925;36.42479055164407;0.6469353400064553;0.6518648215669814;0.034447743801780756;0.053247583910684224;0.6401835822213062;0.6536870977916043;96.47;97.0;2.090239220759193;0.021667245991076948;96.0603131127312;96.8796868872688;0.4419886375339669;0.44504084474689176;0.05180418762139112;0.11720705742669676;0.4318350167601742;0.45214225830775956;3.040411816633406;3.0067952829366673;0.4434260161385701;0.1458440641865311;2.953500317470246;3.127323315796566;3.769230769230769;3.857142857142857;-2.857142857142857;0.9583122448979591
2.45;0.45;2;100.0;100.0;0.0;0.0;100.0;100.0;418.31;415.5;58.252157899943924;0.1392559534793429;406.892577051611;429.727422948389;4.1831;4.155;0.5825215789994392;0.13925595347934291;4.06892577051611;4.2972742294838895;46.88;41.0;18.942692522447803;0.4040676732604053;43.167232265600234;50.59276773439977;4.1831;4.155;0.5825215789994392;0.13925595347934291;4.06892577051611;4.2972742294838895;9.34;9.0;1.3131641176943574;0.14059572994586267;9.082619832931906;9.597380167068094;8.3662;8.31;1.1650431579988785;0.13925595347934291;8.13785154103222;8.594548458967779;47.08;41.0;18.79291355804097;0.39916978670435366;43.39658894262397;50.763411057376025;0.675311274990499;0.6782134743226516;0.03592534045768518;0.05319819435591478;0.6682699082607927;0.6823526417202054;98.08;98.5;1.689260193102294;0.017223289081385543;97.74890500215194;98.41109499784805;0.4186902559285263;0.42640217695205634;0.05636331040747889;0.13461815652356748;0.40764304708866045;0.4297374647683922;2.678521709927224;2.6776025561739845;0.41860384900122705;0.15628167113590452;2.5964753555229834;2.7605680643314647;4.454545454545454;3.2222222222222223;-2.2222222222222223;0.9390632653061225
2.45;0.55;2;100.0;100.0;0.0;0.0;100.0;100.0;486.06;481.0;74.04671768552608;0.15234069391747124;471.5468433336369;500.5731566663631;4.8606;4.8100000000000005;0.7404671768552608;0.15234069391747126;4.715468433336369;5.005731566663631;61.41;56.0;21.636124884091423;0.3523225025906436;57.16931952271808;65.65068047728191;4.8606;4.8100000000000005;0.7404671768552608;0.15234069391747126;4.715468433336369;5.005731566663631;10.26;10.0;1.3901079094804114;0.1354881003392214;9.987538849741838;10.532461150258161;9.7212;9.620000000000001;1.4809343537105215;0.15234069391747126;9.430936866672738;10.011463133327261;61.55;56.5;21.505987538357775;0.3494067837263652;57.33482644248188;65.76517355751812;0.7022107996562518;0.7015578806789292;0.03670349718437287;0.05226848861102688;0.6950169142081147;0.7094046851043888;99.08;99.0;1.2383860464330176;0.012498849883256133;98.83727633489913;99.32272366510087;0.3948959104408359;0.4065011290694732;0.05205493801116837;0.13181938995786927;0.3846931425906469;0.40509867829102486;2.3597724113339122;2.367070707070707;0.3459175285525369;0.1465893604362463;2.291972575737615;2.4275722469302097;5.4444444444444455;2.8181818181818183;-1.8181818181818181;0.8927632653061223
2.45;0.65;2;100.0;100.0;0.0;0.0;100.0;100.0;564.68;554.0;89.10262397931949;0.15779312881511565;547.2158857000534;582.1441142999465;5.6468;5.54;0.891026239793195;0.15779312881511565;5.472158857000534;5.821441142999466;75.28;77.5;20.580126335861014;0.2733810618472504;71.24629523817124;79.31370476182876;5.6468;5.54;0.891026239793195;0.15779312881511565;5.472158857000534;5.821441142999466;11.39;11.0;1.5613775968675865;0.13708319551076265;11.083969991013953;11.696030008986048;11.2936;11.08;1.78205247958639;0.15779312881511565;10.944317714001068;11.642882285998931;75.34;77.5;20.507179230698693;0.2721951052654459;71.32059287078306;79.35940712921695;0.7258495477619005;0.7281163901834518;0.035555899752723476;0.04898521995688676;0.7188805914103666;0.7328185041134343;99.55;100.0;0.8874119674649424;0.008914233726418306;99.37606725437686;99.72393274562313;0.3780296546823875;0.37536284881668114;0.044746296014146356;0.11836715839592332;0.3692593806636148;0.38679992870116015;2.1256939278547238;2.092929292929293;0.26487372042272916;0.12460576612270938;2.073778678651869;2.1776091770575787;7.000000000000001;2.5384615384615383;-1.5384615384615383;0.8066857142857141
2.45;0.75;2;100.0;100.0;0.0;0.0;100.0;100.0;653.25;641.0;106.03568974642452;0.1623202292329499;632.4670048097008;674.0329951902992;6.5325000000000015;6.41;1.0603568974642452;0.16232022923294986;6.324670048097009;6.740329951902994;86.87;94.0;16.14847051581047;0.18589237384379498;83.70489977890115;90.03510022109886;6.5325000000000015;6.41;1.0603568974642452;0.16232022923294986;6.324670048097009;6.740329951902994;12.6;13.0;1.7378147196982767;0.13792180315065689;12.259388314939137;12.940611685060862;13.065000000000003;12.82;2.1207137949284904;0.16232022923294986;12.649340096194019;13.480659903805988;86.88;94.0;16.12964971721333;0.18565434757381827;83.71858865542619;90.0414113445738;0.7427496048483274;0.7454560995249429;0.036236260580936215;0.048786644037778805;0.7356472977744639;0.7498519119221909;99.88;100.0;0.3815756805667783;0.0038203412151259345;99.80521116660891;99.95478883339108;0.3672389982330908;0.3659117219988258;0.03545211996446422;0.09653691502001743;0.3602903827200558;0.3741876137461258;1.963218181818182;1.8988888888888888;0.1719139532133975;0.08756742108723953;1.929523046988356;1.996913316648008;9.8;2.333333333333333;-1.3333333333333333;0.6665816326530614
2.45;0.85;2;100.0;100.0;0.0;0.0;100.0;100.0;746.27;739.0;122.80072108908809;0.16455267006457192;722.2010586665388;770.3389413334612;7.4627;7.390000000000001;1.2280072108908806;0.1645526700645719;7.222010586665387;7.703389413334612;93.85;99.0;10.814226740733709;0.1152288411372798;91.73041155881619;95.9695884411838;7.4627;7.390000000000001;1.2280072108908806;0.1645526700645719;7.222010586665387;7.703389413334612;14.05;14.0;1.7909494688572314;0.12746971308592395;13.698973904103983;14.401026095896018;14.9254;14.780000000000001;2.456014421781761;0.1645526700645719;14.444021173330775;15.406778826669225;93.85;99.0;10.814226740733709;0.1152288411372798;91.73041155881619;95.9695884411838;0.7513607488827247;0.7536705979910541;0.03538734744222801;0.04709767910401107;0.744424828784048;0.7582966689814015;99.97;100.0;0.17058722109231983;0.0017063841261610467;99.9365649046659;100.0034350953341;0.36401139313002007;0.362913314118941;0.02907198590377427;0.07986559336451905;0.3583132838928803;0.3697095023671598;1.880656565656566;1.8537373737373737;0.10197167912982837;0.05422131876280585;1.8606701165471196;1.9006430147660123;16.333333333333332;2.1764705882352944;-1.1764705882352942;0.45690000000000003
2.45;0.95;2;100.0;100.0;0.0;0.0;100.0;100.0;844.86;826.5;140.0654147175526;0.16578535463574157;817.4071787153597;872.3128212846403;8.4486;8.265;1.400654147175526;0.16578535463574154;8.174071787153597;8.723128212846404;97.01;99.0;6.585582738072615;0.0678856070309516;95.71922578333778;98.30077421666223;8.4486;8.265;1.400654147175526;0.16578535463574154;8.174071787153597;8.723128212846404;15.5;15.5;1.972308292331602;0.1272456962794582;15.113427574703007;15.886572425296993;16.8972;16.53;2.801308294351052;0.16578535463574154;16.348143574307194;17.44625642569281;97.01;99.0;6.585582738072615;0.0678856070309516;95.71922578333778;98.30077421666223;0.7545937225369154;0.7573368369271412;0.036917591846673085;0.048923799316216876;0.7473578745349675;0.7618295705388632;99.99;100.0;0.09949874371066199;0.0009950869458012;99.97049824623271;100.00950175376728;0.3663527343711886;0.36677823380757396;0.02542404483152725;0.06939772095645834;0.36136962158420927;0.3713358471581679;1.8390787878787878;1.833030303030303;0.060488460449631;0.03289063027005983;1.82722304963066;1.8509345261269154;48.99999999999996;2.052631578947368;-1.0526315789473684;0.17242040816326548
2.65;0.05;2;100.0;100.0;0.0;0.0;100.0;100.0;272.22;270.5;29.082152602584284;0.10683326942393755;266.5198980898935;277.92010191010655;2.7221999999999995;2.705;0.2908215260258429;0.1068332694239376;2.6651989808989343;2.7792010191010648;14.63;14.0;2.360741408964565;0.16136304914316915;14.167294683842947;15.092705316157055;2.7221999999999995;2.705;0.2908215260258429;0.1068332694239376;2.6651989808989343;2.7792010191010648;7.31;7.0;1.2140428328522848;0.1660797308963454;7.072047604760952;7.547952395239047;5.444399999999999;5.41;0.5816430520516858;0.1068332694239376;5.3303979617978685;5.5584020382021295;16.04;16.0;2.469493875270801;0.15395847102685795;15.555979200446922;16.524020799553075;0.5807091661503954;0.577819452014866;0.03450071836446059;0.05941135490106144;0.5739470253509611;0.5874713069498296;92.23;93.0;2.9320811721369515;0.031790970097982776;91.65531209026116;92.80468790973885;0.4782010980023907;0.47308814355436496;0.03826371489163863;0.08001594946452284;0.4707014098836295;0.48570078612115186;3.9150876841241904;3.842192481672522;0.42867817210748366;0.10949388792638995;3.8310667623911234;3.9991086058572574;2.7894736842105265;21.0;-20.0;0.9758830188679243
2.65;0.15;2;100.0;100.0;0.0;0.0;100.0;100.0;303.7;301.5;33.15493930020081;0.10917003391570895;297.2016318971606;310.19836810283937;3.037;3.0149999999999997;0.33154939300200803;0.10917003391570894;2.9720163189716065;3.1019836810283934;19.09;19.0;4.301383498364218;0.22532129378544882;18.246928834320613;19.933071165679387;3.037;3.0149999999999997;0.33154939300200803;0.10917003391570894;2.9720163189716065;3.1019836810283934;7.73;8.0;1.1819898476721364;0.1529094240196813;7.498329989856262;7.961670010143739;6.074;6.029999999999999;0.6630987860040161;0.10917003391570894;5.944032637943213;6.203967362056787;19.84;19.0;4.068709869233736;0.2050761022799262;19.04253286563019;20.63746713436981;0.6037582293052864;0.6076402135505397;0.03259358319481666;0.05398449513859284;0.5973698869991024;0.6101465716114705;94.11;94.0;2.645354418598763;0.02810917456804551;93.59151053395465;94.62848946604535;0.4733434036776576;0.4669315671563776;0.03845272377426234;0.08123642048352761;0.4658066698179022;0.480880137537413;3.5972151403206856;3.5740786786442165;0.4004016959134694;0.11130879869414045;3.5187364079216454;3.6756938727197257;3.1176470588235294;7.666666666666667;-6.666666666666667;0.9741320754716981
2.65;0.25;2;100.0;100.0;0.0;0.0;100.0;100.0;341.88;336.5;39.66189102904701;0.11601114727110978;334.1062693583068;349.6537306416932;3.4188000000000005;3.365;0.3966189102904702;0.11601114727110978;3.3410626935830683;3.4965373064169327;25.88;24.0;9.092062472288672;0.35131616971749124;24.097955755431418;27.66204424456858;3.4188000000000005;3.365;0.3966189102904702;0.11601114727110978;3.3410626935830683;3.4965373064169327;8.33;8.0;1.1836807001890335;0.14209852343205684;8.09799858276295;8.56200141723705;6.837600000000001;6.73;0.7932378205809404;0.11601114727110978;6.682125387166137;6.9930746128338654;26.31;25.0;8.950636848850477;0.34019904404600826;24.555675177625304;28.064324822374694;0.6270622636469781;0.6346999937169002;0.03146697608246363;0.0501815814899345;0.6208947363348153;0.633229790959141;95.79;96.0;2.1600694433281538;0.022550051605889482;95.3666263891077;96.21337361089232;0.4623997013352421;0.4603205419919782;0.0430862134246422;0.09317958748724295;0.45395480350401224;0.470844599166472;3.260932775241311;3.197626740793162;0.4052733093383793;0.12428140574237652;3.181499206610989;3.3403663438716333;3.533333333333333;5.0;-4.0;0.9675849056603776
2.65;0.35;2;100.0;100.0;0.0;0.0;100.0;100.0;390.49;387.0;48.86583571371721;0.12513978773775822;380.9122962001114;400.0677037998886;3.9049;3.87;0.4886583571371721;0.12513978773775822;3.809122962001114;4.000677037998885;35.78;31.0;13.849606492604762;0.38707676055351486;33.06547712744947;38.49452287255053;3.9049;3.87;0.4886583571371721;0.12513978773775822;3.809122962001114;4.000677037998885;8.96;9.0;1.318483977907961;0.14715222967722777;8.701577140330041;9.21842285966996;7.8098;7.74;0.9773167142743442;0.12513978773775822;7.618245924002228;8.00135407599777;36.01;32.0;13.734260081999318;0.3814012797000644;33.318085023928134;38.70191497607186;0.6469247937265682;0.6525596281379984;0.032851548647648936;0.050781093824538284;0.640485890191629;0.6533636972615073;97.52;98.0;1.8356470248934025;0.018823287786027508;97.16021318312089;97.8797868168791;0.4443864715888261;0.44763856305484134;0.04917558310602775;0.11065949629431575;0.4347480573000447;0.45402488587760753;2.9264364138483607;2.8837991196134887;0.4519067474519752;0.15442219940726573;2.8378626913477736;3.015010136348948;4.076923076923077;3.857142857142857;-2.857142857142857;0.9578056603773586
2.65;0.45;2;100.0;100.0;0.0;0.0;100.0;100.0;450.35;444.5;61.56953386213023;0.13671485258605579;438.2823713630225;462.41762863697755;4.5035;4.445;0.6156953386213022;0.13671485258605579;4.382823713630224;4.624176286369775;49.31;43.0;19.06971158670209;0.3867311212066942;45.57233652900639;53.04766347099361;4.5035;4.445;0.6156953386213022;0.13671485258605579;4.382823713630224;4.624176286369775;9.81;10.0;1.3906473312813714;0.1417581377452978;9.537433123068851;10.08256687693115;9.007;8.89;1.2313906772426044;0.13671485258605579;8.765647427260449;9.24835257273955;49.55;43.0;18.896758981370326;0.38136748701050105;45.84623523965141;53.25376476034858;0.6756360321833255;0.6773070080779351;0.03386564811171061;0.05012410010501273;0.6689983651534301;0.6822736992132208;98.71;99.0;1.343837787830064;0.013613998458414184;98.4466077935853;98.97339220641469;0.4225425353961622;0.4332789908482476;0.052432988576675804;0.12408925536340698;0.4122656696351338;0.43281940115719064;2.57395538759515;2.5921777759717575;0.35837749408949005;0.13923220884738124;2.50371339875361;2.64419737643669;4.8181818181818175;3.2222222222222223;-2.2222222222222223;0.9346886792452831
2.65;0.55;2;100.0;100.0;0.0;0.0;100.0;100.0;522.45;515.0;76.62654566140901;0.14666771109466745;507.4311970503639;537.4688029496363;5.224500000000001;5.15;0.76626545661409;0.1466677110946674;5.074311970503639;5.374688029496363;64.38;60.0;21.328750549434442;0.33129466525993234;60.199564892310846;68.56043510768914;5.224500000000001;5.15;0.76626545661409;0.1466677110946674;5.074311970503639;5.374688029496363;10.75;11.0;1.4168627315304754;0.1318011843284163;10.472294904620027;11.027705095379973;10.449000000000002;10.3;1.53253091322818;0.1466677110946674;10.148623941007278;10.749376058992725;64.49;60.0;21.22427619496128;0.32910957039791106;60.330041865787585;68.64995813421241;0.7027537831393981;0.7062721967390294;0.03506055803082093;0.04989024445260983;0.6958819137653571;0.709625652513439;99.38;100.0;0.9568698971124548;0.0096283950202501;99.19245350016595;99.56754649983404;0.40040354641106213;0.4069411566728581;0.048982218121753233;0.12233212857577222;0.3908030316591985;0.41000406116292576;2.282834919201247;2.285757575757576;0.30371696069205256;0.13304376857802827;2.2233063949056047;2.342363443496889;5.888888888888889;2.8181818181818183;-1.8181818181818181;0.887179245283019
2.65;0.65;2;100.0;100.0;0.0;0.0;100.0;100.0;605.91;594.0;93.2409883045005;0.1538858713414542;587.6347662923179;624.1852337076821;6.059100000000001;5.94;0.932409883045005;0.15388587134145415;5.8763476629231794;6.241852337076822;78.43;82.0;19.138576227086485;0.2440211172649048;74.67883905949105;82.18116094050896;6.059100000000001;5.94;0.932409883045005;0.15388587134145415;5.8763476629231794;6.241852337076822;12.04;12.0;1.6548111674750083;0.13744278799626317;11.715657011174898;12.3643429888251;12.118200000000002;11.88;1.86481976609001;0.15388587134145415;11.752695325846359;12.483704674153644;78.48;82.0;19.07274495189405;0.2430268215073146;74.74174198942877;82.21825801057123;0.7266321121907514;0.730398534393831;0.03495700346709946;0.048108255719261056;0.7197805395111999;0.7334836848703029;99.71;100.0;0.637102817447859;0.006389557892366453;99.58512784778021;99.83487215221977;0.3844868301280818;0.3821128905829636;0.04060932376643209;0.10561954424525839;0.3765274026698611;0.3924462575863025;2.0662032690456638;2.031616161616162;0.22045272402304383;0.10669459647349525;2.022994535137147;2.1094120029541803;7.571428571428572;2.5384615384615383;-1.5384615384615383;0.8002584905660378
2.65;0.75;2;100.0;100.0;0.0;0.0;100.0;100.0;696.81;688.5;111.30603712288027;0.15973656681574644;674.9940167239154;718.6259832760845;6.968100000000001;6.885;1.1130603712288027;0.1597365668157464;6.7499401672391555;7.186259832760846;88.68;96.0;14.965881196909189;0.16876275594169135;85.74668728540581;91.6133127145942;6.968100000000001;6.885;1.1130603712288027;0.1597365668157464;6.7499401672391555;7.186259832760846;13.35;13.0;1.6815171720800237;0.1259563424779044;13.020422634272315;13.679577365727685;13.936200000000001;13.77;2.2261207424576055;0.1597365668157464;13.499880334478311;14.372519665521692;88.71;96.0;14.946099825707039;0.16848269446180858;85.78056443416142;91.63943556583857;0.7429097619135867;0.745873572191499;0.035116113152318884;0.0472683426071382;0.7360270037357322;0.7497925200914413;99.96;100.0;0.19595917942265428;0.0019603759446043846;99.92159200083316;99.99840799916683;0.37633547911731036;0.37351257374345914;0.032835683067773735;0.08725109613579186;0.3698996852360267;0.38277127299859404;1.931177777777778;1.879191919191919;0.14417616692601667;0.07465711784024429;1.9029192490602789;1.9594363064952773;10.6;2.333333333333333;-1.3333333333333333;0.657367924528302
2.65;0.85;2;100.0;100.0;0.0;0.0;100.0;100.0;793.8;787.5;127.56817785012059;0.16070569142116478;768.7966371413763;818.8033628586236;7.938;7.875;1.275681778501206;0.16070569142116478;7.687966371413763;8.188033628586236;94.92;99.0;9.44423633757648;0.09949680085942351;93.06892967783502;96.77107032216499;7.938;7.875;1.275681778501206;0.16070569142116478;7.687966371413763;8.188033628586236;14.73;15.0;1.7655310815729073;0.11985954389496994;14.38395590801171;15.07604409198829;15.876;15.75;2.551363557002412;0.16070569142116478;15.375932742827526;16.376067257172473;94.93;99.0;9.442727360249261;0.0994704241045956;93.07922543739114;96.78077456260887;0.751771978876195;0.7540594673796537;0.03454772855072863;0.04595506286676601;0.7450006240802521;0.7585433336721378;99.99;100.0;0.09949874371066199;0.0009950869458012;99.97049824623271;100.00950175376728;0.3747310261478728;0.3736411441499327;0.02737553083661555;0.07305381440663757;0.36936542210389617;0.3800966301918494;1.862131313131313;1.8438383838383838;0.08491788587870018;0.04560252291547818;1.845487407499088;1.8787752187635383;17.666666666666664;2.1764705882352944;-1.1764705882352942;0.4493207547169812
2.65;0.95;2;100.0;100.0;0.0;0.0;100.0;100.0;896.54;880.5;144.19177646454042;0.1608313923132715;868.27841181295;924.8015881870499;8.965399999999999;8.805;1.4419177646454042;0.1608313923132715;8.682784118129499;9.248015881870499;97.51;99.0;5.181688913858106;0.05314007705730803;96.49438897288381;98.5256110271162;8.965399999999999;8.805;1.4419177646454042;0.1608313923132715;8.682784118129499;9.248015881870499;16.32;16.0;2.0291870293297265;0.1243374405226548;15.922279342251374;16.717720657748625;17.930799999999998;17.61;2.8838355292908084;0.1608313923132715;17.365568236258998;18.496031763740998;97.52;99.0;5.172001546790178;0.053035290676683534;96.50628769682912;98.53371230317087;0.7544412715389521;0.7558553450196519;0.03519700067120385;0.04665306896507267;0.7475426594073962;0.7613398836705081;100.0;100.0;0.0;0.0;100.0;100.0;0.3780705503688306;0.38041307523011125;0.02517289064065082;0.06658252174387333;0.37313666380326305;0.3830044369343981;1.8252303030303032;1.8221212121212123;0.04924308537240722;0.026979107946351947;1.8155786582973115;1.834881947763295;52.99999999999995;2.052631578947368;-1.0526315789473684;0.16915849056603788
2.85;0.05;2;100.0;100.0;0.0;0.0;100.0;100.0;292.32;288.0;31.216623776443218;0.10678921653134653;286.2015417398171;298.43845826018287;2.9232000000000005;2.88;0.31216623776443214;0.1067892165313465;2.8620154173981716;2.9843845826018294;15.5;15.0;2.4919871588754225;0.16077336508873694;15.011570516860417;15.988429483139583;2.9232000000000005;2.88;0.31216623776443214;0.1067892165313465;2.8620154173981716;2.9843845826018294;7.64;7.0;1.2370933675353692;0.16192321564599074;7.3975296999630675;7.882470300036932;5.846400000000001;5.76;0.6243324755288643;0.1067892165313465;5.724030834796343;5.968769165203659;16.88;17.0;2.5309286833097455;0.14993653337143042;16.383937978071287;17.37606202192871;0.5841015368280673;0.5838877476994253;0.035434083730113614;0.06066425355176523;0.577156456416965;0.5910466172391696;93.7;94.0;2.539685019840059;0.027104429240555592;93.20222173611135;94.19777826388865;0.47999114065508197;0.47287798408488063;0.037038697173687386;0.07716537668411491;0.47273155600903927;0.4872507253011247;3.7674513879509006;3.750959561778939;0.3966042887602911;0.10527124252451266;3.6897169473538836;3.8451858285479177;3.0000000000000004;21.0;-20.0;0.9744
2.85;0.15;2;100.0;100.0;0.0;0.0;100.0;100.0;325.85;326.0;34.97238196062716;0.10732662869610912;318.9954131357171;332.70458686428293;3.2584999999999997;3.26;0.3497238196062715;0.10732662869610912;3.1899541313571707;3.327045868642829;20.14;20.0;4.514465638367402;0.22415420250086404;19.25516473487999;21.02483526512001;3.2584999999999997;3.26;0.3497238196062715;0.10732662869610912;3.1899541313571707;3.327045868642829;8.16;8.0;1.1976643937263893;0.14677259727039085;7.925257778829628;8.394742221170372;6.5169999999999995;6.52;0.699447639212543;0.10732662869610912;6.379908262714341;6.654091737285658;20.91;21.0;4.3176266628785775;0.20648621056329877;20.063745174075798;21.756254825924202;0.6056743530530101;0.6099268788064451;0.03004370826333229;0.049603731959082624;0.599785786233397;0.6115629198726232;95.32;96.0;2.1488601629701267;0.022543644177193945;94.89882340805785;95.74117659194214;0.4751244374607974;0.470527278476468;0.03672907854321923;0.0773041242406096;0.4679255380663264;0.4823233368552684;3.471584971689438;3.4080208114173507;0.4182661674472598;0.12048276820478102;3.389604802869775;3.5535651405091007;3.3529411764705883;7.666666666666667;-6.666666666666667;0.9718333333333332
2.85;0.25;2;100.0;100.0;0.0;0.0;100.0;100.0;366.59;364.0;42.38421758154797;0.11561749524413643;358.2826933540166;374.89730664598335;3.665900000000001;3.64;0.4238421758154797;0.11561749524413639;3.5828269335401672;3.748973066459835;27.36;25.5;9.350422450349503;0.34175520651862223;25.527317199731495;29.192682800268503;3.665900000000001;3.64;0.4238421758154797;0.11561749524413639;3.5828269335401672;3.748973066459835;8.75;9.0;1.299038105676658;0.14846149779161805;8.495388531287375;9.004611468712625;7.331800000000002;7.28;0.8476843516309595;0.11561749524413639;7.1656538670803345;7.49794613291967;27.81;26.0;9.180081698982859;0.3301000251342272;26.01070398699936;29.609296013000638;0.6267993123360295;0.6310505236041792;0.030815685957599596;0.04916356057053105;0.62075943788834;0.632839186783719;96.76;97.0;1.9396906969926933;0.020046410675823616;96.37982062338943;97.14017937661058;0.46512008490476275;0.46096580175941027;0.04191848388265784;0.0901240029039834;0.45690406206376183;0.4733361077457637;3.1473239302986054;3.0942700091595525;0.39857883473418304;0.12664055037269947;3.0692024786907055;3.225445381906505;3.8000000000000003;5.0;-4.0;0.9647105263157897
2.85;0.35;2;100.0;100.0;0.0;0.0;100.0;100.0;418.09;413.5;50.94665739771354;0.12185571861970758;408.1044551500481;428.0755448499518;4.1809;4.135;0.5094665739771354;0.12185571861970755;4.081044551500482;4.2807554484995185;37.86;34.0;13.964970461837718;0.36885817384674374;35.1228657894798;40.597134210520196;4.1809;4.135;0.5094665739771354;0.12185571861970755;4.081044551500482;4.2807554484995185;9.45;9.0;1.2678722333105965;0.13416637389530123;9.201497042271122;9.698502957728877;8.3618;8.27;1.0189331479542707;0.12185571861970755;8.162089103000964;8.561510896999037;38.11;34.0;13.822369550840406;0.36269665575545545;35.40081556803528;40.81918443196472;0.6499397401244285;0.6541858752657546;0.02935780195788807;0.04517003676720496;0.6441856109406824;0.6556938693081745;98.03;98.0;1.552127572076471;0.015833189554998173;97.72578299587302;98.33421700412698;0.4470020573522187;0.45055508960803065;0.04650067661736508;0.10402788052656436;0.43788792473521515;0.45611618996922226;2.793568455427297;2.757355287434131;0.3462805137920594;0.12395633732164735;2.725697474724053;2.8614394361305404;4.384615384615385;3.857142857142857;-2.857142857142857;0.9535385964912281
2.85;0.45;2;100.0;100.0;0.0;0.0;100.0;100.0;483.15;477.0;65.21278632292903;0.13497420329696583;470.3682938807059;495.93170611929406;4.831499999999999;4.77;0.6521278632292904;0.13497420329696586;4.7036829388070585;4.95931706119294;51.98;46.5;19.008408665640584;0.3656869693274449;48.25435190153444;55.70564809846555;4.831499999999999;4.77;0.6521278632292904;0.13497420329696586;4.7036829388070585;4.95931706119294;10.41;10.0;1.4289506639488994;0.13726711469249753;10.129925669866015;10.690074330133985;9.662999999999998;9.54;1.3042557264585808;0.13497420329696586;9.407365877614117;9.91863412238588;52.16;46.5;18.85774111605099;0.3615364477770512;48.463882741254004;55.85611725874599;0.6771432273752751;0.6761496385103082;0.03231104123823132;0.04771670147758036;0.6708102632925818;0.6834761914579685;99.06;99.0;1.0938007131100254;0.011041800051585154;98.84561506023044;99.27438493976956;0.425689066550637;0.43328803044548747;0.04878923013723542;0.11461236374374158;0.4161263774437388;0.43525175565753516;2.4763738559923087;2.494040404040404;0.30486874048578044;0.12311095101737632;2.4166195828570958;2.5361281291275217;5.181818181818182;3.2222222222222223;-2.2222222222222223;0.9323947368421052
2.85;0.55;2;100.0;100.0;0.0;0.0;100.0;100.0;558.05;550.0;80.82640348302031;0.14483720720906787;542.208024917328;573.8919750826719;5.580499999999998;5.5;0.8082640348302033;0.14483720720906793;5.422080249173278;5.738919750826718;67.07;64.0;20.93000477783032;0.31206209598673507;62.96771906354525;71.17228093645474;5.580499999999998;5.5;0.8082640348302033;0.14483720720906793;5.422080249173278;5.738919750826718;11.37;11.0;1.63496177325343;0.14379611022457608;11.049547492442327;11.690452507557671;11.160999999999996;11.0;1.6165280696604065;0.14483720720906793;10.844160498346556;11.477839501653436;67.21;64.0;20.815040235368272;0.3097015360120261;63.13025211386781;71.28974788613218;0.7055996458220868;0.7077833119533941;0.03297827238029021;0.04673793783139952;0.6991359044355498;0.7120633872086237;99.55;100.0;0.804673846971554;0.008083112475856895;99.39228392599357;99.70771607400643;0.40620755578733503;0.4095355619305321;0.04559944733097446;0.11225652177392655;0.39727006411046406;0.415145047464206;2.21537251419934;2.222121212121212;0.2595824634213605;0.11717327977916908;2.164494351368753;2.2662506770299267;6.333333333333334;2.8181818181818183;-1.8181818181818181;0.881131578947368
2.85;0.65;2;100.0;100.0;0.0;0.0;100.0;100.0;645.41;633.5;96.77273324650906;0.1499399346872671;626.4425442836842;664.3774557163157;6.454099999999999;6.335;0.9677273324650907;0.14993993468726716;6.264425442836841;6.643774557163156;80.67;84.5;18.15051238946163;0.22499705453652694;77.11249957166552;84.22750042833448;6.454099999999999;6.335;0.9677273324650907;0.14993993468726716;6.264425442836841;6.643774557163156;12.57;12.0;1.745021489839022;0.13882430308981877;12.227975787991552;12.912024212008449;12.908199999999997;12.67;1.9354546649301814;0.14993993468726716;12.528850885673682;13.287549114326312;80.71;84.5;18.103201374342603;0.22429936035612197;77.16177253062884;84.25822746937115;0.7270325324498469;0.7290856076293544;0.03257646099662984;0.04480743232611407;0.7206475460945074;0.7334175188051864;99.82;100.0;0.45563142999578077;0.004564530454776406;99.73069623972081;99.90930376027917;0.39199089754357275;0.38961370069324613;0.037534824592316156;0.09575432702016728;0.38463407192347876;0.39934772316366673;2.0226927823130114;1.9915151515151515;0.18954711109237102;0.09371028203087671;1.9855415485389067;2.059844016087116;8.142857142857144;2.5384615384615383;-1.5384615384615383;0.7926087719298243
2.85;0.75;2;100.0;100.0;0.0;0.0;100.0;100.0;740.4;732.5;114.66594961016106;0.15487027229897496;717.9254738764084;762.8745261235915;7.404000000000002;7.324999999999999;1.1466594961016106;0.15487027229897493;7.179254738764086;7.628745261235918;90.28;97.0;13.525590560119731;0.14981823837084327;87.62898425021653;92.93101574978347;7.404000000000002;7.324999999999999;1.1466594961016106;0.15487027229897493;7.179254738764086;7.628745261235918;13.91;14.0;1.8060730882220686;0.12983990569533202;13.556009674708475;14.263990325291525;14.808000000000003;14.649999999999999;2.293318992203221;0.15487027229897493;14.358509477528171;15.257490522471835;90.31;97.0;13.501625828025306;0.14950310960054597;87.66368133770705;92.95631866229296;0.7420318093476004;0.7475246795527133;0.03380561103642318;0.04555816962367869;0.7354059095844614;0.7486577091107394;99.97;100.0;0.17058722109231983;0.0017063841261610467;99.9365649046659;100.0034350953341;0.38512203734675443;0.3839861953286137;0.030177900089609463;0.0783593177308574;0.379207168929191;0.3910369057643179;1.9047232323232322;1.861919191919192;0.12247098744202228;0.06429857386295529;1.8807189187845959;1.9287275458618685;11.4;2.333333333333333;-1.3333333333333333;0.6494736842105264
2.85;0.85;2;100.0;100.0;0.0;0.0;100.0;100.0;842.33;831.5;133.23641056407968;0.15817602431835465;816.2156635294405;868.4443364705596;8.4233;8.315000000000001;1.3323641056407969;0.15817602431835467;8.162156635294403;8.684443364705595;95.74;99.0;8.23239940722023;0.08598704206413443;94.12644971618484;97.35355028381515;8.4233;8.315000000000001;1.3323641056407969;0.15817602431835467;8.162156635294403;8.684443364705595;15.45;16.0;1.8459414941974734;0.11947841386391414;15.088195467137295;15.811804532862704;16.8466;16.630000000000003;2.6647282112815938;0.15817602431835467;16.324313270588807;17.36888672941119;95.79;99.0;8.222280705497715;0.08583652474681819;94.17843298172245;97.40156701827756;0.7513109927197721;0.7549444528921989;0.033730101273055084;0.04489499235323436;0.7446998928702533;0.7579220925692909;100.0;100.0;0.0;0.0;100.0;100.0;0.385209972740827;0.38653635802239106;0.02608345072984618;0.06771229349089407;0.38009761639777717;0.3903223290838769;1.8457515151515147;1.8355555555555556;0.07017096300156124;0.0380175567651104;1.8319980064032086;1.8595050238998208;18.999999999999996;2.1764705882352944;-1.1764705882352942;0.44333157894736847
2.85;0.95;2;100.0;100.0;0.0;0.0;100.0;100.0;946.95;937.0;147.42159780710557;0.15568044543756857;918.0553668298073;975.8446331701928;9.469500000000002;9.37;1.474215978071056;0.1556804454375686;9.180553668298074;9.75844633170193;97.82;99.0;4.457308604976774;0.04556643431789792;96.94636751342455;98.69363248657544;9.469500000000002;9.37;1.474215978071056;0.1556804454375686;9.180553668298074;9.75844633170193;17.13;17.0;2.3266069715360174;0.13582060546036295;16.67398503357894;17.586014966421057;18.939000000000004;18.74;2.948431956142112;0.1556804454375686;18.36110733659615;19.51689266340386;97.82;99.0;4.457308604976774;0.04556643431789792;96.94636751342455;98.69363248657544;0.7537143074875193;0.7560399904775814;0.03404283402172231;0.04516676104398618;0.7470419120192617;0.7603867029557769;100.0;100.0;0.0;0.0;100.0;100.0;0.38982218415105735;0.3920164306517656;0.02490718917432724;0.06389371920576901;0.3849403750728892;0.3947039932292255;1.8129313131313132;1.8107070707070707;0.042428297016443385;0.023403146445278616;1.8046153669160903;1.821247259346536;56.99999999999995;2.052631578947368;-1.0526315789473684;0.1661315789473686
3.0;0.05;2;100.0;100.0;0.0;0.0;100.0;100.0;307.38;303.0;32.25547395404383;0.10493680120386437;301.0579271050074;313.70207289499257;3.0737999999999994;3.0300000000000002;0.32255473954043834;0.10493680120386441;3.0105792710500734;3.1370207289499255;16.19;16.0;2.4112030192416403;0.1489316256480321;15.71740420822864;16.662595791771363;3.0737999999999994;3.0300000000000002;0.32255473954043834;0.10493680120386441;3.0105792710500734;3.1370207289499255;7.83;8.0;1.1666619047521865;0.14899896612416175;7.601334266668571;8.058665733331429;6.147599999999999;6.0600000000000005;0.6451094790808767;0.10493680120386441;6.021158542100147;6.274041457899851;17.63;17.5;2.4684205476376992;0.1400125097922688;17.14618957266301;18.11381042733699;0.5856580854403055;0.5901001921249116;0.03469995920481147;0.0592495178799138;0.5788568934361624;0.5924592774444486;94.68;95.0;2.2399999999999998;0.023658639628221373;94.24096;95.11904000000001;0.48078869017490516;0.4708164916636672;0.03495654515974972;0.07270667108877488;0.47393720732359423;0.4876401730262161;3.694712880582929;3.615366233766234;0.5262091685033997;0.14242220857507545;3.5915758835562626;3.797849877609595;3.1578947368421053;21.0;-20.0;0.9733699999999998
3.0;0.15;2;100.0;100.0;0.0;0.0;100.0;100.0;343.0;342.0;37.052125445107734;0.10802368934433741;335.73778341275886;350.26221658724114;3.43;3.42;0.3705212544510774;0.10802368934433744;3.357377834127589;3.5026221658724115;20.93;21.0;4.541486540770544;0.21698454566510003;20.039868638008972;21.820131361991027;3.43;3.42;0.3705212544510774;0.10802368934433744;3.357377834127589;3.5026221658724115;8.46;8.0;1.2034949106664306;0.14225708163905798;8.22411499750938;8.695885002490622;6.86;6.84;0.7410425089021548;0.10802368934433744;6.714755668255178;7.005244331744823;21.73;22.0;4.3791665873771;0.20152630406705477;20.87168334887409;22.58831665112591;0.6060823835641415;0.6094940819683536;0.029867825525799658;0.04928014134012321;0.6002282897610848;0.6119364773671981;96.14;96.0;1.9288338445807094;0.020062761021226436;95.76194856646218;96.51805143353782;0.476794843804264;0.47011971697409066;0.03652493369535673;0.07660513566784945;0.4696359567999741;0.4839537308085539;3.3554813825595704;3.2958757972104804;0.35232576432070906;0.1050000653116287;3.286425532752711;3.4245372323664296;3.5294117647058822;7.666666666666667;-6.666666666666667;0.9718333333333334
3.0;0.25;2;100.0;100.0;0.0;0.0;100.0;100.0;385.74;382.0;44.62098609398945;0.1156763262663697;376.9942867255781;394.4857132744219;3.8574000000000006;3.8200000000000003;0.4462098609398945;0.11567632626636969;3.7699428672557813;3.94485713274422;28.6;27.0;9.606247966818264;0.33588279604259663;26.71717539850362;30.482824601496382;3.8574000000000006;3.8200000000000003;0.4462098609398945;0.11567632626636969;3.7699428672557813;3.94485713274422;8.99;9.0;1.284484332329515;0.142879236076698;8.738241070863415;9.241758929136585;7.714800000000001;7.640000000000001;0.892419721879789;0.11567632626636969;7.539885734511563;7.88971426548844;29.06;27.5;9.412566068825226;0.3239011035383767;27.215137050510254;30.904862949489743;0.6261845238933245;0.6288259999687928;0.027229521269733083;0.043484819938430556;0.6208475377244568;0.6315215100621921;97.35;97.5;1.7051392904979932;0.01751555511554179;97.01579269906239;97.6842073009376;0.4660481895654607;0.4634733069569155;0.03958035518339487;0.08492760205827482;0.4582904399495153;0.47380593918140607;3.0432069278311142;2.999886430048433;0.3440104614313336;0.11304208671623556;2.975780877390573;3.1106329782716555;4.0;5.0;-4.0;0.9643500000000002
3.0;0.35;2;100.0;100.0;0.0;0.0;100.0;100.0;439.47;433.0;53.305807375932325;0.12129566836401193;429.0220617543173;449.91793824568276;4.394699999999999;4.33;0.5330580737593231;0.12129566836401193;4.290220617543172;4.499179382456827;39.34;36.0;14.08844916944374;0.3581202127464092;36.57866396278903;42.10133603721098;4.394699999999999;4.33;0.5330580737593231;0.12129566836401193;4.290220617543172;4.499179382456827;9.76;10.0;1.4221111067704943;0.14570810520189492;9.481266223072982;10.038733776927018;8.789399999999999;8.66;1.0661161475186463;0.12129566836401193;8.580441235086344;8.998358764913654;39.63;36.5;13.916648303381097;0.35116447901542003;36.90233693253731;42.357663067462695;0.6497958455363662;0.652764832894593;0.028005829139550693;0.043099427815568164;0.6443067030250142;0.6552849880477181;98.44;99.0;1.416474496770062;0.014389216748984782;98.16237099863307;98.71762900136693;0.4496044487300122;0.4538330234921789;0.04465258293498075;0.0993152604719769;0.44085254247475597;0.45835635498526844;2.7281404900533075;2.6931858633576478;0.3231198508925907;0.11843959358789363;2.66480899927836;2.791471980828255;4.615384615384615;3.857142857142857;-2.857142857142857;0.952185
3.0;0.45;2;100.0;100.0;0.0;0.0;100.0;100.0;506.89;498.5;67.64301811717156;0.13344713471793004;493.6319684490344;520.1480315509656;5.0689;4.985;0.6764301811717155;0.13344713471793002;4.936319684490344;5.201480315509657;53.73;48.0;19.033052829223166;0.3542351168662417;49.99952164547226;57.46047835452774;5.0689;4.985;0.6764301811717155;0.13344713471793002;4.936319684490344;5.201480315509657;10.75;11.0;1.4378803844548405;0.13375631483300843;10.468175444646851;11.031824555353149;10.1378;9.97;1.352860362343431;0.13344713471793002;9.872639368980687;10.402960631019313;53.92;48.0;18.87574104505569;0.35006938139940075;50.22035475516908;57.61964524483092;0.6775740134696214;0.6777341348279691;0.030483812932089745;0.044989642940986944;0.6715991861349319;0.683548840804311;99.23;100.0;1.0183810681665288;0.010262834507372053;99.03039731063936;99.42960268936065;0.42890694631855014;0.4357502083346637;0.04653098653845207;0.10848736990119391;0.41978687295701356;0.4380270196800867;2.421391281036297;2.44;0.282548214891169;0.11668837544101718;2.366011830917628;2.4767707311549665;5.454545454545454;3.2222222222222223;-2.2222222222222223;0.9292983333333334
3.0;0.55;2;100.0;100.0;0.0;0.0;100.0;100.0;585.36;573.5;83.26854388062758;0.14225185164792192;569.039365399397;601.6806346006031;5.8536;5.734999999999999;0.8326854388062758;0.14225185164792192;5.69039365399397;6.01680634600603;68.73;65.0;20.42736155258432;0.29721172053811024;64.72623713569348;72.73376286430653;5.8536;5.734999999999999;0.8326854388062758;0.14225185164792192;5.69039365399397;6.01680634600603;11.83;12.0;1.6003437130816616;0.13527842037883867;11.516332632235994;12.143667367764007;11.7072;11.469999999999999;1.6653708776125515;0.14225185164792192;11.38078730798794;12.03361269201206;68.86;65.0;20.316013388457886;0.2950335955338061;64.87806137586226;72.84193862413774;0.7055032916399279;0.7051410671453631;0.03167758394805958;0.04490068908739701;0.6992944851861082;0.7117120980937476;99.68;100.0;0.6615134163416492;0.006636370549173848;99.55034337039704;99.80965662960297;0.41081513224123;0.4146959330532657;0.042487514345122275;0.10342246672689183;0.402487579429586;0.419142685052874;2.1748772064831083;2.186161616161616;0.2359068025901684;0.10846902155530988;2.1286394731754354;2.2211149397907812;6.666666666666667;2.8181818181818183;-1.8181818181818181;0.8780399999999999
3.0;0.65;2;100.0;100.0;0.0;0.0;100.0;100.0;675.77;660.0;100.1684436337113;0.14822860386479322;656.1369850477926;695.4030149522074;6.757699999999999;6.6;1.0016844363371131;0.14822860386479325;6.5613698504779245;6.954030149522073;82.41;86.5;17.34306489637861;0.21044854867587198;79.01075928030978;85.80924071969021;6.757699999999999;6.6;1.0016844363371131;0.14822860386479325;6.5613698504779245;6.954030149522073;13.01;13.0;1.7406607940664374;0.13379406564692062;12.668830484362978;13.351169515637022;13.515399999999998;13.2;2.0033688726742263;0.14822860386479325;13.122739700955849;13.908060299044147;82.44;86.5;17.299317905628534;0.20984131375095263;79.04933369049681;85.83066630950319;0.7272183934765251;0.7303502072832582;0.03274997922787864;0.04503458592585203;0.7207993975478608;0.7336373894051893;99.92;100.0;0.3059411708155671;0.0030618611971133616;99.86003553052015;99.97996446947985;0.39721878765482627;0.3944770712756887;0.034438969774465436;0.08670025397789614;0.39046874957903105;0.4039688257306215;1.9913873840445269;1.940909090909091;0.16876530252722402;0.08474760053187647;1.958309384749191;2.0244653833398627;8.571428571428571;2.5384615384615383;-1.5384615384615383;0.7883983333333332
3.0;0.75;2;100.0;100.0;0.0;0.0;100.0;100.0;772.69;766.0;117.48946293178807;0.1520525216215922;749.6620652653696;795.7179347346305;7.7269;7.66;1.1748946293178806;0.1520525216215922;7.496620652653695;7.957179347346305;91.4;98.0;12.41370210694618;0.13581730970400635;88.96691438703856;93.83308561296145;7.7269;7.66;1.1748946293178806;0.1520525216215922;7.496620652653695;7.957179347346305;14.35;15.0;1.7965244223221684;0.12519333953464587;13.997881213224854;14.702118786775145;15.4538;15.32;2.349789258635761;0.1520525216215922;14.99324130530739;15.91435869469261;91.43;98.0;12.396172796472303;0.13558102150795476;89.00035013189144;93.85964986810858;0.7415165535001624;0.7471557082312998;0.03311831781748319;0.04466295143534639;0.7350253632079358;0.7480077437923891;99.99;100.0;0.09949874371066199;0.0009950869458012;99.97049824623271;100.00950175376728;0.3916403397541348;0.3901262200628691;0.028769970929670496;0.07346018274759898;0.3860014254519194;0.39727925405635023;1.8871070707070703;1.8544444444444443;0.1071920462825778;0.05680231288753243;1.8660974296356851;1.9081167117784554;12.0;2.333333333333333;-1.3333333333333333;0.6439083333333333
3.0;0.85;2;100.0;100.0;0.0;0.0;100.0;100.0;876.65;865.5;135.37358494181942;0.15442147372591047;850.1167773514034;903.1832226485966;8.7665;8.655000000000001;1.3537358494181941;0.15442147372591045;8.501167773514034;9.031832226485967;96.17;99.0;7.544607345647618;0.0784507366709745;94.69125696025307;97.64874303974693;8.7665;8.655000000000001;1.3537358494181941;0.15442147372591045;8.501167773514034;9.031832226485967;16.0;16.0;2.0346989949375804;0.12716868718359878;15.601198996992235;16.398801003007765;17.533;17.310000000000002;2.7074716988363883;0.15442147372591045;17.002335547028068;18.063664452971935;96.23;99.0;7.516455281580541;0.07810927238470892;94.75677476481022;97.70322523518979;0.750858028417237;0.7534683008546004;0.03305351442838757;0.04402099088966573;0.744379539589273;0.757336517245201;100.0;100.0;0.0;0.0;100.0;100.0;0.39291563790691003;0.3972266426869634;0.02533969908908601;0.06449144967625217;0.3879490568854492;0.3978822189283709;1.8354727272727274;1.828080808080808;0.06175050163850392;0.03364283256349829;1.8233696289515806;1.8475758255938741;19.999999999999996;2.1764705882352944;-1.1764705882352942;0.43832500000000013
3.0;0.95;2;100.0;100.0;0.0;0.0;100.0;100.0;983.9;973.5;150.68168435480138;0.1531473567992696;954.3663898664589;1013.433610133541;9.839;9.735;1.5068168435480143;0.15314735679926966;9.54366389866459;10.13433610133541;97.97;99.0;3.9710326112989804;0.04053314903847076;97.1916776081854;98.7483223918146;9.839;9.735;1.5068168435480143;0.15314735679926966;9.54366389866459;10.13433610133541;17.73;18.0;2.4732771781585665;0.13949673875682833;17.245237673080922;18.21476232691908;19.678;19.47;3.0136336870960285;0.15314735679926966;19.08732779732918;20.26867220267082;97.99;99.0;3.938261037564676;0.040190438183127626;97.21810083663732;98.76189916336267;0.7533225238923023;0.7552385193991831;0.03359481226237965;0.04459552342707131;0.7467379406888759;0.7599071070957286;100.0;100.0;0.0;0.0;100.0;100.0;0.3977888773180612;0.39826310360374756;0.024857292983286;0.06248865767911048;0.39291684789333714;0.4026609067427852;1.8044161616161616;1.8033333333333332;0.03960833675858598;0.02195077698877956;1.7966529276114787;1.8121793956208445;59.99999999999995;2.052631578947368;-1.0526315789473684;0.16398333333333348
