beta;gamma;dim;n_vertices_mean;n_vertices_median;n_vertices_std;n_vertices_cv;n_vertices_ci_low;n_vertices_ci_high;n_edges_mean;n_edges_median;n_edges_std;n_edges_cv;n_edges_ci_low;n_edges_ci_high;indegree_mean_mean;indegree_mean_median;indegree_mean_std;indegree_mean_cv;indegree_mean_ci_low;indegree_mean_ci_high;indegree_max_mean;indegree_max_median;indegree_max_std;indegree_max_cv;indegree_max_ci_low;indegree_max_ci_high;outdegree_mean_mean;outdegree_mean_median;outdegree_mean_std;outdegree_mean_cv;outdegree_mean_ci_low;outdegree_mean_ci_high;outdegree_max_mean;outdegree_max_median;outdegree_max_std;outdegree_max_cv;outdegree_max_ci_low;outdegree_max_ci_high;total_degree_mean_mean;total_degree_mean_median;total_degree_mean_std;total_degree_mean_cv;total_degree_mean_ci_low;total_degree_mean_ci_high;total_degree_max_mean;total_degree_max_median;total_degree_max_std;total_degree_max_cv;total_degree_max_ci_low;total_degree_max_ci_high;avg_local_clustering_mean;avg_local_clustering_median;avg_local_clustering_std;avg_local_clustering_cv;avg_local_clustering_ci_low;avg_local_clustering_ci_high;vertices_degree_ge_2_mean;vertices_degree_ge_2_median;vertices_degree_ge_2_std;vertices_degree_ge_2_cv;vertices_degree_ge_2_ci_low;vertices_degree_ge_2_ci_high;global_clustering_mean;global_clustering_median;global_clustering_std;global_clustering_cv;global_clustering_ci_low;global_clustering_ci_high;avg_shortest_path_length_mean;avg_shortest_path_length_median;avg_shortest_path_length_std;avg_shortest_path_length_cv;avg_shortest_path_length_ci_low;avg_shortest_path_length_ci_high;expected_theoretical_outdegree_mean;indegree_powerlaw_alpha_theory;indegree_ccdf_slope_theory;outdegree_mean_vs_theory_ratio
0.05;0.05;2;2000.0;2000.0;0.0;0.0;2000.0;2000.0;110.7;110.0;11.419719786404569;0.10315916699552456;103.62198434587772;117.77801565412229;0.055349999999999996;0.055;0.005709859893202285;0.10315916699552458;0.05181099217293886;0.058889007827061135;2.2;2.0;0.39999999999999997;0.1818181818181818;1.9520774314427993;2.447922568557201;0.055349999999999996;0.055;0.005709859893202285;0.10315916699552458;0.05181099217293886;0.058889007827061135;2.0;2.0;0.4472135954999579;0.22360679774997896;1.7228141417748732;2.2771858582251268;0.11069999999999999;0.11;0.01141971978640457;0.10315916699552458;0.10362198434587772;0.11777801565412227;2.3;2.0;0.45825756949558405;0.19924242151981916;2.015969015774687;2.5840309842253126;0.41343835512313765;0.43012820512820515;0.16891528422541602;0.4085622007060923;0.3087435772888007;0.5181331329574745;15.1;15.0;5.068530358989675;0.3356642621847467;11.958492336472819;18.24150766352718;0.4127555085579383;0.42500000000000004;0.17274800211873217;0.41852379565391945;0.30568518756193613;0.5198258295539404;1.0966745741983719;1.08462940066376;0.04071181001987896;0.03712296334547354;1.071441132921519;1.1219080154752248;0.052631578947368425;21.0;-20.0;1.0516499999999998
0.05;0.15;2;2000.0;2000.0;0.0;0.0;2000.0;2000.0;121.7;118.0;13.446560898608983;0.11048940754814283;113.3657352093901;130.0342647906099;0.06085;0.059;0.006723280449304492;0.11048940754814283;0.05668286760469505;0.06501713239530496;2.4;2.0;0.48989794855663565;0.20412414523193154;2.0963581056573384;2.7036418943426614;0.06085;0.059;0.006723280449304492;0.11048940754814283;0.05668286760469505;0.06501713239530496;2.1;2.0;0.3;0.14285714285714285;1.9140580735820993;2.285941926417901;0.1217;0.118;0.013446560898608984;0.11048940754814283;0.1133657352093901;0.13003426479060992;2.6;3.0;0.48989794855663565;0.1884222879063983;2.2963581056573386;2.9036418943426616;0.4039650502576199;0.4177109440267334;0.114112585149532;0.2824813311863469;0.3332373372201842;0.4746927632950556;18.6;18.0;5.96992462263972;0.32096368938923225;14.899802383655707;22.300197616344295;0.3938564930380787;0.38315217391304346;0.11875306092008427;0.30151352845312374;0.32025258331973605;0.4674604027564213;1.115456232238779;1.1204837490551776;0.03920727024318828;0.03514908887504912;1.0911553143767603;1.139757150100798;0.05882352941176471;7.666666666666667;-6.666666666666667;1.0344499999999999
0.05;0.25;2;2000.0;2000.0;0.0;0.0;2000.0;2000.0;135.1;132.0;14.117011015083895;0.10449304970454401;126.35018592197525;143.84981407802474;0.06755;0.066;0.007058505507541946;0.10449304970454398;0.06317509296098762;0.07192490703901237;2.9;3.0;0.7;0.24137931034482757;2.4661355050248983;3.3338644949751015;0.06755;0.066;0.007058505507541946;0.10449304970454398;0.06317509296098762;0.07192490703901237;2.2;2.0;0.39999999999999997;0.1818181818181818;1.9520774314427993;2.447922568557201;0.1351;0.132;0.014117011015083891;0.10449304970454398;0.12635018592197525;0.14384981407802475;3.0;3.0;0.6324555320336759;0.21081851067789195;2.608;3.392;0.42037233375943045;0.42857142857142855;0.11824700767899612;0.28129112737154155;0.34708207908948097;0.49366258842937993;23.5;21.5;6.5;0.2765957446808511;19.471258260945483;27.528741739054517;0.395619190673082;0.41428571428571426;0.1114333596220555;0.2816682361451417;0.32655207882193626;0.4646863025242277;1.1615131536022973;1.1539215686274509;0.092742177513576;0.07984599849424603;1.1040309564454132;1.2189953507591815;0.06666666666666667;5.0;-4.0;1.01325
0.05;0.35;2;2000.0;2000.0;0.0;0.0;2000.0;2000.0;155.4;153.0;17.425269007966563;0.11213171819798302;144.59970637436186;166.20029362563815;0.07769999999999999;0.0765;0.00871263450398328;0.11213171819798304;0.07229985318718092;0.08310014681281906;4.1;4.0;1.5132745950421556;0.3690913646444282;3.1620626886619765;5.037937311338023;0.07769999999999999;0.0765;0.00871263450398328;0.11213171819798304;0.07229985318718092;0.08310014681281906;2.2;2.0;0.39999999999999997;0.1818181818181818;1.9520774314427993;2.447922568557201;0.15539999999999998;0.153;0.01742526900796656;0.11213171819798304;0.14459970637436184;0.16620029362563812;4.2;4.0;1.469693845669907;0.3499271061118826;3.289074316972016;5.110925683027984;0.41646015723792196;0.4007936507936508;0.058177203017476406;0.13969452300869206;0.3804015532290057;0.4525187612468382;32.3;30.5;9.950376877284597;0.3080612036311021;26.132692516178555;38.46730748382144;0.3562495372274784;0.375;0.06835268667610145;0.1918674399075942;0.31388410310616677;0.39861497134879;1.2605550109261454;1.2235001733903594;0.1645624239090324;0.13054759410152703;1.15855816386733;1.362551857984961;0.07692307692307693;3.857142857142857;-2.857142857142857;1.0100999999999998
0.05;0.45;2;2000.0;2000.0;0.0;0.0;2000.0;2000.0;182.5;184.0;20.175480167768004;0.11055057626174249;169.99510783733024;195.00489216266976;0.09125;0.092;0.010087740083884003;0.1105505762617425;0.0849975539186651;0.09750244608133489;6.2;5.5;2.2715633383201097;0.3663811836000177;4.792070456308271;7.607929543691729;0.09125;0.092;0.010087740083884003;0.1105505762617425;0.0849975539186651;0.09750244608133489;2.3;2.0;0.45825756949558405;0.19924242151981916;2.015969015774687;2.5840309842253126;0.1825;0.184;0.020175480167768007;0.1105505762617425;0.1699951078373302;0.19500489216266978;6.2;5.5;2.2715633383201097;0.3663811836000177;4.792070456308271;7.607929543691729;0.44991722528679057;0.4500041625041625;0.0555020564751545;0.12336059469555949;0.4155166942829728;0.48431775629060836;43.5;43.0;12.917043005270207;0.2969435173625335;35.49393379992396;51.50606620007604;0.32707770514780776;0.34203296703296704;0.06645047064103532;0.20316417045608803;0.2858912767399069;0.36826413355570864;1.3496982785402527;1.307274418898035;0.17650037182610148;0.13077024297385412;1.2403022147041824;1.459094342376323;0.09090909090909091;3.2222222222222223;-2.2222222222222223;1.00375
0.05;0.55;2;2000.0;2000.0;0.0;0.0;2000.0;2000.0;225.6;229.5;25.706808436676848;0.11394861895690092;209.66675505742788;241.5332449425721;0.11280000000000001;0.11475;0.012853404218338426;0.11394861895690094;0.10483337752871395;0.12076662247128607;10.7;9.0;5.441507144165117;0.5085520695481418;7.327318929990563;14.072681070009436;0.11280000000000001;0.11475;0.012853404218338426;0.11394861895690094;0.10483337752871395;0.12076662247128607;2.5;2.5;0.5;0.2;2.1900967893034986;2.8099032106965014;0.22560000000000002;0.2295;0.025706808436676852;0.11394861895690094;0.2096667550574279;0.24153324494257214;10.7;9.0;5.441507144165117;0.5085520695481418;7.327318929990563;14.072681070009436;0.4629432183335716;0.44505772005772004;0.05549612861033882;0.11987675034986978;0.42854636145843167;0.49734007520871154;59.6;59.5;14.806755215103681;0.24843549018630337;50.42267803768441;68.77732196231558;0.2515067841852944;0.24871794871794872;0.09964699778960122;0.39620003934441617;0.18974493508276524;0.3132686332878235;1.5483026253405092;1.545599426892449;0.2293661183127748;0.14814036646248768;1.4061400323602644;1.690465218320754;0.11111111111111113;2.8181818181818183;-1.8181818181818181;1.0151999999999999
0.05;0.65;2;2000.0;2000.0;0.0;0.0;2000.0;2000.0;284.9;289.5;38.62240282530335;0.13556476948158425;260.96158671924974;308.8384132807502;0.14245;0.14475;0.019311201412651673;0.13556476948158425;0.13048079335962487;0.15441920664037512;19.1;14.5;12.86429166336025;0.6735231237361387;11.126629420376851;27.073370579623152;0.14245;0.14475;0.019311201412651673;0.13556476948158425;0.13048079335962487;0.15441920664037512;2.7;3.0;0.45825756949558405;0.1697250257391052;2.4159690157746874;2.984030984225313;0.2849;0.2895;0.03862240282530335;0.13556476948158425;0.26096158671924974;0.30883841328075023;19.1;14.5;12.86429166336025;0.6735231237361387;11.126629420376851;27.073370579623152;0.49161196890617137;0.4988641960914523;0.042372048906445255;0.08619002706692104;0.4653495009063783;0.5178744369059645;81.2;84.5;18.76592656918384;0.2311074700638404;69.5687582090303;92.8312417909697;0.18062727150643063;0.1715375262517962;0.08877737060270607;0.4914948327697319;0.12560248713248706;0.2356520558803742;1.7709531010560806;1.7153218228799623;0.25209276716686124;0.14234864097560213;1.614704385179329;1.9272018169328322;0.14285714285714288;2.5384615384615383;-1.5384615384615383;0.9971499999999999
0.05;0.75;2;2000.0;2000.0;0.0;0.0;2000.0;2000.0;384.3;375.5;67.26968113496599;0.17504470761115273;342.6058196674884;425.99418033251163;0.19215;0.18775;0.033634840567483004;0.1750447076111528;0.17130290983374416;0.21299709016625581;40.9;28.0;32.101246081733336;0.7848715423406684;21.003441543824724;60.796558456175276;0.19215;0.18775;0.033634840567483004;0.1750447076111528;0.17130290983374416;0.21299709016625581;3.1;3.0;0.5385164807134505;0.17371499377853242;2.7662240272278424;3.4337759727721577;0.3843;0.3755;0.06726968113496601;0.1750447076111528;0.3426058196674883;0.42599418033251163;40.9;28.0;32.101246081733336;0.7848715423406684;21.003441543824724;60.796558456175276;0.5356669162922951;0.5524586133766083;0.061214251569347435;0.11427670760974327;0.4977259300888469;0.5736079024957433;114.2;123.0;26.772373820787728;0.2344340965042708;97.60631078994186;130.79368921005815;0.1120801394640438;0.1173689138576779;0.05848933573622554;0.5218528101045894;0.07582807359172;0.1483322053363676;1.9630046983220022;2.058671152869105;0.29454557912956625;0.15004833120437613;1.7804434569845764;2.145565939659428;0.2;2.333333333333333;-1.3333333333333333;0.9607499999999999
0.05;0.85;2;2000.0;2000.0;0.0;0.0;2000.0;2000.0;536.8;514.5;130.3992331265794;0.24291958481106446;455.97771796342295;617.622282036577;0.2683999999999999;0.25725;0.06519961656328968;0.24291958481106446;0.22798885898171142;0.30881114101828844;87.2;58.0;82.50915100763066;0.9462058601792507;36.06029838178561;138.3397016182144;0.2683999999999999;0.25725;0.06519961656328968;0.24291958481106446;0.22798885898171142;0.30881114101828844;3.5;3.5;0.5;0.14285714285714285;3.1900967893034986;3.8099032106965014;0.5367999999999998;0.5145;0.13039923312657936;0.24291958481106446;0.45597771796342285;0.6176222820365769;87.2;58.0;82.50915100763066;0.9462058601792507;36.06029838178561;138.3397016182144;0.5829021218737422;0.5871229851711648;0.08015828287181999;0.13751585362933785;0.5332195034219515;0.632584740325533;158.6;159.5;42.34430304066888;0.26698803934847976;132.35472906598218;184.8452709340178;0.06896987987369473;0.059385990068374264;0.04736998595713419;0.6868213493177507;0.03960965839616661;0.09833010135122283;2.0227182362028877;2.063837646757716;0.18388315981063377;0.0909089345809356;1.9087462729662212;2.136690199439554;0.3333333333333333;2.1764705882352944;-1.1764705882352942;0.8051999999999998
0.05;0.95;2;2000.0;2000.0;0.0;0.0;2000.0;2000.0;831.5;785.5;298.64234461978094;0.3591609676726169;646.3995571047979;1016.6004428952021;0.41574999999999995;0.39275;0.14932117230989048;0.35916096767261696;0.3231997785523989;0.508300221447601;200.0;118.0;220.47403475239437;1.1023701737619718;63.348777510042;336.651222489958;0.41574999999999995;0.39275;0.14932117230989048;0.35916096767261696;0.3231997785523989;0.508300221447601;4.0;4.0;0.4472135954999579;0.11180339887498948;3.7228141417748732;4.277185858225127;0.8314999999999999;0.7855;0.29864234461978095;0.35916096767261696;0.6463995571047978;1.016600442895202;200.0;118.0;220.47403475239437;1.1023701737619718;63.348777510042;336.651222489958;0.6623025272610882;0.6675432781380468;0.09376023533328423;0.1415670807131357;0.6041893313301996;0.7204157231919768;259.5;244.0;92.30628364309767;0.3557082221313976;202.28797266308422;316.7120273369158;0.044983518531314395;0.039128215648896424;0.03408647263290227;0.7577547009617231;0.02385650391080473;0.06611053315182405;2.345790086615415;2.353331639604468;0.3073836035527168;0.13103627869628362;2.15527175530252;2.5363084179283097;0.9999999999999992;2.052631578947368;-1.0526315789473684;0.4157500000000003
0.25;0.05;2;2000.0;2000.0;0.0;0.0;2000.0;2000.0;528.1;544.0;35.17513326200769;0.06660695561826868;506.29822653085307;549.901773469147;0.26405;0.272;0.01758756663100385;0.0666069556182687;0.25314911326542655;0.27495088673457346;5.6;5.5;1.2;0.2142857142857143;4.856232294328397;6.343767705671603;0.26405;0.272;0.01758756663100385;0.0666069556182687;0.25314911326542655;0.27495088673457346;3.5;3.0;0.6708203932499369;0.191662969499982;3.0842212126623103;3.9157787873376897;0.5281;0.544;0.0351751332620077;0.0666069556182687;0.5062982265308531;0.5499017734691469;5.9;6.0;1.1357816691600546;0.19250536765424653;5.196035228154136;6.603964771845865;0.5091620378676078;0.5136514169177853;0.037067927025859676;0.07280182784463218;0.4861870986692528;0.5321369770659629;208.5;209.0;21.518596608515157;0.103206698362183;195.16263564267663;221.83736435732337;0.4598836244364605;0.45645394810112483;0.035327955285869524;0.07681933734683476;0.4379871308955937;0.48178011797732734;1.7008542448085646;1.656074600067936;0.26717600441631284;0.15708342159935296;1.5352568416292087;1.8664516479879205;0.2631578947368421;21.0;-20.0;1.00339
0.25;0.15;2;2000.0;2000.0;0.0;0.0;2000.0;2000.0;592.7;611.0;37.30696985819138;0.06294410301702612;569.5769005191778;615.8230994808223;0.29635;0.3055;0.018653484929095684;0.06294410301702609;0.28478845025958893;0.3079115497404111;6.9;7.5;1.445683229480096;0.20951930862030377;6.003956251068064;7.796043748931937;0.29635;0.3055;0.018653484929095684;0.06294410301702609;0.28478845025958893;0.3079115497404111;3.5;3.0;0.6708203932499369;0.191662969499982;3.0842212126623103;3.9157787873376897;0.5927;0.611;0.03730696985819137;0.06294410301702609;0.5695769005191779;0.6158230994808221;7.3;8.0;1.1874342087037917;0.16266222037038242;6.564020652463672;8.035979347536328;0.5142835881449908;0.5232163444712083;0.02961090258625128;0.057576993061468545;0.49593056057878954;0.5326366157111919;249.1;248.5;22.89301203424311;0.09190289857183104;234.91076413614883;263.28923586385116;0.4437596575566326;0.43827817434566296;0.04190376124520365;0.09442895615146334;0.41778743725633616;0.46973187785692905;1.8917820977104463;1.9146512802579942;0.2746500549191129;0.1451805973063767;1.7215522300356394;2.062011965385253;0.29411764705882354;7.666666666666667;-6.666666666666667;1.00759
0.25;0.25;2;2000.0;2000.0;0.0;0.0;2000.0;2000.0;672.5;688.0;44.111789807261275;0.06559373949035134;645.159229418321;699.840770581679;0.33625;0.344;0.022055894903630642;0.06559373949035135;0.3225796147091605;0.34992038529083946;9.1;8.0;2.5865034312755126;0.2842311462940124;7.496868564340403;10.703131435659596;0.33625;0.344;0.022055894903630642;0.06559373949035135;0.3225796147091605;0.34992038529083946;3.6;3.5;0.66332495807108;0.18425693279752223;3.1888669315173006;4.0111330684827;0.6725;0.688;0.044111789807261284;0.06559373949035135;0.645159229418321;0.6998407705816789;9.6;9.0;2.3748684174075834;0.24738212681328994;8.128041304927343;11.071958695072656;0.523421190633223;0.5290319282063348;0.03072513504897443;0.05870059447116358;0.5043775546317014;0.5424648266347446;292.6;295.0;23.9131762842162;0.08172650814838071;277.77845978313997;307.4215402168601;0.41011543618531665;0.4108720898081071;0.03223590131387677;0.0786020190162033;0.3901354175515847;0.4300954548190486;2.1613769164890084;2.1393716450719364;0.31284594176856734;0.14474381556584848;1.967472992874109;2.355280840103908;0.3333333333333333;5.0;-4.0;1.00875
0.25;0.35;2;2000.0;2000.0;0.0;0.0;2000.0;2000.0;778.8;794.0;53.843848302289835;0.06913693926847694;745.42723706973;812.1727629302699;0.38939999999999997;0.397;0.026921924151144912;0.06913693926847693;0.372713618534865;0.4060863814651349;14.4;13.0;3.7202150475476548;0.25834826719080933;12.09418682456709;16.705813175432912;0.38939999999999997;0.397;0.026921924151144912;0.06913693926847693;0.372713618534865;0.4060863814651349;3.7;4.0;0.6403124237432849;0.17305741182250942;3.303130248066195;4.096869751933805;0.7787999999999999;0.794;0.053843848302289825;0.06913693926847693;0.74542723706973;0.8121727629302699;14.7;13.5;3.4942810419312296;0.23770619332865509;12.534222172059192;16.865777827940807;0.5322943062908869;0.5384084339996249;0.018130068374244974;0.03406023352114779;0.5210571734922357;0.5435314390895382;348.6;351.0;28.917814578560392;0.08295414394308775;330.67655283155614;366.5234471684439;0.3576964499810077;0.3564997552567721;0.036101685674867205;0.10092827501302869;0.33532039337661323;0.38007250658540215;2.513566959964919;2.605627545612318;0.3538070157808952;0.14075893796194439;2.294275099650025;2.732858820279813;0.3846153846153846;3.857142857142857;-2.857142857142857;1.01244
0.25;0.45;2;2000.0;2000.0;0.0;0.0;2000.0;2000.0;922.7;931.5;67.9073633709924;0.07359636216645973;880.610580122791;964.7894198772091;0.46135000000000004;0.46575;0.0339536816854962;0.07359636216645973;0.4403052900613955;0.48239470993860456;25.3;21.5;9.859513172565874;0.3897040779670306;19.18901042383478;31.41098957616522;0.46135000000000004;0.46575;0.0339536816854962;0.07359636216645973;0.4403052900613955;0.48239470993860456;4.3;4.0;0.45825756949558405;0.10657152778967072;4.015969015774687;4.584030984225313;0.9227000000000001;0.9315;0.0679073633709924;0.07359636216645973;0.880610580122791;0.9647894198772091;25.5;22.0;9.73909646733207;0.3819253516600812;19.463645470981678;31.536354529018322;0.5581674316265777;0.5559604907555159;0.012396696994463694;0.022209638707041707;0.5504838792253457;0.5658509840278096;418.2;428.0;33.6683827945448;0.08050784981957149;397.33212014602344;439.06787985397654;0.2910946111339995;0.3002485433472182;0.0488353861839188;0.16776465216471637;0.2608261251859995;0.32136309708199945;3.0040808364576472;2.9549994288152455;0.43543644220212313;0.14494831061722732;2.7341945334722486;3.273967139443046;0.45454545454545453;3.2222222222222223;-2.2222222222222223;1.0149700000000001
0.25;0.55;2;2000.0;2000.0;0.0;0.0;2000.0;2000.0;1127.7;1125.0;95.85932401180388;0.08500427774390695;1068.2857754270915;1187.1142245729086;0.5638500000000001;0.5625;0.04792966200590193;0.08500427774390693;0.5341428877135459;0.5935571122864542;46.4;36.0;26.87824399026097;0.5792724997901071;29.740691779068374;63.05930822093163;0.5638500000000001;0.5625;0.04792966200590193;0.08500427774390693;0.5341428877135459;0.5935571122864542;4.5;4.5;0.5;0.1111111111111111;4.190096789303499;4.809903210696501;1.1277000000000001;1.125;0.09585932401180386;0.08500427774390693;1.0682857754270918;1.1871142245729085;46.5;36.0;26.788990275857728;0.5761073177603813;29.896011804388685;63.103988195611315;0.590450832483771;0.591699108230896;0.016267914409537433;0.027551683416391103;0.5803678746700679;0.600533790297474;510.1;518.0;36.50328752318071;0.07156104199800178;487.47502799117757;532.7249720088225;0.22219104360488812;0.23762735140768237;0.06757894788156972;0.30414793857191735;0.18030517775690819;0.26407690945286805;3.165396881344102;3.199491704744527;0.35736059050561547;0.11289598236852744;2.9439024925959263;3.3868912700922778;0.5555555555555556;2.8181818181818183;-1.8181818181818181;1.01493
0.25;0.65;2;2000.0;2000.0;0.0;0.0;2000.0;2000.0;1423.6;1395.0;157.12428201904376;0.11037108880236286;1326.2133610478315;1520.9866389521683;0.7118;0.6975;0.07856214100952187;0.11037108880236285;0.6631066805239159;0.7604933194760841;94.5;73.5;64.42088170771959;0.6817024519335406;54.571523845756396;134.4284761542436;0.7118;0.6975;0.07856214100952187;0.11037108880236285;0.6631066805239159;0.7604933194760841;5.2;5.0;0.6;0.11538461538461538;4.828116147164199;5.571883852835802;1.4236;1.395;0.15712428201904374;0.11037108880236285;1.3262133610478317;1.5209866389521682;94.6;73.5;64.33381692391646;0.6800614896819922;54.72548715783476;134.4745128421652;0.6359658598041501;0.6370376708175272;0.026448072299999556;0.0415872517247143;0.619573174759144;0.6523585448491562;629.8;632.5;52.42671074938804;0.08324342767448087;597.3055880250157;662.2944119749842;0.15311109681565754;0.15224474614925482;0.06707984456402832;0.4381122332680499;0.1115345784088283;0.1946876152224868;3.3993894647827374;3.4543365601744833;0.3709790527525775;0.10913108268289805;3.1694542656843967;3.629324663881078;0.7142857142857143;2.5384615384615383;-1.5384615384615383;0.99652
0.25;0.75;2;2000.0;2000.0;0.0;0.0;2000.0;2000.0;1907.4;1854.5;303.5263415257397;0.15913093295886532;1719.272424460421;2095.527575539579;0.9537000000000001;0.92725;0.15176317076286985;0.1591309329588653;0.8596362122302106;1.0477637877697896;207.2;151.5;179.39498320744647;0.8658059035108421;96.00983744233484;318.3901625576651;0.9537000000000001;0.92725;0.15176317076286985;0.1591309329588653;0.8596362122302106;1.0477637877697896;5.6;6.0;0.8;0.14285714285714288;5.104154862885598;6.095845137114401;1.9074000000000002;1.8545;0.3035263415257397;0.1591309329588653;1.7192724244604212;2.0955275755395792;207.3;151.5;179.31595021079414;0.8650069957105361;96.15882260116192;318.44117739883814;0.7020026881263225;0.6955135267110295;0.04469002619753814;0.06366076220707627;0.6743035229168669;0.7297018533357781;810.9;790.5;86.5533939253684;0.10673744472236824;757.2536506516985;864.5463493483014;0.10020385977757351;0.09210992116965483;0.05695727518600837;0.5684139843758383;0.06490137487223721;0.1355063446829098;3.1406191847034335;3.0741604550226755;0.2701772080762394;0.08602673300607507;2.973161616223747;3.30807675318312;1.0;2.333333333333333;-1.3333333333333333;0.9537000000000001
0.25;0.85;2;2000.0;2000.0;0.0;0.0;2000.0;2000.0;2701.5;2645.0;608.4224272657937;0.22521651943949422;2324.395872661144;3078.604127338856;1.35075;1.3225;0.30421121363289677;0.2252165194394942;1.1621979363305721;1.5393020636694277;448.7;296.5;428.20860570520995;0.9543316374085357;183.29355648816664;714.1064435118333;1.35075;1.3225;0.30421121363289677;0.2252165194394942;1.1621979363305721;1.5393020636694277;6.6;7.0;1.0198039027185568;0.15451574283614497;5.967918992533393;7.232081007466606;2.7015;2.645;0.6084224272657935;0.2252165194394942;2.3243958726611442;3.0786041273388554;448.8;296.5;428.1300736925637;0.9539440144664967;183.44223113388972;714.1577688661102;0.7731773747812811;0.7689075164874368;0.05000483903323369;0.06467447272028519;0.7421840544477595;0.8041706951148028;1078.1;1036.0;171.7535734708306;0.15931135652613915;971.6460322655843;1184.5539677344154;0.06486238749419375;0.05937358485074505;0.04294340346648982;0.6620694230586864;0.03824579026919284;0.09147898471919466;3.695697952780077;3.664811967087444;0.7892097096154279;0.21354821733246554;3.206540706934728;4.184855198625426;1.6666666666666665;2.1764705882352944;-1.1764705882352942;0.81045
0.25;0.95;2;2000.0;2000.0;0.0;0.0;2000.0;2000.0;3907.0;3789.0;996.734668806097;0.25511509311648245;3289.2174518489537;4524.782548151046;1.9535000000000005;1.8945;0.49836733440304853;0.25511509311648245;1.6446087259244773;2.2623912740755237;788.1;582.0;655.705185277652;0.8320075945662379;381.68971562422297;1194.510284375777;1.9535000000000005;1.8945;0.49836733440304853;0.25511509311648245;1.6446087259244773;2.2623912740755237;7.9;8.0;1.1357816691600546;0.1437698315392474;7.196035228154136;8.603964771845865;3.907000000000001;3.789;0.9967346688060971;0.25511509311648245;3.2892174518489545;4.524782548151047;788.2;582.0;655.6173884210211;0.8317906475780527;381.844132679741;1194.555867320259;0.8174253568210542;0.8081922141233149;0.05367876006392308;0.06566808775382058;0.7841549166410204;0.850695797001088;1408.2;1414.5;236.16130080942557;0.16770437495343385;1261.8257092737936;1554.5742907262065;0.04217185947085939;0.03498538094214914;0.030317699006709962;0.7189082811882977;0.02338075494464031;0.06096296399707847;4.285235725042151;3.8603629918415105;1.7148581841560973;0.40017826187128347;3.222355610723858;5.348115839360444;4.999999999999996;2.052631578947368;-1.0526315789473684;0.39070000000000044
0.45;0.05;2;2000.0;2000.0;0.0;0.0;2000.0;2000.0;942.6;957.5;54.53292583384831;0.057853729931941766;908.8001423908325;976.3998576091675;0.4713;0.47875;0.027266462916924156;0.05785372993194177;0.45440007119541626;0.48819992880458374;7.7;7.5;1.1;0.14285714285714288;7.018212936467697;8.381787063532302;0.4713;0.47875;0.027266462916924156;0.05785372993194177;0.45440007119541626;0.48819992880458374;4.0;4.0;0.4472135954999579;0.11180339887498948;3.7228141417748732;4.277185858225127;0.9426;0.9575;0.05453292583384831;0.05785372993194177;0.9088001423908325;0.9763998576091675;8.4;8.0;1.2;0.14285714285714285;7.656232294328397;9.143767705671603;0.51245306450454;0.5045889268771844;0.02230281285035546;0.04352166938823697;0.4986296378847633;0.5262764911243166;470.8;470.5;32.35676127179604;0.06872719046685649;450.74507158826043;490.8549284117396;0.45007001546698755;0.4516143493206301;0.021380025600776332;0.047503776892563396;0.4368185383100796;0.4633214926238955;2.6601886872394704;2.7167546560251923;0.4776336886137562;0.17954880076924393;2.364148259963039;2.956229114515902;0.4736842105263158;21.0;-20.0;0.9949666666666666
0.45;0.15;2;2000.0;2000.0;0.0;0.0;2000.0;2000.0;1053.6;1063.0;58.55971311405137;0.05558059331250131;1017.3043137769789;1089.895686223021;0.5267999999999999;0.5315000000000001;0.029279856557025676;0.055580593312501286;0.5086521568884894;0.5449478431115105;9.7;9.5;1.676305461424021;0.17281499602309494;8.661015110793231;10.738984889206767;0.5267999999999999;0.5315000000000001;0.029279856557025676;0.055580593312501286;0.5086521568884894;0.5449478431115105;4.1;4.0;0.3;0.07317073170731708;3.914058073582099;4.2859419264179;1.0535999999999999;1.0630000000000002;0.05855971311405135;0.055580593312501286;1.0173043137769788;1.089895686223021;10.4;10.5;1.7435595774162693;0.16764995936694896;9.319330577836126;11.480669422163874;0.5187005289789277;0.5092381162428009;0.021784142604563926;0.04199753304174654;0.5051985775080781;0.5322024804497774;533.0;539.5;32.94844457633774;0.06181696918637475;512.5783424766744;553.4216575233256;0.4340028758652813;0.43148132966737296;0.015286456098468385;0.03522201567902386;0.4245282322151084;0.4434775195154542;3.0456199945165983;3.0248493104110272;0.5133570172123589;0.16855583366822463;2.7274380187812204;3.363801970251976;0.5294117647058824;7.666666666666667;-6.666666666666667;0.9950666666666665
0.45;0.25;2;2000.0;2000.0;0.0;0.0;2000.0;2000.0;1200.0;1209.0;69.42766019390254;0.057856383494918784;1156.968290389528;1243.031709610472;0.6;0.6045;0.03471383009695128;0.057856383494918805;0.5784841451947639;0.6215158548052361;14.4;14.0;2.1540659228538015;0.14958791130929178;13.06489610891137;15.735103891088631;0.6;0.6045;0.03471383009695128;0.057856383494918805;0.5784841451947639;0.6215158548052361;4.6;4.5;0.66332495807108;0.14420107784153915;4.188866931517301;5.011133068482699;1.2;1.209;0.06942766019390256;0.057856383494918805;1.1569682903895278;1.2430317096104722;14.8;15.0;1.9390719429665317;0.13101837452476564;13.598150758206339;16.001849241793664;0.5411580011833237;0.5416188659825023;0.011096353940077118;0.020504832074575752;0.5342804097572144;0.548035592609433;608.4;613.0;35.69089519751501;0.058663535827605216;586.2785539713155;630.5214460286844;0.4045195084175702;0.4043567090111876;0.020768022582589554;0.05133997780189011;0.3916473546612463;0.41739166217389406;3.5702902693761667;3.479179576292322;0.5577197724950619;0.15621132468663723;3.224611973045883;3.9159685657064505;0.6;5.0;-4.0;1.0
0.45;0.35;2;2000.0;2000.0;0.0;0.0;2000.0;2000.0;1395.5;1400.0;88.2759876750184;0.06325760492656281;1340.785975984214;1450.214024015786;0.6977499999999999;0.7;0.04413799383750918;0.0632576049265628;0.6703929879921069;0.7251070120078928;24.3;22.5;7.470609078247905;0.30743247235588084;19.66966852158509;28.93033147841491;0.6977499999999999;0.7;0.04413799383750918;0.0632576049265628;0.6703929879921069;0.7251070120078928;4.9;5.0;0.5385164807134504;0.1099013225945817;4.566224027227843;5.233775972772158;1.3954999999999997;1.4;0.08827598767501836;0.0632576049265628;1.3407859759842138;1.4502140240157857;24.7;23.0;7.142128534267638;0.2891550013873538;20.273262872046725;29.126737127953273;0.5739416485150092;0.5774021402981488;0.016948344970443587;0.029529735321168926;0.5634369554703444;0.5844463415596739;699.0;708.5;38.23349317025584;0.054697415121968296;675.3026354207899;722.6973645792101;0.36136692239094026;0.3630381116710109;0.032169190393203685;0.08902084944676218;0.3414282516142185;0.381305593167662;3.8269343673197698;4.021308889740743;0.6229328753296388;0.16277594950391475;3.4408365710936533;4.213032163545886;0.6923076923076923;3.857142857142857;-2.857142857142857;1.0078611111111109
0.45;0.45;2;2000.0;2000.0;0.0;0.0;2000.0;2000.0;1645.6;1651.5;112.96831414162115;0.06864870815606536;1575.5815134810812;1715.6184865189186;0.8228;0.82575;0.05648415707081055;0.06864870815606533;0.7877907567405407;0.8578092432594593;42.3;37.0;19.09476368012969;0.45141285295814876;30.46494285607374;54.135057143926254;0.8228;0.82575;0.05648415707081055;0.06864870815606533;0.7877907567405407;0.8578092432594593;5.3;5.0;0.45825756949558405;0.08646369235765737;5.015969015774687;5.584030984225313;1.6456;1.6515;0.1129683141416211;0.06864870815606533;1.5755815134810813;1.7156184865189186;42.5;37.0;18.943336559328717;0.44572556610185216;30.75879835791924;54.24120164208076;0.6079639104498126;0.6070035532655966;0.01316587343708915;0.021655682534425687;0.5998036175502571;0.616124203349368;805.7;812.5;40.64738613982454;0.05044977800648447;780.5064890576958;830.8935109423043;0.29772982830479355;0.29968397178352874;0.0477914322506004;0.16051946330911496;0.2681083917083028;0.3273512649012843;4.223401219532786;4.225878927912374;0.3882834143282487;0.09193618937563375;3.9827406660117375;4.4640617730538334;0.8181818181818181;3.2222222222222223;-2.2222222222222223;1.0056444444444446
0.45;0.55;2;2000.0;2000.0;0.0;0.0;2000.0;2000.0;2009.4;2001.0;167.30343690432665;0.08326039459755481;1905.7042554855793;2113.095744514421;1.0047000000000001;1.0005;0.0836517184521633;0.08326039459755478;0.9528521277427898;1.0565478722572104;82.6;69.0;46.47838207166854;0.5626922768967136;53.79240033602244;111.40759966397755;1.0047000000000001;1.0005;0.0836517184521633;0.08326039459755478;0.9528521277427898;1.0565478722572104;5.8;6.0;0.39999999999999997;0.06896551724137931;5.5520774314427985;6.047922568557201;2.0094000000000003;2.001;0.1673034369043266;0.08326039459755478;1.9057042554855796;2.1130957445144207;82.8;69.0;46.27267011962893;0.5588486729423784;54.119901924853885;111.48009807514612;0.6412278601043557;0.6437730322210622;0.01756928706121578;0.027399444338485995;0.6303383031645172;0.6521174170441942;939.6;953.0;52.482759073813945;0.055856491138584444;907.0708489136283;972.1291510863717;0.21815414177334064;0.22777733948931256;0.060844013465843956;0.2789037740528443;0.18044263152388826;0.25586565202279304;4.330185959238749;4.224285735071688;0.4592934475441571;0.10606783446891535;4.04551293114715;4.614858987330348;1.0000000000000002;2.8181818181818183;-1.8181818181818181;1.0047
0.45;0.65;2;2000.0;2000.0;0.0;0.0;2000.0;2000.0;2562.4;2527.0;277.1090759971604;0.108144347485623;2390.6460152706786;2734.1539847293216;1.2812000000000001;1.2635;0.1385545379985802;0.108144347485623;1.1953230076353394;1.3670769923646608;174.6;140.5;132.7412520658141;0.7602591756346742;92.32611958586128;256.87388041413874;1.2812000000000001;1.2635;0.1385545379985802;0.108144347485623;1.1953230076353394;1.3670769923646608;6.5;6.5;0.806225774829855;0.12403473458920847;6.000296087667907;6.999703912332093;2.5624000000000002;2.527;0.2771090759971604;0.108144347485623;2.3906460152706788;2.7341539847293217;174.9;140.5;132.49411307677033;0.7575420987808481;92.7792979182472;257.0207020817528;0.6951669686202513;0.6959588296626908;0.020243946188480806;0.029120984025838348;0.6826196407782965;0.7077142964622061;1116.3;1122.5;60.29270270936608;0.05401120013380461;1078.9301956975955;1153.6698043024044;0.14956999527770373;0.14686738248304415;0.06608748168332244;0.4418498614018078;0.10860854975668807;0.1905314407987194;4.309292321373445;4.351382608152515;0.57866856822839;0.1342838974646209;3.9506298269271944;4.667954815819696;1.2857142857142858;2.5384615384615383;-1.5384615384615383;0.9964888888888889
0.45;0.75;2;2000.0;2000.0;0.0;0.0;2000.0;2000.0;3423.2;3358.0;522.4045941605032;0.15260709107282752;3099.4102779741147;3746.989722025885;1.7116;1.679;0.2612022970802515;0.15260709107282747;1.5497051389870575;1.8734948610129425;374.7;269.0;315.6010297828573;0.8422765673414927;179.08845514234085;570.3115448576591;1.7116;1.679;0.2612022970802515;0.15260709107282747;1.5497051389870575;1.8734948610129425;7.3;7.0;0.6403124237432849;0.08771403064976506;6.903130248066195;7.6968697519338045;3.4232;3.358;0.522404594160503;0.15260709107282747;3.099410277974115;3.746989722025885;374.9;269.0;315.4268377928549;0.8413625974736061;179.39642045629958;570.4035795437004;0.7543404238473329;0.7514410554139448;0.031133940132328747;0.04127306339164158;0.7350434078300503;0.7736374398646155;1347.8;1330.0;107.4605043725368;0.07973030447583974;1281.1952893437708;1414.404710656229;0.09713571399327302;0.09185533541633165;0.054471367149578925;0.5607758970439158;0.06337401085190816;0.13089741713463787;5.013853943469167;4.909526625884373;1.4921658608045947;0.29760856172290906;4.088999961159062;5.938707925779272;1.8;2.333333333333333;-1.3333333333333333;0.9508888888888889
0.45;0.85;2;2000.0;2000.0;0.0;0.0;2000.0;2000.0;4768.6;4699.5;964.8440495748523;0.20233277053534626;4170.583462430679;5366.616537569322;2.3843;2.3497500000000002;0.48242202478742613;0.20233277053534626;2.085291731215339;2.683308268784661;722.8;521.0;612.9086065638172;0.8479643145597915;342.91530992470877;1102.6846900752912;2.3843;2.3497500000000002;0.48242202478742613;0.20233277053534626;2.085291731215339;2.683308268784661;8.9;9.0;1.1357816691600546;0.1276159178831522;8.196035228154136;9.603964771845865;4.7686;4.6995000000000005;0.9648440495748523;0.20233277053534626;4.170583462430678;5.366616537569322;722.9;521.0;612.8238653969017;0.8477297902848274;343.06783304411937;1102.7321669558805;0.8069752975566239;0.8066497375822406;0.04456570297505825;0.055225609891647466;0.7793531886787896;0.8345974064344582;1612.3;1591.0;151.57575663673924;0.0940121296512679;1518.352372709046;1706.247627290954;0.06478992490340513;0.05640292337741487;0.0420991924841877;0.6497799240692609;0.038696575066245575;0.09088327474056468;5.430899966729346;4.489796200390938;3.0101166384376112;0.5542574263709732;3.5652103450837958;7.2965895883748955;2.9999999999999996;2.1764705882352944;-1.1764705882352942;0.7947666666666668
0.45;0.95;2;2000.0;2000.0;0.0;0.0;2000.0;2000.0;6705.2;6838.0;1293.0248876181772;0.19283912301171885;5903.774871633288;7506.625128366712;3.3526000000000002;3.419;0.6465124438090886;0.19283912301171882;2.9518874358166447;3.753312564183356;1096.5;1041.5;643.9304698490358;0.5872598904231973;697.3877598569545;1495.6122401430455;3.3526000000000002;3.419;0.6465124438090886;0.19283912301171882;2.9518874358166447;3.753312564183356;10.5;10.0;1.2041594578792296;0.1146818531313552;9.753654235625337;11.246345764374663;6.7052000000000005;6.838;1.2930248876181771;0.19283912301171882;5.903774871633289;7.506625128366712;1096.5;1041.5;643.9304698490358;0.5872598904231973;697.3877598569545;1495.6122401430455;0.8313866962124173;0.8388311215321229;0.045396335683076765;0.05460315385113897;0.803249755848334;0.8595236365765007;1832.5;1864.0;119.63799563683772;0.06528676433115291;1758.3476020617;1906.6523979383;0.04280050205591524;0.03371053876074844;0.027942677735622215;0.652858644020518;0.025481450964461316;0.060119553147369165;3.9621532570265443;3.050210086774824;1.9267040716510877;0.486277018243613;2.767969701293157;5.156336812759932;8.999999999999993;2.052631578947368;-1.0526315789473684;0.37251111111111146
0.65;0.05;2;2000.0;2000.0;0.0;0.0;2000.0;2000.0;1359.4;1383.0;68.0532144722055;0.0500612141181444;1317.2201806736919;1401.5798193263083;0.6797;0.6915;0.03402660723610275;0.050061214118144404;0.6586100903368459;0.700789909663154;9.5;10.0;1.4317821063276353;0.15071390592922476;8.612572256462533;10.387427743537467;0.6797;0.6915;0.03402660723610275;0.050061214118144404;0.6586100903368459;0.700789909663154;4.9;5.0;0.3;0.06122448979591836;4.7140580735821;5.085941926417901;1.3594;1.383;0.0680532144722055;0.050061214118144404;1.3172201806736918;1.401579819326308;10.4;10.0;1.7435595774162693;0.16764995936694896;9.319330577836126;11.480669422163874;0.5201804203466887;0.5199283397607184;0.016156814777904423;0.031060020996438634;0.5101663227980862;0.5301945178952912;728.1;738.5;34.624990974728064;0.04755526847236377;706.6392082531888;749.5607917468112;0.4427303735690232;0.446490466675599;0.014516355048405058;0.032788251981410325;0.433733043494801;0.4517277036432453;4.071107224244649;3.749479798531641;0.8586257598355935;0.2109071838546091;3.5389254647251027;4.6032889837641955;0.6842105263157895;21.0;-20.0;0.9934076923076922
0.65;0.15;2;2000.0;2000.0;0.0;0.0;2000.0;2000.0;1529.1;1548.5;81.41799555380861;0.05324569717729947;1478.6366035388023;1579.5633964611975;0.7645500000000001;0.77425;0.0407089977769043;0.053245697177299454;0.7393183017694013;0.7897816982305988;12.9;12.5;1.445683229480096;0.11206846740155783;12.003956251068063;13.796043748931938;0.7645500000000001;0.77425;0.0407089977769043;0.053245697177299454;0.7393183017694013;0.7897816982305988;5.2;5.0;0.6;0.11538461538461538;4.828116147164199;5.571883852835802;1.5291000000000001;1.5485;0.0814179955538086;0.053245697177299454;1.4786366035388026;1.5795633964611977;13.5;13.5;1.284523257866513;0.09514987095307503;12.703844236345676;14.296155763654324;0.5386697033277518;0.5383172964591727;0.012842068253859848;0.023840338846839015;0.5307101069600422;0.5466292996954614;809.1;824.5;37.96695931991394;0.04692492809283641;785.5678348127504;832.6321651872496;0.42917571337650956;0.4309173390161144;0.015226939895341365;0.035479500402165104;0.4197379582512117;0.43861346850180744;4.810581364370397;4.732972591861991;1.070140821045633;0.22245561190828994;4.147301211691534;5.47386151704926;0.7647058823529412;7.666666666666667;-6.666666666666667;0.9997961538461538
0.65;0.25;2;2000.0;2000.0;0.0;0.0;2000.0;2000.0;1736.8;1762.0;96.89871000173325;0.055791518886304264;1676.7415573162273;1796.8584426837726;0.8684;0.881;0.04844935500086663;0.05579151888630428;0.8383707786581136;0.8984292213418863;19.1;19.5;3.534119409414459;0.18503242981227533;16.909530096075276;21.290469903924727;0.8684;0.881;0.04844935500086663;0.05579151888630428;0.8383707786581136;0.8984292213418863;5.4;5.0;0.4898979485566356;0.09072184232530288;5.096358105657339;5.7036418943426614;1.7368;1.762;0.09689871000173327;0.05579151888630428;1.6767415573162272;1.7968584426837726;19.8;20.5;3.280243893371345;0.16566888350360326;17.76688377115326;21.83311622884674;0.5663457278944584;0.5659299051187117;0.012730240936716042;0.02247786168361173;0.5584554428160017;0.574236012972915;901.8;916.0;40.04697241989711;0.04440782038134521;876.9786293367993;926.6213706632007;0.4008508931806406;0.4005158422767314;0.015275638159249684;0.03810803073941468;0.3913829545586617;0.4103188318026195;5.086122341203838;5.415333759349103;0.9311007384937157;0.18306691739415232;4.509020124521666;5.66322455788601;0.8666666666666667;5.0;-4.0;1.002
0.65;0.35;2;2000.0;2000.0;0.0;0.0;2000.0;2000.0;2003.0;2022.0;121.63798748746215;0.060727901890894734;1927.6079942699494;2078.3920057300506;1.0015;1.0110000000000001;0.0608189937437311;0.060727901890894755;0.9638039971349747;1.0391960028650253;32.1;31.0;10.3;0.3208722741433022;25.715993859652077;38.48400614034792;1.0015;1.0110000000000001;0.0608189937437311;0.060727901890894755;0.9638039971349747;1.0391960028650253;5.6;6.0;0.4898979485566356;0.08748177652797065;5.2963581056573386;5.903641894342661;2.003;2.0220000000000002;0.1216379874874622;0.060727901890894755;1.9276079942699493;2.0783920057300507;32.6;31.0;10.00199980003999;0.3068098098171776;26.40069629716369;38.79930370283631;0.5960093568050112;0.6015399959275993;0.013556347588598317;0.02274519256084997;0.5876070455189625;0.60441166809106;1000.8;1013.5;41.53504544357692;0.0415018439684022;975.0563121212208;1026.543687878779;0.35932656967683985;0.3590878224905832;0.027968099059955287;0.077834764863362;0.34199176228532396;0.37666137706835573;5.8178579456096475;5.95380186627157;0.8566736222580736;0.1472489755279344;5.286886133496091;6.3488297577232045;1.0;3.857142857142857;-2.857142857142857;1.0015
0.65;0.45;2;2000.0;2000.0;0.0;0.0;2000.0;2000.0;2376.1;2383.0;160.1264812577857;0.06739046389368533;2276.852578681358;2475.347421318642;1.18805;1.1915;0.08006324062889286;0.06739046389368533;1.1384262893406791;1.237673710659321;59.3;50.5;27.52471616565737;0.464160474968927;42.24000417350578;76.35999582649421;1.18805;1.1915;0.08006324062889286;0.06739046389368533;1.1384262893406791;1.237673710659321;6.1;6.0;0.7;0.11475409836065574;5.666135505024898;6.533864494975101;2.3761;2.383;0.16012648125778572;0.06739046389368533;2.2768525786813583;2.475347421318642;59.5;50.5;27.310254484350747;0.4589958736865672;42.572928900722374;76.42707109927763;0.6293975633457306;0.6313462751785031;0.01425382951107327;0.02264678216309456;0.6205629482853263;0.6382321784061349;1131.0;1142.5;44.82186966202994;0.039630300320097206;1103.2191173646336;1158.7808826353664;0.29321109314269095;0.3002891086338787;0.047838881695702475;0.16315508797077374;0.2635602470754344;0.3228619392099475;5.7598307881604685;5.606419542724311;0.968246152867159;0.16810322880620424;5.159705605124333;6.359955971196604;1.1818181818181817;3.2222222222222223;-2.2222222222222223;1.005273076923077
0.65;0.55;2;2000.0;2000.0;0.0;0.0;2000.0;2000.0;2904.1;2884.0;235.94806631968822;0.08124653638638071;2757.8578733797954;3050.3421266202045;1.45205;1.4420000000000002;0.11797403315984413;0.08124653638638073;1.3789289366898978;1.5251710633101023;118.5;98.5;72.9510109594103;0.615620345649032;73.2844949602462;163.7155050397538;1.45205;1.4420000000000002;0.11797403315984413;0.08124653638638073;1.3789289366898978;1.5251710633101023;6.9;7.0;0.8306623862918076;0.1203858530857692;6.3851501189667035;7.414849881033297;2.9041;2.8840000000000003;0.23594806631968826;0.08124653638638073;2.7578578733797956;3.0503421266202047;118.8;99.0;72.73211120268681;0.6122231582717745;73.72017043510479;163.8798295648952;0.6699707070891219;0.6750530366422596;0.015926461396596366;0.023771877229966373;0.6600993840454437;0.6798420301328001;1280.6;1285.5;48.80409818857429;0.03811033748912564;1250.350906552427;1310.8490934475728;0.21679869165435717;0.22941929778164474;0.06263806780220867;0.2889227205396273;0.17797521500689797;0.2556221683018164;5.704013320845382;5.268372244338201;1.165731475875675;0.2043703985780496;4.981485466477697;6.4265411752130674;1.4444444444444446;2.8181818181818183;-1.8181818181818181;1.0052653846153845
0.65;0.65;2;2000.0;2000.0;0.0;0.0;2000.0;2000.0;3691.5;3656.5;394.50304181336804;0.10686795118877639;3446.9844814250023;3936.0155185749977;1.84575;1.8282500000000002;0.19725152090668396;0.10686795118877636;1.7234922407125013;1.9680077592874987;254.4;201.0;189.03766820398522;0.7430725951414513;137.23323936201018;371.56676063798983;1.84575;1.8282500000000002;0.19725152090668396;0.10686795118877636;1.7234922407125013;1.9680077592874987;7.9;8.0;0.7000000000000001;0.08860759493670886;7.466135505024899;8.333864494975103;3.6915;3.6565000000000003;0.3945030418133679;0.10686795118877636;3.4469844814250026;3.9360155185749974;254.6;201.0;188.85560621808395;0.7417737871880752;137.54608254996333;371.65391745003666;0.7196174256901461;0.7215902884247227;0.02007133522304943;0.027891674807346556;0.7071770832329685;0.7320577681473237;1462.1;1466.0;67.26878919677385;0.04600833677366381;1420.4063724965072;1503.7936275034926;0.1479400007513874;0.14598570579451559;0.06475072257533145;0.4376823188215659;0.10780708710936014;0.18807291439341467;6.13237443962814;5.583761912187034;1.9744386554835165;0.3219696831824973;4.90860468231289;7.356144196943389;1.8571428571428574;2.5384615384615383;-1.5384615384615383;0.9938653846153844
0.65;0.75;2;2000.0;2000.0;0.0;0.0;2000.0;2000.0;4916.4;4832.5;747.4729694109346;0.15203664661356575;4453.111453741407;5379.688546258592;2.4581999999999997;2.41625;0.3737364847054673;0.15203664661356575;2.2265557268707035;2.689844273129296;525.4;389.0;431.1429461327183;0.8205994406789462;258.1748334486439;792.6251665513561;2.4581999999999997;2.41625;0.3737364847054673;0.15203664661356575;2.2265557268707035;2.689844273129296;8.8;9.0;0.9797958971132712;0.11134044285378081;8.192716211314679;9.407283788685323;4.916399999999999;4.8325;0.7474729694109346;0.15203664661356575;4.453111453741407;5.379688546258592;525.5;389.0;431.0601466152954;0.8202857214372891;258.32615312123085;792.6738468787692;0.7701195430124322;0.7707685434656726;0.03260811421780421;0.04234162671713658;0.7499088244307207;0.7903302615941438;1662.0;1654.0;94.5505155988057;0.0568896002399553;1603.396983285841;1720.603016714159;0.09739341795961734;0.08940302039525487;0.054162613028886884;0.5561219039601276;0.06382308260488896;0.13096375331434573;5.74227957461625;5.291175444593961;2.5757979107992255;0.4485671373761636;4.14578348929221;7.338775659940289;2.6;2.333333333333333;-1.3333333333333333;0.9454615384615384
0.65;0.85;2;2000.0;2000.0;0.0;0.0;2000.0;2000.0;6741.6;6741.5;1147.3427735424145;0.17018849732146887;6030.469581419555;7452.730418580446;3.3708;3.37075;0.5736713867712072;0.17018849732146885;3.015234790709777;3.726365209290223;903.4;751.5;627.1379752494661;0.6941974488039253;514.6958558409751;1292.1041441590248;3.3708;3.37075;0.5736713867712072;0.17018849732146885;3.015234790709777;3.726365209290223;10.8;11.0;1.1661903789690602;0.10798059064528334;10.077187714548238;11.522812285451764;6.7416;6.7415;1.1473427735424144;0.17018849732146885;6.030469581419554;7.452730418580446;903.5;751.5;627.0419842402899;0.6940143710462534;514.8553516848585;1292.1446483151415;0.8160289346103738;0.8168799077321518;0.03729104464196074;0.04569818919443824;0.7929157056808335;0.8391421635399142;1842.6;1845.0;85.68803883856836;0.04650387432897447;1789.4900032912822;1895.7099967087177;0.06555646135660022;0.05541674597438931;0.0407558801606608;0.6216912767601283;0.04029570512349899;0.09081721758970145;4.231177980370569;3.560396865118298;1.915472432723606;0.4527042921876445;3.043955866567203;5.418400094173936;4.333333333333333;2.1764705882352944;-1.1764705882352942;0.7778769230769231
0.65;0.95;2;2000.0;2000.0;0.0;0.0;2000.0;2000.0;9380.9;9712.5;1544.703042659009;0.16466469556854982;8423.483135014638;10338.316864985361;4.69045;4.85625;0.7723515213295045;0.1646646955685498;4.211741567507319;5.169158432492681;1319.6;1499.0;626.631981309604;0.47486509647590486;931.2094741340875;1707.9905258659123;4.69045;4.85625;0.7723515213295045;0.1646646955685498;4.211741567507319;5.169158432492681;12.7;12.5;1.004987562112089;0.0791328789064637;12.077102255582828;13.32289774441717;9.3809;9.7125;1.544703042659009;0.1646646955685498;8.423483135014639;10.338316864985362;1319.6;1499.0;626.631981309604;0.47486509647590486;931.2094741340875;1707.9905258659123;0.8296631120564053;0.8456921207596519;0.04322594996513593;0.05210060485634461;0.8028713906972015;0.8564548334156091;1958.7;1976.5;47.261083356182176;0.02412880142757042;1929.4072770538485;1987.9927229461516;0.04470114094750152;0.03285945942787809;0.025862658537848505;0.5785681973581492;0.028671299111448462;0.060730982783554585;3.056964458023464;2.4083829394320904;1.2342053350981483;0.40373558542978494;2.2919960660121292;3.8219328500347984;12.99999999999999;2.052631578947368;-1.0526315789473684;0.3608038461538465
0.85;0.05;2;2000.0;2000.0;0.0;0.0;2000.0;2000.0;1781.5;1811.0;92.91636023865765;0.052156250484792395;1723.9098432716146;1839.0901567283854;0.89075;0.9055;0.04645818011932882;0.05215625048479239;0.8619549216358073;0.9195450783641927;11.0;11.0;1.1832159566199232;0.10756508696544756;10.266635152192308;11.733364847807692;0.89075;0.9055;0.04645818011932882;0.05215625048479239;0.8619549216358073;0.9195450783641927;5.4;5.0;0.4898979485566356;0.09072184232530288;5.096358105657339;5.7036418943426614;1.7815;1.811;0.09291636023865764;0.05215625048479239;1.7239098432716147;1.8390901567283855;11.9;11.5;1.374772708486752;0.11552711836023126;11.047907047324061;12.75209295267594;0.5345181940384297;0.5346009205817748;0.015359114776590908;0.028734503236547734;0.5249985160729865;0.5440378720038729;965.5;984.0;37.97959978725421;0.039336716506736626;941.9600001699235;989.0399998300765;0.4431637731544661;0.4445349658145066;0.01436538104941273;0.03241551299908631;0.43426001773428274;0.45206752857464944;5.884206076884508;6.018923009024494;1.452128601636741;0.24678411712011195;4.984167444901615;6.784244708867401;0.8947368421052632;21.0;-20.0;0.9955441176470589
0.85;0.15;2;2000.0;2000.0;0.0;0.0;2000.0;2000.0;1993.8;2018.5;105.40758985955422;0.05286768475250989;1928.4676989414884;2059.1323010585115;0.9968999999999999;1.00925;0.05270379492977711;0.05286768475250989;0.9642338494707441;1.0295661505292557;15.8;15.0;2.1354156504062622;0.13515288926621913;14.476455667535085;17.123544332464917;0.9968999999999999;1.00925;0.05270379492977711;0.05286768475250989;0.9642338494707441;1.0295661505292557;5.8;6.0;0.39999999999999997;0.06896551724137931;5.5520774314427985;6.047922568557201;1.9937999999999998;2.0185;0.10540758985955422;0.05286768475250989;1.9284676989414882;2.0591323010585114;16.6;16.0;1.685229954635272;0.10151987678525734;15.555483652593221;17.644516347406782;0.5546516053869432;0.5528669109634732;0.016582227692100018;0.029896655001172688;0.5443738341823788;0.5649293765915077;1047.2;1065.0;37.56008519692148;0.035867155459245105;1023.9200180068799;1070.4799819931202;0.42789922562184757;0.42775874772303557;0.013108540749862153;0.030634644712927615;0.4197744678899912;0.43602398335370396;6.639266269950616;6.338179672915418;1.3225754830074385;0.19920506713120215;5.819525492805654;7.459007047095578;1.0;7.666666666666667;-6.666666666666667;0.9968999999999999
0.85;0.25;2;2000.0;2000.0;0.0;0.0;2000.0;2000.0;2267.7;2290.0;121.60596202489415;0.05362524232698072;2192.327843857297;2343.0721561427026;1.13385;1.145;0.06080298101244708;0.05362524232698071;1.0961639219286485;1.1715360780713515;25.3;23.5;6.9;0.2727272727272727;21.023335692388287;29.576664307611715;1.13385;1.145;0.06080298101244708;0.05362524232698071;1.0961639219286485;1.1715360780713515;6.0;6.0;0.4472135954999579;0.07453559924999299;5.722814141774873;6.277185858225127;2.2677;2.29;0.12160596202489415;0.05362524232698071;2.192327843857297;2.343072156142703;25.9;24.0;6.549045732013177;0.2528589085719373;21.840859401301795;29.959140598698202;0.5773623675547661;0.5797552555303713;0.017149574943913365;0.02970331269865217;0.566732950880368;0.5879917842291642;1142.9;1151.5;34.1363442682429;0.029868181177918365;1121.742074619661;1164.0579253803392;0.3971488059750886;0.3990483879170057;0.017640293884872506;0.04441734085429683;0.3862152385499849;0.4080823734001923;7.25591144510139;6.943926225278581;1.5752481085375902;0.21709858512689975;6.27956255214261;8.232260338060168;1.1333333333333333;5.0;-4.0;1.0004558823529413
0.85;0.35;2;2000.0;2000.0;0.0;0.0;2000.0;2000.0;2632.3;2650.0;153.55262941415234;0.05833401565708784;2537.1270942673286;2727.4729057326717;1.31615;1.3250000000000002;0.07677631470707615;0.05833401565708783;1.268563547133664;1.3637364528663358;42.8;40.5;14.729562111617575;0.34414864746770035;33.67052281891235;51.92947718108764;1.31615;1.3250000000000002;0.07677631470707615;0.05833401565708783;1.268563547133664;1.3637364528663358;6.3;6.0;0.7810249675906654;0.1239722170778834;5.815915709819044;6.784084290180956;2.6323;2.6500000000000004;0.1535526294141523;0.05833401565708783;2.537127094267328;2.7274729057326716;43.0;40.5;14.498275759551547;0.3371692037105011;34.01387558510344;51.98612441489656;0.6067643519557551;0.607244715592793;0.016543152678313813;0.027264542857521286;0.5965107996956514;0.6170179042158588;1256.2;1273.5;36.53163013061421;0.029081062036788896;1233.5574610610913;1278.8425389389088;0.3554557694390332;0.35436155086538756;0.02909385805190308;0.08184944669154731;0.33742320939536713;0.3734883294826992;7.090434427854804;6.731264703609845;1.0123901117216672;0.14278252228727875;6.462948535654936;7.717920320054672;1.3076923076923077;3.857142857142857;-2.857142857142857;1.0064676470588234
0.85;0.45;2;2000.0;2000.0;0.0;0.0;2000.0;2000.0;3113.6;3124.5;215.81807153248312;0.0693146427069897;2979.834573411513;3247.365426588487;1.5568000000000002;1.5622500000000001;0.10790903576624153;0.06931464270698967;1.4899172867057566;1.6236827132942437;79.9;67.5;38.497922021844246;0.48182630815825084;56.03874072057387;103.76125927942614;1.5568000000000002;1.5622500000000001;0.10790903576624153;0.06931464270698967;1.4899172867057566;1.6236827132942437;6.9;7.0;0.5385164807134504;0.07804586677006527;6.566224027227843;7.233775972772158;3.1136000000000004;3.1245000000000003;0.21581807153248306;0.06931464270698967;2.9798345734115133;3.2473654265884875;80.1;67.5;38.286942944037726;0.47798930017525254;56.36950690777791;103.83049309222207;0.6435173756452255;0.6469756668606225;0.016162267348645072;0.025115510412504254;0.6334998985582648;0.6535348527321861;1376.6;1393.5;41.46854229412941;0.030123886600413638;1350.8975312002913;1402.3024687997085;0.29108342145491617;0.30437529663571583;0.04661759040451762;0.1601519941311322;0.2621895395723273;0.319977303337505;7.270349718813099;6.28901003893636;1.833054075337248;0.2521273592374726;6.134211032158461;8.406488405467737;1.5454545454545452;3.2222222222222223;-2.2222222222222223;1.0073411764705886
0.85;0.55;2;2000.0;2000.0;0.0;0.0;2000.0;2000.0;3799.9;3811.5;308.16406344672964;0.08109794032651639;3608.8979346331566;3990.9020653668435;1.8999499999999998;1.9057499999999998;0.1540820317233648;0.08109794032651639;1.804448967316578;1.9954510326834216;156.0;136.5;94.89678603619829;0.6083127310012711;97.1823626452065;214.8176373547935;1.8999499999999998;1.9057499999999998;0.1540820317233648;0.08109794032651639;1.804448967316578;1.9954510326834216;7.8;8.0;0.6;0.07692307692307693;7.428116147164198;8.171883852835801;3.7998999999999996;3.8114999999999997;0.3081640634467296;0.08109794032651639;3.608897934633156;3.990902065366843;156.2;136.5;94.70564925071788;0.6063101744604218;97.50083045221167;214.8991695477883;0.6854261753840132;0.684077911838403;0.015714714596820032;0.02292692511781563;0.6756860943665458;0.6951662564014806;1516.0;1536.5;44.36440014245657;0.029264116188955518;1488.5026599104567;1543.4973400895433;0.21731215559809985;0.22761575567961284;0.06234133732548147;0.2868745982197904;0.17867259440553918;0.25595171679066053;7.571745192177417;6.184921034988515;3.1650221045885862;0.4180043073634411;5.6100441679026165;9.533446216452218;1.888888888888889;2.8181818181818183;-1.8181818181818181;1.0058558823529409
0.85;0.65;2;2000.0;2000.0;0.0;0.0;2000.0;2000.0;4823.7;4790.5;508.7185960823528;0.10546232064231872;4508.3929474661245;5139.007052533875;2.41185;2.39525;0.2543592980411764;0.10546232064231872;2.254196473733062;2.5695035262669377;331.8;265.5;235.76971815735794;0.710577812409156;185.66841471605125;477.9315852839488;2.41185;2.39525;0.2543592980411764;0.10546232064231872;2.254196473733062;2.5695035262669377;8.9;9.0;0.7000000000000001;0.07865168539325842;8.466135505024898;9.333864494975103;4.8237;4.7905;0.5087185960823528;0.10546232064231872;4.508392947466124;5.139007052533875;332.0;265.5;235.58395531105253;0.7095902268405196;185.98355172104758;478.01644827895245;0.7291024555754941;0.7317514606503328;0.023686355686867604;0.03248700577777032;0.714421500221375;0.7437834109296133;1675.2;1692.0;60.44799417681285;0.03608404618959697;1637.7339450488846;1712.6660549511155;0.14546537344143448;0.14211613631524866;0.06252368359842689;0.4298183280270436;0.10671279285798516;0.1842179540248838;6.158220078405198;5.857143376112663;2.0009627261547807;0.3249254980625786;4.918010531766417;7.3984296250439785;2.428571428571429;2.5384615384615383;-1.5384615384615383;0.9931147058823527
0.85;0.75;2;2000.0;2000.0;0.0;0.0;2000.0;2000.0;6411.1;6291.5;928.0405648461709;0.14475527832137555;5835.894498595155;6986.305501404846;3.20555;3.14575;0.4640202824230854;0.14475527832137555;2.917947249297577;3.493152750702423;661.5;494.0;523.2151087268027;0.7909525453164061;337.20791584128983;985.7920841587102;3.20555;3.14575;0.4640202824230854;0.14475527832137555;2.917947249297577;3.493152750702423;10.9;11.0;1.2206555615733703;0.11198674876819911;10.143429844627745;11.656570155372256;6.4111;6.2915;0.9280405648461708;0.14475527832137555;5.835894498595154;6.986305501404846;661.5;494.0;523.2151087268027;0.7909525453164061;337.20791584128983;985.7920841587102;0.7787935904782043;0.7784025985228263;0.03370474848861112;0.04327815341663935;0.757903170933527;0.7996840100228816;1828.1;1828.0;65.2525095302855;0.035694168552204746;1787.6560755811208;1868.543924418879;0.09872954777715691;0.09159029362335672;0.05414804767217827;0.5484482497012563;0.0651682401240464;0.13229085543026742;4.677583465088204;4.309006608821816;1.7841261798925308;0.3814204905606934;3.5717706022154463;5.783396327960961;3.4;2.333333333333333;-1.3333333333333333;0.9428088235294119
0.85;0.85;2;2000.0;2000.0;0.0;0.0;2000.0;2000.0;8690.3;8804.0;1304.7487152704923;0.15013851251055688;7881.608367971078;9498.991632028921;4.34515;4.401999999999999;0.652374357635246;0.15013851251055682;3.9408041839855397;4.749495816014461;1058.7;977.0;618.1313857101903;0.5838588700389065;675.5781978722694;1441.8218021277307;4.34515;4.401999999999999;0.652374357635246;0.15013851251055682;3.9408041839855397;4.749495816014461;12.6;12.5;1.42828568570857;0.11335600680226746;11.71473936041412;13.48526063958588;8.6903;8.803999999999998;1.304748715270492;0.15013851251055682;7.881608367971079;9.498991632028922;1058.7;977.0;618.1313857101903;0.5838588700389065;675.5781978722694;1441.8218021277307;0.8170332382566263;0.8230161604649981;0.03310156399270337;0.04051434194199371;0.7965166763357974;0.8375498001774553;1938.9;1949.0;43.209836843015275;0.02228574802362952;1912.1182656573553;1965.6817343426449;0.06656860587975541;0.054621281432357345;0.0391040143449239;0.5874242644582116;0.0423316866865275;0.09080552507298331;3.3560199439570644;2.9062266591300956;1.256109593438951;0.3742854972303529;2.577475151970249;4.134564735943879;5.666666666666666;2.1764705882352944;-1.1764705882352942;0.7667911764705884
0.85;0.95;2;2000.0;2000.0;0.0;0.0;2000.0;2000.0;11963.2;12355.5;1775.1958652498038;0.1483880454435104;10862.922203487866;13063.477796512136;5.9816;6.17775;0.887597932624902;0.14838804544351045;5.431461101743933;6.531738898256068;1467.2;1797.5;580.72899014945;0.3958076541367571;1107.2604428162972;1827.139557183703;5.9816;6.17775;0.887597932624902;0.14838804544351045;5.431461101743933;6.531738898256068;14.8;15.0;1.2489995996796797;0.0843918648432216;14.025862027801246;15.574137972198756;11.9632;12.3555;1.775195865249804;0.14838804544351045;10.862922203487866;13.063477796512135;1467.2;1797.5;580.72899014945;0.3958076541367571;1107.2604428162972;1827.139557183703;0.8282860323211196;0.8446146109809469;0.03565652888175839;0.043048569564595345;0.8061858867556208;0.8503861778866185;1988.2;1995.5;16.296011782028142;0.008196364441217253;1978.099627254403;1998.300372745597;0.047588337122012214;0.03660539980310572;0.024246166975914776;0.5094980922268787;0.03256040713617328;0.06261626710785115;2.6109022851177044;2.094616308154077;0.8082069371508438;0.309550817645559;2.1099704356572406;3.111834134578168;16.999999999999986;2.052631578947368;-1.0526315789473684;0.35185882352941206
1.05;0.05;2;2000.0;2000.0;0.0;0.0;2000.0;2000.0;2198.4;2232.0;95.69764887394047;0.04353058991718543;2139.085982715719;2257.714017284281;1.0992000000000002;1.116;0.04784882443697021;0.043530589917185405;1.0695429913578596;1.1288570086421408;13.2;13.0;1.8867962264113207;0.1429391080614637;12.030551583010178;14.36944841698982;1.0992000000000002;1.116;0.04784882443697021;0.043530589917185405;1.0695429913578596;1.1288570086421408;6.0;6.0;0.4472135954999579;0.07453559924999299;5.722814141774873;6.277185858225127;2.1984000000000004;2.232;0.09569764887394042;0.043530589917185405;2.139085982715719;2.2577140172842816;14.6;14.5;1.7435595774162693;0.11942188886412804;13.519330577836126;15.680669422163874;0.5474120436324885;0.5434227980794171;0.009897294530409002;0.018080154876997313;0.5412776369281231;0.5535464503368539;1158.8;1168.5;28.871439174381315;0.02491494578389827;1140.905296604861;1176.694703395139;0.4445975825219777;0.4472242384018207;0.012734174767984082;0.028642024312749377;0.4367048592296404;0.45249030581431493;8.738825169406313;8.691769640198588;1.7348131524361592;0.19851789214293397;7.6635768376093445;9.814073501203282;1.105263157894737;21.0;-20.0;0.9945142857142858
1.05;0.15;2;2000.0;2000.0;0.0;0.0;2000.0;2000.0;2471.4;2512.5;115.60553619961286;0.046777347333338534;2399.7469463148987;2543.0530536851015;1.2357;1.25625;0.057802768099806424;0.046777347333338534;1.1998734731574494;1.2715265268425506;19.0;19.0;2.5298221281347035;0.13314853305972124;17.432;20.568;1.2357;1.25625;0.057802768099806424;0.046777347333338534;1.1998734731574494;1.2715265268425506;6.1;6.0;0.5385164807134504;0.0882813902808935;5.766224027227842;6.433775972772157;2.4714;2.5125;0.11560553619961285;0.046777347333338534;2.399746946314899;2.5430530536851013;20.0;20.0;2.569046515733026;0.12845232578665128;18.40768847269135;21.59231152730865;0.5650524714319664;0.5627833169644205;0.011880349453190012;0.0210252145665032;0.5576889545524863;0.5724159883114464;1243.6;1251.5;30.351935687860173;0.024406509880878238;1224.7876753589567;1262.4123246410431;0.42687358409188303;0.4281514561229723;0.011902585997776657;0.027883163637538805;0.41949628485927865;0.4342508833244874;9.126491666650645;8.385178815372832;1.8589383218905031;0.20368597154186846;7.97430975776938;10.278673575531911;1.2352941176470589;7.666666666666667;-6.666666666666667;1.0003285714285715
1.05;0.25;2;2000.0;2000.0;0.0;0.0;2000.0;2000.0;2800.5;2833.0;141.01152435173518;0.050352267220758855;2713.1001517163786;2887.8998482836214;1.40025;1.4165;0.07050576217586758;0.050352267220758855;1.3565500758581894;1.4439499241418106;30.1;31.5;7.502666192761077;0.24925801304854076;25.449799316158497;34.750200683841506;1.40025;1.4165;0.07050576217586758;0.050352267220758855;1.3565500758581894;1.4439499241418106;6.7;7.0;0.9;0.13432835820895522;6.142174220746298;7.257825779253702;2.8005;2.833;0.14101152435173517;0.050352267220758855;2.713100151716379;2.887899848283621;30.7;32.0;7.114070564732964;0.23172868289032458;26.290653381735567;35.10934661826443;0.5890539549456116;0.5898315215045509;0.012992759127876265;0.022056993283537003;0.5810009594065414;0.5971069504846819;1339.3;1350.5;30.01682861329624;0.022412326299780662;1320.6953768756257;1357.9046231243742;0.40134103219238515;0.40104115071405155;0.017497155755581594;0.04359672785012979;0.39049618269896214;0.41218588168580816;9.464499668524336;8.534222759386793;2.0965966524459714;0.2215221856278921;8.165015600267251;10.763983736781421;1.4000000000000001;5.0;-4.0;1.0001785714285714
1.05;0.35;2;2000.0;2000.0;0.0;0.0;2000.0;2000.0;3256.8;3272.0;186.74249650253688;0.05733925832183028;3141.0558015207675;3372.544198479233;1.6284000000000003;1.636;0.09337124825126843;0.05733925832183027;1.570527900760384;1.6862720992396165;52.2;49.0;17.95995545651492;0.3440604493585233;41.06830428011977;63.33169571988024;1.6284000000000003;1.636;0.09337124825126843;0.05733925832183027;1.570527900760384;1.6862720992396165;7.1;7.0;0.8306623862918076;0.11699470229462079;6.585150118966703;7.6148498810332965;3.2568000000000006;3.272;0.18674249650253685;0.05733925832183027;3.141055801520768;3.372544198479233;52.3;49.0;17.83844163597258;0.34107918998035525;41.2436193263799;63.356380673620095;0.6206776111060617;0.6264160489834338;0.013593551335187498;0.021901146572636122;0.612252240698977;0.6291029815131464;1446.4;1453.0;34.00352922859626;0.023509077176850288;1425.3243942340914;1467.4756057659088;0.3567702706358651;0.35553187968756117;0.0274158748805778;0.07684461721464345;0.33977773533677585;0.3737628059349543;8.908912024021673;8.617929721260971;1.5501379807955042;0.1739985731833211;7.948126549479436;9.869697498563909;1.6153846153846154;3.857142857142857;-2.857142857142857;1.008057142857143
1.05;0.45;2;2000.0;2000.0;0.0;0.0;2000.0;2000.0;3856.1;3878.0;258.24424485358816;0.06697031841850268;3696.038558751959;4016.161441248041;1.92805;1.939;0.12912212242679416;0.06697031841850272;1.8480192793759795;2.0080807206240205;96.4;86.0;44.47291310449542;0.4613372728682097;68.83540287978074;123.96459712021927;1.92805;1.939;0.12912212242679416;0.06697031841850272;1.8480192793759795;2.0080807206240205;7.9;8.0;0.9433981132056604;0.1194174826842608;7.31527579150509;8.484724208494912;3.8561;3.878;0.2582442448535883;0.06697031841850272;3.696038558751959;4.016161441248041;96.6;86.0;44.26330308506133;0.4582122472573637;69.1653205158143;124.03467948418569;0.6550929674816963;0.6600483473031552;0.013326513004355374;0.020342934004596414;0.6468331091468195;0.6633528258165732;1560.5;1573.0;37.57193101239275;0.02407685422133467;1537.2126758943841;1583.7873241056159;0.29256465618108823;0.30693417336211426;0.0436793030941832;0.14929794891952736;0.26549194364134227;0.3196373687208342;8.695751631087017;8.063120441190089;2.8985027169226774;0.33332400002785595;6.8992410347132775;10.492262227460756;1.909090909090909;3.2222222222222223;-2.2222222222222223;1.0099309523809525
1.05;0.55;2;2000.0;2000.0;0.0;0.0;2000.0;2000.0;4714.5;4710.0;370.9024804446581;0.07867270769851695;4484.612260909808;4944.387739090192;2.3572499999999996;2.355;0.18545124022232906;0.07867270769851696;2.242306130454904;2.4721938695450953;197.0;167.0;119.58427990333847;0.6070268015397892;122.88089541825265;271.11910458174737;2.3572499999999996;2.355;0.18545124022232906;0.07867270769851696;2.242306130454904;2.4721938695450953;9.0;9.0;0.8944271909999159;0.09938079899999065;8.445628283549746;9.554371716450254;4.714499999999999;4.71;0.3709024804446581;0.07867270769851696;4.484612260909808;4.944387739090191;197.2;167.0;119.39581232187335;0.6054554377376945;123.19770883546914;271.20229116453083;0.6933857072405527;0.6966549041021348;0.017813954456411898;0.025691262843166442;0.6823445038780661;0.7044269106030393;1682.1;1704.5;43.932789576806975;0.02611782270780987;1654.8701749105874;1709.3298250894125;0.21544623836389806;0.22744595052816102;0.061881114554892966;0.28722299829794695;0.17709192619981942;0.2538005505279767;6.946763582265663;6.884024288490912;1.7629325210160112;0.25377753253566704;5.854086685257386;8.03944047927394;2.3333333333333335;2.8181818181818183;-1.8181818181818181;1.0102499999999999
1.05;0.65;2;2000.0;2000.0;0.0;0.0;2000.0;2000.0;5968.9;5859.5;618.5992967988244;0.10363706827033867;5585.488183574893;6352.311816425106;2.98445;2.92975;0.30929964839941226;0.10363706827033868;2.7927440917874464;3.1761559082125532;401.7;318.0;290.7696854900799;0.7238478603188446;221.4790817868248;581.9209182131751;2.98445;2.92975;0.30929964839941226;0.10363706827033868;2.7927440917874464;3.1761559082125532;10.2;10.0;1.0770329614269007;0.1055914668065589;9.532448054455685;10.867551945544314;5.9689;5.8595;0.6185992967988245;0.10363706827033868;5.585488183574893;6.3523118164251064;401.9;318.0;290.5868028662004;0.7230326023045545;221.7924336114665;582.0075663885334;0.7362633162128771;0.7351902265918686;0.02117909781278289;0.028765656724175758;0.7231363753892038;0.7493902570365504;1812.3;1821.5;44.786270217556634;0.024712393211695986;1784.5411821289163;1840.0588178710836;0.14828090160355917;0.14577371207634915;0.06348075752691962;0.4281114886706077;0.10893512045348222;0.18762668275363611;5.350521498389893;4.937788044846094;1.7841691642127144;0.3334570592323787;4.244681993559467;6.45636100322032;3.0000000000000004;2.5384615384615383;-1.5384615384615383;0.9948166666666665
1.05;0.75;2;2000.0;2000.0;0.0;0.0;2000.0;2000.0;7881.0;7713.0;1045.7602019583649;0.13269384620712663;7232.831111588963;8529.168888411037;3.9405;3.8565;0.5228801009791825;0.13269384620712663;3.6164155557944815;4.264584444205519;773.9;609.5;570.3708355096709;0.7370084449020169;420.38049357581406;1127.4195064241858;3.9405;3.8565;0.5228801009791825;0.13269384620712663;3.6164155557944815;4.264584444205519;11.8;12.0;0.8717797887081347;0.07387964311085886;11.259665288918065;12.340334711081937;7.881;7.713;1.045760201958365;0.13269384620712663;7.232831111588963;8.529168888411037;774.0;609.5;570.2839643546012;0.7368009875382444;420.53433687556014;1127.4656631244397;0.784343080828395;0.7797118838065056;0.028234805304953148;0.03599802942754663;0.7668429671936038;0.8018431944631862;1916.5;1908.0;36.33524459804833;0.01895916754398556;1893.9791820752444;1939.0208179247556;0.0998151425886585;0.0901570551667261;0.05356530162377433;0.5366450443748672;0.06661502467839016;0.13301526049892687;3.8832205802659594;3.591026488411787;1.2334596452068975;0.3176383158544186;3.11871437163759;4.647726788894329;4.2;2.333333333333333;-1.3333333333333333;0.9382142857142857
1.05;0.85;2;2000.0;2000.0;0.0;0.0;2000.0;2000.0;10631.1;10784.5;1445.2830484026304;0.13594858936541188;9735.304285869597;11526.895714130404;5.315549999999999;5.39225;0.7226415242013151;0.1359485893654119;4.867652142934797;5.763447857065201;1189.3;1200.5;607.2670005854097;0.5106087619485493;812.9120135370949;1565.687986462905;5.315549999999999;5.39225;0.7226415242013151;0.1359485893654119;4.867652142934797;5.763447857065201;14.7;15.0;1.1;0.07482993197278913;14.018212936467696;15.381787063532302;10.631099999999998;10.7845;1.4452830484026302;0.1359485893654119;9.735304285869594;11.526895714130402;1189.3;1200.5;607.2670005854097;0.5106087619485493;812.9120135370949;1565.687986462905;0.816249320287233;0.8211860491859343;0.030589770615934854;0.0374760135851268;0.7972895840305375;0.8352090565439284;1976.7;1982.0;17.187495454544855;0.008695045001540372;1966.0470799496102;1987.35292005039;0.0684375123955957;0.0542835899037173;0.037891321400991475;0.5536630434777459;0.044952228076195096;0.09192279671499631;2.94318861462423;2.550170154471238;0.9490664982121619;0.32246200379289436;2.3549511047033613;3.5314261245450984;6.999999999999999;2.1764705882352944;-1.1764705882352942;0.7593642857142857
1.05;0.95;2;2000.0;2000.0;0.0;0.0;2000.0;2000.0;14395.6;14681.0;1979.7746437410497;0.13752637220685832;13168.522962898254;15622.677037101746;7.197799999999999;7.3405000000000005;0.9898873218705246;0.13752637220685832;6.5842614814491265;7.811338518550872;1569.5;1929.5;515.6995733952084;0.32857570780198053;1249.866092900018;1889.133907099982;7.197799999999999;7.3405000000000005;0.9898873218705246;0.13752637220685832;6.5842614814491265;7.811338518550872;17.0;17.0;1.4832396974191326;0.08724939396583133;16.08067851107461;17.91932148892539;14.395599999999998;14.681000000000001;1.9797746437410493;0.13752637220685832;13.168522962898253;15.622677037101743;1569.5;1929.5;515.6995733952084;0.32857570780198053;1249.866092900018;1889.133907099982;0.8239084438287637;0.8368192724924157;0.03145309374635473;0.03817547202234009;0.804413614352097;0.8434032733054304;1996.8;1999.0;4.995998398718719;0.0025020024032044864;1993.703448111205;1999.8965518887949;0.050920634583180614;0.04132563940314746;0.022465121171613922;0.4411791281767389;0.03699660822364242;0.0648446609427188;2.3748547461807754;2.0218161580790395;0.5241344171004225;0.22070167362586354;2.0499928687888556;2.6997166235726953;20.999999999999982;2.052631578947368;-1.0526315789473684;0.3427523809523812
1.25;0.05;2;2000.0;2000.0;0.0;0.0;2000.0;2000.0;2628.4;2661.0;117.70318602314892;0.04478130650705711;2555.4468094844374;2701.353190515563;1.3142;1.3305;0.05885159301157447;0.044781306507057125;1.2777234047422186;1.3506765952577815;15.2;14.0;2.039607805437114;0.1341847240419154;13.935837985066787;16.464162014933212;1.3142;1.3305;0.05885159301157447;0.044781306507057125;1.2777234047422186;1.3506765952577815;6.5;6.0;0.6708203932499369;0.10320313742306722;6.08422121266231;6.91577878733769;2.6284;2.661;0.11770318602314894;0.044781306507057125;2.555446809484437;2.701353190515563;16.7;16.0;1.9519221295943137;0.11688156464636609;15.49018613001834;17.909813869981658;0.5526929200312842;0.5474102600215764;0.013546009358192192;0.024509105992212538;0.544297016446827;0.5610888236157414;1320.3;1329.5;24.000208332429118;0.01817784468107939;1305.4245167607905;1335.1754832392094;0.4427433445680068;0.4450959342919436;0.011342164754321156;0.02561792264858984;0.43571339802078113;0.44977329111523245;10.29929370205398;10.666839634426195;1.456614126312192;0.14142854534012372;9.396474913073925;11.202112491034034;1.3157894736842106;21.0;-20.0;0.9987919999999999
1.25;0.15;2;2000.0;2000.0;0.0;0.0;2000.0;2000.0;2945.5;2978.5;140.1451033750377;0.04757939343915726;2858.6371650013657;3032.3628349986343;1.47275;1.4892500000000002;0.07007255168751887;0.04757939343915727;1.4293185825006827;1.5161814174993173;21.4;21.5;3.2924155266308657;0.15385119283321802;19.359339714700166;23.44066028529983;1.47275;1.4892500000000002;0.07007255168751887;0.04757939343915727;1.4293185825006827;1.5161814174993173;6.8;7.0;0.7483314773547882;0.1100487466698218;6.33617934500499;7.263820654995009;2.9455;2.9785000000000004;0.14014510337503774;0.04757939343915727;2.8586371650013653;3.0323628349986347;22.6;22.5;3.0724582991474434;0.1359494822631612;20.695670616726193;24.50432938327381;0.5733072140568579;0.5715494822995544;0.011703249926023895;0.020413575198555276;0.5660534646015412;0.5805609635121747;1403.3;1417.0;21.794724132229803;0.015531051188077962;1389.791490030355;1416.808509969645;0.4265600857718147;0.42654692388692117;0.014714349299439869;0.03449537307930683;0.41744003758940224;0.43568013395422717;10.67130564201215;10.272347857166736;1.8445234506810462;0.17284890083358612;9.528058162870058;11.814553121154242;1.4705882352941178;7.666666666666667;-6.666666666666667;1.0014699999999999
1.25;0.25;2;2000.0;2000.0;0.0;0.0;2000.0;2000.0;3349.6;3367.5;170.29691717702937;0.05084097121358651;3244.0488771902446;3455.151122809755;1.6748;1.6837499999999999;0.08514845858851468;0.0508409712135865;1.6220244385951226;1.7275755614048776;35.4;38.5;7.901898506055364;0.2232174719224679;30.502352564751114;40.297647435248884;1.6748;1.6837499999999999;0.08514845858851468;0.0508409712135865;1.6220244385951226;1.7275755614048776;7.4;7.0;1.0198039027185568;0.13781133820521038;6.767918992533394;8.032081007466607;3.3496;3.3674999999999997;0.17029691717702936;0.0508409712135865;3.244048877190245;3.455151122809755;35.9;38.5;7.340980860893182;0.20448414654298558;31.350012923095274;40.44998707690472;0.5998349685302298;0.6028512261599306;0.011067509279691853;0.018450923771267405;0.5929752552098502;0.6066946818506094;1490.4;1500.0;25.51156600446158;0.01711726114094309;1474.5877675706433;1506.2122324293568;0.40185185721017974;0.3997486393642852;0.01646472951422218;0.0409721374153328;0.39164691213076597;0.4120568022895935;10.093209997585083;9.422066996562709;1.7378940320185625;0.17218447178195775;9.016052116839402;11.170367878330763;1.6666666666666667;5.0;-4.0;1.00488
1.25;0.35;2;2000.0;2000.0;0.0;0.0;2000.0;2000.0;3871.6;3880.0;218.70811599023938;0.056490369870399675;3736.043305298484;4007.156694701516;1.9357999999999997;1.94;0.10935405799511967;0.056490369870399675;1.8680216526492417;2.0035783473507576;60.8;56.0;21.013329103214467;0.34561396551339585;47.77580368698321;73.82419631301678;1.9357999999999997;1.94;0.10935405799511967;0.056490369870399675;1.8680216526492417;2.0035783473507576;7.9;8.0;1.044030650891055;0.13215577859380442;7.252903098446609;8.547096901553392;3.8715999999999995;3.88;0.21870811599023934;0.056490369870399675;3.7360433052984834;4.007156694701515;61.2;56.0;20.63395260244629;0.33715608827526616;48.410943678284944;73.98905632171507;0.626593091067049;0.6267896300270424;0.01058574081982536;0.016894123109143292;0.6200319809317192;0.6331542012023788;1585.8;1585.0;27.425535546275118;0.017294447941906366;1568.8014769582767;1602.7985230417232;0.35844479723419015;0.3602544392351743;0.02844489321474987;0.07935641257519879;0.34081446976384994;0.37607512470453036;9.336122409666334;8.423137880033742;1.9907977672996857;0.2132360395401923;8.102213169799137;10.570031649533531;1.923076923076923;3.857142857142857;-2.857142857142857;1.006616
1.25;0.45;2;2000.0;2000.0;0.0;0.0;2000.0;2000.0;4591.8;4622.5;285.8757772180077;0.06225788954614916;4414.612357559564;4768.9876424404365;2.2958999999999996;2.3112500000000002;0.14293788860900386;0.06225788954614917;2.207306178779781;2.384493821220218;114.2;101.5;53.20488699358359;0.46589218032910323;81.22326939188787;147.17673060811214;2.2958999999999996;2.3112500000000002;0.14293788860900386;0.06225788954614917;2.207306178779781;2.384493821220218;8.7;8.5;0.7810249675906655;0.08977298478053627;8.215915709819043;9.184084290180955;4.591799999999999;4.6225000000000005;0.2858757772180077;0.06225788954614917;4.414612357559562;4.768987642440436;114.5;102.0;52.972162500694644;0.4626389738051934;81.66751352699586;147.33248647300414;0.6621649530744282;0.6640345220999719;0.010174480457395963;0.015365477152114298;0.6558587447525966;0.6684711613962598;1684.0;1693.0;32.36046971228941;0.019216430945540028;1663.9427730730292;1704.0572269269708;0.2932977070475034;0.3058798538522203;0.04482681592399618;0.15283725323067693;0.2655137586872085;0.3210816554077983;7.629402584995345;7.4065137669611;1.6581530280335357;0.21733720426480121;6.601668690567909;8.657136479422782;2.2727272727272725;3.2222222222222223;-2.2222222222222223;1.0101959999999999
1.25;0.55;2;2000.0;2000.0;0.0;0.0;2000.0;2000.0;5589.3;5569.5;421.5692232599529;0.07542433278942853;5328.008688361821;5850.591311638179;2.79465;2.78475;0.21078461162997641;0.07542433278942852;2.6640043441809103;2.9252956558190895;235.7;196.5;145.27219279683226;0.6163436266305994;145.65936205468108;325.7406379453189;2.79465;2.78475;0.21078461162997641;0.07542433278942852;2.6640043441809103;2.9252956558190895;9.9;10.0;0.8306623862918076;0.08390529154462702;9.385150118966703;10.414849881033298;5.5893;5.5695;0.42156922325995283;0.07542433278942852;5.3280086883618205;5.850591311638179;235.9;196.5;145.08373444325179;0.6150221892465103;145.97616975239544;325.8238302476046;0.6998685308022365;0.7001801903509711;0.0128590611964015;0.018373538215329638;0.6918984020996213;0.7078386595048518;1794.4;1800.0;29.213695418416343;0.016280481173883383;1776.2931639870462;1812.506836012954;0.21508977101875085;0.22357049606109503;0.062167205949288276;0.2890291140059317;0.17655813757132072;0.253621404466181;5.960972505163066;5.926920064274404;1.4710121129414706;0.2467738463258069;5.049229751615054;6.872715258711078;2.777777777777778;2.8181818181818183;-1.8181818181818181;1.006074
1.25;0.65;2;2000.0;2000.0;0.0;0.0;2000.0;2000.0;7097.9;6952.5;708.1976348449633;0.099775656862588;6658.954558307754;7536.845441692245;3.54895;3.4762500000000003;0.3540988174224815;0.09977565686258795;3.3294772791538776;3.7684227208461225;470.8;378.5;329.0303329481949;0.6988749637812126;266.8648868056313;674.7351131943688;3.54895;3.4762500000000003;0.3540988174224815;0.09977565686258795;3.3294772791538776;3.7684227208461225;11.3;11.5;1.004987562112089;0.0889369523992999;10.67710225558283;11.922897744417172;7.0979;6.952500000000001;0.708197634844963;0.09977565686258795;6.658954558307755;7.536845441692245;470.9;378.5;328.94359698890634;0.6985423592883975;267.01864631016394;674.781353689836;0.74384683153837;0.7397601191553616;0.019730462128123565;0.026524899067350272;0.7316177644143075;0.7560758986624324;1887.1;1887.0;29.951460732324893;0.015871687103134382;1868.5358923080046;1905.6641076919952;0.14913575244862273;0.14627708940489081;0.06303201449981236;0.42264858335379296;0.1100681051083022;0.18820339978894327;4.453274161836847;4.239040701848045;1.1012952966522715;0.24730013393067607;3.770684265121858;5.135864058551837;3.5714285714285716;2.5384615384615383;-1.5384615384615383;0.993706
1.25;0.75;2;2000.0;2000.0;0.0;0.0;2000.0;2000.0;9327.5;9193.5;1167.4475791229343;0.12516189537635317;8603.90849381989;10051.09150618011;4.66375;4.59675;0.5837237895614672;0.1251618953763532;4.301954246909945;5.025545753090055;869.0;719.5;589.6363285958557;0.6785228177167499;503.5396172496943;1234.4603827503056;4.66375;4.59675;0.5837237895614672;0.1251618953763532;4.301954246909945;5.025545753090055;13.5;14.0;1.02469507659596;0.07590333900710815;12.86488741155603;14.13511258844397;9.3275;9.1935;1.1674475791229344;0.1251618953763532;8.60390849381989;10.05109150618011;869.0;719.5;589.6363285958557;0.6785228177167499;503.5396172496943;1234.4603827503056;0.7841235571459387;0.7796060818380235;0.02716342216495774;0.03464176266279699;0.767287493661089;0.8009596206307885;1957.2;1955.5;21.843992309099544;0.011160838089668682;1943.6609532979608;1970.7390467020393;0.10082903716085431;0.09024050991358362;0.053008031443238915;0.5257218846459307;0.06797431888693266;0.13368375543477595;3.3850241297547328;3.1542050122580854;0.9734273416302031;0.2875688043324921;2.781687612652813;3.9883606468566524;5.0;2.333333333333333;-1.3333333333333333;0.9327500000000001
1.25;0.85;2;2000.0;2000.0;0.0;0.0;2000.0;2000.0;12543.7;12681.5;1604.9243003955048;0.1279466425692184;11548.957612765194;13538.442387234807;6.271849999999999;6.34075;0.8024621501977522;0.1279466425692184;5.7744788063825965;6.769221193617401;1306.6;1423.5;594.3882905979895;0.4549122077131406;938.1943206865561;1675.0056793134436;6.271849999999999;6.34075;0.8024621501977522;0.1279466425692184;5.7744788063825965;6.769221193617401;15.8;16.0;1.4000000000000001;0.08860759493670886;14.932271010049798;16.667728989950206;12.543699999999998;12.6815;1.6049243003955045;0.1279466425692184;11.548957612765193;13.538442387234802;1306.6;1423.5;594.3882905979895;0.4549122077131406;938.1943206865561;1675.0056793134436;0.8168268846521082;0.820411961794037;0.026358735689067627;0.03226967204965833;0.8004895710122232;0.8331641982919932;1991.9;1995.0;8.043009387039158;0.004037858018494481;1986.914891134589;1996.8851088654112;0.07021943443376884;0.05417593325042791;0.03628414733816813;0.516725143555399;0.04773028691880242;0.09270858194873526;2.652763533656365;2.3285869772909544;0.7078271520375728;0.26682632773602644;2.2140477195871564;3.0914793477255738;8.333333333333332;2.1764705882352944;-1.1764705882352942;0.752622
1.25;0.95;2;2000.0;2000.0;0.0;0.0;2000.0;2000.0;16746.6;16983.5;2182.7386100951253;0.1303392097557191;15393.724593240604;18099.475406759393;8.3733;8.49175;1.091369305047563;0.13033920975571914;7.696862296620303;9.049737703379698;1650.4;1979.5;448.50979922405264;0.2717582399564061;1372.410746383246;1928.389253616754;8.3733;8.49175;1.091369305047563;0.13033920975571914;7.696862296620303;9.049737703379698;18.5;18.5;1.746424919657298;0.0944013470085026;17.41755462031565;19.58244537968435;16.7466;16.9835;2.182738610095126;0.13033920975571914;15.393724593240606;18.099475406759396;1650.4;1979.5;448.50979922405264;0.2717582399564061;1372.410746383246;1928.389253616754;0.8209770916103448;0.827874843272834;0.025779348575172452;0.03140081354110175;0.8049988858241244;0.8369552973965653;1998.9;2000.0;2.1656407827707715;0.0010834162703340694;1997.5577219364081;2000.242278063592;0.05439531111999886;0.04701821244671735;0.020656944385627672;0.37975597455555293;0.041592004343428704;0.06719861789656902;2.2375705322255506;1.9980807903951976;0.35787208328226966;0.15993778883310553;2.0157591169699085;2.4593819474811927;24.99999999999998;2.052631578947368;-1.0526315789473684;0.3349320000000003
1.45;0.05;2;2000.0;2000.0;0.0;0.0;2000.0;2000.0;3057.5;3106.0;134.96017931226973;0.044140696422655674;2973.8508142299042;3141.1491857700958;1.52875;1.553;0.06748008965613485;0.04414069642265566;1.4869254071149522;1.5705745928850479;18.1;17.0;2.808914381037628;0.15518863983633302;16.35901682948973;19.840983170510274;1.52875;1.553;0.06748008965613485;0.04414069642265566;1.4869254071149522;1.5705745928850479;7.0;7.0;0.7745966692414834;0.11065666703449763;6.5199000104144975;7.4800999895855025;3.0575;3.106;0.1349601793122697;0.04414069642265566;2.9738508142299045;3.1411491857700957;19.3;18.5;2.9681644159311658;0.15379090237985316;17.460312635255654;21.139687364744347;0.5592514067375695;0.55864305694339;0.011901397354667517;0.021280943080850018;0.5518748442335968;0.5666279692415421;1448.6;1451.0;19.56629755472404;0.013507039593210025;1436.4726831326957;1460.7273168673041;0.44195675392189004;0.4453698364797733;0.01169590318612115;0.026463908702226202;0.43470755802314126;0.44920594982063883;12.280125770260712;11.117388892710462;3.3509068026373474;0.27287235206925786;10.20321221649659;14.357039324024834;1.5263157894736843;21.0;-20.0;1.0015948275862068
1.45;0.15;2;2000.0;2000.0;0.0;0.0;2000.0;2000.0;3421.6;3463.0;169.73579469281074;0.04960714130605879;3316.3966645091514;3526.8033354908484;1.7108;1.7315;0.08486789734640542;0.04960714130605881;1.658198332254576;1.7634016677454243;24.9;25.0;4.3;0.17269076305220885;22.23483238801009;27.565167611989907;1.7108;1.7315;0.08486789734640542;0.04960714130605881;1.658198332254576;1.7634016677454243;7.5;7.0;1.284523257866513;0.17126976771553507;6.703844236345676;8.296155763654324;3.4216;3.463;0.16973579469281083;0.04960714130605881;3.316396664509152;3.5268033354908486;25.8;26.0;3.9698866482558417;0.1538715755137923;23.339438763208687;28.260561236791315;0.5825801542043784;0.5838804099581756;0.013133468322792377;0.022543624646343425;0.5744399462027501;0.5907203622060067;1526.6;1534.5;26.552589327596657;0.017393285292543338;1510.1425346301442;1543.0574653698557;0.42837988124003434;0.4313162657376307;0.012432172598190926;0.029021373651356888;0.4206743408318095;0.4360854216482592;11.13824271591314;10.091962022359523;2.7321121606113357;0.24529113167088587;9.444862054800325;12.831623377025956;1.7058823529411764;7.666666666666667;-6.666666666666667;1.0028827586206897
1.45;0.25;2;2000.0;2000.0;0.0;0.0;2000.0;2000.0;3893.3;3916.0;191.84371243280296;0.049275348016541994;3774.3940351302763;4012.205964869724;1.9466500000000004;1.958;0.09592185621640152;0.04927534801654201;1.8871970175651385;2.006102982434862;40.6;41.5;10.461357464497615;0.2576689030664437;34.11598346701676;47.08401653298324;1.9466500000000004;1.958;0.09592185621640152;0.04927534801654201;1.8871970175651385;2.006102982434862;8.1;8.0;1.1357816691600546;0.14021995915556232;7.396035228154135;8.803964771845864;3.893300000000001;3.916;0.19184371243280304;0.04927534801654201;3.774394035130277;4.012205964869724;41.0;41.5;9.979979959899719;0.24341414536340777;34.814344335480676;47.185655664519324;0.6083342837822604;0.6058512756706528;0.010496378646300847;0.017254294104617304;0.6018285608959107;0.61484000666861;1606.7;1609.0;20.57206844242941;0.012803926334990607;1593.9492998780458;1619.4507001219542;0.402812536732558;0.4013298955153348;0.018834792360060554;0.04675820795658518;0.39113861148218865;0.4144864619829274;9.668516911368867;9.067034922166979;1.5384689524995292;0.15912150401169572;8.714963975495893;10.622069847241841;1.9333333333333333;5.0;-4.0;1.006887931034483
1.45;0.35;2;2000.0;2000.0;0.0;0.0;2000.0;2000.0;4490.9;4521.5;249.43915089656633;0.05554324320215689;4336.296012527489;4645.50398747251;2.24545;2.26075;0.12471957544828313;0.05554324320215687;2.168148006263745;2.322751993736255;70.5;63.5;25.707002936943077;0.36463833953110747;54.56663450491391;86.4333654950861;2.24545;2.26075;0.12471957544828313;0.05554324320215687;2.168148006263745;2.322751993736255;8.8;8.5;0.8717797887081348;0.09906588508046986;8.259665288918065;9.340334711081937;4.4909;4.5215;0.24943915089656626;0.05554324320215687;4.33629601252749;4.64550398747251;70.7;63.5;25.56579746458146;0.36160958224301926;54.85415456341948;86.54584543658054;0.6337799208265695;0.6315901940560891;0.012378033465451965;0.019530491671791456;0.6261079362004649;0.6414519054526742;1691.1;1691.5;25.26440183340979;0.014939626180243503;1675.4409615109994;1706.7590384890004;0.3597112469437177;0.3587187960819994;0.027778751191997166;0.07722513940839769;0.34249379857663936;0.37692869531079604;8.134134537008922;7.8124404629454105;1.6393581004308384;0.2015405686950516;7.118049859399254;9.15021921461859;2.230769230769231;3.857142857142857;-2.857142857142857;1.0065810344827586
1.45;0.45;2;2000.0;2000.0;0.0;0.0;2000.0;2000.0;5330.8;5356.5;315.93727225511077;0.059266390083122754;5134.980049898893;5526.619950101107;2.6653999999999995;2.6782500000000002;0.1579686361275554;0.05926639008312277;2.567490024949446;2.763309975050553;133.7;118.0;62.78383549927481;0.4695874008921078;94.78617559786753;172.61382440213245;2.6653999999999995;2.6782500000000002;0.1579686361275554;0.05926639008312277;2.567490024949446;2.763309975050553;9.6;9.5;1.1135528725660044;0.11599509089229214;8.909812779022966;10.290187220977034;5.330799999999999;5.3565000000000005;0.3159372722551108;0.05926639008312277;5.134980049898892;5.526619950101106;133.9;118.0;62.5882576846488;0.46742537479199997;95.10739598325475;172.69260401674526;0.6659662358980978;0.6665122750090179;0.012530437514663302;0.018815424625492027;0.6581997902636457;0.6737326815325498;1782.4;1787.5;26.24195114697076;0.01472281819286959;1766.135070169226;1798.664929830774;0.29287428925004944;0.30322237069564806;0.044782950666185886;0.1529084399346206;0.2651175288582214;0.3206310496418775;6.728549809545372;6.672881410822208;1.2463732111032855;0.1852365288780554;5.95603968985134;7.501059929239404;2.6363636363636362;3.2222222222222223;-2.2222222222222223;1.0110137931034482
1.45;0.55;2;2000.0;2000.0;0.0;0.0;2000.0;2000.0;6486.3;6477.0;484.7880052146505;0.07474029958753843;6185.825281353656;6786.774718646345;3.24315;3.2385;0.24239400260732527;0.07474029958753843;3.0929126406768277;3.3933873593231723;271.6;232.0;163.0749520925884;0.60042324039981;170.5250975246575;372.67490247534255;3.24315;3.2385;0.24239400260732527;0.07474029958753843;3.0929126406768277;3.3933873593231723;10.5;10.5;0.806225774829855;0.07678340712665285;10.000296087667907;10.999703912332093;6.4863;6.477;0.48478800521465054;0.07474029958753843;6.185825281353655;6.7867747186463445;271.8;232.0;162.88204320918865;0.599271682153012;170.84466368933244;372.7553363106676;0.7041776434990101;0.7028477701332001;0.012752512886407597;0.01810979516907302;0.6962735541231176;0.7120817328749026;1867.3;1867.0;24.940128307609005;0.013356251436624542;1851.8419483245784;1882.7580516754215;0.21521895339110036;0.2214795524974434;0.060770153274825066;0.2823643193004116;0.1775532221623268;0.2528846846198739;5.166099368602277;5.132418644160772;0.9910533047204827;0.19183783237770335;4.5518381663937655;5.780360570810788;3.2222222222222223;2.8181818181818183;-1.8181818181818181;1.006494827586207
1.45;0.65;2;2000.0;2000.0;0.0;0.0;2000.0;2000.0;8223.8;8037.5;821.0085017830206;0.09983322816496275;7714.933658576635;8732.666341423364;4.1119;4.018750000000001;0.41050425089151027;0.09983322816496272;3.857466829288318;4.366333170711682;541.2;434.0;376.72239115826386;0.6960871972621283;307.7050428775817;774.6949571224184;4.1119;4.018750000000001;0.41050425089151027;0.09983322816496272;3.857466829288318;4.366333170711682;12.6;13.0;0.8;0.0634920634920635;12.104154862885597;13.095845137114402;8.2238;8.037500000000001;0.8210085017830205;0.09983322816496272;7.714933658576636;8.732666341423364;541.3;434.0;376.6345841794139;0.6957963868084499;307.85946620691595;774.740533793084;0.7444064970059163;0.738058626370506;0.02052747962853996;0.0275756320116814;0.7316834333171333;0.7571295606946994;1934.9;1933.0;22.34479805234319;0.011548296063022993;1921.050550682428;1948.7494493175723;0.1498622623701354;0.14652431059448023;0.0629688264910596;0.42017800542431993;0.11083377936339486;0.18889074537687592;4.060495411039861;3.9451243162776457;0.9257867766987886;0.22799847875254756;3.4866868220012224;4.6343040000785;4.142857142857143;2.5384615384615383;-1.5384615384615383;0.9925275862068965
1.45;0.75;2;2000.0;2000.0;0.0;0.0;2000.0;2000.0;10775.1;10653.0;1262.672994088335;0.11718434112800205;9992.487170144523;11557.712829855478;5.38755;5.3265;0.6313364970441674;0.11718434112800204;4.996243585072261;5.7788564149277395;957.3;830.0;587.3630989430644;0.6135622051008717;593.2485795857953;1321.3514204142048;5.38755;5.3265;0.6313364970441674;0.11718434112800204;4.996243585072261;5.7788564149277395;14.7;15.0;1.1874342087037917;0.08077783732678856;13.96402065246367;15.435979347536328;10.7751;10.653;1.2626729940883348;0.11718434112800204;9.992487170144521;11.557712829855479;957.3;830.0;587.3630989430644;0.6135622051008717;593.2485795857953;1321.3514204142048;0.7838873763581184;0.7825225686002375;0.026250870053917866;0.03348806326729922;0.7676169185315469;0.80015783418469;1980.2;1982.5;12.375782803523986;0.006249764066015547;1972.5294103486108;1987.8705896513893;0.10164120384585565;0.09051809864613114;0.05146475868206734;0.5063375553886238;0.06974301593926904;0.13353939175244225;3.077574507372822;2.892965408216286;0.7678304856028806;0.24949208662972086;2.601668241854849;3.5534807728907944;5.8;2.333333333333333;-1.3333333333333333;0.9288879310344828
1.45;0.85;2;2000.0;2000.0;0.0;0.0;2000.0;2000.0;14364.4;14536.0;1755.256687781021;0.12219491853338955;13276.480633720312;15452.319366279688;7.1822;7.268;0.8776283438905104;0.12219491853338954;6.638240316860156;7.726159683139844;1397.1;1606.0;572.5573246409481;0.409818427199877;1042.2252935719425;1751.9747064280573;7.1822;7.268;0.8776283438905104;0.12219491853338954;6.638240316860156;7.726159683139844;17.1;17.0;1.5132745950421556;0.08849559035334242;16.16206268866198;18.037937311338023;14.3644;14.536;1.7552566877810207;0.12219491853338954;13.276480633720311;15.452319366279688;1397.1;1606.0;572.5573246409481;0.409818427199877;1042.2252935719425;1751.9747064280573;0.8167161338111594;0.8205891647227135;0.024376824875914718;0.029847365402421586;0.8016072212198948;0.8318250464024239;1996.9;1998.0;3.8587562763149474;0.0019323733167985113;1994.5083180813494;1999.2916819186507;0.07234904809405991;0.056461714663306586;0.035022110808266345;0.48407148028726826;0.05064211892435916;0.09405597726376067;2.486329282643046;2.1873995155736026;0.567194830237474;0.22812538717097364;2.1347782846809458;2.837880280605146;9.666666666666664;2.1764705882352944;-1.1764705882352942;0.7429862068965519
1.45;0.95;2;2000.0;2000.0;0.0;0.0;2000.0;2000.0;19053.3;19210.0;2377.248579766113;0.12476833828082867;17579.866065013568;20526.73393498643;9.52665;9.605;1.1886242898830564;0.12476833828082866;8.789933032506784;10.263366967493216;1719.6;1998.0;385.9332066562814;0.22443196479197572;1480.3961202856442;1958.8038797143556;9.52665;9.605;1.1886242898830564;0.12476833828082866;8.789933032506784;10.263366967493216;19.9;20.5;1.972308292331602;0.0991109694638996;18.677550655446204;21.122449344553793;19.0533;19.21;2.3772485797661127;0.12476833828082866;17.57986606501357;20.52673393498643;1719.6;1998.0;385.9332066562814;0.22443196479197572;1480.3961202856442;1958.8038797143556;0.818302111658249;0.824203262154215;0.021615073106505085;0.026414539078609002;0.804904950547958;0.8316992727685399;1999.7;2000.0;0.6403124237432849;0.00032020424250801864;1999.3031302480663;2000.0968697519338;0.05787386528002161;0.05318170725998515;0.018601153364369863;0.32140851962053224;0.04634475097946912;0.06940297958057409;2.15428164082041;1.9909227113556778;0.26329356145798627;0.12221872779722376;1.9910906007173172;2.3174726809235033;28.999999999999975;2.052631578947368;-1.0526315789473684;0.3285051724137934
1.65;0.05;2;2000.0;2000.0;0.0;0.0;2000.0;2000.0;3477.0;3531.0;154.05129016012816;0.04430580677599314;3381.518021134876;3572.481978865124;1.7384999999999997;1.7654999999999998;0.07702564508006408;0.044305806775993155;1.6907590105674377;1.7862409894325617;20.3;20.0;2.6095976701399777;0.12855160936650137;18.682554606795023;21.91744539320498;1.7384999999999997;1.7654999999999998;0.07702564508006408;0.044305806775993155;1.6907590105674377;1.7862409894325617;7.4;7.0;1.2806248474865698;0.17305741182250942;6.60626049613239;8.19373950386761;3.4769999999999994;3.5309999999999997;0.15405129016012817;0.044305806775993155;3.3815180211348754;3.5724819788651234;21.7;21.5;2.758622844826744;0.12712547672012645;19.99018784657495;23.409812153425047;0.5651121810051043;0.566795148108786;0.013441825062035458;0.023786118073278704;0.5567808515164133;0.5734435104937953;1556.3;1560.5;23.388244910638335;0.015028108276449487;1541.803815619274;1570.796184380726;0.44242004738607976;0.44333928562967234;0.013360282599618894;0.0301981853637839;0.43413925843921075;0.4507008363329488;11.383576686716202;10.70179410463819;2.617392500391931;0.22992707585887623;9.761300007667396;13.005853365765008;1.736842105263158;21.0;-20.0;1.0009545454545452
1.65;0.15;2;2000.0;2000.0;0.0;0.0;2000.0;2000.0;3895.0;3934.5;171.9424322266031;0.04414439851774149;3788.4289763960205;4001.5710236039795;1.9475000000000002;1.96725;0.0859712161133016;0.044144398517741504;1.8942144881980103;2.00078551180199;28.6;29.5;5.141984052872976;0.1797896521983558;25.412965265328914;31.78703473467109;1.9475000000000002;1.96725;0.0859712161133016;0.044144398517741504;1.8942144881980103;2.00078551180199;8.0;8.0;1.1832159566199232;0.1479019945774904;7.266635152192308;8.733364847807692;3.8950000000000005;3.9345;0.1719424322266032;0.044144398517741504;3.7884289763960206;4.00157102360398;29.5;30.0;4.738143096192854;0.16061502020992724;26.563268483500746;32.43673151649925;0.5894211917627846;0.5893267176875485;0.010918006247355463;0.018523267232219684;0.5826541413818648;0.5961882421437045;1627.8;1632.0;19.97398307799423;0.012270538811889808;1615.419997027464;1640.180002972536;0.4310506850253478;0.4324624011926761;0.01422828666142027;0.03300838429379501;0.42223190158717916;0.4398694684635165;9.907255036446932;9.375313736503319;1.6080388414269196;0.16230922041587165;8.910582236681163;10.9039278362127;1.9411764705882353;7.666666666666667;-6.666666666666667;1.003257575757576
1.65;0.25;2;2000.0;2000.0;0.0;0.0;2000.0;2000.0;4417.8;4461.5;211.65481331639967;0.04790955075295388;4286.614987587758;4548.985012412242;2.2089;2.23075;0.10582740665819981;0.047909550752953875;2.143307493793879;2.2744925062061205;45.6;45.5;11.26232658024087;0.24698084605791382;38.61953766574162;52.580462334258385;2.2089;2.23075;0.10582740665819981;0.047909550752953875;2.143307493793879;2.2744925062061205;8.7;8.5;1.004987562112089;0.11551581173702173;8.077102255582828;9.32289774441717;4.4178;4.4615;0.21165481331639963;0.047909550752953875;4.286614987587758;4.548985012412241;46.0;45.5;10.770329614269007;0.23413760031019581;39.32448054455685;52.67551945544315;0.612150270073352;0.6110003226483318;0.012960928346254839;0.02117278874140131;0.6041170034571286;0.6201835366895754;1697.6;1696.5;23.72424919781446;0.013975170356865256;1682.8955580044667;1712.3044419955331;0.4046370822072001;0.4019933459633016;0.018414699002787433;0.045509173065255364;0.39322353351725314;0.4160506308971471;8.815009926988996;8.486767627529414;1.484146399976905;0.1683658228713822;7.895126457996003;9.734893395981988;2.1999999999999997;5.0;-4.0;1.0040454545454547
1.65;0.35;2;2000.0;2000.0;0.0;0.0;2000.0;2000.0;5112.5;5158.5;269.8489392234107;0.052782188601156126;4945.24589466324;5279.75410533676;2.55625;2.57925;0.13492446961170537;0.05278218860115614;2.4726229473316197;2.63987705266838;81.4;73.0;29.621613730517787;0.36390188858129957;63.04033359780196;99.75966640219805;2.55625;2.57925;0.13492446961170537;0.05278218860115614;2.4726229473316197;2.63987705266838;9.6;10.0;0.9165151389911681;0.09547032697824669;9.031938031549373;10.168061968450626;5.1125;5.1585;0.26984893922341074;0.05278218860115614;4.945245894663239;5.27975410533676;81.6;73.0;29.404761519182564;0.3603524695978256;63.374739990880784;99.8252600091192;0.639437138200192;0.6427256720314911;0.011474546483187697;0.017944760786783233;0.6323251406073398;0.6465491357930442;1776.1;1773.0;23.661994844053197;0.013322445157397217;1761.4341436526877;1790.7658563473121;0.35929441013224755;0.3534819241393076;0.028433491579446444;0.0791370274004006;0.34167114946868277;0.37691767079581234;7.283380619682565;7.312519855463606;1.0328453827545336;0.14180851402484423;6.643216419145192;7.923544820219938;2.5384615384615383;3.857142857142857;-2.857142857142857;1.0070075757575758
1.65;0.45;2;2000.0;2000.0;0.0;0.0;2000.0;2000.0;6044.6;6096.5;346.720117674184;0.057360307989641;5829.700644639403;6259.499355360597;3.0223;3.04825;0.17336005883709202;0.05736030798964101;2.9148503223197015;3.1297496776802984;151.2;136.0;71.4182049620403;0.4723426254103195;106.93453796016583;195.46546203983416;3.0223;3.04825;0.17336005883709202;0.05736030798964101;2.9148503223197015;3.1297496776802984;10.3;10.5;0.7810249675906655;0.07582766675637528;9.815915709819045;10.784084290180957;6.0446;6.0965;0.34672011767418404;0.05736030798964101;5.829700644639403;6.259499355360597;151.4;136.0;71.22246836497595;0.47042581482811063;107.25585675992795;195.54414324007206;0.6717087376912099;0.673141267478614;0.0103277482380307;0.015375337044935766;0.6653075330147482;0.6781099423676715;1847.5;1845.0;22.813373270956667;0.012348239930152459;1833.3601247530255;1861.6398752469745;0.2928839128771954;0.302117960635441;0.04479698223167143;0.15295132392762917;0.2651184556309772;0.3206493701234136;5.926170866219363;6.05728553687748;0.9476147243250194;0.15990337533577664;5.338833175076156;6.513508557362569;2.9999999999999996;3.2222222222222223;-2.2222222222222223;1.0074333333333334
1.65;0.55;2;2000.0;2000.0;0.0;0.0;2000.0;2000.0;7376.2;7370.5;547.4049323855239;0.07421232238625904;7036.91490780525;7715.48509219475;3.6881;3.68525;0.273702466192762;0.07421232238625905;3.518457453902625;3.857742546097375;307.5;264.0;183.82450870327384;0.5978032803358498;193.56438909629705;421.4356109037029;3.6881;3.68525;0.273702466192762;0.07421232238625905;3.518457453902625;3.857742546097375;11.5;12.0;1.02469507659596;0.08910391970399652;10.86488741155603;12.13511258844397;7.3762;7.3705;0.547404932385524;0.07421232238625905;7.03691490780525;7.71548509219475;307.7;264.0;183.62845640041738;0.59677756386226;193.88590357253634;421.51409642746364;0.708427573539762;0.7062909355552968;0.013890974287941631;0.01960817845998476;0.6998178584766908;0.7170372886028333;1912.6;1909.5;19.03785702225962;0.00995391457819702;1900.8002139680416;1924.3997860319582;0.21595840197838898;0.21834372748250425;0.06197351568947036;0.28696969009648476;0.17754681899775526;0.2543699849590227;4.738905243750277;4.697118234446894;0.8339071669060126;0.17597042439406846;4.222044226856284;5.255766260644269;3.666666666666667;2.8181818181818183;-1.8181818181818181;1.0058454545454545
1.65;0.65;2;2000.0;2000.0;0.0;0.0;2000.0;2000.0;9336.7;9166.5;897.8508840559217;0.09616362141398156;8780.206256608757;9893.193743391244;4.66835;4.58325;0.4489254420279608;0.09616362141398155;4.3901031283043785;4.946596871695622;607.0;488.0;416.04999699555344;0.6854200938971227;349.12954024161667;864.8704597583833;4.66835;4.58325;0.4489254420279608;0.09616362141398155;4.3901031283043785;4.946596871695622;13.6;13.5;1.2;0.08823529411764706;12.856232294328397;14.343767705671603;9.3367;9.1665;0.8978508840559216;0.09616362141398155;8.780206256608757;9.893193743391244;607.0;488.0;416.04999699555344;0.6854200938971227;349.12954024161667;864.8704597583833;0.7472666806138937;0.7413128230548507;0.020543967040781732;0.027492149153371157;0.7345333979211309;0.7599999633066564;1962.3;1963.0;13.689777207829206;0.006976393623721758;1953.8149881791478;1970.785011820852;0.15035523579858104;0.1476534062184498;0.06287667572859995;0.4181874704571701;0.11138386842614925;0.18932660317101282;3.6692558634871233;3.6148033388818286;0.7450848580857745;0.2030615704672265;3.2074474839628664;4.13106424301138;4.714285714285714;2.5384615384615383;-1.5384615384615383;0.9902560606060606
1.65;0.75;2;2000.0;2000.0;0.0;0.0;2000.0;2000.0;12208.2;12094.0;1361.4506821769198;0.11151936257408297;11364.364124776863;13052.035875223139;6.104100000000001;6.047000000000001;0.6807253410884597;0.11151936257408293;5.682182062388431;6.52601793761157;1033.8;933.0;583.4222827420975;0.5643473425634529;672.1911227726841;1395.4088772273158;6.104100000000001;6.047000000000001;0.6807253410884597;0.11151936257408293;5.682182062388431;6.52601793761157;16.0;16.0;1.8439088914585775;0.1152443057161611;14.857133428610322;17.14286657138968;12.208200000000001;12.094000000000001;1.3614506821769194;0.11151936257408293;11.364364124776863;13.05203587522314;1033.8;933.0;583.4222827420975;0.5643473425634529;672.1911227726841;1395.4088772273158;0.7850211161939259;0.7839260780357667;0.023915588058645014;0.030464897778287384;0.770198081143788;0.7998441512440638;1990.8;1990.5;5.844655678480984;0.0029358326695202853;1987.1774448796464;1994.4225551203535;0.10315426235228772;0.09089148697864044;0.050301489371120375;0.48763364910053864;0.07197707623443546;0.13433144847013997;2.8803177366763952;2.7128941826691495;0.6588445601551566;0.22874023645578725;2.471961647592381;3.2886738257604096;6.6;2.333333333333333;-1.3333333333333333;0.9248636363636366
1.65;0.85;2;2000.0;2000.0;0.0;0.0;2000.0;2000.0;16185.6;16362.5;1896.0973181775246;0.11714717515430534;15010.38670660752;17360.81329339248;8.0928;8.18125;0.9480486590887622;0.11714717515430532;7.50519335330376;8.680406646696241;1477.2;1754.5;545.273105883648;0.3691261209610398;1139.2362275604087;1815.1637724395914;8.0928;8.18125;0.9480486590887622;0.11714717515430532;7.50519335330376;8.680406646696241;18.0;17.5;1.6733200530681511;0.09296222517045284;16.962865486062682;19.037134513937318;16.1856;16.3625;1.8960973181775245;0.11714717515430532;15.01038670660752;17.360813293392482;1477.2;1754.5;545.273105883648;0.3691261209610398;1139.2362275604087;1815.1637724395914;0.8146676035152959;0.8200083125110943;0.023285873567468654;0.02858328165621164;0.8002348695504332;0.8291003374801585;1998.8;2000.0;1.8867962264113207;0.0009439644919008008;1997.6305515830102;1999.9694484169897;0.07454593562842277;0.06005265058089365;0.03319286252273704;0.4452672334570754;0.05397278629241522;0.0951190849644303;2.3669356553717336;2.102190095047524;0.4547090968080406;0.19210876974035332;2.0851040373042977;2.6487672734391694;10.999999999999998;2.1764705882352944;-1.1764705882352942;0.7357090909090911
1.65;0.95;2;2000.0;2000.0;0.0;0.0;2000.0;2000.0;21381.0;21453.0;2596.371545060529;0.1214335880015214;19771.752244049414;22990.247755950586;10.6905;10.7265;1.2981857725302648;0.12143358800152142;9.885876122024706;11.495123877975294;1774.9;1999.0;334.4614925518332;0.18843962620532603;1567.5986192076862;1982.201380792314;10.6905;10.7265;1.2981857725302648;0.12143358800152142;9.885876122024706;11.495123877975294;21.5;21.5;2.0615528128088303;0.09588617733994559;20.22223632858028;22.77776367141972;21.381;21.453;2.5963715450605296;0.12143358800152142;19.771752244049413;22.990247755950588;1774.9;1999.0;334.4614925518332;0.18843962620532603;1567.5986192076862;1982.201380792314;0.8149783436380987;0.8206170118355478;0.02119249114555123;0.026003747597693246;0.8018431015407718;0.8281135857354257;2000.0;2000.0;0.0;0.0;2000.0;2000.0;0.06151489381529661;0.058934470022165286;0.016811731896523217;0.27329530872640023;0.051094874431093965;0.07193491319949925;2.1018334667333667;1.9899302151075537;0.19669342316664742;0.09358183047315587;1.9799216200089076;2.223745313457826;32.99999999999997;2.052631578947368;-1.0526315789473684;0.3239545454545457
1.85;0.05;2;2000.0;2000.0;0.0;0.0;2000.0;2000.0;3906.5;3963.0;160.7720435896739;0.041155009238365264;3806.8524550026445;4006.1475449973555;1.95325;1.9815;0.08038602179483692;0.04115500923836525;1.903426227501322;2.0030737724986776;21.6;21.5;2.4166091947189146;0.11188005531106085;20.102170103115846;23.097829896884157;1.95325;1.9815;0.08038602179483692;0.04115500923836525;1.903426227501322;2.0030737724986776;8.0;8.0;1.1832159566199232;0.1479019945774904;7.266635152192308;8.733364847807692;3.9065;3.963;0.16077204358967384;0.04115500923836525;3.806852455002644;4.006147544997355;23.3;23.0;2.570992026436488;0.11034300542645871;21.706482632664457;24.893517367335544;0.5717496003081262;0.5722731392332235;0.010305324365166504;0.018024191638459877;0.5653622940920582;0.5781369065241941;1647.9;1655.0;18.002499826412997;0.010924509877063534;1636.7419350064629;1659.0580649935373;0.4442532417014144;0.44863192411215896;0.013334880162449185;0.03001639360329451;0.43598819734822225;0.45251828605460653;11.05159785922296;10.8945753625646;2.184765929674944;0.1976877875493522;9.697465906769779;12.405729811676142;1.9473684210526319;21.0;-20.0;1.0030202702702702
1.85;0.15;2;2000.0;2000.0;0.0;0.0;2000.0;2000.0;4354.8;4391.0;177.55832844448608;0.04077301562516902;4244.7482078583;4464.851792141701;2.1774000000000004;2.1955;0.08877916422224306;0.04077301562516903;2.1223741039291504;2.2324258960708505;31.5;33.0;5.903388857258177;0.18740917007168817;27.841041678291482;35.15895832170852;2.1774000000000004;2.1955;0.08877916422224306;0.04077301562516903;2.1223741039291504;2.2324258960708505;8.6;9.0;0.8;0.0930232558139535;8.104154862885597;9.095845137114402;4.354800000000001;4.391;0.17755832844448613;0.04077301562516903;4.244748207858301;4.464851792141701;32.4;34.0;5.407402333838309;0.16689513376044166;29.04845731043151;35.75154268956849;0.5941307693391181;0.591532127728317;0.009130900435424952;0.01536850287283003;0.5884713786161416;0.5997901600620946;1705.0;1707.0;20.351904087824312;0.011936600638020125;1692.385759158792;1717.614240841208;0.431617734318662;0.43248723850227855;0.015157707335828404;0.03511836083324027;0.42222288997831975;0.4410125786590043;9.484408943464306;9.338308411412195;1.4337551677741478;0.15116969083900023;8.595758283772488;10.373059603156124;2.1764705882352944;7.666666666666667;-6.666666666666667;1.000427027027027
1.85;0.25;2;2000.0;2000.0;0.0;0.0;2000.0;2000.0;4948.6;4979.0;227.5834791895053;0.045989467564463746;4807.542298195384;5089.657701804616;2.4743000000000004;2.4895;0.1137917395947527;0.04598946756446376;2.4037711490976923;2.5448288509023085;50.1;49.5;12.50959631642844;0.24969254124607662;42.34647187404341;57.85352812595659;2.4743000000000004;2.4895;0.1137917395947527;0.04598946756446376;2.4037711490976923;2.5448288509023085;9.4;9.5;0.66332495807108;0.07056648490117873;8.9888669315173;9.8111330684827;4.948600000000001;4.979;0.2275834791895054;0.04598946756446376;4.807542298195385;5.089657701804617;50.5;49.5;12.002083152519816;0.23766501292118447;43.06103179197545;57.93896820802455;0.6148576833404148;0.6188395196434819;0.009847561008530457;0.01601600057273477;0.6087541017922683;0.6209612648885613;1769.2;1769.0;20.217813927326564;0.011427658787772193;1756.6688691013142;1781.731130898686;0.4054932530299675;0.40156002855716855;0.018084253628161913;0.044598161604492634;0.3942845165051331;0.416701989554802;7.957470600085747;7.776423869036716;1.0598745386121629;0.13319239138637118;7.300553555182983;8.614387644988511;2.466666666666667;5.0;-4.0;1.0030945945945946
1.85;0.35;2;2000.0;2000.0;0.0;0.0;2000.0;2000.0;5727.1;5757.0;284.19093933480707;0.04962213674194742;5550.956630898578;5903.243369101423;2.86355;2.8785;0.1420954696674034;0.049622136741947376;2.775478315449289;2.951621684550711;90.1;79.0;32.97104790570054;0.3659383785316375;69.6643327879905;110.53566721200949;2.86355;2.8785;0.1420954696674034;0.049622136741947376;2.775478315449289;2.951621684550711;10.0;10.0;0.6324555320336759;0.06324555320336758;9.608;10.392;5.7271;5.757;0.2841909393348068;0.049622136741947376;5.550956630898578;5.903243369101422;90.3;79.0;32.759884004678646;0.36278941311936486;69.99521352981027;110.60478647018972;0.6439461212212046;0.6422592646857087;0.008430692632178653;0.013092232959164903;0.6387207237909897;0.6491715186514196;1834.8;1828.0;21.775215268740745;0.011867895829921923;1821.3035817492196;1848.2964182507803;0.35989847121094076;0.3574206900822225;0.027686457798603483;0.07692852293994915;0.34273822688173994;0.3770587155401416;6.666589458323074;6.637049978221139;0.9189294896460479;0.13784101981843008;6.097031059833059;7.236147856813089;2.8461538461538463;3.857142857142857;-2.857142857142857;1.006112162162162
1.85;0.45;2;2000.0;2000.0;0.0;0.0;2000.0;2000.0;6768.5;6841.0;386.8840265505931;0.057159492731121087;6528.706796009562;7008.293203990438;3.38425;3.4205;0.19344201327529656;0.057159492731121087;3.264353398004781;3.5041466019952194;170.6;153.0;79.40931935232791;0.46547080511329375;121.38159394697955;219.81840605302045;3.38425;3.4205;0.19344201327529656;0.057159492731121087;3.264353398004781;3.5041466019952194;10.7;11.0;0.9;0.08411214953271029;10.142174220746297;11.257825779253702;6.7685;6.841;0.3868840265505931;0.057159492731121087;6.528706796009562;7.008293203990439;170.8;153.0;79.21085784158635;0.46376380469312845;121.70460166573653;219.8953983342635;0.6737534997011481;0.671721997028194;0.008327008876918346;0.012359132651053978;0.6685923661282376;0.6789146332740585;1895.1;1887.0;18.190382074052213;0.009598639688698335;1883.8254843829102;1906.3745156170896;0.29290371410349564;0.3004222274800614;0.044570413571829365;0.15216745785640906;0.265278685567534;0.3205287426394573;5.443464102041851;5.432901255119468;0.805312701508795;0.1479412165511886;4.9443261184173535;5.942602085666349;3.3636363636363633;3.2222222222222223;-2.2222222222222223;1.0061283783783785
1.85;0.55;2;2000.0;2000.0;0.0;0.0;2000.0;2000.0;8288.9;8277.0;594.8385411185122;0.0717632666721172;7920.2152525227;8657.584747477298;4.144450000000001;4.1385000000000005;0.2974192705592561;0.07176326667211717;3.960107626261351;4.328792373738651;343.4;294.0;200.99960198965567;0.5853220791777975;218.8191559893737;467.98084401062624;4.144450000000001;4.1385000000000005;0.2974192705592561;0.07176326667211717;3.960107626261351;4.328792373738651;12.5;13.0;1.284523257866513;0.10276186062932104;11.703844236345676;13.296155763654324;8.288900000000002;8.277000000000001;0.5948385411185122;0.07176326667211717;7.920215252522702;8.657584747477301;343.6;294.0;200.80199202199165;0.5844062631606276;219.14163591626317;468.0583640837369;0.7092709646693705;0.705608880943918;0.013474333321535505;0.01899744102427289;0.7009194863526931;0.7176224429860478;1944.5;1943.5;9.810708435174291;0.005045363042002721;1938.4192599134644;1950.5807400865356;0.21669669710336598;0.22082211226550957;0.0614340124768031;0.28350230205630966;0.1786195016783056;0.25477389252842636;4.35069563776163;4.297615467625649;0.7127684152580251;0.16382860917035652;3.9089171970185923;4.792474078504668;4.111111111111112;2.8181818181818183;-1.8181818181818181;1.0081094594594595
1.85;0.65;2;2000.0;2000.0;0.0;0.0;2000.0;2000.0;10482.9;10320.0;990.6600274564428;0.09450247807919973;9868.882553565129;11096.91744643487;5.24145;5.16;0.4953300137282214;0.09450247807919972;4.9344412767825645;5.548458723217436;667.6;546.0;446.46572096858677;0.6687623142129819;390.8776792118136;944.3223207881865;5.24145;5.16;0.4953300137282214;0.09450247807919972;4.9344412767825645;5.548458723217436;14.8;15.0;1.2489995996796797;0.0843918648432216;14.025862027801246;15.574137972198756;10.4829;10.32;0.9906600274564428;0.09450247807919972;9.868882553565129;11.096917446434873;667.7;546.0;446.3778780360873;0.6685305946324506;391.0321248254507;944.3678751745495;0.7467220588901491;0.7399336200251407;0.020024493356283687;0.026816528476533874;0.734310749322783;0.7591333684575152;1978.6;1979.5;8.321057625085889;0.004205527961733493;1973.4425550511905;1983.7574449488093;0.1510900501296767;0.14745156937114157;0.06215624230907321;0.41138541059273004;0.11256521201685371;0.18961488824249967;3.4228120022787585;3.4033907960930474;0.648697939624043;0.18952193085456293;3.0207448537553665;3.8248791508021505;5.2857142857142865;2.5384615384615383;-1.5384615384615383;0.9916256756756756
1.85;0.75;2;2000.0;2000.0;0.0;0.0;2000.0;2000.0;13643.7;13558.5;1465.949661482276;0.10744516967408224;12735.094986374388;14552.305013625613;6.82185;6.77925;0.7329748307411381;0.10744516967408226;6.367547493187194;7.276152506812807;1107.2;1045.5;576.8384175832952;0.5209884551872247;749.6718446756956;1464.7281553243045;6.82185;6.77925;0.7329748307411381;0.10744516967408226;6.367547493187194;7.276152506812807;16.8;17.0;1.7204650534085253;0.10240863413145983;15.733644712115142;17.866355287884858;13.6437;13.5585;1.4659496614822762;0.10744516967408226;12.735094986374389;14.552305013625613;1107.2;1045.5;576.8384175832952;0.5209884551872247;749.6718446756956;1464.7281553243045;0.7845619327682661;0.7844666544432376;0.022488896374986182;0.02866427166002797;0.7706231703850079;0.7985006951515243;1995.3;1994.5;2.758622844826744;0.0013825604394460704;1993.590187846575;1997.009812153425;0.10464878655586465;0.09090956763592045;0.049066039097659435;0.468863908627039;0.07423734045081523;0.13506023266091408;2.73984087834868;2.5918208475037203;0.5816119970730456;0.21227948004907018;2.3793540278035983;3.100327728893762;7.4;2.333333333333333;-1.3333333333333333;0.9218716216216216
1.85;0.85;2;2000.0;2000.0;0.0;0.0;2000.0;2000.0;17997.7;18101.0;2038.519955752212;0.11326558147720052;16734.212241287;19261.187758713;8.99885;9.0505;1.0192599778761058;0.11326558147720052;8.367106120643498;9.6305938793565;1537.2;1847.0;514.4540407072336;0.33466955549520794;1218.3380820580796;1856.0619179419205;8.99885;9.0505;1.0192599778761058;0.11326558147720052;8.367106120643498;9.6305938793565;19.5;20.0;1.857417562100671;0.09525218267182928;18.34876066780187;20.65123933219813;17.9977;18.101;2.0385199557522116;0.11326558147720052;16.734212241286997;19.261187758713;1537.2;1847.0;514.4540407072336;0.33466955549520794;1218.3380820580796;1856.0619179419205;0.8126229084174742;0.8194517022037118;0.022390992718930386;0.027553976742466273;0.7987448273489172;0.8265009894860312;1999.6;2000.0;0.66332495807108;0.00033172882480050014;1999.1888669315172;2000.0111330684826;0.07732740188853411;0.06360206870560317;0.03150067863156583;0.40736760659531046;0.05780307899445228;0.09685172478261594;2.2970522261130566;2.0512333666833418;0.3922866555477969;0.1707782918856845;2.053910437977747;2.540194014248366;12.333333333333332;2.1764705882352944;-1.1764705882352942;0.7296364864864865
1.85;0.95;2;2000.0;2000.0;0.0;0.0;2000.0;2000.0;23674.0;23755.0;2827.6519941463803;0.11944124331107461;21921.403136563345;25426.596863436655;11.837;11.877500000000001;1.41382599707319;0.11944124331107459;10.960701568281673;12.713298431718327;1820.4;1999.0;287.9837495415323;0.1581980606138938;1641.9058227773244;1998.8941772226758;11.837;11.877500000000001;1.41382599707319;0.11944124331107459;10.960701568281673;12.713298431718327;23.0;23.0;1.5491933384829668;0.06735623210795508;22.039800020828995;23.960199979171005;23.674;23.755000000000003;2.82765199414638;0.11944124331107459;21.921403136563345;25.426596863436654;1820.4;1999.0;287.9837495415323;0.1581980606138938;1641.9058227773244;1998.8941772226758;0.8131725396329866;0.8177760099761766;0.019022322501157374;0.023392726111659917;0.8013823819969607;0.8249626972690126;2000.0;2000.0;0.0;0.0;2000.0;2000.0;0.06503068100910873;0.06379888323142505;0.015448408616158572;0.2375556948879982;0.05545565814851067;0.0746057038697068;2.0639310155077544;1.9889504752376188;0.14282664699435954;0.0692012697717139;1.9754061425546188;2.15245588846089;36.99999999999997;2.052631578947368;-1.0526315789473684;0.31991891891891916
2.05;0.05;2;2000.0;2000.0;0.0;0.0;2000.0;2000.0;4318.9;4371.0;169.96967376564564;0.0393548528017888;4213.551704757979;4424.2482952420205;2.15945;2.1855;0.08498483688282282;0.0393548528017888;2.1067758523789895;2.2121241476210107;23.3;23.0;2.3259406699226015;0.09982577982500436;21.858367037002832;24.74163296299717;2.15945;2.1855;0.08498483688282282;0.0393548528017888;2.1067758523789895;2.2121241476210107;8.4;8.5;0.9165151389911681;0.1091089451179962;7.831938031549375;8.968061968450627;4.3189;4.371;0.16996967376564565;0.0393548528017888;4.213551704757979;4.4242482952420215;24.8;24.5;2.181742422927143;0.08797348479544931;23.44774203644423;26.152257963555773;0.5747977247971329;0.5772689219358151;0.010517771179061736;0.018298212963132103;0.5682787426816082;0.5813167069126576;1714.7;1720.0;20.10994778710278;0.011727968616727579;1702.2357252276759;1727.1642747723242;0.44526447985006357;0.44925851958336593;0.013679640719498098;0.030722506147592372;0.43678575068976944;0.4537432090103577;9.734763533923646;9.605114695720072;1.3376949188011351;0.13741421803822393;8.905651633385911;10.56387543446138;2.1578947368421053;21.0;-20.0;1.000720731707317
2.05;0.15;2;2000.0;2000.0;0.0;0.0;2000.0;2000.0;4827.4;4863.0;195.270171813311;0.04045038153318785;4706.370293603594;4948.429706396405;2.4137;2.4314999999999998;0.09763508590665551;0.04045038153318785;2.3531851468017972;2.4742148531982027;34.3;34.5;6.588626564011653;0.19208823801783245;30.216326947465063;38.38367305253493;2.4137;2.4314999999999998;0.09763508590665551;0.04045038153318785;2.3531851468017972;2.4742148531982027;9.0;9.0;0.6324555320336759;0.07027283689263066;8.608;9.392;4.8274;4.8629999999999995;0.19527017181331102;0.04045038153318785;4.7063702936035945;4.948429706396405;35.1;35.5;6.187891401761993;0.17629320232940152;31.264705174305373;38.93529482569463;0.5940189604770127;0.597104517673417;0.010164070388603766;0.017110683437514776;0.5877192043826657;0.6003187165713598;1770.1;1769.5;17.818249072229293;0.010066238671391047;1759.0561348070523;1781.1438651929475;0.43229337794153794;0.4331055691180429;0.014722078622653902;0.03405575790394104;0.4231685390749644;0.4414182168081115;8.515148119070863;8.372913369977983;1.060744877170736;0.12457151212614255;7.85769163274071;9.172604605401016;2.411764705882353;7.666666666666667;-6.666666666666667;1.0008024390243904
2.05;0.25;2;2000.0;2000.0;0.0;0.0;2000.0;2000.0;5482.0;5540.0;245.70185184487318;0.04481974677943692;5329.712414478396;5634.287585521604;2.7410000000000005;2.77;0.12285092592243661;0.04481974677943692;2.664856207239198;2.817143792760803;54.6;52.5;12.893409169028958;0.23614302507379042;46.60858220338844;62.591417796611566;2.7410000000000005;2.77;0.12285092592243661;0.04481974677943692;2.664856207239198;2.817143792760803;9.7;10.0;1.004987562112089;0.10360696516619475;9.077102255582828;10.32289774441717;5.482000000000001;5.54;0.24570185184487323;0.04481974677943692;5.329712414478396;5.634287585521606;54.9;53.0;12.652667702899652;0.23046753557194266;47.05779530999095;62.742204690009046;0.6176043389771035;0.6180318182034258;0.00811058872505902;0.013132337668631087;0.6125773440040343;0.6226313339501728;1824.6;1824.0;17.263835031649254;0.009461709433108218;1813.8997641895141;1835.3002358104857;0.40671833076643027;0.4027143895404095;0.017784605439325512;0.04372708111240463;0.3956953181131954;0.4177413434196651;7.358419223650823;7.108158646495015;1.054591111872817;0.14331761752350797;6.7047768805680645;8.01206156673358;2.733333333333333;5.0;-4.0;1.0028048780487808
2.05;0.35;2;2000.0;2000.0;0.0;0.0;2000.0;2000.0;6351.8;6387.5;305.83191461977935;0.04814885774422673;6162.243415451744;6541.356584548256;3.1759000000000004;3.19375;0.15291595730988966;0.04814885774422672;3.0811217077258726;3.270678292274128;100.4;88.5;34.67333269243094;0.3453519192473201;78.9092457461354;121.89075425386461;3.1759000000000004;3.19375;0.15291595730988966;0.04814885774422672;3.0811217077258726;3.270678292274128;10.5;10.5;0.806225774829855;0.07678340712665285;10.000296087667907;10.999703912332093;6.351800000000001;6.3875;0.3058319146197793;0.04814885774422672;6.162243415451745;6.541356584548256;100.6;88.5;34.45634919720892;0.3425084413241444;79.24373350981028;121.9562664901897;0.6444174889950494;0.6430044650984201;0.008478933080089037;0.01315751546922119;0.6391621918254486;0.6496727861646501;1881.2;1877.5;14.695577566057075;0.00781181031578624;1872.091586658479;1890.3084133415211;0.35908460154652844;0.3560831177274304;0.027644942950854852;0.07698726938384952;0.3419500883865454;0.3762191147065115;6.115663819875652;6.129303604496233;0.7811594526524348;0.1277309341487508;5.63149617498983;6.599831464761475;3.1538461538461533;3.857142857142857;-2.857142857142857;1.0069926829268296
2.05;0.45;2;2000.0;2000.0;0.0;0.0;2000.0;2000.0;7519.0;7591.5;422.9822691319342;0.05625512290622878;7256.832873456644;7781.167126543356;3.7595;3.79575;0.21149113456596708;0.05625512290622877;3.628416436728322;3.890583563271678;188.8;168.5;87.89061383333262;0.4655223190324821;134.32483316592783;243.2751668340722;3.7595;3.79575;0.21149113456596708;0.05625512290622877;3.628416436728322;3.890583563271678;11.1;11.0;1.1357816691600546;0.10232267289730222;10.396035228154135;11.803964771845864;7.519;7.5915;0.42298226913193415;0.05625512290622877;7.256832873456644;7.781167126543356;189.0;168.5;87.69036435093653;0.463970181750987;134.6489490809975;243.3510509190025;0.6741914539273866;0.6744293676641854;0.00980517052219378;0.014543599544425315;0.6681141462748774;0.6802687615798957;1925.9;1924.5;9.782126558167198;0.0050792494720220144;1919.836975144369;1931.9630248556311;0.293754415203347;0.30238327547644483;0.0450553884503906;0.1533777404475834;0.2658287961234388;0.3216800342832552;5.04414616277415;5.067102504658709;0.699384192364961;0.13865264205197372;4.610663349325589;5.477628976222712;3.7272727272727266;3.2222222222222223;-2.2222222222222223;1.0086463414634148
2.05;0.55;2;2000.0;2000.0;0.0;0.0;2000.0;2000.0;9182.7;9162.0;645.9390141491687;0.07034303790270494;8782.34285120208;9583.057148797921;4.59135;4.5809999999999995;0.32296950707458427;0.07034303790270492;4.391171425601041;4.79152857439896;374.9;324.0;218.7210323677172;0.5834116627573146;239.33529964478214;510.4647003552178;4.59135;4.5809999999999995;0.32296950707458427;0.07034303790270492;4.391171425601041;4.79152857439896;13.5;14.0;1.2041594578792296;0.08919699687994294;12.753654235625337;14.246345764374663;9.1827;9.161999999999999;0.6459390141491685;0.07034303790270492;8.782342851202081;9.58305714879792;375.0;324.0;218.62845194530377;0.5830092051874767;239.4926815850893;510.50731841491074;0.7104634900097906;0.7079898624020282;0.01446936572926385;0.020366093307714453;0.701495284217309;0.7194316958022722;1964.8;1967.0;7.756287771866126;0.003947622033726652;1959.9926030328254;1969.6073969671745;0.2177465255103524;0.22252326914980106;0.06071147422155334;0.27881718929502236;0.1801171639355979;0.2553758870851069;4.067051112374073;4.015790362338627;0.6037068905282634;0.14843848130933857;3.692869704985453;4.441232519762693;4.555555555555555;2.8181818181818183;-1.8181818181818181;1.0078573170731708
2.05;0.65;2;2000.0;2000.0;0.0;0.0;2000.0;2000.0;11599.1;11426.5;1089.72964078252;0.09394949959759981;10923.678571060706;12274.521428939295;5.79955;5.71325;0.5448648203912598;0.09394949959759978;5.461839285530353;6.137260714469647;726.5;601.5;472.08902762085035;0.6498128391202345;433.8961892114186;1019.1038107885814;5.79955;5.71325;0.5448648203912598;0.09394949959759978;5.461839285530353;6.137260714469647;15.5;15.0;1.5652475842498528;0.10098371511289372;14.529849496212057;16.47015050378794;11.5991;11.4265;1.0897296407825197;0.09394949959759978;10.923678571060705;12.274521428939295;726.5;601.5;472.08902762085035;0.6498128391202345;433.8961892114186;1019.1038107885814;0.7479721856249208;0.7428951252892715;0.01965939113871674;0.026283585829186388;0.7357871687564675;0.7601572024933742;1987.9;1988.5;5.18555686498567;0.002608560221834936;1984.6859585565835;1991.1140414434167;0.15170306202939204;0.14712394341089147;0.061269037085534266;0.4038747554987622;0.11372811941121191;0.18967800464757217;3.251322818382519;3.2116054075513087;0.5995016136649025;0.1843869855910355;2.8797478685975455;3.6228977681674928;5.857142857142857;2.5384615384615383;-1.5384615384615383;0.9901670731707317
2.05;0.75;2;2000.0;2000.0;0.0;0.0;2000.0;2000.0;15048.6;14978.5;1572.658907710124;0.10450532991176081;14073.85591034036;16023.34408965964;7.524299999999999;7.48925;0.7863294538550619;0.10450532991176083;7.03692795517018;8.011672044829819;1172.8;1149.0;566.7327059558147;0.48323047915741363;821.5354296351538;1524.064570364846;7.524299999999999;7.48925;0.7863294538550619;0.10450532991176083;7.03692795517018;8.011672044829819;17.6;18.0;1.6852299546352718;0.09575170196791316;16.55548365259322;18.644516347406782;15.048599999999999;14.9785;1.5726589077101238;0.10450532991176083;14.07385591034036;16.023344089659638;1172.8;1149.0;566.7327059558147;0.48323047915741363;821.5354296351538;1524.064570364846;0.7847689826389154;0.7872418238569072;0.021964241871753158;0.02798816257734189;0.7711554044857737;0.798382560792057;1997.2;1997.0;1.9390719429665317;0.000970895224797983;1995.9981507582063;1998.4018492417938;0.10619422619259755;0.0913892276329331;0.04741493745923249;0.4464926122559536;0.07680614348541764;0.13558230889977746;2.6307854438348306;2.488988517841502;0.5220038880137511;0.1984213076885658;2.307244082051794;2.954326805617867;8.2;2.333333333333333;-1.3333333333333333;0.9175975609756097
2.05;0.85;2;2000.0;2000.0;0.0;0.0;2000.0;2000.0;19766.4;19794.0;2165.5216553985324;0.10955569326728855;18424.195772318388;21108.604227681615;9.883199999999999;9.897;1.0827608276992662;0.10955569326728856;9.212097886159192;10.554302113840805;1587.1;1903.5;481.91875871354085;0.303647381206944;1288.4036587596024;1885.7963412403974;9.883199999999999;9.897;1.0827608276992662;0.10955569326728856;9.212097886159192;10.554302113840805;20.8;21.0;1.7204650534085253;0.08271466602925602;19.733644712115144;21.866355287884858;19.766399999999997;19.794;2.1655216553985324;0.10955569326728856;18.424195772318384;21.10860422768161;1587.1;1903.5;481.91875871354085;0.303647381206944;1288.4036587596024;1885.7963412403974;0.8113318656941887;0.8188908699172496;0.021404219480202102;0.026381583646894365;0.7980653930154542;0.8245983383729232;1999.8;2000.0;0.4;0.00020002000200020003;1999.5520774314427;2000.0479225685572;0.08024787643046404;0.0678625207639072;0.029771736601286358;0.37099718927869707;0.06179516290896567;0.0987005899519624;2.237374037018509;2.0241740870435216;0.3267602387732207;0.14604631740907142;2.034845942770956;2.439902131266062;13.666666666666664;2.1764705882352944;-1.1764705882352942;0.7231609756097561
2.05;0.95;2;2000.0;2000.0;0.0;0.0;2000.0;2000.0;25903.3;26155.0;2995.762508944926;0.11565177058308888;24046.507159987523;27760.092840012476;12.95165;13.0775;1.4978812544724633;0.1156517705830889;12.023253579993762;13.88004642000624;1861.4;1999.0;240.83197462131145;0.12938217181761655;1712.1307956529547;2010.6692043470455;12.95165;13.0775;1.4978812544724633;0.1156517705830889;12.023253579993762;13.88004642000624;24.5;24.5;1.6278820596099706;0.06644416569836614;23.491028246183273;25.508971753816727;25.9033;26.155;2.9957625089449267;0.1156517705830889;24.046507159987524;27.76009284001248;1861.4;1999.0;240.83197462131145;0.12938217181761655;1712.1307956529547;2010.6692043470455;0.8117861268391746;0.8174664958193127;0.018399872315655937;0.022665911263227576;0.8003817678251197;0.8231904858532295;2000.0;2000.0;0.0;0.0;2000.0;2000.0;0.06832005462669091;0.06590610961233379;0.01402581262033793;0.2052956880227435;0.05962676589935045;0.07701334335403137;2.0366307153576786;1.9870455227613806;0.10084284845791036;0.049514547579726585;1.9741276703319044;2.099133760383453;40.99999999999996;2.052631578947368;-1.0526315789473684;0.31589390243902477
2.25;0.05;2;2000.0;2000.0;0.0;0.0;2000.0;2000.0;4734.6;4789.0;168.10127899572925;0.035504853418605424;4630.409747834071;4838.79025216593;2.3673;2.3945;0.08405063949786462;0.035504853418605424;2.3152048739170352;2.419395126082965;25.5;26.0;2.7294688127912363;0.10703799265847985;23.808257702840056;27.191742297159944;2.3673;2.3945;0.08405063949786462;0.035504853418605424;2.3152048739170352;2.419395126082965;8.8;9.0;0.8717797887081347;0.09906588508046985;8.259665288918065;9.340334711081937;4.7346;4.789;0.16810127899572924;0.035504853418605424;4.6304097478340704;4.83879025216593;27.1;27.0;2.3430749027719964;0.08646032851557181;25.647747129457134;28.55225287054287;0.5763379832847293;0.576592877555628;0.010099066367452019;0.017522819353141192;0.5700785171001085;0.5825974494693501;1776.0;1776.0;14.212670403551895;0.00800262973172967;1767.1908956187362;1784.8091043812638;0.44662721044972525;0.4512291905068174;0.012999044292860747;0.029104908945810835;0.4385703193250381;0.4546841015744124;9.152758729864981;8.999902870930452;1.175935271084147;0.12847877954513656;8.423906497704506;9.881610962025457;2.368421052631579;21.0;-20.0;0.9995266666666667
2.25;0.15;2;2000.0;2000.0;0.0;0.0;2000.0;2000.0;5307.0;5342.5;206.6741396498362;0.038943685632153044;5178.902041109158;5435.097958890842;2.6534999999999997;2.6712499999999997;0.1033370698249181;0.038943685632153044;2.5894510205545784;2.717548979445421;36.8;37.0;6.11228271597445;0.16609463902104485;33.011567923269574;40.58843207673042;2.6534999999999997;2.6712499999999997;0.1033370698249181;0.038943685632153044;2.5894510205545784;2.717548979445421;9.4;9.5;0.9165151389911681;0.09750161053097532;8.831938031549374;9.968061968450627;5.3069999999999995;5.342499999999999;0.2066741396498362;0.038943685632153044;5.178902041109157;5.435097958890842;37.5;38.0;5.80086200490927;0.1546896534642472;33.90458847974255;41.09541152025745;0.5952686361412469;0.5951890445293845;0.008783600255515478;0.014755691333670874;0.5898245042999292;0.6007127679825647;1820.7;1819.5;14.346079603849967;0.007879430770500339;1811.8082077397187;1829.5917922602814;0.43230587858487207;0.43239502226132476;0.015162441298197679;0.03507340993796115;0.4229081001042547;0.4417036570654894;7.991758170889332;7.7124275180283774;1.0597846309610333;0.13260969717794893;7.334896851326071;8.648619490452594;2.6470588235294117;7.666666666666667;-6.666666666666667;1.0024333333333333
2.25;0.25;2;2000.0;2000.0;0.0;0.0;2000.0;2000.0;6024.4;6062.5;253.61514150381478;0.042097991750849016;5867.20770673344;6181.592293266559;3.0122;3.03125;0.1268075707519074;0.042097991750849016;2.93360385336672;3.09079614663328;60.2;59.0;14.496896219536097;0.24081222956040027;51.21473063286359;69.18526936713641;3.0122;3.03125;0.1268075707519074;0.042097991750849016;2.93360385336672;3.09079614663328;10.2;10.0;1.0770329614269007;0.1055914668065589;9.532448054455685;10.867551945544314;6.0244;6.0625;0.2536151415038148;0.042097991750849016;5.86720770673344;6.18159229326656;60.5;59.0;14.298601330200098;0.23634051785454707;51.63763507860345;69.36236492139655;0.6184481914212745;0.6160105412490622;0.0083560883187763;0.01351137966718428;0.6132690342235699;0.6236273486189791;1869.3;1866.0;12.861181905252721;0.006880212863239032;1861.3285568684207;1877.2714431315792;0.4060303476847758;0.40192807453183454;0.017828134310026215;0.04390837879898376;0.3949803555579647;0.41708033981158693;6.710762323790132;6.590316019639181;0.739687347781974;0.11022404193331799;6.252299355811706;7.169225291768559;3.0;5.0;-4.0;1.0040666666666667
2.25;0.35;2;2000.0;2000.0;0.0;0.0;2000.0;2000.0;6976.4;7027.0;331.5108444681712;0.04751889863943742;6770.927449837211;7181.872550162789;3.4882000000000004;3.5135;0.16575542223408563;0.04751889863943742;3.3854637249186057;3.590936275081395;107.6;98.5;35.58426618605476;0.3307087935506948;85.54464331732538;129.6553566826746;3.4882000000000004;3.5135;0.16575542223408563;0.04751889863943742;3.3854637249186057;3.590936275081395;10.8;11.0;0.9797958971132712;0.09072184232530288;10.192716211314679;11.407283788685323;6.976400000000001;7.027;0.33151084446817125;0.04751889863943742;6.770927449837211;7.18187255016279;107.8;98.5;35.3717401324843;0.3281237489098729;85.87636833004166;129.72363166995834;0.6465052966669319;0.6448945998280098;0.00902165472819453;0.013954494688142248;0.6409136171348064;0.6520969761990574;1910.0;1908.0;11.054410884348384;0.005787649677669311;1903.148405149164;1916.851594850836;0.36023947665165423;0.3572596221045271;0.025870590210584618;0.07181497833342974;0.34420471871390695;0.3762742345894015;5.662916239262089;5.660438675681942;0.6019034047198158;0.106288593948592;5.289852643958437;6.035979834565742;3.4615384615384612;3.857142857142857;-2.857142857142857;1.0077022222222225
2.25;0.45;2;2000.0;2000.0;0.0;0.0;2000.0;2000.0;8256.7;8341.5;464.9615145364184;0.05631323828362643;7968.513867589712;8544.886132410289;4.12835;4.17075;0.2324807572682093;0.05631323828362646;3.9842569337948563;4.2724430662051445;206.5;184.0;97.96555517119269;0.474409468141369;145.78031982956432;267.21968017043565;4.12835;4.17075;0.2324807572682093;0.05631323828362646;3.9842569337948563;4.2724430662051445;12.2;12.0;1.32664991614216;0.1087417964050951;11.377733863034601;13.022266136965397;8.2567;8.3415;0.4649615145364186;0.05631323828362646;7.968513867589713;8.544886132410289;206.7;184.0;97.76098403760061;0.4729607355471728;146.10711433179634;267.29288566820367;0.6759038774895368;0.675916358073226;0.009826020923198925;0.014537601056077732;0.6698136466245962;0.6819941083544775;1949.8;1946.0;7.959899496852959;0.004082418451560652;1944.8664031782075;1954.7335968217924;0.2948295280611802;0.3037908228058117;0.04543523284828675;0.15410679231172011;0.2666684789843258;0.3229905771380346;4.731400918741364;4.802826013238072;0.5689664756927484;0.1202532792008891;4.378751843549653;5.084049993933075;4.090909090909091;3.2222222222222223;-2.2222222222222223;1.0091522222222222
2.25;0.55;2;2000.0;2000.0;0.0;0.0;2000.0;2000.0;10080.7;10057.5;709.9898661248624;0.07043061157705936;9640.643721851853;10520.756278148148;5.04035;5.0287500000000005;0.35499493306243124;0.07043061157705938;4.820321860925926;5.260378139074074;409.0;347.0;238.49444437973813;0.5831160009284551;261.1796119068821;556.8203880931179;5.04035;5.0287500000000005;0.35499493306243124;0.07043061157705938;4.820321860925926;5.260378139074074;14.5;15.0;1.284523257866513;0.08858781088734571;13.703844236345676;15.296155763654324;10.0807;10.057500000000001;0.7099898661248625;0.07043061157705938;9.640643721851852;10.520756278148149;409.1;347.0;238.40362832809404;0.582751474769235;261.3359002788567;556.8640997211434;0.710192206046851;0.7061738249521836;0.014619198675362245;0.020584848088853604;0.7011311328322414;0.7192532792614605;1976.3;1975.0;5.967411499134277;0.0030194866665659453;1972.6013600337421;1979.9986399662578;0.21815413896495447;0.22514155269263697;0.05982101121301262;0.27421442241177285;0.18107669208090646;0.2552315858490025;3.8475048783984485;3.8423065913995966;0.518288448321342;0.13470767801523445;3.5262663699950654;4.1687433868018315;5.000000000000001;2.8181818181818183;-1.8181818181818181;1.0080699999999998
2.25;0.65;2;2000.0;2000.0;0.0;0.0;2000.0;2000.0;12721.1;12532.5;1188.0223440659693;0.09338990685286408;11984.756122389546;13457.443877610454;6.36055;6.266249999999999;0.5940111720329846;0.09338990685286408;5.992378061194772;6.7287219388052275;781.0;653.0;493.8748829410137;0.6323622060704401;474.89317618844234;1087.1068238115577;6.36055;6.266249999999999;0.5940111720329846;0.09338990685286408;5.992378061194772;6.7287219388052275;16.4;16.0;1.9078784028338915;0.11633404895328608;15.217484714686528;17.58251528531347;12.7211;12.532499999999999;1.1880223440659692;0.09338990685286408;11.984756122389545;13.457443877610455;781.0;653.0;493.8748829410137;0.6323622060704401;474.89317618844234;1087.1068238115577;0.7477168797759476;0.7430721568061727;0.02023935766552221;0.027068210191519157;0.7351723959299873;0.7602613636219079;1992.6;1993.5;4.054626986542659;0.002034842410189029;1990.0869161573873;1995.1130838426125;0.15260655074939;0.14675083027533248;0.06034870053266553;0.3954528834857815;0.11520203863652062;0.19001106286225938;3.0903388120725737;3.0640030327447283;0.5380890515008231;0.17411975974891475;2.7568277626710938;3.4238498614740536;6.428571428571429;2.5384615384615383;-1.5384615384615383;0.9894188888888888
2.25;0.75;2;2000.0;2000.0;0.0;0.0;2000.0;2000.0;16464.0;16397.0;1672.402224346763;0.10157933821348171;15427.434362197935;17500.565637802065;8.232;8.1985;0.8362011121733814;0.10157933821348172;7.713717181098968;8.75028281890103;1235.4;1252.0;556.4507525379043;0.4504215254475508;890.5082503880385;1580.2917496119617;8.232;8.1985;0.8362011121733814;0.10157933821348172;7.713717181098968;8.75028281890103;18.7;18.5;1.9000000000000001;0.10160427807486633;17.522367799353294;19.877632200646705;16.464;16.397;1.672402224346763;0.10157933821348172;15.427434362197936;17.50056563780206;1235.4;1252.0;556.4507525379043;0.4504215254475508;890.5082503880385;1580.2917496119617;0.7845029456767111;0.7869814520414522;0.020534680237526914;0.026175402336843654;0.77177541900424;0.7972304723491822;1998.6;1999.0;1.42828568570857;0.0007146430930193985;1997.7147393604141;1999.4852606395857;0.10780212935743982;0.09154016545671287;0.046088687952423976;0.4275304043355914;0.07923606461094915;0.1363681941039305;2.533495923048765;2.4034311132651083;0.46213302980792986;0.18240922576729748;2.247062903636006;2.8199289424615235;9.0;2.333333333333333;-1.3333333333333333;0.9146666666666666
2.25;0.85;2;2000.0;2000.0;0.0;0.0;2000.0;2000.0;21516.5;21518.5;2302.7841084218035;0.10702410282442792;20089.219622518405;22943.780377481595;10.75825;10.75925;1.1513920542109017;0.10702410282442792;10.044609811259203;11.471890188740797;1633.7;1940.5;447.38508021613774;0.27384775675836304;1356.4078544466145;1910.9921455533856;10.75825;10.75925;1.1513920542109017;0.10702410282442792;10.044609811259203;11.471890188740797;21.7;22.0;1.8466185312619388;0.08509762816875294;20.555453976460534;22.844546023539465;21.5165;21.5185;2.3027841084218035;0.10702410282442792;20.089219622518407;22.943780377481595;1633.7;1940.5;447.38508021613774;0.27384775675836304;1356.4078544466145;1910.9921455533856;0.8099142370629464;0.8178342811726899;0.020530916739804606;0.025349494798680698;0.7971890430305304;0.8226394310953624;2000.0;2000.0;0.0;0.0;2000.0;2000.0;0.08324755407909509;0.07228565934410512;0.02831558667222372;0.3401371606103951;0.06569737163414072;0.10079773652404947;2.18758244122061;2.008093796898449;0.2706248131694656;0.123709538013326;2.0198474442298937;2.3553174382113267;14.999999999999998;2.1764705882352944;-1.1764705882352942;0.7172166666666667
2.25;0.95;2;2000.0;2000.0;0.0;0.0;2000.0;2000.0;28141.9;28473.5;3205.6257875803285;0.1139093589125229;26155.032552274715;30128.767447725288;14.07095;14.23675;1.6028128937901645;0.11390935891252292;13.077516276137356;15.064383723862644;1892.7;1999.0;201.76969544507918;0.10660416095793268;1767.6418471206296;2017.7581528793705;14.07095;14.23675;1.6028128937901645;0.11390935891252292;13.077516276137356;15.064383723862644;26.7;26.5;1.676305461424021;0.06278297608329667;25.66101511079323;27.73898488920677;28.1419;28.4735;3.205625787580329;0.11390935891252292;26.15503255227471;30.128767447725288;1892.7;1999.0;201.76969544507918;0.10660416095793268;1767.6418471206296;2017.7581528793705;0.8102828487562415;0.8162083501247996;0.01811674909519024;0.022358549391732624;0.7990539713322767;0.8215117261802062;2000.0;2000.0;0.0;0.0;2000.0;2000.0;0.07184313066572613;0.06814069651889004;0.01301834061702063;0.18120508525154277;0.06377427955541541;0.07991198177603685;2.0183192096048024;1.9860030015007504;0.06914403736151567;0.03425822686147571;1.9754632912470973;2.0611751279625077;44.99999999999996;2.052631578947368;-1.0526315789473684;0.31268777777777806
2.45;0.05;2;2000.0;2000.0;0.0;0.0;2000.0;2000.0;5149.4;5195.0;177.90626745564643;0.034548931420290994;5039.132553024929;5259.667446975071;2.5746999999999995;2.5975;0.08895313372782317;0.03454893142029098;2.5195662765124642;2.629833723487535;26.8;26.0;3.8157568056677826;0.1423789852861113;24.43496942937306;29.165030570626943;2.5746999999999995;2.5975;0.08895313372782317;0.03454893142029098;2.5195662765124642;2.629833723487535;9.4;9.5;0.9165151389911681;0.09750161053097532;8.831938031549374;9.968061968450627;5.149399999999999;5.195;0.17790626745564633;0.03454893142029098;5.0391325530249285;5.25966744697507;28.3;28.0;3.348133808556641;0.1183086151433442;26.224805165773585;30.375194834226416;0.5771713663935523;0.5781796892666672;0.008955399035541885;0.015516014059220536;0.5716207525651867;0.5827219802219178;1818.7;1823.0;14.283206922816737;0.007853525552766666;1809.8471766311532;1827.552823368847;0.4475211510364966;0.4507446641331604;0.012793809434515264;0.02858816707296119;0.43959146579490566;0.4554508362780875;8.540735760967552;8.236117526331522;1.0433557003369625;0.12216227378269388;7.894057198101709;9.187414323833394;2.578947368421053;21.0;-20.0;0.9983530612244894
2.45;0.15;2;2000.0;2000.0;0.0;0.0;2000.0;2000.0;5777.6;5825.0;227.2968103603744;0.039341043056004985;5636.719977376493;5918.4800226235075;2.8888000000000003;2.9124999999999996;0.11364840518018722;0.03934104305600499;2.8183599886882464;2.959240011311754;40.0;40.0;6.7379522111692065;0.16844880527923017;35.82377395247815;44.17622604752185;2.8888000000000003;2.9124999999999996;0.11364840518018722;0.03934104305600499;2.8183599886882464;2.959240011311754;9.9;10.0;0.9433981132056604;0.09529273870764246;9.315275791505089;10.484724208494912;5.7776000000000005;5.824999999999999;0.22729681036037444;0.03934104305600499;5.636719977376493;5.918480022623508;40.4;40.5;6.406246951218788;0.15857046908957395;36.42936700260525;44.37063299739475;0.5989994826704762;0.5980610606305945;0.007942603737897368;0.013259783969240558;0.5940766058711473;0.6039223594698051;1859.5;1858.0;12.273956167430288;0.006600675540430379;1851.8925231515304;1867.1074768484696;0.4316956111155429;0.4305535197491329;0.015092034992823673;0.03495989906829121;0.4223414709151029;0.4410497513159829;7.306047371609708;7.021413871942231;0.8584232938686744;0.11749489843227529;6.773991101796571;7.838103641422845;2.882352941176471;7.666666666666667;-6.666666666666667;1.0022367346938774
2.45;0.25;2;2000.0;2000.0;0.0;0.0;2000.0;2000.0;6562.2;6603.5;277.8858758555389;0.04234645025380801;6389.964549730318;6734.4354502696815;3.2811;3.30175;0.13894293792776943;0.042346450253808;3.194982274865159;3.3672177251348407;65.3;60.5;15.761027885261797;0.24136336730875646;55.531213708960564;75.06878629103943;3.2811;3.30175;0.13894293792776943;0.042346450253808;3.194982274865159;3.3672177251348407;10.4;10.0;0.7999999999999999;0.07692307692307691;9.904154862885598;10.895845137114403;6.5622;6.6035;0.27788587585553887;0.042346450253808;6.389964549730318;6.7344354502696815;65.5;60.5;15.55795616396961;0.23752604830487956;55.857078865820796;75.1429211341792;0.6214473754970711;0.6196187832634736;0.009230535158826882;0.014853285286535716;0.6157262305327363;0.6271685204614058;1901.3;1902.0;11.171839597846006;0.005875895228446855;1894.3756220784824;1908.2243779215175;0.40533775197253263;0.40307903619456265;0.01814810927972583;0.04477280784089319;0.39408943730481666;0.4165860666402486;6.278168332108831;6.104643013999953;0.6415151862983065;0.10218190280393806;5.880553100220013;6.6757835639976495;3.266666666666667;5.0;-4.0;1.0044183673469387
2.45;0.35;2;2000.0;2000.0;0.0;0.0;2000.0;2000.0;7589.6;7651.5;352.01454515403196;0.04638117228233793;7371.419124489795;7807.780875510206;3.7948;3.82575;0.17600727257701604;0.04638117228233795;3.685709562244897;3.903890437755103;116.3;107.5;37.704243792973756;0.3241981409542026;92.93066758334761;139.66933241665237;3.7948;3.82575;0.17600727257701604;0.04638117228233795;3.685709562244897;3.903890437755103;11.4;11.5;1.2;0.10526315789473684;10.656232294328397;12.143767705671603;7.5896;7.6515;0.3520145451540321;0.04638117228233795;7.371419124489794;7.807780875510206;116.5;107.5;37.5;0.3218884120171674;93.25725919776241;139.7427408022376;0.6472332771797903;0.6477606096541646;0.009239117389967934;0.014274787338231168;0.6415068128934844;0.6529597414660961;1936.1;1936.0;5.664803615307418;0.0029258837949007895;1932.588918343302;1939.6110816566977;0.36119467962472596;0.3580343039758586;0.024764680391666162;0.06856324798968846;0.3458453716942259;0.376543987555226;5.386397287860988;5.35839444442705;0.5434693127560832;0.10089662602141669;5.0495515179847255;5.723243057737251;3.769230769230769;3.857142857142857;-2.857142857142857;1.0067836734693878
2.45;0.45;2;2000.0;2000.0;0.0;0.0;2000.0;2000.0;8986.4;9052.0;495.65173257036037;0.05515576121365178;8679.191873378324;9293.608126621675;4.4932;4.526;0.2478258662851801;0.05515576121365177;4.339595936689162;4.646804063310838;225.1;202.0;106.73467103055125;0.4741655754355898;158.94516550999467;291.25483449000535;4.4932;4.526;0.2478258662851801;0.05515576121365177;4.339595936689162;4.646804063310838;13.1;13.0;1.445683229480096;0.11035749843359513;12.203956251068062;13.996043748931937;8.9864;9.052;0.4956517325703602;0.05515576121365177;8.679191873378324;9.293608126621676;225.3;202.0;106.52516134697943;0.4728147418862824;159.2750209572165;291.3249790427835;0.6764139430318361;0.6774872870375258;0.011177155934423541;0.016524135922339315;0.6694862700107695;0.6833416160529027;1964.7;1963.5;5.459853477887479;0.00277897565933093;1961.3159477545405;1968.0840522454596;0.2951589095408177;0.3041559995434158;0.0454155849061039;0.15386825007843227;0.2670100383846954;0.32330778069694;4.487546595807754;4.526678758271752;0.4964771551742005;0.11063442898576412;4.179826866955855;4.795266324659654;4.454545454545454;3.2222222222222223;-2.2222222222222223;1.0086775510204082
2.45;0.55;2;2000.0;2000.0;0.0;0.0;2000.0;2000.0;10963.0;10942.0;779.9610246672586;0.07114485311203672;10479.575148474967;11446.424851525033;5.4815;5.471;0.3899805123336295;0.07114485311203676;5.239787574237483;5.723212425762516;442.4;379.5;256.492183116757;0.5797743741337185;283.42449786712416;601.3755021328758;5.4815;5.471;0.3899805123336295;0.07114485311203676;5.239787574237483;5.723212425762516;15.1;15.0;1.445683229480096;0.09574061122384743;14.203956251068062;15.996043748931937;10.963;10.942;0.779961024667259;0.07114485311203676;10.479575148474966;11.446424851525032;442.5;379.5;256.400955536441;0.579437187652974;283.5810413072122;601.4189586927878;0.7110687671957814;0.7065830249829284;0.01381154826186666;0.01942364634623851;0.7025082808936971;0.7196292534978657;1984.5;1985.0;4.4328320518603;0.0022337274133838753;1981.7525022293003;1987.2474977706997;0.2187893608507244;0.2255293686904744;0.0599792613794523;0.2741415814106928;0.18161382949733057;0.2559648922041182;3.6785649834920946;3.687025262562917;0.48056970542818456;0.13064053716185148;3.380704794140762;3.976425172843427;5.4444444444444455;2.8181818181818183;-1.8181818181818181;1.0068061224489793
2.45;0.65;2;2000.0;2000.0;0.0;0.0;2000.0;2000.0;13849.7;13671.0;1277.090212162007;0.09221067692166668;13058.151285803837;14641.248714196165;6.924849999999999;6.8355;0.6385451060810035;0.09221067692166668;6.529075642901917;7.320624357098081;833.1;702.0;513.1394449854737;0.6159397971257636;515.0528769279622;1151.1471230720379;6.924849999999999;6.8355;0.6385451060810035;0.09221067692166668;6.529075642901917;7.320624357098081;17.0;17.0;1.8439088914585775;0.10846522890932808;15.857133428610322;18.14286657138968;13.849699999999999;13.671;1.277090212162007;0.09221067692166668;13.058151285803834;14.641248714196163;833.1;702.0;513.1394449854737;0.6159397971257636;515.0528769279622;1151.1471230720379;0.7488672951717902;0.7447566896045914;0.018916694141211707;0.025260408971221286;0.7371426066715397;0.7605919836720406;1995.2;1995.0;2.749545416973504;0.0013780801007285005;1993.4958140946483;1996.9041859053518;0.1540251822871419;0.14753950716644798;0.06014935064568348;0.3905163412405504;0.11674422851432795;0.19130613605995586;2.9769995296178395;2.954278166726894;0.5050980030982719;0.16966680648522367;2.663936543864748;3.290062515370931;7.000000000000001;2.5384615384615383;-1.5384615384615383;0.9892642857142855
2.45;0.75;2;2000.0;2000.0;0.0;0.0;2000.0;2000.0;17879.8;17793.5;1765.3255677069883;0.09873295941268853;16785.63987728596;18973.960122714037;8.939900000000002;8.89675;0.8826627838534941;0.0987329594126885;8.392819938642983;9.48698006135702;1291.6;1350.5;547.8773950438182;0.4241850379713675;952.0220724157707;1631.177927584229;8.939900000000002;8.89675;0.8826627838534941;0.0987329594126885;8.392819938642983;9.48698006135702;19.8;20.0;1.7776388834631176;0.08977974158904634;18.698208005111674;20.901791994888328;17.879800000000003;17.7935;1.7653255677069881;0.0987329594126885;16.785639877285966;18.97396012271404;1291.6;1350.5;547.8773950438182;0.4241850379713675;952.0220724157707;1631.177927584229;0.7839511568637247;0.7877425952971557;0.02021948533298082;0.025791766688464238;0.7714189900170816;0.7964833237103679;1999.1;1999.5;1.044030650891055;0.0005222503380976715;1998.4529030984465;1999.7470969015533;0.10960980666146336;0.09207801904365885;0.044849590891435163;0.40917498404094343;0.08181174223010274;0.13740787109282399;2.457339915719735;2.326339276826168;0.41771032843502043;0.1699847569979656;2.198440371873529;2.7162394595659407;9.8;2.333333333333333;-1.3333333333333333;0.9122346938775511
2.45;0.85;2;2000.0;2000.0;0.0;0.0;2000.0;2000.0;23248.6;23160.5;2427.26488871734;0.10440477657653967;21744.16563555122;24753.034364448777;11.624300000000002;11.58025;1.2136324443586701;0.10440477657653965;10.872082817775611;12.376517182224392;1674.3;1963.5;412.2298024160796;0.24621023855705645;1418.7973213729451;1929.8026786270548;11.624300000000002;11.58025;1.2136324443586701;0.10440477657653965;10.872082817775611;12.376517182224392;22.8;23.0;1.8330302779823362;0.08039606482378667;21.663876063098748;23.936123936901254;23.248600000000003;23.1605;2.4272648887173403;0.10440477657653965;21.744165635551223;24.753034364448784;1674.3;1963.5;412.2298024160796;0.24621023855705645;1418.7973213729451;1929.8026786270548;0.8084873497320668;0.816180274991203;0.019748784850109977;0.024426832227683878;0.7962469260672598;0.8207277733968739;2000.0;2000.0;0.0;0.0;2000.0;2000.0;0.08617985200672904;0.07723506881527911;0.026582644565130854;0.3084554445864591;0.06970375820765314;0.10265594580580494;2.147112356178089;1.9976340670335166;0.22390558472490873;0.10428219281615331;2.008334236979836;2.2858904753763425;16.333333333333332;2.1764705882352944;-1.1764705882352942;0.711691836734694
2.45;0.95;2;2000.0;2000.0;0.0;0.0;2000.0;2000.0;30336.7;30692.0;3468.840268735359;0.11434468049377022;28186.690526651197;32486.709473348805;15.16835;15.346;1.7344201343676797;0.11434468049377024;14.093345263325599;16.2433547366744;1919.2;1999.0;159.000503143858;0.08284728175482388;1820.6504671467187;2017.7495328532814;15.16835;15.346;1.7344201343676797;0.11434468049377024;14.093345263325599;16.2433547366744;28.6;29.0;1.685229954635272;0.05892412428794657;27.55548365259322;29.644516347406782;30.3367;30.692;3.4688402687353594;0.11434468049377024;28.186690526651198;32.4867094733488;1919.2;1999.0;159.000503143858;0.08284728175482388;1820.6504671467187;2017.7495328532814;0.8087180801947442;0.8136361973261668;0.017422594672471172;0.021543471203556753;0.7979194441394191;0.8195167162500694;2000.0;2000.0;0.0;0.0;2000.0;2000.0;0.07518648860979968;0.07127498313921622;0.012074991158482295;0.16060054647782104;0.06770233155150862;0.08267064566809074;2.006047973986994;1.985051275637819;0.047087205584968345;0.023472621889187997;1.976863021599978;2.0352329263740097;48.99999999999996;2.052631578947368;-1.0526315789473684;0.3095581632653064
2.65;0.05;2;2000.0;2000.0;0.0;0.0;2000.0;2000.0;5579.5;5623.5;200.81894830916727;0.03599228395181777;5455.031126300589;5703.968873699411;2.7897499999999997;2.81175;0.10040947415458358;0.035992283951817756;2.7275155631502943;2.851984436849705;29.3;29.0;4.627094120503711;0.15792130104108226;26.432097351721993;32.16790264827801;2.7897499999999997;2.81175;0.10040947415458358;0.035992283951817756;2.7275155631502943;2.851984436849705;9.6;10.0;1.019803902718557;0.1062295731998497;8.967918992533393;10.232081007466606;5.5794999999999995;5.6235;0.20081894830916716;0.035992283951817756;5.455031126300589;5.70396887369941;30.6;30.0;4.152107898405339;0.13568980060148164;28.02649686225177;33.173503137748234;0.5799611925497401;0.5795409536311114;0.007769427752861948;0.01339646144029819;0.5751456513379672;0.584776733761513;1855.1;1855.0;12.621014222319854;0.006803414491035446;1847.2774143405136;1862.9225856594862;0.446626373777472;0.447903376174301;0.012615431365854584;0.028246051076554028;0.4388072484082726;0.4544454991466714;7.867678918117155;7.533218303354264;0.9495534409966798;0.12069041592560581;7.279139597931592;8.45621823830272;2.7894736842105265;21.0;-20.0;1.0000990566037733
2.65;0.15;2;2000.0;2000.0;0.0;0.0;2000.0;2000.0;6251.7;6301.0;233.68014464220104;0.037378656148279836;6106.863545798718;6396.536454201281;3.1258500000000002;3.1505;0.11684007232110051;0.03737865614827983;3.0534317728993594;3.198268227100641;42.2;43.5;7.2636079189339515;0.17212341040127846;37.69796916936368;46.702030830636325;3.1258500000000002;3.1505;0.11684007232110051;0.03737865614827983;3.0534317728993594;3.198268227100641;10.3;10.0;1.004987562112089;0.09757160797204746;9.67710225558283;10.922897744417172;6.2517000000000005;6.301;0.23368014464220102;0.03737865614827983;6.106863545798719;6.396536454201282;42.8;43.5;6.7201190465645775;0.15701212725618172;38.63482706241385;46.965172937586146;0.6005419572560704;0.5989618761386339;0.008070551297253587;0.01343878008812016;0.595539777737851;0.6055441367742898;1891.5;1889.0;9.447221813845593;0.00499456611887158;1885.6445512554544;1897.3554487445456;0.4317839939503275;0.4299665101436547;0.014732630606693555;0.03412037225351248;0.42265261489628775;0.4409153730043673;6.889065433154944;6.604605615927208;0.7775232880340819;0.11286339135234548;6.40715150644882;7.370979359861069;3.1176470588235294;7.666666666666667;-6.666666666666667;1.0026311320754717
2.65;0.25;2;2000.0;2000.0;0.0;0.0;2000.0;2000.0;7106.1;7155.5;288.46297856050785;0.04059371224166671;6927.308793554045;7284.8912064459555;3.5530500000000003;3.57775;0.14423148928025384;0.04059371224166669;3.463654396777023;3.6424456032229777;69.1;62.5;17.096490868011482;0.24741665510870453;58.50348517671965;79.69651482328034;3.5530500000000003;3.57775;0.14423148928025384;0.04059371224166669;3.463654396777023;3.6424456032229777;10.8;11.0;0.9797958971132712;0.09072184232530288;10.192716211314679;11.407283788685323;7.1061000000000005;7.1555;0.2884629785605077;0.04059371224166669;6.927308793554046;7.2848912064459554;69.3;62.5;16.888161534045082;0.24369641463268518;58.832609035676555;79.76739096432344;0.6226712195338747;0.6238370332489271;0.009634418511832854;0.015472721734344943;0.6166997450738531;0.6286426939938964;1924.7;1923.0;8.764131445842194;0.004553505193454665;1919.2679350519347;1930.1320649480654;0.40670919124262717;0.4044956609521581;0.017292079940495333;0.04251706209948803;0.39599144905626704;0.4174269334289873;5.960647220378421;5.8303451846451395;0.5274840845678865;0.08849443106857754;5.633709197580636;6.287585243176206;3.533333333333333;5.0;-4.0;1.0055801886792455
2.65;0.35;2;2000.0;2000.0;0.0;0.0;2000.0;2000.0;8211.1;8276.0;376.90275934251264;0.045901616024955565;7977.4932495187695;8444.706750481231;4.10555;4.138;0.1884513796712563;0.04590161602495556;3.9887466247593846;4.2223533752406155;125.2;114.5;41.312951964244824;0.3299756546664922;99.59396708586041;150.8060329141396;4.10555;4.138;0.1884513796712563;0.04590161602495556;3.9887466247593846;4.2223533752406155;12.0;12.0;1.0954451150103321;0.09128709291752768;11.321036083433;12.678963916567;8.2111;8.276;0.3769027593425126;0.04590161602495556;7.977493249518769;8.444706750481231;125.4;114.5;41.11009608356566;0.3278317072054677;99.9196984633227;150.8803015366773;0.6477739463595801;0.6491403827734801;0.008805979136410671;0.01359421629397003;0.6423159439441799;0.6532319487749803;1954.1;1953.0;5.008991914547277;0.0025633242487832133;1950.9953946466578;1957.204605353342;0.36231257995760424;0.35740248168998634;0.026376797798323023;0.07280121987872872;0.3459640713064188;0.37866108860878966;5.133615441762911;5.093561800408676;0.47564880939879145;0.0926537670759871;4.838805255369604;5.428425628156218;4.076923076923077;3.857142857142857;-2.857142857142857;1.0070216981132076
2.65;0.45;2;2000.0;2000.0;0.0;0.0;2000.0;2000.0;9707.4;9797.0;536.3243794570595;0.055249024399639406;9374.982705662896;10039.817294337103;4.853699999999999;4.8985;0.2681621897285298;0.05524902439963942;4.687491352831447;5.019908647168551;241.9;218.5;115.47506224289295;0.4773669377548282;170.32781491109833;313.4721850889017;4.853699999999999;4.8985;0.2681621897285298;0.05524902439963942;4.687491352831447;5.019908647168551;14.1;14.0;1.374772708486752;0.09750161053097532;13.24790704732406;14.952092952675939;9.707399999999998;9.797;0.5363243794570596;0.05524902439963942;9.374982705662894;10.039817294337102;242.1;218.5;115.26964040891252;0.47612408264730494;170.65513668289373;313.54486331710626;0.6772132019670325;0.6789786070528645;0.009530315276164675;0.014072843306189152;0.6713062513609658;0.6831201525730992;1975.1;1974.5;4.52658811910251;0.0022918273095552176;1972.294391616779;1977.9056083832209;0.2953024895204668;0.30373496404317923;0.04537438740483862;0.15365392780304962;0.267179152840174;0.32342582620075955;4.293001274131953;4.332754800995807;0.45750909541764456;0.1065709200168251;4.009434198946393;4.576568349317513;4.8181818181818175;3.2222222222222223;-2.2222222222222223;1.0073716981132075
2.65;0.55;2;2000.0;2000.0;0.0;0.0;2000.0;2000.0;11848.3;11872.0;840.9698032628759;0.07097809839916916;11327.061515740059;12369.53848425994;5.92415;5.936;0.4204849016314379;0.07097809839916915;5.66353075787003;6.1847692421299705;472.5;407.5;274.6354856896683;0.5812391231527372;302.2791624271576;642.7208375728424;5.92415;5.936;0.4204849016314379;0.07097809839916915;5.66353075787003;6.1847692421299705;15.4;16.0;1.5620499351813308;0.10143181397281369;14.431831419638089;16.368168580361914;11.8483;11.872;0.8409698032628758;0.07097809839916915;11.32706151574006;12.369538484259941;472.6;407.5;274.54551535219076;0.5809257624887658;302.4349266200611;642.7650733799389;0.7111647690752825;0.7076418489521806;0.01293463977418918;0.01818796478206859;0.7031477962848347;0.7191817418657303;1990.1;1990.0;3.1128764832546763;0.001564180937266809;1988.1706191666754;1992.0293808333245;0.2201419740115717;0.22713736602792145;0.05967977961119856;0.27109677688300143;0.18315206338123166;0.2571318846419117;3.5345382409792676;3.5430973989103673;0.42715710836707943;0.12085230919689602;3.269783522269685;3.79929295968885;5.888888888888889;2.8181818181818183;-1.8181818181818181;1.0059877358490565
2.65;0.65;2;2000.0;2000.0;0.0;0.0;2000.0;2000.0;14966.8;14858.0;1356.5338034859287;0.09063619501068557;14126.011637762747;15807.588362237251;7.4834000000000005;7.429;0.6782669017429643;0.09063619501068555;7.063005818881375;7.903794181118626;885.7;763.0;524.138731635051;0.5917790805408728;560.8354484318119;1210.564551568188;7.4834000000000005;7.429;0.6782669017429643;0.09063619501068555;7.063005818881375;7.903794181118626;17.8;17.5;1.9899748742132397;0.1117963412479348;16.566600794551903;19.0333992054481;14.966800000000001;14.858;1.3565338034859287;0.09063619501068555;14.12601163776275;15.807588362237253;885.8;763.0;524.0579738922021;0.5916211039650058;560.9855025994068;1210.614497400593;0.7485976290674108;0.7468942996032927;0.018254662060035953;0.024385145438915266;0.7372832723022413;0.7599119858325802;1997.2;1997.5;1.98997487421324;0.000996382372428019;1995.966600794552;1998.433399205448;0.15480665251369596;0.14826971677295428;0.059549062364695114;0.3846673343668272;0.11789776127212556;0.19171554375526637;2.879385174213187;2.8596624575774077;0.4741287928556084;0.16466320556962913;2.5855171038339684;3.1732532445924058;7.571428571428572;2.5384615384615383;-1.5384615384615383;0.9883735849056604
2.65;0.75;2;2000.0;2000.0;0.0;0.0;2000.0;2000.0;19264.7;19150.0;1853.1452209689342;0.09619382710184607;18116.1086922697;20413.291307730302;9.632349999999999;9.575;0.9265726104844672;0.0961938271018461;9.058054346134849;10.206645653865149;1346.4;1453.5;539.9826293502413;0.4010566171644691;1011.7152988880431;1681.0847011119572;9.632349999999999;9.575;0.9265726104844672;0.0961938271018461;9.058054346134849;10.206645653865149;20.9;21.5;2.0223748416156684;0.09676434648878797;19.646519086702952;22.153480913297045;19.264699999999998;19.15;1.8531452209689343;0.0961938271018461;18.116108692269698;20.413291307730297;1346.4;1453.5;539.9826293502413;0.4010566171644691;1011.7152988880431;1681.0847011119572;0.7840965000564779;0.7891122833443269;0.01962120047351294;0.025023961300808813;0.7719351540075552;0.7962578461054006;1999.8;2000.0;0.4;0.00020002000200020003;1999.5520774314427;2000.0479225685572;0.11161387597560539;0.09254699677237355;0.04383685396553404;0.3927545171454769;0.0844435123941001;0.13878423955711067;2.3974095047523765;2.2599192096048024;0.3850991692558931;0.16063136835509845;2.1587225667744634;2.6360964427302895;10.6;2.333333333333333;-1.3333333333333333;0.9087122641509433
2.65;0.85;2;2000.0;2000.0;0.0;0.0;2000.0;2000.0;24977.4;24902.5;2574.1953772004176;0.10306098221593991;23381.897175291;26572.902824709003;12.488699999999998;12.45125;1.2870976886002086;0.10306098221593991;11.690948587645497;13.286451412354499;1710.6;1981.0;380.8559307664776;0.22264464560182254;1474.5430484853284;1946.6569515146714;12.488699999999998;12.45125;1.2870976886002086;0.10306098221593991;11.690948587645497;13.286451412354499;24.4;24.5;1.6852299546352718;0.06906680141947835;23.355483652593218;25.44451634740678;24.977399999999996;24.9025;2.574195377200417;0.10306098221593991;23.381897175290995;26.572902824708997;1710.6;1981.0;380.8559307664776;0.22264464560182254;1474.5430484853284;1946.6569515146714;0.8074478280728712;0.8145737805564985;0.018799434441867106;0.02328253763061764;0.7957958178872452;0.8190998382584972;2000.0;2000.0;0.0;0.0;2000.0;2000.0;0.08896703324108053;0.08178308773963597;0.024788002425341064;0.2786200856914177;0.07360327016434882;0.10433079631781224;2.116731965982992;1.991739619809905;0.19069627050327165;0.09008994694078518;1.9985371929893672;2.2349267389766165;17.666666666666664;2.1764705882352944;-1.1764705882352942;0.7069075471698113
2.65;0.95;2;2000.0;2000.0;0.0;0.0;2000.0;2000.0;32521.7;32894.0;3733.849998326125;0.11481103381207393;30207.435794519217;34835.964205480785;16.26085;16.447000000000003;1.8669249991630628;0.11481103381207394;15.10371789725961;17.417982102740392;1940.9;1999.0;122.58992617666428;0.063161381924192;1864.9179765576096;2016.8820234423906;16.26085;16.447000000000003;1.8669249991630628;0.11481103381207394;15.10371789725961;17.417982102740392;30.3;30.5;1.1;0.036303630363036306;29.6182129364677;30.981787063532302;32.5217;32.894000000000005;3.7338499983261255;0.11481103381207394;30.20743579451922;34.835964205480785;1940.9;1999.0;122.58992617666428;0.063161381924192;1864.9179765576096;2016.8820234423906;0.8079291522825642;0.8108039455373619;0.016686689355452696;0.020653654232316538;0.7975866350682644;0.818271669496864;2000.0;2000.0;0.0;0.0;2000.0;2000.0;0.0784812209030459;0.0741192002534966;0.011216677048747374;0.14292179606385363;0.07152905244154077;0.08543338936455104;1.9964263131565783;1.9840877938969483;0.029272333451201067;0.014662366077973677;1.9782831329143666;2.0145694933987897;52.99999999999995;2.052631578947368;-1.0526315789473684;0.30680849056603804
2.85;0.05;2;2000.0;2000.0;0.0;0.0;2000.0;2000.0;6003.2;6042.5;199.46167551687716;0.033225892110354004;5879.572372692832;6126.827627307168;3.0016;3.02125;0.0997308377584386;0.03322589211035402;2.939786186346416;3.063413813653584;31.3;31.0;4.243819034784589;0.1355852726768239;28.66965371101066;33.93034628898934;3.0016;3.02125;0.0997308377584386;0.03322589211035402;2.939786186346416;3.063413813653584;9.9;10.0;1.1357816691600546;0.11472542112727824;9.196035228154136;10.603964771845865;6.0032;6.0425;0.1994616755168772;0.03322589211035402;5.879572372692832;6.126827627307168;32.5;32.5;4.177319714841085;0.12853291430280261;29.91087041652991;35.08912958347009;0.5810423386650605;0.5794600065960325;0.0072703945743121156;0.012512676083150466;0.576536101421841;0.58554857590828;1885.1;1883.5;9.24608025057105;0.004904822158278632;1879.369220087981;1890.830779912019;0.4467738910667734;0.44595224099313435;0.011755478929299897;0.026311920110709784;0.43948776973984316;0.45406001239370364;7.453986880069705;7.163911821608718;0.8175368342731542;0.10967779356562392;6.947272300461897;7.960701459677512;3.0000000000000004;21.0;-20.0;1.000533333333333
2.85;0.15;2;2000.0;2000.0;0.0;0.0;2000.0;2000.0;6722.7;6763.0;242.570835015259;0.03608235307469603;6572.35303881488;6873.0469611851195;3.3613500000000003;3.3815;0.1212854175076295;0.036082353074696025;3.2861765194074404;3.43652348059256;44.1;45.0;7.020683727387241;0.15919917749177417;39.74853514319603;48.45146485680397;3.3613500000000003;3.3815;0.1212854175076295;0.036082353074696025;3.2861765194074404;3.43652348059256;10.5;10.5;1.118033988749895;0.10647942749999;9.807035354437183;11.192964645562817;6.722700000000001;6.763;0.242570835015259;0.036082353074696025;6.572353038814881;6.87304696118512;44.6;45.0;6.590902821313633;0.1477780901639828;40.51491610857256;48.685083891427446;0.6022693576889248;0.601390480193948;0.007335999192978244;0.012180595109684006;0.5977224582817829;0.6068162570960666;1914.1;1912.0;8.734414691323055;0.004563196641410091;1908.6863536872086;1919.5136463127913;0.43260045441750583;0.43183747896891533;0.014017943878335116;0.032403904654261635;0.423912042786987;0.44128886604802464;6.521469816920951;6.360470829771796;0.5701660002601253;0.08742906373356853;6.168077268699761;6.874862365142141;3.3529411764705883;7.666666666666667;-6.666666666666667;1.0025078947368422
2.85;0.25;2;2000.0;2000.0;0.0;0.0;2000.0;2000.0;7638.7;7672.5;314.86697191036086;0.04121996830748175;7443.543428925388;7833.856571074612;3.819349999999999;3.8362499999999997;0.15743348595518042;0.04121996830748176;3.7217717144626934;3.916928285537305;73.5;69.0;18.018046508986483;0.24514348991818344;62.332299072772415;84.66770092722759;3.819349999999999;3.8362499999999997;0.15743348595518042;0.04121996830748176;3.7217717144626934;3.916928285537305;11.6;11.5;1.1135528725660044;0.0959959372901728;10.909812779022966;12.290187220977034;7.638699999999998;7.672499999999999;0.31486697191036084;0.04121996830748176;7.443543428925387;7.83385657107461;73.7;69.0;17.810390225932725;0.24166065435458242;62.66100577045174;84.73899422954827;0.6232554614895748;0.6249660799122432;0.007677099235501778;0.012317740813941016;0.6184971460857395;0.6280137768934101;1941.5;1941.0;6.51536645170477;0.0033558415924309914;1937.4617340355048;1945.5382659644952;0.4072867241273885;0.4055261828816831;0.016773499721101034;0.04118351698557876;0.3968904012910163;0.41768304696376063;5.7070984621042005;5.582250448373133;0.4665037479907443;0.08174096716367933;5.417956443495634;5.996240480712767;3.8000000000000003;5.0;-4.0;1.0050921052631576
2.85;0.35;2;2000.0;2000.0;0.0;0.0;2000.0;2000.0;8826.7;8921.0;409.007591616586;0.046337543092728424;8573.194468317553;9080.205531682448;4.413349999999999;4.4605;0.20450379580829295;0.04633754309272842;4.286597234158776;4.5401027658412225;135.7;123.5;46.769755184306874;0.3446555282557618;106.71180540978793;164.68819459021205;4.413349999999999;4.4605;0.20450379580829295;0.04633754309272842;4.286597234158776;4.5401027658412225;12.8;13.0;1.2489995996796797;0.09757809372497497;12.025862027801246;13.574137972198756;8.826699999999999;8.921;0.4090075916165859;0.04633754309272842;8.573194468317553;9.080205531682445;135.9;123.5;46.57134311999172;0.342688323178747;107.03478248133231;164.7652175186677;0.649657882155467;0.6522719822330787;0.008180918616379065;0.012592656598325274;0.6445872962641418;0.6547284680467923;1965.4;1965.0;3.5270384177096794;0.0017945651865827208;1963.2139189402037;1967.5860810597965;0.362106697576934;0.35715406809152983;0.026350424025307174;0.07276977808373375;0.3457745355596201;0.37843885959424783;4.8917338797139935;4.878034588429905;0.4289366088501589;0.0876860065157996;4.625876215178127;5.15759154424986;4.384615384615385;3.857142857142857;-2.857142857142857;1.0065535087719295
2.85;0.45;2;2000.0;2000.0;0.0;0.0;2000.0;2000.0;10460.2;10576.5;588.2985296598998;0.056241613894562226;10095.568793620732;10824.83120637927;5.230099999999998;5.28825;0.29414926482994996;0.05624161389456225;5.047784396810364;5.412415603189633;259.4;233.0;123.43030422064105;0.4758300085606826;182.89710484955486;335.9028951504451;5.230099999999998;5.28825;0.29414926482994996;0.05624161389456225;5.047784396810364;5.412415603189633;14.8;15.0;1.32664991614216;0.08963850784744325;13.977733863034603;15.622266136965399;10.460199999999997;10.5765;0.5882985296598999;0.05624161389456225;10.095568793620728;10.824831206379265;259.6;233.0;123.22272517681145;0.4746638103883338;183.2257636738671;335.97423632613294;0.6784064559117999;0.6785744982579172;0.009202859816156397;0.013565407192046042;0.6727024643025665;0.6841104475210333;1982.7;1984.0;3.8223029707232783;0.001927827190559983;1980.3309120742363;1985.0690879257638;0.2955846877741342;0.30465314201418214;0.044962107208199174;0.15211243703718566;0.26771688500713176;0.3234524905411367;4.098509278000516;4.1193464047467785;0.3958257050045233;0.0965779697338222;3.8531739642863;4.343844591714731;5.181818181818182;3.2222222222222223;-2.2222222222222223;1.009317543859649
2.85;0.55;2;2000.0;2000.0;0.0;0.0;2000.0;2000.0;12746.9;12819.0;916.7979548406508;0.07192320915992523;12178.662740469792;13315.137259530207;6.37345;6.4094999999999995;0.4583989774203255;0.07192320915992523;6.089331370234897;6.6575686297651036;502.8;432.5;286.7489494313798;0.5703041953686949;325.0711598147335;680.5288401852665;6.37345;6.4094999999999995;0.4583989774203255;0.07192320915992523;6.089331370234897;6.6575686297651036;16.3;17.0;1.345362404707371;0.082537570840943;15.466135742461642;17.13386425753836;12.7469;12.818999999999999;0.916797954840651;0.07192320915992523;12.178662740469793;13.315137259530207;502.8;432.5;286.7489494313798;0.5703041953686949;325.0711598147335;680.5288401852665;0.7122323814673268;0.709242128005839;0.013058077339308086;0.018334012436230573;0.7041389012813772;0.7203258616532764;1992.8;1992.5;2.5612496949731396;0.0012852517538002508;1991.2125209922647;1994.3874790077352;0.22134786121072322;0.22921477587440037;0.059129713979298296;0.2671347880023417;0.18469888479122257;0.25799683763022385;3.4153637251556495;3.42077159348793;0.39393608979508465;0.11534235340545806;3.1711996070822055;3.6595278432290934;6.333333333333334;2.8181818181818183;-1.8181818181818181;1.0063342105263158
2.85;0.65;2;2000.0;2000.0;0.0;0.0;2000.0;2000.0;16065.3;15934.5;1425.2229334388358;0.08871436782623641;15181.937673938037;16948.66232606196;8.03265;7.96725;0.7126114667194179;0.0887143678262364;7.59096883696902;8.474331163030982;932.7;818.5;529.3596225629605;0.5675561515631612;604.5995067093011;1260.800493290699;8.03265;7.96725;0.7126114667194179;0.0887143678262364;7.59096883696902;8.474331163030982;18.9;19.0;1.7;0.08994708994708996;17.846329083631893;19.953670916368104;16.0653;15.9345;1.4252229334388358;0.0887143678262364;15.18193767393804;16.948662326061964;932.8;818.5;529.2758826925708;0.5674055346189653;604.7514092186952;1260.8485907813047;0.7488384355723048;0.7466669763458029;0.01830603000786913;0.024445900661974735;0.7374922406232145;0.7601846305213951;1998.5;1998.5;1.284523257866513;0.0006427436866982801;1997.7038442363457;1999.2961557636543;0.15582714549315568;0.14870001761941257;0.05825221294352952;0.3738258360517045;0.11972204985040352;0.19193224113590784;2.801471524109547;2.7750719777263253;0.4480787447676518;0.15994406543542308;2.5237494408128405;3.079193607406254;8.142857142857144;2.5384615384615383;-1.5384615384615383;0.9864657894736841
2.85;0.75;2;2000.0;2000.0;0.0;0.0;2000.0;2000.0;20652.8;20488.5;1935.7888211269328;0.09373009088970662;19452.985658204736;21852.614341795263;10.3264;10.244250000000001;0.9678944105634664;0.09373009088970662;9.726492829102368;10.926307170897632;1396.1;1530.5;526.9091857236881;0.3774150746534547;1069.5183031975;1722.6816968024998;10.3264;10.244250000000001;0.9678944105634664;0.09373009088970662;9.726492829102368;10.926307170897632;21.4;22.0;1.9078784028338913;0.08915319639410707;20.217484714686528;22.58251528531347;20.6528;20.488500000000002;1.9357888211269327;0.09373009088970662;19.452985658204735;21.852614341795263;1396.1;1530.5;526.9091857236881;0.3774150746534547;1069.5183031975;1722.6816968024998;0.7836887317011624;0.7887686137429896;0.018693310208714953;0.02385297816919884;0.7721024979967095;0.7952749654056153;2000.0;2000.0;0.0;0.0;2000.0;2000.0;0.11359601768284297;0.09494159593517412;0.04268170025168918;0.3757323638831719;0.0871416257908747;0.14005040957481124;2.34107903951976;2.206688344172086;0.3460219783078377;0.14780448351663483;2.126612395421452;2.555545683618068;11.4;2.333333333333333;-1.3333333333333333;0.9058245614035088
2.85;0.85;2;2000.0;2000.0;0.0;0.0;2000.0;2000.0;26681.1;26725.0;2697.9307422541447;0.10111767289407651;25008.90520147729;28353.294798522707;13.340549999999999;13.3625;1.3489653711270722;0.1011176728940765;12.504452600738645;14.176647399261352;1742.4;1989.5;351.30220608473275;0.20161972341869416;1524.660636819155;1960.1393631808453;13.340549999999999;13.3625;1.3489653711270722;0.1011176728940765;12.504452600738645;14.176647399261352;25.7;26.0;1.7916472867168918;0.06971390220688295;24.58952550682152;26.81047449317848;26.681099999999997;26.725;2.6979307422541443;0.1011176728940765;25.00890520147729;28.353294798522704;1742.4;1989.5;351.30220608473275;0.20161972341869416;1524.660636819155;1960.1393631808453;0.8060897272685263;0.8137300593774985;0.018275271662056412;0.022671510433439023;0.7947625965396822;0.8174168579973705;2000.0;2000.0;0.0;0.0;2000.0;2000.0;0.09187573637758491;0.0862689171159158;0.023359483015943556;0.25425083854503516;0.07739737880388231;0.1063540939512875;2.092751575787894;1.9884092046023012;0.1641448873737008;0.07843496059101156;1.9910135205548432;2.1944896310209447;18.999999999999996;2.1764705882352944;-1.1764705882352942;0.7021342105263159
2.85;0.95;2;2000.0;2000.0;0.0;0.0;2000.0;2000.0;34669.1;35068.5;3949.5544419592447;0.11392145864643861;32221.140795232404;37117.0592047676;17.33455;17.53425;1.9747772209796224;0.11392145864643861;16.1105703976162;18.5585296023838;1957.0;1999.0;93.43232845220118;0.04774263078804352;1899.0900428596256;2014.9099571403744;17.33455;17.53425;1.9747772209796224;0.11392145864643861;16.1105703976162;18.5585296023838;31.6;32.0;1.8;0.056962025316455694;30.484348441492596;32.7156515585074;34.6691;35.0685;3.9495544419592448;0.11392145864643861;32.2211407952324;37.1170592047676;1957.0;1999.0;93.43232845220118;0.04774263078804352;1899.0900428596256;2014.9099571403744;0.8067079170175017;0.8074905926951096;0.015933788412893342;0.01975162022929255;0.7968320526420729;0.8165837813929304;2000.0;2000.0;0.0;0.0;2000.0;2000.0;0.08160574112068679;0.0778441636215923;0.010519160759534272;0.12890221466131258;0.07508589773426215;0.08812558450711143;1.990322811405703;1.9829904952476238;0.01879927295836451;0.00944533864086458;1.9786709013085888;2.001974721502817;56.99999999999995;2.052631578947368;-1.0526315789473684;0.30411491228070203
3.0;0.05;2;2000.0;2000.0;0.0;0.0;2000.0;2000.0;6315.1;6351.5;202.96622871798155;0.032139828144919565;6189.300228114675;6440.899771885326;3.15755;3.17575;0.1014831143589908;0.03213982814491957;3.094650114057337;3.220449885942663;32.8;32.0;4.4;0.13414634146341467;30.072851745870786;35.52714825412921;3.15755;3.17575;0.1014831143589908;0.03213982814491957;3.094650114057337;3.220449885942663;10.6;11.0;0.8;0.07547169811320756;10.104154862885597;11.095845137114402;6.3151;6.3515;0.2029662287179816;0.03213982814491957;6.189300228114674;6.440899771885326;33.9;33.5;4.369210454990695;0.12888526415901755;31.191935303579324;36.60806469642067;0.5829889711775464;0.5840540866746045;0.006338774362685462;0.010872888984301247;0.5790601581237926;0.5869177842313003;1901.4;1899.0;8.720091742636656;0.004586142706761678;1895.9952311427778;1906.8047688572224;0.44636746415575823;0.4456874729895506;0.012115225428633839;0.02714182014038164;0.4388583696384672;0.45387655867304927;7.125645208724457;6.890764073235974;0.6602165575520107;0.09265358268801518;6.716438746843738;7.534851670605176;3.1578947368421053;21.0;-20.0;0.9998908333333334
3.0;0.15;2;2000.0;2000.0;0.0;0.0;2000.0;2000.0;7077.9;7119.0;257.83112690286254;0.036427630639435785;6918.094611910611;7237.705388089388;3.53895;3.5595;0.1289155634514313;0.03642763063943579;3.4590473059553055;3.618852694044694;46.2;46.5;7.413501197140255;0.1604653938774947;41.60506435300776;50.79493564699224;3.53895;3.5595;0.1289155634514313;0.03642763063943579;3.4590473059553055;3.618852694044694;11.2;11.0;1.0770329614269007;0.096163657270259;10.532448054455685;11.867551945544314;7.0779;7.119;0.2578311269028626;0.03642763063943579;6.918094611910611;7.237705388089388;46.7;46.5;6.972087205421343;0.1492952292381444;42.37865557956786;51.02134442043214;0.603745970729315;0.6020199874507335;0.0065924529850584805;0.010919249659082458;0.5996599260364444;0.6078320154221857;1928.7;1927.5;6.708949247087803;0.003478482525580859;1924.5417501758552;1932.8582498241449;0.43386063713789536;0.4330566970343309;0.013769998791639856;0.031738299382212204;0.4253259034642631;0.44239537081152763;6.3137888693968245;6.164558240483679;0.5199476079521278;0.08235112366083916;5.991522003200164;6.636055735593485;3.5294117647058822;7.666666666666667;-6.666666666666667;1.0027025
3.0;0.25;2;2000.0;2000.0;0.0;0.0;2000.0;2000.0;8032.0;8055.0;335.0967024606479;0.04172020697966234;7824.30491202727;8239.69508797273;4.016;4.0275;0.167548351230324;0.04172020697966235;3.912152456013635;4.119847543986365;78.0;74.5;18.509457042279767;0.23730073131127907;66.52771966869707;89.47228033130293;4.016;4.0275;0.167548351230324;0.04172020697966235;3.912152456013635;4.119847543986365;12.0;12.0;1.0;0.08333333333333333;11.380193578606997;12.619806421393003;8.032;8.055;0.335096702460648;0.04172020697966235;7.82430491202727;8.23969508797273;78.2;74.5;18.307375562870828;0.23410966192929447;66.85297106727933;89.54702893272068;0.6247176462196857;0.6241672074814509;0.007201877913541063;0.011528212716771057;0.6202538760427846;0.6291814163965869;1951.3;1950.0;4.73392015141785;0.0024260340036989956;1948.3658858917895;1954.2341141082104;0.40724850034862614;0.4049868368733276;0.017193605242558703;0.04221895286990639;0.39659179341239187;0.4179052072848604;5.517569251000694;5.403214696694988;0.4463389749822246;0.08089413194066832;5.240925488188741;5.794213013812647;4.0;5.0;-4.0;1.004
3.0;0.35;2;2000.0;2000.0;0.0;0.0;2000.0;2000.0;9295.9;9379.0;438.95590894758436;0.04722037768775313;9023.832308925885;9567.967691074115;4.64795;4.689500000000001;0.2194779544737922;0.04722037768775314;4.511916154462942;4.783983845537057;141.1;129.5;48.47360106284656;0.3435407587728318;111.05575079320504;171.14424920679494;4.64795;4.689500000000001;0.2194779544737922;0.04722037768775314;4.511916154462942;4.783983845537057;13.4;14.0;1.3564659966250536;0.10122880571828759;12.559253664890534;14.240746335109467;9.2959;9.379000000000001;0.4389559089475844;0.04722037768775314;9.023832308925885;9.567967691074115;141.3;129.5;48.266033605424845;0.3415855173773874;111.38440243618724;171.21559756381276;0.650381939884082;0.6523871049532104;0.007557491416776222;0.01162008191390308;0.6456977581743416;0.6550661215938224;1972.3;1972.5;3.287856444554719;0.0016670163994091766;1970.2621654630466;1974.3378345369533;0.36220128556232556;0.3579862821090266;0.026153715802621595;0.07220768353159589;0.3459910445645731;0.37841152656007804;4.744506164993105;4.70511589548704;0.4255137809302781;0.08968557867410769;4.480769991181303;5.008242338804907;4.615384615384615;3.857142857142857;-2.857142857142857;1.0070558333333335
3.0;0.45;2;2000.0;2000.0;0.0;0.0;2000.0;2000.0;11011.1;11121.0;601.2125165031081;0.0546005863631343;10638.464621649528;11383.735378350473;5.50555;5.5605;0.300606258251554;0.05460058636313429;5.319232310824764;5.691867689175237;274.5;246.5;129.7538053391884;0.4726914584305588;194.0777582505934;354.92224174940657;5.50555;5.5605;0.300606258251554;0.05460058636313429;5.319232310824764;5.691867689175237;15.3;15.0;1.345362404707371;0.08793218331420724;14.466135742461642;16.13386425753836;11.0111;11.121;0.601212516503108;0.05460058636313429;10.638464621649527;11.383735378350474;274.7;246.5;129.55002894634953;0.47160549307007477;194.40406016740323;354.9959398325967;0.6790970669639222;0.6796128498401561;0.009088887070468414;0.013383781954916426;0.6734637163943301;0.6847304175335144;1987.3;1986.5;3.3481338085566414;0.0016847651630637758;1985.2248051657734;1989.3751948342265;0.29503305680165115;0.3049359228498736;0.04483179437351836;0.1519551566848948;0.26724602276637377;0.32282009083692853;3.9724724396242954;4.02950930941937;0.34451038166734416;0.08672442336690621;3.7589426928303213;4.1860021864182695;5.454545454545454;3.2222222222222223;-2.2222222222222223;1.0093508333333334
3.0;0.55;2;2000.0;2000.0;0.0;0.0;2000.0;2000.0;13424.4;13482.5;953.1703100705561;0.07100282396759304;12833.61892113711;14015.18107886289;6.7122;6.74125;0.4765851550352781;0.07100282396759305;6.4168094605685555;7.007590539431445;526.2;452.0;296.51232689384096;0.5634973905242131;342.41975576901643;709.9802442309837;6.7122;6.74125;0.4765851550352781;0.07100282396759305;6.4168094605685555;7.007590539431445;17.1;17.5;1.374772708486752;0.08039606482378667;16.247907047324063;17.95209295267594;13.4244;13.4825;0.9531703100705562;0.07100282396759305;12.833618921137111;14.01518107886289;526.2;452.0;296.51232689384096;0.5634973905242131;342.41975576901643;709.9802442309837;0.7123871957599941;0.7084983462760329;0.012133787683305235;0.017032574077023632;0.7048665962380621;0.719907795281926;1994.7;1995.0;2.4515301344262523;0.0012290219754480635;1993.1805258804443;1996.2194741195558;0.2216232124349992;0.22857168776109982;0.05877388130491834;0.2651973169198438;0.18519478339202067;0.2580516414779777;3.3312731119678256;3.3402810013615416;0.36793711117565703;0.11044939841582424;3.1032233277923624;3.559322896143289;6.666666666666667;2.8181818181818183;-1.8181818181818181;1.00683
3.0;0.65;2;2000.0;2000.0;0.0;0.0;2000.0;2000.0;16889.3;16733.5;1453.6635821262084;0.08607009065658189;15988.309977253022;17790.290022746976;8.44465;8.36675;0.7268317910631044;0.08607009065658192;7.99415498862651;8.895145011373488;966.6;857.0;532.8705658975733;0.5512834325445617;636.323401485361;1296.876598514639;8.44465;8.36675;0.7268317910631044;0.08607009065658192;7.99415498862651;8.895145011373488;19.6;19.5;2.009975124224178;0.10254975123592744;18.35420451116566;20.845795488834344;16.8893;16.7335;1.4536635821262087;0.08607009065658192;15.98830997725302;17.790290022746976;966.7;857.0;532.7851443124142;0.5511380410803912;636.4763463323683;1296.9236536676317;0.7490313755347919;0.7473919758449714;0.01800767604918258;0.02404128403342983;0.7378701022851436;0.7601926487844403;1999.2;1999.0;0.7483314773547883;0.0003743154648633395;1998.736179345005;1999.663820654995;0.1567406825432457;0.14833963262983282;0.05775196049511946;0.3684554613266109;0.12094564658033566;0.19253571850615572;2.7462069316940747;2.7229533678250535;0.42720441125518194;0.1555616244081246;2.481422894350696;3.0109909690374534;8.571428571428571;2.5384615384615383;-1.5384615384615383;0.9852091666666666
3.0;0.75;2;2000.0;2000.0;0.0;0.0;2000.0;2000.0;21689.0;21534.0;1997.6029635540692;0.09210212382101846;20450.872855795496;22927.127144204504;10.8445;10.767;0.9988014817770343;0.09210212382101843;10.225436427897748;11.463563572102252;1428.9;1592.0;517.9062559961986;0.36245101546378233;1107.898376853948;1749.901623146052;10.8445;10.767;0.9988014817770343;0.09210212382101843;10.225436427897748;11.463563572102252;22.2;23.0;1.4696938456699067;0.06620242548062642;21.289074316972016;23.110925683027983;21.689;21.534;1.9976029635540686;0.09210212382101843;20.450872855795495;22.927127144204505;1428.9;1592.0;517.9062559961986;0.36245101546378233;1107.898376853948;1749.901623146052;0.7835211384541984;0.7886691484612998;0.01842555173343361;0.023516342864450618;0.7721008631721072;0.7949414137362895;2000.0;2000.0;0.0;0.0;2000.0;2000.0;0.11516046460802272;0.09677648679851185;0.04178563675412712;0.3628470664507557;0.08926145862581927;0.14105947059022617;2.309703101550775;2.1673029014507255;0.3285425948739369;0.14224451387424975;2.1060702915467893;2.513335911554761;12.0;2.333333333333333;-1.3333333333333333;0.9037083333333333
3.0;0.85;2;2000.0;2000.0;0.0;0.0;2000.0;2000.0;27957.0;28049.0;2813.195976109734;0.10062581736630304;26213.363069370233;29700.636930629767;13.978500000000002;14.0245;1.4065979880548671;0.10062581736630304;13.106681534685118;14.850318465314887;1766.6;1995.0;329.51182072878663;0.18652316355076795;1562.3664575873981;1970.8335424126017;13.978500000000002;14.0245;1.4065979880548671;0.10062581736630304;13.106681534685118;14.850318465314887;26.5;27.0;1.2041594578792296;0.04543997954261244;25.753654235625337;27.246345764374663;27.957000000000004;28.049;2.8131959761097343;0.10062581736630304;26.213363069370235;29.700636930629774;1766.6;1995.0;329.51182072878663;0.18652316355076795;1562.3664575873981;1970.8335424126017;0.8053446050598447;0.8117822286154892;0.017783637577972078;0.022082022361906286;0.7943221922932917;0.8163670178263978;2000.0;2000.0;0.0;0.0;2000.0;2000.0;0.09384236955349354;0.08923503485427661;0.022022195952438428;0.23467220677846357;0.08019287108899721;0.10749186801798986;2.075420710355177;1.9867973986993497;0.14357918752432183;0.06918076263185714;1.9864294079492124;2.164412012761142;19.999999999999996;2.1764705882352944;-1.1764705882352942;0.6989250000000002
3.0;0.95;2;2000.0;2000.0;0.0;0.0;2000.0;2000.0;36273.5;36656.0;4125.036393778848;0.11372038523381664;33716.775954656034;38830.224045343966;18.13675;18.328000000000003;2.062518196889424;0.11372038523381665;16.858387977328018;19.41511202267198;1964.7;1999.0;78.10256077748028;0.03975291941644031;1916.2915313028805;2013.1084686971196;18.13675;18.328000000000003;2.062518196889424;0.11372038523381665;16.858387977328018;19.41511202267198;32.9;33.0;2.071231517720798;0.06295536528026742;31.616237405125073;34.18376259487492;36.2735;36.656000000000006;4.125036393778848;0.11372038523381665;33.716775954656036;38.83022404534396;1964.7;1999.0;78.10256077748028;0.03975291941644031;1916.2915313028805;2013.1084686971196;0.8062816193546037;0.8061837002653635;0.015870403775639943;0.019683449795548567;0.7964450411843623;0.8161181975248452;2000.0;2000.0;0.0;0.0;2000.0;2000.0;0.08393556271902221;0.08080939276406543;0.010085767356668196;0.12016083564520466;0.07768433934668334;0.09018678609136108;1.986996348174087;1.9822313656828414;0.013159786298908443;0.006622954446293463;1.978839828121864;1.9951528682263102;59.99999999999995;2.052631578947368;-1.0526315789473684;0.30227916666666693
