beta;gamma;dim;n_vertices_mean;n_vertices_median;n_vertices_std;n_vertices_cv;n_vertices_ci_low;n_vertices_ci_high;n_edges_mean;n_edges_median;n_edges_std;n_edges_cv;n_edges_ci_low;n_edges_ci_high;indegree_mean_mean;indegree_mean_median;indegree_mean_std;indegree_mean_cv;indegree_mean_ci_low;indegree_mean_ci_high;indegree_max_mean;indegree_max_median;indegree_max_std;indegree_max_cv;indegree_max_ci_low;indegree_max_ci_high;outdegree_mean_mean;outdegree_mean_median;outdegree_mean_std;outdegree_mean_cv;outdegree_mean_ci_low;outdegree_mean_ci_high;outdegree_max_mean;outdegree_max_median;outdegree_max_std;outdegree_max_cv;outdegree_max_ci_low;outdegree_max_ci_high;total_degree_mean_mean;total_degree_mean_median;total_degree_mean_std;total_degree_mean_cv;total_degree_mean_ci_low;total_degree_mean_ci_high;total_degree_max_mean;total_degree_max_median;total_degree_max_std;total_degree_max_cv;total_degree_max_ci_low;total_degree_max_ci_high;avg_local_clustering_mean;avg_local_clustering_median;avg_local_clustering_std;avg_local_clustering_cv;avg_local_clustering_ci_low;avg_local_clustering_ci_high;vertices_degree_ge_2_mean;vertices_degree_ge_2_median;vertices_degree_ge_2_std;vertices_degree_ge_2_cv;vertices_degree_ge_2_ci_low;vertices_degree_ge_2_ci_high;global_clustering_mean;global_clustering_median;global_clustering_std;global_clustering_cv;global_clustering_ci_low;global_clustering_ci_high;avg_shortest_path_length_mean;avg_shortest_path_length_median;avg_shortest_path_length_std;avg_shortest_path_length_cv;avg_shortest_path_length_ci_low;avg_shortest_path_length_ci_high;expected_theoretical_outdegree_mean;indegree_powerlaw_alpha_theory;indegree_ccdf_slope_theory;outdegree_mean_vs_theory_ratio
0.05;0.05;2;200.0;200.0;0.0;0.0;200.0;200.0;10.37;10.0;3.1261957712209902;0.30146535884484;9.757265628840685;10.982734371159314;0.05185000000000001;0.05;0.015630978856104948;0.3014653588448398;0.04878632814420344;0.05491367185579658;1.38;1.0;0.5617828762075256;0.40708904073009106;1.269890556263325;1.4901094437366749;0.05185000000000001;0.05;0.015630978856104948;0.3014653588448398;0.04878632814420344;0.05491367185579658;1.14;1.0;0.3746998799039039;0.3286841051788631;1.0665588235388348;1.213441176461165;0.10370000000000001;0.1;0.031261957712209895;0.3014653588448398;0.09757265628840688;0.10982734371159315;1.57;2.0;0.6364746656387824;0.4053978762030461;1.4452509655347987;1.6947490344652014;0.07205555555555555;0.0;0.2471360086877739;3.4297981159444335;0.023616897852751867;0.12049421325835924;0.98;1.0;1.3489254983133798;1.3764545901156937;0.7156106023305775;1.2443893976694225;0.06974999999999999;0.0;0.24138390066448093;3.460701084795426;0.022438755469761734;0.11706124453023825;1.0557940679747952;1.0;0.0710751852429602;0.06731917463724277;1.041863331667175;1.0697248042824155;0.052631578947368425;21.0;-20.0;0.9851500000000001
0.05;0.15;2;200.0;200.0;0.0;0.0;200.0;200.0;11.71;12.0;3.305434918433579;0.2822745446997078;11.06213475598702;12.357865244012983;0.05855000000000001;0.06;0.016527174592167897;0.2822745446997078;0.05531067377993511;0.061789326220064916;1.58;2.0;0.6508456038109192;0.411927597348683;1.4524342616530599;1.7075657383469403;0.05855000000000001;0.06;0.016527174592167897;0.2822745446997078;0.05531067377993511;0.061789326220064916;1.23;1.0;0.44395945760846234;0.3609426484621645;1.1429839463087414;1.3170160536912585;0.11710000000000002;0.12;0.03305434918433579;0.2822745446997078;0.11062134755987021;0.12357865244012983;1.75;2.0;0.6837397165588672;0.39070840946220986;1.615987015554462;1.884012984445538;0.13900793650793652;0.0;0.316357954605502;2.275826564675606;0.07700177740525814;0.2010140956106149;1.49;1.0;1.6278513445643614;1.092517680915679;1.1709411364653852;1.8090588635346148;0.13353571428571429;0.0;0.30612284740620327;2.29244175645191;0.07353563619409845;0.19353579237733012;1.0801210314571634;1.0666666666666667;0.09993467295184344;0.0925217360289931;1.060533835558602;1.0997082273557248;0.05882352941176471;7.666666666666667;-6.666666666666667;0.9953500000000001
0.05;0.25;2;200.0;200.0;0.0;0.0;200.0;200.0;13.3;14.0;3.5482389998420345;0.266784887206168;12.604545156030962;13.99545484396904;0.06650000000000002;0.07;0.01774119499921017;0.26678488720616794;0.06302272578015482;0.06997727421984522;1.78;2.0;0.8072174428244225;0.45349294540697893;1.6217853812064131;1.938214618793587;0.06650000000000002;0.07;0.01774119499921017;0.26678488720616794;0.06302272578015482;0.06997727421984522;1.32;1.0;0.4874423042781576;0.36927447293799814;1.2244613083614813;1.4155386916385189;0.13300000000000003;0.14;0.03548238999842034;0.26678488720616794;0.12604545156030963;0.13995454843969043;1.91;2.0;0.8135723692456622;0.4259541200239069;1.75053981562785;2.06946018437215;0.1793968253968254;0.0;0.3324206878812125;1.8529909163436902;0.11424237057210775;0.24455128022154304;1.92;1.0;1.8093092604637826;0.9423485731582202;1.5653753849490986;2.274624615050901;0.17232142857142857;0.0;0.32250588311355993;1.871536731021695;0.10911027548117082;0.23553258166168634;1.1051373255465562;1.069047619047619;0.14358117958779895;0.12992157288397577;1.0769954143473477;1.1332792367457647;0.06666666666666667;5.0;-4.0;0.9975000000000003
0.05;0.35;2;200.0;200.0;0.0;0.0;200.0;200.0;15.5;15.0;4.121892769104989;0.265928565748709;14.692109017255422;16.307890982744578;0.0775;0.075;0.02060946384552495;0.26592856574870904;0.07346054508627711;0.08153945491372289;2.05;2.0;1.1169153951844337;0.5448367781387482;1.8310845825438509;2.268915417456149;0.0775;0.075;0.02060946384552495;0.26592856574870904;0.07346054508627711;0.08153945491372289;1.43;1.0;0.552358579185659;0.386264740689272;1.3217377184796109;1.538262281520389;0.155;0.15;0.0412189276910499;0.26592856574870904;0.14692109017255423;0.16307890982744577;2.17;2.0;1.1406577050105784;0.5256487119864417;1.9464310898179265;2.3935689101820734;0.24815277777777778;0.0;0.3591607507310309;1.4473372168038408;0.17775727063449573;0.3185482849210598;2.88;3.0;2.1784398086704164;0.7564027113438946;2.4530257975005982;3.3069742024994015;0.23479063678257225;0.0;0.34510102297179146;1.469824468730293;0.16715083628010113;0.3024304372850434;1.1433545020641132;1.1143790849673203;0.18001307166750233;0.15744292023385775;1.1080719400172827;1.1786370641109436;0.07692307692307693;3.857142857142857;-2.857142857142857;1.0074999999999998
0.05;0.45;2;200.0;200.0;0.0;0.0;200.0;200.0;18.7;18.0;5.586591089385369;0.29874818659814806;17.605028146480468;19.79497185351953;0.0935;0.09;0.027932955446926845;0.29874818659814806;0.08802514073240233;0.09897485926759766;2.84;2.0;3.0388155587333694;1.0700054784272428;2.2443921504882596;3.43560784951174;0.0935;0.09;0.027932955446926845;0.29874818659814806;0.08802514073240233;0.09897485926759766;1.55;2.0;0.57227615711298;0.36921042394385806;1.437833873205856;1.662166126794144;0.187;0.18;0.05586591089385369;0.29874818659814806;0.17605028146480467;0.19794971853519533;2.93;2.0;3.0273916165570656;1.0332394595757903;2.336631243154815;3.5233687568451852;0.2851948819060888;0.0;0.34571847903663294;1.2122183845868377;0.21743406001490878;0.35295570379726887;4.13;4.0;2.6707864010437077;0.6466795159912125;3.606525865395433;4.653474134604567;0.25129057744491573;0.0;0.32638006636954386;1.2988153781495773;0.18732008443648512;0.31526107045334634;1.2214981018017752;1.1558704453441295;0.23842930552781016;0.19519416786330995;1.1747659579183245;1.268230245685226;0.09090909090909091;3.2222222222222223;-2.2222222222222223;1.0285
0.05;0.55;2;200.0;200.0;0.0;0.0;200.0;200.0;22.75;22.0;9.093266739736606;0.39970403251589476;20.967719719011626;24.532280280988374;0.11375;0.11;0.045466333698683026;0.3997040325158947;0.10483859859505813;0.12266140140494187;4.12;3.0;6.7812683179476085;1.645938912123206;2.7908714096822687;5.449128590317732;0.11375;0.11;0.045466333698683026;0.3997040325158947;0.10483859859505813;0.12266140140494187;1.72;2.0;0.5491812087098392;0.3192914004126972;1.6123604830928715;1.8276395169071284;0.2275;0.22;0.09093266739736605;0.3997040325158947;0.20967719719011627;0.24532280280988375;4.18;3.0;6.77108558504469;1.6198769342212178;2.8528672253312406;5.507132774668759;0.34581052835118903;0.34226190476190477;0.3295074721850972;0.9528555239661899;0.28122706380290996;0.4103939928994681;5.6;5.0;3.331666249791536;0.5949404017484886;4.9469934150408585;6.253006584959141;0.2656318354218301;0.16666666666666666;0.3135526062348812;1.180402965393631;0.2041755245997934;0.32708814624386684;1.2982538449742225;1.263768115942029;0.25319261915959346;0.19502551071945468;1.248628091618942;1.3478795983295029;0.11111111111111113;2.8181818181818183;-1.8181818181818181;1.02375
0.05;0.65;2;200.0;200.0;0.0;0.0;200.0;200.0;29.77;27.0;18.83977441478533;0.6328442866908073;26.077404214702074;33.46259578529792;0.14885;0.135;0.09419887207392665;0.6328442866908072;0.13038702107351038;0.16731297892648964;7.27;4.0;16.277502879741714;2.2389962695655727;4.079609435570624;10.460390564429375;0.14885;0.135;0.09419887207392665;0.6328442866908072;0.13038702107351038;0.16731297892648964;1.85;2.0;0.5361902647381804;0.2898325755341516;1.7449067081113168;1.9550932918886834;0.2977;0.27;0.1883977441478533;0.6328442866908072;0.26077404214702077;0.33462595785297927;7.32;4.5;16.266456282792515;2.222193481255808;4.131774568572668;10.508225431427332;0.37642108415863185;0.42428571428571427;0.2833562597513689;0.7527640498265941;0.32088325724736355;0.43195891106990014;7.9;7.0;4.994997497496871;0.6322781642401102;6.920980490490614;8.879019509509387;0.22810051135159834;0.1600284495021337;0.25001813492746056;1.0960875687914526;0.17909695690581606;0.2771040657973806;1.4320542809563925;1.3926218708827405;0.2875953544871953;0.20082713226144314;1.3756855914769022;1.488422970435883;0.14285714285714288;2.5384615384615383;-1.5384615384615383;1.04195
0.05;0.75;2;200.0;200.0;0.0;0.0;200.0;200.0;38.96;35.0;26.08368072186132;0.6694989918342228;33.84759857851518;44.07240142148482;0.1948;0.175;0.13041840360930662;0.6694989918342229;0.1692379928925759;0.2203620071074241;11.45;6.0;21.73953771357615;1.8986495819717164;7.189050608139073;15.710949391860925;0.1948;0.175;0.13041840360930662;0.6694989918342229;0.1692379928925759;0.2203620071074241;2.06;2.0;0.5063595560468864;0.24580560973149826;1.9607535270148104;2.1592464729851897;0.3896;0.35;0.26083680721861324;0.6694989918342229;0.3384759857851518;0.4407240142148482;11.5;6.0;21.72487054046583;1.8891191774318112;7.241925374068697;15.758074625931304;0.4521198442233104;0.4778361344537815;0.2236412481713253;0.49465036987154387;0.40828615958173065;0.4959535288648902;11.03;9.5;7.286226732678582;0.6605826593543592;9.601899560394997;12.458100439605001;0.20850557487841453;0.1338308457711443;0.20424630919349643;0.9795724134119589;0.16847329827648924;0.24853785148033983;1.579811034810571;1.57569558101473;0.3346106360000017;0.21180421495164678;1.5142273501545707;1.6453947194665712;0.2;2.333333333333333;-1.3333333333333333;0.974
0.05;0.85;2;200.0;200.0;0.0;0.0;200.0;200.0;52.81;43.0;36.27111660812223;0.686822885970881;45.700861144808044;59.91913885519196;0.26405;0.215;0.1813555830406111;0.6868228859708809;0.22850430572404024;0.2995956942759598;18.41;10.0;28.565746970804035;1.5516429641935923;12.81111359372241;24.00888640627759;0.26405;0.215;0.1813555830406111;0.6868228859708809;0.22850430572404024;0.2995956942759598;2.22;2.0;0.6415605972938176;0.28899126004226017;2.094254122930412;2.3457458770695885;0.5281;0.43;0.3627111660812222;0.6868228859708809;0.45700861144808047;0.5991913885519196;18.42;10.0;28.561225463904726;1.5505551283335899;12.821999809074676;24.018000190925328;0.5044892582522905;0.5338405797101449;0.19985929505763342;0.39616164623605443;0.46531683642099436;0.5436616800835866;15.13;13.0;10.746771608255198;0.7102955458199073;13.023632764781983;17.23636723521802;0.16252347746506604;0.11234813259337033;0.16250648938145845;0.99989547304874;0.13067220554630019;0.1943747493838319;1.6951763773308424;1.6861413043478262;0.3147936091700017;0.18569962003933965;1.633476829933522;1.7568759247281627;0.3333333333333333;2.1764705882352944;-1.1764705882352942;0.79215
0.05;0.95;2;200.0;200.0;0.0;0.0;200.0;200.0;74.39;58.5;51.01585929884941;0.685789209555712;64.39089157742552;84.38910842257448;0.37194999999999995;0.2925;0.25507929649424704;0.685789209555712;0.3219544578871275;0.4219455421128724;30.06;14.0;38.341575345830535;1.2755015085106631;22.54505123221721;37.574948767782786;0.37194999999999995;0.2925;0.25507929649424704;0.685789209555712;0.3219544578871275;0.4219455421128724;2.49;2.0;0.7415524256584964;0.29781221913995837;2.3446557245709347;2.6353442754290657;0.7438999999999999;0.585;0.5101585929884941;0.685789209555712;0.643908915774255;0.8438910842257448;30.06;14.0;38.341575345830535;1.2755015085106631;22.54505123221721;37.574948767782786;0.5747140741787196;0.5749158249158248;0.17467422327095353;0.3039323919821648;0.5404779264176127;0.6089502219398264;22.53;19.0;16.62976548241135;0.7381165327301975;19.270565965447375;25.789434034552627;0.1325857345572682;0.09273182957393483;0.13499286245266937;1.0181552555668156;0.10612713351654499;0.1590443355979914;1.8766330212073186;1.8554425595104171;0.41992383175201176;0.22376449044995314;1.7943279501839242;1.958938092230713;0.9999999999999992;2.052631578947368;-1.0526315789473684;0.3719500000000002
0.25;0.05;2;200.0;200.0;0.0;0.0;200.0;200.0;52.06;52.0;7.245439945234521;0.13917479725767423;50.639893770734034;53.48010622926597;0.2603;0.26;0.0362271997261726;0.13917479725767423;0.2531994688536702;0.2674005311463298;3.13;3.0;0.7701298591796061;0.24604787833214253;2.9790545476007972;3.2809454523992025;0.2603;0.26;0.0362271997261726;0.13917479725767423;0.2531994688536702;0.2674005311463298;2.31;2.0;0.542125446737192;0.23468634057887097;2.2037434124395103;2.4162565875604898;0.5206;0.52;0.0724543994523452;0.13917479725767423;0.5063989377073403;0.5348010622926596;3.52;3.0;0.9108238029388561;0.25875676219853866;3.341478534623984;3.698521465376016;0.47543751992020467;0.485479797979798;0.15518093237386138;0.32639605809803623;0.4450220571749278;0.5058529826654815;20.97;20.0;6.263313819377088;0.2986797243384401;19.74239049140209;22.197609508597907;0.44296579206346004;0.4444444444444444;0.1383439692518584;0.3123129860827696;0.4158503740900958;0.4700812100368243;1.4722879288710766;1.362128222075347;0.3331931650499407;0.22630978527782067;1.4069820685212882;1.537593789220865;0.2631578947368421;21.0;-20.0;0.9891399999999999
0.25;0.15;2;200.0;200.0;0.0;0.0;200.0;200.0;58.43;59.0;7.962731943246615;0.1362781438173304;56.86930453912366;59.99069546087634;0.29215;0.295;0.03981365971623307;0.13627814381733036;0.28434652269561833;0.2999534773043817;3.58;3.0;1.069392350823588;0.29871294715742686;3.370399099238577;3.7896009007614233;0.29215;0.295;0.03981365971623307;0.13627814381733036;0.28434652269561833;0.2999534773043817;2.4;2.0;0.58309518948453;0.2429563289518875;2.285713342861032;2.514286657138968;0.5843;0.59;0.07962731943246613;0.13627814381733036;0.5686930453912367;0.5999069546087634;3.98;4.0;1.1311940593903416;0.28421961291214615;3.758285964359493;4.2017140356405065;0.48106205893393217;0.49238095238095236;0.12671880027473892;0.2634146632880523;0.45622517408008334;0.505898943787781;24.87;24.0;6.701723658880601;0.2694701913502453;23.556462162859404;26.183537837140598;0.4267341881722301;0.42857142857142855;0.12327201640515872;0.28887307326641026;0.402572872956819;0.45089550338764117;1.6024926544286902;1.4730880230880232;0.46530871754090436;0.2903655852992306;1.511292145790673;1.6936931630667074;0.29411764705882354;7.666666666666667;-6.666666666666667;0.99331
0.25;0.25;2;200.0;200.0;0.0;0.0;200.0;200.0;67.26;67.0;9.408102890593831;0.13987664125176674;65.41601183344362;69.10398816655639;0.33630000000000004;0.335;0.04704051445296916;0.13987664125176674;0.3270800591672181;0.345519940832782;4.7;4.0;2.2068076490713913;0.4695335423556151;4.267465700782007;5.132534299217993;0.33630000000000004;0.335;0.04704051445296916;0.13987664125176674;0.3270800591672181;0.345519940832782;2.6;2.5;0.6782329983125267;0.26085884550481797;2.4670663323307447;2.7329336676692555;0.6726000000000001;0.67;0.09408102890593832;0.13987664125176674;0.6541601183344362;0.691039881665564;5.03;5.0;2.1975213309544914;0.4368829683806146;4.59928581913292;5.460714180867081;0.5048149034443926;0.506155303030303;0.11657198747703713;0.23092025746794936;0.48196679389889335;0.5276630129898919;30.19;29.0;7.083353725460843;0.2346258272759471;28.801662669809676;31.578337330190326;0.4082891616330358;0.4067027027027027;0.11433172549682892;0.2800263544580411;0.38588014343565735;0.43069817983041425;1.7908609771659019;1.6654228855721394;0.46140961228021077;0.25764680685063956;1.7004246931589806;1.8812972611728231;0.3333333333333333;5.0;-4.0;1.0089000000000001
0.25;0.35;2;200.0;200.0;0.0;0.0;200.0;200.0;77.8;77.0;12.870120434556934;0.16542571252643876;75.27745639482684;80.32254360517315;0.389;0.385;0.06435060217278467;0.16542571252643873;0.37638728197413424;0.4016127180258658;6.8;6.0;4.927473997901967;0.7246285291032305;5.8342150964112145;7.765784903588785;0.389;0.385;0.06435060217278467;0.16542571252643873;0.37638728197413424;0.4016127180258658;2.75;3.0;0.6837397165588672;0.24863262420322443;2.6159870155544622;2.8840129844455378;0.778;0.77;0.12870120434556934;0.16542571252643873;0.7527745639482685;0.8032254360517316;7.03;6.0;4.86919911279052;0.6926314527440285;6.075636973893058;7.9843630261069425;0.5275865683165986;0.5367470176476388;0.10984314361175083;0.20819927990629822;0.5060573121686954;0.5491158244645017;35.65;35.0;8.045340266265933;0.22567574379427582;34.07311330781187;37.226886692188124;0.3798055659077423;0.3762417218543046;0.11245734478244883;0.29609188194405134;0.3577639263303823;0.4018472054851023;1.999158933192146;1.8367838044308633;0.5043830273417679;0.2522976132449845;1.9002998598331595;2.0980180065511327;0.3846153846153846;3.857142857142857;-2.857142857142857;1.0114
0.25;0.45;2;200.0;200.0;0.0;0.0;200.0;200.0;92.26;89.5;18.67330715218919;0.20239873349435494;88.60003179817092;95.91996820182909;0.4613000000000001;0.4475;0.09336653576094596;0.20239873349435494;0.4430001589908547;0.4795998410091455;10.67;8.5;10.358624426051945;0.9708176594237998;8.639709612493819;12.70029038750618;0.4613000000000001;0.4475;0.09336653576094596;0.20239873349435494;0.4430001589908547;0.4795998410091455;3.0;3.0;0.6633249580710799;0.22110831935702666;2.869988308218068;3.130011691781932;0.9226000000000002;0.895;0.18673307152189192;0.20239873349435494;0.8860003179817094;0.959199682018291;10.83;9.0;10.313151797583512;0.9522762509310722;8.808622247673632;12.851377752326368;0.546325730407224;0.5559739711487431;0.10033879023215682;0.18366111030019694;0.5266593275217213;0.5659921332927267;42.69;42.0;9.702262622708169;0.22727249057643872;40.7883565259492;44.5916434740508;0.3302619623204331;0.3152373941847626;0.10964370406151312;0.33199010655405875;0.3087717963243765;0.35175212831648967;2.1997683768155114;2.151225099194175;0.4841774734812809;0.22010384301559924;2.1048695920131806;2.2946671616178422;0.45454545454545453;3.2222222222222223;-2.2222222222222223;1.0148600000000003
0.25;0.55;2;200.0;200.0;0.0;0.0;200.0;200.0;111.94;106.0;30.12733642391906;0.2691382564223607;106.03504206091186;117.84495793908813;0.5597000000000001;0.53;0.1506366821195953;0.26913825642236067;0.5301752103045594;0.5892247896954408;17.09;11.5;20.91319918137825;1.223709723895743;12.991012960449863;21.188987039550135;0.5597000000000001;0.53;0.1506366821195953;0.26913825642236067;0.5301752103045594;0.5892247896954408;3.22;3.0;0.6720119046564578;0.20869934927219183;3.0882856666873346;3.3517143333126658;1.1194000000000002;1.06;0.3012733642391906;0.26913825642236067;1.0603504206091188;1.1784495793908816;17.16;12.0;20.89388427267654;1.217592323582549;13.064798682555399;21.2552013174446;0.5911894043170757;0.5938111271444605;0.09015996716711368;0.152506060678242;0.5735180507523214;0.6088607578818299;51.36;50.0;12.66058450467434;0.24650670764552843;48.87852543708383;53.84147456291617;0.2858908034307912;0.27678993663104134;0.11043945316296014;0.38629942564660164;0.264244670610851;0.3075369362507314;2.3336751450735242;2.2810615321627576;0.4472476473454526;0.19164948827158276;2.2460146061938158;2.4213356839532327;0.5555555555555556;2.8181818181818183;-1.8181818181818181;1.00746
0.25;0.65;2;200.0;200.0;0.0;0.0;200.0;200.0;140.16;135.5;42.5799765147892;0.3037954945404481;131.8143246031013;148.50567539689868;0.7008000000000001;0.6775;0.21289988257394601;0.303795494540448;0.6590716230155067;0.7425283769844935;27.14;17.5;28.502989316912007;1.0502206822738396;21.553414093885248;32.72658590611476;0.7008000000000001;0.6775;0.21289988257394601;0.303795494540448;0.6590716230155067;0.7425283769844935;3.57;3.0;0.7649182962905253;0.21426282809258412;3.4200760139270567;3.719923986072943;1.4016000000000002;1.355;0.42579976514789203;0.303795494540448;1.3181432460310134;1.485056753968987;27.2;17.5;28.484030613661403;1.0472070078551987;21.617129999722366;32.78287000027763;0.6378174047339672;0.6447689917972959;0.08481928595119965;0.13298364911596866;0.6211928246875321;0.6544419847804023;63.46;63.0;16.388056626702266;0.25824230423419897;60.24794090116636;66.67205909883364;0.23839901653975773;0.23886160714285715;0.1146474566301751;0.4809057448903334;0.2159281150402434;0.26086991803927206;2.4602300916762685;2.4331500544305964;0.434612392114489;0.17665518098690008;2.375046062821829;2.545414120530708;0.7142857142857143;2.5384615384615383;-1.5384615384615383;0.9811200000000001
0.25;0.75;2;200.0;200.0;0.0;0.0;200.0;200.0;182.0;171.0;63.923704523439504;0.3512291457331841;169.47095391340585;194.52904608659415;0.91;0.855;0.31961852261719753;0.3512291457331841;0.8473547695670293;0.9726452304329708;43.88;27.0;40.98250358384661;0.9339677206893028;35.847429297566066;51.91257070243394;0.91;0.855;0.31961852261719753;0.3512291457331841;0.8473547695670293;0.9726452304329708;3.94;4.0;0.9145490692138941;0.23211905309997313;3.760748382434077;4.119251617565923;1.82;1.71;0.6392370452343951;0.3512291457331841;1.6947095391340585;1.9452904608659416;43.93;27.0;40.95833370634113;0.9323545118675423;35.90216659355714;51.95783340644286;0.6807598905603095;0.67679862542226;0.0964118210488572;0.1416238271169355;0.6618631736347335;0.6996566074858855;80.28;79.5;22.27827641448054;0.27750718005082886;75.91345782276181;84.64654217723819;0.19378410091665454;0.1926327998144282;0.10845840641502748;0.559686815904855;0.17252625325930915;0.21504194857399994;2.5647013136369363;2.514813325294882;0.48047697143790574;0.18734227213248228;2.4705278272351068;2.658874800038766;1.0;2.333333333333333;-1.3333333333333333;0.91
0.25;0.85;2;200.0;200.0;0.0;0.0;200.0;200.0;241.13;219.5;93.92514626020021;0.3895207824003658;222.72067133300075;259.5393286669992;1.2056499999999999;1.0975000000000001;0.46962573130100105;0.38952078240036586;1.1136033566650037;1.2976966433349961;68.45;44.0;57.4324603338565;0.8390425176604309;57.19323777456413;79.70676222543588;1.2056499999999999;1.0975000000000001;0.46962573130100105;0.38952078240036586;1.1136033566650037;1.2976966433349961;4.5;4.0;1.0630145812734648;0.2362254625052144;4.291649142070401;4.708350857929599;2.4112999999999998;2.1950000000000003;0.9392514626020021;0.38952078240036586;2.2272067133300073;2.5953932866699922;68.5;44.0;57.39817070255811;0.8379294993074177;57.249958542298614;79.75004145770139;0.737474571185032;0.7366209757771899;0.1099293240648508;0.1490618502116049;0.7159284236683212;0.7590207187017428;101.59;100.0;30.247675943781204;0.2977426512824215;95.66145551501889;107.51854448498112;0.15960191780603666;0.14039565878848914;0.10273095474986385;0.6436699267906807;0.13946665067506336;0.17973718493700996;2.6182626611465025;2.4488325372601905;0.6420344481762535;0.24521391902488315;2.4924239093039566;2.7441014129890484;1.6666666666666665;2.1764705882352944;-1.1764705882352942;0.72339
0.25;0.95;2;200.0;200.0;0.0;0.0;200.0;200.0;315.86;288.0;128.92881912125;0.40818343291727344;290.589951452235;341.130048547765;1.5792999999999997;1.44;0.6446440956062499;0.4081834329172735;1.4529497572611747;1.7056502427388247;95.94;70.5;69.54204771215757;0.7248493611857157;82.30975864841712;109.57024135158288;1.5792999999999997;1.44;0.6446440956062499;0.4081834329172735;1.4529497572611747;1.7056502427388247;5.11;5.0;1.1991246807567593;0.23466236414026598;4.874971562571676;5.345028437428325;3.1585999999999994;2.88;1.2892881912124998;0.4081834329172735;2.9058995145223494;3.4113004854776494;95.96;70.5;69.52595486579095;0.7245305842620984;82.33291284630496;109.58708715369502;0.7668284023818205;0.7578852913718185;0.11022224284601335;0.1437378199655303;0.7452248427840019;0.788431961979639;125.79;122.5;36.61810890802528;0.29110508711364397;118.61285065402706;132.96714934597296;0.13112325928927215;0.09959285661319559;0.08743735415681483;0.6668332882415509;0.11398553787453644;0.14826098070400787;2.828103569998115;2.5584432759735956;0.9127949973287945;0.3227586878402063;2.6491957505216712;3.0070113894745587;4.999999999999996;2.052631578947368;-1.0526315789473684;0.3158600000000002
0.45;0.05;2;200.0;200.0;0.0;0.0;200.0;200.0;93.58;94.0;10.225634454643878;0.109271579981234;91.5757756468898;95.5842243531102;0.4679;0.47;0.0511281722732194;0.10927157998123402;0.457878878234449;0.47792112176555096;4.5;4.0;1.1;0.24444444444444446;4.2844;4.7156;0.4679;0.47;0.0511281722732194;0.10927157998123402;0.457878878234449;0.47792112176555096;3.03;3.0;0.6550572494064927;0.21619051135527811;2.9016087791163274;3.158391220883672;0.9358;0.94;0.1022563445464388;0.10927157998123402;0.915757756468898;0.9558422435311019;5.09;5.0;1.2336531116971254;0.24236799836878692;4.848203990107363;5.331796009892637;0.49339640303674154;0.4900434782608696;0.08980656701376626;0.18201706875248272;0.47579431590204335;0.5109984901714397;47.89;47.5;8.105424109816834;0.16925086886232688;46.3013368744759;49.4786631255241;0.4424436544527446;0.4506637168141593;0.08920124717024205;0.20161041134282837;0.42496021000737716;0.459927098898112;2.121665067537285;2.024946135200646;0.533983197967788;0.2516811942365659;2.0170043607355983;2.2263257743389713;0.4736842105263158;21.0;-20.0;0.9877888888888888
0.45;0.15;2;200.0;200.0;0.0;0.0;200.0;200.0;105.2;104.0;12.444275792507975;0.11829159498581725;102.76092194466844;107.63907805533157;0.526;0.52;0.062221378962539875;0.11829159498581725;0.5138046097233422;0.5381953902766579;5.66;5.0;1.715925406304132;0.3031670329159244;5.32367862036439;5.99632137963561;0.526;0.52;0.062221378962539875;0.11829159498581725;0.5138046097233422;0.5381953902766579;3.24;3.0;0.6499230723708769;0.2005935408552089;3.1126150778153083;3.367384922184692;1.052;1.04;0.12444275792507975;0.11829159498581725;1.0276092194466844;1.0763907805533157;6.14;6.0;1.6971741218861427;0.2764127234342252;5.8073538721103155;6.472646127889684;0.513374217682706;0.5085828979227731;0.08179259831798295;0.15932354119219785;0.4973428684123813;0.5294055669530306;54.33;54.0;8.611683923600541;0.15850697448188003;52.642109950974294;56.0178900490257;0.4369002343422488;0.4357311320754717;0.07824576331464875;0.17909297630029283;0.4215640647325776;0.45223640395191994;2.3420614551671632;2.2656691655401255;0.5469545021856957;0.23353550393777228;2.234858372738767;2.4492645375955595;0.5294117647058824;7.666666666666667;-6.666666666666667;0.9935555555555556
0.45;0.25;2;200.0;200.0;0.0;0.0;200.0;200.0;119.39;119.0;14.515436610725837;0.121580003440203;116.54497442429773;122.23502557570227;0.59695;0.595;0.07257718305362919;0.12158000344020302;0.5827248721214887;0.6111751278785112;7.57;7.0;3.38306074435562;0.44690366504037254;6.906920094106299;8.233079905893701;0.59695;0.595;0.07257718305362919;0.12158000344020302;0.5827248721214887;0.6111751278785112;3.43;3.0;0.620564259364008;0.1809225245959207;3.3083694051646546;3.5516305948353457;1.1939;1.19;0.14515436610725838;0.12158000344020302;1.1654497442429774;1.2223502557570225;7.91;7.0;3.331951380197496;0.4212327914282548;7.2569375294812914;8.563062470518709;0.5340695019425502;0.5374364053575523;0.07812022908618746;0.14627352582771305;0.5187579370416575;0.5493810668434429;61.81;61.5;9.158269487190251;0.1481680874808324;60.014979180510714;63.60502081948929;0.41696467082844385;0.42110965531142913;0.07844054143473445;0.18812275217198932;0.4015903247072359;0.4323390169496518;2.5393166280745803;2.4631557246607447;0.5948118640798253;0.23424092037346184;2.4227335027149346;2.655899753434226;0.6;5.0;-4.0;0.9949166666666667
0.45;0.35;2;200.0;200.0;0.0;0.0;200.0;200.0;138.14;136.0;18.96787811011026;0.13730909302237052;134.42229589041838;141.8577041095816;0.6907;0.68;0.09483939055055131;0.13730909302237052;0.6721114794520919;0.709288520547908;11.48;10.0;7.40875158174439;0.645361636040452;10.0278846899781;12.932115310021901;0.6907;0.68;0.09483939055055131;0.13730909302237052;0.6721114794520919;0.709288520547908;3.63;3.5;0.7163099887618488;0.19733057541648727;3.4896032422026777;3.770396757797322;1.3814;1.36;0.18967878110110262;0.13730909302237052;1.3442229589041839;1.418577041095816;11.66;10.0;7.359646730652227;0.6311875412223179;10.217509240792165;13.102490759207836;0.5638259472941008;0.5635298067815331;0.06702036519141097;0.11886711761502534;0.5506899557165843;0.5769619388716174;71.05;71.0;10.2268030195169;0.14393811427891487;69.04554660817469;73.0544533918253;0.3805644959728639;0.375;0.08325888186401512;0.2187773235418994;0.36424575512751695;0.39688323681821086;2.77666753116729;2.7219885679095013;0.6050954843820316;0.21792147514601942;2.6580688162284116;2.8952662461061682;0.6923076923076923;3.857142857142857;-2.857142857142857;0.9976777777777778
0.45;0.45;2;200.0;200.0;0.0;0.0;200.0;200.0;163.42;159.5;29.245574024115168;0.17895957669878332;157.6878674912734;169.15213250872657;0.8170999999999999;0.7975000000000001;0.14622787012057584;0.17895957669878332;0.7884393374563671;0.8457606625436328;17.89;14.0;16.535957789012407;0.9243129004478707;14.648952273353569;21.131047726646432;0.8170999999999999;0.7975000000000001;0.14622787012057584;0.17895957669878332;0.7884393374563671;0.8457606625436328;4.04;4.0;0.8236504112789599;0.20387386417796036;3.878564519389324;4.201435480610677;1.6341999999999999;1.5950000000000002;0.2924557402411517;0.17895957669878332;1.5768786749127341;1.6915213250872656;18.04;14.0;16.481456246339402;0.9136062220808981;14.809634575717476;21.27036542428252;0.6031964717425956;0.6062903938477472;0.06203588755107788;0.10284524273137774;0.5910374377825843;0.6153555057026069;81.36;80.0;11.619397574745431;0.14281462112518967;79.08259807534989;83.6374019246501;0.3422026120319815;0.3453318896123324;0.09438817637831123;0.2758254117870086;0.3237025294618325;0.3607026946021305;2.9022294110527445;2.9743741403484236;0.6170790286165008;0.2126224158112517;2.7812819214439104;3.0231769006615785;0.8181818181818181;3.2222222222222223;-2.2222222222222223;0.9986777777777778
0.45;0.55;2;200.0;200.0;0.0;0.0;200.0;200.0;199.07;193.0;44.124880736382735;0.2216550998964321;190.42152337566898;207.718476624331;0.9953499999999998;0.965;0.2206244036819137;0.22165509989643215;0.9521076168783448;1.038592383121655;28.24;20.0;25.91876540269617;0.9178033074609125;23.159921981071548;33.32007801892845;0.9953499999999998;0.965;0.2206244036819137;0.22165509989643215;0.9521076168783448;1.038592383121655;4.39;4.0;0.8932524839036274;0.20347436990971013;4.214922513154889;4.5650774868451105;1.9906999999999997;1.93;0.4412488073638274;0.22165509989643215;1.9042152337566896;2.07718476624331;28.33;20.0;25.896739176969756;0.9141101015520564;23.254239121313926;33.40576087868607;0.6399339078046641;0.6503348580967747;0.062309136529320526;0.0973680809367895;0.6277213170449173;0.6521464985644109;95.29;95.0;14.846747118476829;0.15580593051187772;92.38003756477855;98.19996243522147;0.2911055417237025;0.28809523809523807;0.10451138954714809;0.359015458545764;0.2706213093724615;0.31158977407494354;3.105588615267602;3.04026118651017;0.6491126719329338;0.20901437773882392;2.978362531568747;3.2328146989664575;1.0000000000000002;2.8181818181818183;-1.8181818181818181;0.9953499999999996
0.45;0.65;2;200.0;200.0;0.0;0.0;200.0;200.0;248.69;239.5;64.54900386528053;0.2595560893694179;236.03839524240502;261.341604757595;1.24345;1.1975;0.32274501932640265;0.2595560893694179;1.180191976212025;1.306708023787975;44.8;32.0;37.09690014003865;0.8280558066972913;37.52900757255242;52.07099242744757;1.24345;1.1975;0.32274501932640265;0.2595560893694179;1.180191976212025;1.306708023787975;4.87;5.0;1.0065286881157438;0.2066794020771548;4.672720377129314;5.067279622870686;2.4869;2.395;0.6454900386528053;0.2595560893694179;2.36038395242405;2.61341604757595;44.9;32.0;37.047132142717864;0.8251031657620905;37.6387621000273;52.1612378999727;0.6864518859979775;0.6917247817267228;0.0692603288955911;0.10089611567589919;0.6728768615344416;0.7000269104615133;112.43;111.0;18.177048715344302;0.16167436374049898;108.86729845179252;115.99270154820749;0.24248958215472882;0.23805922944220817;0.10671809911062104;0.44009354200843925;0.2215728347290471;0.26340632958041055;3.1441451516846373;2.9801895281851936;0.7676062519551053;0.24413829989490812;2.9936943263014366;3.294595977067838;1.2857142857142858;2.5384615384615383;-1.5384615384615383;0.9671277777777777
0.45;0.75;2;200.0;200.0;0.0;0.0;200.0;200.0;319.03;301.5;94.4812632218685;0.29615165727946746;300.51167240851373;337.5483275914862;1.5951499999999998;1.5075;0.47240631610934253;0.2961516572794675;1.5025583620425687;1.687741637957431;70.39;49.5;53.639331651317214;0.7620305675709222;59.87669099634183;80.90330900365818;1.5951499999999998;1.5075;0.47240631610934253;0.2961516572794675;1.5025583620425687;1.687741637957431;5.41;5.0;1.1053958566956905;0.20432455761473023;5.193342412087645;5.626657587912355;3.1902999999999997;3.015;0.9448126322186851;0.2961516572794675;3.0051167240851373;3.375483275914862;70.47;49.5;53.59038253268958;0.7604708745947152;59.966285023592846;80.97371497640715;0.7354337570380558;0.7353579412649244;0.08010788375849495;0.10892603581473849;0.7197326118213908;0.7511349022547208;132.57;131.0;23.155671011655006;0.17466750404808787;128.0314884817156;137.1085115182844;0.20366265891317187;0.18407030346127046;0.10851283897004206;0.5328067479287142;0.18239414247504362;0.2249311753513001;3.277017742383584;3.0706920664549466;1.03725825980175;0.31652506679664355;3.0737151234624407;3.480320361304727;1.8;2.333333333333333;-1.3333333333333333;0.8861944444444443
0.45;0.85;2;200.0;200.0;0.0;0.0;200.0;200.0;408.01;386.0;130.28280738455092;0.3193127800410552;382.474569752628;433.545430247372;2.0400500000000004;1.93;0.6514140369227547;0.3193127800410552;1.9123728487631404;2.16772715123686;100.24;80.0;66.22705187459276;0.6606848750458176;87.25949783257981;113.22050216742018;2.0400500000000004;1.93;0.6514140369227547;0.3193127800410552;1.9123728487631404;2.16772715123686;6.16;6.0;1.1892854997854805;0.19306582788725332;5.926900042042046;6.393099957957954;4.080100000000001;3.86;1.3028280738455094;0.3193127800410552;3.824745697526281;4.33545430247372;100.29;80.0;66.18735453241804;0.6599596623035002;87.31727851164607;113.26272148835395;0.7720208826410293;0.7729071437124093;0.08767918841141495;0.11357100615137584;0.754835761712392;0.7892060035696666;153.84;155.5;25.855258652738325;0.16806590387895426;148.7723693040633;158.90763069593672;0.1682442788720886;0.14218600511606996;0.09433984136989272;0.5607313485031884;0.14975366996358963;0.18673488778058756;3.2338839668254007;3.0450379632829327;1.1661031668841777;0.3605890560225955;3.0053277461161017;3.4624401875346997;2.9999999999999996;2.1764705882352944;-1.1764705882352942;0.6800166666666669
0.45;0.95;2;200.0;200.0;0.0;0.0;200.0;200.0;512.32;507.5;158.89102429023484;0.3101401941954927;481.177359239114;543.4626407608861;2.5616000000000003;2.5374999999999996;0.7944551214511743;0.3101401941954927;2.40588679619557;2.7173132038044305;126.29;125.5;66.05396203105458;0.5230339855178919;113.3434234419133;139.2365765580867;2.5616000000000003;2.5374999999999996;0.7944551214511743;0.3101401941954927;2.40588679619557;2.7173132038044305;6.86;7.0;1.280781011726829;0.18670277138875058;6.608966921701542;7.111033078298458;5.123200000000001;5.074999999999999;1.5889102429023485;0.3101401941954927;4.81177359239114;5.434626407608861;126.32;125.5;66.04526932339667;0.5228409541117532;113.37512721261425;139.26487278738574;0.7881961382734021;0.8026154856731924;0.08520520830213858;0.10810152976489641;0.771495917446183;0.8048963591006212;172.02;176.5;23.232296485711434;0.1350557870347136;167.46646988880056;176.57353011119946;0.1412635321707841;0.10827342426600216;0.07581514931240388;0.536693003122315;0.12640376290555294;0.15612330143601527;3.0198416977728204;2.5952619948942086;1.1918474628153004;0.3946721656616326;2.7862395950610215;3.2534438004846193;8.999999999999993;2.052631578947368;-1.0526315789473684;0.2846222222222225
0.65;0.05;2;200.0;200.0;0.0;0.0;200.0;200.0;136.09;135.5;13.108848156874805;0.09632484500606073;133.52066576125253;138.65933423874748;0.68045;0.6775;0.06554424078437403;0.09632484500606074;0.6676033288062627;0.6932966711937373;5.92;6.0;1.4330387294138285;0.2420673529415251;5.639124409034889;6.2008755909651105;0.68045;0.6775;0.06554424078437403;0.09632484500606074;0.6676033288062627;0.6932966711937373;3.61;4.0;0.6307931515164065;0.17473494501839515;3.486364542302784;3.7336354576972157;1.3609;1.355;0.13108848156874806;0.09632484500606074;1.3352066576125254;1.3865933423874746;6.62;6.0;1.4545102268461367;0.21971453577736205;6.334915995538157;6.905084004461843;0.5191763321081301;0.5250347866419295;0.06471088102277885;0.12464143109147233;0.5064929994276655;0.5318596647885947;74.7;74.0;8.32526275861609;0.11144930065081779;73.06824849931125;76.33175150068875;0.45057456023675657;0.45;0.06330996590622087;0.14050941063551023;0.43816580691913726;0.4629833135543759;2.9046528279634045;2.763848039215686;0.7580078631406494;0.2609633260964017;2.7560832867878373;3.0532223691389717;0.6842105263157895;21.0;-20.0;0.9945038461538461
0.65;0.15;2;200.0;200.0;0.0;0.0;200.0;200.0;152.14;150.5;15.122843647938703;0.09940083901629226;149.175922645004;155.10407735499598;0.7606999999999999;0.7525;0.07561421823969351;0.09940083901629225;0.74587961322502;0.7755203867749798;7.46;7.0;2.2996521476084157;0.3082643629501898;7.0092681790687505;7.910731820931249;0.7606999999999999;0.7525;0.07561421823969351;0.09940083901629225;0.74587961322502;0.7755203867749798;3.9;4.0;0.6855654600401044;0.17578601539489858;3.7656291698321396;4.034370830167861;1.5213999999999999;1.505;0.15122843647938702;0.09940083901629225;1.49175922645004;1.5510407735499596;7.99;8.0;2.2956262762043824;0.2873124250568689;7.540057249863941;8.439942750136058;0.5336745704167698;0.5381679097341747;0.060849186614915944;0.11401927314504821;0.5217481298402463;0.5456010109932933;82.76;83.0;8.666164087991872;0.10471440415649917;81.06143183875359;84.45856816124642;0.4385750675487987;0.43478373612695775;0.06194850841500701;0.14124949865763678;0.42643315989945735;0.4507169751981401;3.1895048009609983;3.1796383597443025;0.7829674124089588;0.2454824373279045;3.0360431881288426;3.342966413793154;0.7647058823529412;7.666666666666667;-6.666666666666667;0.9947615384615383
0.65;0.25;2;200.0;200.0;0.0;0.0;200.0;200.0;173.24;172.0;18.305256075783262;0.10566414266787844;169.6521698091465;176.82783019085352;0.8661999999999999;0.86;0.0915262803789163;0.10566414266787845;0.8482608490457323;0.8841391509542674;10.66;10.0;4.630809864375777;0.4344099309920992;9.752361266582348;11.567638733417652;0.8661999999999999;0.86;0.0915262803789163;0.10566414266787845;0.8482608490457323;0.8841391509542674;4.17;4.0;0.762299153875957;0.1828055524882391;4.020589365840312;4.319410634159688;1.7323999999999997;1.72;0.1830525607578326;0.10566414266787845;1.6965216980914646;1.7682783019085349;11.0;10.0;4.571651780264984;0.41560470729681676;10.103956251068062;11.896043748931938;0.5625070235231107;0.5587056309583782;0.05194690827694054;0.09234890606624807;0.5523254295008303;0.572688617545391;91.75;92.0;9.01152040446006;0.09821820604316141;89.98374200072583;93.51625799927417;0.418935933411154;0.41755297880847664;0.06559402489168022;0.15657292597840883;0.40607950453238467;0.4317923622899233;3.4364620989208077;3.4473723342648652;0.792974786095351;0.23075324658589372;3.2810390408461187;3.5918851569954966;0.8666666666666667;5.0;-4.0;0.9994615384615383
0.65;0.35;2;200.0;200.0;0.0;0.0;200.0;200.0;200.62;196.5;25.254615419760402;0.12588284029389094;195.67009537772697;205.56990462227304;1.0030999999999999;0.9824999999999999;0.12627307709880203;0.125882840293891;0.9783504768886346;1.0278495231113651;15.6;13.0;9.586448768965493;0.6145159467285572;13.721056041282763;17.478943958717235;1.0030999999999999;0.9824999999999999;0.12627307709880203;0.125882840293891;0.9783504768886346;1.0278495231113651;4.51;4.0;0.8061637550770934;0.17875027828760387;4.3519919040048896;4.66800809599511;2.0061999999999998;1.9649999999999999;0.25254615419760407;0.125882840293891;1.9567009537772693;2.0556990462227303;15.88;13.5;9.508185946856528;0.5987522636559527;14.016395554416121;17.74360444558388;0.5914075972215305;0.5972787231142055;0.049332258653722434;0.08341498973886781;0.5817384745254008;0.6010767199176601;102.39;102.0;9.179210205676739;0.08964947949679401;100.59087479968736;104.18912520031265;0.39003532174259625;0.3826796466618143;0.07280977088025212;0.18667481333473412;0.37576460665006683;0.40430603683512567;3.619938829671446;3.510813646422665;0.8218530712641721;0.22703507156742903;3.4588556277036684;3.781022031639224;1.0;3.857142857142857;-2.857142857142857;1.0030999999999999
0.65;0.45;2;200.0;200.0;0.0;0.0;200.0;200.0;237.48;231.0;38.114427714449555;0.16049531629800218;230.0095721679679;244.9504278320321;1.1874;1.155;0.19057213857224778;0.16049531629800218;1.1500478608398395;1.2247521391601606;24.87;19.5;20.32026328569588;0.8170592394730952;20.887228396003607;28.852771603996395;1.1874;1.155;0.19057213857224778;0.16049531629800218;1.1500478608398395;1.2247521391601606;4.83;5.0;0.895041898460625;0.18530888166886644;4.654571787901718;5.005428212098282;2.3748;2.31;0.38114427714449556;0.16049531629800218;2.300095721679679;2.449504278320321;24.99;19.5;20.268445919704845;0.811062261692871;21.01738459973785;28.96261540026215;0.6281173373317754;0.6325558201313529;0.050153550750581366;0.07984742303664506;0.6182872413846615;0.6379474332788894;115.14;114.0;10.939853746737203;0.09501349441321177;112.99578866563951;117.28421133436049;0.3432444078554729;0.3397856842921283;0.08444431920756924;0.24601804800014548;0.3266933212907893;0.35979549442015646;3.789116717312938;3.736147408643503;0.8503166841987482;0.2244102643535754;3.6224546472099832;3.9557787874158925;1.1818181818181817;3.2222222222222223;-2.2222222222222223;1.004723076923077
0.65;0.55;2;200.0;200.0;0.0;0.0;200.0;200.0;286.83;278.5;56.74241006513559;0.19782592499088517;275.7084876272334;297.95151237276656;1.4341499999999998;1.3925;0.2837120503256779;0.19782592499088517;1.3785424381361668;1.4897575618638328;38.95;29.0;30.23685664879866;0.7762992721129309;33.02357609683546;44.87642390316454;1.4341499999999998;1.3925;0.2837120503256779;0.19782592499088517;1.3785424381361668;1.4897575618638328;5.31;5.0;0.8682741502543997;0.16351678912512235;5.1398182665501375;5.480181733449862;2.8682999999999996;2.785;0.5674241006513558;0.19782592499088517;2.7570848762723337;2.9795151237276656;39.06;29.0;30.17443288613723;0.7725149228401748;33.14581115431711;44.974188845682896;0.6698133934422985;0.6720525964626047;0.05544683447848858;0.08277952489653387;0.6589458138845148;0.6806809730000822;129.55;129.0;13.578935893508003;0.10481617825942109;126.88852856487244;132.21147143512758;0.2957016914848132;0.2920579306442662;0.10024616813810536;0.3390111420558237;0.2760534425297445;0.31534994043988185;3.7904586916880127;3.5963866645218396;1.029154795373868;0.2715119406605517;3.588744351794735;3.9921730315812907;1.4444444444444446;2.8181818181818183;-1.8181818181818181;0.9928730769230767
0.65;0.65;2;200.0;200.0;0.0;0.0;200.0;200.0;356.5;346.0;83.43434544598526;0.2340374346310947;340.1468682925869;372.8531317074131;1.7825;1.73;0.4171717272299263;0.2340374346310947;1.7007343414629343;1.8642656585370656;61.44;45.0;44.64601213994369;0.7266603538402294;52.689381620571034;70.19061837942895;1.7825;1.73;0.4171717272299263;0.2340374346310947;1.7007343414629343;1.8642656585370656;5.89;6.0;1.0187737727287645;0.17296668467381401;5.690320340545162;6.089679659454838;3.565;3.46;0.8343434544598526;0.2340374346310947;3.4014686829258687;3.728531317074131;61.52;45.0;44.600331837330536;0.7249728842218878;52.77833495988322;70.26166504011678;0.713244132680622;0.7043425129765919;0.059622752225622196;0.08359375071413339;0.7015580732444001;0.724930192116844;146.06;147.0;16.371817247941657;0.11208967032686332;142.85112381940343;149.26887618059658;0.2481619389633274;0.2357733972684184;0.10656834480248019;0.42943065825347426;0.22727454338204128;0.2690493345446135;3.72341417178334;3.472546044009105;1.1555768182095607;0.3103540903310506;3.496921115414266;3.949907228152414;1.8571428571428574;2.5384615384615383;-1.5384615384615383;0.9598076923076921
0.65;0.75;2;200.0;200.0;0.0;0.0;200.0;200.0;449.04;431.5;118.92761832307919;0.2648486066343292;425.7301868086765;472.34981319132356;2.2452;2.1574999999999998;0.5946380916153959;0.2648486066343292;2.1286509340433826;2.3617490659566176;90.99;71.0;60.02740957262774;0.6597143595189333;79.22462772376495;102.75537227623504;2.2452;2.1574999999999998;0.5946380916153959;0.2648486066343292;2.1286509340433826;2.3617490659566176;6.56;7.0;1.1603447763488233;0.1768818256629304;6.3325724238356305;6.787427576164369;4.4904;4.3149999999999995;1.1892761832307919;0.2648486066343292;4.257301868086765;4.723498131913235;91.06;71.0;59.97896631320016;0.6586752285657825;79.30412260261278;102.81587739738723;0.7573597941090406;0.7571669973738978;0.07073307298348397;0.09339428041159022;0.7434961118042778;0.7712234764138035;164.46;164.0;18.252901139270982;0.11098687303460404;160.8824313767029;168.03756862329712;0.20871067576084726;0.18881216488553715;0.10215835519751236;0.4894735490894165;0.18868763814213485;0.22873371337955967;3.427537962642881;3.309910626631848;1.199609967775633;0.34999173775763126;3.192414408958857;3.662661516326905;2.6;2.333333333333333;-1.3333333333333333;0.8635384615384616
0.65;0.85;2;200.0;200.0;0.0;0.0;200.0;200.0;561.52;556.0;152.26355309134226;0.27116318758253005;531.6763435940969;591.363656405903;2.8076;2.7800000000000002;0.7613177654567113;0.27116318758253;2.6583817179704843;2.9568182820295155;120.93;114.5;64.63903696683607;0.5345161412952623;108.26074875450014;133.5992512454999;2.8076;2.7800000000000002;0.7613177654567113;0.27116318758253;2.6583817179704843;2.9568182820295155;7.45;7.0;1.299038105676658;0.17436753096330979;7.195388531287375;7.704611468712625;5.6152;5.5600000000000005;1.5226355309134225;0.27116318758253;5.316763435940969;5.913636564059031;120.96;114.5;64.62738119404189;0.5342872122523304;108.29303328596778;133.6269667140322;0.78833940613272;0.7980744766369372;0.06657722613554465;0.084452490409107;0.7752902698101533;0.8013885424552868;179.48;184.0;16.702981769732016;0.09306319238763103;176.2062155731325;182.75378442686747;0.17524966312005433;0.1442488599226752;0.08560341460324465;0.48846550161184765;0.1584713938578184;0.19202793238229027;3.223406525745291;2.6720730927416088;1.5566724875047073;0.48292775828043766;2.9182987181943685;3.5285143332962137;4.333333333333333;2.1764705882352944;-1.1764705882352942;0.6479076923076923
0.65;0.95;2;200.0;200.0;0.0;0.0;200.0;200.0;690.72;704.5;181.19895584688118;0.2623334431417668;655.2050046540113;726.2349953459888;3.4536;3.5225;0.905994779234406;0.2623334431417669;3.2760250232700563;3.6311749767299433;145.47;172.0;59.2758728320385;0.40747833114758025;133.85192892492046;157.08807107507954;3.4536;3.5225;0.905994779234406;0.2623334431417669;3.2760250232700563;3.6311749767299433;8.35;8.0;1.306713434537198;0.1564926268906824;8.093884166830708;8.60611583316929;6.9072;7.045;1.811989558468812;0.2623334431417669;6.552050046540113;7.2623499534598865;145.48;172.0;59.25951062909649;0.40733785145103446;133.86513591669708;157.0948640833029;0.7942694282932741;0.8162673819799702;0.0648014165750451;0.08158619010968401;0.7815683506445652;0.8069705059419829;189.5;195.5;12.575770354137356;0.0663629042434689;187.03514901058907;191.96485098941093;0.15272241738329112;0.12513119297295394;0.06585347830646235;0.43119719707676113;0.1398151356352245;0.16562969913135775;2.738086410314566;2.097361809045226;1.1837899812062218;0.43234208268475416;2.5060635739981465;2.9701092466309853;12.99999999999999;2.052631578947368;-1.0526315789473684;0.26566153846153867
0.85;0.05;2;200.0;200.0;0.0;0.0;200.0;200.0;177.49;176.0;14.950247489590263;0.08423149185638774;174.5597514920403;180.4202485079597;0.8874500000000001;0.88;0.0747512374479513;0.08423149185638773;0.8727987574602016;0.9021012425397985;7.11;7.0;1.684606779043703;0.23693484937323528;6.779817071307434;7.4401829286925665;0.8874500000000001;0.88;0.0747512374479513;0.08423149185638773;0.8727987574602016;0.9021012425397985;4.19;4.0;0.6587108622149781;0.15721022964557949;4.060892671005865;4.319107328994136;1.7749000000000001;1.76;0.1495024748959026;0.08423149185638773;1.7455975149204033;1.804202485079597;7.87;8.0;1.689112192839777;0.2146267081117887;7.538934010203404;8.201065989796597;0.5421783360999283;0.5403321469481264;0.052275611459535985;0.09641774298023802;0.5319323162538592;0.5524243559459974;97.95;97.0;8.14171357884813;0.0831211187222882;96.35422413854577;99.54577586145423;0.45899702333274317;0.4531818473998843;0.0515572726186719;0.11232594112336151;0.44889179789948347;0.46910224876600287;3.6395469234543416;3.6034100520941967;0.9395074585870555;0.2581385755827422;3.4554034615712785;3.8236903853374047;0.8947368421052632;21.0;-20.0;0.9918558823529412
0.85;0.15;2;200.0;200.0;0.0;0.0;200.0;200.0;199.14;197.5;17.235440232265606;0.08654936342405146;195.76185371447593;202.51814628552404;0.9957;0.9875;0.08617720116132803;0.08654936342405145;0.9788092685723797;1.0125907314276203;9.34;9.0;2.84682279041039;0.30479901396256853;8.782022733079563;9.897977266920437;0.9957;0.9875;0.08617720116132803;0.08654936342405145;0.9788092685723797;1.0125907314276203;4.45;4.0;0.7262919523166976;0.16321167467790956;4.307646777345927;4.592353222654073;1.9914;1.975;0.17235440232265606;0.08654936342405145;1.9576185371447594;2.0251814628552407;9.93;10.0;2.829328542251677;0.2849273456446805;9.375451605718672;10.484548394281328;0.5602819385831342;0.5597813633307767;0.04612530477487685;0.08232516809576365;0.5512413788472584;0.56932249831901;106.56;107.0;7.813219566862306;0.07332225569502915;105.02860896489499;108.09139103510502;0.44759076655065394;0.4420516081786822;0.05293120510102991;0.11825803626143318;0.4372162503508521;0.4579652827504558;3.9969756082265997;3.884713158232412;1.0028974167477056;0.25091406979905906;3.8004077145440496;4.19354350190915;1.0;7.666666666666667;-6.666666666666667;0.9957
0.85;0.25;2;200.0;200.0;0.0;0.0;200.0;200.0;226.47;223.5;22.09726453658914;0.0975725903501088;222.13893615082853;230.80106384917147;1.1323499999999997;1.1175000000000002;0.1104863226829457;0.09757259035010882;1.1106946807541425;1.154005319245857;13.43;12.0;5.720585634355979;0.4259557434367818;12.308765215666227;14.551234784333772;1.1323499999999997;1.1175000000000002;0.1104863226829457;0.09757259035010882;1.1106946807541425;1.154005319245857;4.8;5.0;0.8717797887081348;0.18162078931419476;4.629131161413206;4.970868838586794;2.2646999999999995;2.2350000000000003;0.2209726453658914;0.09757259035010882;2.221389361508285;2.308010638491714;13.82;13.0;5.634500865205364;0.407706285470721;12.715637830419748;14.924362169580252;0.5852215772921467;0.5844246494469305;0.04008910502813693;0.06850243836468142;0.5773641127066319;0.5930790418776616;116.15;115.0;7.649019545013596;0.06585466676722855;114.65079216917734;117.64920783082268;0.4257273430672525;0.42786187322611163;0.05488153789941152;0.128912410238921;0.41497056163896784;0.4364841244955372;4.214288768369162;4.127342200202503;0.8966853688781312;0.2127726451989499;4.038538436069048;4.390039100669275;1.1333333333333333;5.0;-4.0;0.9991323529411763
0.85;0.35;2;200.0;200.0;0.0;0.0;200.0;200.0;261.19;259.5;30.542002226442193;0.11693404122072895;255.20376756361733;267.1762324363827;1.30595;1.2974999999999999;0.15271001113221097;0.11693404122072895;1.2760188378180866;1.3358811621819133;19.89;16.5;11.565375047961046;0.5814668199075438;17.623186490599636;22.156813509400365;1.30595;1.2974999999999999;0.15271001113221097;0.11693404122072895;1.2760188378180866;1.3358811621819133;5.16;5.0;0.8685620300243385;0.16832597481091832;4.98976184211523;5.330238157884771;2.6119;2.5949999999999998;0.30542002226442194;0.11693404122072895;2.552037675636173;2.6717623243638267;20.1;17.0;11.502608399836971;0.5722690746187548;17.845488753631955;22.354511246368048;0.6124234423974635;0.6124804012844252;0.03798217270194481;0.062019462470697416;0.6049789365478823;0.6198679482470447;126.46;127.0;7.971725032889681;0.06303752200608637;124.89754189355362;128.02245810644638;0.39232627733650316;0.3896602303291671;0.06592467941401586;0.16803534002763582;0.37940504017135607;0.40524751450165025;4.44250775650702;4.28583769102324;1.1989302812994769;0.2698769134490272;4.207517421372322;4.677498091641717;1.3076923076923077;3.857142857142857;-2.857142857142857;0.9986676470588235
0.85;0.45;2;200.0;200.0;0.0;0.0;200.0;200.0;307.82;299.5;46.429167556612505;0.15083219919632418;298.71988315890394;316.92011684109605;1.5391000000000004;1.4975;0.23214583778306258;0.15083219919632418;1.49359941579452;1.5846005842054807;31.5;25.5;23.284114756631826;0.7391782462422802;26.936313507700163;36.06368649229984;1.5391000000000004;1.4975;0.23214583778306258;0.15083219919632418;1.49359941579452;1.5846005842054807;5.64;5.5;0.9112628599915613;0.16157142907651798;5.4613924794416535;5.818607520558346;3.0782000000000007;2.995;0.46429167556612516;0.15083219919632418;2.98719883158904;3.1692011684109613;31.65;25.5;23.226439675507738;0.7338527543604341;27.09761782360048;36.20238217639952;0.6487232851741699;0.6471301379682062;0.04344435917083664;0.06696901462257926;0.6402081907766859;0.6572383795716539;138.59;138.0;10.240209958785027;0.07388851979785718;136.58291884807815;140.59708115192186;0.3481990447260274;0.3429714939148901;0.0856331485941221;0.24593160116651275;0.33141494760157947;0.36498314185047537;4.270694066955139;4.186219764030799;1.0479948528946352;0.24539216260035696;4.065287075787791;4.476101058122487;1.5454545454545452;3.2222222222222223;-2.2222222222222223;0.9958882352941181
0.85;0.55;2;200.0;200.0;0.0;0.0;200.0;200.0;372.33;363.5;68.41199529322324;0.18374021779932653;358.9212489225282;385.73875107747176;1.8616500000000002;1.8175;0.34205997646611624;0.1837402177993265;1.7946062446126414;1.928693755387359;48.99;37.5;34.458814547224335;0.70338466109868;42.23607234874403;55.74392765125597;1.8616500000000002;1.8175;0.34205997646611624;0.1837402177993265;1.7946062446126414;1.928693755387359;6.16;6.0;0.9971960689854329;0.16188247873140144;5.964549570478855;6.355450429521145;3.7233000000000005;3.635;0.6841199529322325;0.1837402177993265;3.589212489225283;3.857387510774718;49.11;37.5;34.39153820345929;0.7002960334648604;42.36925851212198;55.85074148787802;0.6885417747878165;0.6855125440006029;0.049886375887176315;0.07245221381454957;0.67876404511393;0.6983195044617031;152.47;153.0;11.588317392960894;0.07600391810166521;150.19868979097967;154.74131020902033;0.2985921273661047;0.29827770897520367;0.0981484480012168;0.32870407156072373;0.2793550315578662;0.3178292231743432;4.125104621978873;3.8164021439029856;1.1879812857074423;0.28798815898578356;3.8922602899802143;4.357948953977532;1.888888888888889;2.8181818181818183;-1.8181818181818181;0.9855794117647059
0.85;0.65;2;200.0;200.0;0.0;0.0;200.0;200.0;459.49;447.0;99.92061799248442;0.21745983153601695;439.90555887347307;479.07444112652695;2.29745;2.2350000000000003;0.49960308996242203;0.2174598315360169;2.1995277943673655;2.3953722056326345;75.47;59.0;50.12872529797661;0.6642205551606812;65.64476984159658;85.29523015840341;2.29745;2.2350000000000003;0.49960308996242203;0.2174598315360169;2.1995277943673655;2.3953722056326345;6.71;7.0;1.0797684937059424;0.16091929861489454;6.498365375233635;6.921634624766365;4.5949;4.470000000000001;0.9992061799248441;0.2174598315360169;4.399055588734731;4.790744411265269;75.55;59.0;50.07821382597427;0.6628486277428758;65.73467009010903;85.36532990989096;0.7304731141748166;0.7277314598212001;0.05679272344923507;0.07774786278532826;0.7193417403787665;0.7416044879708668;167.64;167.0;13.185992567872923;0.07865660085822551;165.0555454566969;170.22445454330307;0.25345432158598485;0.24095398049711608;0.10473010561027538;0.4132109681733933;0.23292722088637088;0.27398142228559885;3.7502600709842375;3.4600997959598105;1.349293064486581;0.35978653185310044;3.485798630344868;4.014721511623607;2.428571428571429;2.5384615384615383;-1.5384615384615383;0.9460088235294116
0.85;0.75;2;200.0;200.0;0.0;0.0;200.0;200.0;573.4;562.5;137.19854226630835;0.23927196070161905;546.5090857158035;600.2909142841964;2.8670000000000004;2.8125;0.6859927113315417;0.239271960701619;2.7325454285790185;3.0014545714209824;107.99;92.5;61.75103157033088;0.5718217572954059;95.88679781221515;120.09320218778484;2.8670000000000004;2.8125;0.6859927113315417;0.239271960701619;2.7325454285790185;3.0014545714209824;7.65;8.0;1.2835497652993435;0.1677842830456658;7.398424246001329;7.901575753998672;5.734000000000001;5.625;1.3719854226630834;0.239271960701619;5.465090857158037;6.002909142841965;108.02;92.5;61.735561874822196;0.5715197359268858;95.91982987253485;120.12017012746514;0.769200130825256;0.7683010194640263;0.05998415646108521;0.07798250943708197;0.7574432361588832;0.7809570254916287;181.67;183.0;12.90120537004198;0.0710145063579126;179.14136374747176;184.19863625252822;0.21205077042395504;0.18977800180847626;0.09404024812589644;0.4434798701173352;0.19361888179127934;0.23048265905663073;3.318705302240998;2.867544048211461;1.4683538848980124;0.4424478075550992;3.0309079408009874;3.6065026636810087;3.4;2.333333333333333;-1.3333333333333333;0.8432352941176472
0.85;0.85;2;200.0;200.0;0.0;0.0;200.0;200.0;705.72;713.5;168.88138322503164;0.23930366607865958;672.6192488878938;738.8207511121062;3.528599999999999;3.5675;0.8444069161251582;0.23930366607865963;3.3630962444394683;3.69410375556053;135.93;147.0;60.40103558714868;0.4443539732741019;124.09139702491886;147.76860297508114;3.528599999999999;3.5675;0.8444069161251582;0.23930366607865963;3.3630962444394683;3.69410375556053;8.46;8.0;1.2362847568420472;0.14613294998132945;8.21768818765896;8.702311812341042;7.057199999999998;7.135;1.6888138322503163;0.23930366607865963;6.726192488878937;7.38820751112106;135.97;147.0;60.38186068679898;0.4440822290711111;124.1351553053874;147.8048446946126;0.7902081450929345;0.8024030332159043;0.057120497300051636;0.072285381585549;0.7790125276221244;0.8014037625637446;190.83;194.5;10.00205478889213;0.05241342969602331;188.86959726137715;192.79040273862287;0.18428071369782656;0.15508147390695876;0.07624763271450256;0.4137580715013361;0.16933617768578405;0.19922524970986907;2.806078399538315;2.3123373262765656;1.1425578584881326;0.4071724648449302;2.582137059274641;3.0300197398019892;5.666666666666666;2.1764705882352944;-1.1764705882352942;0.6226941176470587
0.85;0.95;2;200.0;200.0;0.0;0.0;200.0;200.0;857.36;866.5;198.02886254281216;0.23097515925960174;818.5463429416088;896.1736570583912;4.2868;4.3325;0.9901443127140609;0.23097515925960174;4.092731714708044;4.480868285291956;157.84;192.0;52.93386817529964;0.33536409132855827;147.46496183764128;168.21503816235872;4.2868;4.3325;0.9901443127140609;0.23097515925960174;4.092731714708044;4.480868285291956;9.52;9.0;1.4864723340849635;0.15614205189968106;9.228651422519347;9.811348577480652;8.5736;8.665;1.9802886254281218;0.23097515925960174;8.185463429416089;8.961736570583913;157.86;192.0;52.903689852410096;0.3351304310934378;147.49087678892764;168.2291232110724;0.790523507001741;0.8057811436428579;0.054458154431841946;0.06888872240926544;0.7798497087331;0.801197305270382;195.99;199.0;6.405458609654737;0.03268257875225642;194.73453011250768;197.24546988749233;0.16774684711444668;0.1469213499819318;0.05873910976666485;0.35016520892693503;0.15623398160018037;0.17925971262871299;2.4280236885393474;1.969472361809045;0.7886066304276685;0.3247936311947925;2.2734567889755244;2.5825905881031703;16.999999999999986;2.052631578947368;-1.0526315789473684;0.2521647058823532
1.05;0.05;2;200.0;200.0;0.0;0.0;200.0;200.0;219.45;216.0;16.778781242986632;0.0764583333013745;216.1613588763746;222.73864112362537;1.0972500000000003;1.08;0.08389390621493314;0.07645833330137446;1.0808067943818733;1.1136932056181272;8.44;8.0;1.8564482217395668;0.2199583201113231;8.076136148539044;8.803863851460955;1.0972500000000003;1.08;0.08389390621493314;0.07645833330137446;1.0808067943818733;1.1136932056181272;4.71;5.0;0.7783957862167549;0.16526449813519212;4.557434425901516;4.862565574098484;2.1945000000000006;2.16;0.1677878124298663;0.07645833330137446;2.1616135887637467;2.2273864112362545;9.37;9.0;1.8528626500634093;0.19774414621807998;9.00683892058757;9.733161079412428;0.555771979808205;0.5562895339302099;0.04326098969677519;0.07783945803043976;0.547292825827637;0.564251133788773;117.15;117.0;7.374788132549978;0.06295166993213809;115.70454152602021;118.5954584739798;0.4616792344154832;0.4597740339617596;0.04647544116336486;0.10066608523600998;0.4525700479474637;0.4707884208835027;4.6640745487778315;4.428827394290725;1.2486903502850515;0.26772521262814225;4.419331240121961;4.908817857433702;1.105263157894737;21.0;-20.0;0.9927500000000001
1.05;0.15;2;200.0;200.0;0.0;0.0;200.0;200.0;245.12;242.0;19.893355674697016;0.08115761943006289;241.2209022877594;249.0190977122406;1.2256;1.21;0.09946677837348508;0.08115761943006289;1.206104511438797;1.2450954885612031;11.32;11.0;3.2058696168122616;0.2832040297537333;10.691649555104798;11.948350444895203;1.2256;1.21;0.09946677837348508;0.08115761943006289;1.206104511438797;1.2450954885612031;4.97;5.0;0.8655056325639944;0.1741460025279667;4.800360896017457;5.139639103982542;2.4512;2.42;0.19893355674697016;0.08115761943006289;2.412209022877594;2.4901909771224062;11.9;11.5;3.125699921617557;0.26266385895945854;11.28736281536296;12.512637184637041;0.5758346690713889;0.5760317900794091;0.03650838601313882;0.06340081272288367;0.5686790254128137;0.5829903127299642;125.5;125.0;7.197916365171244;0.05735391526032863;124.08920839242644;126.91079160757356;0.4494336368029498;0.44652909066702173;0.04607747969573361;0.1025234337676774;0.440402450782586;0.4584648228233136;4.8362542095773655;4.621147916521497;1.1388538377905715;0.23548262527955383;4.613038857370413;5.059469561784318;1.2352941176470589;7.666666666666667;-6.666666666666667;0.9921523809523809
1.05;0.25;2;200.0;200.0;0.0;0.0;200.0;200.0;277.98;277.0;25.922569317102806;0.09325336109469316;272.89917641384784;283.0608235861522;1.3899000000000001;1.3849999999999998;0.12961284658551403;0.09325336109469315;1.3644958820692394;1.4153041179307608;16.04;15.0;6.555791332859825;0.4087151703777946;14.755064898759473;17.324935101240523;1.3899000000000001;1.3849999999999998;0.12961284658551403;0.09325336109469315;1.3644958820692394;1.4153041179307608;5.29;5.0;0.7783957862167549;0.14714476109957558;5.137434425901516;5.442565574098484;2.7798000000000003;2.7699999999999996;0.25922569317102806;0.09325336109469315;2.728991764138479;2.8306082358615217;16.46;16.0;6.41158326780523;0.3895251074000747;15.203329679510176;17.716670320489825;0.5962249147520255;0.5945944523181014;0.03302487025736577;0.05538995342236087;0.5897520401815819;0.6026977893224692;134.54;135.0;7.334057539997898;0.05451209707148728;133.1025247221604;135.97747527783957;0.4278956882673119;0.4271288399532981;0.05095884739430517;0.11909175247980187;0.41790775417802806;0.4378836223565957;5.040001632168069;4.828595638781087;1.2018702295439911;0.23846623816012136;4.8044350671774465;5.275568197158692;1.4000000000000001;5.0;-4.0;0.9927857142857143
1.05;0.35;2;200.0;200.0;0.0;0.0;200.0;200.0;320.09;316.5;36.217425364042654;0.11314763149127638;312.9913846286476;327.18861537135234;1.60045;1.5825;0.1810871268202133;0.1131476314912764;1.564956923143238;1.6359430768567618;23.97;21.0;13.948802816012561;0.5819275267422847;21.236034648061537;26.70396535193846;1.60045;1.5825;0.1810871268202133;0.1131476314912764;1.564956923143238;1.6359430768567618;5.73;6.0;0.8349251463454673;0.1457111948246889;5.566354671316289;5.893645328683712;3.2009;3.165;0.3621742536404266;0.1131476314912764;3.129913846286476;3.2718861537135235;24.22;21.0;13.851772449762523;0.5719146345896996;21.505052599846543;26.934947400153455;0.6262572382345959;0.6234115085862331;0.03436190220951917;0.054868670750033245;0.6195223054015301;0.6329921710676617;144.86;145.0;7.783341184863991;0.05373009239861929;143.33446512776666;146.38553487223336;0.3940050558978579;0.3940205376103168;0.06390298614718687;0.16218823893405346;0.38148007061300926;0.4065300411827065;4.920949743466633;4.723015732003866;1.1619666882027309;0.23612650987656028;4.693204272578898;5.148695214354369;1.6153846153846154;3.857142857142857;-2.857142857142857;0.9907547619047619
1.05;0.45;2;200.0;200.0;0.0;0.0;200.0;200.0;377.71;371.5;53.788715359264714;0.14240744316873982;367.1674117895841;388.25258821041587;1.8885500000000002;1.8575;0.2689435767963236;0.1424074431687398;1.8358370589479207;1.9412629410520796;37.54;31.0;25.23347776268662;0.6721757528685833;32.59423835851342;42.485761641486576;1.8885500000000002;1.8575;0.2689435767963236;0.1424074431687398;1.8358370589479207;1.9412629410520796;6.18;6.0;0.9314504817756013;0.15072014268213613;5.997435705571982;6.362564294428018;3.7771000000000003;3.715;0.5378871535926472;0.1424074431687398;3.6716741178958414;3.8825258821041593;37.76;31.0;25.12493582081355;0.6653849528817148;32.83551257912054;42.68448742087946;0.6609316667093545;0.6606481784501614;0.03917754258223007;0.05927623770440166;0.6532528683632375;0.6686104650554716;156.61;156.5;9.114707894386962;0.05820003763736007;154.82351725270016;158.39648274729987;0.3483964474452048;0.3458022236839976;0.08032961893563419;0.23056956959432914;0.3326518421338205;0.36414105275658915;4.611919910157797;4.244022690867702;1.2961752152076165;0.2810489428389202;4.357869567977104;4.86597025233849;1.909090909090909;3.2222222222222223;-2.2222222222222223;0.9892404761904764
1.05;0.55;2;200.0;200.0;0.0;0.0;200.0;200.0;456.23;450.5;78.97250850770793;0.17309801746423498;440.7513883324893;471.70861166751075;2.2811500000000002;2.2525;0.39486254253853964;0.17309801746423498;2.2037569416624465;2.358543058337554;58.72;48.0;37.49562107766718;0.6385494052736237;51.37085826877723;66.06914173122277;2.2811500000000002;2.2525;0.39486254253853964;0.17309801746423498;2.2037569416624465;2.358543058337554;6.79;7.0;1.0324243313676795;0.15205071154163174;6.587644831051935;6.992355168948065;4.5623000000000005;4.505;0.7897250850770793;0.17309801746423498;4.407513883324893;4.717086116675108;58.89;48.0;37.376970182185715;0.634691291937268;51.5641138442916;66.2158861557084;0.6986290947859011;0.6997936980747239;0.043682294867039784;0.06252573102531105;0.6900673649919613;0.7071908245798408;168.66;169.0;9.79920404930931;0.05810034417946941;166.73935600633538;170.5806439936646;0.3002074234456995;0.29957183634633683;0.09553233436450703;0.3182210928297934;0.2814830859102561;0.3189317609811429;4.11444414329109;3.7839402437054384;1.4094314477768908;0.34255695269920594;3.8381955795268192;4.3906927070553605;2.3333333333333335;2.8181818181818183;-1.8181818181818181;0.9776357142857143
1.05;0.65;2;200.0;200.0;0.0;0.0;200.0;200.0;562.47;553.5;115.42126797085535;0.20520430951136123;539.8474314777123;585.0925685222877;2.8123500000000003;2.7675;0.5771063398542767;0.2052043095113612;2.6992371573885623;2.9254628426114384;88.13;72.5;53.240145567043676;0.6041092200958094;77.69493146885944;98.56506853114055;2.8123500000000003;2.7675;0.5771063398542767;0.2052043095113612;2.6992371573885623;2.9254628426114384;7.59;7.0;1.1924344845734713;0.15710599269742706;7.356282841023599;7.8237171589764;5.624700000000001;5.535;1.1542126797085535;0.2052043095113612;5.398474314777125;5.850925685222877;88.22;72.5;53.169461159579186;0.6026916930353569;77.79878561272248;98.64121438727751;0.7386328154437636;0.7415543294472544;0.051604247100038574;0.0698645470673209;0.728518383012156;0.7487472478753712;181.11;182.0;9.790704775449008;0.054059437775103567;179.19102186401201;183.028978135988;0.2563258020158566;0.2464988966059296;0.09826806192059252;0.38337171345128007;0.23706526187942045;0.2755863421522927;3.478304360396115;3.101132676963002;1.2439820938492734;0.3576403801844433;3.2344838700016574;3.722124850790572;3.0000000000000004;2.5384615384615383;-1.5384615384615383;0.93745
1.05;0.75;2;200.0;200.0;0.0;0.0;200.0;200.0;692.7;683.5;150.87077251740976;0.2178010286089357;663.1293285865877;722.2706714134124;3.4635000000000002;3.4175;0.7543538625870486;0.21780102860893563;3.3156466429329385;3.611353357067062;120.65;111.5;60.57992654336913;0.5021129427548208;108.77633439749965;132.52366560250036;3.4635000000000002;3.4175;0.7543538625870486;0.21780102860893563;3.3156466429329385;3.611353357067062;8.62;9.0;1.354843164355196;0.15717438101568398;8.354450739786381;8.885549260213617;6.9270000000000005;6.835;1.5087077251740972;0.21780102860893563;6.631293285865877;7.222706714134124;120.7;111.5;60.544446483554545;0.5016109899217444;108.8332884892233;132.56671151077668;0.7723583307428739;0.7750429316375648;0.05231599111921283;0.0677353878851724;0.7621043964835081;0.7826122650022396;190.6;192.5;8.212186067059124;0.043085970970929297;188.99041153085642;192.20958846914357;0.21845411929599734;0.1948790578474893;0.08695442544899047;0.3980443386886672;0.20141105190799521;0.23549718668399947;2.946642698407446;2.566934673366834;1.127956919405383;0.3827939234081563;2.725563142203991;3.1677222546109007;4.2;2.333333333333333;-1.3333333333333333;0.8246428571428571
1.05;0.85;2;200.0;200.0;0.0;0.0;200.0;200.0;843.36;850.0;183.5547613111684;0.21764698504928903;807.383266783011;879.336733216989;4.2168;4.25;0.917773806555842;0.217646985049289;4.036916333915055;4.396683666084945;146.83;168.5;56.26278610236077;0.3831831785218332;135.8024939239373;157.85750607606272;4.2168;4.25;0.917773806555842;0.217646985049289;4.036916333915055;4.396683666084945;9.51;10.0;1.4865732407116714;0.15631684970680035;9.218631644820512;9.801368355179488;8.4336;8.5;1.835547613111684;0.217646985049289;8.07383266783011;8.79336733216989;146.89;168.5;56.20905532029515;0.38266087085775174;135.87302515722214;157.90697484277783;0.7884377570779247;0.7991773579096648;0.05049746613589118;0.06404749859144594;0.7785402537152901;0.7983352604405594;195.74;199.0;5.717726821036485;0.029210824670667643;194.61932554307685;196.86067445692316;0.19560417380717862;0.16432906689963164;0.07011817864741406;0.3584697467475039;0.18186101079228548;0.20934733682207177;2.549893498310773;2.085477386934673;0.8813102632518955;0.3456263031517735;2.3771566867134015;2.7226303099081446;6.999999999999999;2.1764705882352944;-1.1764705882352942;0.6024
1.05;0.95;2;200.0;200.0;0.0;0.0;200.0;200.0;1015.08;1030.0;213.26151457775967;0.21009330750064986;973.2807431427591;1056.879256857241;5.075400000000001;5.15;1.0663075728887983;0.2100933075006498;4.866403715713797;5.284396284286205;167.77;199.0;45.501396681860214;0.27121295035977955;158.8517262503554;176.68827374964462;5.075400000000001;5.15;1.0663075728887983;0.2100933075006498;4.866403715713797;5.284396284286205;10.88;11.0;1.563841424185969;0.14373542501709274;10.57348708085955;11.186512919140451;10.150800000000002;10.3;2.1326151457775966;0.2100933075006498;9.732807431427593;10.56879256857241;167.78;199.0;45.494083131765606;0.2711531954450209;158.86315970617395;176.69684029382606;0.7870546033599715;0.7959509724520422;0.047876677173362796;0.0608301850582858;0.7776707746339924;0.7964384320859506;198.3;200.0;3.508560958569766;0.017693196967068916;197.61232205212033;198.9876779478797;0.18066138004556442;0.16444240027922252;0.04973410039226874;0.27528905391802805;0.17091349636867975;0.1904092637224491;2.22914674676623;1.9521356783919597;0.5325579861105324;0.23890665201073083;2.1247653814885656;2.333528112043894;20.999999999999982;2.052631578947368;-1.0526315789473684;0.24168571428571453
1.25;0.05;2;200.0;200.0;0.0;0.0;200.0;200.0;259.95;258.0;19.6847021821515;0.07572495549971726;256.0917983722983;263.8082016277017;1.29975;1.29;0.09842351091075749;0.07572495549971725;1.2804589918614915;1.3190410081385084;9.71;10.0;2.1227105313725656;0.2186107653318811;9.293948735850979;10.126051264149023;1.29975;1.29;0.09842351091075749;0.07572495549971725;1.2804589918614915;1.3190410081385084;5.15;5.0;0.8170067319184096;0.15864208386765233;4.989866680543992;5.310133319456009;2.5995;2.58;0.19684702182151498;0.07572495549971725;2.560917983722983;2.638082016277017;10.67;10.0;2.0787255711132238;0.1948196411540041;10.262569788061809;11.077430211938191;0.5629317932349666;0.5627597576872939;0.03621680115048709;0.06433603783925963;0.5558333002094711;0.570030286260462;132.98;134.0;7.152593935069991;0.05378699003662198;131.57809158872627;134.3819084112737;0.4614046298065981;0.4609194453615054;0.03985938564476075;0.08638705177593942;0.45359219022022496;0.4692170693929712;5.457499453080242;5.266614663198062;1.2467128728254555;0.22844031108822266;5.213143730006453;5.701855176154031;1.3157894736842106;21.0;-20.0;0.9878099999999999
1.25;0.15;2;200.0;200.0;0.0;0.0;200.0;200.0;290.49;288.5;23.78171356315604;0.08186758085702103;285.82878414162144;295.1512158583786;1.45245;1.4425;0.1189085678157802;0.08186758085702103;1.4291439207081071;1.475756079291893;13.18;13.0;3.603831294608559;0.2734318129445037;12.473649066256723;13.886350933743277;1.45245;1.4425;0.1189085678157802;0.08186758085702103;1.4291439207081071;1.475756079291893;5.49;5.0;0.8887631855561974;0.1618876476422946;5.315802415630985;5.664197584369015;2.9049;2.885;0.2378171356315604;0.08186758085702103;2.8582878414162143;2.951512158583786;13.7;13.0;3.539774004085572;0.25837766453179356;13.006204295199227;14.393795704800771;0.5823488382736572;0.5802130536154236;0.03694327486901703;0.06343839369291684;0.5751079563993299;0.5895897201479846;140.6;141.0;6.61362230551458;0.04703856547307667;139.30373002811913;141.89626997188086;0.44995186134807197;0.44598220441934533;0.04192232937919693;0.09317069886897707;0.4417350847897494;0.45816863790639456;5.524103908716763;5.209282067562965;1.1816584827142884;0.21390953215953987;5.292498846104763;5.7557089713287635;1.4705882352941178;7.666666666666667;-6.666666666666667;0.9876659999999999
1.25;0.25;2;200.0;200.0;0.0;0.0;200.0;200.0;329.53;329.0;29.883927118101465;0.09068651448457338;323.6727502848521;335.38724971514785;1.64765;1.645;0.1494196355905073;0.09068651448457336;1.6183637514242606;1.6769362485757395;18.57;17.5;7.28732461195465;0.3924245886889957;17.14168437605689;19.99831562394311;1.64765;1.645;0.1494196355905073;0.09068651448457336;1.6183637514242606;1.6769362485757395;5.82;6.0;0.8646386528486913;0.14856334241386449;5.650530824041657;5.989469175958344;3.2953;3.29;0.2988392711810146;0.09068651448457336;3.236727502848521;3.353872497151479;18.96;18.0;7.1804178151414;0.3787140197859388;17.552638108232287;20.367361891767715;0.6063360033594463;0.6084559565902645;0.032115800513208496;0.05296700234732673;0.6000413064588574;0.6126307002600351;149.33;150.0;6.708285921157506;0.04492256024347087;148.01517595945313;150.6448240405469;0.42937769823288346;0.4241614391942887;0.04728715944815876;0.11012951916871895;0.42010941498104437;0.43864598148472256;5.38678891505817;5.124819920162665;1.0746869740462563;0.1995041927561127;5.176150268145103;5.597427561971236;1.6666666666666667;5.0;-4.0;0.98859
1.25;0.35;2;200.0;200.0;0.0;0.0;200.0;200.0;380.36;377.5;41.69257008149053;0.10961344537146527;372.18825626402787;388.53174373597216;1.9017999999999997;1.8875;0.20846285040745266;0.10961344537146529;1.860941281320139;1.9426587186798605;28.28;25.5;15.829137689716394;0.5597290555062374;25.177489012815588;31.382510987184414;1.9017999999999997;1.8875;0.20846285040745266;0.10961344537146529;1.860941281320139;1.9426587186798605;6.28;6.0;0.8840814442120138;0.14077730003376016;6.106720036934446;6.453279963065555;3.8035999999999994;3.775;0.4169257008149053;0.10961344537146529;3.721882562640278;3.885317437359721;28.54;25.5;15.715228283419876;0.5506386924814253;25.459815256449705;31.620184743550293;0.6332797791168442;0.6322438046003438;0.03449346027299362;0.05446796409810734;0.6265190609033374;0.640040497330351;159.32;160.0;7.351027139114641;0.04614001468186443;157.87919868073354;160.76080131926645;0.3943760222312837;0.3996107533163632;0.061926835067894245;0.1570248483098117;0.38223836255797644;0.406513681904591;5.007364965978775;4.58639622522454;1.2419841237535203;0.24803147607411383;4.763936077723085;5.250793854234465;1.923076923076923;3.857142857142857;-2.857142857142857;0.9889359999999999
1.25;0.45;2;200.0;200.0;0.0;0.0;200.0;200.0;450.07;443.5;62.87944894796709;0.13971037604809716;437.74562800619844;462.39437199380154;2.25035;2.2175000000000002;0.31439724473983544;0.13971037604809716;2.1887281400309924;2.311971859969008;43.67;36.0;27.19781425041358;0.6228031657983416;38.33922840691894;49.00077159308106;2.25035;2.2175000000000002;0.31439724473983544;0.13971037604809716;2.1887281400309924;2.311971859969008;6.84;7.0;0.976933979345585;0.1428266051674832;6.648520940048265;7.031479059951734;4.5007;4.4350000000000005;0.6287944894796709;0.13971037604809716;4.377456280061985;4.623943719938016;43.92;36.0;27.029864964516563;0.6154340838915429;38.62214646695475;49.21785353304525;0.6689527789966967;0.6691577644925735;0.035844672113564374;0.05358326213596816;0.661927223262438;0.6759783347309554;169.57;169.5;8.172215121984982;0.04819375551090984;167.96824583609094;171.17175416390904;0.3505111338327697;0.35243976287608364;0.07805185995359143;0.2226801160354304;0.3352129692818658;0.36580929838367365;4.417258656305466;4.120758824299568;1.1704648820127377;0.26497540060099134;4.18784753943097;4.646669773179963;2.2727272727272725;3.2222222222222223;-2.2222222222222223;0.9901540000000001
1.25;0.55;2;200.0;200.0;0.0;0.0;200.0;200.0;541.17;532.5;91.77701836516592;0.16958999642472036;523.1817044004274;559.1582955995725;2.70585;2.6625;0.45888509182582954;0.16958999642472036;2.615908522002137;2.7957914779978625;67.2;56.0;40.71609018557651;0.6058941991901267;59.219646323627;75.180353676373;2.70585;2.6625;0.45888509182582954;0.16958999642472036;2.615908522002137;2.7957914779978625;7.56;7.0;1.1689311356961969;0.15462052059473505;7.330889497403545;7.789110502596454;5.4117;5.325;0.9177701836516591;0.16958999642472036;5.231817044004274;5.591582955995725;67.33;56.0;40.609372070988734;0.6031393445861983;59.370563074086206;75.28943692591379;0.7050443406579672;0.7067941030819545;0.0401987740286907;0.05701595163670994;0.6971653809483438;0.7129233003675906;179.71;179.5;7.94014483495106;0.04418309963246931;178.1537316123496;181.26626838765043;0.30383331573239725;0.3016009801948918;0.09194790380922788;0.30262614087459544;0.28581152658578857;0.3218551048790059;3.8040665251974843;3.526179614324266;1.1681867047250636;0.30708892628117707;3.575101931071372;4.033031119323597;2.777777777777778;2.8181818181818183;-1.8181818181818181;0.9741059999999998
1.25;0.65;2;200.0;200.0;0.0;0.0;200.0;200.0;661.75;658.5;127.01632769057684;0.1919400494001917;636.854799772647;686.645200227353;3.30875;3.2925;0.6350816384528842;0.1919400494001917;3.1842739988632345;3.4332260011367652;99.59;85.5;55.27460447619684;0.5550216334591509;88.75617752266542;110.42382247733458;3.30875;3.2925;0.6350816384528842;0.1919400494001917;3.1842739988632345;3.4332260011367652;8.61;8.5;1.3630480549122248;0.15830987861930604;8.342842581237203;8.877157418762796;6.6175;6.585;1.2701632769057685;0.1919400494001917;6.368547997726469;6.8664520022735305;99.67;85.5;55.20345188482329;0.5538622643204905;88.85012343057464;110.48987656942536;0.7427863815829293;0.7415401391758359;0.04687151314349357;0.0631022785361346;0.7335995650068046;0.7519731981590541;189.19;191.0;6.979534368423154;0.036891666411666336;187.82201126378905;190.55798873621094;0.2584030879072635;0.25021329037110174;0.09266140773204115;0.35859249393062886;0.24024145199178346;0.2765647238227436;3.186782734017447;2.919656302975922;1.097370984191544;0.3443507373369421;2.971698021115904;3.4018674469189896;3.5714285714285716;2.5384615384615383;-1.5384615384615383;0.9264499999999999
1.25;0.75;2;200.0;200.0;0.0;0.0;200.0;200.0;809.17;818.5;163.47036765114342;0.20202227918872848;777.1298079403758;841.2101920596241;4.04585;4.092499999999999;0.8173518382557172;0.20202227918872853;3.885649039701879;4.20605096029812;131.28;131.5;58.48248968708497;0.4454790500234992;119.81743202133134;142.74256797866866;4.04585;4.092499999999999;0.8173518382557172;0.20202227918872853;3.885649039701879;4.20605096029812;9.38;9.0;1.3912584231550948;0.14832179351333633;9.107313349061602;9.6526866509384;8.0917;8.184999999999999;1.6347036765114344;0.20202227918872853;7.771298079403758;8.41210192059624;131.33;131.5;58.45169886324946;0.44507499324792094;119.87346702280311;142.7865329771969;0.7723290753321613;0.7755140121908868;0.04650457909429479;0.06021342531264179;0.7632141778296796;0.7814439728346431;194.97;197.0;5.58651053878895;0.028653180175354925;193.87504393439735;196.06495606560264;0.22644121921276267;0.20225210633356694;0.08059971334320618;0.35594099706500526;0.21064367539749426;0.24223876302803107;2.673148024238036;2.3676130653266334;0.8347031117068247;0.31225472893322154;2.5095462143434983;2.8367498341325734;5.0;2.333333333333333;-1.3333333333333333;0.80917
1.25;0.85;2;200.0;200.0;0.0;0.0;200.0;200.0;976.99;990.5;196.46539109980665;0.20109253022017282;938.4827833444378;1015.4972166555622;4.88495;4.952500000000001;0.9823269554990336;0.2010925302201729;4.692413916722189;5.077486083277811;155.96;184.0;51.691183000585305;0.3314387214707957;145.8285281318853;166.09147186811472;4.88495;4.952500000000001;0.9823269554990336;0.2010925302201729;4.692413916722189;5.077486083277811;10.51;10.5;1.4798310714402507;0.14080219518936735;10.21995310999771;10.800046890002289;9.7699;9.905000000000001;1.9646539109980672;0.2010925302201729;9.384827833444378;10.154972166555622;155.98;184.0;51.67184533186327;0.3312722485694529;145.8523183149548;166.10768168504518;0.7853823279914721;0.791054351955155;0.04488113792985627;0.05714559180957736;0.7765856249572203;0.794179031025724;198.02;200.0;3.298423866030562;0.016657023866430472;197.37350892225803;198.666491077742;0.20640199692804548;0.18198473314275512;0.06275757045696313;0.3040550546555093;0.1941015131184807;0.21870248073761026;2.330501395514155;1.985929648241206;0.5978549533754014;0.25653490468882667;2.2133218246525765;2.4476809663757337;8.333333333333332;2.1764705882352944;-1.1764705882352942;0.5861940000000001
1.25;0.95;2;200.0;200.0;0.0;0.0;200.0;200.0;1167.25;1186.0;229.52705178257312;0.19663915337980134;1122.2626978506157;1212.2373021493843;5.836249999999999;5.93;1.1476352589128653;0.19663915337980134;5.611313489253077;6.0611865107469205;175.2;199.0;39.2364626336269;0.223952412292391;167.50965332380912;182.89034667619086;5.836249999999999;5.93;1.1476352589128653;0.19663915337980134;5.611313489253077;6.0611865107469205;11.95;12.0;1.7168284713389395;0.1436676545053506;11.613501619617567;12.286498380382431;11.672499999999998;11.86;2.2952705178257307;0.19663915337980134;11.222626978506154;12.122373021493841;175.21;199.0;39.23194998977237;0.22391387472046326;167.5205378020046;182.8994621979954;0.7835613359249723;0.7900141930319975;0.04331727547460305;0.05528255860591719;0.7750711499319501;0.7920515219179945;199.41;200.0;1.7034964044576084;0.00854268293695205;199.0761147047263;199.74388529527369;0.19369263556207594;0.18115003554147224;0.04235071847705408;0.21864908985391565;0.18539189474057335;0.20199337638357853;2.116129203578401;1.9435175879396984;0.3789983100995008;0.17909979667527384;2.041845534798899;2.1904128723579035;24.99999999999998;2.052631578947368;-1.0526315789473684;0.23345000000000016
1.45;0.05;2;200.0;200.0;0.0;0.0;200.0;200.0;301.27;298.0;22.10106558517032;0.07335966271175465;296.9381911453066;305.6018088546934;1.5063499999999999;1.4900000000000002;0.11050532792585163;0.07335966271175466;1.4846909557265329;1.5280090442734668;11.06;11.0;2.3187065359807826;0.2096479688951883;10.605533518947768;11.514466481052233;1.5063499999999999;1.4900000000000002;0.11050532792585163;0.07335966271175466;1.4846909557265329;1.5280090442734668;5.55;5.0;0.8411301920630361;0.1515549895609074;5.385138482355645;5.714861517644355;3.0126999999999997;2.9800000000000004;0.22101065585170326;0.07335966271175466;2.9693819114530657;3.0560180885469337;12.04;12.0;2.2446380554557117;0.18643173218070697;11.60005094113068;12.479949058869318;0.570304292686899;0.5662605548307603;0.03812076203018456;0.06684284603677904;0.5628326233289828;0.5777759620448152;145.57;146.0;6.361218436746218;0.043698690916715105;144.32320118639774;146.81679881360225;0.4649608890117963;0.46204258498937034;0.037442730484633924;0.08052877428940906;0.457622113836808;0.47229966418678454;5.948674238893753;5.826028118914245;1.0379401092051561;0.17448259351955653;5.745237977489543;6.1521105002979635;1.5263157894736843;21.0;-20.0;0.9869189655172412
1.45;0.15;2;200.0;200.0;0.0;0.0;200.0;200.0;336.5;336.5;26.782643633517583;0.07959180871773427;331.2506018478306;341.7493981521694;1.6825;1.6825;0.13391321816758792;0.07959180871773427;1.656253009239153;1.7087469907608472;14.69;14.0;3.830652685900929;0.26076600993198973;13.939192073563417;15.440807926436582;1.6825;1.6825;0.13391321816758792;0.07959180871773427;1.656253009239153;1.7087469907608472;5.9;6.0;0.8774964387392122;0.14872820995579866;5.728010698007115;6.071989301992886;3.365;3.365;0.26782643633517583;0.07959180871773427;3.312506018478306;3.4174939815216945;15.26;15.0;3.753984549781739;0.2460016087668243;14.52421902824278;15.99578097175722;0.5897474313626784;0.5899211947605987;0.03230215632299043;0.05477286479799095;0.5834162087233723;0.5960786540019845;152.9;154.0;6.347440429023339;0.04151367187065624;151.65590167591142;154.1440983240886;0.4536418251870609;0.44943561595325576;0.03995685204122401;0.08808017652417224;0.445810282186981;0.46147336818714085;5.810334391452588;5.509230263157894;1.158168066072262;0.19932898660290688;5.583333450502424;6.037335332402751;1.7058823529411764;7.666666666666667;-6.666666666666667;0.9862931034482759
1.45;0.25;2;200.0;200.0;0.0;0.0;200.0;200.0;381.09;380.0;34.138569097137044;0.0895813826055185;374.3988404569611;387.7811595430388;1.9054499999999999;1.9;0.1706928454856852;0.0895813826055185;1.8719942022848055;1.9389057977151942;21.1;20.0;8.289149534180211;0.39285068882370666;19.47532669130068;22.724673308699323;1.9054499999999999;1.9;0.1706928454856852;0.0895813826055185;1.8719942022848055;1.9389057977151942;6.27;6.0;0.8585452812752512;0.13692907197372428;6.10172512487005;6.438274875129949;3.8108999999999997;3.8;0.3413856909713704;0.0895813826055185;3.743988404569611;3.8778115954303884;21.52;20.0;8.138157039526824;0.37816714867689705;19.92492122025274;23.115078779747257;0.610542300572444;0.6127147791781722;0.030668440287480687;0.0502314749669695;0.6045312862760978;0.6165533148687902;161.17;162.0;6.482368394344771;0.04022068867869189;159.89945579470842;162.44054420529156;0.4312121019097193;0.42980233235343057;0.047118691659600934;0.10927033691987136;0.42197683834443755;0.4404473654750011;5.318929734681701;5.072949995827314;1.0234338817665583;0.19241349910929087;5.118336693855456;5.519522775507946;1.9333333333333333;5.0;-4.0;0.9855775862068965
1.45;0.35;2;200.0;200.0;0.0;0.0;200.0;200.0;440.67;435.0;47.86335863685289;0.10861496956192362;431.28878170717684;450.0512182928232;2.20335;2.175;0.23931679318426446;0.10861496956192365;2.156443908535884;2.2502560914641156;32.27;28.0;18.067570395601063;0.5598875238797973;28.728756202462193;35.81124379753781;2.20335;2.175;0.23931679318426446;0.10861496956192365;2.156443908535884;2.2502560914641156;6.78;7.0;0.9228217596047461;0.13610940407149646;6.59912693511747;6.960873064882531;4.4067;4.35;0.47863358636852893;0.10861496956192365;4.312887817071768;4.500512182928231;32.62;28.5;17.89792166705397;0.5486793889348244;29.112007353257418;36.12799264674258;0.6387051515854346;0.6400873869432645;0.03250498983236619;0.050892011363428385;0.6323341735782908;0.6450761295925784;169.87;171.0;6.41818510172463;0.037782922833488136;168.61203572006198;171.12796427993803;0.3957352997355099;0.3943504000536109;0.06088706302903665;0.15385805377920692;0.3838014353818187;0.4076691640892011;4.713290777768327;4.579438617452023;0.9955158513679626;0.2112146053164419;4.518169670900206;4.908411884636448;2.230769230769231;3.857142857142857;-2.857142857142857;0.9877086206896551
1.45;0.45;2;200.0;200.0;0.0;0.0;200.0;200.0;519.91;512.0;71.38992856138742;0.13731208971050263;505.91757400196803;533.902425998032;2.59955;2.5599999999999996;0.3569496428069372;0.13731208971050268;2.52958787000984;2.6695121299901596;49.66;42.0;29.03557128764647;0.5846872993887731;43.96902802762129;55.3509719723787;2.59955;2.5599999999999996;0.3569496428069372;0.13731208971050268;2.52958787000984;2.6695121299901596;7.5;7.0;1.0630145812734648;0.14173527750312864;7.291649142070401;7.708350857929599;5.1991;5.119999999999999;0.7138992856138744;0.13731208971050268;5.05917574001968;5.339024259980319;49.87;42.0;28.88620951249921;0.5792301887407101;44.20830293555015;55.531697064449844;0.6735166638243217;0.6726429239085483;0.03401371112859315;0.05050166232778644;0.6668499764431175;0.680183351205526;178.27;178.0;6.82620685300409;0.03829139425031743;176.93206345681122;179.6079365431888;0.3523582433064118;0.3520824827002093;0.07642957179365291;0.21690870937618315;0.3373780472348558;0.3673384393779678;4.084775523735714;3.877053042332437;1.0577578149237936;0.2589512713189257;3.8774549920106502;4.292096055460777;2.6363636363636362;3.2222222222222223;-2.2222222222222223;0.9860362068965517
1.45;0.55;2;200.0;200.0;0.0;0.0;200.0;200.0;624.95;619.5;101.46224667333165;0.16235258288396134;605.0633996520271;644.836600347973;3.1247500000000006;3.0975;0.5073112333666583;0.16235258288396134;3.0253169982601356;3.2241830017398656;75.69;64.0;43.46876924873765;0.5743000297098382;67.17012122724742;84.20987877275257;3.1247500000000006;3.0975;0.5073112333666583;0.16235258288396134;3.0253169982601356;3.2241830017398656;8.23;8.0;1.1300884921102419;0.13731330402311565;8.008502655546392;8.451497344453609;6.249500000000001;6.195;1.0146224667333166;0.16235258288396134;6.050633996520271;6.448366003479731;75.81;64.0;43.404537781204404;0.5725436984725552;67.30271059488393;84.31728940511607;0.7077236947386212;0.7086780981607925;0.03887441761468997;0.05492880611980527;0.700104308886142;0.7153430805911004;187.07;187.0;5.790086355141865;0.030951442535638345;185.9351430743922;188.2048569256078;0.30500093940093587;0.30318732063728054;0.08790034610123039;0.2881969684220608;0.2877724715650947;0.322229407236777;3.474289650461037;3.2441312741967776;0.9778447688439172;0.281451711636696;3.2826320757676295;3.665947225154445;3.2222222222222223;2.8181818181818183;-1.8181818181818181;0.9697500000000001
1.45;0.65;2;200.0;200.0;0.0;0.0;200.0;200.0;761.29;758.5;138.2602831618683;0.18161316076904768;734.1909845002738;788.3890154997262;3.8064500000000003;3.7925;0.6913014158093413;0.1816131607690476;3.6709549225013696;3.941945077498631;109.42;99.0;55.793042577009544;0.5098980312283818;98.48456365490613;120.35543634509388;3.8064500000000003;3.7925;0.6913014158093413;0.1816131607690476;3.6709549225013696;3.941945077498631;9.24;9.0;1.289340916902896;0.13953906027087618;8.987289180287032;9.492710819712968;7.612900000000001;7.585;1.3826028316186827;0.1816131607690476;7.341909845002739;7.883890154997262;109.49;99.0;55.7364324297851;0.5090550043819992;98.56565924376211;120.41434075623788;0.7443741616984717;0.7394573039492363;0.042873593631631485;0.05759683212781714;0.735970937346672;0.7527773860502714;193.65;194.0;5.121279137090656;0.026446058027837106;192.64622928913025;194.65377071086976;0.2628751309308041;0.2526782360466031;0.08664633549007932;0.3296102418790121;0.24589244917474856;0.27985781268685966;2.8746866012984107;2.677781227805726;0.8110610272272487;0.28213893885368807;2.71571863996187;3.0336545626349514;4.142857142857143;2.5384615384615383;-1.5384615384615383;0.918798275862069
1.45;0.75;2;200.0;200.0;0.0;0.0;200.0;200.0;922.25;932.0;177.19432129726957;0.19213263355626953;887.5199130257351;956.9800869742649;4.611250000000001;4.66;0.8859716064863479;0.1921326335562695;4.437599565128677;4.784900434871325;140.13;150.0;55.78111777295252;0.39806692195070664;129.1969009165013;151.06309908349868;4.611250000000001;4.66;0.8859716064863479;0.1921326335562695;4.437599565128677;4.784900434871325;10.3;10.0;1.4317821063276353;0.1390079714881199;10.019370707159784;10.580629292840218;9.222500000000002;9.32;1.7719432129726957;0.1921326335562695;8.875199130257354;9.56980086974265;140.19;150.0;55.74382387314311;0.3976305290901142;129.26421052086394;151.11578947913605;0.7705087521996865;0.7741037811264558;0.043204897169138466;0.05607320753436608;0.7620405923545354;0.7789769120448377;197.36;199.0;3.1828289303699626;0.01612702133345137;196.7361655296475;197.98383447035252;0.23417667512553333;0.20735379630540962;0.07391770016469199;0.3156492854169506;0.2196888058932537;0.24866454435781296;2.492190148312892;2.214396984924623;0.6890306090524203;0.27647593804945625;2.3571401489386177;2.6272401476871665;5.8;2.333333333333333;-1.3333333333333333;0.795043103448276
1.45;0.85;2;200.0;200.0;0.0;0.0;200.0;200.0;1104.54;1117.0;210.00982929377378;0.19013329466906928;1063.3780734584202;1145.7019265415797;5.5226999999999995;5.585;1.0500491464688688;0.19013329466906928;5.3168903672921015;5.7285096327078975;163.54;193.0;46.75348543156969;0.28588409827302;154.37631685541234;172.70368314458764;5.5226999999999995;5.585;1.0500491464688688;0.19013329466906928;5.3168903672921015;5.7285096327078975;11.55;11.0;1.6209565077447328;0.14034255478309374;11.232292524482034;11.867707475517967;11.045399999999999;11.17;2.1000982929377376;0.19013329466906928;10.633780734584203;11.457019265415795;163.55;193.0;46.744705582557685;0.2858129353870846;154.3880377058187;172.71196229418132;0.7816070842911005;0.7851035198918629;0.0417632080921479;0.05343248408505171;0.7734214955050395;0.7897926730771615;199.08;200.0;1.9062004091910165;0.009575047263366568;198.70638471979856;199.45361528020146;0.21647635732872264;0.19762877100744147;0.055162989741386434;0.2548222375047664;0.2056644113394109;0.22728830331803437;2.211594940157466;1.9563065326633167;0.4529695631023358;0.20481578921955948;2.122812905789408;2.300376974525524;9.666666666666664;2.1764705882352944;-1.1764705882352942;0.5713137931034483
1.45;0.95;2;200.0;200.0;0.0;0.0;200.0;200.0;1315.62;1331.5;245.52461302280878;0.18662274290662106;1267.4971758475294;1363.7428241524703;6.578100000000001;6.657500000000001;1.2276230651140436;0.18662274290662098;6.337485879237648;6.818714120762354;180.57;199.0;33.792678201054144;0.18714447693999084;173.94663507259338;187.1933649274066;6.578100000000001;6.657500000000001;1.2276230651140436;0.18662274290662098;6.337485879237648;6.818714120762354;13.26;13.0;1.9111253229445735;0.14412709826128006;12.885419436702863;13.634580563297137;13.156200000000002;13.315000000000001;2.4552461302280872;0.18662274290662098;12.674971758475296;13.637428241524708;180.6;199.0;33.773954461981496;0.18700971462891194;173.98030492545163;187.21969507454835;0.7797018235826052;0.7866472129951636;0.03954017418218855;0.050711917025546734;0.7719519494428962;0.7874516977223142;199.72;200.0;0.8953211714239757;0.004482881891768355;199.5445170504009;199.89548294959909;0.20715912753670312;0.20061309980363787;0.03638509378798009;0.17563838108718435;0.20002764915425902;0.21429060591914723;2.0476217544421074;1.935854271356784;0.27821203540812106;0.13587081442388874;1.9930921955021157;2.102151313382099;28.999999999999975;2.052631578947368;-1.0526315789473684;0.22683103448275885
1.65;0.05;2;200.0;200.0;0.0;0.0;200.0;200.0;341.86;341.5;24.92990974712905;0.07292432500769042;336.9737376895627;346.7462623104373;1.7092999999999998;1.7075;0.12464954873564527;0.07292432500769044;1.6848686884478135;1.7337313115521862;12.15;12.0;2.405722344743882;0.19800183907357052;11.6784784204302;12.621521579569801;1.7092999999999998;1.7075;0.12464954873564527;0.07292432500769044;1.6848686884478135;1.7337313115521862;5.92;6.0;0.8207313811473276;0.13863705762623776;5.759136649295124;6.080863350704876;3.4185999999999996;3.415;0.24929909747129053;0.07292432500769044;3.369737376895627;3.4674626231043724;13.14;13.0;2.37073828163296;0.18042148262046878;12.67533529679994;13.604664703200061;0.5714226988410939;0.5693976675035702;0.03479314420871773;0.06088862811939731;0.5646032425761852;0.5782421551060025;156.22;156.0;6.2587219142569355;0.04006351244563395;154.99329050480563;157.44670949519437;0.46479236732242396;0.46102150537634407;0.03642778747290043;0.07837432374966405;0.45765252097773546;0.47193221366711247;6.088735163078435;5.885859527036704;1.1050491301446341;0.18149075309524987;5.8721455335700865;6.3053247925867835;1.736842105263158;21.0;-20.0;0.9841424242424242
1.65;0.15;2;200.0;200.0;0.0;0.0;200.0;200.0;382.3;381.5;30.308909581177613;0.07928043311843477;376.3594537220892;388.2405462779108;1.9114999999999998;1.9075;0.15154454790588803;0.07928043311843476;1.8817972686104456;1.941202731389554;16.38;16.0;4.362980632549267;0.26636023397736674;15.524855796020343;17.235144203979655;1.9114999999999998;1.9075;0.15154454790588803;0.07928043311843476;1.8817972686104456;1.941202731389554;6.29;6.0;0.8636550237218562;0.13730604510681338;6.120723615350516;6.459276384649484;3.8229999999999995;3.815;0.30308909581177607;0.07928043311843476;3.763594537220891;3.882405462779108;16.96;16.0;4.261267417095529;0.25125397506459485;16.124791586249277;17.795208413750725;0.5903811345428802;0.5901604624701378;0.031363545557981765;0.05312423402937139;0.5842338796135158;0.5965283894722446;163.06;163.0;6.333750863429979;0.03884306919802514;161.81858483076772;164.30141516923229;0.4540021569657735;0.4504824752742246;0.03858604307490336;0.08499088051207718;0.44643929252309245;0.46156502140845457;5.696000404153494;5.407279014025377;1.0199023524366992;0.17905587782139054;5.496099543075902;5.895901265231087;1.9411764705882353;7.666666666666667;-6.666666666666667;0.984712121212121
1.65;0.25;2;200.0;200.0;0.0;0.0;200.0;200.0;432.66;430.0;38.62957934018956;0.08928391656309702;425.0886024493229;440.2313975506772;2.1632999999999996;2.15;0.19314789670094776;0.08928391656309703;2.1254430122466137;2.2011569877533854;23.56;22.0;8.921121005792937;0.3786553907382401;21.811460282864584;25.308539717135414;2.1632999999999996;2.15;0.19314789670094776;0.08928391656309703;2.1254430122466137;2.2011569877533854;6.73;7.0;0.9365361712181758;0.1391584206862074;6.546438910441238;6.913561089558763;4.326599999999999;4.3;0.3862957934018955;0.08928391656309703;4.250886024493227;4.402313975506771;23.93;22.0;8.787781289950267;0.3672286372733083;22.207594867169746;25.652405132830253;0.613094157623779;0.616540512858465;0.026437466050624664;0.04312137984333531;0.6079124142778565;0.6182759009697014;170.11;170.0;5.979790966246229;0.03515249524570119;168.93796097061576;171.28203902938426;0.4308591703483078;0.43002690864743043;0.04274752507607258;0.09921461121859228;0.4224806554333976;0.439237685263218;5.121547193021056;4.898453113711254;0.9103349225272649;0.17774607715569718;4.943121548205712;5.2999728378364;2.1999999999999997;5.0;-4.0;0.9833181818181818
1.65;0.35;2;200.0;200.0;0.0;0.0;200.0;200.0;501.96;495.0;54.563343006087884;0.10870057973959656;491.26558477080675;512.6544152291932;2.5098;2.475;0.27281671503043947;0.10870057973959658;2.4563279238540336;2.563272076145966;36.1;31.5;19.03864490976183;0.5273862855889704;32.36842559768668;39.83157440231332;2.5098;2.475;0.27281671503043947;0.10870057973959658;2.4563279238540336;2.563272076145966;7.27;7.0;0.9576533819707421;0.13172673754755737;7.082299937133734;7.457700062866265;5.0196;4.95;0.5456334300608789;0.10870057973959658;4.912655847708067;5.126544152291932;36.42;31.5;18.85109015415289;0.5176026950618585;32.725186329786034;40.11481367021397;0.6420238033599308;0.6431302392183714;0.02712902872208174;0.04225548738240892;0.6367065137304028;0.6473410929894589;177.56;178.0;5.446687066465266;0.030675191858894266;176.4924493349728;178.6275506650272;0.3956399500904496;0.39705153948810146;0.05685900097638328;0.14371400300547102;0.3844955858990785;0.4067843142818207;4.430729209467756;4.394154456526367;0.8416475072658613;0.18995688237218286;4.265766298043648;4.595692120891865;2.5384615384615383;3.857142857142857;-2.857142857142857;0.9887090909090909
1.65;0.45;2;200.0;200.0;0.0;0.0;200.0;200.0;590.64;588.0;78.96360174156192;0.1336915917336481;575.1631340586539;606.1168659413461;2.9532;2.94;0.39481800870780953;0.13369159173364809;2.875815670293269;3.0305843297067305;55.19;47.0;30.886791675407146;0.5596447123646883;49.136188831620196;61.2438111683798;2.9532;2.94;0.39481800870780953;0.13369159173364809;2.875815670293269;3.0305843297067305;7.98;8.0;1.0675204916066015;0.13377449769506283;7.770765983645107;8.189234016354895;5.9064;5.88;0.7896360174156191;0.13369159173364809;5.751631340586538;6.061168659413461;55.44;47.0;30.71003744706281;0.5539328543842499;49.42083266037569;61.45916733962431;0.67448514422831;0.6744761178605923;0.031345692147631166;0.046473510077815444;0.6683413885673742;0.6806288998892457;184.85;185.0;5.187243969585391;0.02806190949194153;183.83330018196125;185.86669981803874;0.3541266204834326;0.35181146348831427;0.07399487342927934;0.2089503277902857;0.3396236252912938;0.36862961567557134;3.823286503348183;3.611193039609151;0.9016434681756605;0.2358294277413059;3.6465643835857535;4.000008623110612;2.9999999999999996;3.2222222222222223;-2.2222222222222223;0.9844
1.65;0.55;2;200.0;200.0;0.0;0.0;200.0;200.0;707.85;699.5;110.28811132665207;0.15580717853592155;686.2335301799762;729.4664698200238;3.5392499999999996;3.4975;0.5514405566332603;0.15580717853592155;3.4311676508998805;3.6473323491001186;83.46;70.5;45.427397019860166;0.5443014260706945;74.5562301841074;92.36376981589258;3.5392499999999996;3.4975;0.5514405566332603;0.15580717853592155;3.4311676508998805;3.6473323491001186;8.83;9.0;1.217004519301387;0.137826106376148;8.591467114216929;9.068532885783071;7.078499999999999;6.995;1.1028811132665206;0.15580717853592155;6.862335301799761;7.294664698200237;83.56;70.5;45.342324598546995;0.542631936315785;74.67290437868479;92.44709562131521;0.7113429410221083;0.7066084655703455;0.03605712162010393;0.05068880218069569;0.7042757451845679;0.7184101368596486;191.48;192.0;4.652913066026486;0.024299733998467132;190.56802903905879;192.3919709609412;0.3078888799763283;0.3052164876297398;0.08418258328300067;0.2734187194077063;0.29138909365286014;0.32438866629979646;3.1928112789442418;3.061908278767575;0.7916080265379092;0.24793448700158316;3.0376561057428115;3.347966452145672;3.666666666666667;2.8181818181818183;-1.8181818181818181;0.9652499999999998
1.65;0.65;2;200.0;200.0;0.0;0.0;200.0;200.0;857.74;853.5;149.55458000342216;0.1743588733222447;828.4273023193292;887.0526976806708;4.2887;4.2675;0.7477729000171108;0.17435887332224467;4.142136511596647;4.435263488403354;118.41;110.0;55.456486545759454;0.46834293172670766;107.54052863703114;129.27947136296885;4.2887;4.2675;0.7477729000171108;0.17435887332224467;4.142136511596647;4.435263488403354;9.93;10.0;1.4714278779471317;0.14818004813163463;9.641600135922362;10.218399864077638;8.5774;8.535;1.4955458000342217;0.17435887332224467;8.284273023193293;8.870526976806708;118.52;110.0;55.36596066176401;0.4671444537779616;107.66827171029425;129.37172828970574;0.7454282113604619;0.7424473008202259;0.04063564965539619;0.0545131630868023;0.7374636240280042;0.7533927986929195;196.31;197.0;3.3754851503154337;0.017194667364451296;195.64840491053818;196.97159508946183;0.26799522304976553;0.2553667292805467;0.08124931545981183;0.3031744914524995;0.25207035721964244;0.2839200888798886;2.6934423795471436;2.5224344534596357;0.7071582885364632;0.26254814059002063;2.5548393549939967;2.8320454041002905;4.714285714285714;2.5384615384615383;-1.5384615384615383;0.9097242424242424
1.65;0.75;2;200.0;200.0;0.0;0.0;200.0;200.0;1031.91;1032.0;188.54962715423227;0.1827190618893433;994.9542730777706;1068.8657269222297;5.15955;5.16;0.9427481357711613;0.1827190618893433;4.974771365388853;5.344328634611148;146.94;162.5;53.04089365762987;0.36096974042214425;136.54398484310454;157.33601515689546;5.15955;5.16;0.9427481357711613;0.1827190618893433;4.974771365388853;5.344328634611148;11.05;11.0;1.5321553446044562;0.13865659227189647;10.749697552457528;11.350302447542473;10.3191;10.32;1.8854962715423227;0.1827190618893433;9.949542730777706;10.688657269222295;147.03;162.5;52.9528951049893;0.36015027616805617;136.6512325594221;157.4087674405779;0.7683966146431939;0.7713397674327099;0.04088247364837079;0.05320491119986861;0.7603836498081132;0.7764095794782745;198.62;199.0;1.9988996973335107;0.010063939670393266;198.22821565932264;199.01178434067737;0.24277970407590346;0.216389483498455;0.06767564245826481;0.27875329495049744;0.22951527815408357;0.25604412999772336;2.3563375195920626;2.119095477386935;0.548782031757533;0.23289619046279078;2.2487762413675862;2.463898797816539;6.6;2.333333333333333;-1.3333333333333333;0.7817500000000001
1.65;0.85;2;200.0;200.0;0.0;0.0;200.0;200.0;1232.3;1235.0;222.39197377603352;0.18046902034896822;1188.7111731398975;1275.8888268601024;6.1615;6.175;1.111959868880168;0.18046902034896825;5.943555865699487;6.379444134300513;169.81;198.0;41.98135181244167;0.24722543909334946;161.58165504476145;178.03834495523856;6.1615;6.175;1.111959868880168;0.18046902034896825;5.943555865699487;6.379444134300513;12.43;12.0;1.7044353903859186;0.1371227184542171;12.09593066348436;12.76406933651564;12.323;12.35;2.223919737760336;0.18046902034896825;11.887111731398974;12.758888268601027;169.83;198.0;41.95189030306024;0.2470228481602793;161.6074295006002;178.05257049939982;0.7778814283285247;0.785099740337738;0.039283980235882254;0.050501244540949945;0.7701817682022918;0.7855810884547576;199.59;200.0;1.0591978096654089;0.005306868127989423;199.38239722930558;199.79760277069443;0.22718079900249058;0.2118027052016677;0.049763561631291454;0.2190482727844702;0.21742714092275744;0.23693445708222372;2.128195864778453;1.9434673366834172;0.34711259808495804;0.1631018102373264;2.0601617955538014;2.196229934003105;10.999999999999998;2.1764705882352944;-1.1764705882352942;0.5601363636363638
1.65;0.95;2;200.0;200.0;0.0;0.0;200.0;200.0;1459.87;1470.0;259.04268586470454;0.1774422968241724;1409.0976335705177;1510.642366429482;7.29935;7.35;1.2952134293235225;0.17744229682417237;7.045488167852589;7.55321183214741;184.92;199.0;29.3811776482836;0.15888588388645686;179.1612891809364;190.67871081906358;7.29935;7.35;1.2952134293235225;0.17744229682417237;7.045488167852589;7.55321183214741;14.36;14.0;2.0175232340669584;0.140496046940596;13.964565446122876;14.755434553877123;14.5987;14.7;2.590426858647045;0.17744229682417237;14.090976335705179;15.10642366429482;184.97;199.0;29.29861942139936;0.15839660172676304;179.2274705934057;190.71252940659429;0.7777415242607113;0.7832101700990983;0.03604813028194577;0.046349756516101695;0.77067609072545;0.7848069577959726;199.93;200.0;0.3241913015489466;0.0016215240411591387;199.8664585048964;199.9935414951036;0.22028252328663142;0.216393511780391;0.032480899472210556;0.14745109592714462;0.21391626699007815;0.2266487795831847;2.000279396984925;1.926708542713568;0.20055770103805678;0.1002648436715205;1.9609700875814657;2.039588706388384;32.99999999999997;2.052631578947368;-1.0526315789473684;0.2211924242424244
1.85;0.05;2;200.0;200.0;0.0;0.0;200.0;200.0;382.71;381.5;27.32482204882586;0.071398244228857;377.3543348784301;388.06566512156985;1.9135499999999999;1.9075;0.13662411024412932;0.07139824422885702;1.8867716743921505;1.9403283256078492;13.28;13.0;2.735251359564601;0.2059677228587802;12.743890733525337;13.816109266474662;1.9135499999999999;1.9075;0.13662411024412932;0.07139824422885702;1.8867716743921505;1.9403283256078492;6.33;6.0;0.8608716512930369;0.1359986810889474;6.161269156346565;6.498730843653435;3.8270999999999997;3.815;0.27324822048825864;0.07139824422885702;3.773543348784301;3.8806566512156984;14.3;14.0;2.6019223662515376;0.18195261302458304;13.7900232162147;14.809976783785302;0.5736139809535316;0.5724621701326862;0.028795350517174058;0.05019987565384458;0.5679700922521654;0.5792578696548977;164.67;165.0;5.444364058363474;0.033062270348961406;163.60290464456074;165.73709535543924;0.46505935400680765;0.46182783138649064;0.034885367430533165;0.07501272069892073;0.45822182199042316;0.47189688602319213;6.09984019314282;5.84012819230812;1.1798839810186246;0.19342867086009888;5.86858293286317;6.331097453422471;1.9473684210526319;21.0;-20.0;0.9826337837837835
1.85;0.15;2;200.0;200.0;0.0;0.0;200.0;200.0;428.0;426.5;32.761562844284455;0.07654570758010387;421.57873368252024;434.42126631747976;2.14;2.1325;0.16380781422142232;0.07654570758010389;2.1078936684126015;2.1721063315873987;18.13;18.0;4.592722504136299;0.2533217045855653;17.229826389189284;19.030173610810714;2.14;2.1325;0.16380781422142232;0.07654570758010389;2.1078936684126015;2.1721063315873987;6.71;7.0;0.8636550237218563;0.12871162797643165;6.540723615350516;6.879276384649484;4.28;4.265;0.32761562844284464;0.07654570758010389;4.215787336825203;4.3442126631747975;18.71;18.0;4.443635898675768;0.23750058250538578;17.83904736385955;19.580952636140452;0.5911879557158172;0.5897666833383052;0.027203194866407435;0.046014460550823456;0.5858561295220013;0.5965197819096331;171.01;171.0;5.237356203276612;0.030626023058748682;169.98347818415778;172.0365218158422;0.45162504408276005;0.4485396608906632;0.034201753768386425;0.07573041888730815;0.44492150034415634;0.45832858782136376;5.4293615474417045;5.212876197669342;0.9383154245565144;0.17282242421277788;5.245451724228627;5.613271370654782;2.1764705882352944;7.666666666666667;-6.666666666666667;0.9832432432432432
1.85;0.25;2;200.0;200.0;0.0;0.0;200.0;200.0;486.14;481.5;42.38018876786653;0.08717692180825796;477.83348300149817;494.4465169985018;2.4307;2.4074999999999998;0.21190094383933264;0.08717692180825796;2.3891674150074906;2.472232584992509;25.88;24.0;9.586740843477514;0.3704304808144326;24.000998794678406;27.759001205321592;2.4307;2.4074999999999998;0.21190094383933264;0.08717692180825796;2.3891674150074906;2.472232584992509;7.13;7.0;0.9762684057163789;0.1369240400724234;6.938651392479589;7.32134860752041;4.8614;4.8149999999999995;0.4238018876786653;0.08717692180825796;4.778334830014981;4.944465169985018;26.41;24.5;9.331768321170431;0.35334223101743395;24.580973409050596;28.239026590949404;0.6175761494211528;0.6158944364011263;0.024342046197174762;0.039415457057385216;0.6128051083665066;0.622347190475799;177.2;178.0;4.7812132351527685;0.026982015999733457;176.26288220591005;178.13711779408993;0.43057808694167243;0.43024114828289994;0.0404029787525021;0.09383426602008017;0.42265910310618204;0.4384970707771628;4.769852136864714;4.560936233144797;0.890813202359586;0.1867590811620272;4.595252749202236;4.944451524527193;2.466666666666667;5.0;-4.0;0.9854189189189189
1.85;0.35;2;200.0;200.0;0.0;0.0;200.0;200.0;562.8;557.5;62.33393939099308;0.11075682194561672;550.5825478793653;575.0174521206346;2.8139999999999996;2.7875;0.31166969695496544;0.11075682194561673;2.7529127393968262;2.875087260603173;39.73;34.0;20.376876600696193;0.5128838812156102;35.736132186263546;43.72386781373645;2.8139999999999996;2.7875;0.31166969695496544;0.11075682194561673;2.7529127393968262;2.875087260603173;7.74;8.0;1.0451794104363137;0.1350360995395754;7.535144835554482;7.944855164445518;5.627999999999999;5.575;0.6233393939099309;0.11075682194561673;5.5058254787936525;5.750174521206346;40.04;34.5;20.178661997268303;0.5039625873443633;36.08498224853541;43.99501775146459;0.6456878426327833;0.64636190870154;0.02538014012945282;0.03930713644222515;0.6407133351674106;0.6506623500981561;183.51;184.0;4.491091181439094;0.02447327764938747;182.62974612843792;184.39025387156207;0.3977380601502828;0.39702283849918435;0.05421997089033791;0.13632080085534493;0.38711094585577654;0.40836517444478904;4.15339039314867;4.048650783468462;0.8160907095401976;0.19648784060520788;3.9934366140787914;4.313344172218549;2.8461538461538463;3.857142857142857;-2.857142857142857;0.9887027027027026
1.85;0.45;2;200.0;200.0;0.0;0.0;200.0;200.0;660.03;654.0;85.6419821115789;0.1297546810168915;643.2441715061306;676.8158284938694;3.30015;3.27;0.4282099105578944;0.1297546810168915;3.2162208575306526;3.3840791424693473;60.38;52.0;32.0642417655556;0.5310407712082742;54.09540861395111;66.6645913860489;3.30015;3.27;0.4282099105578944;0.1297546810168915;3.2162208575306526;3.3840791424693473;8.52;8.0;1.1702991070662236;0.13735905012514363;8.29062137501502;8.74937862498498;6.6003;6.54;0.8564198211157888;0.1297546810168915;6.432441715061305;6.7681582849386945;60.61;52.0;31.898242898316514;0.5262867991802758;54.35794439192996;66.86205560807004;0.6779503358953007;0.6761050868933377;0.02948517343441577;0.043491642194523984;0.6721712419021553;0.6837294298884462;189.89;190.0;3.931653596134837;0.020704900711647992;189.11939589515757;190.6606041048424;0.35559068750429346;0.3582349480745256;0.06954734181614053;0.19558257361647247;0.3419594085083299;0.369221966500257;3.5415162548240517;3.4287356126373547;0.7545571642702316;0.2130604831313189;3.3936230506270864;3.689409459021017;3.3636363636363633;3.2222222222222223;-2.2222222222222223;0.9811256756756758
1.85;0.55;2;200.0;200.0;0.0;0.0;200.0;200.0;790.54;784.5;119.36828892130437;0.15099588752157306;767.1438153714244;813.9361846285756;3.9526999999999997;3.9225;0.596841444606522;0.1509958875215731;3.835719076857121;4.069680923142878;90.62;78.5;46.73452257164932;0.5157197370519677;81.46003357595674;99.77996642404327;3.9526999999999997;3.9225;0.596841444606522;0.1509958875215731;3.835719076857121;4.069680923142878;9.52;9.0;1.381882773609976;0.14515575353045967;9.249150976372444;9.790849023627555;7.905399999999999;7.845;1.193682889213044;0.1509958875215731;7.671438153714242;8.139361846285755;90.76;78.5;46.61804800718279;0.5136408991536227;81.62286259059218;99.89713740940783;0.7134146187601317;0.7085088575892596;0.03593305839655164;0.05036770687289947;0.7063717393144076;0.7204574982058558;194.71;195.0;3.464953102135728;0.017795455303455023;194.0308691919814;195.38913080801862;0.31185149266872053;0.31008492892884587;0.08007321467323501;0.256767136139049;0.2961571425927665;0.3275458427446746;2.9964656707278827;2.8601543481638787;0.7200317882088645;0.24029368840857065;2.855339440238945;3.1375919012168203;4.111111111111112;2.8181818181818183;-1.8181818181818181;0.9614675675675673
1.85;0.65;2;200.0;200.0;0.0;0.0;200.0;200.0;953.43;948.0;161.06646174793806;0.16893370435998245;921.8609734974041;984.9990265025958;4.76715;4.74;0.8053323087396903;0.16893370435998245;4.609304867487021;4.924995132512979;125.69;120.0;54.734394122891324;0.435471351124921;114.9620587519133;136.4179412480867;4.76715;4.74;0.8053323087396903;0.16893370435998245;4.609304867487021;4.924995132512979;10.66;11.0;1.4643770006388384;0.13737120081039758;10.372982107874789;10.947017892125212;9.5343;9.48;1.6106646174793806;0.16893370435998245;9.218609734974041;9.849990265025959;125.77;120.0;54.6645872571997;0.434639319847338;115.05574089758886;136.48425910241113;0.7450715647989505;0.7431022543327108;0.038458662232970765;0.05161740703840767;0.7375336670012883;0.7526094625966128;197.83;198.0;2.3240266779880128;0.011747594793448985;197.37449077111435;198.28550922888567;0.2742193094232072;0.2620874799750227;0.0765949599255183;0.27932008174999823;0.25920669727780565;0.2892319215686088;2.5575104013795293;2.408391959798995;0.628942019978528;0.24591963326494184;2.4342377654637377;2.680783037295321;5.2857142857142865;2.5384615384615383;-1.5384615384615383;0.9018932432432432
1.85;0.75;2;200.0;200.0;0.0;0.0;200.0;200.0;1141.41;1143.0;198.4396681613835;0.17385485334926407;1102.515825040369;1180.3041749596312;5.707049999999998;5.715;0.9921983408069175;0.17385485334926412;5.512579125201842;5.901520874798154;153.83;172.5;49.62178050009895;0.32257544367222873;144.1041310219806;163.55586897801942;5.707049999999998;5.715;0.9921983408069175;0.17385485334926412;5.512579125201842;5.901520874798154;11.88;12.0;1.6448708155961673;0.13845713935994675;11.557605320143152;12.20239467985685;11.414099999999996;11.43;1.984396681613835;0.17385485334926412;11.025158250403685;11.803041749596307;153.89;172.5;49.5558059161588;0.32202096248072526;144.17706204043287;163.6029379595671;0.7654631395237752;0.7676203843600534;0.03902145196926688;0.05097757155693175;0.757814934937799;0.7731113441097515;199.35;200.0;1.2835497652993435;0.006438674518682436;199.09842424600131;199.60157575399867;0.25102412071632035;0.22893342777999198;0.061717110013099305;0.24586127355803047;0.23892756715375288;0.2631206742788878;2.251415576971387;2.028291457286432;0.4261444999728904;0.18927847187863098;2.1678912549767;2.3349398989660735;7.4;2.333333333333333;-1.3333333333333333;0.7712229729729727
1.85;0.85;2;200.0;200.0;0.0;0.0;200.0;200.0;1358.36;1366.0;233.2460297625664;0.17171149751359463;1312.6437781665368;1404.076221833463;6.791799999999999;6.83;1.166230148812832;0.17171149751359463;6.563218890832684;7.020381109167315;174.94;199.0;37.77957649312655;0.21595733676189866;167.5352030073472;182.3447969926528;6.791799999999999;6.83;1.166230148812832;0.17171149751359463;6.563218890832684;7.020381109167315;13.35;13.0;1.8887826767524103;0.14148184844587344;12.979798595356527;13.720201404643472;13.583599999999999;13.66;2.332460297625664;0.17171149751359463;13.126437781665368;14.04076221833463;174.95;199.0;37.75642329458658;0.21581265101221256;167.54974103426102;182.35025896573896;0.7749465392982371;0.7797071425999822;0.03650798118519129;0.04711032224010132;0.7677909749859396;0.7821021036105346;199.82;200.0;0.6225752966509353;0.003115680595790888;199.6979752418564;199.9420247581436;0.23742233900023993;0.22444574524104122;0.044333203189952236;0.1867271773019953;0.2287330311750093;0.24611164682547057;2.0660661780284655;1.9344472361809046;0.26948452383873583;0.1304336360105804;2.0132472113560733;2.1188851447008576;12.333333333333332;2.1764705882352944;-1.1764705882352942;0.5506864864864864
1.85;0.95;2;200.0;200.0;0.0;0.0;200.0;200.0;1601.23;1612.5;272.2510185472223;0.17002617896693312;1547.8688003647444;1654.5911996352556;8.00615;8.0625;1.3612550927361118;0.17002617896693314;7.739344001823722;8.272955998176277;188.2;199.0;25.1745903640953;0.1337650922640558;183.2657802886373;193.13421971136268;8.00615;8.0625;1.3612550927361118;0.17002617896693314;7.739344001823722;8.272955998176277;15.3;15.0;2.0174241001832014;0.13185778432569945;14.904584876364094;15.695415123635907;16.0123;16.125;2.7225101854722236;0.17002617896693314;15.478688003647443;16.545911996352554;188.23;199.0;25.16340795679313;0.1336843646432191;183.29797204046852;193.16202795953146;0.7739845029590703;0.7778236848653547;0.034327563781988014;0.044351745610859236;0.7672563004578007;0.7807127054603399;199.96;200.0;0.24166091947189142;0.0012085463066207813;199.9126344597835;200.0073655402165;0.2320948505199169;0.22970120911127512;0.028725725304529423;0.12376718070297886;0.22646460836022914;0.23772509267960468;1.966618090452261;1.9195728643216081;0.14733679593392426;0.07491886536040222;1.9377400784492118;1.9954961024553102;36.99999999999997;2.052631578947368;-1.0526315789473684;0.2163824324324326
2.05;0.05;2;200.0;200.0;0.0;0.0;200.0;200.0;424.34;423.5;29.92163765571664;0.07051335640221672;418.4753590194795;430.2046409805204;2.1216999999999997;2.1175;0.14960818827858316;0.0705133564022167;2.0923767950973975;2.151023204902602;14.33;14.0;2.8532612919254343;0.19911104619158648;13.770760786782615;14.889239213217385;2.1216999999999997;2.1175;0.14960818827858316;0.0705133564022167;2.0923767950973975;2.151023204902602;6.66;7.0;0.9297311439335567;0.1395992708608944;6.477772695789023;6.842227304210978;4.243399999999999;4.235;0.2992163765571663;0.0705133564022167;4.184753590194795;4.302046409805204;15.33;15.0;2.814444883098619;0.18359066425953158;14.77836880291267;15.88163119708733;0.5759003418746811;0.5733352896653372;0.027258542937814257;0.04733204854347153;0.5705576674588695;0.5812430162904927;171.46;172.0;4.80087492026193;0.027999970373626094;170.51902851562866;172.40097148437135;0.4636103032934599;0.461745673286277;0.031626326709498775;0.06821748025189958;0.45741154325839817;0.4698090633285217;5.690538795428141;5.570010572066252;0.8666678995479015;0.15229979632933785;5.520671887116753;5.86040570373953;2.1578947368421053;21.0;-20.0;0.9832268292682925
2.05;0.15;2;200.0;200.0;0.0;0.0;200.0;200.0;474.82;475.0;36.64352057322004;0.07717349853253873;467.63786996764884;482.00213003235115;2.3741;2.375;0.18321760286610017;0.07717349853253873;2.3381893498382444;2.4100106501617553;19.67;19.0;5.069625232697186;0.25773387049807756;18.676353454391354;20.66364654560865;2.3741;2.375;0.18321760286610017;0.07717349853253873;2.3381893498382444;2.4100106501617553;7.12;7.0;1.0027960909377338;0.1408421476036143;6.923451966176204;7.316548033823796;4.7482;4.75;0.36643520573220034;0.07717349853253873;4.676378699676489;4.820021300323511;20.3;20.0;4.865182422068057;0.23966415872256436;19.34642424527466;21.25357575472534;0.598368635435673;0.598151224718312;0.024530319261417827;0.040995329314941896;0.5935606928604351;0.6031765780109108;176.87;177.0;4.659731751935941;0.026345517905444343;175.95669257662055;177.78330742337945;0.4522280951322768;0.44958598271115424;0.03226771436009306;0.071352741475858;0.44590362311769854;0.45855256714685505;5.101363352250032;4.954535764844367;0.8527961885140165;0.16717025030923902;4.934215299301285;5.268511405198779;2.411764705882353;7.666666666666667;-6.666666666666667;0.9843829268292683
2.05;0.25;2;200.0;200.0;0.0;0.0;200.0;200.0;539.22;537.0;47.89166524563538;0.08881655955942913;529.8332336118555;548.6067663881446;2.6960999999999995;2.685;0.23945832622817692;0.08881655955942916;2.649166168059277;2.743033831940722;28.34;27.0;10.066995579615599;0.355222144658278;26.366868866395343;30.313131133604656;2.6960999999999995;2.685;0.23945832622817692;0.08881655955942916;2.649166168059277;2.743033831940722;7.56;7.0;0.9624967532412771;0.12731438534937528;7.371350636364709;7.74864936363529;5.392199999999999;5.37;0.47891665245635384;0.08881655955942916;5.298332336118554;5.486067663881444;28.84;27.0;9.78541772230496;0.33930019841556724;26.922058126428226;30.757941873571774;0.6227139532865101;0.6241581031992015;0.024412484156778266;0.03920336781910217;0.6179291063917816;0.6274988001812387;182.4;182.0;4.342810150121693;0.02380926617391279;181.54880921057617;183.25119078942384;0.4326741690154202;0.4293018606796863;0.03721568270574156;0.08601318352428666;0.4253798952050949;0.43996844282574554;4.555332204107264;4.37795215088581;0.8072124145212622;0.1772016569490691;4.397118570861097;4.713545837353432;2.733333333333333;5.0;-4.0;0.9863780487804877
2.05;0.35;2;200.0;200.0;0.0;0.0;200.0;200.0;622.06;613.5;67.78005901443285;0.10896064529857707;608.7751084331711;635.3448915668288;3.1102999999999996;3.0675;0.3389002950721643;0.10896064529857709;3.043875542165855;3.176724457834144;43.3;39.0;21.598842561581858;0.4988185349095118;39.066626857929954;47.53337314207004;3.1102999999999996;3.0675;0.3389002950721643;0.10896064529857709;3.043875542165855;3.176724457834144;8.36;8.0;1.1001818031580055;0.13160069415765618;8.14436436658103;8.575635633418969;6.220599999999999;6.135;0.6778005901443286;0.10896064529857709;6.08775108433171;6.353448915668288;43.62;39.0;21.41064221362825;0.4908446174605285;39.42351412612886;47.81648587387114;0.6513102002360094;0.6499452074838092;0.02531270357781691;0.03886428243968017;0.6463489103347573;0.6562714901372615;187.83;188.0;3.9825996534926777;0.02120321382895532;187.04941046791544;188.6105895320846;0.3991439613182275;0.3979046016212271;0.052875285263811654;0.13247171544117514;0.3887804054065204;0.40950751722993456;3.8932476165567906;3.810635053706967;0.719364036386483;0.1847722280307186;3.75225226542504;4.034242967688542;3.1538461538461533;3.857142857142857;-2.857142857142857;0.9861926829268293
2.05;0.45;2;200.0;200.0;0.0;0.0;200.0;200.0;729.25;724.0;92.76609024853856;0.12720752862329593;711.0678463112864;747.4321536887136;3.64625;3.62;0.4638304512426928;0.12720752862329593;3.5553392315564323;3.737160768443568;65.65;58.5;33.45306413469475;0.5095668565833168;59.093199429599835;72.20680057040018;3.64625;3.62;0.4638304512426928;0.12720752862329593;3.5553392315564323;3.737160768443568;9.15;9.0;1.1947803145348521;0.13057708355572153;8.915823058351169;9.384176941648832;7.2925;7.24;0.9276609024853856;0.12720752862329593;7.1106784631128646;7.474321536887136;65.85;59.0;33.297559970664516;0.5056577064641536;59.32367824574975;72.37632175425024;0.6807932643558431;0.679692684841642;0.028715346269806475;0.042179245555516075;0.675165056486961;0.6864214722247252;192.88;193.0;3.3534459888299977;0.01738617787655536;192.22272458618932;193.53727541381068;0.3577860750025674;0.358217886786654;0.06783670280423934;0.18960129402395706;0.3444900812529365;0.37108206875219835;3.3420730754954104;3.229669052332369;0.6774582068071241;0.20270598263525444;3.209291266961214;3.474854884029607;3.7272727272727266;3.2222222222222223;-2.2222222222222223;0.9782621951219515
2.05;0.55;2;200.0;200.0;0.0;0.0;200.0;200.0;870.89;859.5;128.1304721758255;0.14712589669857903;845.7764274535382;896.0035725464618;4.354450000000001;4.297499999999999;0.6406523608791277;0.14712589669857906;4.228882137267692;4.48001786273231;97.6;86.0;47.4153983427325;0.48581350760996417;88.30658192482443;106.89341807517556;4.354450000000001;4.297499999999999;0.6406523608791277;0.14712589669857906;4.228882137267692;4.48001786273231;10.12;10.0;1.313620949893842;0.12980444168911484;9.862530293820805;10.377469706179193;8.708900000000002;8.594999999999999;1.2813047217582554;0.14712589669857906;8.457764274535384;8.96003572546462;97.72;86.0;47.31724421392269;0.48421248683915974;88.44582013407116;106.99417986592884;0.7145325006544191;0.710552946746436;0.033872670235705296;0.047405359734766894;0.7078934572882208;0.7211715440206173;196.65;197.0;2.5313040117694277;0.012872128206302708;196.15386441369319;197.14613558630683;0.31446045742246825;0.3153330879291366;0.07552784446884309;0.24018232717690693;0.299656999906575;0.3292639149383615;2.8318326988185207;2.7222361809045226;0.6189822116941739;0.21858007782466166;2.7105121853264627;2.953153212310579;4.555555555555555;2.8181818181818183;-1.8181818181818181;0.9558548780487807
2.05;0.65;2;200.0;200.0;0.0;0.0;200.0;200.0;1046.44;1048.5;169.82098339133478;0.16228449160136726;1013.1550872552984;1079.7249127447017;5.232200000000001;5.2425;0.8491049169566738;0.16228449160136724;5.065775436276493;5.398624563723509;132.38;132.5;53.60835382661922;0.40495810414427574;121.87276264998263;142.88723735001736;5.232200000000001;5.2425;0.8491049169566738;0.16228449160136724;5.065775436276493;5.398624563723509;11.28;11.0;1.4971973817770319;0.13273026434193547;10.9865493131717;11.573450686828298;10.464400000000001;10.485;1.6982098339133476;0.16228449160136724;10.131550872552985;10.797249127447017;132.45;132.5;53.54724549404947;0.404282714186859;121.9547398831663;142.94526011683368;0.7434906393031183;0.7412779604788735;0.03689878331407963;0.049629116176452805;0.7362584777735587;0.750722800832678;198.74;199.0;1.566014048468276;0.007879712430654504;198.43306124650022;199.0469387534998;0.2802563147434063;0.26727607354709315;0.0720361444100363;0.25703665045331914;0.2661372304390392;0.2943753990477734;2.441035123388542;2.3015829145728643;0.512950195737482;0.21013634372676548;2.3404968850239953;2.5415733617530885;5.857142857142857;2.5384615384615383;-1.5384615384615383;0.8933024390243904
2.05;0.75;2;200.0;200.0;0.0;0.0;200.0;200.0;1247.92;1253.0;207.2516190527833;0.16607764844924616;1207.2986826656545;1288.5413173343456;6.239599999999999;6.265;1.0362580952639164;0.1660776484492462;6.036493413328272;6.442706586671727;159.43;182.0;46.626656538937034;0.29245848672732255;150.29117531836835;168.56882468163167;6.239599999999999;6.265;1.0362580952639164;0.1660776484492462;6.036493413328272;6.442706586671727;12.74;13.0;1.5596153371905521;0.12241878627869325;12.434315393910651;13.045684606089349;12.479199999999999;12.53;2.072516190527833;0.1660776484492462;12.072986826656544;12.885413173343453;159.46;182.0;46.607385680812435;0.29228261432843616;150.32495240656078;168.59504759343923;0.7636546781541442;0.7670778966000469;0.036580590812226255;0.04790200578702202;0.7564848823549479;0.7708244739533405;199.62;200.0;0.9672641831474997;0.0048455274178313785;199.4304162201031;199.8095837798969;0.25925261552174106;0.24037600146612728;0.057182773995089954;0.2205677805024674;0.24804479181870343;0.2704604392247787;2.177270651370059;1.9798743718592964;0.34888525591697356;0.16023972752190258;2.108889141210332;2.2456521615297858;8.2;2.333333333333333;-1.3333333333333333;0.7609268292682927
2.05;0.85;2;200.0;200.0;0.0;0.0;200.0;200.0;1480.01;1491.0;244.75642974189665;0.16537484864419608;1432.0377397705884;1527.9822602294116;7.40005;7.455;1.223782148709483;0.16537484864419605;7.1601886988529415;7.639911301147059;179.01;199.0;33.75544252413231;0.1885673567070684;172.39393326527005;185.62606673472993;7.40005;7.455;1.223782148709483;0.16537484864419605;7.1601886988529415;7.639911301147059;14.35;14.0;2.006863224038948;0.13985109575184307;13.956654808088366;14.743345191911633;14.8001;14.91;2.447564297418966;0.16537484864419605;14.320377397705883;15.279822602294118;179.05;199.0;33.68868504409158;0.18815238784748156;172.44701773135807;185.65298226864195;0.771738911665098;0.7771532956992252;0.03354826695785873;0.043471006127545446;0.7651634513413577;0.7783143719888383;199.91;200.0;0.37669616403674727;0.0018843287681293947;199.8361675518488;199.9838324481512;0.2479308358836183;0.23978627672723662;0.03987868946892369;0.16084602516987126;0.24011461274770926;0.2557470590195273;2.0235502357090427;1.9277386934673366;0.21409779191991907;0.10580305254685224;1.9815870684927386;2.065513402925347;13.666666666666664;2.1764705882352944;-1.1764705882352942;0.5414670731707318
2.05;0.95;2;200.0;200.0;0.0;0.0;200.0;200.0;1736.42;1748.5;284.3380445877758;0.1637495793573996;1680.689743260796;1792.1502567392042;8.6821;8.7425;1.4216902229388793;0.16374957935739962;8.40344871630398;8.96075128369602;190.57;199.0;22.18569584214117;0.11641756751923792;186.22160361494034;194.91839638505965;8.6821;8.7425;1.4216902229388793;0.16374957935739962;8.40344871630398;8.96075128369602;16.31;16.0;2.166541021997968;0.13283513316970988;15.885357959688397;16.734642040311602;17.3642;17.485;2.8433804458777585;0.16374957935739962;16.80689743260796;17.92150256739204;190.59;199.0;22.18021415586423;0.11637658930617677;186.2426780254506;194.9373219745494;0.7722980647820862;0.7763467840924775;0.03300529688651984;0.04273647493320174;0.7658290265923283;0.778767102971844;199.97;200.0;0.22158519806160337;0.0011080922041386376;199.92656930117994;200.01343069882006;0.24410755990989005;0.241800644395188;0.02636804181548467;0.1080181286692562;0.23893942371405505;0.24927569610572506;1.9443155778894476;1.9128391959798994;0.11163092678805557;0.057413995987848236;1.9224359162389888;1.9661952395399065;40.99999999999996;2.052631578947368;-1.0526315789473684;0.2117585365853661
2.25;0.05;2;200.0;200.0;0.0;0.0;200.0;200.0;465.43;465.0;33.1952571913519;0.07132169647713275;458.92372959049504;471.93627040950497;2.3271499999999996;2.325;0.16597628595675953;0.07132169647713278;2.2946186479524746;2.3596813520475246;15.46;15.0;3.041118215393805;0.19670881082754235;14.863940829782814;16.056059170217186;2.3271499999999996;2.325;0.16597628595675953;0.07132169647713278;2.2946186479524746;2.3596813520475246;7.1;7.0;0.9;0.1267605633802817;6.9235999999999995;7.2764;4.654299999999999;4.65;0.33195257191351907;0.07132169647713278;4.589237295904949;4.719362704095049;16.5;16.0;3.083828789021855;0.18689871448617304;15.895569557351717;17.104430442648283;0.5808403352495172;0.5797538063637784;0.024738850784227738;0.04259148217315251;0.5759915204958085;0.5856891500032259;176.79;177.0;4.691044659774623;0.026534558853864038;175.87055524668418;177.7094447533158;0.4649270039766211;0.4627954933845422;0.030299953236633113;0.06517142041109909;0.45898821314224103;0.4708657948110012;5.399080194190795;5.179081997932953;0.8814928987604647;0.16326723572450685;5.226307586033744;5.571852802347846;2.368421052631579;21.0;-20.0;0.9825744444444442
2.25;0.15;2;200.0;200.0;0.0;0.0;200.0;200.0;520.42;523.0;40.49448851387063;0.07781116889026292;512.4830802512813;528.3569197487186;2.6020999999999996;2.615;0.20247244256935315;0.07781116889026293;2.5624154012564064;2.641784598743593;21.19;21.0;5.160804200897375;0.2435490420432928;20.178482376624117;22.201517623375885;2.6020999999999996;2.615;0.20247244256935315;0.07781116889026293;2.5624154012564064;2.641784598743593;7.51;7.0;1.0148398888494676;0.135131809434017;7.311091381785504;7.708908618214496;5.204199999999999;5.23;0.4049448851387063;0.07781116889026293;5.124830802512813;5.283569197487186;21.86;21.0;4.953826803593359;0.2266160477398609;20.8890499464957;22.8309500535043;0.6018441556697531;0.6003276808708873;0.024881639582806963;0.041342329818120124;0.5969673543115229;0.6067209570279833;181.65;182.0;4.116734142496938;0.022663001059713393;180.8431201080706;182.45687989192942;0.45329948137074316;0.44890719373549326;0.030439357038080154;0.06715065489603882;0.44733336739127944;0.4592655953502069;4.815632967217964;4.692790377272456;0.7278302038603366;0.1511390525015055;4.672978247261338;4.9582876871745905;2.6470588235294117;7.666666666666667;-6.666666666666667;0.9830155555555554
2.25;0.25;2;200.0;200.0;0.0;0.0;200.0;200.0;590.87;587.0;53.023137402458566;0.08973739977060702;580.4774650691181;601.2625349308819;2.9543499999999994;2.935;0.2651156870122928;0.08973739977060703;2.90238732534559;3.0063126746544087;30.91;29.0;10.85181551630878;0.3510778232387182;28.783044158803477;33.03695584119652;2.9543499999999994;2.935;0.2651156870122928;0.08973739977060703;2.90238732534559;3.0063126746544087;8.2;8.0;1.1224972160321824;0.1368899043941686;7.979990545657691;8.420009454342306;5.908699999999999;5.87;0.5302313740245856;0.08973739977060703;5.80477465069118;6.012625349308817;31.44;29.5;10.533109702267417;0.33502257322733514;29.375510498355588;33.504489501644414;0.6268201360959385;0.62606330907423;0.021997847908794502;0.0350943542525692;0.6225085579058147;0.6311317142860622;186.62;187.0;3.6599999999999993;0.019612045868610005;185.90264;187.33736000000002;0.43261872539196233;0.42982315517300035;0.03702205283728129;0.08557663056248542;0.4253624030358552;0.43987504774806946;4.232625637382468;4.1233241610106335;0.6669990218705912;0.1575851679344539;4.1018938290958324;4.363357445669104;3.0;5.0;-4.0;0.9847833333333331
2.25;0.35;2;200.0;200.0;0.0;0.0;200.0;200.0;680.88;674.0;72.80264830347862;0.10692434541105425;666.6106809325182;695.1493190674818;3.4044000000000008;3.37;0.3640132415173932;0.10692434541105426;3.3330534046625915;3.47574659533741;46.79;41.5;22.702993194730954;0.4852103696245128;42.34021333383273;51.23978666616727;3.4044000000000008;3.37;0.3640132415173932;0.10692434541105426;3.3330534046625915;3.47574659533741;8.92;9.0;1.0925200226998129;0.12247982317262476;8.705866075550837;9.134133924449163;6.8088000000000015;6.74;0.7280264830347865;0.10692434541105426;6.666106809325183;6.95149319067482;47.1;42.0;22.50488835786572;0.47781079316063096;42.68904188185832;51.51095811814168;0.652005878557045;0.6518712416818309;0.024579209760858287;0.0376978345889374;0.6471883534439167;0.6568234036701732;190.92;191.0;3.47470862087744;0.018199814691375656;190.238957110308;191.60104288969197;0.40066630668211545;0.39637615123258574;0.05230658688717295;0.1305490030352676;0.39041421565222956;0.41091839771200134;3.6638105679894566;3.6279741606407736;0.5895274744691856;0.16090555543997276;3.5482631829934963;3.779357952985417;3.4615384615384612;3.857142857142857;-2.857142857142857;0.9834933333333337
2.25;0.45;2;200.0;200.0;0.0;0.0;200.0;200.0;798.54;799.5;99.81326765515695;0.12499469989625686;778.9765995395892;818.1034004604107;3.9926999999999992;3.9975;0.4990663382757847;0.12499469989625688;3.8948829976979455;4.090517002302053;70.63;61.0;34.87137938195161;0.4937190907822684;63.79520964113748;77.46479035886252;3.9926999999999992;3.9975;0.4990663382757847;0.12499469989625688;3.8948829976979455;4.090517002302053;9.74;10.0;1.2297967311714566;0.12626249806688467;9.498959840690395;9.981040159309606;7.9853999999999985;7.995;0.9981326765515695;0.12499469989625688;7.789765995395891;8.181034004604106;70.76;61.0;34.78508875940954;0.49159254888933773;63.94212260315574;77.57787739684427;0.6820912431653844;0.6803490336552125;0.026343101303103574;0.038621081221997526;0.676927995309976;0.6872544910207927;195.1;195.0;2.8653097563788807;0.01468636471747248;194.53839928774974;195.66160071225025;0.3608611290554153;0.36629003418326456;0.06575180662418828;0.18220806102419296;0.3479737749570744;0.3737484831537562;3.1618457880868953;3.085979899497487;0.5777088764212629;0.18271254044012408;3.0486148483083277;3.275076727865463;4.090909090909091;3.2222222222222223;-2.2222222222222223;0.9759933333333332
2.25;0.55;2;200.0;200.0;0.0;0.0;200.0;200.0;951.89;936.5;135.93968478704073;0.14281028772971743;925.24582178174;978.53417821826;4.75945;4.682499999999999;0.6796984239352039;0.14281028772971746;4.6262291089087;4.8926708910913;104.31;95.0;48.16112436395147;0.46171147889896913;94.87041962466552;113.74958037533449;4.75945;4.682499999999999;0.6796984239352039;0.14281028772971746;4.6262291089087;4.8926708910913;10.76;11.0;1.4772948250095512;0.13729505808638953;10.470450214298127;11.049549785701872;9.5189;9.364999999999998;1.3593968478704077;0.14281028772971746;9.2524582178174;9.7853417821826;104.43;95.0;48.06188822757591;0.46023066386647427;95.00986990739513;113.85013009260489;0.714770543701655;0.7095655735209786;0.0319267038395482;0.04466706710408928;0.7085129097491036;0.7210281776542065;197.88;198.0;1.7792133093027385;0.008991375122815537;197.53127419137667;198.22872580862332;0.31841755045563186;0.31967238858144037;0.07277785849319922;0.22856107770774414;0.3041530901909648;0.3326820107202989;2.694359958709406;2.618643216080402;0.5231599028618772;0.19416852643270052;2.591820617748478;2.796899299670334;5.000000000000001;2.8181818181818183;-1.8181818181818181;0.9518899999999999
2.25;0.65;2;200.0;200.0;0.0;0.0;200.0;200.0;1137.19;1131.0;178.51283959424316;0.15697714506304414;1102.2014834395284;1172.1785165604717;5.685950000000002;5.655;0.8925641979712158;0.15697714506304408;5.511007417197644;5.86089258280236;138.2;138.5;52.21340823964664;0.3778104793027977;127.96617198502925;148.43382801497074;5.685950000000002;5.655;0.8925641979712158;0.15697714506304408;5.511007417197644;5.86089258280236;12.03;12.0;1.6398475538903;0.1363131798745054;11.7085898794375;12.351410120562498;11.371900000000004;11.31;1.7851283959424316;0.15697714506304408;11.022014834395288;11.72178516560472;138.29;138.5;52.11531348845558;0.3768552569849995;128.0753985562627;148.50460144373727;0.742303977804484;0.7406412490675914;0.0354684190929127;0.04778152906820978;0.7353521676622731;0.7492557879466949;199.22;200.0;1.2213107712617617;0.006130462660685482;198.9806230888327;199.4593769111673;0.2863803241572606;0.2715457312246759;0.06678967559871155;0.23322019693655768;0.27328954773991315;0.2994711005746081;2.343530662209398;2.2325125628140707;0.42295261445655774;0.18047667191937355;2.2606319497759126;2.426429374642883;6.428571428571429;2.5384615384615383;-1.5384615384615383;0.8844811111111114
2.25;0.75;2;200.0;200.0;0.0;0.0;200.0;200.0;1354.74;1360.5;216.97251531011938;0.16015804900580138;1312.2133869992167;1397.2666130007833;6.7737;6.8025;1.0848625765505973;0.16015804900580144;6.561066934996083;6.986333065003917;164.2;187.5;43.28163582860519;0.263590961197352;155.71679937759336;172.68320062240662;6.7737;6.8025;1.0848625765505973;0.16015804900580144;6.561066934996083;6.986333065003917;13.46;13.0;1.7170905625505022;0.12756987834699124;13.123450249740102;13.7965497502599;13.5474;13.605;2.1697251531011945;0.16015804900580144;13.122133869992165;13.972666130007834;164.23;187.5;43.24461931847707;0.2633174165406873;155.7540546135785;172.7059453864215;0.7602361651832958;0.7616612985716611;0.034393541729885256;0.04524060194057309;0.7534950310042383;0.7669772993623534;199.78;200.0;0.7152621896899067;0.0035802492225943876;199.63980861082078;199.92019138917922;0.26776025575178264;0.2528669920270408;0.05230504466287149;0.19534282455779758;0.25750846699785984;0.27801204450570544;2.1243051055769997;1.9530150753768845;0.2969121331026715;0.13976906251516294;2.066110327488876;2.1824998836651233;9.0;2.333333333333333;-1.3333333333333333;0.7526333333333333
2.25;0.85;2;200.0;200.0;0.0;0.0;200.0;200.0;1598.98;1607.5;256.2298569644061;0.16024581731128976;1548.7589480349764;1649.2010519650237;7.9949;8.037500000000001;1.2811492848220305;0.16024581731128976;7.743794740174883;8.246005259825118;182.22;199.0;30.31586383397313;0.16636957432758825;176.27809068854125;188.16190931145874;7.9949;8.037500000000001;1.2811492848220305;0.16024581731128976;7.743794740174883;8.246005259825118;15.27;15.0;2.0241294425011462;0.13255595563203315;14.873270629269776;15.666729370730224;15.9898;16.075000000000003;2.562298569644061;0.16024581731128976;15.487589480349765;16.492010519650236;182.26;199.0;30.270652454151033;0.16608500194310893;176.32695211898638;188.1930478810136;0.7696110912760092;0.7735493819480838;0.03289437089191375;0.04274154993969115;0.7631637945811941;0.7760583879708244;199.94;200.0;0.2764054992217051;0.0013824422287771587;199.88582452215255;199.99417547784745;0.25766644011681616;0.2507238454795025;0.035616237269876505;0.13822613939839995;0.25068565761192035;0.264647222621712;1.992407537688442;1.9204020100502512;0.17118121793365107;0.08591676888165795;1.9588560189734465;2.0259590564034378;14.999999999999998;2.1764705882352944;-1.1764705882352942;0.5329933333333334
2.25;0.95;2;200.0;200.0;0.0;0.0;200.0;200.0;1867.99;1876.0;297.4130627595231;0.15921555402305318;1809.6970396991335;1926.2829603008665;9.33995;9.379999999999999;1.4870653137976155;0.15921555402305318;9.048485198495667;9.631414801504333;192.5;199.0;19.783579049302478;0.10277183921715573;188.62241850633671;196.37758149366329;9.33995;9.379999999999999;1.4870653137976155;0.15921555402305318;9.048485198495667;9.631414801504333;17.23;17.0;2.158031510427964;0.12524849160928406;16.80702582395612;17.65297417604388;18.6799;18.759999999999998;2.974130627595231;0.15921555402305318;18.096970396991335;19.262829603008665;192.51;199.0;19.779026770799415;0.10274285372603717;188.6333107529233;196.38668924707667;0.7702986427313394;0.773371391822131;0.031706426202787935;0.04116121260497447;0.764084183195593;0.7765131022670858;199.98;200.0;0.13999999999999999;0.0007000700070007;199.95255999999998;200.00744;0.255502430741247;0.25362294453803624;0.024510350736867526;0.0959300100032696;0.250698401996821;0.26030645948567305;1.9275356783919593;1.9057788944723617;0.0901227694811363;0.04675543518671517;1.9098716155736566;1.945199741210262;44.99999999999996;2.052631578947368;-1.0526315789473684;0.20755444444444465
2.45;0.05;2;200.0;200.0;0.0;0.0;200.0;200.0;506.13;504.5;36.44026756213516;0.07199784158642081;498.9877075578215;513.2722924421785;2.53065;2.5225;0.18220133781067582;0.07199784158642081;2.494938537789108;2.5663614622108923;16.51;16.0;3.170157724782791;0.19201439883602608;15.888649085942575;17.13135091405743;2.53065;2.5225;0.18220133781067582;0.07199784158642081;2.494938537789108;2.5663614622108923;7.41;7.0;0.917551088495894;0.12382605782670633;7.2301599866548045;7.589840013345196;5.0613;5.045;0.36440267562135165;0.07199784158642081;4.989877075578216;5.132722924421785;17.63;17.0;3.122995357025047;0.1771409731721524;17.01789291002309;18.24210708997691;0.5846416296416695;0.5838419364535379;0.025117486075099376;0.04296219222448124;0.5797186023709501;0.589564656912389;181.19;181.0;4.346711400587805;0.023989797453434544;180.33804456548478;182.04195543451522;0.4654780791755395;0.45956653960367977;0.0294277963165446;0.06322058466999665;0.45971023109749676;0.4712459272535823;5.067779991868598;4.903872478071708;0.7331748279622712;0.14467376822566722;4.924077725587993;5.211482258149203;2.578947368421053;21.0;-20.0;0.9812724489795916
2.45;0.15;2;200.0;200.0;0.0;0.0;200.0;200.0;566.0;566.5;44.37724642201226;0.07840502901415594;557.3020597012855;574.6979402987145;2.83;2.8325;0.22188623211006134;0.07840502901415594;2.786510298506428;2.8734897014935723;22.77;22.0;5.408983268600486;0.2375486723144702;21.709839279354306;23.830160720645694;2.83;2.8325;0.22188623211006134;0.07840502901415594;2.786510298506428;2.8734897014935723;7.91;8.0;1.0497142468310126;0.13270723727320008;7.7042560076211215;8.115743992378878;5.66;5.665;0.4437724642201227;0.07840502901415594;5.573020597012856;5.746979402987145;23.5;23.0;5.1293274412928636;0.21826925282097293;22.494651821506597;24.505348178493403;0.6050551179350309;0.6021924558025384;0.022772049320327996;0.037636322122265226;0.6005917962682465;0.6095184396018152;185.62;186.0;3.9415225484576384;0.021234363476229062;184.8474615805023;186.3925384194977;0.4544550739829083;0.4486152942694315;0.02965057127693921;0.0652442297916875;0.4486435620126282;0.46026658595318837;4.53944723978336;4.400050069711908;0.6417862253945791;0.14137981817918596;4.4136571396060225;4.665237339960698;2.882352941176471;7.666666666666667;-6.666666666666667;0.9818367346938774
2.45;0.25;2;200.0;200.0;0.0;0.0;200.0;200.0;642.59;639.0;56.500105309636375;0.08792559067155788;631.5159793593114;653.6640206406887;3.2129499999999998;3.1950000000000003;0.28250052654818186;0.08792559067155788;3.1575798967965563;3.2683201032034432;33.43;32.0;11.478026833911828;0.343345104215131;31.18030674055328;35.679693259446715;3.2129499999999998;3.1950000000000003;0.28250052654818186;0.08792559067155788;3.1575798967965563;3.2683201032034432;8.65;9.0;1.061838029079765;0.12275584151211157;8.441879746300366;8.858120253699635;6.4258999999999995;6.390000000000001;0.5650010530963637;0.08792559067155788;6.3151597935931125;6.5366402064068865;33.87;32.0;11.218426805929608;0.33122015960819634;31.671188346037795;36.0688116539622;0.627836181619125;0.6264969817334556;0.02181623263260504;0.03474828828173492;0.6235602000231344;0.6321121632151157;189.77;190.0;3.475212223735408;0.018312758727593442;189.08885840414786;190.45114159585216;0.4338657455121163;0.43125562556255626;0.03592259650707121;0.08279657216236266;0.4268249165967304;0.44090657442750225;4.01409993292325;3.9354795807324354;0.5760466528555768;0.14350580764840937;3.9011947889635565;4.127005076882942;3.266666666666667;5.0;-4.0;0.9835561224489794
2.45;0.35;2;200.0;200.0;0.0;0.0;200.0;200.0;738.86;736.0;78.60420090554958;0.10638578472992119;723.4535766225123;754.2664233774877;3.6942999999999997;3.6799999999999997;0.39302100452774785;0.1063857847299212;3.6172678831125613;3.771332116887438;50.17;45.0;23.62077687122081;0.47081476721588217;45.54032773324072;54.79967226675928;3.6942999999999997;3.6799999999999997;0.39302100452774785;0.1063857847299212;3.6172678831125613;3.771332116887438;9.39;9.0;1.215689104993542;0.12946635835926965;9.151724935421266;9.628275064578736;7.388599999999999;7.359999999999999;0.7860420090554957;0.1063857847299212;7.234535766225123;7.542664233774876;50.48;45.0;23.42028180872297;0.4639516998558433;45.8896247654903;55.0703752345097;0.6514006202161253;0.6508770533298296;0.023653745937355235;0.03631213296896657;0.6467644860124037;0.656036754419847;193.38;193.5;2.9724737172933926;0.015371153776468057;192.79739515141048;193.9626048485895;0.4030334957151439;0.3988346095143367;0.05028270425780707;0.12476060871463122;0.39317808568061374;0.4128889057496741;3.4874679377967084;3.468216446859278;0.5063198134360413;0.14518264324343036;3.388229254363244;3.5867066212301726;3.769230769230769;3.857142857142857;-2.857142857142857;0.9801204081632653
2.45;0.45;2;200.0;200.0;0.0;0.0;200.0;200.0;866.59;865.0;107.22668464519454;0.12373404337136885;845.5735698095419;887.6064301904581;4.33295;4.325;0.5361334232259728;0.12373404337136887;4.227867849047709;4.438032150952291;75.16;67.5;36.16786418908366;0.4812116044316613;68.0710986189396;82.24890138106039;4.33295;4.325;0.5361334232259728;0.12373404337136887;4.227867849047709;4.438032150952291;10.25;10.0;1.3665650368716449;0.13332341823138;9.982153252773157;10.517846747226843;8.6659;8.65;1.0722668464519456;0.12373404337136887;8.455735698095419;8.876064301904583;75.34;67.5;36.026995433979785;0.4781921347754152;68.27870889493997;82.40129110506004;0.681004868074661;0.6791210746023159;0.025955243755182836;0.038113154504406964;0.6759176402986451;0.6860920958506769;196.73;197.0;2.19934081033386;0.011179488691779902;196.29892920117456;197.16107079882542;0.3639842179110469;0.3714580180007132;0.06295049173783755;0.17294840995886765;0.3516459215304307;0.3763225142916631;3.0099773375754926;2.9469849246231155;0.48914339988711797;0.16250733644430632;2.9141052311976177;3.1058494439533675;4.454545454545454;3.2222222222222223;-2.2222222222222223;0.9727030612244899
2.45;0.55;2;200.0;200.0;0.0;0.0;200.0;200.0;1032.62;1021.5;145.1357144192979;0.1405509426694214;1004.1733999738175;1061.0666000261822;5.163100000000001;5.1075;0.7256785720964896;0.14055094266942136;5.020866999869089;5.305333000130913;110.45;104.0;48.549021617330254;0.4395565560645564;100.93439176300328;119.96560823699673;5.163100000000001;5.1075;0.7256785720964896;0.14055094266942136;5.020866999869089;5.305333000130913;11.3;11.0;1.466287829861518;0.12975998494349716;11.012607585347142;11.587392414652859;10.326200000000002;10.215;1.4513571441929791;0.14055094266942136;10.041733999738177;10.610666000261826;110.55;104.0;48.457894093738744;0.4383346367592831;101.0522527576272;120.0477472423728;0.7133942735455375;0.7102982575294834;0.03221568290383822;0.04515831441108677;0.7070799996963852;0.7197085473946898;198.67;199.0;1.456399670420177;0.007330747825138053;198.38454566459762;198.95545433540235;0.322413169823075;0.32084236050137793;0.06904998128744796;0.21416613138147958;0.3088793734907352;0.3359469661554148;2.587662687265837;2.5191206030150752;0.46305934451110015;0.1789488818576951;2.4969030557416616;2.6784223187900125;5.4444444444444455;2.8181818181818183;-1.8181818181818181;0.9483244897959183
2.45;0.65;2;200.0;200.0;0.0;0.0;200.0;200.0;1231.75;1220.5;187.08967769494927;0.15188932632023486;1195.08042317179;1268.41957682821;6.15875;6.1025;0.9354483884747463;0.15188932632023483;5.97540211585895;6.342097884141051;143.76;150.0;50.2233252582901;0.3493553509897754;133.91622824937514;153.60377175062484;6.15875;6.1025;0.9354483884747463;0.15188932632023483;5.97540211585895;6.342097884141051;12.7;12.0;1.6340134638368191;0.1286624774674661;12.379733361087983;13.020266638912016;12.3175;12.205;1.8708967769494926;0.15188932632023483;11.9508042317179;12.684195768282102;143.82;150.0;50.17496985549668;0.34887338239116034;133.98570590832264;153.65429409167734;0.7406633901847732;0.7421619364524344;0.035328299229947326;0.04769818475992715;0.7337390435357035;0.7475877368338429;199.55;200.0;0.9733961166965892;0.0048779559844479535;199.35921436112747;199.74078563887255;0.2927170546813203;0.27730021469335464;0.06189151505266219;0.21143802201768938;0.2805863177309985;0.3048477916316421;2.27296110617548;2.1640703517587943;0.3681900712075175;0.16198696502424537;2.2007958522188065;2.3451263601321535;7.000000000000001;2.5384615384615383;-1.5384615384615383;0.8798214285714285
2.45;0.75;2;200.0;200.0;0.0;0.0;200.0;200.0;1459.98;1468.5;225.8096091843746;0.15466623459525103;1415.7213165998626;1504.2386834001375;7.2999;7.342499999999999;1.129048045921873;0.15466623459525103;7.078606582999313;7.5211934170006876;168.69;192.5;40.02441629805487;0.23726608748624617;160.84521440558123;176.53478559441876;7.2999;7.342499999999999;1.129048045921873;0.15466623459525103;7.078606582999313;7.5211934170006876;14.14;14.0;1.7147594583497712;0.1212701172807476;13.803907146163445;14.476092853836557;14.5998;14.684999999999999;2.258096091843746;0.15466623459525103;14.157213165998625;15.042386834001375;168.71;192.5;39.996323581049296;0.23707144556368498;160.87072057811434;176.54927942188567;0.7585357274146344;0.7621708902204485;0.03370497170635335;0.044434257330544145;0.7519295529601892;0.7651419018690796;199.85;200.0;0.4974937185533099;0.0024893355944623965;199.75249123116353;199.94750876883646;0.27556243092116406;0.2628670306495618;0.04734591296572007;0.17181555848324373;0.26628263197988294;0.2848422298624452;2.078667043933133;1.9378140703517588;0.24659887540457573;0.11863317702770505;2.030333664353836;2.12700042351243;9.8;2.333333333333333;-1.3333333333333333;0.7448877551020407
2.45;0.85;2;200.0;200.0;0.0;0.0;200.0;200.0;1716.7;1723.0;266.67420197686914;0.15534117899275887;1664.4318564125338;1768.9681435874663;8.583499999999997;8.615;1.3333710098843456;0.1553411789927589;8.322159282062666;8.844840717937329;185.14;199.0;27.152539476078477;0.14665949808835735;179.8181022626886;190.46189773731138;8.583499999999997;8.615;1.3333710098843456;0.1553411789927589;8.322159282062666;8.844840717937329;16.14;16.0;2.0640736420971026;0.12788560359957266;15.73544156614897;16.544558433851034;17.166999999999994;17.23;2.6667420197686913;0.1553411789927589;16.64431856412533;17.689681435874657;185.18;199.0;27.111761285464283;0.14640761035459704;179.866094788049;190.49390521195102;0.7680015764032226;0.7704212290330983;0.031246921931387298;0.04068601275237718;0.7618771797046707;0.7741259731017746;199.96;200.0;0.24166091947189142;0.0012085463066207813;199.9126344597835;200.0073655402165;0.2673466347292296;0.2633691844352303;0.032281945828166576;0.1207494003463404;0.26101937334690894;0.27367389611155024;1.967364824120603;1.9142964824120603;0.13870054317395655;0.07050067251047586;1.9401795176585075;1.9945501305826985;16.333333333333332;2.1764705882352944;-1.1764705882352942;0.5255204081632652
2.45;0.95;2;200.0;200.0;0.0;0.0;200.0;200.0;1997.23;2010.0;309.31982978787505;0.15487441596004217;1936.6033133615765;2057.8566866384235;9.986150000000002;10.05;1.5465991489393753;0.15487441596004217;9.683016566807884;10.28928343319212;193.73;199.0;17.35503097087412;0.08958360073749096;190.32841392970866;197.13158607029132;9.986150000000002;10.05;1.5465991489393753;0.15487441596004217;9.683016566807884;10.28928343319212;18.26;18.0;2.2388389848312005;0.1226089257848412;17.821187558973087;18.698812441026917;19.972300000000004;20.1;3.0931982978787507;0.15487441596004217;19.36603313361577;20.57856686638424;193.74;199.0;17.35777635528238;0.08959314728647867;190.33787583436467;197.14212416563535;0.7685179968509916;0.7717248327264072;0.03056497187281558;0.03977131569859884;0.7625272623639198;0.7745087313380635;200.0;200.0;0.0;0.0;200.0;200.0;0.2666074188944612;0.2659896742020304;0.023093410478724756;0.08661953434936662;0.26208111044063115;0.2711337273482913;1.914449748743718;1.898994974874372;0.07031803045582752;0.036730152098257446;1.9006674147743758;1.9282320827130601;48.99999999999996;2.052631578947368;-1.0526315789473684;0.20379897959183696
2.65;0.05;2;200.0;200.0;0.0;0.0;200.0;200.0;547.74;550.0;39.284760404004;0.07172154745682988;540.0401869608153;555.4398130391847;2.7387;2.75;0.19642380202001997;0.07172154745682986;2.700200934804076;2.777199065195924;17.52;17.0;3.2694953739071106;0.1866150327572552;16.879178906714206;18.160821093285794;2.7387;2.75;0.19642380202001997;0.07172154745682986;2.700200934804076;2.777199065195924;7.84;8.0;1.0556514576317317;0.13464942061629231;7.6330923143041804;8.04690768569582;5.4774;5.5;0.39284760404003993;0.07172154745682986;5.400401869608152;5.554398130391848;18.88;19.0;3.244318110173539;0.17183888295410696;18.244113650405986;19.515886349594012;0.5868824961822354;0.5857212789483095;0.022950552435423786;0.0391058731257463;0.5823841879048923;0.5913808044595785;185.02;186.0;3.8909638908630337;0.021029963738314957;184.25737107739084;185.78262892260918;0.46672517464201596;0.4637747103970349;0.02844560607065652;0.06094722893933171;0.4611498358521673;0.47230051343186463;4.800762624388672;4.635152749112139;0.6164296419231288;0.12840244147701946;4.679942414571739;4.921582834205605;2.7894736842105265;21.0;-20.0;0.9817981132075472
2.65;0.15;2;200.0;200.0;0.0;0.0;200.0;200.0;612.2;613.0;47.69150867817037;0.07790184364287875;602.8524642990786;621.5475357009215;3.061000000000001;3.065;0.23845754339085187;0.07790184364287873;3.014262321495394;3.107737678504608;24.12;23.0;5.62899635814414;0.233374641714102;23.01671671380375;25.223283286196253;3.061000000000001;3.065;0.23845754339085187;0.07790184364287873;3.014262321495394;3.107737678504608;8.32;8.0;0.9785703858180054;0.11761663291081795;8.128200204379672;8.511799795620329;6.122000000000002;6.13;0.47691508678170375;0.07790184364287873;6.028524642990788;6.215475357009216;24.88;24.0;5.3484203275359725;0.21496866268231402;23.83170961580295;25.928290384197048;0.6058986991829053;0.6018141535080421;0.021186249830662134;0.03496665343436651;0.6017461942160955;0.610051204149715;188.8;189.0;3.455430508634199;0.018302068372003173;188.1227356203077;189.47726437969231;0.4557778270368015;0.4532904163133451;0.028597585991784028;0.0627445748682174;0.4501727001824118;0.46138295389119116;4.330473879732264;4.231282734814551;0.542155561509801;0.12519543508788472;4.224211389676343;4.436736369788186;3.1176470588235294;7.666666666666667;-6.666666666666667;0.9818301886792455
2.65;0.25;2;200.0;200.0;0.0;0.0;200.0;200.0;694.39;692.0;61.39851708306969;0.0884207967900887;682.3558906517184;706.4241093482816;3.4719500000000005;3.46;0.3069925854153484;0.08842079679008867;3.411779453258592;3.532120546741409;35.83;33.0;12.446730494390886;0.34738293313957264;33.39044082309938;38.269559176900614;3.4719500000000005;3.46;0.3069925854153484;0.08842079679008867;3.411779453258592;3.532120546741409;8.97;9.0;1.062591172558854;0.11846055435438728;8.761732130178466;9.178267869821536;6.943900000000001;6.92;0.6139851708306968;0.08842079679008867;6.823558906517184;7.064241093482818;36.29;33.0;12.183016867754883;0.3357127822473101;33.90212869392004;38.67787130607996;0.6274180466843183;0.629427492403225;0.02009743084701494;0.03203196170913911;0.6234789502383034;0.6313571431303333;191.96;192.5;3.0884300218719543;0.016088924889935165;191.3546677157131;192.5653322842869;0.4354295661172422;0.43434111552659493;0.03494476759574028;0.08025354802464464;0.4285803916684771;0.4422787405660073;3.8133495089566067;3.762375956041053;0.4482024934315304;0.11753512033943245;3.725501820244027;3.9011971976691866;3.533333333333333;5.0;-4.0;0.9826273584905663
2.65;0.35;2;200.0;200.0;0.0;0.0;200.0;200.0;797.8;795.0;84.60661912640168;0.10604991116370228;781.2171026512252;814.3828973487747;3.9890000000000003;3.975;0.42303309563200847;0.10604991116370228;3.9060855132561265;4.071914486743874;53.31;48.0;24.40684125404187;0.4578285735141975;48.5262591142078;58.09374088579221;3.9890000000000003;3.975;0.42303309563200847;0.10604991116370228;3.9060855132561265;4.071914486743874;9.73;9.5;1.2558264211267418;0.12906746363070315;9.48385802145916;9.976141978540841;7.978000000000001;7.95;0.8460661912640169;0.10604991116370228;7.812171026512253;8.143828973487748;53.66;48.0;24.16494154762225;0.45033435608688505;48.923671456666035;58.39632854333396;0.6523740116120104;0.6525381897032516;0.022360722908665975;0.034275925329111175;0.6479913099219118;0.6567567133021089;195.08;195.0;2.567800615312645;0.01316280815723111;194.57671107939873;195.5832889206013;0.4055204146762796;0.4013472507464951;0.04833990025932085;0.11920460354113076;0.3960457942254527;0.41499503512710645;3.344640059204138;3.287375708465931;0.456580402945065;0.13651107289963782;3.2551503002269055;3.4341298181813706;4.076923076923077;3.857142857142857;-2.857142857142857;0.9784339622641511
2.65;0.45;2;200.0;200.0;0.0;0.0;200.0;200.0;936.7;935.0;112.61922571213141;0.12022977016347967;914.6266317604222;958.7733682395778;4.6835;4.675;0.563096128560657;0.12022977016347966;4.573133158802111;4.7938668411978895;79.71;71.5;37.03249789036651;0.46459036369798656;72.45163041348816;86.96836958651183;4.6835;4.675;0.563096128560657;0.12022977016347966;4.573133158802111;4.7938668411978895;10.78;11.0;1.323480260525256;0.12277182379640594;10.520597868937049;11.03940213106295;9.367;9.35;1.126192257121314;0.12022977016347966;9.146266317604223;9.587733682395779;79.9;71.5;36.89918698291332;0.4618171086722568;72.66775935134899;87.13224064865102;0.6816950275004539;0.678890535692634;0.025324150168479137;0.037148796964728156;0.6767314940674319;0.6866585609334758;197.77;198.0;1.63006134853876;0.00824220735469869;197.4505079756864;198.0894920243136;0.3666488107305775;0.3692667103522942;0.060428186836931345;0.16481217194329167;0.35480488611053895;0.378492735350616;2.889685126885974;2.828743718592965;0.43358522292530666;0.15004583679072098;2.8047024231926136;2.974667830579334;4.8181818181818175;3.2222222222222223;-2.2222222222222223;0.972047169811321
2.65;0.55;2;200.0;200.0;0.0;0.0;200.0;200.0;1112.7;1111.5;151.87300615975178;0.13649052409432172;1082.9328907926888;1142.4671092073113;5.5635;5.5575;0.7593650307987589;0.13649052409432172;5.414664453963444;5.712335546036557;115.89;110.5;48.851590557524325;0.4215341320003825;106.31508825072524;125.46491174927476;5.5635;5.5575;0.7593650307987589;0.13649052409432172;5.414664453963444;5.712335546036557;11.83;12.0;1.4700680256369092;0.1242661052947514;11.541866666975166;12.118133333024835;11.127;11.115;1.5187300615975179;0.13649052409432172;10.829328907926888;11.424671092073114;116.01;110.5;48.742690734098794;0.4201593891397189;106.45643261611664;125.56356738388337;0.7131353967363502;0.709839725525399;0.031060657653675872;0.043555063730989024;0.7070475078362297;0.7192232856364706;199.16;200.0;1.1808471535300407;0.005929138147871263;198.92855395790812;199.39144604209187;0.32670446517402013;0.3254052678829432;0.06622552223734621;0.20270773526793084;0.31372426281550025;0.33968466753254;2.5010584186719504;2.4512824222120706;0.4150137393883919;0.16593524417105066;2.419715725751826;2.582401111592075;5.888888888888889;2.8181818181818183;-1.8181818181818181;0.944745283018868
2.65;0.65;2;200.0;200.0;0.0;0.0;200.0;200.0;1323.14;1314.5;196.0071947659065;0.14813791039943353;1284.7225898258823;1361.5574101741179;6.6156999999999995;6.5725;0.9800359738295324;0.14813791039943355;6.423612949129411;6.807787050870588;148.22;157.0;48.15050986230571;0.3248583852537155;138.7825000669881;157.6574999330119;6.6156999999999995;6.5725;0.9800359738295324;0.14813791039943355;6.423612949129411;6.807787050870588;13.23;13.0;1.6604517457607737;0.12550655674684608;12.90455145783089;13.555448542169112;13.231399999999999;13.145;1.960071947659065;0.14813791039943355;12.847225898258822;13.615574101741176;148.29;157.0;48.07417081968237;0.3241902408772161;138.86746251934224;157.71253748065774;0.7392947277371553;0.7385674855430446;0.03381924583847365;0.04574528205008051;0.7326661555528144;0.7459232999214962;199.74;200.0;0.7017121917139534;0.0035131280250022697;199.60246441042406;199.87753558957596;0.2995909127520311;0.28506017534204703;0.05827904712244159;0.19452875451759338;0.28816821951603255;0.31101360598802963;2.218401116694584;2.109572864321608;0.32269739995602675;0.14546395488514974;2.1551524263032027;2.281649807085965;7.571428571428572;2.5384615384615383;-1.5384615384615383;0.8737716981132074
2.65;0.75;2;200.0;200.0;0.0;0.0;200.0;200.0;1563.23;1576.0;235.80487081483284;0.15084464270442152;1517.0122453202928;1609.4477546797073;7.816149999999999;7.88;1.179024354074164;0.15084464270442152;7.5850612266014625;8.047238773398535;172.45;194.5;37.2696592418015;0.21611863868832415;165.1451467886069;179.75485321139308;7.816149999999999;7.88;1.179024354074164;0.15084464270442152;7.5850612266014625;8.047238773398535;14.87;15.0;1.8796542235209113;0.12640579848829261;14.5015877721899;15.238412227810098;15.632299999999997;15.76;2.358048708148328;0.15084464270442152;15.170122453202925;16.09447754679707;172.47;194.5;37.24095997688567;0.21592717560668911;165.1707718445304;179.7692281554696;0.7570413981447571;0.7584315560766073;0.03186766276615838;0.042095006751618654;0.7507953362425901;0.7632874600469242;199.92;200.0;0.3059411708155671;0.0015303179812703436;199.86003553052015;199.97996446947982;0.2835407222024968;0.2723958982428343;0.043725917286258506;0.15421388838471917;0.27497044241439017;0.29211100199060347;2.0437653926196635;1.9300251256281409;0.21277325607274547;0.10410845434661968;2.0020618344294054;2.0854689508099216;10.6;2.333333333333333;-1.3333333333333333;0.7373726415094338
2.65;0.85;2;200.0;200.0;0.0;0.0;200.0;200.0;1833.19;1846.0;276.3354734738195;0.15074022522150976;1779.0282471991313;1887.3517528008688;9.16595;9.23;1.3816773673690976;0.1507402252215098;8.895141235995657;9.436758764004344;187.57;199.0;24.56471249577328;0.13096290715878486;182.75531635082842;192.38468364917156;9.16595;9.23;1.3816773673690976;0.1507402252215098;8.895141235995657;9.436758764004344;16.94;17.0;2.171727423043693;0.1282011465787304;16.514341425083437;17.365658574916566;18.3319;18.46;2.7633547347381953;0.1507402252215098;17.790282471991315;18.873517528008687;187.61;199.0;24.550720967010317;0.1308604070519179;182.79805869046598;192.42194130953405;0.7664169345226313;0.7687138444626034;0.029602796587814142;0.03862492496496372;0.7606147863914197;0.7722190826538429;199.97;200.0;0.22158519806160337;0.0011080922041386376;199.92656930117994;200.01343069882006;0.27689933916419324;0.27403210366443304;0.02985857562429669;0.10783187751340723;0.27104705834183107;0.2827516199865554;1.9476050251256283;1.9075125628140706;0.113857943434125;0.05846048966051559;1.9252888682125398;1.9699211820387168;17.666666666666664;2.1764705882352944;-1.1764705882352942;0.5188273584905662
2.65;0.95;2;200.0;200.0;0.0;0.0;200.0;200.0;2126.67;2131.0;320.17273634711626;0.1505512074497295;2063.9161436759655;2189.4238563240347;10.63335;10.655000000000001;1.6008636817355812;0.1505512074497295;10.319580718379827;10.947119281620173;194.78;199.0;15.285666488576807;0.07847657094453643;191.78400936823894;197.77599063176106;10.63335;10.655000000000001;1.6008636817355812;0.1505512074497295;10.319580718379827;10.947119281620173;19.26;19.0;2.406740534415789;0.12496056772667648;18.788278855254507;19.731721144745496;21.2667;21.310000000000002;3.2017273634711625;0.1505512074497295;20.639161436759654;21.894238563240346;194.78;199.0;15.285666488576807;0.07847657094453643;191.78400936823894;197.77599063176106;0.7660846562443823;0.7703758997162169;0.03012764249285292;0.03932677968065471;0.7601796383157831;0.7719896741729815;200.0;200.0;0.0;0.0;200.0;200.0;0.2769230035856191;0.27769698604850845;0.022262347056981574;0.08039183010702286;0.27255958356245075;0.2812864236087875;1.9028547738693466;1.8929145728643215;0.0541856580470466;0.028475981872680255;1.8922343848921255;1.9134751628465678;52.99999999999995;2.052631578947368;-1.0526315789473684;0.20062924528301906
2.85;0.05;2;200.0;200.0;0.0;0.0;200.0;200.0;587.68;588.5;41.41470270326711;0.07047151971016048;579.5627182701596;595.7972817298403;2.9383999999999997;2.9425;0.20707351351633554;0.07047151971016048;2.897813591350798;2.9789864086492015;18.67;18.0;3.3735885937677708;0.18069569329232835;18.00877663562152;19.331223364378484;2.9383999999999997;2.9425;0.20707351351633554;0.07047151971016048;2.897813591350798;2.9789864086492015;8.18;8.0;0.9937806599043875;0.12148907822792024;7.98521899065874;8.374781009341259;5.876799999999999;5.885;0.4141470270326711;0.07047151971016048;5.795627182701596;5.957972817298403;19.91;20.0;3.349910446564207;0.16825265929503802;19.253417552473415;20.566582447526585;0.5863893354799212;0.5844073005435189;0.02104121286684626;0.03588266633400727;0.5822652577580194;0.590513413201823;188.04;188.0;3.6329602254910522;0.019320145849239804;187.32793979580376;188.75206020419623;0.46654364441511725;0.4611029236633445;0.02710786228829221;0.05810359354970101;0.461230503406612;0.4718567854236225;4.5712702294118905;4.471953032866738;0.47896469796916835;0.10477715688026362;4.477393148609933;4.665147310213848;3.0000000000000004;21.0;-20.0;0.9794666666666664
2.85;0.15;2;200.0;200.0;0.0;0.0;200.0;200.0;657.66;657.5;50.64271319745813;0.07700439922978154;647.7340282132982;667.5859717867017;3.2883;3.2874999999999996;0.25321356598729067;0.07700439922978154;3.238670141066491;3.337929858933509;25.53;25.0;5.836874163454271;0.22862805183918022;24.385972663962963;26.67402733603704;3.2883;3.2874999999999996;0.25321356598729067;0.07700439922978154;3.238670141066491;3.337929858933509;8.74;9.0;1.1010903686800644;0.12598287971167785;8.524186287738708;8.955813712261293;6.5766;6.574999999999999;0.5064271319745813;0.07700439922978154;6.477340282132982;6.675859717867018;26.36;25.5;5.48;0.20789074355083462;25.28592;27.434079999999998;0.6050945788246517;0.6017019572702151;0.018751983211491234;0.03099016892188239;0.6014191901151994;0.608769967534104;191.11;191.5;3.059068485666838;0.016006846767133265;190.5104225768093;191.70957742319072;0.4572659442436842;0.4514735252668515;0.027996479476707938;0.0612258136192801;0.4517786342662495;0.46275325422111896;4.12174064339995;4.028678214863857;0.439491468131771;0.10662763772764759;4.035600315646123;4.207880971153777;3.3529411764705883;7.666666666666667;-6.666666666666667;0.9807210526315789
2.85;0.25;2;200.0;200.0;0.0;0.0;200.0;200.0;746.04;742.0;65.36266824418966;0.08761282001526684;733.2289170241388;758.8510829758611;3.7302;3.71;0.3268133412209483;0.08761282001526682;3.666144585120694;3.7942554148793057;37.85;34.5;13.001057649283771;0.3434889735609979;35.301792700740386;40.39820729925962;3.7302;3.71;0.3268133412209483;0.08761282001526682;3.666144585120694;3.7942554148793057;9.44;9.0;1.1859173664298877;0.12562683966418303;9.207560196179742;9.672439803820257;7.4604;7.42;0.6536266824418966;0.08761282001526682;7.332289170241388;7.5885108297586115;38.28;35.0;12.749964705833502;0.33307117831330985;35.78100691765663;40.77899308234337;0.6283299408013828;0.6303491066889598;0.017508491906240802;0.027865124307000506;0.6248982763877596;0.631761605215006;193.83;194.0;2.4821563206212454;0.012805841823356782;193.34349736115826;194.31650263884177;0.43764628003262857;0.4343743102972989;0.03374606154550159;0.07710807354054434;0.43103205196971023;0.4442605080955469;3.651005493507073;3.6120623221301247;0.39522105674815267;0.10824992113844022;3.573542166384435;3.728468820629711;3.8000000000000003;5.0;-4.0;0.9816315789473683
2.85;0.35;2;200.0;200.0;0.0;0.0;200.0;200.0;858.93;857.5;87.50602893515395;0.10187795156200616;841.7788183287098;876.0811816712901;4.29465;4.2875;0.4375301446757697;0.10187795156200616;4.208894091643549;4.380405908356451;56.49;50.5;25.231129582323497;0.446647717867295;51.544698601864596;61.43530139813541;4.29465;4.2875;0.4375301446757697;0.10187795156200616;4.208894091643549;4.380405908356451;10.21;10.0;1.321325092473461;0.12941479847928117;9.951020281875202;10.4689797181248;8.5893;8.575;0.8750602893515395;0.10187795156200616;8.417788183287097;8.760811816712902;56.83;51.0;24.977611975527207;0.4395145517425164;51.93438805279666;61.72561194720333;0.6530456131725916;0.6543946040932251;0.02083690247237602;0.03190726964866556;0.6489615802880059;0.6571296460571773;196.54;197.0;2.0852817555428813;0.01060996110482793;196.1312847759136;196.94871522408638;0.40794675436505917;0.40682977422516153;0.04632675680885895;0.11356079270924298;0.3988667100305228;0.4170267986995955;3.2029124613135114;3.1766834170854272;0.3906619833509218;0.12197085873234002;3.1263427125767307;3.279482210050292;4.384615384615385;3.857142857142857;-2.857142857142857;0.9794815789473683
2.85;0.45;2;200.0;200.0;0.0;0.0;200.0;200.0;1004.86;1006.5;117.35339960989626;0.11678582052215856;981.8587336764604;1027.8612663235397;5.0243;5.0325;0.5867669980494814;0.11678582052215858;4.909293668382302;5.139306331617698;84.66;75.0;37.96530521410304;0.44844442728683015;77.2188001780358;92.10119982196419;5.0243;5.0325;0.5867669980494814;0.11678582052215858;4.909293668382302;5.139306331617698;11.21;11.0;1.3586390249069102;0.12119884254298931;10.943706751118246;11.476293248881756;10.0486;10.065;1.1735339960989628;0.11678582052215858;9.818587336764605;10.278612663235396;84.82;75.0;37.86116215860258;0.4463706927446662;77.39921221691388;92.2407877830861;0.6814214895489751;0.680138063977222;0.025068872852498793;0.03678908463701605;0.6765079904698853;0.6863349886280649;198.47;199.0;1.3450278807519196;0.006776983326205067;198.20637453537262;198.73362546462738;0.3689370409715941;0.3719130794650164;0.05828786743587958;0.1579886564991651;0.3575126189541617;0.38036146298902646;2.7893321451983364;2.74714126186488;0.39160166031902993;0.1403926244470914;2.7125782197758066;2.866086070620866;5.181818181818182;3.2222222222222223;-2.2222222222222223;0.969601754385965
2.85;0.55;2;200.0;200.0;0.0;0.0;200.0;200.0;1192.01;1186.0;159.18665113633116;0.13354472792705696;1160.8094163772791;1223.2105836227208;5.960049999999999;5.93;0.7959332556816557;0.13354472792705696;5.804047081886394;6.116052918113604;121.06;116.5;48.78356690526022;0.4029701545123098;111.498420886569;130.621579113431;5.960049999999999;5.93;0.7959332556816557;0.13354472792705696;5.804047081886394;6.116052918113604;12.43;12.0;1.557273257973693;0.12528344794639526;12.124774441437156;12.735225558562844;11.920099999999998;11.86;1.5918665113633115;0.13354472792705696;11.608094163772789;12.232105836227207;121.17;116.5;48.68512195732902;0.4017918788258564;111.62771609636351;130.7122839036365;0.7130022522944267;0.7107123800826787;0.030573007272027584;0.042879257637187355;0.7070099428691093;0.7189945617197441;199.47;200.0;0.9214662229295223;0.0046195729830527015;199.28939262030582;199.65060737969418;0.3312739412227648;0.3261753919357484;0.06321605771177906;0.1908271368355819;0.31888359391125615;0.3436642885342735;2.428562236368908;2.390050251256281;0.3740602299768543;0.15402538356856552;2.3552464312934442;2.5018780414443715;6.333333333333334;2.8181818181818183;-1.8181818181818181;0.9410605263157892
2.85;0.65;2;200.0;200.0;0.0;0.0;200.0;200.0;1413.82;1409.0;204.7113763326308;0.1447930969519676;1373.6965702388043;1453.9434297611956;7.0691;7.045;1.0235568816631542;0.1447930969519676;6.868482851194021;7.269717148805978;152.61;163.5;46.13889790621358;0.3023320746098786;143.56677601038214;161.65322398961789;7.0691;7.045;1.0235568816631542;0.1447930969519676;6.868482851194021;7.269717148805978;13.95;14.0;1.6454482671904334;0.1179532808021816;13.627492139630675;14.272507860369323;14.1382;14.09;2.0471137633263083;0.1447930969519676;13.736965702388042;14.539434297611956;152.64;163.5;46.12190802644661;0.30216134713342907;143.60010602681646;161.6798939731835;0.7383604522901593;0.736806588983342;0.03246012681122847;0.04396243963303761;0.7319982674351586;0.7447226371451601;199.85;200.0;0.45552167895721496;0.002279317883198474;199.76071775092439;199.9392822490756;0.30626729528050767;0.2912526848963868;0.054432078607493016;0.17772736249111787;0.29559860787343906;0.3169359826875763;2.17314467793513;2.067311557788945;0.28968129058249803;0.13330050848604624;2.1163671449809605;2.2299222108892995;8.142857142857144;2.5384615384615383;-1.5384615384615383;0.868135087719298
2.85;0.75;2;200.0;200.0;0.0;0.0;200.0;200.0;1666.71;1670.0;243.97869968503394;0.14638341384226047;1618.8901748617334;1714.5298251382667;8.33355;8.35;1.21989349842517;0.14638341384226047;8.094450874308666;8.572649125691335;175.83;198.0;34.412223119118586;0.19571303599566958;169.08520426865277;182.57479573134725;8.33355;8.35;1.21989349842517;0.14638341384226047;8.094450874308666;8.572649125691335;15.66;15.5;2.0010996976662607;0.12778414416770503;15.267784459257413;16.052215540742587;16.6671;16.7;2.43978699685034;0.14638341384226047;16.188901748617333;17.14529825138267;175.87;198.0;34.36005093127773;0.1953718708777946;169.13543001746956;182.60456998253045;0.7556297684846567;0.7572445701073189;0.030368718317610184;0.04018994431427939;0.7496774996944051;0.7615820372749083;199.95;200.0;0.2179449471770337;0.001089997235193967;199.9072827903533;199.99271720964668;0.29159343363225115;0.28194956720146197;0.040287193418797704;0.13816221070878673;0.2836971437221668;0.2994897235423355;2.013370351758794;1.9204773869346732;0.179916526138142;0.0893608699368075;1.9781067126357184;2.04863399088187;11.4;2.333333333333333;-1.3333333333333333;0.7310131578947369
2.85;0.85;2;200.0;200.0;0.0;0.0;200.0;200.0;1948.34;1966.0;286.73811117463964;0.147170468796329;1892.1393302097706;2004.5406697902292;9.7417;9.83;1.4336905558731983;0.147170468796329;9.460696651048853;10.022703348951147;189.42;199.0;22.228441240896764;0.11735002238885421;185.06322551678423;193.77677448321575;9.7417;9.83;1.4336905558731983;0.147170468796329;9.460696651048853;10.022703348951147;17.9;18.0;2.1656407827707715;0.1209855185905459;17.475534406576926;18.32446559342307;19.4834;19.66;2.8673811117463965;0.147170468796329;18.921393302097705;20.045406697902294;189.44;199.0;22.218154738861642;0.11728333371443013;185.08524167118313;193.79475832881687;0.7645426141290942;0.7671402064118217;0.029250039306201816;0.03825821970632876;0.7588096064250787;0.7702756218331097;199.99;200.0;0.09949874371066196;0.0004975185944830339;199.97049824623272;200.0095017537673;0.2862796499896897;0.2843518594885279;0.028231153941563166;0.09861390407100158;0.2807463438171433;0.29181295616223607;1.9323527638190956;1.9017085427135678;0.09720789491064376;0.05030546012650526;1.9133000164166094;1.9514055112215818;18.999999999999996;2.1764705882352944;-1.1764705882352942;0.5127210526315791
2.85;0.95;2;200.0;200.0;0.0;0.0;200.0;200.0;2249.53;2260.5;328.93696827811857;0.14622475284975908;2185.058354217489;2314.0016457825113;11.24765;11.302499999999998;1.644684841390593;0.1462247528497591;10.925291771087444;11.570008228912556;195.77;199.0;13.212762769383245;0.06749125386618605;193.1802984972009;198.3597015027991;11.24765;11.302499999999998;1.644684841390593;0.1462247528497591;10.925291771087444;11.570008228912556;20.2;20.0;2.485960578931211;0.1230673553926342;19.712751726529483;20.687248273470516;22.4953;22.604999999999997;3.289369682781186;0.1462247528497591;21.85058354217489;23.140016457825112;195.78;199.0;13.21179775806457;0.06748287750569297;193.19048763941936;198.36951236058064;0.7646881839327946;0.7667260350489256;0.028936879124001492;0.03784141004399859;0.7590165556244903;0.7703598122410988;200.0;200.0;0.0;0.0;200.0;200.0;0.28660063048487566;0.28798017403744836;0.02115409128841323;0.0738103445642265;0.28245442859234665;0.2907468323774047;1.8935924623115579;1.8864070351758793;0.04440134379810479;0.023448204765191615;1.8848897989271294;1.9022951256959864;56.99999999999995;2.052631578947368;-1.0526315789473684;0.19732719298245632
3.0;0.05;2;200.0;200.0;0.0;0.0;200.0;200.0;619.17;619.0;43.16967801594077;0.06972185024458674;610.7087431088755;627.6312568911244;3.09585;3.0949999999999998;0.21584839007970386;0.06972185024458674;3.053543715544378;3.138156284455622;19.47;19.0;3.4596387094608594;0.17769074008530353;18.79191081294567;20.148089187054328;3.09585;3.0949999999999998;0.21584839007970386;0.06972185024458674;3.053543715544378;3.138156284455622;8.38;8.0;0.9672641831475;0.11542532018466585;8.19041622010309;8.569583779896911;6.1917;6.1899999999999995;0.4316967801594077;0.06972185024458674;6.107087431088756;6.276312568911244;20.65;20.0;3.3686050525402944;0.16312857397289562;19.9897534097021;21.310246590297897;0.5865953128603957;0.5852872793707078;0.019111294771952045;0.03258003320681214;0.5828494990850931;0.5903411266356983;189.92;190.0;3.1738935079803796;0.016711739195347408;189.29791687243582;190.54208312756415;0.46707389236828417;0.4630415129700296;0.02697322650714077;0.0577493774494092;0.46178713997288456;0.4723606447636838;4.412579889071342;4.357338179648476;0.4385187212220427;0.09937921403035085;4.326630219711822;4.498529558430862;3.1578947368421053;21.0;-20.0;0.9803525
3.0;0.15;2;200.0;200.0;0.0;0.0;200.0;200.0;692.35;689.5;52.448713044268295;0.07575462272588762;682.0700522433234;702.6299477566766;3.461749999999999;3.4475;0.26224356522134146;0.07575462272588764;3.410350261216616;3.513149738783382;26.68;26.0;6.077631117466739;0.22779726827086727;25.48878430097652;27.87121569902348;3.461749999999999;3.4475;0.26224356522134146;0.07575462272588764;3.410350261216616;3.513149738783382;8.99;9.0;1.0816191566350883;0.1203135880572957;8.778002645299523;9.201997354700477;6.923499999999998;6.895;0.5244871304426829;0.07575462272588764;6.820700522433232;7.026299477566764;27.44;27.0;5.680352101762707;0.2070099162449966;26.32665098805451;28.553349011945492;0.6067105902811454;0.6072730977115741;0.01866630052647119;0.030766399706030116;0.6030519953779571;0.6103691851843337;192.49;193.0;2.858303692752049;0.014849102253374455;191.92977247622062;193.0502275237794;0.45791055773692674;0.45323372634624903;0.02741904281854097;0.05987859933619051;0.45253642534449273;0.46328469012936074;3.9901158837890653;3.9156240435213583;0.3956572532651453;0.09915933892361645;3.9125670621490967;4.067664705429034;3.5294117647058822;7.666666666666667;-6.666666666666667;0.9808291666666664
3.0;0.25;2;200.0;200.0;0.0;0.0;200.0;200.0;784.0;781.5;67.67525397070926;0.08632047700345569;770.735650221741;797.264349778259;3.919999999999999;3.9074999999999998;0.33837626985354635;0.08632047700345573;3.853678251108704;3.986321748891294;39.48;37.0;13.188237183187146;0.3340485608710017;36.89510551209531;42.06489448790468;3.919999999999999;3.9074999999999998;0.33837626985354635;0.08632047700345573;3.853678251108704;3.986321748891294;9.7;9.5;1.2206555615733703;0.12584077954364642;9.460751509931619;9.93924849006838;7.839999999999998;7.8149999999999995;0.6767525397070927;0.08632047700345573;7.707356502217408;7.972643497782588;39.91;37.0;12.94611524744006;0.3243827423563032;37.37256141150174;42.44743858849825;0.6282954114906026;0.6294716790613859;0.01822154829693228;0.029001561946318335;0.6247239880244039;0.6318668349568014;194.98;195.5;2.449408091764212;0.01256235558397893;194.49991601401422;195.46008398598576;0.4393640418052094;0.43565605041839683;0.032820677913595504;0.0747004187660547;0.4329311889341447;0.4457968946762741;3.5515524037289476;3.5015232729303083;0.36839647203986414;0.10372829404208334;3.4793466952091343;3.623758112248761;4.0;5.0;-4.0;0.9799999999999998
3.0;0.35;2;200.0;200.0;0.0;0.0;200.0;200.0;902.97;902.0;89.87407356963409;0.09953162737370465;885.3546815803518;920.5853184196483;4.514850000000001;4.51;0.4493703678481704;0.09953162737370462;4.426773407901759;4.6029265920982425;58.76;53.0;25.54686673547267;0.4347662820876901;53.75281411984736;63.76718588015264;4.514850000000001;4.51;0.4493703678481704;0.09953162737370462;4.426773407901759;4.6029265920982425;10.51;10.0;1.3228378585450296;0.12586468682635868;10.250723779725174;10.769276220274826;9.029700000000002;9.02;0.8987407356963408;0.09953162737370462;8.853546815803519;9.205853184196485;59.03;53.0;25.354863438796116;0.42952504554965465;54.06044676599596;63.99955323400404;0.6522651494030504;0.6511862687240682;0.02014324877909993;0.03088199453479145;0.6483170726423467;0.656213226163754;197.31;197.0;1.6290794946840377;0.00825644668128345;196.99070041904193;197.62929958095808;0.4091085140589337;0.4082556833415816;0.04484297494146003;0.10961144390898747;0.4003192909704076;0.41789773714745987;3.1199789585024162;3.0868609403475356;0.360936242776523;0.11568547338850377;3.0492354549182177;3.190722462086615;4.615384615384615;3.857142857142857;-2.857142857142857;0.9782175000000003
3.0;0.45;2;200.0;200.0;0.0;0.0;200.0;200.0;1057.13;1059.5;121.4771299463401;0.1149121961786536;1033.3204825305174;1080.9395174694828;5.28565;5.297499999999999;0.6073856497317005;0.11491219617865361;5.166602412652587;5.404697587347414;88.4;81.0;38.68229569195706;0.4375825304520029;80.81827004437642;95.98172995562359;5.28565;5.297499999999999;0.6073856497317005;0.11491219617865361;5.166602412652587;5.404697587347414;11.58;11.0;1.4295453822806745;0.12344951487743303;11.299809105072988;11.860190894927012;10.5713;10.594999999999999;1.214771299463401;0.11491219617865361;10.333204825305174;10.809395174694828;88.56;81.0;38.580388800529214;0.4356412466184419;80.99824379509627;96.12175620490373;0.682157187479102;0.6835929881069286;0.023966752115927574;0.03513376763572076;0.6774597040643803;0.6868546708938238;198.81;199.0;1.1549458861782227;0.005809294734561756;198.58363060630907;199.03636939369093;0.37073567878776154;0.3740821494180333;0.05705781500391325;0.1539042996629889;0.3595523470469945;0.38191901052852856;2.7271342487731323;2.6816951863501264;0.36902613154646957;0.13531645232077774;2.6548051269900244;2.79946337055624;5.454545454545454;3.2222222222222223;-2.2222222222222223;0.9690358333333334
3.0;0.55;2;200.0;200.0;0.0;0.0;200.0;200.0;1252.48;1243.0;164.54005469793668;0.13137140289500565;1220.2301492792044;1284.7298507207956;6.262399999999999;6.215;0.8227002734896834;0.13137140289500568;6.101150746396021;6.423649253603976;124.91;120.5;48.424393646177954;0.3876742746471696;115.41881884534912;134.40118115465089;6.262399999999999;6.215;0.8227002734896834;0.13137140289500568;6.101150746396021;6.423649253603976;12.81;13.0;1.4676171162806737;0.11456808089622746;12.522347045208988;13.097652954791013;12.524799999999997;12.43;1.6454005469793669;0.13137140289500568;12.202301492792042;12.847298507207952;125.01;120.5;48.33869981702031;0.38667866424302305;115.53561483586402;134.48438516413597;0.7128487726982786;0.709905034355258;0.030033127651204153;0.04213113468305853;0.7069622796786426;0.7187352657179147;199.65;200.0;0.6982120021884469;0.0034971800760753664;199.51315044757106;199.78684955242895;0.3346322299407275;0.3315821252937279;0.06083479950601713;0.1817959959110712;0.3227086092375481;0.34655585064390687;2.3781966093091724;2.349246231155779;0.3468568313020715;0.14584867792021106;2.3102126703739665;2.4461805482443784;6.666666666666667;2.8181818181818183;-1.8181818181818181;0.9393599999999998
3.0;0.65;2;200.0;200.0;0.0;0.0;200.0;200.0;1482.78;1485.5;209.19596458823003;0.14108361630736188;1441.777590940707;1523.782409059293;7.413900000000001;7.4275;1.04597982294115;0.14108361630736185;7.208887954703536;7.618912045296466;155.66;169.0;44.67711270885799;0.2870172986564178;146.90328590906384;164.41671409093615;7.413900000000001;7.4275;1.04597982294115;0.14108361630736185;7.208887954703536;7.618912045296466;14.44;14.0;1.657226598869328;0.11476638496324987;14.115183586621612;14.764816413378387;14.827800000000002;14.855;2.0919596458823;0.14108361630736185;14.417775909407071;15.237824090592932;155.7;169.0;44.649412090194424;0.28676565247395264;146.94871523032188;164.4512847696781;0.7373522252042066;0.7368925593671295;0.03161844650339441;0.042881062025191305;0.7311550096895413;0.743549440718872;199.89;200.0;0.3713488925525429;0.00185776623419152;199.8172156170597;199.96278438294027;0.31088571318583125;0.2951219231624611;0.051545281971019825;0.16580138547636877;0.3007828379195114;0.3209885884521511;2.1414831277600124;2.0272613065326635;0.26648389959411156;0.12443894427169887;2.0892522834395666;2.193713972080458;8.571428571428571;2.5384615384615383;-1.5384615384615383;0.8649550000000001
3.0;0.75;2;200.0;200.0;0.0;0.0;200.0;200.0;1741.92;1748.0;249.9518625655748;0.14349215955128525;1692.9294349371473;1790.9105650628528;8.7096;8.74;1.2497593128278741;0.14349215955128525;8.464647174685737;8.954552825314263;177.95;198.0;32.236121044567376;0.18115268920802124;171.6317202752648;184.26827972473518;8.7096;8.74;1.2497593128278741;0.14349215955128525;8.464647174685737;8.954552825314263;16.27;16.0;1.9690352967887599;0.12102245216894653;15.884069081829402;16.655930918170597;17.4192;17.48;2.4995186256557482;0.14349215955128525;16.929294349371474;17.909105650628526;177.99;198.0;32.18431139546099;0.18082089665408724;171.68187496648966;184.29812503351036;0.7544818334641893;0.7546836963881374;0.0296054903610595;0.03923950060550357;0.7486791573534216;0.760284509574957;199.97;200.0;0.17058722109231983;0.0008530640650713598;199.93656490466591;200.00343509533408;0.29729863649584226;0.2881861612430575;0.03795553269445553;0.12766803488177564;0.28985935208772895;0.3047379209039556;1.9953899497487433;1.9160552763819094;0.1617160308237506;0.08104482577158097;1.9636936077072882;2.0270862917901984;12.0;2.333333333333333;-1.3333333333333333;0.7258
3.0;0.85;2;200.0;200.0;0.0;0.0;200.0;200.0;2030.32;2048.0;291.39121057437546;0.14351984444539553;1973.2073227274223;2087.4326772725776;10.1516;10.239999999999998;1.456956052871877;0.1435198444453955;9.866036613637112;10.437163386362888;190.66;199.0;20.85819742930822;0.10939996553712483;186.5717933038556;194.7482066961444;10.1516;10.239999999999998;1.456956052871877;0.1435198444453955;9.866036613637112;10.437163386362888;18.5;18.0;2.215851980616034;0.11977578273600184;18.065693011799258;18.934306988200742;20.3032;20.479999999999997;2.913912105743754;0.1435198444453955;19.732073227274224;20.874326772725777;190.68;199.0;20.850841709628895;0.10934991456696504;186.59323502491276;194.76676497508726;0.7636319118825551;0.7653072176950806;0.02830934523833819;0.0370719777393118;0.7580832802158408;0.7691805435492693;199.99;200.0;0.09949874371066196;0.0004975185944830339;199.97049824623272;200.0095017537673;0.29257270427639676;0.29134746231000297;0.02674447924758236;0.09141139572034904;0.2873307863438706;0.2978146222089229;1.9218402010050248;1.8974623115577889;0.0838986983213125;0.04365539771591714;1.9053960561340475;1.9382843458760022;19.999999999999996;2.1764705882352944;-1.1764705882352942;0.5075800000000001
3.0;0.95;2;200.0;200.0;0.0;0.0;200.0;200.0;2341.85;2357.5;335.37195395560434;0.14320812774328173;2276.1170970247013;2407.5829029752986;11.709249999999999;11.7875;1.6768597697780216;0.14320812774328173;11.380585485123508;12.03791451487649;196.25;199.0;12.28769709913131;0.06261246929493662;193.84161136857026;198.65838863142974;11.709249999999999;11.7875;1.6768597697780216;0.14320812774328173;11.380585485123508;12.03791451487649;20.87;21.0;2.5754805376861225;0.12340587147513764;20.36520581461352;21.37479418538648;23.418499999999998;23.575;3.3537195395560433;0.14320812774328173;22.761170970247015;24.07582902975298;196.25;199.0;12.28769709913131;0.06261246929493662;193.84161136857026;198.65838863142974;0.7632524763733841;0.7657605320278189;0.028463259131733937;0.03729206260420919;0.7576736775835643;0.7688312751632039;200.0;200.0;0.0;0.0;200.0;200.0;0.29372544474459117;0.2953662840530051;0.020332512615984108;0.06922285072600447;0.2897402722718583;0.29771061721732406;1.8872075376884423;1.881532663316583;0.03751892614663279;0.01988065721303131;1.8798538281637023;1.8945612472131823;59.99999999999995;2.052631578947368;-1.0526315789473684;0.19515416666666682
