beta;gamma;dim;n_vertices_mean;n_vertices_median;n_vertices_std;n_vertices_cv;n_vertices_ci_low;n_vertices_ci_high;n_edges_mean;n_edges_median;n_edges_std;n_edges_cv;n_edges_ci_low;n_edges_ci_high;indegree_mean_mean;indegree_mean_median;indegree_mean_std;indegree_mean_cv;indegree_mean_ci_low;indegree_mean_ci_high;indegree_max_mean;indegree_max_median;indegree_max_std;indegree_max_cv;indegree_max_ci_low;indegree_max_ci_high;outdegree_mean_mean;outdegree_mean_median;outdegree_mean_std;outdegree_mean_cv;outdegree_mean_ci_low;outdegree_mean_ci_high;outdegree_max_mean;outdegree_max_median;outdegree_max_std;outdegree_max_cv;outdegree_max_ci_low;outdegree_max_ci_high;total_degree_mean_mean;total_degree_mean_median;total_degree_mean_std;total_degree_mean_cv;total_degree_mean_ci_low;total_degree_mean_ci_high;total_degree_max_mean;total_degree_max_median;total_degree_max_std;total_degree_max_cv;total_degree_max_ci_low;total_degree_max_ci_high;avg_local_clustering_mean;avg_local_clustering_median;avg_local_clustering_std;avg_local_clustering_cv;avg_local_clustering_ci_low;avg_local_clustering_ci_high;global_clustering_mean;global_clustering_median;global_clustering_std;global_clustering_cv;global_clustering_ci_low;global_clustering_ci_high;avg_shortest_path_length_mean;avg_shortest_path_length_median;avg_shortest_path_length_std;avg_shortest_path_length_cv;avg_shortest_path_length_ci_low;avg_shortest_path_length_ci_high;expected_theoretical_outdegree_mean
0.0;0.0;2;200.0;200.0;0.0;0.0;200.0;200.0;0.0;0.0;0.0;nan;0.0;0.0;0.0;0.0;0.0;nan;0.0;0.0;0.0;0.0;0.0;nan;0.0;0.0;0.0;0.0;0.0;nan;0.0;0.0;0.0;0.0;0.0;nan;0.0;0.0;0.0;0.0;0.0;nan;0.0;0.0;0.0;0.0;0.0;nan;0.0;0.0;0.0;0.0;0.0;nan;0.0;0.0;0.0;0.0;0.0;nan;0.0;0.0;0.0;0.0;0.0;nan;0.0;0.0;nan
0.0;0.1;2;200.0;200.0;0.0;0.0;200.0;200.0;0.0;0.0;0.0;nan;0.0;0.0;0.0;0.0;0.0;nan;0.0;0.0;0.0;0.0;0.0;nan;0.0;0.0;0.0;0.0;0.0;nan;0.0;0.0;0.0;0.0;0.0;nan;0.0;0.0;0.0;0.0;0.0;nan;0.0;0.0;0.0;0.0;0.0;nan;0.0;0.0;0.0;0.0;0.0;nan;0.0;0.0;0.0;0.0;0.0;nan;0.0;0.0;0.0;0.0;0.0;nan;0.0;0.0;0.0
0.0;0.2;2;200.0;200.0;0.0;0.0;200.0;200.0;0.0;0.0;0.0;nan;0.0;0.0;0.0;0.0;0.0;nan;0.0;0.0;0.0;0.0;0.0;nan;0.0;0.0;0.0;0.0;0.0;nan;0.0;0.0;0.0;0.0;0.0;nan;0.0;0.0;0.0;0.0;0.0;nan;0.0;0.0;0.0;0.0;0.0;nan;0.0;0.0;0.0;0.0;0.0;nan;0.0;0.0;0.0;0.0;0.0;nan;0.0;0.0;0.0;0.0;0.0;nan;0.0;0.0;0.0
0.0;0.3;2;200.0;200.0;0.0;0.0;200.0;200.0;0.0;0.0;0.0;nan;0.0;0.0;0.0;0.0;0.0;nan;0.0;0.0;0.0;0.0;0.0;nan;0.0;0.0;0.0;0.0;0.0;nan;0.0;0.0;0.0;0.0;0.0;nan;0.0;0.0;0.0;0.0;0.0;nan;0.0;0.0;0.0;0.0;0.0;nan;0.0;0.0;0.0;0.0;0.0;nan;0.0;0.0;0.0;0.0;0.0;nan;0.0;0.0;0.0;0.0;0.0;nan;0.0;0.0;0.0
0.0;0.4;2;200.0;200.0;0.0;0.0;200.0;200.0;0.0;0.0;0.0;nan;0.0;0.0;0.0;0.0;0.0;nan;0.0;0.0;0.0;0.0;0.0;nan;0.0;0.0;0.0;0.0;0.0;nan;0.0;0.0;0.0;0.0;0.0;nan;0.0;0.0;0.0;0.0;0.0;nan;0.0;0.0;0.0;0.0;0.0;nan;0.0;0.0;0.0;0.0;0.0;nan;0.0;0.0;0.0;0.0;0.0;nan;0.0;0.0;0.0;0.0;0.0;nan;0.0;0.0;0.0
0.0;0.5;2;200.0;200.0;0.0;0.0;200.0;200.0;0.0;0.0;0.0;nan;0.0;0.0;0.0;0.0;0.0;nan;0.0;0.0;0.0;0.0;0.0;nan;0.0;0.0;0.0;0.0;0.0;nan;0.0;0.0;0.0;0.0;0.0;nan;0.0;0.0;0.0;0.0;0.0;nan;0.0;0.0;0.0;0.0;0.0;nan;0.0;0.0;0.0;0.0;0.0;nan;0.0;0.0;0.0;0.0;0.0;nan;0.0;0.0;0.0;0.0;0.0;nan;0.0;0.0;0.0
0.0;0.6;2;200.0;200.0;0.0;0.0;200.0;200.0;0.0;0.0;0.0;nan;0.0;0.0;0.0;0.0;0.0;nan;0.0;0.0;0.0;0.0;0.0;nan;0.0;0.0;0.0;0.0;0.0;nan;0.0;0.0;0.0;0.0;0.0;nan;0.0;0.0;0.0;0.0;0.0;nan;0.0;0.0;0.0;0.0;0.0;nan;0.0;0.0;0.0;0.0;0.0;nan;0.0;0.0;0.0;0.0;0.0;nan;0.0;0.0;0.0;0.0;0.0;nan;0.0;0.0;0.0
0.0;0.7;2;200.0;200.0;0.0;0.0;200.0;200.0;0.0;0.0;0.0;nan;0.0;0.0;0.0;0.0;0.0;nan;0.0;0.0;0.0;0.0;0.0;nan;0.0;0.0;0.0;0.0;0.0;nan;0.0;0.0;0.0;0.0;0.0;nan;0.0;0.0;0.0;0.0;0.0;nan;0.0;0.0;0.0;0.0;0.0;nan;0.0;0.0;0.0;0.0;0.0;nan;0.0;0.0;0.0;0.0;0.0;nan;0.0;0.0;0.0;0.0;0.0;nan;0.0;0.0;0.0
0.0;0.8;2;200.0;200.0;0.0;0.0;200.0;200.0;0.0;0.0;0.0;nan;0.0;0.0;0.0;0.0;0.0;nan;0.0;0.0;0.0;0.0;0.0;nan;0.0;0.0;0.0;0.0;0.0;nan;0.0;0.0;0.0;0.0;0.0;nan;0.0;0.0;0.0;0.0;0.0;nan;0.0;0.0;0.0;0.0;0.0;nan;0.0;0.0;0.0;0.0;0.0;nan;0.0;0.0;0.0;0.0;0.0;nan;0.0;0.0;0.0;0.0;0.0;nan;0.0;0.0;0.0
0.0;0.9;2;200.0;200.0;0.0;0.0;200.0;200.0;0.0;0.0;0.0;nan;0.0;0.0;0.0;0.0;0.0;nan;0.0;0.0;0.0;0.0;0.0;nan;0.0;0.0;0.0;0.0;0.0;nan;0.0;0.0;0.0;0.0;0.0;nan;0.0;0.0;0.0;0.0;0.0;nan;0.0;0.0;0.0;0.0;0.0;nan;0.0;0.0;0.0;0.0;0.0;nan;0.0;0.0;0.0;0.0;0.0;nan;0.0;0.0;0.0;0.0;0.0;nan;0.0;0.0;0.0
0.0;1.0;2;200.0;200.0;0.0;0.0;200.0;200.0;0.0;0.0;0.0;nan;0.0;0.0;0.0;0.0;0.0;nan;0.0;0.0;0.0;0.0;0.0;nan;0.0;0.0;0.0;0.0;0.0;nan;0.0;0.0;0.0;0.0;0.0;nan;0.0;0.0;0.0;0.0;0.0;nan;0.0;0.0;0.0;0.0;0.0;nan;0.0;0.0;0.0;0.0;0.0;nan;0.0;0.0;0.0;0.0;0.0;nan;0.0;0.0;0.0;0.0;0.0;nan;0.0;0.0;nan
0.2;0.0;2;200.0;200.0;0.0;0.0;200.0;200.0;64.2;67.0;9.453041838477178;0.14724364234388126;55.914043495166055;72.48595650483395;0.321;0.335;0.047265209192385894;0.1472436423438813;0.2795702174758303;0.36242978252416974;3.2;3.0;0.39999999999999997;0.12499999999999999;2.849384541128033;3.550615458871967;0.321;0.335;0.047265209192385894;0.1472436423438813;0.2795702174758303;0.36242978252416974;2.6;3.0;0.4898979485566356;0.1884222879063983;2.17058551491595;3.0294144850840503;0.642;0.67;0.09453041838477179;0.1472436423438813;0.5591404349516605;0.7248595650483395;3.4;3.0;0.4898979485566356;0.14408763192842225;2.9705855149159497;3.82941448508405;0.06633333333333333;0.07416666666666667;0.04056065416960958;0.6114671482855716;0.030780352398771263;0.10188631426789539;0.4842724784745728;0.45652173913043476;0.15363543524993456;0.31724998235265467;0.34960508190169737;0.6189398750474482;1.5473580304128398;1.4339622641509433;0.34513699996130565;0.22304921884770396;1.2448321113750218;1.8498839494506578;nan
0.2;0.1;2;200.0;200.0;0.0;0.0;200.0;200.0;69.8;75.0;11.124747188138706;0.15938033220829093;60.048729149490306;79.5512708505097;0.34900000000000003;0.375;0.055623735940693524;0.15938033220829087;0.30024364574745155;0.3977563542525485;3.4;3.0;0.4898979485566356;0.14408763192842225;2.9705855149159497;3.82941448508405;0.34900000000000003;0.375;0.055623735940693524;0.15938033220829087;0.30024364574745155;0.3977563542525485;2.8;3.0;0.39999999999999997;0.14285714285714285;2.449384541128033;3.150615458871967;0.6980000000000001;0.75;0.11124747188138705;0.15938033220829087;0.6004872914949031;0.795512708505097;3.8;4.0;0.7483314773547882;0.19692933614599692;3.144058539197285;4.455941460802715;0.08659999999999998;0.08666666666666666;0.034727766668442385;0.40101347192196757;0.056159770384863666;0.1170402296151363;0.5094086532918253;0.4166666666666667;0.13942937955320514;0.27370830599795515;0.3871934135611236;0.631623893022527;1.6540842476626962;1.7083333333333333;0.356027063664403;0.21524119111072307;1.3420127669188622;1.9661557284065303;0.22222222222222224
0.2;0.2;2;200.0;200.0;0.0;0.0;200.0;200.0;80.2;86.0;10.628264204469138;0.13252199756195931;70.88391567234387;89.51608432765613;0.40099999999999997;0.43;0.0531413210223457;0.13252199756195937;0.35441957836171933;0.4475804216382806;4.0;4.0;1.0954451150103321;0.27386127875258304;3.039800020828994;4.960199979171006;0.40099999999999997;0.43;0.0531413210223457;0.13252199756195937;0.35441957836171933;0.4475804216382806;3.0;3.0;0.0;0.0;3.0;3.0;0.8019999999999999;0.86;0.1062826420446914;0.13252199756195937;0.7088391567234387;0.8951608432765612;4.6;4.0;1.3564659966250536;0.29488391230979427;3.4110051303727165;5.788994869627283;0.10000952380952381;0.10216666666666667;0.03081556060678118;0.308126260709649;0.07299849400316508;0.12702055361588255;0.4713029776525673;0.41284403669724773;0.12684065434441122;0.26912763203018625;0.36012224208610155;0.582483713219033;1.8888191360461601;2.218274111675127;0.4440722007551855;0.23510572943725883;1.4995726899460011;2.2780655821463194;0.25
0.2;0.3;2;200.0;200.0;0.0;0.0;200.0;200.0;89.8;95.0;11.685888926393234;0.13013239338967966;79.55686672936449;100.04313327063551;0.44899999999999995;0.475;0.05842944463196616;0.13013239338967966;0.3977843336468224;0.5002156663531775;5.0;4.0;1.7888543819998317;0.35777087639996635;3.4320000000000004;6.568;0.44899999999999995;0.475;0.05842944463196616;0.13013239338967966;0.3977843336468224;0.5002156663531775;3.0;3.0;0.0;0.0;3.0;3.0;0.8979999999999999;0.95;0.11685888926393231;0.13013239338967966;0.7955686672936448;1.000431332706355;5.6;5.0;1.9595917942265424;0.3499271061118826;3.8823420596637988;7.3176579403362005;0.11413571428571427;0.11601190476190476;0.03442127927779822;0.30158202008209223;0.08396413271335089;0.14430729585807764;0.44470875952462896;0.35294117647058826;0.1410569788988783;0.31718956705431445;0.32106686606532;0.5683506529839379;2.0039877368992793;2.2735042735042734;0.5279923009808615;0.2634708243264058;1.541182079676103;2.4667933941224556;0.28571428571428575
0.2;0.4;2;200.0;200.0;0.0;0.0;200.0;200.0;103.6;108.0;14.065560778013793;0.13576796117773932;91.27099238381288;115.9290076161871;0.518;0.54;0.07032780389006897;0.13576796117773932;0.45635496191906444;0.5796450380809356;8.2;7.0;2.9257477676655586;0.3567985082518974;5.635469009740767;10.764530990259232;0.518;0.54;0.07032780389006897;0.13576796117773932;0.45635496191906444;0.5796450380809356;3.0;3.0;0.0;0.0;3.0;3.0;1.036;1.08;0.14065560778013794;0.13576796117773932;0.9127099238381289;1.1592900761618712;8.4;7.0;2.8;0.3333333333333333;5.945691787896232;10.854308212103769;0.14069768009768008;0.13417094017094017;0.020306090239801733;0.14432427191197558;0.12289860722937095;0.15849675296598922;0.40120956206095526;0.40476190476190477;0.09499743589356575;0.23677759673916474;0.3179406381172482;0.4844784860046623;2.113999778329033;2.334328358208955;0.3682409540586346;0.17419157647675015;1.7912223506222351;2.436777206035831;0.33333333333333337
0.2;0.5;2;200.0;200.0;0.0;0.0;200.0;200.0;119.0;128.0;15.84929020492716;0.13318731264644673;105.10748460501122;132.89251539498878;0.595;0.64;0.0792464510246358;0.13318731264644673;0.5255374230250561;0.6644625769749438;11.2;11.0;2.6381811916545836;0.2355518921120164;8.887532227251588;13.51246777274841;0.595;0.64;0.0792464510246358;0.13318731264644673;0.5255374230250561;0.6644625769749438;3.2;3.0;0.39999999999999997;0.12499999999999999;2.849384541128033;3.550615458871967;1.19;1.28;0.1584929020492716;0.13318731264644673;1.0510748460501123;1.3289251539498876;11.2;11.0;2.6381811916545836;0.2355518921120164;8.887532227251588;13.51246777274841;0.1701955266955267;0.1550238095238095;0.0321237153870064;0.18874594421317842;0.14203784866780741;0.198353204723246;0.35338461276661787;0.34285714285714286;0.063773644905743;0.18046525683861728;0.29748454833520543;0.4092846771980303;2.4380941671894534;2.4798761609907123;0.18591166772401213;0.07625286595813663;2.2751354054676853;2.6010529289112214;0.4
0.2;0.6;2;200.0;200.0;0.0;0.0;200.0;200.0;142.8;153.0;17.634057956125698;0.12348780081320516;127.34306669484533;158.2569333051547;0.714;0.765;0.08817028978062849;0.12348780081320518;0.6367153334742266;0.7912846665257733;19.0;20.0;3.40587727318528;0.17925669858869894;16.01461694250135;21.98538305749865;0.714;0.765;0.08817028978062849;0.12348780081320518;0.6367153334742266;0.7912846665257733;3.8;4.0;0.7483314773547882;0.19692933614599692;3.144058539197285;4.455941460802715;1.428;1.53;0.17634057956125698;0.12348780081320518;1.2734306669484532;1.5825693330515467;19.0;20.0;3.40587727318528;0.17925669858869894;16.01461694250135;21.98538305749865;0.2243824972887599;0.21770684696803622;0.04151470519943387;0.18501757356772894;0.18799325375517503;0.2607717408223447;0.2734442493941866;0.2980561555075594;0.06578594882212532;0.24058267441306055;0.21578032281019358;0.3311081759781796;2.46569908705269;2.4931662870159452;0.09716589717244416;0.039407037818466696;2.3805294229931326;2.550868751112247;0.5
0.2;0.7;2;200.0;200.0;0.0;0.0;200.0;200.0;170.0;172.0;24.698178070456937;0.14528340041445256;148.35109240631297;191.64890759368703;0.85;0.86;0.12349089035228471;0.1452834004144526;0.7417554620315648;0.9582445379684351;27.0;28.0;5.549774770204643;0.2055472137112831;22.135407930771585;31.864592069228415;0.85;0.86;0.12349089035228471;0.1452834004144526;0.7417554620315648;0.9582445379684351;4.0;4.0;1.0954451150103321;0.27386127875258304;3.039800020828994;4.960199979171006;1.7;1.72;0.24698178070456941;0.1452834004144526;1.4835109240631297;1.9164890759368702;27.0;28.0;5.549774770204643;0.2055472137112831;22.135407930771585;31.864592069228415;0.28300253485265514;0.2719590390002154;0.0622844954580118;0.2200845850742649;0.22840776746360575;0.33759730224170453;0.22499486832902874;0.22660098522167488;0.05783737518325088;0.2570608637112135;0.17429817372946468;0.2756915629285928;2.6179461374222726;2.4476439790575917;0.43982102316692007;0.1680023194059998;2.2324260127742535;3.0034662620702917;0.6666666666666666
0.2;0.8;2;200.0;200.0;0.0;0.0;200.0;200.0;213.2;219.0;35.74017347467693;0.16763683618516384;181.8723566925311;244.52764330746888;1.066;1.095;0.17870086737338461;0.16763683618516378;0.9093617834626557;1.2226382165373444;43.4;44.0;11.412274094149685;0.26295562428916325;33.396700704267616;53.40329929573238;1.066;1.095;0.17870086737338461;0.16763683618516378;0.9093617834626557;1.2226382165373444;4.8;5.0;1.16619037896906;0.2429563289518875;3.7777890628642243;5.822210937135775;2.132;2.19;0.35740173474676923;0.16763683618516378;1.8187235669253115;2.445276433074689;43.4;44.0;11.412274094149685;0.26295562428916325;33.396700704267616;53.40329929573238;0.3481751834500721;0.3466372948756669;0.07818381824560046;0.22455310418989677;0.2796440451737129;0.4167063217264313;0.17625493790685692;0.15783540022547915;0.06142199039590754;0.34848379923611783;0.12241618953813024;0.2300936862755836;3.1411001536189076;3.143170197224251;0.43544223714264707;0.1386273012151388;2.759418204148895;3.5227821030889204;1.0000000000000002
0.2;0.9;2;200.0;200.0;0.0;0.0;200.0;200.0;276.0;302.0;51.23670559276816;0.1856402376549571;231.08904739375927;320.9109526062407;1.38;1.51;0.2561835279638408;0.18564023765495713;1.1554452369687964;1.6045547630312034;70.4;78.0;22.80877024304467;0.3239882136796118;50.407231387324074;90.39276861267594;1.38;1.51;0.2561835279638408;0.18564023765495713;1.1554452369687964;1.6045547630312034;5.2;5.0;0.7483314773547882;0.14390989949130542;4.544058539197285;5.855941460802716;2.76;3.02;0.5123670559276816;0.18564023765495713;2.310890473937593;3.2091095260624067;70.4;78.0;22.80877024304467;0.3239882136796118;50.407231387324074;90.39276861267594;0.444005140487432;0.47748364467940185;0.08272605757459427;0.18631779236559518;0.37149255389446917;0.5165177270803948;0.12856322003190215;0.11386399578281498;0.05039767592925802;0.39200695126298296;0.08438770935185844;0.17273873071194587;3.2372309284564906;3.3291716507177034;0.6462279790561355;0.1996236886826781;2.6707871299248134;3.803674726988168;2.0000000000000004
0.2;1.0;2;200.0;200.0;0.0;0.0;200.0;200.0;375.4;405.0;70.55664391111584;0.1879505698218323;313.5543747965953;437.24562520340464;1.877;2.025;0.35278321955557923;0.1879505698218323;1.5677718739829767;2.1862281260170233;119.2;137.0;37.300938325999255;0.3129273349496582;86.50428598118708;151.89571401881292;1.877;2.025;0.35278321955557923;0.1879505698218323;1.5677718739829767;2.1862281260170233;5.6;5.0;0.8;0.14285714285714288;4.898769082256066;6.301230917743934;3.754;4.05;0.7055664391111585;0.1879505698218323;3.1355437479659534;4.372456252034047;119.2;137.0;37.300938325999255;0.3129273349496582;86.50428598118708;151.89571401881292;0.5577709970928484;0.5959318570987616;0.10044470085496311;0.18008233016504938;0.4697273348890475;0.6458146592966493;0.09078769150477509;0.0877584110255371;0.03236990009370609;0.3565450289261244;0.06241422306728887;0.11916115994226131;2.8779299273477994;2.76078914919852;0.581956115964095;0.20221344183331302;2.3678229007425524;3.3880369539530464;nan
0.4;0.0;2;200.0;200.0;0.0;0.0;200.0;200.0;124.8;128.0;12.796874618437114;0.10253905944260508;113.5830448338241;136.01695516617588;0.624;0.64;0.06398437309218558;0.1025390594426051;0.5679152241691205;0.6800847758308795;5.0;5.0;0.8944271909999159;0.17888543819998318;4.216;5.784;0.624;0.64;0.06398437309218558;0.1025390594426051;0.5679152241691205;0.6800847758308795;3.8;4.0;0.7483314773547882;0.19692933614599692;3.144058539197285;4.455941460802715;1.248;1.28;0.12796874618437115;0.1025390594426051;1.135830448338241;1.360169551661759;5.8;6.0;1.16619037896906;0.20106730671880346;4.777789062864224;6.822210937135775;0.17226666666666665;0.16145238095238093;0.02892164486937272;0.1678888053562658;0.14691572719864868;0.19761760613468463;0.4811158251639435;0.45652173913043476;0.06404097069162949;0.13310925839907073;0.42498143934981386;0.5372502109780732;2.4189600799405557;2.434017595307918;0.5094870324714195;0.21062234002800895;1.972375005742347;2.8655451541387644;nan
0.4;0.1;2;200.0;200.0;0.0;0.0;200.0;200.0;137.6;146.0;14.008568806269967;0.1018064593478922;125.32094804962533;149.87905195037467;0.688;0.73;0.0700428440313498;0.10180645934789216;0.6266047402481266;0.7493952597518733;5.8;6.0;1.16619037896906;0.20106730671880346;4.777789062864224;6.822210937135775;0.688;0.73;0.0700428440313498;0.10180645934789216;0.6266047402481266;0.7493952597518733;4.0;4.0;0.6324555320336759;0.15811388300841897;3.4456282835497465;4.5543717164502535;1.376;1.46;0.1400856880626996;0.10180645934789216;1.2532094804962532;1.4987905195037465;6.4;7.0;1.3564659966250536;0.21194781197266463;5.211005130372717;7.5889948696272835;0.20322619047619045;0.21854761904761905;0.0336173023289052;0.16541815919559708;0.17375932577097358;0.23269305518140732;0.4778641858539897;0.46632124352331605;0.038493382113008075;0.08055297562050327;0.44412324877127396;0.5116051229367055;2.66919435264451;2.6514423076923075;0.5973031452619748;0.2237765656405632;2.145635061740269;3.1927536435487514;0.4444444444444445
0.4;0.2;2;200.0;200.0;0.0;0.0;200.0;200.0;154.0;159.0;13.446189051177289;0.08731291591673564;142.21389563935566;165.78610436064434;0.77;0.795;0.06723094525588644;0.08731291591673564;0.7110694781967782;0.8289305218032218;8.0;7.0;1.7888543819998317;0.22360679774997896;6.432;9.568;0.77;0.795;0.06723094525588644;0.08731291591673564;0.7110694781967782;0.8289305218032218;4.2;4.0;0.7483314773547882;0.17817416127494956;3.544058539197285;4.855941460802716;1.54;1.59;0.13446189051177287;0.08731291591673564;1.4221389563935565;1.6578610436064436;8.4;8.0;1.4966629547095764;0.17817416127494956;7.08811707839457;9.711882921605431;0.2248397546897547;0.22269444444444442;0.028668002670664047;0.12750415383712552;0.19971114241146057;0.24996836696804883;0.44896364350356455;0.42290748898678415;0.055392474123684775;0.1233785294760621;0.4004099991712413;0.4975172878358878;2.788597615913833;2.682451253481894;0.42009043056190065;0.1506457683835592;2.4203721182158757;3.1568231136117904;0.5
0.4;0.3;2;200.0;200.0;0.0;0.0;200.0;200.0;172.8;176.0;11.443775600735973;0.06622555324499985;162.76908841630035;182.83091158369967;0.8640000000000001;0.88;0.05721887800367987;0.06622555324499985;0.8138454420815018;0.9141545579184984;10.2;9.0;2.481934729198171;0.2433269342351148;8.02448829007978;12.375511709920218;0.8640000000000001;0.88;0.05721887800367987;0.06622555324499985;0.8138454420815018;0.9141545579184984;4.4;4.0;0.48989794855663565;0.11134044285378082;3.97058551491595;4.829414485084051;1.7280000000000002;1.76;0.11443775600735974;0.06622555324499985;1.6276908841630036;1.8283091158369968;10.4;9.0;2.244994432064365;0.21586484923695815;8.432175617591854;12.367824382408147;0.2526978354978355;0.2595952380952381;0.023121078369415068;0.09149693872076366;0.23243131674256753;0.2729643542531034;0.4284847888322611;0.43617021276595747;0.0630814848621823;0.14721989322910786;0.37319142942906336;0.48377814823545884;3.059487917109736;3.1068408916218293;0.4617025529420706;0.15090844136368933;2.654787785954379;3.464188048265093;0.5714285714285715
0.4;0.4;2;200.0;200.0;0.0;0.0;200.0;200.0;201.0;212.0;18.72965562950905;0.09318236631596542;184.5827329923644;217.4172670076356;1.0050000000000001;1.06;0.09364827814754523;0.0931823663159654;0.9229136649618221;1.087086335038178;15.4;18.0;3.826225293941798;0.24845618791829857;12.046165657042675;18.753834342957326;1.0050000000000001;1.06;0.09364827814754523;0.0931823663159654;0.9229136649618221;1.087086335038178;4.8;5.0;0.7483314773547882;0.15590239111558088;4.144058539197284;5.455941460802715;2.0100000000000002;2.12;0.18729655629509046;0.0931823663159654;1.8458273299236443;2.174172670076356;15.4;18.0;3.826225293941798;0.24845618791829857;12.046165657042675;18.753834342957326;0.2943822943224646;0.2882799707602338;0.028276254937197414;0.09605283837561158;0.2695970640724991;0.3191675245724301;0.380958224701088;0.3805418719211823;0.06434322116181407;0.16889836467581143;0.32455890466871323;0.4373575447334627;3.525622375015088;3.1565349544072947;0.7360925903604799;0.20878373009455664;2.880408771661352;4.1708359783688245;0.6666666666666667
0.4;0.5;2;200.0;200.0;0.0;0.0;200.0;200.0;233.4;245.0;25.00079998720041;0.10711568117909344;211.48583260080366;255.31416739919635;1.1670000000000003;1.225;0.12500399993600203;0.10711568117909341;1.0574291630040185;1.276570836995982;23.2;25.0;3.709447398198282;0.15988997406027078;19.948525995798214;26.451474004201785;1.1670000000000003;1.225;0.12500399993600203;0.10711568117909341;1.0574291630040185;1.276570836995982;5.0;5.0;0.8944271909999159;0.17888543819998318;4.216;5.784;2.3340000000000005;2.45;0.25000799987200406;0.10711568117909341;2.114858326008037;2.553141673991964;23.2;25.0;3.709447398198282;0.15988997406027078;19.948525995798214;26.451474004201785;0.3532828165842872;0.3531030728530728;0.034634753876998915;0.0980369048567514;0.32292411627553314;0.3836415168930412;0.33734101210084766;0.3172080165860401;0.040706316124366704;0.12066815081528719;0.3016603528335172;0.3730216713681781;3.474409287376101;3.579969781998705;0.3960416724750119;0.11398820338006446;3.1272634555579826;3.82155511919422;0.8
0.4;0.6;2;200.0;200.0;0.0;0.0;200.0;200.0;275.4;279.0;34.94910585408445;0.1269030713655935;244.76575803451306;306.0342419654869;1.377;1.395;0.17474552927042225;0.1269030713655935;1.2238287901725653;1.5301712098274347;34.8;34.0;8.423775875461075;0.24206252515692747;27.416234889976522;42.18376511002347;1.377;1.395;0.17474552927042225;0.1269030713655935;1.2238287901725653;1.5301712098274347;5.0;5.0;0.8944271909999159;0.17888543819998318;4.216;5.784;2.754;2.79;0.3494910585408445;0.1269030713655935;2.4476575803451306;3.0603424196548694;34.8;34.0;8.423775875461075;0.24206252515692747;27.416234889976522;42.18376511002347;0.4276188813498484;0.43359050589932946;0.05709775348647743;0.13352486519360207;0.377570493751799;0.47766726894789774;0.2847674570263635;0.2579766536964981;0.06118982642977437;0.21487647173149238;0.23113220934643514;0.3384027047062919;4.02473036506187;4.119760479041916;0.3447588663144187;0.08566011509919345;3.7225358947793477;4.326924835344393;1.0
0.4;0.7;2;200.0;200.0;0.0;0.0;200.0;200.0;343.4;365.0;48.81639069001312;0.14215605908565265;300.61054694436956;386.1894530556304;1.717;1.825;0.2440819534500657;0.1421560590856527;1.5030527347218479;1.9309472652781523;53.6;60.0;14.249210504445502;0.2658434795605504;41.11001630105147;66.08998369894853;1.717;1.825;0.2440819534500657;0.1421560590856527;1.5030527347218479;1.9309472652781523;5.4;5.0;0.48989794855663565;0.09072184232530289;4.97058551491595;5.829414485084051;3.434;3.65;0.4881639069001314;0.1421560590856527;3.0061054694436957;3.8618945305563046;53.6;60.0;14.249210504445502;0.2658434795605504;41.11001630105147;66.08998369894853;0.5096762659558316;0.5151862363530738;0.07450538907203377;0.1461817903808187;0.44436941301101773;0.5749831189006455;0.2369721669586899;0.22418300653594772;0.06402388278202051;0.2701746943689866;0.180852759357732;0.29309157455964774;3.644597020733813;3.715959741193386;0.31300111447992374;0.08588085670357685;3.370239447281774;3.918954594185852;1.3333333333333333
0.4;0.8;2;200.0;200.0;0.0;0.0;200.0;200.0;434.6;474.0;66.5480277694238;0.15312477627571053;376.2680817664977;492.93191823350236;2.173;2.37;0.33274013884711895;0.1531247762757105;1.8813404088324885;2.4646595911675115;86.4;97.0;24.72731283419207;0.2861957503957415;64.72555465992268;108.07444534007733;2.173;2.37;0.33274013884711895;0.1531247762757105;1.8813404088324885;2.4646595911675115;6.4;6.0;1.0198039027185568;0.1593443597997745;5.506102466722276;7.2938975332777245;4.346;4.74;0.6654802776942379;0.1531247762757105;3.762680817664977;4.929319182335023;86.4;97.0;24.72731283419207;0.2861957503957415;64.72555465992268;108.07444534007733;0.6212422960731826;0.6527280111707588;0.07593027547572997;0.12222328704223538;0.5546864751276878;0.6877981170186774;0.18114064595042495;0.16203891366031617;0.053933860683346935;0.2977457676622601;0.1338655326698539;0.228415759230996;3.2589520094469266;3.1813233102196876;0.5825376360770176;0.17874998907267722;2.7483352579885905;3.769568760905263;2.0000000000000004
0.4;0.9;2;200.0;200.0;0.0;0.0;200.0;200.0;569.2;629.0;104.24663064099481;0.18314587252458678;477.82379940487795;660.5762005951221;2.8459999999999996;3.145;0.5212331532049741;0.18314587252458683;2.389118997024389;3.30288100297561;140.0;161.0;34.57744929863971;0.2469817807045694;109.69152936883816;170.30847063116184;2.8459999999999996;3.145;0.5212331532049741;0.18314587252458683;2.389118997024389;3.30288100297561;7.2;7.0;0.7483314773547882;0.10393492741038725;6.544058539197285;7.855941460802716;5.691999999999999;6.29;1.0424663064099482;0.18314587252458683;4.778237994048778;6.60576200595122;140.0;161.0;34.57744929863971;0.2469817807045694;109.69152936883816;170.30847063116184;0.7186349111587811;0.7589786226082558;0.08361908191065526;0.11635822392182638;0.6453395542223886;0.7919302680951735;0.1343155835714364;0.127662261133092;0.03501208083563531;0.2606702804296269;0.1036261416008147;0.16500502554205806;2.654167961274133;2.289237553196944;0.7364344328262961;0.2774633872352113;2.0086547197878617;3.299681202760404;4.000000000000001
0.4;1.0;2;200.0;200.0;0.0;0.0;200.0;200.0;706.8;775.0;136.6021961756106;0.193268528827972;587.0628957624245;826.5371042375754;3.5340000000000003;3.875;0.6830109808780529;0.19326852882797194;2.9353144788121233;4.132685521187877;181.4;197.0;24.63818175109519;0.13582239113062397;159.8036814989221;202.99631850107792;3.5340000000000003;3.875;0.6830109808780529;0.19326852882797194;2.9353144788121233;4.132685521187877;8.2;8.0;1.16619037896906;0.14221833889866586;7.177789062864224;9.222210937135774;7.0680000000000005;7.75;1.3660219617561058;0.19326852882797194;5.8706289576242465;8.265371042375754;181.4;197.0;24.63818175109519;0.13582239113062397;159.8036814989221;202.99631850107792;0.7800469876961078;0.8080086227340317;0.06247329498997415;0.08008914331493146;0.725286730220724;0.8348072451714916;0.1135388726738108;0.11590571946596341;0.01865884714944135;0.16433884457393644;0.09718367203550261;0.12989407331211897;2.1597803317721906;1.9718090452261308;0.3643059115447877;0.16867729842037193;1.8404521209070757;2.4791085426373054;nan
0.6;0.0;2;200.0;200.0;0.0;0.0;200.0;200.0;187.8;194.0;11.196428001822724;0.05961889244847031;177.98589814603497;197.61410185396505;0.9390000000000001;0.97;0.05598214000911362;0.0596188924484703;0.8899294907301749;0.9880705092698252;7.0;7.0;1.4142135623730951;0.20203050891044216;5.760387157213995;8.239612842786006;0.9390000000000001;0.97;0.05598214000911362;0.0596188924484703;0.8899294907301749;0.9880705092698252;4.2;4.0;0.39999999999999997;0.09523809523809523;3.849384541128033;4.550615458871967;1.8780000000000001;1.94;0.11196428001822724;0.0596188924484703;1.7798589814603498;1.9761410185396504;8.0;8.0;1.0954451150103321;0.13693063937629152;7.039800020828994;8.960199979171005;0.2706920634920635;0.2902738095238095;0.036476327378968665;0.13475211244986549;0.2387191528372105;0.30266497414691645;0.4746539713374226;0.49303621169916434;0.04462548751175328;0.09401688431261403;0.4355380068841261;0.5137699357907192;4.149957530602952;3.945994599459946;1.6206141133095882;0.39051342124798255;2.7294266281218844;5.57048843308402;nan
0.6;0.1;2;200.0;200.0;0.0;0.0;200.0;200.0;209.4;211.0;15.551205741035002;0.07426554795145655;195.76876715773662;223.0312328422634;1.0470000000000002;1.055;0.07775602870517502;0.07426554795145655;0.9788438357886832;1.115156164211317;8.6;8.0;1.624807680927192;0.1889311256892084;7.175793273432539;10.02420672656746;1.0470000000000002;1.055;0.07775602870517502;0.07426554795145655;0.9788438357886832;1.115156164211317;4.4;4.0;0.48989794855663565;0.11134044285378082;3.97058551491595;4.829414485084051;2.0940000000000003;2.11;0.15551205741035004;0.07426554795145655;1.9576876715773663;2.230312328422634;9.2;8.0;1.6;0.1739130434782609;7.797538164512131;10.602461835487867;0.30437106782106776;0.31914285714285706;0.03577003108557263;0.11752112755539876;0.2730172531637363;0.3357248824783992;0.47678958540996047;0.4949238578680203;0.05669687958702703;0.11891383814157153;0.4270925792774251;0.5264865915424958;3.7392216425608735;4.107733333333333;0.9779815550571529;0.2615468267313955;2.881983013324165;4.596460271797582;0.6666666666666666
0.6;0.2;2;200.0;200.0;0.0;0.0;200.0;200.0;229.4;233.0;19.08507270093567;0.08319560898402645;212.6711961933915;246.12880380660852;1.147;1.165;0.0954253635046784;0.0831956089840265;1.0633559809669573;1.2306440190330428;11.0;11.0;2.449489742783178;0.22268088570756162;8.852927574579748;13.147072425420252;1.147;1.165;0.0954253635046784;0.0831956089840265;1.0633559809669573;1.2306440190330428;4.8;5.0;0.7483314773547882;0.15590239111558088;4.144058539197284;5.455941460802715;2.294;2.33;0.1908507270093568;0.0831956089840265;2.1267119619339145;2.4612880380660855;11.4;11.0;1.8547236990991407;0.16269506132448602;9.774262997899108;13.025737002100893;0.33177673437673433;0.3542103174603175;0.030722237487476368;0.09259913159730813;0.30484750589112164;0.358705962862347;0.45536587870026884;0.45161290322580644;0.05049808086084473;0.11089561871649062;0.4111023592173219;0.4996293981832158;3.8686653342598474;3.8316008316008316;0.9377438566106812;0.24239466988945174;3.046696602785042;4.690634065734653;0.7499999999999999
0.6;0.3;2;200.0;200.0;0.0;0.0;200.0;200.0;260.6;271.0;23.896443249990156;0.09169778683802822;239.653843961242;281.54615603875806;1.303;1.355;0.11948221624995078;0.09169778683802823;1.1982692198062097;1.4077307801937902;15.2;17.0;3.1874754901018454;0.2097023348751214;12.406054545986983;17.993945454013016;1.303;1.355;0.11948221624995078;0.09169778683802823;1.1982692198062097;1.4077307801937902;5.2;5.0;0.7483314773547882;0.14390989949130542;4.544058539197285;5.855941460802716;2.606;2.71;0.23896443249990157;0.09169778683802823;2.3965384396124194;2.8154615603875803;15.4;17.0;3.3823069050575527;0.21963031851023068;12.43527728109356;18.364722718906442;0.3809986409187648;0.3834841269841269;0.03598329681547566;0.09444468549468629;0.34945789060705434;0.4125393912304752;0.4371741883806745;0.4369369369369369;0.04626902157894518;0.10583658141009891;0.3966176027995275;0.4777307739618215;4.506573217210846;4.337910169885967;1.2814930137994085;0.2843608551405129;3.383295064524597;5.629851369897095;0.8571428571428572
0.6;0.4;2;200.0;200.0;0.0;0.0;200.0;200.0;293.4;311.0;30.86486675817668;0.10519722821464446;266.3457514463994;320.45424855360056;1.4669999999999999;1.555;0.15432433379088345;0.10519722821464449;1.331728757231997;1.6022712427680028;22.2;23.0;3.867815921162743;0.17422594239471817;18.80970986492306;25.590290135076938;1.4669999999999999;1.555;0.15432433379088345;0.10519722821464449;1.331728757231997;1.6022712427680028;5.6;6.0;0.48989794855663565;0.08748177652797066;5.170585514915949;6.02941448508405;2.9339999999999997;3.11;0.3086486675817669;0.10519722821464449;2.663457514463994;3.2045424855360056;22.4;23.0;4.029888335921977;0.17990572928223114;18.86764712974482;25.932352870255176;0.42485796504677387;0.426802745500114;0.04039746175895825;0.09508462846991883;0.38944802856707417;0.46026790152647357;0.399904862897782;0.3995560488346282;0.042754306544320025;0.10691119441387807;0.36242906087830823;0.43738066491725575;4.205644273035885;4.11949069539667;0.5714675229275615;0.1358810888004663;3.7047309035817015;4.706557642490068;1.0
0.6;0.5;2;200.0;200.0;0.0;0.0;200.0;200.0;350.4;367.0;41.02487050558478;0.11708010989036753;314.4401155063034;386.35988449369654;1.752;1.835;0.20512435252792394;0.11708010989036755;1.572200577531517;1.931799422468483;32.8;34.0;6.794115100585211;0.2071376555056467;26.844695540948386;38.75530445905161;1.752;1.835;0.20512435252792394;0.11708010989036755;1.572200577531517;1.931799422468483;5.8;6.0;0.39999999999999997;0.06896551724137931;5.449384541128033;6.150615458871966;3.504;3.67;0.4102487050558479;0.11708010989036755;3.144401155063034;3.863598844936966;32.8;34.0;6.794115100585211;0.2071376555056467;26.844695540948386;38.75530445905161;0.4966124906408963;0.48938498580603834;0.050156162359676244;0.1009965784286817;0.4526486759384094;0.5405763053433832;0.34496433659945;0.3131067961165049;0.05980180094504413;0.17335647369972063;0.29254574690015833;0.3973829262987417;4.277010882198109;4.185900783289817;0.45303165693146136;0.10592249339768622;3.8799111265017294;4.674110637894489;1.2
0.6;0.6;2;200.0;200.0;0.0;0.0;200.0;200.0;418.6;444.0;58.85779472593243;0.1406062941374401;367.00886823493795;470.1911317650621;2.093;2.22;0.29428897362966216;0.1406062941374401;1.8350443411746895;2.3509556588253107;51.6;56.0;12.026637102698327;0.23307436245539392;41.05818778387701;62.14181221612299;2.093;2.22;0.29428897362966216;0.1406062941374401;1.8350443411746895;2.3509556588253107;6.0;6.0;0.0;0.0;6.0;6.0;4.186;4.44;0.5885779472593243;0.1406062941374401;3.670088682349379;4.701911317650621;51.6;56.0;12.026637102698327;0.23307436245539392;41.05818778387701;62.14181221612299;0.5730034980869813;0.581458280861725;0.058630343951647304;0.10232109253676369;0.521611735715911;0.6243952604580515;0.2942917223901395;0.26574585635359116;0.0627609955402656;0.21326116490991204;0.23927928426361028;0.34930416051666874;3.8353746208538184;3.5641115716995713;0.40755383348809193;0.1062618058929961;3.478137934995177;4.19261130671246;1.4999999999999998
0.6;0.7;2;200.0;200.0;0.0;0.0;200.0;200.0;509.6;567.0;78.70857640689482;0.1544516805472818;440.6088909148433;578.5911090851567;2.5479999999999996;2.835;0.3935428820344742;0.1544516805472819;2.203044454574216;2.8929555454257834;78.0;89.0;20.059910268991732;0.2571783367819453;60.41671339026745;95.58328660973255;2.5479999999999996;2.835;0.3935428820344742;0.1544516805472819;2.203044454574216;2.8929555454257834;7.2;7.0;0.7483314773547882;0.10393492741038725;6.544058539197285;7.855941460802716;5.095999999999999;5.67;0.7870857640689484;0.1544516805472819;4.406088909148432;5.785911090851567;78.0;89.0;20.059910268991732;0.2571783367819453;60.41671339026745;95.58328660973255;0.6448670280434006;0.66919673407856;0.053188525940832655;0.0824798347997612;0.5982452294697291;0.691488826617072;0.23917191312427694;0.21026426656453467;0.06299149931050345;0.26337331372924305;0.18395742953481353;0.29438639671374034;3.375873971853138;2.9923639664655313;0.8106585410098064;0.24013293972725142;2.6653004309915564;4.086447512714719;1.9999999999999996
0.6;0.8;2;200.0;200.0;0.0;0.0;200.0;200.0;644.4;714.0;102.72409649152432;0.1594104538974617;554.35835942854;734.44164057146;3.222;3.57;0.5136204824576216;0.1594104538974617;2.7717917971426997;3.6722082028573;129.0;148.0;30.744105126023754;0.23832639632576555;102.05160368407797;155.94839631592203;3.222;3.57;0.5136204824576216;0.1594104538974617;2.7717917971426997;3.6722082028573;8.0;8.0;0.8944271909999159;0.11180339887498948;7.216;8.784;6.444;7.14;1.0272409649152432;0.1594104538974617;5.5435835942853995;7.3444164057146;129.0;148.0;30.744105126023754;0.23832639632576555;102.05160368407797;155.94839631592203;0.7201862603611588;0.7452789672719738;0.0608713771410937;0.08452171402238072;0.666830145789926;0.7735423749323916;0.1819390554612353;0.16708901709171295;0.04793949372390954;0.2634920446430686;0.13991823648598947;0.2239598744364811;2.705875592099823;2.4087939698492464;0.5732937041852267;0.2118699417885422;2.2033615041965406;3.2083896800031058;3.0000000000000004
0.6;0.9;2;200.0;200.0;0.0;0.0;200.0;200.0;803.6;889.0;141.14049737761306;0.17563526303834376;679.8848993663264;927.3151006336736;4.018;4.445;0.7057024868880651;0.17563526303834376;3.3994244968316316;4.636575503168368;175.6;188.0;25.74956310308973;0.14663760309276613;153.0295127921438;198.17048720785618;4.018;4.445;0.7057024868880651;0.17563526303834376;3.3994244968316316;4.636575503168368;9.2;10.0;1.469693845669907;0.15974933105107686;7.911756544747849;10.48824345525215;8.036;8.89;1.4114049737761303;0.17563526303834376;6.798848993663263;9.273151006336736;175.6;188.0;25.74956310308973;0.14663760309276613;153.0295127921438;198.17048720785618;0.7752088901283998;0.7917185727970057;0.052793325362396316;0.06810206388842113;0.7289335001351157;0.8214842801216838;0.14971943258166498;0.14988334111059262;0.027897300597490102;0.1863305258138313;0.1252663704559695;0.17417249470736046;2.1867567916757875;2.025427135678392;0.3673163440466487;0.16797311225687858;1.864789820378065;2.50872376297351;6.000000000000001
0.6;1.0;2;200.0;200.0;0.0;0.0;200.0;200.0;959.0;1053.0;179.48816116947657;0.18716179475440728;801.671690023696;1116.328309976304;4.795;5.265;0.897440805847383;0.18716179475440728;4.00835845011848;5.58164154988152;196.8;199.0;4.3999999999999995;0.02235772357723577;192.9432299524084;200.65677004759164;4.795;5.265;0.897440805847383;0.18716179475440728;4.00835845011848;5.58164154988152;11.0;11.0;1.4142135623730951;0.128564869306645;9.760387157213994;12.239612842786006;9.59;10.53;1.794881611694766;0.18716179475440728;8.01671690023696;11.16328309976304;196.8;199.0;4.3999999999999995;0.02235772357723577;192.9432299524084;200.65677004759164;0.8019509045312881;0.8027016605646443;0.015644778154200303;0.019508398912953556;0.7882376518525754;0.8156641572100009;0.1435112204957616;0.1518871695312054;0.016331105743507542;0.11379671698903751;0.1291963751603953;0.15782606583112788;1.9763517587939698;1.9470854271356783;0.054354873390585125;0.027502631122586257;1.9287076116045507;2.023995905983389;nan
0.8;0.0;2;200.0;200.0;0.0;0.0;200.0;200.0;245.0;245.0;19.00526242912736;0.07757249971072391;228.34115298107338;261.6588470189266;1.225;1.225;0.09502631214563678;0.0775724997107239;1.141705764905367;1.3082942350946332;8.6;8.0;1.2;0.13953488372093023;7.548153623384099;9.6518463766159;1.225;1.225;0.09502631214563678;0.0775724997107239;1.141705764905367;1.3082942350946332;5.0;5.0;0.8944271909999159;0.17888543819998318;4.216;5.784;2.45;2.45;0.19005262429127356;0.0775724997107239;2.283411529810734;2.6165884701892663;9.0;8.0;1.2649110640673518;0.1405456737852613;7.891256567099493;10.108743432900507;0.3510106060606061;0.3631428571428571;0.04363224945054886;0.1243046469171796;0.31276525315380527;0.3892559589674069;0.47609985218247164;0.4871287128712871;0.05260516816272009;0.11049188089761988;0.4299893892464489;0.5222103151184944;4.390114506681842;4.189670932358318;1.2653560580626861;0.2882284860991186;3.2809810193466618;5.499247994017022;nan
0.8;0.1;2;200.0;200.0;0.0;0.0;200.0;200.0;271.2;269.0;22.247696509976038;0.08203427916657831;251.69903419827622;290.7009658017238;1.356;1.345;0.11123848254988022;0.08203427916657834;1.2584951709913812;1.453504829008619;10.8;12.0;1.9390719429665317;0.179543698422827;9.100328502327583;12.499671497672418;1.356;1.345;0.11123848254988022;0.08203427916657834;1.2584951709913812;1.453504829008619;5.6;5.0;0.8;0.14285714285714288;4.898769082256066;6.301230917743934;2.712;2.69;0.22247696509976045;0.08203427916657834;2.5169903419827624;2.907009658017238;11.4;12.0;1.7435595774162693;0.1529438225803745;9.871702646733954;12.928297353266046;0.3692747641247641;0.37761904761904747;0.03598639711985909;0.09745154723787362;0.33773129627644355;0.4008182319730847;0.4649705060585395;0.45454545454545453;0.040294585641847645;0.08666051957449228;0.42965074447135904;0.5002902676457199;4.939595612174625;5.082842174197774;1.1919527114779505;0.2413057272421539;3.8948029949533085;5.984388229395942;0.888888888888889
0.8;0.2;2;200.0;200.0;0.0;0.0;200.0;200.0;301.4;308.0;23.77057003944163;0.07886718659403329;280.5641766949323;322.23582330506764;1.5070000000000001;1.54;0.11885285019720818;0.07886718659403329;1.4028208834746618;1.6111791165253384;13.4;15.0;2.8705400188814645;0.21421940439413914;10.883860735173826;15.916139264826175;1.5070000000000001;1.54;0.11885285019720818;0.07886718659403329;1.4028208834746618;1.6111791165253384;6.0;6.0;0.8944271909999159;0.14907119849998599;5.216;6.784;3.0140000000000002;3.08;0.23770570039441635;0.07886718659403329;2.8056417669493237;3.222358233050677;13.8;15.0;2.7856776554368237;0.20186069966933504;11.358245876424082;16.24175412357592;0.4054419422081187;0.40533549783549766;0.042565575684368716;0.10498562495174524;0.36813157008130776;0.4427523143349296;0.45584283149841304;0.4361078546307151;0.04049493689913187;0.08883530484842744;0.4203474542912119;0.4913382087056142;5.006454285111834;4.672263757813457;0.9037286780802494;0.18051271950445102;4.2143011722096775;5.798607398013991;1.0
0.8;0.3;2;200.0;200.0;0.0;0.0;200.0;200.0;341.0;348.0;34.61791443747009;0.10151881066706772;310.65606011078984;371.34393988921016;1.705;1.74;0.17308957218735047;0.10151881066706772;1.5532803005539493;1.8567196994460509;20.2;22.0;4.874423042781577;0.24130807142483054;15.92737982029762;24.47262017970238;1.705;1.74;0.17308957218735047;0.10151881066706772;1.5532803005539493;1.8567196994460509;6.4;6.0;1.0198039027185568;0.1593443597997745;5.506102466722276;7.2938975332777245;3.41;3.48;0.34617914437470093;0.10151881066706772;3.1065606011078986;3.7134393988921017;20.2;22.0;4.874423042781577;0.24130807142483054;15.92737982029762;24.47262017970238;0.4544201249335461;0.44708483183483183;0.044961557487394395;0.09894270746474866;0.41500958215844336;0.49383066770864886;0.42418975787709334;0.4176470588235294;0.046610394361075946;0.1098809989999359;0.38333394585931335;0.46504556989487333;5.032144333898354;4.851389242926332;0.4934413559989493;0.09805787021547631;4.599623915248411;5.464664752548297;1.142857142857143
0.8;0.4;2;200.0;200.0;0.0;0.0;200.0;200.0;394.6;409.0;43.55502267247717;0.11037765502401715;356.42233934877623;432.7776606512238;1.973;2.045;0.2177751133623858;0.11037765502401713;1.7821116967438813;2.163888303256119;28.2;29.0;4.955804677345547;0.17573775451579957;23.856045672431627;32.54395432756837;1.973;2.045;0.2177751133623858;0.11037765502401713;1.7821116967438813;2.163888303256119;6.4;6.0;1.0198039027185568;0.1593443597997745;5.506102466722276;7.2938975332777245;3.946;4.09;0.4355502267247716;0.11037765502401713;3.5642233934877625;4.327776606512238;28.2;29.0;4.955804677345547;0.17573775451579957;23.856045672431627;32.54395432756837;0.5143164592454548;0.49545182812829885;0.04815809815933607;0.09363514873700138;0.47210402503411264;0.5565288934567969;0.3971695548687594;0.3695121951219512;0.04635548906836681;0.11671460840870472;0.35653717719140965;0.4378019325461091;4.736187378779452;4.5461982370473715;0.5066428764974108;0.10697272636792848;4.29209531721107;5.180279440347835;1.3333333333333335
0.8;0.5;2;200.0;200.0;0.0;0.0;200.0;200.0;466.0;487.0;59.484451750016156;0.12764903809016342;413.8595791348018;518.1404208651983;2.33;2.435;0.29742225875008077;0.12764903809016342;2.069297895674009;2.5907021043259912;43.0;42.0;9.444575162494075;0.21964128284869944;34.721464863878396;51.278535136121604;2.33;2.435;0.29742225875008077;0.12764903809016342;2.069297895674009;2.5907021043259912;7.0;7.0;1.0954451150103321;0.15649215928719032;6.039800020828994;7.960199979171006;4.66;4.87;0.5948445175001615;0.12764903809016342;4.138595791348018;5.1814042086519825;43.0;42.0;9.444575162494075;0.21964128284869944;34.721464863878396;51.278535136121604;0.5809386706230139;0.5790512427385566;0.04227810727507566;0.07277550869480853;0.5438802756667916;0.6179970655792361;0.3527292629728258;0.32643235435724605;0.05687174805799368;0.16123342752646827;0.30287897786731494;0.4025795480783367;4.191589632057207;3.947870658160205;0.6556120392426881;0.1564113133185983;3.6169203421045544;4.76625892200986;1.6
0.8;0.6;2;200.0;200.0;0.0;0.0;200.0;200.0;551.6;598.0;78.45661221337562;0.14223461242453883;482.8297472681684;620.3702527318317;2.758;2.99;0.3922830610668781;0.14223461242453883;2.4141487363408416;3.1018512636591584;65.2;74.0;13.81882773609976;0.21194521067637667;53.0872634305868;77.3127365694132;2.758;2.99;0.3922830610668781;0.14223461242453883;2.4141487363408416;3.1018512636591584;7.8;8.0;1.16619037896906;0.14951158704731538;6.777789062864224;8.822210937135775;5.516;5.98;0.7845661221337562;0.14223461242453883;4.828297472681683;6.203702527318317;65.2;74.0;13.81882773609976;0.21194521067637667;53.0872634305868;77.3127365694132;0.640944708539595;0.650825611816775;0.031996622565824084;0.049921033966766046;0.612898432281421;0.6689909847977689;0.3001080984155435;0.2766855378281009;0.05417452632252316;0.18051670917427434;0.2526220324011862;0.34759416442990076;3.570753847999679;3.377473266312352;0.6696757927159963;0.187544653376526;2.9837571346032608;4.157750561396098;2.0
0.8;0.7;2;200.0;200.0;0.0;0.0;200.0;200.0;681.8;744.0;98.86637446574038;0.1450078827599595;595.1398018742168;768.4601981257831;3.409;3.72;0.49433187232870196;0.14500788275995952;2.9756990093710836;3.842300990628916;106.8;119.0;24.350770008359078;0.22800346449774417;85.45560899908362;128.14439100091636;3.409;3.72;0.49433187232870196;0.14500788275995952;2.9756990093710836;3.842300990628916;9.2;10.0;1.1661903789690602;0.1267598238009848;8.177789062864225;10.222210937135774;6.818;7.44;0.9886637446574039;0.14500788275995952;5.951398018742167;7.684601981257832;106.8;119.0;24.350770008359078;0.22800346449774417;85.45560899908362;128.14439100091636;0.7086165789315613;0.7182435955856472;0.03848254898944897;0.054306588546759994;0.6748851375003148;0.7423480203628078;0.23745490063619848;0.22160035464922975;0.052507137758218414;0.22112467511741907;0.19143036513832015;0.28347943613407683;2.952938227491261;2.6460301507537687;0.6891161994309044;0.23336627668515758;2.3489012462923298;3.5569752086901922;2.6666666666666665
0.8;0.8;2;200.0;200.0;0.0;0.0;200.0;200.0;846.8;936.0;134.5011524114199;0.158834615507109;728.904541821154;964.6954581788459;4.234;4.68;0.6725057620570993;0.15883461550710895;3.644522709105771;4.823477290894229;160.4;174.0;29.19314988143623;0.18200218130571216;134.81107589600532;185.9889241039947;4.234;4.68;0.6725057620570993;0.15883461550710895;3.644522709105771;4.823477290894229;10.2;11.0;1.469693845669907;0.14408763192842225;8.911756544747849;11.48824345525215;8.468;9.36;1.3450115241141987;0.15883461550710895;7.289045418211542;9.646954581788458;160.4;174.0;29.19314988143623;0.18200218130571216;134.81107589600532;185.9889241039947;0.7576285093085857;0.7641347071761296;0.031249088203724414;0.04124592438085842;0.7302374758088872;0.7850195428082842;0.18859808869659883;0.1837037037037037;0.036180640484373604;0.19183991065030387;0.15688435903232303;0.22031181836087463;2.321414442596782;2.132613065326633;0.4159010136504638;0.17915845013233755;1.9568611307308483;2.685967754462716;4.000000000000001
0.8;0.9;2;200.0;200.0;0.0;0.0;200.0;200.0;1009.8;1101.0;170.4926977908438;0.1688380845621349;860.3565613243592;1159.2434386756406;5.049;5.505;0.8524634889542192;0.1688380845621349;4.301782806621796;5.7962171933782045;190.4;199.0;12.126005112979296;0.06368700164379883;179.77108788257237;201.02891211742764;5.049;5.505;0.8524634889542192;0.1688380845621349;4.301782806621796;5.7962171933782045;11.2;11.0;1.3266499161421599;0.11845088536983571;10.0371400772234;12.362859922776599;10.098;11.01;1.7049269779084384;0.1688380845621349;8.603565613243592;11.592434386756409;190.4;199.0;12.126005112979296;0.06368700164379883;179.77108788257237;201.02891211742764;0.7902279225404458;0.7867315237639444;0.014714023554362776;0.018619974231054427;0.7773305122395312;0.8031253328413605;0.1713953254470233;0.17728209076343662;0.016379191868970723;0.09556381906129277;0.15703833076429538;0.1857523201297512;2.0100804020100504;1.944673366834171;0.12608031428562658;0.06272401549686676;1.8995661338901084;2.1205946701299925;8.000000000000002
0.8;1.0;2;200.0;200.0;0.0;0.0;200.0;200.0;1185.0;1295.0;208.72661545667816;0.17614060376090984;1002.0430548571604;1367.9569451428395;5.924999999999999;6.475;1.043633077283391;0.17614060376090993;5.010215274285801;6.839784725714197;198.8;199.0;0.4;0.002012072434607646;198.44938454112804;199.15061545887198;5.924999999999999;6.475;1.043633077283391;0.17614060376090993;5.010215274285801;6.839784725714197;11.8;12.0;0.9797958971132713;0.0830335506028196;10.9411710298319;12.658828970168102;11.849999999999998;12.95;2.087266154566782;0.17614060376090993;10.020430548571602;13.679569451428394;198.8;199.0;0.4;0.002012072434607646;198.44938454112804;199.15061545887198;0.7833622956705126;0.7770016926824254;0.01530546823787827;0.01953817323410706;0.7699464612468276;0.7967781300941976;0.17503811446560244;0.17893525425173692;0.013614281635586888;0.07777895504160207;0.16310467045841873;0.18697155847278615;1.9419396984924624;1.934924623115578;0.012245751728376853;0.0063059382008016475;1.9312058238387697;1.952673573146155;nan
1.0;0.0;2;200.0;200.0;0.0;0.0;200.0;200.0;307.2;304.0;22.577865266672138;0.07349565516494837;287.40962852294075;326.9903714770592;1.5359999999999998;1.52;0.11288932633336062;0.07349565516494833;1.4370481426147037;1.634951857385296;10.0;10.0;1.4142135623730951;0.1414213562373095;8.760387157213994;11.239612842786006;1.5359999999999998;1.52;0.11288932633336062;0.07349565516494833;1.4370481426147037;1.634951857385296;5.8;5.0;0.9797958971132712;0.16893032708849504;4.941171029831899;6.6588289701681;3.0719999999999996;3.04;0.22577865266672123;0.07349565516494833;2.8740962852294074;3.269903714770592;10.4;10.0;1.624807680927192;0.15623150778146078;8.97579327343254;11.82420672656746;0.3993199356199357;0.41565079365079355;0.03463000323304954;0.08672245020596629;0.36896539943420226;0.4296744718056691;0.47546907624553886;0.4801536491677337;0.03408639526049727;0.07169003614210775;0.4455910334566626;0.5053471190344151;6.5690003041118175;6.395607138400099;1.044104867105979;0.15894425616823754;5.653802036384775;7.48419857183886;nan
1.0;0.1;2;200.0;200.0;0.0;0.0;200.0;200.0;337.8;345.0;25.87199257884866;0.07658967607711266;315.12219862508715;360.4778013749129;1.689;1.725;0.1293599628942433;0.07658967607711267;1.5756109931254356;1.8023890068745645;12.6;13.0;2.244994432064365;0.1781741612749496;10.632175617591853;14.567824382408146;1.689;1.725;0.1293599628942433;0.07658967607711267;1.5756109931254356;1.8023890068745645;6.4;6.0;1.0198039027185568;0.1593443597997745;5.506102466722276;7.2938975332777245;3.378;3.45;0.2587199257884866;0.07658967607711267;3.1512219862508712;3.604778013749129;13.0;13.0;2.280350850198276;0.17541160386140586;11.001184350671629;14.998815649328371;0.43765724553224555;0.44680158730158726;0.030255427270439273;0.06913041559187467;0.41113719424276435;0.46417729682172676;0.46875999177665084;0.4527720739219713;0.04710800120042643;0.10049492709879534;0.4274680081330791;0.5100519754202225;6.485012610549129;6.026979212737727;1.1963802784433657;0.1844838784888747;5.436339059769648;7.5336861613286095;1.1111111111111112
1.0;0.2;2;200.0;200.0;0.0;0.0;200.0;200.0;380.6;392.0;34.30801655590134;0.09014192473962516;350.52769758066404;410.672302419336;1.903;1.96;0.17154008277950658;0.09014192473962511;1.7526384879033203;2.05336151209668;16.6;18.0;3.9293765408777004;0.2367094301733554;13.155749602598558;20.044250397401445;1.903;1.96;0.17154008277950658;0.09014192473962511;1.7526384879033203;2.05336151209668;6.4;6.0;1.0198039027185568;0.1593443597997745;5.506102466722276;7.2938975332777245;3.806;3.92;0.34308016555901316;0.09014192473962511;3.5052769758066407;4.10672302419336;17.0;18.0;3.847076812334269;0.22629863601966288;13.62788849531929;20.37211150468071;0.47652196431019966;0.4711707557148733;0.027295355602913286;0.05728037246389116;0.45259653023572727;0.500447398384672;0.451331082538552;0.4346076458752515;0.03613903368707972;0.08007211354425779;0.4196538228400897;0.4830083422370143;6.043932271606145;5.841114042083308;0.9925545672673588;0.1642233106962981;5.173919833961366;6.9139447092509245;1.25
1.0;0.3;2;200.0;200.0;0.0;0.0;200.0;200.0;432.4;454.0;46.119843885251825;0.10666013849503198;391.9741744326723;472.8258255673276;2.162;2.27;0.23059921942625916;0.10666013849503199;1.9598708721633618;2.3641291278366383;24.0;25.0;4.1952353926806065;0.17480147469502527;20.32271404429843;27.67728595570157;2.162;2.27;0.23059921942625916;0.10666013849503199;1.9598708721633618;2.3641291278366383;6.8;7.0;0.7483314773547882;0.1100487466698218;6.144058539197284;7.455941460802715;4.324;4.54;0.4611984388525183;0.10666013849503199;3.9197417443267235;4.728258255673277;24.0;25.0;4.1952353926806065;0.17480147469502527;20.32271404429843;27.67728595570157;0.53691565848828;0.5441248316526953;0.025129548728773498;0.04680353111609248;0.5148886378413191;0.558942679135241;0.43101190376698667;0.4076271186440678;0.03864895228766918;0.08967026652833131;0.39713460341383194;0.4648892041201414;5.1640882777992;4.495473148952003;1.0379968590290343;0.20100292698160488;4.254243915208887;6.073932640389513;1.4285714285714286
1.0;0.4;2;200.0;200.0;0.0;0.0;200.0;200.0;498.2;533.0;55.96213005238453;0.11232864322036237;449.14703023057626;547.2529697694238;2.491;2.665;0.2798106502619227;0.11232864322036237;2.245735151152881;2.736264848847119;35.4;38.0;6.829348431585549;0.19291944721993076;29.41381216465771;41.386187835342284;2.491;2.665;0.2798106502619227;0.11232864322036237;2.245735151152881;2.736264848847119;7.4;7.0;1.0198039027185568;0.13781133820521038;6.506102466722276;8.293897533277724;4.982;5.33;0.5596213005238454;0.11232864322036237;4.491470302305762;5.472529697694238;35.4;38.0;6.829348431585549;0.19291944721993076;29.41381216465771;41.386187835342284;0.589307105618378;0.584101239166076;0.018543074862682068;0.031465893904714166;0.5730533838636866;0.6055608273730693;0.40154855990154886;0.38643829188174567;0.047483362235314575;0.1182506102050434;0.35992755780425223;0.4431695619988455;4.289593880261578;4.075174455487418;0.4861925250656479;0.1133423206571714;3.8634273420715473;4.71576041845161;1.6666666666666667
1.0;0.5;2;200.0;200.0;0.0;0.0;200.0;200.0;583.2;629.0;71.62792751434317;0.12281880575161723;520.4153533162765;645.9846466837236;2.916;3.145;0.3581396375717158;0.12281880575161722;2.602076766581382;3.2299232334186176;53.4;54.0;10.8;0.20224719101123598;43.93338261045689;62.86661738954311;2.916;3.145;0.3581396375717158;0.12281880575161722;2.602076766581382;3.2299232334186176;8.2;8.0;1.1661903789690602;0.1422183388986659;7.177789062864224;9.222210937135774;5.832;6.29;0.7162792751434316;0.12281880575161722;5.204153533162764;6.459846466837235;53.4;54.0;10.8;0.20224719101123598;43.93338261045689;62.86661738954311;0.6405704859226914;0.6352044952489032;0.02257993871098365;0.035249733178791445;0.6207782969915603;0.6603626748538225;0.3577759872518966;0.33974544402661266;0.05233688209488478;0.14628394291324073;0.3119006874228314;0.40365128708096176;3.8337781159069566;3.4711613406079502;0.7953688861977397;0.20746346349509048;3.1366065483901924;4.530949683423721;2.0
1.0;0.6;2;200.0;200.0;0.0;0.0;200.0;200.0;688.8;736.0;91.17324168855684;0.1323653334619002;608.8831300713047;768.7168699286952;3.4440000000000004;3.68;0.45586620844278425;0.1323653334619002;3.044415650356524;3.8435843496434767;78.8;90.0;16.642115250171777;0.21119435596664693;64.21254281240215;93.38745718759785;3.4440000000000004;3.68;0.45586620844278425;0.1323653334619002;3.044415650356524;3.8435843496434767;9.4;10.0;0.7999999999999999;0.08510638297872339;8.698769082256067;10.101230917743933;6.888000000000001;7.36;0.9117324168855685;0.1323653334619002;6.088831300713048;7.6871686992869535;78.8;90.0;16.642115250171777;0.21119435596664693;64.21254281240215;93.38745718759785;0.6791046291451239;0.6921283502376906;0.031155832186064235;0.045877808586408955;0.6517953381489866;0.7064139201412613;0.3059207648162635;0.28713666291954393;0.049036078975641655;0.1602901293905067;0.26293874648794696;0.34890278314458006;3.201657593145042;2.96824821299078;0.4854656153669655;0.15162946106616118;2.776128219398916;3.627186966891168;2.5
1.0;0.7;2;200.0;200.0;0.0;0.0;200.0;200.0;846.2;911.0;121.52267278166656;0.1436098709308279;739.6806807982703;952.7193192017298;4.231;4.555;0.6076133639083326;0.14360987093082786;3.698403403991351;4.763596596008648;129.6;145.0;26.484712571594958;0.2043573500894673;106.3851258715452;152.8148741284548;4.231;4.555;0.6076133639083326;0.14360987093082786;3.698403403991351;4.763596596008648;10.4;11.0;1.3564659966250536;0.13042942275240899;9.211005130372717;11.588994869627284;8.462;9.11;1.2152267278166653;0.14360987093082786;7.396806807982702;9.527193192017297;129.6;145.0;26.484712571594958;0.2043573500894673;106.3851258715452;152.8148741284548;0.7314771107957263;0.7357337786955219;0.02168601367694199;0.0296468793854003;0.7124684817046144;0.7504857398868382;0.24289230497846576;0.23633955654291453;0.043134190115934265;0.17758565928944697;0.20508352032704336;0.28070108962988816;2.577644315788769;2.399748743718593;0.43733578199401163;0.16966490656418792;2.194302601076367;2.9609860305011715;3.333333333333333
1.0;0.8;2;200.0;200.0;0.0;0.0;200.0;200.0;1021.6;1112.0;161.3661674577419;0.15795435342378808;880.156317875983;1163.043682124017;5.108;5.56;0.8068308372887096;0.1579543534237881;4.400781589379914;5.815218410620085;176.8;190.0;23.232735525546705;0.13140687514449492;156.43560943214848;197.16439056785154;5.108;5.56;0.8068308372887096;0.1579543534237881;4.400781589379914;5.815218410620085;10.8;11.0;0.9797958971132712;0.09072184232530288;9.941171029831901;11.6588289701681;10.216;11.12;1.6136616745774193;0.1579543534237881;8.801563178759828;11.63043682124017;176.8;190.0;23.232735525546705;0.13140687514449492;156.43560943214848;197.16439056785154;0.7686491564778584;0.7687402541668874;0.017795936044439034;0.023152222173747565;0.7530503307721654;0.7842479821835513;0.20496794252443537;0.20736633663366336;0.026266689699230423;0.12815023352297653;0.18194417386957726;0.22799171117929348;2.1056679570223835;1.9859798994974875;0.24124715297670907;0.11457036812102878;1.8942055039161723;2.3171304101285948;5.000000000000001
1.0;0.9;2;200.0;200.0;0.0;0.0;200.0;200.0;1218.8;1318.0;205.61459092194795;0.16870248680829336;1038.5708646328235;1399.0291353671764;6.093999999999999;6.59;1.0280729546097398;0.1687024868082934;5.192854323164117;6.9951456768358815;197.4;199.0;3.1999999999999997;0.016210739614994932;194.59507632902427;200.20492367097575;6.093999999999999;6.59;1.0280729546097398;0.1687024868082934;5.192854323164117;6.9951456768358815;12.4;13.0;1.2;0.0967741935483871;11.3481536233841;13.4518463766159;12.187999999999999;13.18;2.0561459092194796;0.1687024868082934;10.385708646328235;13.990291353671763;197.4;199.0;3.1999999999999997;0.016210739614994932;194.59507632902427;200.20492367097575;0.7836683474437084;0.782996210594589;0.014092530313995629;0.017982773401483985;0.7713156999869367;0.7960209949004801;0.19863812600341552;0.20132180986273512;0.01485506287969219;0.07478455006888637;0.18561708928307752;0.2116591627237535;1.9524924623115578;1.9337688442211056;0.034277171289420226;0.017555597243555782;1.9224471969603751;1.9825377276627405;10.000000000000002
1.0;1.0;2;200.0;200.0;0.0;0.0;200.0;200.0;1411.8;1537.0;241.59586089169656;0.17112612331186894;1200.0318909297248;1623.568109070275;7.058999999999999;7.685;1.2079793044584828;0.17112612331186894;6.000159454648623;8.117840545351376;199.0;199.0;0.0;0.0;199.0;199.0;7.058999999999999;7.685;1.2079793044584828;0.17112612331186894;6.000159454648623;8.117840545351376;13.6;13.0;1.7435595774162693;0.12820291010413745;12.071702646733954;15.128297353266046;14.117999999999999;15.37;2.4159586089169656;0.17112612331186894;12.000318909297246;16.23568109070275;199.0;199.0;0.0;0.0;199.0;199.0;0.7770459534712787;0.7836995514499497;0.019262419618900958;0.02478929274755298;0.7601616982371153;0.7939302087054421;0.20641840952646578;0.2086595379033798;0.0173537333288974;0.08407066680102679;0.19120719159083302;0.22162962746209855;1.9290552763819098;1.9227638190954774;0.012140495522195779;0.00629349281528428;1.9184136628607904;1.9396968899030291;nan
1.2;0.0;2;200.0;200.0;0.0;0.0;200.0;200.0;368.0;370.0;26.705804612480787;0.07257012122956735;344.5913301531249;391.4086698468751;1.8400000000000003;1.85;0.133529023062404;0.07257012122956738;1.7229566507656247;1.957043349234376;11.2;11.0;1.16619037896906;0.10412414097938036;10.177789062864225;12.222210937135774;1.8400000000000003;1.85;0.133529023062404;0.07257012122956738;1.7229566507656247;1.957043349234376;6.2;6.0;0.7483314773547882;0.12069862537980455;5.544058539197285;6.855941460802716;3.6800000000000006;3.7;0.267058046124808;0.07257012122956738;3.4459133015312493;3.914086698468752;12.0;12.0;1.6733200530681511;0.13944333775567927;10.533270304384615;13.466729695615385;0.4516212232212233;0.4550652958152959;0.014281881342736153;0.03162358323390901;0.43910260226987724;0.4641398441725693;0.4736065162620968;0.45402766476810413;0.033418493414213435;0.07056172638410116;0.4443139152540112;0.5028991172701824;6.6137207157224704;6.236238227881682;1.3332019048161852;0.20158122214729002;5.445117721657202;7.782323709787739;nan
1.2;0.1;2;200.0;200.0;0.0;0.0;200.0;200.0;406.0;419.0;30.607188698082023;0.07538716428099021;379.1716162246027;432.8283837753973;2.0300000000000002;2.095;0.1530359434904101;0.0753871642809902;1.895858081123014;2.164141918876987;13.4;15.0;2.4166091947189146;0.18034396975514289;11.281748645698533;15.518251354301468;2.0300000000000002;2.095;0.1530359434904101;0.0753871642809902;1.895858081123014;2.164141918876987;6.8;7.0;0.7483314773547882;0.1100487466698218;6.144058539197284;7.455941460802715;4.0600000000000005;4.19;0.3060718869808202;0.0753871642809902;3.791716162246028;4.328283837753974;14.0;15.0;2.1908902300206643;0.15649215928719032;12.079600041657988;15.920399958342012;0.4825628634437458;0.48414646464646466;0.012999613406466416;0.026938694191460156;0.4711681998945798;0.49395752699291184;0.47397386894881277;0.45159796201945346;0.03404528144523727;0.07182944815237065;0.44413186400794497;0.5038158738896806;5.9595478911899615;5.919349275695562;0.8296234663099968;0.1392091281851153;5.232350860361883;6.68674492201804;1.3333333333333333
1.2;0.2;2;200.0;200.0;0.0;0.0;200.0;200.0;456.0;485.0;40.0699388569536;0.08787267293191578;420.87715000174387;491.12284999825613;2.2800000000000002;2.425;0.20034969428476787;0.08787267293191572;2.1043857500087197;2.4556142499912808;19.2;21.0;3.9698866482558417;0.20676492959665843;15.720240927880207;22.679759072119793;2.2800000000000002;2.425;0.20034969428476787;0.08787267293191572;2.1043857500087197;2.4556142499912808;7.0;7.0;0.6324555320336759;0.09035079029052513;6.4456282835497465;7.5543717164502535;4.5600000000000005;4.85;0.40069938856953574;0.08787267293191572;4.2087715000174395;4.9112284999825615;19.4;22.0;4.079215610874228;0.21026884592135198;15.824409866889102;22.975590133110895;0.5353831642303645;0.5382396637179245;0.017789192528038063;0.03322703012824613;0.5197902494774149;0.550976078983314;0.45905111377649516;0.4391008886565604;0.03116601759827598;0.06789226006202488;0.43173289487291683;0.4863693326800735;5.290394737825877;4.872317995783208;1.0420471562968816;0.19696964176346468;4.377000133147728;6.203789342504026;1.4999999999999998
1.2;0.3;2;200.0;200.0;0.0;0.0;200.0;200.0;519.8;549.0;49.166655367230334;0.09458764018320573;476.70352641804664;562.8964735819533;2.599;2.745;0.24583327683615172;0.09458764018320573;2.383517632090234;2.8144823679097666;27.6;29.0;4.63033476111609;0.16776575221435105;23.54133263250116;31.658667367498843;2.599;2.745;0.24583327683615172;0.09458764018320573;2.383517632090234;2.8144823679097666;7.4;7.0;1.0198039027185568;0.13781133820521038;6.506102466722276;8.293897533277724;5.198;5.49;0.49166655367230344;0.09458764018320573;4.767035264180468;5.628964735819533;27.6;29.0;4.63033476111609;0.16776575221435105;23.54133263250116;31.658667367498843;0.5735220377814425;0.577159868613308;0.015371874792199057;0.02680258783369884;0.5600479954464692;0.5869960801164158;0.4414116335179516;0.41891392685629847;0.03661323717466207;0.08294579117197884;0.40931871613599585;0.47350455089990734;4.780499788245637;4.518394248052727;0.8446731373538506;0.17669138683590058;4.040111139120276;5.520888437370997;1.7142857142857144
1.2;0.4;2;200.0;200.0;0.0;0.0;200.0;200.0;594.0;637.0;67.17737714439289;0.11309322751581295;535.1164327167587;652.8835672832413;2.97;3.185;0.3358868857219645;0.11309322751581297;2.675582163583794;3.2644178364162064;41.6;42.0;8.73155198117723;0.20989307647060648;33.946457238637784;49.25354276136222;2.97;3.185;0.3358868857219645;0.11309322751581297;2.675582163583794;3.2644178364162064;8.4;8.0;1.0198039027185568;0.1214052265141139;7.506102466722276;9.293897533277724;5.94;6.37;0.671773771443929;0.11309322751581297;5.351164327167588;6.528835672832413;41.6;42.0;8.73155198117723;0.20989307647060648;33.946457238637784;49.25354276136222;0.6270909947809168;0.6305514961315644;0.01380006626113586;0.022006481317686774;0.6149947033693876;0.639187286192446;0.40582181634439624;0.3795786931437005;0.04625550840981298;0.11397984668857417;0.36527707557823946;0.446366557110553;4.063844813053852;3.5682689319382574;0.7829560996434748;0.19266387759898435;3.3775535326710964;4.750136093436608;2.0
1.2;0.5;2;200.0;200.0;0.0;0.0;200.0;200.0;688.6;737.0;79.73606461319746;0.11579445921173026;618.7082577924974;758.4917422075026;3.443;3.685;0.3986803230659874;0.11579445921173029;3.093541288962487;3.792458711037513;61.8;69.0;12.253978945632312;0.19828444895845165;51.058913872424256;72.54108612757574;3.443;3.685;0.3986803230659874;0.11579445921173029;3.093541288962487;3.792458711037513;9.0;9.0;0.6324555320336759;0.07027283689263066;8.445628283549746;9.554371716450254;6.886;7.37;0.7973606461319748;0.11579445921173029;6.187082577924974;7.584917422075026;61.8;69.0;12.253978945632312;0.19828444895845165;51.058913872424256;72.54108612757574;0.6591989717322257;0.6641764827771988;0.01604023785851905;0.024332923057159714;0.6451390833392754;0.6732588601251761;0.36064247931672166;0.34091505555069546;0.048639313614689476;0.1348685094081047;0.318008241161142;0.4032767174723013;3.5553375234873728;3.1307169021454735;0.6695662567272865;0.18832705820586054;2.9684368226183158;4.14223822435643;2.4
1.2;0.6;2;200.0;200.0;0.0;0.0;200.0;200.0;829.2;886.0;109.15200410436815;0.13163531609306336;733.5240499853804;924.8759500146197;4.146;4.43;0.5457600205218407;0.13163531609306336;3.6676202499269017;4.624379750073098;97.8;109.0;20.28201173453955;0.20738253307300156;80.02203287211948;115.57796712788051;4.146;4.43;0.5457600205218407;0.13163531609306336;3.6676202499269017;4.624379750073098;10.2;10.0;0.7483314773547882;0.07336583111321454;9.544058539197284;10.855941460802715;8.292;8.86;1.0915200410436814;0.13163531609306336;7.335240499853803;9.248759500146196;97.8;109.0;20.28201173453955;0.20738253307300156;80.02203287211948;115.57796712788051;0.7052979740825255;0.7054101522303847;0.020504019859783652;0.029071428833261498;0.6873254082528806;0.7232705399121704;0.30428313096968557;0.2885385261701181;0.04805526770372952;0.1579294506093309;0.2621608316267897;0.3464054303125814;2.8844120181457975;2.6420037942880583;0.5117127209706468;0.17740625047720954;2.435876041961432;3.332947994330163;2.9999999999999996
1.2;0.7;2;200.0;200.0;0.0;0.0;200.0;200.0;1007.0;1087.0;151.50049504869614;0.15044736350416696;874.2039610229281;1139.796038977072;5.035;5.435;0.7575024752434807;0.15044736350416696;4.37101980511464;5.69898019488536;150.6;166.0;25.350345165302976;0.16832898516137434;128.37944274326136;172.82055725673862;5.035;5.435;0.7575024752434807;0.15044736350416696;4.37101980511464;5.69898019488536;11.2;11.0;0.7483314773547882;0.0668153104781061;10.544058539197284;11.855941460802715;10.07;10.87;1.5150049504869614;0.15044736350416696;8.74203961022928;11.39796038977072;150.6;166.0;25.350345165302976;0.16832898516137434;128.37944274326136;172.82055725673862;0.7405603941624888;0.7409319075419073;0.019654806939571612;0.026540451115806076;0.7233321962770942;0.7577885920478833;0.24872785471812361;0.24450898529678708;0.03486958755956191;0.14019172721558928;0.21816331361094354;0.2792923958253037;2.309899118006774;2.221306532663317;0.28066118389996214;0.1215036542990442;2.063888743555187;2.5559094924583605;3.999999999999999
1.2;0.8;2;200.0;200.0;0.0;0.0;200.0;200.0;1199.0;1301.0;198.76015697317206;0.16577160715026862;1024.7790408934677;1373.2209591065323;5.994999999999999;6.505;0.9938007848658601;0.1657716071502686;5.123895204467338;6.86610479553266;187.6;196.0;14.554724318928201;0.07758381833117378;174.84222163541003;200.35777836458996;5.994999999999999;6.505;0.9938007848658601;0.1657716071502686;5.123895204467338;6.86610479553266;12.6;13.0;1.3564659966250536;0.10765603147817886;11.411005130372716;13.788994869627283;11.989999999999998;13.01;1.9876015697317202;0.1657716071502686;10.247790408934677;13.73220959106532;187.6;196.0;14.554724318928201;0.07758381833117378;174.84222163541003;200.35777836458996;0.7671336161989318;0.7643921402465635;0.017293011438240156;0.02254237211494557;0.7519756233471899;0.7822916090506737;0.22140627071507293;0.2275858110435082;0.01764277992156335;0.07968509593058361;0.2059416922701328;0.23687084916001308;2.005100881212402;1.9484422110552764;0.12113642496873851;0.06041412983445118;1.8989201231460922;2.1112816392787113;6.000000000000001
1.2;0.9;2;200.0;200.0;0.0;0.0;200.0;200.0;1409.4;1528.0;236.64200810507;0.16790265936218957;1201.974134349643;1616.8258656503572;7.047;7.64;1.1832100405253498;0.16790265936218957;6.009870671748214;8.084129328251786;198.4;199.0;1.2;0.006048387096774193;197.3481536233841;199.45184637661592;7.047;7.64;1.1832100405253498;0.16790265936218957;6.009870671748214;8.084129328251786;13.6;13.0;1.3564659966250536;0.09974014681066572;12.411005130372716;14.788994869627283;14.094;15.28;2.3664200810506997;0.16790265936218957;12.019741343496428;16.16825865650357;198.4;199.0;1.2;0.006048387096774193;197.3481536233841;199.45184637661592;0.7728507691686592;0.7706644380922385;0.018082274544985052;0.023396851328020038;0.7570009567010622;0.7887005816362563;0.22310324991512903;0.22480010153572788;0.016313852130093065;0.0731224315929913;0.20880352803872404;0.23740297179153402;1.9335879396984925;1.92321608040201;0.01836851074021694;0.0094997027872863;1.917487230143553;1.949688649253432;12.000000000000002
1.2;1.0;2;200.0;200.0;0.0;0.0;200.0;200.0;1617.6;1762.0;261.5443365855969;0.16168665713748573;1388.346281031692;1846.853718968308;8.088;8.81;1.3077216829279843;0.1616866571374857;6.941731405158459;9.23426859484154;199.0;199.0;0.0;0.0;199.0;199.0;8.088;8.81;1.3077216829279843;0.1616866571374857;6.941731405158459;9.23426859484154;15.6;16.0;1.8547236990991407;0.11889254481404748;13.974262997899107;17.225737002100892;16.176;17.62;2.6154433658559686;0.1616866571374857;13.883462810316917;18.46853718968308;199.0;199.0;0.0;0.0;199.0;199.0;0.7646161392515636;0.7677560240847644;0.022119329332608104;0.028928671783281186;0.7452276922418322;0.784004586261295;0.22881313464767028;0.2328768562990678;0.02268683083909106;0.09915003731767656;0.20892725063517376;0.2486990186601668;1.918713567839196;1.9114572864321608;0.013142931486713437;0.006849866341183304;1.9071932804538538;1.9302338552245382;nan
1.4;0.0;2;200.0;200.0;0.0;0.0;200.0;200.0;427.6;441.0;28.49982456086353;0.06665066548377813;402.6188023345557;452.58119766544434;2.138;2.205;0.14249912280431765;0.06665066548377814;2.0130940116727785;2.2629059883272213;13.0;13.0;2.280350850198276;0.17541160386140586;11.001184350671629;14.998815649328371;2.138;2.205;0.14249912280431765;0.06665066548377814;2.0130940116727785;2.2629059883272213;7.0;7.0;0.6324555320336759;0.09035079029052513;6.4456282835497465;7.5543717164502535;4.276;4.41;0.2849982456086353;0.06665066548377814;4.026188023345557;4.525811976654443;13.8;13.0;2.481934729198171;0.17985034269551964;11.624488290079782;15.97551170992022;0.49146755809549936;0.48753649128649124;0.011122949103629601;0.022632112578768116;0.4817178633355528;0.5012172528554459;0.47785040735739887;0.4541033434650456;0.033530683436519104;0.07016983332074568;0.44845946745893434;0.5072413472558633;6.009686516835805;5.516565510329083;0.9209535013097946;0.1532448487503956;5.202435180682109;6.816937852989501;nan
1.4;0.1;2;200.0;200.0;0.0;0.0;200.0;200.0;473.0;497.0;35.849686191095174;0.07579214839555005;441.57636456423285;504.42363543576715;2.3649999999999998;2.485;0.17924843095547585;0.07579214839555005;2.207881822821164;2.5221181771788355;15.4;17.0;3.2619012860600183;0.2118117718220791;12.540817459482518;18.259182540517482;2.3649999999999998;2.485;0.17924843095547585;0.07579214839555005;2.207881822821164;2.5221181771788355;7.4;7.0;0.48989794855663565;0.06620242548062644;6.97058551491595;7.829414485084051;4.7299999999999995;4.97;0.3584968619109517;0.07579214839555005;4.415763645642328;5.044236354357671;16.0;17.0;3.40587727318528;0.21286732957408;13.014616942501348;18.98538305749865;0.5255488686665932;0.5305392630245572;0.011901013178332618;0.022644922076471233;0.5151171706751871;0.5359805666579993;0.47627261466830345;0.4552238805970149;0.03380435331543962;0.07097689910007195;0.44664179254439607;0.5059034367922108;5.408161238067816;4.838734030197445;0.9591620138879402;0.17735455206779704;4.567418663988116;6.248903812147516;1.5555555555555554
1.4;0.2;2;200.0;200.0;0.0;0.0;200.0;200.0;529.4;548.0;45.26632302275059;0.08550495470863353;489.722318454829;569.0776815451709;2.6470000000000002;2.74;0.22633161511375308;0.08550495470863356;2.4486115922741454;2.845388407725855;22.2;23.0;4.534313619501853;0.20424836123882223;18.225498874072372;26.174501125927627;2.6470000000000002;2.74;0.22633161511375308;0.08550495470863356;2.4486115922741454;2.845388407725855;8.4;8.0;1.0198039027185568;0.1214052265141139;7.506102466722276;9.293897533277724;5.2940000000000005;5.48;0.45266323022750615;0.08550495470863356;4.897223184548291;5.69077681545171;22.4;23.0;4.2708313008125245;0.1906621116434163;18.65645130925214;26.143548690747856;0.5642307722108437;0.5579071490104098;0.012807204366199886;0.02269852159253385;0.5530047626215382;0.5754567818001493;0.46123376081849743;0.4387675507020281;0.040608503203771254;0.08804321507538414;0.42563883835626243;0.49682868328073243;4.923243239139293;4.782142643272052;0.7906121013095264;0.16058765795365118;4.230241177413369;5.6162453008652164;1.7499999999999998
1.4;0.3;2;200.0;200.0;0.0;0.0;200.0;200.0;603.8;634.0;60.59834981251553;0.10036162605583891;550.6832044340022;656.9167955659977;3.019;3.17;0.30299174906257753;0.10036162605583886;2.7534160221700112;3.284583977829989;31.8;33.0;5.775811631277461;0.1816292965810522;26.737277886354022;36.86272211364598;3.019;3.17;0.30299174906257753;0.10036162605583886;2.7534160221700112;3.284583977829989;9.0;8.0;1.2649110640673518;0.1405456737852613;7.891256567099493;10.108743432900507;6.038;6.34;0.6059834981251551;0.10036162605583886;5.5068320443400225;6.569167955659978;31.8;33.0;5.775811631277461;0.1816292965810522;26.737277886354022;36.86272211364598;0.6061246277499064;0.6118898199628748;0.0141447099365077;0.023336306246153654;0.5937262428374076;0.6185230126624052;0.441581026896705;0.4178383128295255;0.04429717439215966;0.1003149403937631;0.40275284158110847;0.4804092122123015;4.1631548612775;3.743116443624058;0.6254443057512776;0.15023325496937068;3.6149287556278917;4.711380966927107;2.0
1.4;0.4;2;200.0;200.0;0.0;0.0;200.0;200.0;683.8;730.0;78.1649537836491;0.11430967210244092;615.2853971535994;752.3146028464005;3.4189999999999996;3.65;0.3908247689182455;0.11430967210244095;3.0764269857679967;3.7615730142320025;48.0;49.0;9.055385138137417;0.18865385704452953;40.0626049613239;55.9373950386761;3.4189999999999996;3.65;0.3908247689182455;0.11430967210244095;3.0764269857679967;3.7615730142320025;9.6;10.0;1.0198039027185568;0.10622957319984967;8.706102466722276;10.493897533277723;6.837999999999999;7.3;0.781649537836491;0.11430967210244095;6.152853971535993;7.523146028464005;48.0;49.0;9.055385138137417;0.18865385704452953;40.0626049613239;55.9373950386761;0.6404962472141557;0.6375113632970679;0.00964849126709919;0.015064087118488816;0.6320389717315653;0.648953522696746;0.40480441806354905;0.38263855992420653;0.0472955467662937;0.11683554985032034;0.36334804348338745;0.44626079264371066;3.7156748814693947;3.3235175879396985;0.5507451980126808;0.14822211726847426;3.2329254306625237;4.198424332276266;2.3333333333333335
1.4;0.5;2;200.0;200.0;0.0;0.0;200.0;200.0;803.4;849.0;99.05675141049196;0.12329692732199646;716.57292912461;890.2270708753899;4.017;4.245;0.49528375705245986;0.12329692732199647;3.5828646456230504;4.451135354376951;68.8;76.0;13.25745073534124;0.19269550487414594;57.17933206738958;80.42066793261041;4.017;4.245;0.49528375705245986;0.12329692732199647;3.5828646456230504;4.451135354376951;10.4;11.0;0.7999999999999999;0.07692307692307691;9.698769082256067;11.101230917743933;8.034;8.49;0.9905675141049197;0.12329692732199647;7.165729291246101;8.902270708753901;68.8;76.0;13.25745073534124;0.19269550487414594;57.17933206738958;80.42066793261041;0.6721860717665114;0.667321462724709;0.015611422816403509;0.023224853165101356;0.6585020563304673;0.6858700872025554;0.3691676682977056;0.35064635272391503;0.04435724378787771;0.12015473617290606;0.3302868298352495;0.4080485067601617;3.1688632588956684;2.9146733668341707;0.4670441149396858;0.14738537979781688;2.7594810422130944;3.5782454755782425;2.8
1.4;0.6;2;200.0;200.0;0.0;0.0;200.0;200.0;965.6;1033.0;128.62285955459083;0.1332051155287809;852.8570926896065;1078.3429073103937;4.828;5.165;0.6431142977729543;0.13320511552878092;4.264285463448032;5.3917145365519685;114.4;127.0;19.89572818471342;0.17391370790833408;96.96062533231195;131.83937466768805;4.828;5.165;0.6431142977729543;0.13320511552878092;4.264285463448032;5.3917145365519685;11.6;12.0;1.0198039027185568;0.08791412954470318;10.706102466722276;12.493897533277723;9.656;10.33;1.2862285955459085;0.13320511552878092;8.528570926896064;10.783429073103937;114.4;127.0;19.89572818471342;0.17391370790833408;96.96062533231195;131.83937466768805;0.7111278773911633;0.69849970399494;0.017424943021590034;0.024503248396779222;0.6958542414078317;0.726401513374495;0.30565309643059774;0.295794818383023;0.03828213926802585;0.1252470193009096;0.27209732186544916;0.3392088709957463;2.597258514796203;2.4950753768844223;0.2857966845064512;0.1100378275317259;2.3467466755904125;2.8477703540019936;3.4999999999999996
1.4;0.7;2;200.0;200.0;0.0;0.0;200.0;200.0;1156.0;1264.0;176.11473532898944;0.15234838696279362;1001.6286281462784;1310.3713718537217;5.779999999999999;6.32;0.8805736766449472;0.15234838696279365;5.008143140731391;6.551856859268607;164.0;175.0;24.42949037536395;0.14896030716685335;142.58660755508367;185.41339244491633;5.779999999999999;6.32;0.8805736766449472;0.15234838696279365;5.008143140731391;6.551856859268607;12.4;13.0;1.3564659966250536;0.10939241908266562;11.211005130372717;13.588994869627284;11.559999999999999;12.64;1.7611473532898945;0.15234838696279365;10.016286281462783;13.103713718537215;164.0;175.0;24.42949037536395;0.14896030716685335;142.58660755508367;185.41339244491633;0.7424895347857815;0.7375806522880691;0.016546260499528932;0.02228484002040885;0.7279860979916379;0.7569929715799251;0.2581690196013472;0.26212153747047456;0.02719311294060089;0.10533065889389538;0.2343332051717822;0.2820048340309122;2.166792548601594;2.0863316582914573;0.22382492531101011;0.10329781014590547;1.9706013513643352;2.3629837458388527;4.666666666666666
1.4;0.8;2;200.0;200.0;0.0;0.0;200.0;200.0;1373.6;1484.0;215.06333950722518;0.15656911728831188;1185.0886713303414;1562.1113286696584;6.868;7.42;1.075316697536126;0.15656911728831185;5.925443356651708;7.810556643348293;193.6;199.0;6.974238309665077;0.03602395821107995;187.4868105869358;199.71318941306419;6.868;7.42;1.075316697536126;0.15656911728831185;5.925443356651708;7.810556643348293;13.6;14.0;1.4966629547095764;0.1100487466698218;12.288117078394569;14.91188292160543;13.736;14.84;2.150633395072252;0.15656911728831185;11.850886713303415;15.621113286696586;193.6;199.0;6.974238309665077;0.03602395821107995;187.4868105869358;199.71318941306419;0.7636053532371826;0.7636093341852663;0.015981218303502458;0.02092863576159156;0.7495971977651437;0.7776135087092215;0.24067492124157258;0.2462113666661559;0.013613212734703407;0.056562655820044584;0.22874241416732324;0.25260742831582195;1.9589246231155777;1.9254271356783919;0.06245340153222552;0.031881472515719524;1.9041818030247366;2.013667443206419;7.000000000000001
1.4;0.9;2;200.0;200.0;0.0;0.0;200.0;200.0;1585.8;1703.0;253.14612380994498;0.15963307088532286;1363.907639096791;1807.692360903209;7.929;8.515;1.2657306190497253;0.1596330708853229;6.819538195483954;9.038461804516047;199.0;199.0;0.0;0.0;199.0;199.0;7.929;8.515;1.2657306190497253;0.1596330708853229;6.819538195483954;9.038461804516047;15.2;14.0;1.9390719429665317;0.1275705225635876;13.500328502327582;16.89967149767242;15.858;17.03;2.5314612380994506;0.1596330708853229;13.639076390967908;18.076923609032093;199.0;199.0;0.0;0.0;199.0;199.0;0.7667596935547516;0.7716019092205775;0.01863563578860453;0.024304401946597397;0.7504248385712705;0.7830945485382327;0.24404336306233665;0.24540238340444315;0.017619253442997914;0.07219722438629639;0.22859940648509117;0.25948731963958216;1.9203115577889445;1.914422110552764;0.012720910744218331;0.006624399406763581;1.9091611878943109;1.931461927683578;14.000000000000002
1.4;1.0;2;200.0;200.0;0.0;0.0;200.0;200.0;1810.6;1965.0;288.70372356448746;0.1594519626446965;1557.5400287109792;2063.6599712890206;9.053;9.825;1.4435186178224373;0.15945196264469647;7.787700143554897;10.318299856445105;199.0;199.0;0.0;0.0;199.0;199.0;9.053;9.825;1.4435186178224373;0.15945196264469647;7.787700143554897;10.318299856445105;17.2;17.0;2.315167380558045;0.13460275468360727;15.170666316250578;19.22933368374942;18.106;19.65;2.8870372356448746;0.15945196264469647;15.575400287109794;20.63659971289021;199.0;199.0;0.0;0.0;199.0;199.0;0.7571926629371839;0.7496903043169506;0.02215082358728724;0.029253880381464887;0.7377766099960621;0.7766087158783057;0.24839651344200467;0.2510377120896956;0.024147627098094638;0.09721403397931588;0.22723018505283568;0.2695628418311737;1.9090150753768842;1.9012562814070353;0.014507724802235573;0.007599586294189641;1.896298493905074;1.9217316568486944;nan
1.6;0.0;2;200.0;200.0;0.0;0.0;200.0;200.0;488.4;510.0;33.46401051876479;0.06851763005480097;459.0675014906674;517.7324985093326;2.442;2.55;0.1673200525938239;0.06851763005480094;2.295337507453337;2.5886624925466633;13.2;13.0;2.481934729198171;0.18802535827258873;11.02448829007978;15.375511709920218;2.442;2.55;0.1673200525938239;0.06851763005480094;2.295337507453337;2.5886624925466633;7.8;8.0;0.7483314773547882;0.09593993299420361;7.144058539197284;8.455941460802714;4.884;5.1;0.3346401051876478;0.06851763005480094;4.590675014906674;5.1773249850933265;14.8;14.0;2.481934729198171;0.16769829251338994;12.624488290079782;16.97551170992022;0.5290336138405798;0.5372716450216452;0.01568383451513209;0.029646196583376822;0.5152861267520922;0.5427811009290674;0.48409990584443835;0.4589861751152074;0.03555630397559448;0.07344827699061816;0.45293343125895286;0.5152663804299239;5.536021030348746;5.27109407748967;0.6405090356198572;0.11569844697275433;4.974590106760003;6.0974519539374885;nan
1.6;0.1;2;200.0;200.0;0.0;0.0;200.0;200.0;538.6;565.0;41.917060965673635;0.07782595797562873;501.8580760873903;575.3419239126097;2.693;2.825;0.20958530482836812;0.07782595797562872;2.5092903804369517;2.8767096195630484;16.6;18.0;3.4409301068170506;0.2072849461937982;13.583891779129935;19.616108220870068;2.693;2.825;0.20958530482836812;0.07782595797562872;2.5092903804369517;2.8767096195630484;8.6;8.0;0.7999999999999999;0.09302325581395349;7.898769082256066;9.301230917743933;5.386;5.65;0.41917060965673625;0.07782595797562872;5.0185807608739035;5.753419239126097;17.4;18.0;3.4409301068170506;0.19775460384006038;14.383891779129932;20.416108220870065;0.5614806533078205;0.5581473812135577;0.010792655979029618;0.019221777127043344;0.5520204732364836;0.5709408333791574;0.478601453885587;0.4574468085106383;0.03515300095723608;0.07344942367358467;0.44778848998221693;0.509414417788957;4.949868778368423;4.58565414507772;0.6043633217794064;0.12209683707587432;4.420120969890741;5.479616586846106;1.777777777777778
1.6;0.2;2;200.0;200.0;0.0;0.0;200.0;200.0;609.4;637.0;52.48466442685902;0.08612514674574831;563.3951632455891;655.4048367544109;3.0469999999999997;3.185;0.26242332213429514;0.08612514674574834;2.816975816227945;3.2770241837720544;25.2;27.0;4.261455150532504;0.1691053631163692;21.464669867334347;28.93533013266565;3.0469999999999997;3.185;0.26242332213429514;0.08612514674574834;2.816975816227945;3.2770241837720544;8.8;8.0;1.1661903789690602;0.13252163397375682;7.777789062864225;9.822210937135775;6.093999999999999;6.37;0.5248466442685903;0.08612514674574834;5.63395163245589;6.554048367544109;25.6;27.0;3.6110940170535577;0.1410583600411546;22.43473653545238;28.765263464547623;0.5960114068868962;0.5941341915788005;0.0165163308164102;0.027711434085932633;0.581534204616704;0.6104886091570885;0.46625610166085074;0.44115082824760243;0.04154966125864347;0.08911338878062813;0.4298362177904156;0.5026759855312859;4.416751075610055;4.144476226455826;0.5040827940699742;0.1141297721878856;3.9749030252292865;4.858599125990823;2.0
1.6;0.3;2;200.0;200.0;0.0;0.0;200.0;200.0;687.4;727.0;69.9331108989154;0.1017356864982767;626.1009255795815;748.6990744204185;3.437;3.635;0.34966555449457687;0.10173568649827666;3.1305046278979076;3.743495372102092;35.2;36.0;6.241794613730894;0.17732371061735494;29.72882579330543;40.67117420669457;3.437;3.635;0.34966555449457687;0.10173568649827666;3.1305046278979076;3.743495372102092;9.6;10.0;1.0198039027185568;0.10622957319984967;8.706102466722276;10.493897533277723;6.874;7.27;0.6993311089891537;0.10173568649827666;6.261009255795815;7.486990744204184;35.2;36.0;6.241794613730894;0.17732371061735494;29.72882579330543;40.67117420669457;0.623966120376475;0.6195279356006912;0.00593314786149208;0.009508766049528886;0.6187654869764443;0.6291667537765058;0.4464955383952051;0.4224983649444081;0.04248234165775376;0.09514617281606856;0.4092581241094826;0.48373295268092764;3.918512728475254;3.6150518107039846;0.4991902328934446;0.12739278075222335;3.480953197049406;4.356072259901102;2.285714285714286
1.6;0.4;2;200.0;200.0;0.0;0.0;200.0;200.0;782.2;827.0;87.69811856590768;0.11211725717963139;705.3292097920153;859.0707902079848;3.911;4.135;0.43849059282953845;0.1121172571796314;3.5266460489600764;4.295353951039924;52.2;54.0;9.927738916792686;0.1901865692872162;43.49795316031912;60.902046839680885;3.911;4.135;0.43849059282953845;0.1121172571796314;3.5266460489600764;4.295353951039924;10.2;10.0;0.7483314773547882;0.07336583111321454;9.544058539197284;10.855941460802715;7.822;8.27;0.8769811856590769;0.1121172571796314;7.053292097920153;8.590707902079847;52.2;54.0;9.927738916792686;0.1901865692872162;43.49795316031912;60.902046839680885;0.6507083817832106;0.6430233909004195;0.013567100768853103;0.02084974029637305;0.6388162936291264;0.6626004699372947;0.41518324467844014;0.39201608271108557;0.04273538422338921;0.10293137974892944;0.3777240288045566;0.4526424605523237;3.4305763616812044;3.1729145728643218;0.46070638508465295;0.13429416416163872;3.0267494101519525;3.8344033132104562;2.666666666666667
1.6;0.5;2;200.0;200.0;0.0;0.0;200.0;200.0;922.4;986.0;113.80263617333301;0.12337666540907742;822.6475912431183;1022.1524087568816;4.612;4.93;0.5690131808666649;0.12337666540907738;4.113237956215592;5.110762043784408;79.0;86.0;12.93058390019569;0.16367827721766698;67.66584348087605;90.33415651912395;4.612;4.93;0.5690131808666649;0.12337666540907738;4.113237956215592;5.110762043784408;11.4;11.0;1.019803902718557;0.08945648269461026;10.506102466722275;12.293897533277725;9.224;9.86;1.1380263617333297;0.12337666540907738;8.226475912431184;10.221524087568817;79.0;86.0;12.93058390019569;0.16367827721766698;67.66584348087605;90.33415651912395;0.6773767786121844;0.6713471295232826;0.022019870597611745;0.0325075663838466;0.658075511027477;0.6966780461968918;0.3712418598452806;0.35481963335304556;0.0349092946314157;0.09403383186897231;0.3406425139550543;0.40184120573550686;2.9250149068678266;2.7480330947667633;0.3339483179950207;0.1141697832756074;2.6322962999844624;3.217733513751191;3.2
1.6;0.6;2;200.0;200.0;0.0;0.0;200.0;200.0;1095.6;1179.0;146.3538178524906;0.13358325835386145;967.3152224899618;1223.884777510038;5.478;5.895;0.731769089262453;0.13358325835386145;4.836576112449809;6.119423887550191;126.2;135.0;21.29225211197726;0.16871832101408288;107.53651813835371;144.86348186164628;5.478;5.895;0.731769089262453;0.13358325835386145;4.836576112449809;6.119423887550191;12.8;12.0;1.1661903789690602;0.09110862335695782;11.777789062864226;13.822210937135775;10.956;11.79;1.463538178524906;0.13358325835386145;9.673152224899617;12.238847775100382;126.2;135.0;21.29225211197726;0.16871832101408288;107.53651813835371;144.86348186164628;0.7140699701843395;0.7067298332946206;0.02225441728661911;0.031165597512627593;0.694563113362149;0.7335768270065299;0.3132063100309999;0.3091193329859302;0.0352193576121614;0.11244779075068931;0.2823351819550902;0.3440774381069096;2.454378457946297;2.360452261306533;0.24422068429300578;0.09950408564837128;2.240309589722752;2.6684473261698423;4.0
1.6;0.7;2;200.0;200.0;0.0;0.0;200.0;200.0;1309.6;1413.0;187.44556543167405;0.14313192229052693;1145.2967176566456;1473.9032823433542;6.548;7.065;0.9372278271583704;0.14313192229052693;5.726483588283228;7.369516411716772;175.0;185.0;20.503658210182884;0.11716376120104505;157.0277511702069;192.9722488297931;6.548;7.065;0.9372278271583704;0.14313192229052693;5.726483588283228;7.369516411716772;13.2;13.0;1.469693845669907;0.11134044285378084;11.911756544747849;14.48824345525215;13.096;14.13;1.8744556543167408;0.14313192229052693;11.452967176566457;14.739032823433543;175.0;185.0;20.503658210182884;0.11716376120104505;157.0277511702069;192.9722488297931;0.7430896479447475;0.7442240190028909;0.01942831303677701;0.02614531515882671;0.7260599807185031;0.760119315170992;0.27017330863444017;0.275;0.02125743914078104;0.07868075217431475;0.2515403416874705;0.2888062755814098;2.0652462311557787;1.9792964824120602;0.1722254778240928;0.08339222472649659;1.9142839438139334;2.216208518497624;5.333333333333333
1.6;0.8;2;200.0;200.0;0.0;0.0;200.0;200.0;1542.8;1654.0;233.92768113243886;0.15162540908247268;1337.7533468422369;1747.846653157763;7.713999999999999;8.27;1.1696384056621942;0.1516254090824727;6.688766734211184;8.739233265788814;197.4;199.0;2.727636339397171;0.013817813269489216;195.00912133306602;199.790878666934;7.713999999999999;8.27;1.1696384056621942;0.1516254090824727;6.688766734211184;8.739233265788814;14.4;14.0;1.4966629547095764;0.10393492741038725;13.08811707839457;15.711882921605431;15.427999999999997;16.54;2.3392768113243885;0.1516254090824727;13.377533468422367;17.478466531577627;197.4;199.0;2.727636339397171;0.013817813269489216;195.00912133306602;199.790878666934;0.7604638747540529;0.7574259724260891;0.017301061548776146;0.02275066853684747;0.7452988256693122;0.7756289238387936;0.259344602069519;0.2560874793326319;0.013134850354837531;0.050646322499192216;0.24783139810857904;0.27085780603045895;1.932603015075377;1.9168844221105528;0.028570539907610354;0.0147834499298326;1.9075598326755603;1.9576461974751938;8.000000000000002
1.6;0.9;2;200.0;200.0;0.0;0.0;200.0;200.0;1763.8;1906.0;269.4144762257589;0.15274661312266635;1527.6477994783872;1999.9522005216127;8.818999999999999;9.53;1.3470723811287946;0.15274661312266638;7.638238997391936;9.999761002608063;199.0;199.0;0.0;0.0;199.0;199.0;8.818999999999999;9.53;1.3470723811287946;0.15274661312266638;7.638238997391936;9.999761002608063;16.8;16.0;1.9390719429665315;0.11542094898610306;15.100328502327583;18.49967149767242;17.637999999999998;19.06;2.694144762257589;0.15274661312266638;15.276477994783871;19.999522005216125;199.0;199.0;0.0;0.0;199.0;199.0;0.7590236512133341;0.7598983170605463;0.02009686292211073;0.026477255208035972;0.741407974175027;0.7766393282516413;0.2629990090488984;0.26140388049762386;0.01899217302285487;0.07221385773101421;0.24635163540043825;0.27964638269735853;1.9113668341708538;1.9042211055276381;0.013538415890741647;0.007083107046070817;1.899499889421024;1.9232337789206837;16.000000000000004
1.6;1.0;2;200.0;200.0;0.0;0.0;200.0;200.0;2008.8;2192.0;307.08396245978065;0.1528693560632122;1739.6290389748553;2277.970961025145;10.044;10.96;1.5354198122989038;0.15286935606321223;8.698145194874277;11.389854805125724;199.0;199.0;0.0;0.0;199.0;199.0;10.044;10.96;1.5354198122989038;0.15286935606321223;8.698145194874277;11.389854805125724;18.6;19.0;2.244994432064365;0.12069862537980455;16.632175617591855;20.567824382408148;20.088;21.92;3.0708396245978076;0.15286935606321223;17.396290389748554;22.779709610251448;199.0;199.0;0.0;0.0;199.0;199.0;0.7508753555943232;0.7464275404442675;0.023460379024784504;0.031244039173739357;0.7303114267016104;0.7714392844870359;0.266537390736113;0.2689590796710228;0.02473382479997105;0.09279682948670766;0.24485723740636128;0.2882175440658647;1.8990552763819095;1.8898492462311558;0.015431354897476419;0.008125806072836554;1.8855290974359225;1.9125814553278966;nan
1.8;0.0;2;200.0;200.0;0.0;0.0;200.0;200.0;547.2;570.0;39.372071319655;0.07195188472159174;512.6888578687984;581.7111421312017;2.7359999999999998;2.85;0.196860356598275;0.07195188472159175;2.5634442893439915;2.908555710656008;14.2;15.0;3.1874754901018454;0.22447010493674968;11.406054545986983;16.993945454013016;2.7359999999999998;2.85;0.196860356598275;0.07195188472159175;2.5634442893439915;2.908555710656008;8.4;8.0;0.7999999999999999;0.09523809523809523;7.698769082256066;9.101230917743933;5.4719999999999995;5.7;0.39372071319655;0.07195188472159175;5.126888578687983;5.817111421312016;16.2;16.0;3.3105890714493698;0.2043573500894673;13.29814073394315;19.10185926605685;0.5513761614202789;0.5545112942612939;0.01569655717708884;0.028467964840294128;0.5376175224268912;0.5651348004136666;0.4892269279054176;0.4702517162471396;0.03273685191813546;0.0669154742938935;0.46053181201216586;0.5179220437986694;5.069780460244573;4.945059096551352;0.5241700169901188;0.10339106813410855;4.61032518265978;5.5292357378293655;nan
1.8;0.1;2;200.0;200.0;0.0;0.0;200.0;200.0;607.0;634.0;50.299105359837164;0.08286508296513535;562.9108902335282;651.0891097664718;3.035;3.17;0.2514955267991858;0.08286508296513535;2.8145544511676412;3.255445548832359;19.6;21.0;3.4985711369071804;0.17849852739322347;16.533367188592678;22.666632811407325;3.035;3.17;0.2514955267991858;0.08286508296513535;2.8145544511676412;3.255445548832359;9.0;9.0;1.0954451150103321;0.1217161238900369;8.039800020828995;9.960199979171005;6.07;6.34;0.5029910535983716;0.08286508296513535;5.6291089023352825;6.510891097664718;19.8;21.0;3.655133376499413;0.18460269578279864;16.59613433490104;23.00386566509896;0.5752470308041817;0.5797365224644633;0.015541580474552445;0.027017228498903652;0.5616242348799797;0.5888698267283837;0.4837748025007194;0.45988805970149255;0.041787153869308945;0.08637728474758005;0.4471467471786163;0.5204028578228226;4.629079869626522;4.428625398024718;0.5058390370108135;0.10927420810555705;4.185692404434271;5.072467334818772;2.0
1.8;0.2;2;200.0;200.0;0.0;0.0;200.0;200.0;684.4;724.0;63.285385358706634;0.09246841811616983;628.9279139314195;739.8720860685804;3.4220000000000006;3.62;0.31642692679353307;0.09246841811616979;3.144639569657098;3.699360430342903;28.0;31.0;5.0990195135927845;0.18210783977117087;23.53051233361138;32.469487666388616;3.4220000000000006;3.62;0.31642692679353307;0.09246841811616979;3.144639569657098;3.699360430342903;9.8;10.0;1.1661903789690602;0.118999018262149;8.777789062864226;10.822210937135775;6.844000000000001;7.24;0.6328538535870661;0.09246841811616979;6.289279139314196;7.398720860685806;28.4;31.0;4.498888751680797;0.15841157576340834;24.456550139788767;32.34344986021123;0.6037706235358604;0.6032703921458181;0.004929466265270825;0.008164468546684837;0.5994497558443809;0.60809149122734;0.4670379838338265;0.45827338129496403;0.03723881138481462;0.07973401023858544;0.434396726479993;0.49967924118766;4.067257732280352;3.7578112609040444;0.4433337357346264;0.10900064980294884;3.6786585793103033;4.4558568852504;2.25
1.8;0.3;2;200.0;200.0;0.0;0.0;200.0;200.0;767.2;813.0;77.22020460993353;0.10065198723922514;699.5135063162525;834.8864936837476;3.836;4.065;0.38610102304966776;0.10065198723922518;3.4975675315812618;4.174432468418738;39.8;40.0;6.8527366796047255;0.1721793135579077;33.79331146137907;45.806688538620925;3.836;4.065;0.38610102304966776;0.10065198723922518;3.4975675315812618;4.174432468418738;10.2;10.0;1.3266499161421599;0.13006371726883922;9.0371400772234;11.362859922776599;7.672;8.13;0.7722020460993355;0.10065198723922518;6.9951350631625235;8.348864936837476;39.8;40.0;6.8527366796047255;0.1721793135579077;33.79331146137907;45.806688538620925;0.6273476972149609;0.6239710986934868;0.018008580302526108;0.02870590006542331;0.6115624805989537;0.643132913830968;0.446800815853274;0.42609985170538806;0.036512297796814135;0.0817194071749513;0.41479637573702427;0.4788052559695238;3.6609241120024185;3.4141810570382;0.3970234466306829;0.10844896929959105;3.3129177171940514;4.008930506810786;2.5714285714285716
1.8;0.4;2;200.0;200.0;0.0;0.0;200.0;200.0;882.8;931.0;97.99469373389562;0.11100441066367878;796.9038637236807;968.6961362763192;4.414000000000001;4.655;0.4899734686694781;0.11100441066367876;3.9845193186184047;4.843480681381597;58.2;60.0;9.765244492586962;0.16778770605819524;49.64038580308669;66.75961419691332;4.414000000000001;4.655;0.4899734686694781;0.11100441066367876;3.9845193186184047;4.843480681381597;11.0;11.0;0.8944271909999159;0.08131156281817417;10.216;11.784;8.828000000000001;9.31;0.9799469373389562;0.11100441066367876;7.969038637236809;9.686961362763194;58.2;60.0;9.765244492586962;0.16778770605819524;49.64038580308669;66.75961419691332;0.6560656623107103;0.6491919692388238;0.015808128088280176;0.024095344408977017;0.6422092271017623;0.6699220975196583;0.41602928875949374;0.40113080684596575;0.031989797974103285;0.07689313910924325;0.38798899451971436;0.4440695829992731;3.191257476945307;2.9996482412060304;0.37200366077000196;0.11656961666599411;2.8651818913879925;3.5173330625026216;3.0
1.8;0.5;2;200.0;200.0;0.0;0.0;200.0;200.0;1032.6;1106.0;126.1088418787517;0.12212748584035611;922.0607263421728;1143.139273657827;5.163;5.53;0.6305442093937584;0.12212748584035607;4.610303631710865;5.7156963682891355;88.0;97.0;14.791889669680478;0.16808965533727815;75.03433703970367;100.96566296029633;5.163;5.53;0.6305442093937584;0.12212748584035607;4.610303631710865;5.7156963682891355;12.4;12.0;0.7999999999999999;0.06451612903225806;11.698769082256067;13.101230917743933;10.326;11.06;1.2610884187875169;0.12212748584035607;9.22060726342173;11.431392736578271;88.0;97.0;14.791889669680478;0.16808965533727815;75.03433703970367;100.96566296029633;0.6841982488821904;0.6803177282668865;0.019692117753434456;0.028781303935820464;0.6669373466264873;0.7014591511378935;0.3725162305648903;0.3606480394458793;0.030024837952662378;0.08060007991365148;0.3461982997240674;0.3988341614057132;2.7623337927395264;2.6213065326633167;0.27988496311733996;0.1013219198392986;2.517003805802652;3.0076637796764008;3.6
1.8;0.6;2;200.0;200.0;0.0;0.0;200.0;200.0;1224.8;1302.0;159.59248102589297;0.13030084995582378;1084.911022581477;1364.6889774185229;6.1240000000000006;6.51;0.7979624051294647;0.13030084995582375;5.424555112907386;6.823444887092615;137.2;150.0;20.932271735289508;0.15256757824555037;118.8520548507469;155.54794514925308;6.1240000000000006;6.51;0.7979624051294647;0.13030084995582375;5.424555112907386;6.823444887092615;13.2;13.0;1.469693845669907;0.11134044285378084;11.911756544747849;14.48824345525215;12.248000000000001;13.02;1.5959248102589294;0.13030084995582375;10.849110225814773;13.64688977418523;137.2;150.0;20.932271735289508;0.15256757824555037;118.8520548507469;155.54794514925308;0.7153301319098063;0.7068212268944655;0.01793339078380721;0.025070089995968985;0.6996108218128192;0.7310494420067934;0.319082781870074;0.3137411778152413;0.028242830413988666;0.08851254915249156;0.29432684950646454;0.34383871423368345;2.3275879396984918;2.257437185929648;0.20737177350876493;0.0890929919217691;2.1458185658838187;2.509357313513165;4.5
1.8;0.7;2;200.0;200.0;0.0;0.0;200.0;200.0;1455.6;1558.0;206.54452304527467;0.1418964846422607;1274.5557431874736;1636.6442568125262;7.2780000000000005;7.79;1.032722615226374;0.14189648464226076;6.372778715937368;8.183221284062633;182.8;191.0;14.945233353815523;0.08175729405807178;169.69992537425838;195.90007462574164;7.2780000000000005;7.79;1.032722615226374;0.14189648464226076;6.372778715937368;8.183221284062633;14.4;15.0;1.2;0.08333333333333333;13.3481536233841;15.4518463766159;14.556000000000001;15.58;2.065445230452748;0.14189648464226076;12.745557431874737;16.366442568125265;182.8;191.0;14.945233353815523;0.08175729405807178;169.69992537425838;195.90007462574164;0.7433988775832059;0.7452319964960111;0.017677445721519913;0.02377922035474333;0.7279039132248684;0.7588938419415434;0.28204710080963;0.28754729396282286;0.012136054493918934;0.043028467440657234;0.27140938002142856;0.2926848215978315;2.004964824120603;1.9423618090452262;0.12075223348396662;0.060226609480258445;1.8991208247386133;2.110808823502593;5.999999999999999
1.8;0.8;2;200.0;200.0;0.0;0.0;200.0;200.0;1692.0;1805.0;252.79556958143075;0.1494063650008456;1470.414913426016;1913.585086573984;8.46;9.025;1.263977847907154;0.14940636500084561;7.352074567130081;9.56792543286992;198.0;199.0;2.0;0.010101010101010102;196.24692270564017;199.75307729435983;8.46;9.025;1.263977847907154;0.14940636500084561;7.352074567130081;9.56792543286992;15.6;15.0;1.7435595774162693;0.11176663957796598;14.071702646733954;17.128297353266046;16.92;18.05;2.527955695814308;0.14940636500084561;14.704149134260161;19.13585086573984;198.0;199.0;2.0;0.010101010101010102;196.24692270564017;199.75307729435983;0.7557819463722351;0.7547507663044211;0.02063702805334753;0.027305531909574687;0.7376927937205398;0.7738710990239304;0.27575754063074104;0.2712391214256113;0.014011279782010546;0.05081014194557474;0.2634761124053582;0.2880389688561239;1.9214974874371862;1.9092964824120604;0.022854178544248722;0.011893941414792417;1.9014649166936022;1.9415300581807702;9.000000000000002
1.8;0.9;2;200.0;200.0;0.0;0.0;200.0;200.0;1921.6;2073.0;290.0004137928082;0.1509161187514614;1667.4034296124355;2175.7965703875643;9.608;10.365;1.4500020689640414;0.1509161187514614;8.337017148062179;10.878982851937822;199.0;199.0;0.0;0.0;199.0;199.0;9.608;10.365;1.4500020689640414;0.1509161187514614;8.337017148062179;10.878982851937822;17.4;17.0;1.624807680927192;0.09337975177742484;15.975793273432538;18.824206726567457;19.216;20.73;2.9000041379280828;0.1509161187514614;16.674034296124358;21.757965703875644;199.0;199.0;0.0;0.0;199.0;199.0;0.7541749354305602;0.7541264983042976;0.021797623163551737;0.02890260885043524;0.735068476311043;0.7732813945500775;0.2779482497854599;0.2750972940799414;0.02045770355680457;0.07360256296844923;0.26001628198537063;0.29588021758554917;1.9034371859296482;1.8958291457286431;0.014572885115216478;0.007656089322484791;1.890663488925248;1.9162108829340483;18.000000000000004
1.8;1.0;2;200.0;200.0;0.0;0.0;200.0;200.0;2203.4;2390.0;320.5193285903364;0.14546579313349203;1922.4524213224113;2484.347578677589;11.017;11.95;1.6025966429516816;0.14546579313349203;9.612262106612055;12.421737893387943;199.0;199.0;0.0;0.0;199.0;199.0;11.017;11.95;1.6025966429516816;0.14546579313349203;9.612262106612055;12.421737893387943;20.0;21.0;2.0976176963403033;0.10488088481701516;18.161357022149215;21.838642977850785;22.034;23.9;3.205193285903363;0.14546579313349203;19.22452421322411;24.843475786775887;199.0;199.0;0.0;0.0;199.0;199.0;0.7448020721873274;0.7332626571815952;0.02496201428974893;0.03351496353446055;0.7229219019509051;0.7666822424237497;0.28218560472762677;0.2827751304229996;0.025296338773466702;0.0896443275264995;0.26001238616052735;0.3043588232947262;1.8892763819095477;1.8798994974874372;0.016106498924137475;0.008525221126121398;1.8751584131317796;1.9033943506873159;nan
2.0;0.0;2;200.0;200.0;0.0;0.0;200.0;200.0;609.0;620.0;39.00256401827962;0.06404361907763484;574.812745298869;643.187254701131;3.045;3.1;0.19501282009139814;0.06404361907763485;2.874063726494345;3.2159362735056547;15.0;15.0;3.1622776601683795;0.21081851067789198;12.228141417748734;17.771858582251266;3.045;3.1;0.19501282009139814;0.06404361907763485;2.874063726494345;3.2159362735056547;8.8;9.0;0.7483314773547882;0.08503766788122592;8.144058539197285;9.455941460802716;6.09;6.2;0.3900256401827963;0.06404361907763485;5.74812745298869;6.431872547011309;17.4;16.0;3.7735924528226414;0.21687312947256562;14.092300376394494;20.707699623605503;0.5646289026400381;0.5575292423771023;0.016111173263391152;0.028534092371219507;0.5505068366232639;0.5787509686568122;0.4921332211720692;0.4784023668639053;0.0334548088045649;0.0679791718284911;0.4628087883208531;0.5214576540232854;4.719468637606822;4.565276053753576;0.4110040699507223;0.08708693743097674;4.3592076861467755;5.079729589066868;nan
2.0;0.1;2;200.0;200.0;0.0;0.0;200.0;200.0;674.4;703.0;50.831486305241945;0.07537290377408355;629.8442377598587;718.9557622401412;3.372;3.515;0.25415743152620973;0.07537290377408355;3.1492211887992934;3.5947788112007064;21.6;24.0;3.8262252939417984;0.17714005990471288;18.246165657042674;24.95383434295733;3.372;3.515;0.25415743152620973;0.07537290377408355;3.1492211887992934;3.5947788112007064;9.6;9.0;1.2;0.125;8.5481536233841;10.6518463766159;6.744;7.03;0.5083148630524195;0.07537290377408355;6.298442377598587;7.189557622401413;22.2;24.0;3.54400902933387;0.15964004636639054;19.093539119834276;25.306460880165723;0.588294064668076;0.5841725837988456;0.011253416418512251;0.019128896744626502;0.578430010264441;0.598158119071711;0.4795407477467314;0.45755290683531985;0.03716910781204898;0.0775098007556175;0.44696058826827345;0.5121209072251893;4.2319488500962805;4.003263234227701;0.36275951621697144;0.08571925821095837;3.913976114499815;4.549921585692746;2.2222222222222223
2.0;0.2;2;200.0;200.0;0.0;0.0;200.0;200.0;753.0;791.0;69.55573304911681;0.09237149143309005;692.0317118495196;813.9682881504804;3.7650000000000006;3.955;0.347778665245584;0.09237149143309002;3.460158559247599;4.069841440752402;30.2;32.0;5.6000000000000005;0.18543046357615897;25.29138357579246;35.10861642420754;3.7650000000000006;3.955;0.347778665245584;0.09237149143309002;3.460158559247599;4.069841440752402;10.2;11.0;1.4696938456699067;0.14408763192842222;8.911756544747849;11.48824345525215;7.530000000000001;7.91;0.695557330491168;0.09237149143309002;6.920317118495198;8.139682881504804;30.4;32.0;5.314132102234569;0.17480697704718978;25.741957836171938;35.05804216382806;0.6152945084931857;0.6160741646905643;0.014740693928733176;0.023957135526582435;0.6023737205784007;0.6282152964079707;0.46817822588545754;0.46123147092360317;0.034797737248613334;0.07432583431833244;0.4376766643526358;0.4986797874182793;3.8478742397715875;3.5394472361809046;0.4153444893182572;0.10794128483339215;3.4838087429909286;4.211939736552246;2.5
2.0;0.3;2;200.0;200.0;0.0;0.0;200.0;200.0;851.8;891.0;86.16124418785978;0.10115196547060318;776.2763395802348;927.3236604197651;4.2589999999999995;4.455;0.43080622093929877;0.10115196547060315;3.881381697901174;4.636618302098825;44.4;43.0;9.156418513807678;0.20622564220287562;36.37404530289387;52.42595469710613;4.2589999999999995;4.455;0.43080622093929877;0.10115196547060315;3.881381697901174;4.636618302098825;10.8;11.0;0.7483314773547882;0.06928995160692483;10.144058539197285;11.455941460802716;8.517999999999999;8.91;0.8616124418785975;0.10115196547060315;7.762763395802348;9.27323660419765;44.4;43.0;9.156418513807678;0.20622564220287562;36.37404530289387;52.42595469710613;0.6352573507188312;0.6317366805468719;0.018950175044449367;0.029830705654969796;0.6186467899215469;0.6518679115161155;0.4470998750187666;0.42849389416553596;0.03316307486054099;0.0741737511314424;0.41803115824418163;0.4761685917933515;3.4063580574970294;3.2390954773869347;0.3582021516049746;0.10515692876637264;3.0923800281122693;3.7203360868817894;2.857142857142857
2.0;0.4;2;200.0;200.0;0.0;0.0;200.0;200.0;977.6;1032.0;105.35577819939445;0.10776982221705651;885.2515887045154;1069.9484112954847;4.888;5.16;0.5267788909969722;0.1077698222170565;4.426257943522577;5.349742056477423;62.2;68.0;10.740577265678041;0.1726780910880714;52.7854689336112;71.6145310663888;4.888;5.16;0.5267788909969722;0.1077698222170565;4.426257943522577;5.349742056477423;11.8;12.0;1.1661903789690602;0.0988296931329712;10.777789062864226;12.822210937135775;9.776;10.32;1.0535577819939443;0.1077698222170565;8.852515887045154;10.699484112954845;62.4;68.0;10.892199043352083;0.17455447184859108;52.85256658572577;71.94743341427423;0.6548324774604022;0.6496299295815586;0.015972846078966374;0.02439226310355423;0.6408316605667319;0.6688332943540725;0.4213022586345205;0.40309506263817246;0.029634273809502686;0.07033969840453765;0.39532667235937974;0.4472778449096612;3.030034922085174;2.8902593776965637;0.3028878565536463;0.09996183685738133;2.764542010054416;3.295527834115932;3.3333333333333335
2.0;0.5;2;200.0;200.0;0.0;0.0;200.0;200.0;1146.2;1215.0;132.01727159731792;0.11517821636478617;1030.4817593497032;1261.9182406502969;5.731;6.075;0.6600863579865894;0.11517821636478616;5.152408796748516;6.309591203251483;97.6;106.0;14.374978260853128;0.1472846133284132;84.99977600199107;110.20022399800892;5.731;6.075;0.6600863579865894;0.11517821636478616;5.152408796748516;6.309591203251483;13.0;12.0;1.2649110640673518;0.09730085108210398;11.891256567099493;14.108743432900507;11.462;12.15;1.3201727159731789;0.11517821636478616;10.304817593497033;12.619182406502967;97.6;106.0;14.374978260853128;0.1472846133284132;84.99977600199107;110.20022399800892;0.6888859369253776;0.6801173768094538;0.01651192805913982;0.023969030537675858;0.6744125938420871;0.7033592800086681;0.3753741430831318;0.36559669161087044;0.026681926941354482;0.07108088671798952;0.35198640293780353;0.39876188322846;2.61294106898127;2.5167336683417085;0.22512208576265297;0.08615658746962221;2.415612860476553;2.8102692774859874;4.0
2.0;0.6;2;200.0;200.0;0.0;0.0;200.0;200.0;1351.2;1446.0;174.30364310593166;0.1289991438024953;1198.4161204733955;1503.9838795266046;6.756;7.23;0.8715182155296584;0.1289991438024953;5.992080602366977;7.519919397633023;148.4;160.0;19.76461484572872;0.1331847361572016;131.07555124109285;165.72444875890716;6.756;7.23;0.8715182155296584;0.1289991438024953;5.992080602366977;7.519919397633023;14.0;14.0;1.4142135623730951;0.10101525445522108;12.760387157213994;15.239612842786006;13.512;14.46;1.7430364310593167;0.1289991438024953;11.984161204733955;15.039838795266046;148.4;160.0;19.76461484572872;0.1331847361572016;131.07555124109285;165.72444875890716;0.7134761729750022;0.7108602694314424;0.0171090428133952;0.023979837675664948;0.6984794357328055;0.728472910217199;0.3230039938038581;0.3196917194407934;0.02044720064302625;0.06330324403184522;0.3050812322136035;0.34092675539411266;2.2267236180904524;2.173718592964824;0.17930503787867066;0.08052415505092426;2.0695558227557385;2.3838914134251663;5.0
2.0;0.7;2;200.0;200.0;0.0;0.0;200.0;200.0;1594.0;1701.0;220.74328981873944;0.13848387065165585;1400.5099753682377;1787.4900246317623;7.970000000000001;8.505;1.1037164490936975;0.13848387065165588;7.002549876841189;8.937450123158813;187.8;193.0;11.01635148313633;0.0586600185470518;178.1437421741132;197.4562578258868;7.970000000000001;8.505;1.1037164490936975;0.13848387065165588;7.002549876841189;8.937450123158813;15.8;15.0;1.7204650534085253;0.10889019325370412;14.291945889564968;17.308054110435034;15.940000000000001;17.01;2.207432898187395;0.13848387065165588;14.005099753682378;17.874900246317626;187.8;193.0;11.01635148313633;0.0586600185470518;178.1437421741132;197.4562578258868;0.7408500152111523;0.7412966068757677;0.01729918613146243;0.023350456605622023;0.7256866100021667;0.756013420420138;0.29484683317241067;0.29674076815310196;0.010488535331352154;0.03557282680807706;0.28565322660216846;0.3040404397426529;1.9691356783919598;1.9263819095477388;0.08751162660348694;0.04444164389675316;1.8924283555964252;2.045843001187494;6.666666666666666
2.0;0.8;2;200.0;200.0;0.0;0.0;200.0;200.0;1839.8;1971.0;265.03086612694756;0.14405417226163036;1607.4902031441636;2072.1097968558365;9.199;9.855;1.3251543306347378;0.14405417226163036;8.037451015720817;10.360548984279182;198.6;199.0;0.8;0.004028197381671702;197.89876908225605;199.30123091774394;9.199;9.855;1.3251543306347378;0.14405417226163036;8.037451015720817;10.360548984279182;17.0;17.0;1.2649110640673518;0.07440653318043246;15.891256567099493;18.108743432900507;18.398;19.71;2.6503086612694755;0.14405417226163036;16.074902031441635;20.721097968558364;198.6;199.0;0.8;0.004028197381671702;197.89876908225605;199.30123091774394;0.7528073511420558;0.7531632762640257;0.020662932698582267;0.027447835979862986;0.7346954920676708;0.7709192102164407;0.2912530146940745;0.2876779178527857;0.015025843323935662;0.05159034435993208;0.27808228231417453;0.30442374707397446;1.9098693467336685;1.9009547738693466;0.01642610802419757;0.008600644883007378;1.895471228227707;1.9242674652396299;10.000000000000002
2.0;0.9;2;200.0;200.0;0.0;0.0;200.0;200.0;2097.4;2276.0;297.29554318892843;0.14174479984215144;1836.8089667605582;2357.991033239442;10.487;11.38;1.4864777159446418;0.1417447998421514;9.18404483380279;11.78995516619721;199.0;199.0;0.0;0.0;199.0;199.0;10.487;11.38;1.4864777159446418;0.1417447998421514;9.18404483380279;11.78995516619721;19.2;19.0;2.1354156504062622;0.11121956512532616;17.32822565462607;21.071774345373928;20.974;22.76;2.9729554318892837;0.1417447998421514;18.36808966760558;23.57991033239442;199.0;199.0;0.0;0.0;199.0;199.0;0.7507736212758004;0.746544416746337;0.024210478443973945;0.03224737491819802;0.729552201252941;0.7719950412986598;0.2948562370661788;0.2906777404214241;0.021394754447698144;0.0725599521332025;0.27610290794584696;0.31360956618651065;1.894603015075377;1.8856281407035176;0.014939474532107028;0.007885279614374867;1.881507988279425;1.907698041871329;20.000000000000004
2.0;1.0;2;200.0;200.0;0.0;0.0;200.0;200.0;2405.4;2582.0;354.6601753791931;0.1474433255920816;2094.52664966453;2716.2733503354702;12.027000000000001;12.91;1.7733008768959655;0.1474433255920816;10.47263324832265;13.581366751677352;199.0;199.0;0.0;0.0;199.0;199.0;12.027000000000001;12.91;1.7733008768959655;0.1474433255920816;10.47263324832265;13.581366751677352;21.4;22.0;2.154065922853802;0.10065728611466365;19.511877970045365;23.288122029954632;24.054000000000002;25.82;3.546601753791931;0.1474433255920816;20.9452664966453;27.162733503354705;199.0;199.0;0.0;0.0;199.0;199.0;0.7452020275642652;0.7360302105846818;0.022073834569898268;0.029621275511082328;0.7258534584722933;0.7645505966562371;0.29817679524124074;0.29935408739454833;0.026171107761337457;0.08777043746869588;0.2752368078489182;0.3211167826335633;1.8791256281407034;1.870251256281407;0.01782211936578857;0.009484261775207987;1.863503851741936;1.8947474045394708;nan
