beta;gamma;dim;n_vertices_mean;n_vertices_median;n_vertices_std;n_vertices_cv;n_vertices_ci_low;n_vertices_ci_high;n_edges_mean;n_edges_median;n_edges_std;n_edges_cv;n_edges_ci_low;n_edges_ci_high;degree_mean_mean;degree_mean_median;degree_mean_std;degree_mean_cv;degree_mean_ci_low;degree_mean_ci_high;degree_max_mean;degree_max_median;degree_max_std;degree_max_cv;degree_max_ci_low;degree_max_ci_high;degree_min_mean;degree_min_median;degree_min_std;degree_min_cv;degree_min_ci_low;degree_min_ci_high;avg_local_clustering_mean;avg_local_clustering_median;avg_local_clustering_std;avg_local_clustering_cv;avg_local_clustering_ci_low;avg_local_clustering_ci_high;global_clustering_mean;global_clustering_median;global_clustering_std;global_clustering_cv;global_clustering_ci_low;global_clustering_ci_high;avg_shortest_path_length_mean;avg_shortest_path_length_median;avg_shortest_path_length_std;avg_shortest_path_length_cv;avg_shortest_path_length_ci_low;avg_shortest_path_length_ci_high;powerlaw_alpha_mean;powerlaw_alpha_median;powerlaw_alpha_std;powerlaw_alpha_cv;powerlaw_alpha_ci_low;powerlaw_alpha_ci_high;powerlaw_k_min_mean;powerlaw_k_min_median;powerlaw_k_min_std;powerlaw_k_min_cv;powerlaw_k_min_ci_low;powerlaw_k_min_ci_high;powerlaw_n_tail_mean;powerlaw_n_tail_median;powerlaw_n_tail_std;powerlaw_n_tail_cv;powerlaw_n_tail_ci_low;powerlaw_n_tail_ci_high;powerlaw_ks_mean;powerlaw_ks_median;powerlaw_ks_std;powerlaw_ks_cv;powerlaw_ks_ci_low;powerlaw_ks_ci_high;powerlaw_valid_mean;powerlaw_valid_median;powerlaw_valid_std;powerlaw_valid_cv;powerlaw_valid_ci_low;powerlaw_valid_ci_high;powerlaw_reason_mode
0.01;0.0;2;100.0;100.0;0.0;0.0;100.0;100.0;143.5;136.0;22.668259747938304;0.15796696688458747;129.45006704642333;157.54993295357667;2.87;2.7199999999999998;0.4533651949587661;0.15796696688458747;2.5890013409284665;3.1509986590715338;9.0;9.0;1.3416407864998738;0.14907119849998599;8.16844242532462;9.83155757467538;0.0;0.0;0.0;nan;0.0;0.0;0.41720894660894664;0.414936507936508;0.04281864158331305;0.10263116822239987;0.39066967760028376;0.4437482156176095;0.4763230687465416;0.47182737460747315;0.04533888941875135;0.09518516400656805;0.4482217339459723;0.5044244035471109;4.962068877303785;4.56839248281157;1.28253775975591;0.25846835089737735;4.167143738128076;5.756994016479493;3.488462057647664;3.217765472742733;0.8946748690959395;0.25646684823031607;2.933936828723057;4.042987286572271;2.6;2.0;0.9165151389911679;0.35250582268891073;2.031938031549374;3.168061968450626;59.7;73.5;23.72783175934961;0.3974511182470621;44.9933375098223;74.40666249017771;0.3130180925715339;0.3025438519065337;0.061982407836879846;0.1980154160664532;0.27460099818083583;0.35143518696223197;1.0;1.0;0.0;0.0;1.0;1.0;ok
0.01;0.05;2;100.0;100.0;0.0;0.0;100.0;100.0;150.5;143.0;22.703523955544878;0.1508539797710623;136.42821006410344;164.57178993589656;3.01;2.8600000000000003;0.4540704791108975;0.1508539797710623;2.7285642012820683;3.2914357987179312;9.4;9.0;1.4966629547095764;0.15921946326697622;8.472358690009981;10.32764130999002;0.0;0.0;0.0;nan;0.0;0.0;0.43139090909090905;0.42382142857142857;0.03453618701463836;0.08005775338988516;0.4099851586088066;0.4527966595730115;0.4745219684536264;0.47115902964959566;0.047427176231848826;0.09994727195962001;0.4451263000765889;0.5039176368306638;5.147629000344418;4.9455235356348375;1.0650076550874876;0.20689285397534088;4.4875304168884895;5.807727583800347;3.49726949336463;3.385456092568263;0.7636399443153423;0.21835318832712106;3.023960552245786;3.9705784344834743;2.8;2.5;0.8717797887081347;0.31134992453861954;2.2596652889180633;3.3403347110819364;57.1;66.0;22.68237200999931;0.397239439754804;43.04132017577753;71.15867982422247;0.28792533676754895;0.2914029535864979;0.04456423108379931;0.15477703902028392;0.26030414017736847;0.3155465333577294;1.0;1.0;0.0;0.0;1.0;1.0;ok
0.01;0.1;2;100.0;100.0;0.0;0.0;100.0;100.0;158.7;150.0;23.507658326596463;0.1481263914719374;144.12980241726282;173.27019758273715;3.1739999999999995;3.0;0.4701531665319292;0.14812639147193737;2.882596048345256;3.465403951654743;10.5;9.0;3.1064449134018135;0.2958518965144584;8.574605494969926;12.425394505030074;0.0;0.0;0.0;nan;0.0;0.0;0.4455498898762057;0.4318214285714286;0.03331513223533025;0.07477306804988042;0.424900956987191;0.4661988227652204;0.4675755805449414;0.4642378673957621;0.055148148586436255;0.11794488609127791;0.4333944039231328;0.5017567571667501;5.19071573110893;5.090328380728141;1.0134489805725915;0.1952426280057685;4.562573545195845;5.818857917022014;3.092571751929124;2.914088084909733;0.7251448739356335;0.23447956332243333;2.643122302623599;3.5420212012346486;2.4;2.0;0.8;0.33333333333333337;1.9041548628855982;2.8958451371144016;67.2;76.5;20.5854317418897;0.30633082949240625;54.44101721922943;79.95898278077058;0.2739835074974425;0.264344003176998;0.029434196259067947;0.10743054035594717;0.2557400036475303;0.2922270113473547;1.0;1.0;0.0;0.0;1.0;1.0;ok
0.01;0.15;2;100.0;100.0;0.0;0.0;100.0;100.0;168.1;158.0;22.949727667229517;0.13652425738982463;153.8756114226305;182.3243885773695;3.3619999999999997;3.16;0.4589945533445904;0.13652425738982463;3.0775122284526097;3.6464877715473896;12.9;11.0;5.575840743780261;0.43223571657211324;9.44405810234026;16.35594189765974;0.0;0.0;0.0;nan;0.0;0.0;0.4613963142221763;0.43605411255411264;0.045527926084346325;0.09867423011624503;0.43317781328239247;0.48961481516196015;0.4542450491871475;0.4517308356756656;0.06760959092233443;0.14883946681052213;0.41234019058573057;0.4961499077885644;5.218540776830228;5.13358764519268;0.9134131265146715;0.17503228691248898;4.652401455631775;5.78468009802868;2.900946197158524;2.8200833905115674;0.37555821015412705;0.12946059134843182;2.6681728068981334;3.1337195874189145;2.3;2.0;0.6403124237432849;0.2783967059753413;1.9031302480661947;2.696869751933805;73.0;78.0;15.152557539900648;0.20756928136850203;63.608347536242626;82.39165246375738;0.2691471460158718;0.2613821138211382;0.03885612911098808;0.14436760592176856;0.24506386768240582;0.29323042434933777;1.0;1.0;0.0;0.0;1.0;1.0;ok
0.01;0.2;2;100.0;100.0;0.0;0.0;100.0;100.0;179.9;168.0;24.691901506364392;0.13725348252564976;164.59580088995182;195.2041991100482;3.598;3.36;0.4938380301272879;0.13725348252564978;3.2919160177990356;3.904083982200964;16.4;12.0;10.499523798725349;0.640214865775936;9.892327727981378;22.90767227201862;0.0;0.0;0.0;nan;0.0;0.0;0.48613713326856856;0.4708662755373282;0.05542988680683951;0.11402109202017495;0.45178133348860217;0.520492933048535;0.4398443742531956;0.44486531986531985;0.07701206100847457;0.17508933958569337;0.3921118043154334;0.4875769441909578;4.7270414976504025;4.541324355311126;0.9426875887081104;0.19942443686535807;4.14275767680163;5.311325318499175;3.2167685026203907;2.8707289855235767;0.8140111315240706;0.25305244404779964;2.712239176216388;3.7212978290243934;3.1;2.0;1.6401219466856725;0.5290715957050556;2.083441885576629;4.116558114423372;63.0;77.5;25.526456863419178;0.4051818549749076;47.17853812064132;78.82146187935868;0.25305703717398464;0.24455627811435068;0.03768537656674172;0.14892048443937106;0.22969939878530476;0.2764146755626645;1.0;1.0;0.0;0.0;1.0;1.0;ok
0.01;0.25;2;100.0;100.0;0.0;0.0;100.0;100.0;195.1;181.0;33.682191140126264;0.1726406516664596;174.22356164476324;215.97643835523675;3.9019999999999997;3.62;0.6736438228025252;0.1726406516664596;3.484471232895265;4.319528767104734;21.1;14.5;18.45778968349136;0.8747767622507753;9.659743429450545;32.54025657054946;0.1;0.0;0.30000000000000004;3.0000000000000004;-0.08594192641790072;0.2859419264179007;0.5197496714096713;0.5183096625596626;0.06746685911749825;0.1298064488131639;0.47793327889742887;0.5615660639219138;0.4219639194394249;0.43237597611830764;0.09256982987576359;0.2193785430724545;0.36458854445516886;0.47933929442368095;4.329210462237867;4.203934839037328;0.9852504231299374;0.22758201102115952;3.7185459233017593;4.939875001173975;2.8555368993912436;2.7599232843248127;0.27096364972311116;0.09489061401408486;2.687591889328775;3.023481909453712;2.7;2.5;0.9;0.3333333333333333;2.1421742207462984;3.257825779253702;70.1;78.5;15.371727293964073;0.2192828429952079;60.57250471529898;79.62749528470101;0.23918033445571285;0.24790697674418605;0.03191071537296197;0.13341696944098316;0.21940186815630663;0.25895880075511907;1.0;1.0;0.0;0.0;1.0;1.0;ok
0.01;0.3;2;100.0;100.0;0.0;0.0;100.0;100.0;209.0;198.0;38.478565461825625;0.18410796871686902;185.15073804076948;232.84926195923052;4.18;3.96;0.7695713092365125;0.18410796871686905;3.7030147608153894;4.6569852391846105;25.1;16.0;24.13482960370759;0.9615469961636489;10.141077632396108;40.0589223676039;0.1;0.0;0.30000000000000004;3.0000000000000004;-0.08594192641790072;0.2859419264179007;0.5416925074957978;0.5363928514296161;0.07200047886039453;0.1329176199856393;0.49706614835475416;0.5863188666368414;0.40618459169935006;0.41903571709474163;0.09560600197929822;0.23537574770946487;0.34692737774886895;0.4654418056498312;4.24616387162041;4.093752780931972;1.0674790328288875;0.2513984540171595;3.584533512370674;4.907794230870146;3.029072570662824;2.9407315041957443;0.4563999984886545;0.15067318059956045;2.7461929208757994;3.3119522204498484;3.2;3.0;1.16619037896906;0.36443449342783124;2.477187714548238;3.922812285451762;64.7;73.0;20.278313539345426;0.3134206111181673;52.13137105329305;77.26862894670695;0.22956726529507976;0.23636491544403004;0.02508290127715375;0.1092616634384386;0.21402072201633313;0.2451138085738264;1.0;1.0;0.0;0.0;1.0;1.0;ok
0.01;0.35;2;100.0;100.0;0.0;0.0;100.0;100.0;222.8;216.0;39.876810303734175;0.1789802975930618;198.08409690907493;247.5159030909251;4.456;4.32;0.7975362060746835;0.1789802975930618;3.9616819381814987;4.950318061818502;28.1;18.0;25.097609447913563;0.893153361135714;12.544340502569492;43.65565949743051;0.1;0.0;0.30000000000000004;3.0000000000000004;-0.08594192641790072;0.2859419264179007;0.5625360078109293;0.5547609073932603;0.0755879974312385;0.1343700605502287;0.5156860816228099;0.6093859339990486;0.3979823535035255;0.4164817898581865;0.09652658007313186;0.24253984937620301;0.33815455933909255;0.45781014766795847;3.9102556331314133;3.7964717302663313;0.962569940758556;0.24616547639564682;3.3136486028093786;4.5068626634534485;2.900897376650666;2.615776177558214;0.5413649382361059;0.18661981723088666;2.565355911614901;3.2364388416864305;3.3;2.5;1.7349351572897471;0.5257379264514386;2.224676048811336;4.375323951188664;69.0;79.5;23.583892808440257;0.34179554794840955;54.38255179588448;83.61744820411552;0.21865304788830878;0.23275633484045083;0.03215831286045727;0.1470746151084261;0.1987211190762322;0.23858497670038536;1.0;1.0;0.0;0.0;1.0;1.0;ok
0.01;0.4;2;100.0;100.0;0.0;0.0;100.0;100.0;236.3;231.5;39.60820622042861;0.16761830816939743;211.7505794447201;260.84942055527995;4.726;4.63;0.7921641244085723;0.16761830816939743;4.235011588894402;5.216988411105598;31.6;20.0;26.226703948456816;0.8299589857106587;15.344520480773259;47.85547951922675;0.2;0.0;0.4000000000000001;2.0000000000000004;-0.04792256855720095;0.447922568557201;0.5824266567563147;0.5663441062721248;0.06493529761838264;0.11149094373534374;0.5421793423173754;0.6226739711952539;0.3889146913887983;0.4142079972182823;0.10184792127465037;0.26187727933587607;0.325788695777241;0.4520406870003556;3.6549216190281832;3.630127047055573;0.8862147217982889;0.2424716079229975;3.105640043724591;4.204203194331776;3.0616992891885357;3.046596634852598;0.4706001493771278;0.15370554222581878;2.7700182946960856;3.353380283680986;3.5;3.0;1.118033988749895;0.31943828249996997;2.8070353544371835;4.1929646455628165;66.0;71.5;19.395875850293535;0.29387690682262935;53.978311599446606;78.02168840055339;0.2163772210893775;0.220145707950586;0.025225987391130848;0.11658337815841953;0.2007419921183757;0.23201245006037932;1.0;1.0;0.0;0.0;1.0;1.0;ok
0.01;0.45;2;100.0;100.0;0.0;0.0;100.0;100.0;255.2;253.5;40.72296649312277;0.15957275271599833;229.95964386939042;280.44035613060953;5.104000000000001;5.07;0.8144593298624555;0.1595727527159983;4.59919287738781;5.608807122612192;35.9;22.0;28.395246080990386;0.7909539298326013;18.300444141967674;53.49955585803232;0.2;0.0;0.4000000000000001;2.0000000000000004;-0.04792256855720095;0.447922568557201;0.6099167562269248;0.590341896665426;0.06552255069818444;0.10742867781420029;0.5693054585581415;0.650528053895708;0.37851601317054623;0.40874324876356666;0.10354109181480681;0.273544812404422;0.31434057958568656;0.4426914467554059;3.4621101769104805;3.492606815565507;0.8669507605636574;0.250411083490505;2.9247685284815783;3.9994518253393827;2.8302405501968115;2.9029598770913707;0.32830252281059213;0.11599809874385496;2.626756538399284;3.033724561994339;3.3;3.0;1.004987562112089;0.3045416854885118;2.6771022555828283;3.9228977444171713;73.2;81.0;17.92651667223725;0.24489776874641048;62.089029853338644;84.31097014666136;0.21698680653836705;0.22488825099634;0.02214076444054256;0.10203737634448151;0.20326381856356893;0.23070979451316517;1.0;1.0;0.0;0.0;1.0;1.0;ok
0.01;0.5;2;100.0;100.0;0.0;0.0;100.0;100.0;272.9;275.0;42.465162192083994;0.1556070435767094;246.57981978785097;299.220180212149;5.458;5.5;0.84930324384168;0.1556070435767094;4.93159639575702;5.9844036042429805;39.5;26.5;28.921445330411828;0.7321884893775147;21.57430246824409;57.425697531755915;0.4;0.0;0.66332495807108;1.6583123951777001;-0.011133068482699404;0.8111330684826994;0.6306643713520514;0.5946459069385899;0.06762599218765915;0.10722976476803182;0.5887493471410673;0.6725793955630356;0.3725237681926598;0.40357865676864246;0.10367602015112908;0.27830712830519444;0.30826470515851967;0.43678283122679995;3.2682484730684087;3.331042886228796;0.7834601033781166;0.23971864741439372;2.7826548700894267;3.7538420760473907;2.95412443186252;2.8244795066460906;0.3624416714679539;0.12269004905776472;2.7294807565062693;3.178768107218771;4.1;3.0;1.8681541692269406;0.4556473583480343;2.9421060497610325;5.257893950238967;65.9;73.0;21.787381669213946;0.33061277191523436;52.396040936081015;79.403959063919;0.20780170641994294;0.20766192337402795;0.03131775285396585;0.15070979634150036;0.1883907620974559;0.22721265074243;1.0;1.0;0.0;0.0;1.0;1.0;ok
0.01;0.55;2;100.0;100.0;0.0;0.0;100.0;100.0;292.7;298.5;42.841685307653336;0.14636722004664618;266.1464483430182;319.25355165698176;5.854000000000001;5.970000000000001;0.8568337061530666;0.14636722004664615;5.322928966860365;6.385071033139637;44.2;33.5;28.438706018382764;0.6434096384249494;26.573507393698545;61.82649260630146;0.5;0.0;0.6708203932499369;1.3416407864998738;0.08422121266231009;0.9157787873376899;0.6555639306722008;0.6199246851778317;0.07100653714158121;0.10831367288430997;0.611553622990968;0.6995742383534335;0.36366220583175907;0.38755258473534615;0.0961379447704697;0.26436056106128875;0.3040752903234961;0.423249121340022;3.090427759934516;3.1735837678643675;0.694618379909717;0.2247644772400166;2.659898827648869;3.5209566922201625;3.0337859251359105;2.842910158616911;0.49270952903480236;0.16240748068363772;2.728401395158618;3.339170455113203;4.3;3.5;1.9519221295943134;0.45393537897542174;3.09018613001834;5.5098138699816595;67.5;77.5;22.14158982548453;0.3280235529701412;53.77650044631472;81.22349955368527;0.19491998606330646;0.19550561797752808;0.03579851076862154;0.18365746628462634;0.1727318392126083;0.21710813291400463;1.0;1.0;0.0;0.0;1.0;1.0;ok
0.01;0.6;2;100.0;100.0;0.0;0.0;100.0;100.0;315.2;322.0;45.210175845709784;0.14343329900288637;287.17844269852225;343.22155730147773;6.303999999999999;6.44;0.9042035169141955;0.14343329900288637;5.743568853970444;6.864431146029554;48.9;39.0;26.979436613836103;0.5517267201193478;32.1779719411789;65.62202805882109;0.5;0.0;0.6708203932499369;1.3416407864998738;0.08422121266231009;0.9157787873376899;0.6639800790257763;0.6319327527637397;0.06760840633577014;0.1018229438976068;0.6220759546387186;0.705884203412834;0.35361427291306896;0.38070113058104627;0.08709348720955133;0.24629516928736084;0.29963317027907976;0.40759537554705816;2.8747132736020427;2.902616529273377;0.5533622853536729;0.19249303589164732;2.531735775783129;3.217690771420956;2.86968651630058;2.731074663319271;0.3765998511587539;0.13123379470878332;2.6362675102567352;3.1031055223444244;4.3;3.5;2.0518284528683193;0.4771694076437952;3.028263549315346;5.571736450684654;70.4;76.0;20.857612519173905;0.296272905101902;57.47231782568895;83.32768217431106;0.18614873726192444;0.19479463812814207;0.03576018843127537;0.19210545801854276;0.1639843428419962;0.20831313168185267;1.0;1.0;0.0;0.0;1.0;1.0;ok
0.01;0.65;2;100.0;100.0;0.0;0.0;100.0;100.0;338.7;341.0;45.22178678469041;0.13351575667165755;310.67124616398365;366.7287538360163;6.774000000000001;6.82;0.9044357356938081;0.13351575667165752;6.213424923279675;7.334575076720327;55.2;47.5;25.97999230176945;0.4706520344523451;39.09743394362253;71.30256605637747;0.5;0.0;0.6708203932499369;1.3416407864998738;0.08422121266231009;0.9157787873376899;0.677681250697243;0.6510626970554987;0.05851941291933857;0.08635241547428078;0.6414105427936884;0.7139519586007977;0.3386448908752294;0.35527113994830406;0.08402871018786479;0.24813222479362426;0.28656335671941924;0.3907264250310396;2.665947591658112;2.7090022675736964;0.4865201949410398;0.18249428325725034;2.3643992506962803;2.9674959326199435;2.9940489919960314;2.9030625975939297;0.3552534787548535;0.11865319495591087;2.7738606046415706;3.214237379350492;5.0;4.0;2.32379000772445;0.46475800154489005;3.559700031243491;6.440299968756509;66.7;75.5;24.20764342103543;0.3629331847231699;51.695947160850174;81.70405283914982;0.18544348951847023;0.1860794998866366;0.025638120368938075;0.13825300869559246;0.16955281788135568;0.20133416115558478;1.0;1.0;0.0;0.0;1.0;1.0;ok
0.01;0.7;2;100.0;100.0;0.0;0.0;100.0;100.0;365.8;364.0;46.63217773169081;0.12747998286410828;336.8970767983583;394.70292320164174;7.316;7.279999999999999;0.932643554633816;0.12747998286410825;6.737941535967165;7.894058464032835;60.5;56.0;25.22399651125888;0.4169255621695682;44.86600498912706;76.13399501087294;0.9;1.0;0.7000000000000001;0.7777777777777778;0.46613550502489837;1.3338644949751017;0.6989494722987837;0.6923565531564495;0.05467075608495484;0.07821846678723071;0.6650641866149181;0.7328347579826493;0.3291509141765767;0.3428088696004369;0.07853029670561609;0.23858447090165952;0.2804773320045381;0.3778244963486153;2.501850752422181;2.5415481344052773;0.4112821243401062;0.16439115080782538;2.2469354507520283;2.756766054092334;2.9394845214856073;2.9742508571436774;0.34214325276822044;0.11639566402455563;2.727421936383575;3.1515471065876395;5.5;4.0;2.539685019840059;0.4617609126981925;3.925886916387517;7.074113083612483;62.3;73.5;25.40885672359148;0.4078468173931217;46.551427442463236;78.04857255753676;0.16973954412434678;0.17212577557038;0.035341120037547365;0.2082079353981143;0.147834890985854;0.19164419726283954;1.0;1.0;0.0;0.0;1.0;1.0;ok
0.01;0.75;2;100.0;100.0;0.0;0.0;100.0;100.0;395.1;388.0;54.11552457474657;0.13696665293532415;361.55885037152126;428.6411496284788;7.901999999999999;7.76;1.0823104914949313;0.13696665293532415;7.231177007430425;8.572822992569574;67.1;64.0;23.13201245028197;0.344739380779165;52.76263014357235;81.43736985642764;1.3;1.0;1.004987562112089;0.7730673554708376;0.6771022555828285;1.9228977444171715;0.7136616599515223;0.7147468473957895;0.04933617245974648;0.06913103957847168;0.6830827834540188;0.7442405364490258;0.3160855110417834;0.3230061590935016;0.07085079234222999;0.2241507119662445;0.2721717349872871;0.3599992870962797;2.340959389816533;2.3206555349412494;0.3584398357417598;0.15311663982767837;2.1187960779407375;2.5631227016923286;3.0194165531339303;2.973254268051339;0.24543431936508076;0.08128534604155169;2.8672947859612323;3.1715383203066283;6.2;5.0;2.4413111231467406;0.3937598585720549;4.686859689255488;7.713140310744512;59.0;74.5;27.389779115575212;0.46423354433178327;42.02363902363054;75.97636097636946;0.16328614420141335;0.17254364300555067;0.03688889687966441;0.2259156590418473;0.14042216903729307;0.18615011936553363;1.0;1.0;0.0;0.0;1.0;1.0;ok
0.01;0.8;2;100.0;100.0;0.0;0.0;100.0;100.0;426.7;426.5;59.690954088538405;0.1398897447587026;389.703163356849;463.69683664315096;8.533999999999999;8.530000000000001;1.1938190817707681;0.13988974475870264;7.794063267136979;9.27393673286302;74.3;77.5;22.516882555096295;0.3030536010107173;60.34389160259924;88.25610839740075;1.6;1.0;0.9165151389911681;0.57282196186948;1.031938031549374;2.168061968450626;0.7260666898746205;0.7362703002031499;0.04907558478982352;0.06759101536292492;0.6956493272882711;0.75648405246097;0.3087348473407646;0.30404017569103625;0.06616703801305784;0.21431671410913422;0.2677240922957165;0.34974560238581276;2.2136969696969695;2.11;0.32415899741727167;0.14643332030293443;2.012781141545427;2.414612797848512;2.996393738684621;2.9330060846734347;0.2225302244677413;0.07426601570908009;2.858468076605489;3.134319400763753;5.6;5.0;2.2;0.3928571428571429;4.236425872935395;6.9635741270646045;72.3;75.0;18.039124147252824;0.24950379180156051;61.119235017227126;83.48076498277287;0.16040710206407008;0.1642156862745098;0.020934519707384747;0.13050868345606695;0.14743175232065467;0.1733824518074855;1.0;1.0;0.0;0.0;1.0;1.0;ok
0.01;0.85;2;100.0;100.0;0.0;0.0;100.0;100.0;459.4;461.0;64.97260961359025;0.1414292764771229;419.129559346836;499.67044065316395;9.188;9.22;1.299452192271805;0.14142927647712286;8.382591186936722;9.99340881306328;79.5;86.5;20.939197692366342;0.2633861344951741;66.52175081145381;92.47824918854619;1.9;1.0;1.2206555615733703;0.6424502955649317;1.1434298446277438;2.656570155372256;0.726925713733207;0.7420295832513536;0.04813054857555625;0.0662110964934457;0.6970940906609094;0.7567573368055046;0.3048483546811373;0.29894590564869117;0.05838204056892356;0.19151174566774196;0.2686627910424917;0.3410339183197829;2.1176161616161613;2.00040404040404;0.2688402812579514;0.1269542073445326;1.9509872289633823;2.2842450942689405;3.033977078086671;3.024467846974539;0.2893400057666214;0.09536657605504686;2.854642284546631;3.2133118716267113;6.2;5.0;2.3151673805580453;0.3734140936383944;4.765044390930507;7.634955609069493;68.8;71.0;19.53356086329372;0.2839180358036878;56.692973544259516;80.90702645574048;0.15626559296571313;0.15421568627450982;0.021907446693178127;0.1401936682119456;0.14268721682895644;0.16984396910246982;1.0;1.0;0.0;0.0;1.0;1.0;ok
0.01;0.9;2;100.0;100.0;0.0;0.0;100.0;100.0;497.8;501.0;74.72456088863956;0.15010960403503326;451.4852373254488;544.1147626745512;9.956;10.02;1.4944912177727911;0.15010960403503326;9.029704746508976;10.882295253491023;84.0;91.5;18.411952639521967;0.2191899123752615;72.58815352364044;95.41184647635956;2.4;3.0;1.2;0.5;1.6562322943283971;3.1437677056716025;0.7286929267594677;0.7333873025021562;0.044433676400432436;0.06097723028276275;0.701152648800381;0.7562332047185545;0.30092354903479096;0.3014343375499735;0.050488285263701076;0.16777778085378064;0.26963058562322734;0.3322165124463546;2.033111111111111;1.924040404040404;0.2144323818909547;0.10547007525514224;1.9002045438605006;2.166017678361721;3.125026305686985;3.213829605514942;0.33203985039750045;0.10625185771820471;2.9192258742522426;3.3308267371217277;7.0;6.0;2.4083189157584592;0.3440455593940656;5.507308471250674;8.492691528749326;65.8;75.0;23.63810483097154;0.35924171475640637;51.148950836202886;80.45104916379711;0.15012754137716128;0.14733873651469448;0.026025912958466017;0.1733586836880372;0.13399651340288868;0.16625856935143388;1.0;1.0;0.0;0.0;1.0;1.0;ok
0.01;0.95;2;100.0;100.0;0.0;0.0;100.0;100.0;537.8;532.5;87.42859943977142;0.16256712428369546;483.611192653833;591.9888073461669;10.755999999999998;10.65;1.7485719887954283;0.16256712428369546;9.672223853076659;11.839776146923338;88.7;95.5;14.812494725737457;0.16699543095532646;79.51912065213796;97.88087934786205;2.8;3.0;1.4000000000000001;0.5000000000000001;1.9322710100497966;3.667728989950203;0.7275921077566737;0.7279367262350991;0.04132998564342777;0.05680378498174917;0.7019755172587966;0.7532086982545508;0.297554866964349;0.2954585216452411;0.041836004111653384;0.1405992936309991;0.2716246429705222;0.32348509095817585;1.9723838383838384;1.9112121212121211;0.16639434256313115;0.08436204927509133;1.8692515563797427;2.075516120387934;3.0061356182149837;3.0018736715814693;0.22423331704025376;0.07459188324091695;2.8671543684231815;3.145116868006786;6.9;6.5;2.3853720883753127;0.34570609976453803;5.4215310622133455;8.378468937786655;72.6;80.5;21.735684944349003;0.29938959978442153;59.12808289811728;86.0719171018827;0.13907313052858944;0.13129175760793554;0.029824061144599335;0.21444876541747485;0.12058798591914924;0.15755827513802964;1.0;1.0;0.0;0.0;1.0;1.0;ok
0.01;1.0;2;100.0;100.0;0.0;0.0;100.0;100.0;580.5;568.0;102.41508677924361;0.17642564475321895;517.0224715667032;643.9775284332968;11.61;11.36;2.048301735584872;0.17642564475321895;10.340449431334065;12.879550568665934;91.9;98.0;11.7;0.12731229597388463;84.64826486970188;99.15173513029814;3.1;3.0;1.3;0.41935483870967744;2.294251652189097;3.905748347810903;0.7302283658356388;0.723794535734324;0.03968207907524149;0.05434201262481936;0.7056331584105792;0.7548235732606984;0.2983657036306132;0.29750993298303974;0.037675961876063264;0.12627443911149847;0.2750139005276713;0.32171750673355515;1.9334343434343435;1.895050505050505;0.12485489996921141;0.06457674675801646;1.8560484746910453;2.0108202121776415;3.0440310020603594;3.013644524883515;0.2684021339227241;0.0881732589914674;2.8776736359394706;3.210388368181248;7.1;7.0;2.1656407827707715;0.30501982855926363;5.757721936408108;8.442278063591893;75.6;78.0;15.094369811290566;0.19966097633982233;66.24441266408142;84.95558733591857;0.14110604587470837;0.14382348968392802;0.023865569435245253;0.169132153674238;0.1263140126885428;0.15589807906087394;1.0;1.0;0.0;0.0;1.0;1.0;ok
0.06;0.0;2;100.0;100.0;0.0;0.0;100.0;100.0;888.2;886.0;90.45971479061826;0.10184610987459836;832.1324878953953;944.2675121046047;17.764;17.72;1.809194295812365;0.10184610987459836;16.642649757907904;18.885350242092095;35.7;36.0;3.1;0.08683473389355742;33.778600093681696;37.62139990631831;5.1;5.0;1.0440306508910548;0.2047118923315794;4.452903098446608;5.747096901553391;0.5884094367333101;0.5910715911528033;0.01709873990506034;0.029059255065635784;0.577811527942425;0.5990073455241953;0.5183527836335559;0.5149701682116335;0.009543876150359254;0.01841193189599267;0.5124374279105837;0.524268139356528;2.185373737373738;2.1695959595959597;0.08766080942141433;0.04011250246228376;2.131041004789837;2.2397064699576386;4.969440520120413;5.098002170940073;1.5043423360728132;0.3027186521263287;4.037039480249134;5.901841559991692;17.7;19.5;4.9;0.27683615819209045;14.662948535174287;20.73705146482571;51.3;42.5;23.609531973336534;0.4602247948018818;36.66666047684261;65.93333952315739;0.1230786525886622;0.12226757008643924;0.013504498774303991;0.10972251068946137;0.11470847753065466;0.13144882764666974;1.0;1.0;0.0;0.0;1.0;1.0;ok
0.06;0.05;2;100.0;100.0;0.0;0.0;100.0;100.0;931.5;917.5;94.33795630603835;0.10127531541174273;873.028728900425;989.971271099575;18.630000000000003;18.35;1.886759126120767;0.10127531541174271;17.4605745780085;19.799425421991504;38.0;37.5;3.492849839314596;0.09191710103459463;35.8351092406313;40.1648907593687;5.4;5.0;1.3564659966250536;0.2511974067824173;4.559253664890534;6.240746335109467;0.5978565501661961;0.6001115035608493;0.015905155575961533;0.0266036318771453;0.5879984326069604;0.6077146677254318;0.5232404669494558;0.5203913081021159;0.009102450484475671;0.01739630448987225;0.517598709688766;0.5288822242101456;2.1425252525252527;2.144747474747475;0.07948427020023749;0.03709840530773424;2.093260391455409;2.1917901135950966;3.8754920494786385;3.20795559595849;1.4663624262671746;0.37836806463438394;2.9666312015888208;4.784352897368456;14.4;12.5;3.7202150475476548;0.25834826719080933;12.09418682456709;16.705813175432912;69.2;76.0;19.249935064825543;0.278178252381872;57.26876663542281;81.1312333645772;0.13228650964247235;0.13401398514573165;0.015651294634859415;0.11831361094309467;0.12258573672467264;0.14198728256027207;1.0;1.0;0.0;0.0;1.0;1.0;ok
0.06;0.1;2;100.0;100.0;0.0;0.0;100.0;100.0;980.0;958.0;101.8508713757521;0.10392946058750215;916.8721758968361;1043.127824103164;19.6;19.16;2.0370174275150417;0.10392946058750212;18.337443517936723;20.86255648206328;44.6;42.5;9.32952303175248;0.20918213075678205;38.817501716385905;50.3824982836141;5.8;5.0;1.2489995996796797;0.215344758565462;5.025862027801245;6.574137972198755;0.6076577413098229;0.6110264040013422;0.017753851284916928;0.029216860212540066;0.5966537902789749;0.6186616923406708;0.524768308228923;0.5231730975295741;0.009735786489797053;0.018552542783414335;0.5187340052452355;0.5308026112126104;2.0841010101010102;2.097272727272727;0.08122066641811501;0.038971559451515494;2.0337599195052434;2.134442100696777;4.723659561496716;4.789351055542382;1.3486997312574471;0.2855200959550321;3.887726807532334;5.559592315461098;19.3;17.0;6.277738446287803;0.32527142208745097;15.40901739916509;23.19098260083491;52.9;52.5;23.88493248891443;0.45151101113259795;38.09596546883249;67.70403453116751;0.11549089784316217;0.11679709163630758;0.01451549452786467;0.1256851821134585;0.10649410112509666;0.12448769456122769;1.0;1.0;0.0;0.0;1.0;1.0;ok
0.06;0.15;2;100.0;100.0;0.0;0.0;100.0;100.0;1036.7;1008.5;110.97932239836392;0.10705056660399721;967.9143033356498;1105.4856966643501;20.734;20.17;2.219586447967279;0.10705056660399724;19.358286066713;22.109713933287004;51.5;48.0;13.749545447032059;0.26698146499091374;42.97794344069461;60.02205655930539;6.1;5.0;1.374772708486752;0.22537257516176265;5.247907047324061;6.9520929526759385;0.6199328814696742;0.6201011833193946;0.020050613938013835;0.03234320123572066;0.6075053821980212;0.6323603807413272;0.527530528846791;0.520023436146972;0.011630067348362026;0.022046245122127727;0.5203221384230431;0.5347389192705388;2.0223838383838384;2.0481818181818183;0.09544824093337599;0.04719590768172485;1.9632244057426655;2.0815432710250112;4.114050941138198;3.8080454924857534;1.2250244363307772;0.29776598633751006;3.3547729291370394;4.873328953139357;17.7;15.5;4.879549159502341;0.27568074347470856;14.675624097437622;20.72437590256238;63.1;70.5;20.830026404207942;0.3301113534739769;50.18941587688613;76.01058412311387;0.11167114500133501;0.10905806674759572;0.014093172197617576;0.12620245093259402;0.1029361063754543;0.12040618362721572;1.0;1.0;0.0;0.0;1.0;1.0;ok
0.06;0.2;2;100.0;100.0;0.0;0.0;100.0;100.0;1091.1;1063.5;115.68962788426627;0.10603027026328135;1019.3948257487648;1162.805174251235;21.822;21.27;2.313792557685325;0.10603027026328132;20.387896514975296;23.256103485024703;59.3;54.5;15.106621064950295;0.2547490904713372;49.93681925839301;68.663180741607;6.6;6.0;1.4966629547095764;0.22676711434993585;5.67235869000998;7.5276413099900195;0.6302295834513256;0.6320711301665662;0.01991616664703415;0.03160144679017965;0.6178854154739607;0.6425737514286906;0.5290885043264513;0.5242146048482574;0.014205847086081528;0.026849661200191985;0.5202836290811709;0.5378933795717317;1.9642828282828284;1.971111111111111;0.09376261415664786;0.04773376461200087;1.9061681579419436;2.022397498623713;4.091368805195543;3.5911374415349995;1.26286693067521;0.3086661190434658;3.3086357721981763;4.87410183819291;18.7;16.5;6.165225056719342;0.32969117950370813;14.878753920512315;22.521246079487685;61.6;63.5;23.90062760682238;0.3879972014094542;46.786237533968624;76.41376246603137;0.10236253462737292;0.10279367611077606;0.01422325511517977;0.13894981368873127;0.09354686977387364;0.11117819948087221;1.0;1.0;0.0;0.0;1.0;1.0;ok
0.06;0.25;2;100.0;100.0;0.0;0.0;100.0;100.0;1147.4;1118.0;123.38735753714803;0.10753648033567023;1070.9237234797615;1223.8762765202387;22.948;22.36;2.4677471507429605;0.10753648033567023;21.41847446959523;24.477525530404773;65.0;60.0;15.836666315863324;0.24364102024405113;55.18433252396965;74.81566747603034;7.3;7.0;1.5524174696260022;0.2126599273460277;6.337801683643128;8.262198316356873;0.6404363333682854;0.6413323046382313;0.01882194166174173;0.029389247113370907;0.6287703730632535;0.6521022936733174;0.5319474158069818;0.527338523481452;0.015167866508590616;0.028513845650665417;0.5225462747461255;0.5413485568678381;1.9110101010101008;1.9170707070707071;0.08665415134140735;0.04534468514614582;1.8573013015683355;1.9647189004518661;4.364388086227058;4.265291383140232;1.1357547880220018;0.26023230876423803;3.6604399754831736;5.068336196970943;22.1;22.0;5.821511831131154;0.26341682493806123;18.491789584849577;25.708210415150425;49.1;40.0;22.655904307707516;0.4614237129879331;35.0577250276175;63.1422749723825;0.09908810320659996;0.09706333454477306;0.012485290804123382;0.12600191546800923;0.09134963979324529;0.10682656661995463;1.0;1.0;0.0;0.0;1.0;1.0;ok
0.06;0.3;2;100.0;100.0;0.0;0.0;100.0;100.0;1207.5;1179.5;126.40431163532358;0.10468265973939841;1129.1537959566642;1285.8462040433358;24.15;23.59;2.528086232706472;0.10468265973939843;22.583075919133282;25.716924080866715;71.6;68.5;14.157683426323672;0.19773300874753733;62.8249769003153;80.37502309968468;7.9;8.0;1.57797338380595;0.19974346630455062;6.921961963929828;8.878038036070173;0.6482907807942384;0.6460838660746411;0.01763550625542007;0.02720308043531691;0.6373601807726126;0.6592213808158642;0.5340158417703174;0.5300390774221946;0.017229036179634682;0.03226315556954014;0.5233371745117674;0.5446945090288673;1.8579999999999999;1.859191919191919;0.06865795291530734;0.03695261190274884;1.815445359903394;1.9005546400966058;3.641415762217953;3.3937331209029393;0.7262806378466324;0.19945007251911864;3.1912623591472045;4.091569165288702;18.9;17.5;4.52658811910251;0.2395020168837307;16.094391616778992;21.705608383221005;65.8;70.0;18.126224096595518;0.2754745303433969;54.56524990932152;77.03475009067847;0.091199109749057;0.08986363745748616;0.015296931326034149;0.1677311474654205;0.08171797348557326;0.10068024601254073;1.0;1.0;0.0;0.0;1.0;1.0;ok
0.06;0.35;2;100.0;100.0;0.0;0.0;100.0;100.0;1273.0;1247.0;133.6689941609497;0.10500313759697541;1190.1510990778997;1355.8489009221003;25.46;24.939999999999998;2.6733798832189932;0.10500313759697538;23.803021981557993;27.11697801844201;79.2;79.5;12.52038338071163;0.15808564874635897;71.43978598233271;86.9602140176673;8.7;8.5;1.676305461424021;0.1926787886694277;7.661015110793231;9.738984889206767;0.6597394172538712;0.6528892268903774;0.015203423634232544;0.023044588873461516;0.6503162376582158;0.6691625968495266;0.5359565182795184;0.5343216350182075;0.01829794990700729;0.03414073583011136;0.5246153314288278;0.547297705130209;1.8020606060606064;1.8013131313131314;0.05234661152343977;0.029048197018119195;1.7696158401002136;1.8345053720209992;3.628829371072153;3.4152452660326182;0.672300797640089;0.18526657742561614;3.2121330195871884;4.045525722557118;20.6;18.0;6.726068688320095;0.32650818875340265;16.4311394362488;24.768860563751204;64.8;74.5;22.604424345689498;0.3488337090384182;50.78963263864933;78.81036736135066;0.08340214172475223;0.07391185336988682;0.019658586744776572;0.2357084163336571;0.07121762342482835;0.09558666002467611;1.0;1.0;0.0;0.0;1.0;1.0;ok
0.06;0.4;2;100.0;100.0;0.0;0.0;100.0;100.0;1342.0;1315.5;148.0770069929832;0.11034054172353443;1250.2209202050926;1433.7790797949074;26.839999999999996;26.310000000000002;2.9615401398596632;0.11034054172353441;25.00441840410185;28.675581595898144;84.6;86.0;9.830564581955606;0.11620052697347052;78.5069529461853;90.6930470538147;9.4;9.0;1.4966629547095764;0.15921946326697622;8.472358690009981;10.32764130999002;0.6711072493972543;0.6620198328666748;0.015441036946602173;0.023008300030241555;0.6615367955447837;0.6806777032497249;0.5390719932379983;0.538055607875549;0.019874467122385005;0.036867927422841465;0.5267536708937799;0.5513903155822166;1.7608282828282824;1.757979797979798;0.04499262032926578;0.025551963679841402;1.732941567832906;1.7887149978236587;4.043581158807215;4.035891222260425;0.6766393021432512;0.16733664431823791;3.624195774371948;4.462966543242482;26.0;25.0;7.523297149521611;0.28935758267390815;21.337012116678835;30.662987883321165;49.6;42.5;24.307200579252232;0.49006452780750465;34.53424099489176;64.66575900510824;0.07724797014773578;0.07796903424370605;0.01304914822375702;0.16892545135879541;0.06916002428494208;0.08533591601052948;1.0;1.0;0.0;0.0;1.0;1.0;ok
0.06;0.45;2;100.0;100.0;0.0;0.0;100.0;100.0;1419.5;1400.5;156.1340769979443;0.10999230503553667;1322.7270964784047;1516.2729035215953;28.389999999999997;28.009999999999998;3.122681539958887;0.10999230503553671;26.45454192956809;30.325458070431903;90.0;93.5;9.011104260855047;0.10012338067616719;84.4148597152802;95.5851402847198;10.8;10.5;1.8867962264113207;0.1747033542973445;9.63055158301018;11.969448416989822;0.6822227994999653;0.6741639440736742;0.01657158077862742;0.02429057016384317;0.6719516273207392;0.6924939716791915;0.5430320814334281;0.5405618357313877;0.020431551625387203;0.03762494394705843;0.5303684745369904;0.5556956883298657;1.7252727272727273;1.7294949494949496;0.03865797375448657;0.022406876978572677;1.7013122669016543;1.7492331876438003;3.742169977324989;3.786443626358432;0.43693216352853254;0.11675903718325062;3.471356616656867;4.012983337993111;24.3;25.0;5.532630477449221;0.22768026656169632;20.87084010288234;27.72915989711766;58.9;53.0;22.91047795223836;0.3889724609887667;44.69993864801986;73.10006135198013;0.08120197207371135;0.07830768231570567;0.012300240960507304;0.1514771211386556;0.07357820374170769;0.08882574040571502;1.0;1.0;0.0;0.0;1.0;1.0;ok
0.06;0.5;2;100.0;100.0;0.0;0.0;100.0;100.0;1496.1;1491.5;166.66400331205296;0.11139897287083281;1392.800580532125;1599.3994194678748;29.921999999999997;29.83;3.333280066241058;0.11139897287083278;27.856011610642497;31.987988389357497;94.1;96.5;5.821511831131154;0.06186516292381673;90.49178958484957;97.70821041515042;11.6;11.0;1.9595917942265424;0.16893032708849504;10.385432422629354;12.814567577370646;0.6933255661523557;0.6889337922142544;0.0163555487576971;0.02358999805598259;0.6831882920069288;0.7034628402977827;0.5476644644817151;0.5448568705853422;0.021617571807368702;0.03947229226900196;0.5342657546605837;0.5610631743028466;1.7014747474747476;1.7034343434343433;0.035895874764656235;0.02109691890398684;1.6792262537940945;1.7237232411554007;3.4447763981540858;3.3549820921230307;0.3579277991393143;0.10390450867322276;3.2229304498524742;3.6666223464556973;22.1;22.5;3.5902646142032486;0.1624554124073868;19.874730937616757;24.325269062383246;69.0;75.5;16.834488409215172;0.24397809288717642;58.565875983102366;79.43412401689763;0.07425809435805378;0.07509601413333505;0.009267763116582492;0.12480475289192958;0.06851387526644673;0.08000231344966083;1.0;1.0;0.0;0.0;1.0;1.0;ok
0.06;0.55;2;100.0;100.0;0.0;0.0;100.0;100.0;1575.5;1572.0;177.92371961039933;0.11293158972415064;1465.2217360673465;1685.7782639326535;31.51;31.439999999999998;3.558474392207988;0.11293158972415067;29.30443472134693;33.715565278653074;96.8;98.5;3.4292856398964497;0.03542650454438481;94.67450673960137;98.92549326039862;13.2;13.0;2.181742422927143;0.16528351688841994;11.84774203644423;14.55225796355577;0.7044194191740554;0.7042171110781044;0.018423347783156897;0.026153946472342583;0.6930005099144982;0.7158383284336125;0.552207233830425;0.5488843188063398;0.023086245527483527;0.041807213149570914;0.5378982306066352;0.5665162370542148;1.6826060606060604;1.682929292929293;0.03652449829381279;0.021707100163811947;1.6599679420253974;1.7052441791867234;3.458377480649717;3.349762919423665;0.30427825599603076;0.08798295087755045;3.2697838636931134;3.6469710976063205;23.9;24.0;3.5341194094144583;0.14787110499642087;21.709530096075273;26.090469903924724;64.8;60.5;18.57848217697022;0.28670497186682437;53.28493744697841;76.31506255302159;0.07018122460214493;0.07064758716091932;0.00783456367412002;0.11163332812349606;0.06532531172811298;0.07503713747617688;1.0;1.0;0.0;0.0;1.0;1.0;ok
0.06;0.6;2;100.0;100.0;0.0;0.0;100.0;100.0;1659.7;1652.0;193.19371107776777;0.11640279031015711;1539.9572973012553;1779.4427026987448;33.194;33.04;3.8638742215553545;0.11640279031015709;30.799145946025106;35.5888540539749;97.8;99.0;2.3579652245103193;0.024110073870248664;96.33851801242712;99.26148198757288;13.8;14.0;1.9390719429665317;0.1405124596352559;12.598150758206339;15.001849241793662;0.7147612229921034;0.7140380637873689;0.019092153680862214;0.026711233159710933;0.702927783542483;0.7265946624417239;0.5581296436768638;0.5543452892423741;0.025067642143377467;0.044913654788582946;0.5425925581072166;0.573666729246511;1.6649696969696972;1.6662626262626263;0.03920609969430093;0.023547635591000482;1.6406695046213953;1.6892698893179992;3.4625104487126217;3.365190195151216;0.29116703832336727;0.08409130965413392;3.2820432486618163;3.642977648763427;24.7;25.0;3.348133808556641;0.13555197605492475;22.624805165773584;26.775194834226415;66.0;61.0;15.0996688705415;0.22878286167487122;56.641128273130356;75.35887172686964;0.07399403904696351;0.07119269353669838;0.008465151034183143;0.11440314845916667;0.0687472840779152;0.07924079401601183;1.0;1.0;0.0;0.0;1.0;1.0;ok
0.06;0.65;2;100.0;100.0;0.0;0.0;100.0;100.0;1740.5;1724.5;200.31437791631433;0.11509013382149631;1616.3438622701237;1864.6561377298763;34.809999999999995;34.489999999999995;4.006287558326287;0.11509013382149634;32.32687724540247;37.29312275459752;98.6;99.0;1.2;0.012170385395537525;97.8562322943284;99.3437677056716;15.0;14.5;2.6832815729997477;0.17888543819998318;13.336884850649241;16.66311514935076;0.7244929243172795;0.7260862016906797;0.018938499163498577;0.026140350758214966;0.7127547209241971;0.7362311277103619;0.5641054333982722;0.5597703607075439;0.026533393069301314;0.04703623028315717;0.5476598659925747;0.5805510008039698;1.6483838383838385;1.6516161616161615;0.040467551094204954;0.024549834906098966;1.6233017903576008;1.6734658864100762;3.561004741958969;3.4820319345091093;0.2671624077817087;0.07502444594744856;3.39541576606105;3.726593717856888;26.9;25.5;6.0074953183502355;0.22332696350744372;23.176515825198123;30.623484174801874;67.6;73.0;21.914378841299612;0.324177201794373;54.01732727332355;81.18267272667643;0.06813483540980539;0.06930098306755214;0.010265035048473212;0.15065766265865163;0.06177250077093746;0.07449717004867332;1.0;1.0;0.0;0.0;1.0;1.0;ok
0.06;0.7;2;100.0;100.0;0.0;0.0;100.0;100.0;1816.4;1804.0;208.6692119120595;0.11488064958822918;1687.0654825098884;1945.7345174901118;36.327999999999996;36.08;4.17338423824119;0.1148806495882292;33.74130965019776;38.91469034980223;98.9;99.0;0.30000000000000004;0.003033367037411527;98.71405807358211;99.0859419264179;16.3;15.5;2.6851443164195103;0.1647327801484362;14.635730310316264;17.964269689683736;0.7323123637215927;0.7337942394141894;0.02014280177171661;0.027505751329052273;0.7198277258386364;0.744797001604549;0.5711848985661392;0.5676897579944069;0.02793893447107713;0.048913993596842266;0.5538681675740873;0.5885016295581911;1.6330505050505049;1.6355555555555554;0.04215539634587058;0.025813896272955043;1.6069223196989673;1.6591786904020425;3.454229069607007;3.354009905519235;0.2212432833281875;0.06404997435603155;3.317101061910125;3.591357077303889;25.7;25.5;4.001249804748511;0.15569065388126502;23.219999677419374;28.180000322580625;74.1;82.5;16.336768346279506;0.2204692084518152;63.97436607416602;84.22563392583398;0.06663971880552047;0.06184791464067205;0.01621385218160646;0.24330613142178048;0.056590269107843844;0.0766891685031971;1.0;1.0;0.0;0.0;1.0;1.0;ok
0.06;0.75;2;100.0;100.0;0.0;0.0;100.0;100.0;1893.9;1873.5;220.13698008285658;0.11623474316640613;1757.4576861585822;2030.342313841418;37.878;37.47;4.402739601657132;0.11623474316640614;35.14915372317164;40.60684627682836;99.0;99.0;0.0;0.0;99.0;99.0;17.9;18.0;2.7;0.15083798882681568;16.226522662238892;19.573477337761105;0.7393803057712982;0.7373512130305383;0.021119483567222295;0.02856376265687942;0.7262903142398298;0.7524702973027666;0.578099970714585;0.5738068992512111;0.030234788830563297;0.05230027739525796;0.5593602544479405;0.5968396869812295;1.6173939393939392;1.6215151515151516;0.04447211718845584;0.02749615669088026;1.5898298355875922;1.6449580432002862;3.5024980192337223;3.4281654433053053;0.21879066563501545;0.06246703479446437;3.36689015973229;3.6381058787351543;27.4;25.5;4.409081537009721;0.16091538456239857;24.667222950916045;30.132777049083952;71.9;84.0;18.113254815189897;0.2519228764282322;60.673288353217586;83.12671164678243;0.07027724989776922;0.06782656758244354;0.01478706413115217;0.21041039813969084;0.061112132595730964;0.07944236719980748;1.0;1.0;0.0;0.0;1.0;1.0;ok
0.06;0.8;2;100.0;100.0;0.0;0.0;100.0;100.0;1971.0;1942.0;225.47815858747828;0.1143978480910595;1831.2471894236112;2110.7528105763886;39.42;38.84;4.509563171749566;0.1143978480910595;36.62494378847222;42.21505621152778;99.0;99.0;0.0;0.0;99.0;99.0;19.6;20.0;2.90516780926679;0.1482228474115709;17.799358336592203;21.4006416634078;0.7458136186394567;0.7450665489465053;0.021366535752848664;0.028648626438099054;0.7325705025769179;0.7590567347019955;0.5851847959862948;0.5794169231636634;0.031094033434732618;0.05313540893065316;0.5659125143964389;0.6044570775761507;1.601818181818182;1.6076767676767676;0.04555114314898553;0.028437149525473368;1.5735852907926489;1.6300510728437152;3.4908945142843484;3.4157387360133846;0.14206251886938595;0.0406951623110014;3.4028432528498382;3.5789457757188585;26.6;26.0;3.555277766926235;0.1336570589070013;24.396416010223348;28.803583989776655;82.1;87.5;12.493598360760604;0.1521753758923338;74.35638750969548;89.84361249030451;0.07240204167459134;0.07062380084452954;0.011521886761875575;0.1591375946780662;0.06526070227301783;0.07954338107616485;1.0;1.0;0.0;0.0;1.0;1.0;ok
0.06;0.85;2;100.0;100.0;0.0;0.0;100.0;100.0;2045.8;2015.0;229.2478135119286;0.11205778351350504;1903.7107330950012;2187.8892669049987;40.916;40.3;4.584956270238573;0.11205778351350507;38.07421466190002;43.75778533809997;99.0;99.0;0.0;0.0;99.0;99.0;20.3;21.0;3.287856444554719;0.1619633716529418;18.26216546304662;22.33783453695338;0.7524762078616356;0.7511398325479602;0.020967331168941554;0.027864444018138312;0.7394805213636519;0.7654718943596193;0.5920837662340463;0.5862801134175145;0.031779134907390164;0.05367337650468212;0.5723868543521314;0.6117806781159613;1.5867070707070705;1.5929292929292929;0.04631268959836943;0.02918792665222794;1.5580021683020202;1.6154119731121208;3.5083478351960857;3.511308577382457;0.14729448879584378;0.04198400378610444;3.417053765204622;3.5996419051875495;27.6;27.5;3.7202150475476548;0.13479040027346575;25.29418682456709;29.90581317543291;82.5;87.0;12.03536455617361;0.1458832067414983;75.04040376427785;89.95959623572215;0.07795851476645026;0.0730046660424693;0.013395866817897712;0.1718332738640459;0.06965567049259182;0.0862613590403087;1.0;1.0;0.0;0.0;1.0;1.0;ok
0.06;0.9;2;100.0;100.0;0.0;0.0;100.0;100.0;2112.6;2091.0;230.99922077790652;0.1093435675366404;1969.4251996250737;2255.774800374926;42.251999999999995;41.82;4.61998441555813;0.1093435675366404;39.38850399250147;45.11549600749852;99.0;99.0;0.0;0.0;99.0;99.0;21.5;22.0;3.2326459750489227;0.15035562674646152;19.496385266574435;23.503614733425565;0.756668612126657;0.7580988856563748;0.020793232616019477;0.02747997245132053;0.7437808330297297;0.7695563912235843;0.5988246795623156;0.5931741595336892;0.03186523226723431;0.05321295757303255;0.5790744039839042;0.6185749551407269;1.5732121212121213;1.5775757575757576;0.04666650924806195;0.029663202195586026;1.5442879191161765;1.602136323308066;3.4824814623021125;3.459737112543732;0.17267429751539826;0.04958369466847097;3.375456823892543;3.589506100711682;27.9;27.0;3.6180105030251086;0.12967779580735156;25.65753385755771;30.142466142442288;85.6;89.5;11.629273408085304;0.1358559977580059;78.39210166553384;92.80789833446615;0.08324193684943024;0.0804341011376975;0.013352344820928602;0.16040406225867382;0.07496606778876509;0.09151780591009538;1.0;1.0;0.0;0.0;1.0;1.0;ok
0.06;0.95;2;100.0;100.0;0.0;0.0;100.0;100.0;2179.8;2172.0;235.1985544173263;0.10789914414961294;2034.0224256697898;2325.5775743302106;43.596000000000004;43.44;4.703971088346526;0.10789914414961294;40.680448513395795;46.51155148660421;99.0;99.0;0.0;0.0;99.0;99.0;22.2;23.0;3.5721142198983507;0.16090604594136715;19.985980668557747;24.41401933144225;0.7614258036195218;0.766268991518734;0.0210753368428772;0.027678779393465854;0.748363174511286;0.7744884327277577;0.6063834369456387;0.6006272498270526;0.03212277786571108;0.05297436557224242;0.58647353295149;0.6262933409397874;1.5596363636363637;1.5612121212121213;0.04751485947824775;0.03046534473424605;1.5301863486201597;1.5890863786525677;3.515491308018569;3.527132634110884;0.16706938411584552;0.04752376537947141;3.4119406309253937;3.619041985111744;28.8;27.5;3.2186953878862163;0.11176025652382696;26.805031930080084;30.794968069919918;86.4;90.5;10.864621484432856;0.1257479338476025;79.66603783794415;93.13396216205587;0.08269685126029253;0.08347103206530321;0.01707660541409667;0.2064964403583782;0.0721126615690409;0.09328104095154414;1.0;1.0;0.0;0.0;1.0;1.0;ok
0.06;1.0;2;100.0;100.0;0.0;0.0;100.0;100.0;2239.4;2237.0;242.3663342958341;0.10822824609084312;2089.179789673959;2389.620210326041;44.788;44.739999999999995;4.847326685916681;0.10822824609084311;41.78359579347918;47.792404206520814;99.0;99.0;0.0;0.0;99.0;99.0;24.0;24.5;4.147288270665544;0.17280367794439766;21.429484098473615;26.570515901526385;0.7636167436381662;0.7712145433253486;0.02142128250312307;0.02805240021462046;0.7503396951882569;0.7768937920880755;0.6125353034433829;0.6072682812983583;0.03293402157116583;0.05376673211491058;0.5921225853912787;0.6329480214954871;1.5475959595959596;1.5480808080808082;0.04896289581734021;0.031638035440544346;1.5172484423583756;1.5779434768335436;3.5047472155228183;3.493573704297196;0.1517289127969255;0.04329239841461474;3.410704661060305;3.5987897699853315;29.4;28.5;3.3823069050575527;0.11504445255297799;27.303624461123434;31.496375538876563;87.6;92.0;10.594338110519221;0.12093993276848426;81.03356120869158;94.16643879130841;0.0851864466923696;0.08899327859595257;0.02059649344248664;0.24178134248122746;0.07242060779853753;0.09795228558620168;1.0;1.0;0.0;0.0;1.0;1.0;ok
0.11;0.0;2;100.0;100.0;0.0;0.0;100.0;100.0;1561.7;1565.0;135.2006286967631;0.08657272760246083;1477.9017821573752;1645.4982178426249;31.234;31.3;2.7040125739352625;0.08657272760246086;29.558035643147505;32.9099643568525;53.3;52.5;4.148493702538308;0.07783290248664743;50.72873696405832;55.87126303594167;11.7;12.0;1.7349351572897471;0.14828505617861087;10.624676048811335;12.775323951188664;0.6172982760835027;0.6133925813353274;0.017911292318534364;0.029015620183121135;0.606196742089028;0.6283998100779775;0.5752118033212892;0.5703351295744113;0.017187659595540552;0.02988057528774361;0.5645587815352561;0.5858648251073223;1.7751313131313133;1.765050505050505;0.04746051366247964;0.026736339622537436;1.745714982000698;1.8045476442619286;6.582576768592351;5.037564901606422;3.6468259549747515;0.5540119140539254;4.322250623996332;8.84290291318837;30.2;29.5;9.325234581499814;0.30878260203641766;24.420159725390327;35.97984027460967;55.9;54.0;25.339494864736352;0.4533004448074482;40.1944183679814;71.6055816320186;0.12753234731373636;0.12186390734650329;0.017916703649223802;0.1404875235703751;0.11642745934175201;0.13863723528572072;1.0;1.0;0.0;0.0;1.0;1.0;ok
0.11;0.05;2;100.0;100.0;0.0;0.0;100.0;100.0;1631.6;1621.5;143.5278370212552;0.08796753923832754;1542.6405249655777;1720.5594750344221;32.632;32.43;2.8705567404251044;0.08796753923832755;30.852810499311552;34.411189500688444;57.1;56.0;6.28410693734599;0.11005441221271435;53.205070167512645;60.99492983248736;12.6;12.0;1.7435595774162693;0.13837774423938645;11.519330577836126;13.680669422163874;0.6266646301459856;0.6213334229852239;0.019926454248178883;0.0317976367096654;0.6143140858473705;0.6390151744446008;0.5821296647599923;0.5770516564592085;0.018570392386777265;0.03190078346966513;0.57061961631088;0.5936397132091046;1.7448282828282828;1.742929292929293;0.048451036189812745;0.02776836933848639;1.7147980194746921;1.7748585461818736;6.059985388962891;4.404294030756462;3.486048036867524;0.5752568386083399;3.8993104304279305;8.220660347497851;30.1;27.5;9.883825170448938;0.32836628473252283;23.973941691429964;36.22605830857004;60.0;63.0;27.5826032128949;0.4597100535482483;42.90412540991248;77.09587459008752;0.1293027406205441;0.1293405749018433;0.015057091844109107;0.11644835810786196;0.11997025840806105;0.13863522283302712;1.0;1.0;0.0;0.0;1.0;1.0;ok
0.11;0.1;2;100.0;100.0;0.0;0.0;100.0;100.0;1710.8;1690.0;148.86557694779543;0.08701518409387154;1618.5321594833822;1803.0678405166177;34.215999999999994;33.8;2.977311538955908;0.08701518409387154;32.37064318966764;36.06135681033235;64.5;63.5;9.562949335848225;0.14826278040074767;58.572822594185325;70.42717740581467;13.4;13.0;1.6852299546352716;0.1257634294503934;12.355483652593222;14.444516347406779;0.6383076809807441;0.6306274537249379;0.019886905661472387;0.031155673437795146;0.6259816491501267;0.6506337128113615;0.5896238129578688;0.5831315988987895;0.019052867438672273;0.032313598976087626;0.5778147233734301;0.6014329025423075;1.7077171717171715;1.7138383838383837;0.04695079884835535;0.027493310734320615;1.6786167651014297;1.7368175783329134;6.490746027515003;4.285986971305272;5.03137028453145;0.7751605536871886;3.3722704167564737;9.609221638273533;32.2;29.0;11.478675881825396;0.35648061744799364;25.08544297935564;39.314557020644365;59.2;62.5;25.748009631814263;0.43493259513199767;43.24121829211265;75.15878170788736;0.12194629859593502;0.12349118255262304;0.01549044958215527;0.1270268122977833;0.11234521847465063;0.13154737871721942;1.0;1.0;0.0;0.0;1.0;1.0;ok
0.11;0.15;2;100.0;100.0;0.0;0.0;100.0;100.0;1784.8;1759.0;153.57981638223168;0.08604875413616746;1689.6102436099345;1879.9897563900654;35.696000000000005;35.18000000000001;3.071596327644633;0.08604875413616743;33.792204872198695;37.599795127801315;71.9;67.0;11.802118453904791;0.1641462928220416;64.58497119622896;79.21502880377105;14.2;14.0;1.7776388834631176;0.12518583686359983;13.098208005111672;15.301791994888326;0.6485956015920752;0.6415333369284947;0.01993971615726188;0.03074290992463849;0.6362368374770505;0.6609543657070999;0.5956715215596234;0.5891253328444934;0.019723616480074226;0.03311156529429618;0.5834466974121806;0.6078963457070663;1.6757373737373737;1.683838383838384;0.045317634437615176;0.027043399012187625;1.6476492129105993;1.7038255345641482;5.537153275698102;4.595796368521503;2.6098392327840716;0.47133230792767494;3.9195581604151473;7.154748390981056;33.5;29.0;12.101652779682617;0.36124336655769007;25.99931789768424;41.000682102315764;58.6;63.0;29.883774861954773;0.5099620283610029;40.077844445097654;77.12215555490235;0.10709897032175093;0.10031939273680117;0.022338627758330395;0.2085792953118019;0.09325334539202979;0.12094459525147208;1.0;1.0;0.0;0.0;1.0;1.0;ok
0.11;0.2;2;100.0;100.0;0.0;0.0;100.0;100.0;1870.1;1843.0;160.00278122582745;0.08555840929673678;1770.9292487554924;1969.2707512445074;37.402;36.86;3.2000556245165486;0.08555840929673676;35.41858497510985;39.38541502489015;78.9;77.5;9.491575211733824;0.12029879862780511;73.01706073463274;84.78293926536728;14.7;14.5;1.4177446878757827;0.09644521686229815;13.821272738558772;15.578727261441227;0.6601854405517749;0.6519144051320741;0.019414076734595484;0.029407005277743536;0.6481524711262561;0.6722184099772937;0.6025489458451273;0.5968230465111684;0.021242436868709788;0.03525429264325643;0.5893827470678655;0.6157151446223891;1.643151515151515;1.6525252525252525;0.03912774085059108;0.02381261891541579;1.6188998901177174;1.6674031401853127;7.242715942535694;6.436005997138843;4.064806555435309;0.5612268364085821;4.723322737756519;9.76210914731487;40.9;41.0;12.833160171991933;0.313769197359216;32.945924918634475;48.85407508136552;45.7;31.0;26.862799556263674;0.5878074301151788;29.050264338434683;62.34973566156532;0.10632525228778507;0.11049282026006008;0.02100532868671379;0.19755728986995255;0.09330601468428922;0.11934448989128092;1.0;1.0;0.0;0.0;1.0;1.0;ok
0.11;0.25;2;100.0;100.0;0.0;0.0;100.0;100.0;1958.4;1917.0;165.81568080251037;0.08466895465814459;1855.6263762709518;2061.1736237290484;39.168;38.34;3.316313616050207;0.08466895465814459;37.11252752541903;41.223472474580966;85.0;85.5;8.07465169527454;0.09499590229734753;79.99527902875695;90.00472097124305;15.9;15.5;1.9209372712298547;0.12081366485722356;14.709390744198584;17.090609255801414;0.6724539983833623;0.6644481303488994;0.01881559984870451;0.027980501110765707;0.660791968774774;0.6841160279919506;0.6101928873417806;0.6036594648881943;0.022097300237384637;0.03621363128903127;0.5964968387592005;0.6238889359243607;1.613353535353535;1.6247474747474748;0.03650437970684971;0.022626398310678062;1.5907278864022611;1.635979184304809;6.844637843850441;6.418299560850384;2.865872539361375;0.41870331268676486;5.06835164106039;8.620924046640491;44.1;45.5;12.128066622508305;0.27501284858295477;36.582946428287215;51.61705357171279;40.4;28.0;23.29892701392062;0.576706114205956;25.95917542520511;54.84082457479489;0.09306113037639693;0.08775204788106061;0.023431621193686324;0.251787412197921;0.07853806109690178;0.10758419965589208;1.0;1.0;0.0;0.0;1.0;1.0;ok
0.11;0.3;2;100.0;100.0;0.0;0.0;100.0;100.0;2053.7;2015.5;173.76826522699707;0.08461229255830797;1945.9973133779847;2161.402686622015;41.074;40.31;3.4753653045399417;0.08461229255830797;38.919946267559695;43.2280537324403;90.4;92.0;6.216108107168022;0.0687622578226551;86.54721627910416;94.25278372089585;16.9;16.5;2.3853720883753127;0.14114627741865757;15.421531062213344;18.378468937786653;0.6862067804050489;0.6800984446078867;0.01921162716896903;0.027996848351788273;0.6742992905203137;0.6981142702897841;0.6190868506964741;0.6135533385973966;0.0227798804255607;0.03679593646664161;0.6049677345301467;0.6332059668628014;1.58779797979798;1.5975757575757576;0.036197848785646074;0.022797515330162863;1.5653623206800236;1.6102336389159364;5.672094533124512;5.298173994967668;1.6258785455675744;0.2866451777333034;4.664364570176614;6.67982449607241;43.5;42.5;11.155716023635597;0.2564532419226574;36.585615573313845;50.414384426686155;45.8;34.5;21.48394749574668;0.4690818230512376;32.48411138526609;59.115888614733905;0.09478466268120228;0.09136030841484055;0.017846322308812244;0.18828280656371985;0.08372339751595126;0.1058459278464533;1.0;1.0;0.0;0.0;1.0;1.0;ok
0.11;0.35;2;100.0;100.0;0.0;0.0;100.0;100.0;2153.3;2119.5;183.3576014241024;0.08515190703761778;2039.6537812261229;2266.9462187738777;43.066;42.39;3.6671520284820476;0.08515190703761778;40.79307562452246;45.338924375477546;94.7;96.5;4.539823785126467;0.047939005122771564;91.88618806598593;97.51381193401407;18.5;19.0;2.6172504656604803;0.14147299814380973;16.87781135498981;20.12218864501019;0.7004986792069909;0.6978552774398521;0.01971809222063099;0.028148650105883317;0.6882772790310244;0.7127200793829574;0.6285588220793086;0.6231340658759741;0.023862053282665528;0.03796311887522076;0.6137689682270905;0.6433486759315267;1.5653737373737373;1.573232323232323;0.03723361118474746;0.0237857645722453;1.5422961060697806;1.588451368677694;4.625479929853131;4.220905150715088;1.041934474510798;0.2252597547307662;3.979682251880595;5.271277607825667;39.8;39.0;8.89719056781409;0.2235475017038716;34.28546415371157;45.31453584628842;56.8;60.5;20.42939059296679;0.3596723695944858;44.137732525333384;69.4622674746666;0.09158091736548009;0.0870027221822611;0.019618077215380943;0.21421577529180388;0.07942150713200323;0.10374032759895695;1.0;1.0;0.0;0.0;1.0;1.0;ok
0.11;0.4;2;100.0;100.0;0.0;0.0;100.0;100.0;2243.7;2198.0;194.4906424484222;0.08668299792682721;2123.1534509096173;2364.2465490903824;44.874;43.96;3.8898128489684436;0.0866829979268272;42.46306901819235;47.284930981807655;97.2;98.5;2.9933259094191533;0.030795534047522152;95.34471738001996;99.05528261998005;20.2;20.0;2.521904042583698;0.12484673478137119;18.63690768026965;21.763092319730347;0.712904837877997;0.710203676481935;0.021805256997810718;0.030586490425167184;0.6993897995706292;0.7264198761853647;0.6371409505164193;0.6292096306495021;0.025142635713403697;0.039461653960595276;0.6215573834505066;0.652724517582332;1.5467272727272727;1.555959595959596;0.039291038878469145;0.025402693526693346;1.5223744345271955;1.57108011092735;5.015743012912411;4.7388776657805325;1.234963931763426;0.24621754515416036;4.25030443781669;5.781181588008132;44.6;43.0;11.689311356961968;0.2620921828915239;37.354889759292824;51.84511024070718;50.6;48.5;24.46303333603582;0.4834591568386526;35.43765485157392;65.76234514842608;0.08297337008602561;0.07821686697611444;0.016836834568590274;0.20291853339371516;0.07253779190448167;0.09340894826756954;1.0;1.0;0.0;0.0;1.0;1.0;ok
0.11;0.45;2;100.0;100.0;0.0;0.0;100.0;100.0;2338.7;2298.5;200.64498498591985;0.0857933830700474;2214.338949885424;2463.0610501145757;46.773999999999994;45.97;4.012899699718397;0.08579338307004741;44.28677899770848;49.26122100229151;98.1;99.0;1.7578395831246945;0.017918854058355704;97.01047973860051;99.18952026139948;22.5;22.0;2.80178514522438;0.12452378423219466;20.763435575626403;24.236564424373597;0.7255855720824849;0.7246953477393736;0.021071885824474668;0.029041213931523997;0.7125250819376153;0.7386460622273544;0.6464665197349716;0.6402648611189043;0.025845462778234473;0.039979584385638714;0.6304473359411481;0.6624857035287951;1.5275353535353535;1.5356565656565655;0.04053434040119592;0.026535778898591485;1.5024119090677626;1.5526587980029445;4.145459928083757;4.049539914934657;0.5651728619778984;0.1363353817869734;3.795162159032795;4.49575769713472;39.1;38.5;6.4257295305669375;0.16434090871015186;35.11729157481997;43.08270842518003;64.6;67.0;20.919847035769646;0.32383664142058277;51.6337444726706;77.56625552732939;0.08188118950280335;0.07817116679121835;0.020187560898686365;0.24654699108878003;0.06936880962553525;0.09439356938007144;1.0;1.0;0.0;0.0;1.0;1.0;ok
0.11;0.5;2;100.0;100.0;0.0;0.0;100.0;100.0;2427.0;2391.5;203.15806653933285;0.08370748518307905;2301.081325801135;2552.918674198865;48.54;47.83;4.063161330786657;0.08370748518307905;46.02162651602269;51.058373483977306;98.8;99.0;0.6;0.006072874493927126;98.42811614716419;99.1718838528358;24.3;25.0;2.4515301344262523;0.10088601376239721;22.78052588044416;25.819474119555842;0.7370472177586945;0.7365967882572197;0.021169281023870334;0.02872174334806464;0.7239263614438267;0.7501680740735623;0.6558490515348689;0.649663605057538;0.026161966806720206;0.03989022587666161;0.6396336965117931;0.6720644065579447;1.5096969696969698;1.516868686868687;0.041042033644309674;0.027185610402694082;1.484258853697199;1.5351350856967405;4.008127255747759;3.6941046507580726;0.6666137484334698;0.16631551492720903;3.594955773879835;4.421298737615683;38.0;35.0;7.8230428862431785;0.20586954963797838;33.15122778427363;42.84877221572637;72.8;80.0;19.943921379708655;0.27395496400698705;60.43862946109938;85.16137053890061;0.07228840355872237;0.06641799668259843;0.015642457816109522;0.21638958734788785;0.06259310775792853;0.08198369935951622;1.0;1.0;0.0;0.0;1.0;1.0;ok
0.11;0.55;2;100.0;100.0;0.0;0.0;100.0;100.0;2515.9;2489.0;206.9345065473615;0.08225068824172721;2387.6406640341534;2644.159335965847;50.318;49.78;4.138690130947229;0.0822506882417272;47.75281328068306;52.88318671931694;99.0;99.0;0.0;0.0;99.0;99.0;26.4;27.0;2.870540018881465;0.10873257647278277;24.620820863431675;28.179179136568322;0.747098251476737;0.7469866102461757;0.02022685805788804;0.02707389291556635;0.7345615149678533;0.7596349879856208;0.6648749833195758;0.6603454162119486;0.026570792064701376;0.03996359124844674;0.6484062357763757;0.681343730862776;1.4917373737373736;1.4971717171717172;0.0418049508176488;0.028024336960138892;1.4658263967745762;1.517648350700171;3.918977627137952;3.7793940744131174;0.3271266850430051;0.08347245536124871;3.7162224071392913;4.121732847136613;38.1;37.0;4.253234063627347;0.11163343999021907;35.46381821567632;40.73618178432368;75.9;81.0;14.740759817594208;0.19421290932271681;66.76358240884318;85.03641759115683;0.07088676729212204;0.06751397904151504;0.01441607632260035;0.20336766470379689;0.06195159061608272;0.07982194396816135;1.0;1.0;0.0;0.0;1.0;1.0;ok
0.11;0.6;2;100.0;100.0;0.0;0.0;100.0;100.0;2602.0;2587.5;214.7049137770256;0.0825153396529691;2468.9245157363684;2735.0754842636316;52.04;51.75;4.294098275540513;0.08251533965296912;49.37849031472737;54.701509685272626;99.0;99.0;0.0;0.0;99.0;99.0;27.7;28.5;3.0675723300355937;0.11074268339478678;25.798698971756444;29.601301028243554;0.7567150093937662;0.7570337765513104;0.02049965354616189;0.027090322369295882;0.7440091924895232;0.7694208262980092;0.6744731304870981;0.6711443960635264;0.02756128617839659;0.04086343092495336;0.6573904683318778;0.6915557926423185;1.4743434343434345;1.4772727272727273;0.04337473005596477;0.029419692213897723;1.4474594981285596;1.5012273705583095;3.9163458719048228;3.8847563084841514;0.23689990150688509;0.06049003567492937;3.7695137917234858;4.06317795208616;38.9;38.5;3.5902646142032486;0.09229472015946655;36.67473093761676;41.12526906238324;77.6;80.5;12.467557900406959;0.16066440593307937;69.8725275542387;85.32747244576129;0.07606427401831004;0.0750766733979231;0.012732273715709409;0.167388355177682;0.06817272901038;0.08395581902624007;1.0;1.0;0.0;0.0;1.0;1.0;ok
0.11;0.65;2;100.0;100.0;0.0;0.0;100.0;100.0;2679.4;2669.0;222.02981781733732;0.08286549892413873;2541.784493176096;2817.015506823904;53.588;53.379999999999995;4.440596356346747;0.08286549892413875;50.83568986352192;56.34031013647808;99.0;99.0;0.0;0.0;99.0;99.0;29.5;30.5;2.692582403567252;0.09127397978194074;27.831120136139212;31.168879863860788;0.764853460196598;0.7639709186045507;0.02091761787515831;0.027348530095924056;0.7518885863173298;0.7778183340758661;0.683327564644949;0.6803838487584533;0.028749032341625364;0.04207210981831694;0.6655087297907746;0.7011463994991235;1.4587070707070706;1.4608080808080808;0.044854508649967186;0.03074949696941218;1.430905958217393;1.4865081831967482;3.933925877574019;3.8833846537849945;0.14979820026920684;0.038078551790504164;3.8410799911340496;4.026771764013988;39.7;39.0;2.968164415931166;0.07476484674889587;37.86031263525565;41.53968736474435;79.5;81.0;10.288342918079666;0.12941311846641088;73.12321899388101;85.87678100611899;0.07553117838047288;0.0722700715771164;0.012841000600658353;0.17000927134983165;0.06757224375107343;0.08349011300987233;1.0;1.0;0.0;0.0;1.0;1.0;ok
0.11;0.7;2;100.0;100.0;0.0;0.0;100.0;100.0;2755.0;2759.0;224.33011389467978;0.08142653861875854;2615.958754896254;2894.041245103746;55.09999999999999;55.18;4.486602277893597;0.08142653861875858;52.31917509792506;57.88082490207491;99.0;99.0;0.0;0.0;99.0;99.0;30.7;31.5;2.968164415931166;0.09668287999775786;28.860312635255653;32.539687364744346;0.7722415690574354;0.7739481649399484;0.02082941844919697;0.026972671873414504;0.7593313617487412;0.7851517763661295;0.6920215685682323;0.6908241641452675;0.02937223647291196;0.04244410551203203;0.6738164677916477;0.7102266693448168;1.4434343434343435;1.4426262626262627;0.04531921492821815;0.03139679690618332;1.4153452030093443;1.4715234838593427;3.8930249760204383;3.8861494741910887;0.15588840672298554;0.04004300195431552;3.7964043405128076;3.989645611528069;40.1;40.0;2.4269322199023193;0.06052200049631719;38.59577182581897;41.60422817418103;82.3;86.0;12.066896867049126;0.1466208610820064;74.82085983551585;89.77914016448415;0.07744663533251227;0.0735790111073511;0.01310869095647444;0.16926094852530518;0.06932178450163304;0.0855714861633915;1.0;1.0;0.0;0.0;1.0;1.0;ok
0.11;0.75;2;100.0;100.0;0.0;0.0;100.0;100.0;2826.5;2829.0;228.73532739828363;0.08092528830648633;2684.728375279113;2968.271624720887;56.529999999999994;56.58;4.574706547965672;0.08092528830648633;53.694567505582256;59.36543249441773;99.0;99.0;0.0;0.0;99.0;99.0;32.1;32.5;3.0479501308256345;0.09495171747120357;30.21086093682863;33.98913906317137;0.7787487817813605;0.7803237713036624;0.02094653998449886;0.02689768571654698;0.7657659817930028;0.7917315817697183;0.7004841107366258;0.6991103622181589;0.0299913938958328;0.04281523797062862;0.6818952522134617;0.7190729692597898;1.4289898989898988;1.4284848484848485;0.046209157050158337;0.03233693749887379;1.400349166723053;1.4576306312567446;3.9351675252120524;3.9416155358686416;0.1331776485252388;0.033842942561400184;3.852623163470089;4.017711886954015;40.6;40.0;2.727636339397171;0.06718316106889584;38.90939348161673;42.29060651838327;86.3;88.5;8.944830909525344;0.10364809860400166;80.75593636400158;91.84406363599841;0.08143898435025508;0.0788575086336937;0.01326734778539685;0.16291150842864477;0.07321579699801188;0.08966217170249828;1.0;1.0;0.0;0.0;1.0;1.0;ok
0.11;0.8;2;100.0;100.0;0.0;0.0;100.0;100.0;2895.8;2888.5;230.07120636881098;0.07944996421327818;2753.2003889149764;3038.399611085024;57.91600000000001;57.769999999999996;4.601424127376218;0.07944996421327814;55.06400777829954;60.76799222170048;99.0;99.0;0.0;0.0;99.0;99.0;34.0;33.5;3.605551275463989;0.10604562574894086;31.765256166805692;36.23474383319431;0.7843169087170547;0.7850315791832814;0.020890164096250365;0.026634851122133044;0.7713690508662452;0.7972647665678643;0.7083400945710239;0.7057433188105071;0.030301992756900903;0.042778875555889606;0.6895587248792925;0.7271214642627553;1.4149898989898992;1.4164646464646466;0.046479031589658756;0.03284760663156546;1.3861818967505006;1.4437979012292979;3.958597078554777;3.907373211244158;0.14125631308345155;0.03568342781049645;3.8710455086433533;4.0461486484662;42.2;42.0;3.31058907144937;0.07844997799643057;40.148075634922186;44.25192436507782;83.7;87.5;10.227903010881555;0.12219716858878799;77.3606800364708;90.03931996352921;0.08572148005969547;0.07943638026476013;0.01677663250014232;0.19571095235942335;0.07532321550675672;0.09611974461263423;1.0;1.0;0.0;0.0;1.0;1.0;ok
0.11;0.85;2;100.0;100.0;0.0;0.0;100.0;100.0;2960.2;2955.5;229.54380845494396;0.07754334452231064;2817.9272735286204;3102.4727264713792;59.20400000000001;59.11;4.590876169098878;0.07754334452231061;56.358545470572416;62.0494545294276;99.0;99.0;0.0;0.0;99.0;99.0;35.7;35.5;4.428317965096906;0.12404252003072566;32.95530008926295;38.44469991073706;0.7894543931609703;0.7917701359381083;0.020643777310838638;0.026149423563508318;0.7766592474219054;0.8022495389000353;0.7156108058931043;0.7143337841003745;0.030483193936401875;0.04259744778218925;0.6967171265467542;0.7345044852394544;1.401979797979798;1.402929292929293;0.04637248655655436;0.03307642993385171;1.373237833036085;1.4307217629235112;3.9454711666721005;3.9285861106602096;0.1298165430571781;0.032902671841516684;3.8650100396822205;4.025932293661981;41.9;42.0;3.2078029864690882;0.07655854382981117;39.91178311042281;43.88821688957719;90.0;91.0;5.291502622129181;0.05879447357921313;86.72029269598643;93.27970730401357;0.0866002745431059;0.08695264110604034;0.013994855296023186;0.16160289756422364;0.07792617336416487;0.09527437572204693;1.0;1.0;0.0;0.0;1.0;1.0;ok
0.11;0.9;2;100.0;100.0;0.0;0.0;100.0;100.0;3022.7;3027.5;227.78149617561124;0.0753569643615348;2881.5195659958504;3163.8804340041493;60.45399999999999;60.55;4.555629923512227;0.07535696436153486;57.630391319917;63.277608680082984;99.0;99.0;0.0;0.0;99.0;99.0;36.5;36.5;5.024937810560445;0.13766952905645055;33.38551127791414;39.61448872208586;0.794571600394385;0.7977644006173398;0.020547344127230145;0.025859650806839166;0.7818362245617559;0.8073069762270141;0.7230225131884647;0.7229455429721048;0.030407543682567293;0.04205615057333795;0.7041757223552212;0.7418693040217081;1.3893535353535353;1.3883838383838385;0.04601646387386086;0.033120773584925954;1.3608322355547173;1.4178748351523534;4.018206280480019;3.9791769885451727;0.21343632985127128;0.05311731527774477;3.885917072679646;4.1504954882803915;43.0;43.0;3.82099463490856;0.0888603403467107;40.631722989175465;45.368277010824535;91.0;92.0;3.7682887362833544;0.04140976633278411;88.66439044358866;93.33560955641134;0.08951846570914095;0.08913086531585479;0.014051167938702792;0.15696390490379009;0.08080946159266147;0.09822746982562042;1.0;1.0;0.0;0.0;1.0;1.0;ok
0.11;0.95;2;100.0;100.0;0.0;0.0;100.0;100.0;3082.2;3080.5;229.79112254393118;0.07455425428068627;2939.773986668165;3224.6260133318347;61.644000000000005;61.61;4.595822450878624;0.07455425428068627;58.79547973336331;64.4925202666367;99.0;99.0;0.0;0.0;99.0;99.0;37.8;38.0;5.249761899362676;0.13888258993022953;34.546163863990685;41.05383613600931;0.7990771341727935;0.800150566102267;0.02018240329377549;0.025257140306822023;0.7865679510121681;0.8115863173334188;0.7300756698814587;0.7288729096250481;0.03072510735850592;0.04208482575990337;0.7110320510426673;0.74911928872025;1.3773333333333333;1.3776767676767676;0.04642244899877395;0.03370458542989396;1.348560401347104;1.4061062653195626;3.9716415621140007;3.9354431612997267;0.19824484841588844;0.049915090603082496;3.8487681320577507;4.094514992170251;43.4;43.0;3.5552777669262356;0.08191884255590405;41.196416010223345;45.60358398977665;92.4;93.0;4.586937976471885;0.04964218589255287;89.5569863876513;95.2430136123487;0.09785147507435409;0.09390472688350215;0.017921060521567323;0.18314553263453315;0.08674388668491403;0.10895906346379414;1.0;1.0;0.0;0.0;1.0;1.0;ok
0.11;1.0;2;100.0;100.0;0.0;0.0;100.0;100.0;3132.1;3126.5;230.78840958765673;0.0736848790229101;2989.055861754492;3275.1441382455077;62.641999999999996;62.53;4.6157681917531335;0.07368487902291009;59.78111723508984;65.50288276491015;99.0;99.0;0.0;0.0;99.0;99.0;39.2;39.0;5.173006862551025;0.13196446077936289;35.993737128680806;42.4062628713192;0.8032005775550228;0.8045907419444408;0.02025381626546376;0.025216386580693514;0.7906471321759744;0.8157540229340713;0.7361826297002333;0.7345510915762408;0.030894098236111635;0.04196526376707832;0.7170342692303451;0.7553309901701215;1.3672525252525252;1.3683838383838385;0.04662392112881955;0.03410044616316092;1.3383547195463619;1.3961503309586885;3.9727915769641298;3.927790586429337;0.17601105630612665;0.04430412542321896;3.8636987940294274;4.081884359898832;44.2;43.5;3.4292856398964493;0.07758564796145813;42.074506739601375;46.32549326039863;92.1;92.0;5.430469592954186;0.05896275345227129;88.73416007510755;95.46583992489244;0.09851084050351004;0.09847223192388094;0.015343212863957874;0.1557515171481171;0.08900101864562923;0.10802066236139085;1.0;1.0;0.0;0.0;1.0;1.0;ok
0.16;0.0;2;100.0;100.0;0.0;0.0;100.0;100.0;2156.9;2147.5;152.56110251305867;0.07073165307295594;2062.34164900761;2251.45835099239;43.138;42.95;3.0512220502611744;0.07073165307295597;41.2468329801522;45.0291670198478;66.1;67.0;3.806573262134856;0.05758809776300841;63.7406614486259;68.45933855137409;18.2;18.0;1.6613247725836149;0.09128158091118764;17.170300237933404;19.229699762066595;0.6493700140716286;0.6447856319631793;0.022138728153530227;0.034092624657424075;0.6356482882005966;0.6630917399426607;0.6261862731310678;0.622033381395529;0.02284219011966495;0.03647826709047616;0.6120285370162196;0.640344009245916;1.5813939393939396;1.582121212121212;0.03574712510639292;0.022604819846529074;1.5592376417066582;1.603550237081221;12.669452463447225;10.991365442818367;5.863113399595161;0.4627755948026083;9.035457129022788;16.303447797871662;50.3;51.5;9.808669634563088;0.19500337245652263;44.22052357517524;56.37947642482475;36.9;30.0;20.544829033116823;0.556770434501811;24.166183038852807;49.63381696114719;0.14045078016688195;0.1392943944683503;0.0123712605827233;0.08808253373903595;0.1327829934169839;0.14811856691678;1.0;1.0;0.0;0.0;1.0;1.0;ok
0.16;0.05;2;100.0;100.0;0.0;0.0;100.0;100.0;2252.4;2237.5;153.07658214109696;0.06796154419334796;2157.5221514240548;2347.2778485759454;45.048;44.75;3.0615316428219392;0.06796154419334796;43.1504430284811;46.945556971518904;70.1;70.0;4.657252408878007;0.06643726688841665;67.21340505092938;72.98659494907061;19.5;20.0;2.0615528128088303;0.1057206570671195;18.22223632858028;20.77776367141972;0.6613736725507333;0.6560405289323614;0.022596759466896953;0.03416640305585127;0.6473680559304774;0.6753792891709892;0.6366451479716827;0.6324840909336649;0.022913662153122898;0.035991261735245444;0.6224431130315473;0.6508471829118181;1.5567272727272727;1.559090909090909;0.034601502173430145;0.022227080349668978;1.535281039490337;1.5781735059642086;10.34123029610201;10.045488202241241;4.817792335404157;0.46588193062678046;7.3551316696805245;13.327328922523495;49.9;53.5;11.81905241548577;0.23685475782536614;42.57447541810144;57.225524581898554;43.1;32.5;23.093072554339756;0.5358021474324769;28.78676534112572;57.41323465887429;0.1359338151318473;0.13629078425748964;0.024388012581168832;0.1794109328684256;0.12081796832902553;0.15104966193466907;1.0;1.0;0.0;0.0;1.0;1.0;ok
0.16;0.1;2;100.0;100.0;0.0;0.0;100.0;100.0;2347.9;2328.5;160.0046561822499;0.06814798593732693;2248.728086645462;2447.071913354538;46.95799999999999;46.57;3.200093123644998;0.06814798593732695;44.97456173290923;48.94143826709075;78.1;77.0;8.16639455328972;0.1045633105414817;73.03841621624218;83.1615837837578;21.2;22.0;2.6758176320519302;0.12621781283263822;19.541511049177593;22.858488950822405;0.674533347060773;0.6681064276681912;0.022316994112323026;0.03308508646691465;0.6607011308037654;0.6883655633177805;0.6474219467260875;0.642301517248177;0.02302167512025917;0.035558997090963954;0.6331529646553274;0.6616909287968477;1.5323232323232323;1.5362626262626262;0.034628289840826325;0.022598554345694175;1.51086039591803;1.5537860687284346;9.56434642236191;9.945912159168863;4.563265393542938;0.4771120986243033;6.736005228923531;12.392687615800288;50.7;56.0;11.054863183232978;0.21804463872254393;43.84812481141112;57.55187518858889;44.4;32.5;24.096472770926454;0.5427133506965418;29.46485144365815;59.33514855634185;0.1363350928972354;0.13090843252790152;0.026006301185696207;0.19075280350084806;0.12021622042566044;0.15245396536881034;1.0;1.0;0.0;0.0;1.0;1.0;ok
0.16;0.15;2;100.0;100.0;0.0;0.0;100.0;100.0;2446.0;2419.0;165.57052877852385;0.06769032247691081;2343.378323069636;2548.621676930364;48.92;48.379999999999995;3.311410575570477;0.06769032247691081;46.86756646139272;50.972433538607284;83.5;83.0;6.88839603971781;0.0824957609547043;79.23052790148478;87.76947209851522;22.6;23.0;2.1071307505705477;0.09323587391905078;21.29398683008172;23.906013169918282;0.687377877778613;0.6790625417984526;0.022365048202778518;0.032536758784055216;0.6735158772877669;0.7012398782694592;0.6577461296120617;0.6515316551835739;0.02359832613756729;0.035877559859585295;0.6431197355378712;0.6723725236862522;1.5084646464646465;1.514040404040404;0.03414170700968163;0.02263341543316826;1.4873033972227274;1.5296258957065656;10.55062011484362;10.759498818623328;4.313194382284701;0.4088095614604195;7.877274539987337;13.223965689699902;56.9;60.5;11.246777316191515;0.19765865230565055;49.92917519944734;63.870824800552654;35.1;28.5;19.82649742138031;0.5648574763926014;22.811409584496683;47.388590415503316;0.11398875824946593;0.10915018129165749;0.024701833431543366;0.2167041189928841;0.09867840326841501;0.12929911323051685;1.0;1.0;0.0;0.0;1.0;1.0;ok
0.16;0.2;2;100.0;100.0;0.0;0.0;100.0;100.0;2546.9;2519.0;169.9037668799606;0.06671002665199285;2441.5925542689406;2652.2074457310596;50.938;50.379999999999995;3.398075337599211;0.06671002665199284;48.831851085378815;53.04414891462119;89.7;89.0;5.197114584074513;0.057938847091131694;86.4787950080754;92.92120499192461;23.5;24.5;2.5;0.10638297872340426;21.950483946517494;25.049516053482506;0.7018012600122487;0.6951146177695926;0.02196805593224419;0.03130238884418756;0.6881853178799232;0.7154172021445743;0.6698042509458697;0.6641036222559131;0.0236999913252014;0.03538345911022998;0.6551148441355514;0.684493657756188;1.4863030303030302;1.4919191919191919;0.03457306475348004;0.023261114354608578;1.4648744227615873;1.5077316378444732;10.093620122613812;10.951410557709472;3.0307378965222203;0.3002627263267156;8.215149312790219;11.972090932437405;60.3;64.5;9.089004345911603;0.15072975698029192;54.66657674233508;65.93342325766491;32.9;28.0;13.156367279762296;0.3998895829714984;24.74559907779854;41.05440092220145;0.1158200537993251;0.10754997943287928;0.02568777892060117;0.2217904246971681;0.09989860347301269;0.1317415041256375;1.0;1.0;0.0;0.0;1.0;1.0;ok
0.16;0.25;2;100.0;100.0;0.0;0.0;100.0;100.0;2654.1;2622.0;178.87842239912558;0.06739701684153784;2543.230005148372;2764.9699948516277;53.08200000000001;52.44;3.577568447982512;0.06739701684153783;50.86460010296745;55.299399897032565;94.0;94.5;3.7682887362833544;0.0400881780455676;91.66439044358866;96.33560955641134;26.0;27.0;2.3664319132398464;0.0910166120476864;24.533270304384615;27.466729695615385;0.7172850459968928;0.7104944127094341;0.022764637402363622;0.03173722570881846;0.7031753775542245;0.7313947144395611;0.6817257401330401;0.6760217622388249;0.024547880064235406;0.036008439492756776;0.6665108064376417;0.6969406738284385;1.4638383838383837;1.4703030303030302;0.03616714590077429;0.02470706213204979;1.4414217545656263;1.4862550131111412;9.341440319307125;10.16533429923701;2.1237136307716975;0.22734327450364933;8.02514897375498;10.65773166485927;64.1;67.5;7.905061669588669;0.1233238950013833;59.20039201568125;68.99960798431874;28.3;23.5;11.153923076657827;0.3941315574790752;21.386726853363886;35.21327314663611;0.09752509385902786;0.09265960559178296;0.015539270708891073;0.15933612667272107;0.08789375408989297;0.10715643362816274;1.0;1.0;0.0;0.0;1.0;1.0;ok
0.16;0.3;2;100.0;100.0;0.0;0.0;100.0;100.0;2761.4;2734.0;188.73219121284;0.06834656015529804;2644.4225759627097;2878.3774240372904;55.227999999999994;54.68;3.7746438242568017;0.06834656015529808;52.88845151925419;57.5675484807458;97.0;97.0;2.3664319132398464;0.02439620529113244;95.53327030438462;98.46672969561538;28.4;28.5;2.2891046284519194;0.08060227564971548;26.981198252045058;29.81880174795494;0.7329604918941875;0.727527854812906;0.022846344052743987;0.031169952958449713;0.718800181144943;0.7471208026434321;0.6941587096150889;0.689591675269499;0.025690349226160165;0.03700933067656166;0.678235666196886;0.7100817530332917;1.4421414141414142;1.4476767676767677;0.038127715396533333;0.026438263975126775;1.418509611305598;1.4657732169772304;7.458034555993072;7.211018422028692;1.7953112179670698;0.2407217618111473;6.34528913469819;8.570779977287954;61.8;62.5;8.89719056781409;0.1439674849160856;56.28546415371157;67.31453584628842;36.1;33.0;11.945291959596467;0.3308945141162456;28.69623133802791;43.50376866197209;0.09582196536801561;0.09211492669682012;0.015492155712242852;0.16167645542171247;0.08621982777634721;0.10542410295968402;1.0;1.0;0.0;0.0;1.0;1.0;ok
0.16;0.35;2;100.0;100.0;0.0;0.0;100.0;100.0;2866.9;2843.5;193.38016961415667;0.06745270836588534;2747.041729103078;2986.758270896922;57.338;56.870000000000005;3.867603392283133;0.06745270836588532;54.940834582061555;59.73516541793845;98.3;99.0;1.4866068747318506;0.015123162509988308;97.37859151295422;99.22140848704578;30.8;31.0;3.059411708155671;0.09933154896609321;28.90375697760018;32.69624302239982;0.7475577947959683;0.744289139414084;0.02281960993617433;0.030525546111658846;0.7334140540238439;0.7617015355680927;0.7065938007046669;0.7023974362512138;0.026148639237275624;0.03700660720657086;0.6903867061947144;0.7228008952146194;1.4208282828282828;1.4255555555555555;0.0390667009321529;0.02749572302599947;1.3966144907278943;1.4450420749286712;6.692826517300898;6.5819732340352495;1.8153015962566794;0.27123093532517845;5.567690931176041;7.817962103425756;60.5;61.5;11.395174417269795;0.18834999036809577;53.43719772328292;67.56280227671708;43.2;38.5;20.148449071826843;0.46639928407006576;30.71186188417185;55.68813811582815;0.0981408941772399;0.09982514577830172;0.016207726000029236;0.16514752729640414;0.08809524152624346;0.10818654682823634;1.0;1.0;0.0;0.0;1.0;1.0;ok
0.16;0.4;2;100.0;100.0;0.0;0.0;100.0;100.0;2965.9;2942.0;200.19762735856784;0.06749979006661311;2841.8162250155165;3089.9837749844837;59.318;58.84;4.003952547171358;0.06749979006661314;56.83632450031032;61.79967549968968;98.8;99.0;0.6;0.006072874493927126;98.42811614716419;99.1718838528358;32.3;32.5;2.9342801502242417;0.09084458669424898;30.481314320724987;34.118685679275;0.7610486448036118;0.7585737100392812;0.022666946900830324;0.029783834523060635;0.7469995255611029;0.7750977640461206;0.7189534069334321;0.7145678591149569;0.02688119406958475;0.03738934096472496;0.702292270234392;0.7356145436324723;1.4008282828282828;1.4056565656565656;0.04044396512294301;0.028871465274306386;1.375760853538488;1.4258957121180775;5.040601755619133;4.463686967495277;1.662055227326036;0.32973349371892346;4.01044925301265;6.070754258225616;51.0;49.0;9.497368056467012;0.18622290306798064;45.11347029226897;56.88652970773103;67.1;72.5;20.25561650505854;0.3018720790619753;54.545438820890624;79.65456117910936;0.09916988678459594;0.09880073641697745;0.015077651061193924;0.15203860314919646;0.08982466183734493;0.10851511173184696;1.0;1.0;0.0;0.0;1.0;1.0;ok
0.16;0.45;2;100.0;100.0;0.0;0.0;100.0;100.0;3051.4;3030.5;200.72030290929715;0.0657797414004382;2926.992267352869;3175.807732647131;61.028;60.61;4.014406058185943;0.06577974140043821;58.53984534705738;63.51615465294262;99.0;99.0;0.0;0.0;99.0;99.0;34.2;34.0;3.4292856398964497;0.10027150993849268;32.074506739601375;36.32549326039863;0.7720783811253118;0.7688336225774153;0.022123800969109958;0.02865486394899997;0.7583659072190367;0.7857908550315869;0.7295303634907204;0.7260317773573571;0.026939869604269282;0.03692768793798389;0.7128328593185042;0.7462278676629367;1.3835555555555554;1.3877777777777778;0.04054955614329236;0.02930822400334334;1.3584226802733068;1.408688430837804;5.127148473717453;4.716214786503172;1.3846870088722085;0.2700696139326423;4.268910573998989;5.985386373435917;53.3;50.5;8.80965379569481;0.16528431136388014;47.83972000717912;58.76027999282088;65.6;66.5;20.72293415518179;0.31589838651191754;52.75579234051395;78.44420765948604;0.09952729508419099;0.09644340846671973;0.012507526723651841;0.1256693122532027;0.091775049705127;0.10727954046325498;1.0;1.0;0.0;0.0;1.0;1.0;ok
0.16;0.5;2;100.0;100.0;0.0;0.0;100.0;100.0;3135.4;3126.5;200.97522235340358;0.06409875051138725;3010.834266644474;3259.965733355526;62.708000000000006;62.53;4.019504447068072;0.06409875051138725;60.21668533288948;65.19931466711053;99.0;99.0;0.0;0.0;99.0;99.0;36.2;37.0;3.4;0.09392265193370165;34.09265816726379;38.30734183273621;0.7826831405478023;0.7810486388906238;0.021507523147258498;0.027479221198255677;0.7693526395928728;0.7960136415027318;0.7397707515844909;0.7373370072555047;0.026739590586293417;0.03614577966082162;0.7231973816336864;0.7563441215352954;1.3665858585858586;1.3683838383838385;0.04060105502088964;0.02970984571939268;1.3414210639685806;1.3917506532031365;5.313546797184638;4.47790968350248;2.1790418333669135;0.4100917742027736;3.9629626763798447;6.664130917989431;53.7;50.0;10.218121158021175;0.19028158581045018;47.366742891686776;60.03325710831323;69.9;80.0;21.695391215647625;0.31037755673315626;56.45305720990827;83.34694279009173;0.10107535557361032;0.09592801604476994;0.01528610717913527;0.15123476036651518;0.0916009281858806;0.11054978296134003;1.0;1.0;0.0;0.0;1.0;1.0;ok
0.16;0.55;2;100.0;100.0;0.0;0.0;100.0;100.0;3212.5;3204.5;202.91241953118592;0.06316339907585554;3086.73357939418;3338.26642060582;64.25;64.09;4.058248390623718;0.06316339907585554;61.734671587883604;66.7653284121164;99.0;99.0;0.0;0.0;99.0;99.0;38.1;39.5;3.8065732621348563;0.09991005937361827;35.74066144862591;40.459338551374096;0.792133267799556;0.7910268346037752;0.021036187532341846;0.026556374271185026;0.779094903685383;0.8051716319137289;0.7496289017042744;0.7470529273486497;0.026919061096904253;0.03590984957450815;0.7329442947785426;0.7663135086300062;1.3510101010101008;1.3526262626262626;0.040992407986098184;0.03034204404204651;1.3256027433119553;1.3764174587082463;4.590359234470755;4.356888672752918;0.5773441311527883;0.1257731915221997;4.232517634628693;4.948200834312817;51.2;49.5;5.979966555090422;0.1167962217791098;47.49357832943957;54.906421670560434;78.8;78.0;11.08873302050329;0.14071996218912805;71.92713206877944;85.67286793122055;0.10013308646484456;0.0931472636153522;0.01588927524776929;0.1586815687874338;0.09028481163499627;0.10998136129469285;1.0;1.0;0.0;0.0;1.0;1.0;ok
0.16;0.6;2;100.0;100.0;0.0;0.0;100.0;100.0;3286.2;3279.5;205.9770861042558;0.06267941272723991;3158.534079372763;3413.865920627237;65.724;65.59;4.119541722085116;0.06267941272723991;63.17068158745526;68.27731841254474;99.0;99.0;0.0;0.0;99.0;99.0;40.3;40.5;4.1;0.10173697270471464;37.75879367228869;42.841206327711305;0.8003371541241682;0.8000476086255615;0.02109261515119459;0.02635466196027953;0.7872638158094865;0.8134104924388499;0.7587671742360669;0.7567450628604209;0.027251169009920865;0.03591506055511372;0.7418767246932519;0.7756576237788818;1.336121212121212;1.3374747474747475;0.04161153254631433;0.031143531117399367;1.3103301170450026;1.3619123071974215;4.690533516217706;4.428435983045496;0.7943030515141641;0.16934172813557982;4.198219384357171;5.1828476480782415;52.4;49.5;6.974238309665078;0.13309615094780683;48.0773223113445;56.722677688655494;79.9;82.0;12.78632081562167;0.1600290465034001;71.97495625248668;87.82504374751333;0.10386921431697904;0.09740371785239707;0.01882124037914293;0.1812013357654358;0.09220368867140499;0.11553473996255309;1.0;1.0;0.0;0.0;1.0;1.0;ok
0.16;0.65;2;100.0;100.0;0.0;0.0;100.0;100.0;3351.6;3348.0;209.3987583535299;0.06247725216419916;3221.8133049407606;3481.386695059239;67.03200000000001;66.96000000000001;4.187975167070596;0.062477252164199124;64.43626609881522;69.6277339011848;99.0;99.0;0.0;0.0;99.0;99.0;41.4;40.5;4.2;0.10144927536231885;38.79681303014939;44.00318696985061;0.8080664513300408;0.807957832791548;0.021188205866780968;0.026220870612690503;0.7949338652760132;0.8211990373840685;0.7673757704015391;0.7658821152185463;0.027747689355187986;0.03615919400304841;0.7501775743603754;0.7845739664427029;1.3229090909090908;1.3236363636363637;0.042302779465359555;0.031977087281401535;1.296689556553689;1.3491286252644927;4.36823465210131;4.330820620256597;0.2569339264604144;0.05881870982750848;4.208985354607428;4.527483949595192;51.0;50.0;2.6832815729997477;0.05261336417646564;49.33688485064924;52.66311514935076;85.3;86.0;7.550496672405068;0.08851695981717549;80.62015367773684;89.97984632226316;0.11082059038391771;0.10802312305675907;0.01934155127606598;0.1745303035208593;0.09883257270331;0.12280860806452543;1.0;1.0;0.0;0.0;1.0;1.0;ok
0.16;0.7;2;100.0;100.0;0.0;0.0;100.0;100.0;3414.0;3417.0;208.617353065367;0.06110643030620006;3284.6976249560744;3543.3023750439256;68.28;68.34;4.172347061307339;0.06110643030620004;65.6939524991215;70.86604750087851;99.0;99.0;0.0;0.0;99.0;99.0;42.8;43.0;4.354308211415448;0.10173617316391236;40.10117180984042;45.49882819015957;0.8148249246703265;0.8159868545988835;0.020381158358922753;0.025012929454960958;0.8021925518440385;0.8274572974966146;0.7753068612492016;0.7748680111594428;0.02745338937863917;0.03540970775675235;0.7582910742233185;0.7923226482750846;1.31030303030303;1.3096969696969696;0.04214491981118526;0.032164254249979506;1.2841813383749643;1.3364247222310959;4.504039139194135;4.487627197621446;0.24555989616295348;0.054519929462000453;4.351839538715738;4.656238739672532;52.3;52.0;3.4073450074801643;0.06515000014302418;50.18810568446241;54.41189431553759;86.8;87.0;6.675327707311455;0.07690469708884165;82.66258902210573;90.93741097789426;0.1110886874893462;0.11274439812214454;0.017151477752764904;0.15439445852134848;0.10045809144180329;0.1217192835368891;1.0;1.0;0.0;0.0;1.0;1.0;ok
0.16;0.75;2;100.0;100.0;0.0;0.0;100.0;100.0;3467.9;3469.0;209.92115186421782;0.06053264277061559;3337.7895220883424;3598.0104779116577;69.35799999999999;69.38;4.198423037284356;0.0605326427706156;66.75579044176683;71.96020955823315;99.0;99.0;0.0;0.0;99.0;99.0;43.9;44.0;4.482186966202994;0.10209993089300669;41.12191173646336;46.67808826353664;0.8204383854733786;0.8207409608165848;0.020356651990844098;0.024811920494308255;0.8078212018513907;0.8330555690953664;0.7822309756788044;0.7813976295429712;0.027632347800508526;0.03532504932642143;0.7651042690738844;0.7993576822837244;1.2994141414141416;1.2991919191919192;0.04240831350792276;0.03263648759568689;1.2731291963814835;1.3256990864467997;4.5668326867051885;4.563163929166017;0.3121556726989227;0.06835277184724983;4.373356596292144;4.760308777118233;53.2;52.5;3.815756805667782;0.0717247519862365;50.83496942937306;55.565030570626945;87.8;87.5;6.112282715974451;0.06961597626394592;84.01156792326957;91.58843207673043;0.1128979760882427;0.11152290397608428;0.015244889987037182;0.1350324471283839;0.10344909538084718;0.12234685679563823;1.0;1.0;0.0;0.0;1.0;1.0;ok
0.16;0.8;2;100.0;100.0;0.0;0.0;100.0;100.0;3522.5;3511.5;208.25141055944854;0.059120343664854094;3393.4244384711033;3651.5755615288967;70.45;70.23;4.165028211188971;0.05912034366485409;67.86848876942207;73.03151123057793;99.0;99.0;0.0;0.0;99.0;99.0;45.5;45.5;5.103920062069938;0.11217406729824039;42.336557571252484;48.663442428747516;0.8257642684517353;0.8253335418287213;0.020386529529020887;0.024688074197306405;0.8131285665397301;0.8383999703637406;0.7891911130228235;0.7870033490093638;0.027665134848914027;0.03505505116871982;0.7720440847947633;0.8063381412508838;1.2883838383838382;1.2906060606060605;0.04207099203221183;0.03265408240838081;1.2623079673678994;1.314459709399777;4.569824062228732;4.555691312166478;0.31133193610551496;0.06812777294399304;4.376858529045818;4.762789595411646;53.6;52.5;3.97994974842648;0.07425279381392687;51.133201589103805;56.0667984108962;90.2;91.5;4.935585071701226;0.05471823804546814;87.14089267922814;93.25910732077186;0.11514855828055386;0.11427398073924455;0.01826689169008137;0.15863760660880338;0.10382662151215095;0.12647049504895677;1.0;1.0;0.0;0.0;1.0;1.0;ok
0.16;0.85;2;100.0;100.0;0.0;0.0;100.0;100.0;3573.9;3563.5;208.40750946163146;0.05831374953457888;3444.727687369158;3703.072312630842;71.47799999999998;71.27000000000001;4.1681501892326285;0.058313749534578886;68.89455374738314;74.06144625261682;99.0;99.0;0.0;0.0;99.0;99.0;46.8;47.0;4.995998398718719;0.10675210253672476;43.70344811120498;49.89655188879502;0.830771045817699;0.8301040649315843;0.02029124026831096;0.02442458770134315;0.8181944048013716;0.8433476868340264;0.7956392525516853;0.7935567391517024;0.02787844839791286;0.03503905609043824;0.7783600112161855;0.8129184938871852;1.278;1.28010101010101;0.042102527163965946;0.03294407446319714;1.2519045833069007;1.3040954166930994;4.649189977088291;4.602554691043926;0.2796068591173336;0.06014098380476304;4.475887850341839;4.822492103834743;54.9;54.5;4.085339643163099;0.07441420115051182;52.36788025559611;57.432119744403884;89.5;89.5;6.248999919987197;0.06982122815628153;85.62682972230758;93.37317027769242;0.11958562540603272;0.11584084034595471;0.019151603823634365;0.1601497149729187;0.10771533837616937;0.13145591243589608;1.0;1.0;0.0;0.0;1.0;1.0;ok
0.16;0.9;2;100.0;100.0;0.0;0.0;100.0;100.0;3616.9;3605.0;204.46586512178504;0.056530693445156086;3490.170743841842;3743.629256158158;72.338;72.1;4.089317302435701;0.056530693445156086;69.80341487683684;74.87258512316315;99.0;99.0;0.0;0.0;99.0;99.0;48.1;49.0;4.846648326421054;0.10076191946821317;45.096016245050585;51.10398375494942;0.8349434823662619;0.833845772645381;0.019878992930167885;0.023808788678522354;0.8226223548973177;0.8472646098352061;0.8011416100211338;0.7988870904964387;0.02753393396493826;0.03436837335687997;0.7840759009434543;0.8182073190988134;1.2693131313131314;1.2717171717171718;0.041306235378138406;0.03254219495500391;1.2437112613821903;1.2949150012440724;4.663049783933375;4.633189731711646;0.23666419943385456;0.05075309301849735;4.516363793410438;4.809735774456312;55.6;55.0;3.6110940170535577;0.0649477341196683;53.36182073997635;57.83817926002365;89.7;91.0;6.067124524847005;0.06763795456908589;85.93955726010886;93.46044273989115;0.12421178481187925;0.12062771338053224;0.018776857641289623;0.15116808497460588;0.11257376787222567;0.13584980175153283;1.0;1.0;0.0;0.0;1.0;1.0;ok
0.16;0.95;2;100.0;100.0;0.0;0.0;100.0;100.0;3659.4;3648.0;203.4380495384283;0.05559328019304484;3533.3077905404143;3785.492209459586;73.18800000000002;72.96000000000001;4.068760990768564;0.055593280193044804;70.6661558108083;75.70984418919173;99.0;99.0;0.0;0.0;99.0;99.0;49.7;50.5;5.273518749374083;0.10610701709002178;46.431439215801554;52.96856078419845;0.8390794980310243;0.8379779307522466;0.0199081884640753;0.02372622440518647;0.8267402749826883;0.8514187210793603;0.8066092556031693;0.8043149850570461;0.027524629167423445;0.03412386973769719;0.7895493136987392;0.8236691975075995;1.2607272727272725;1.2630303030303032;0.04109859586634912;0.03259911699811367;1.2352540990990735;1.2862004463554715;4.647656645383844;4.489811860870182;0.3935670063035759;0.08468074049628331;4.403721287628467;4.891592003139221;55.8;54.0;4.445222154178573;0.07966347946556583;53.04482276432168;58.555177235678315;91.4;91.5;5.1613951602255765;0.05647040656701943;88.20093413634542;94.59906586365459;0.12744417249763734;0.1273702339202276;0.019496444467082184;0.1529802743035867;0.11536015102260773;0.13952819397266694;1.0;1.0;0.0;0.0;1.0;1.0;ok
0.16;1.0;2;100.0;100.0;0.0;0.0;100.0;100.0;3703.2;3688.5;198.96019702443;0.05372656000875729;3579.883192282641;3826.5168077173585;74.064;73.77;3.979203940488601;0.05372656000875731;71.59766384565282;76.53033615434717;99.0;99.0;0.0;0.0;99.0;99.0;51.1;51.5;5.127377497317708;0.10034006844065964;47.922018502256506;54.2779814977435;0.843038322373641;0.8414101139835168;0.019624449123625806;0.023278240861425634;0.8308749627905174;0.8552016819567645;0.8122113450536993;0.8094263004158537;0.02706933294628469;0.03332794242672762;0.7954335986707669;0.8289890914366317;1.251878787878788;1.2548484848484849;0.040193979196854544;0.03210692567525658;1.2269663014712409;1.2767912742863352;4.713981403179056;4.629458380411574;0.39166308424860724;0.08308541140711206;4.471226108539181;4.956736697818931;56.7;56.5;4.605431575867782;0.08122454278426423;53.84552393599106;59.554476064008945;91.8;92.0;5.035871324805669;0.05485698610899421;88.67873461557656;94.92126538442344;0.13146714334737125;0.12843001245024263;0.019422889567943122;0.14773949652669235;0.11942871167115295;0.14350557502358954;1.0;1.0;0.0;0.0;1.0;1.0;ok
0.21;0.0;2;100.0;100.0;0.0;0.0;100.0;100.0;2693.5;2680.5;156.1475263973144;0.05797197935671595;2596.718760454311;2790.281239545689;53.86999999999999;53.61;3.1229505279462884;0.05797197935671596;51.93437520908621;55.80562479091377;75.0;74.5;3.7682887362833544;0.05024384981711139;72.66439044358866;77.33560955641134;26.5;26.5;1.284523257866513;0.04847257576854765;25.703844236345677;27.296155763654323;0.6884315674268263;0.6824322113280132;0.02548811002243504;0.03702344754134794;0.6726338731657497;0.7042292616879029;0.6778870802106545;0.6750168919133163;0.025945364309456275;0.03827387343242139;0.6618059768062726;0.6939681836150363;1.457818181818182;1.4598989898989898;0.03202473281522493;0.02196757676275095;1.4379690467759103;1.4776673168604535;15.797781847383751;17.417206140735033;8.476248833320946;0.5365467706293644;10.544148391166484;21.05141530360102;58.3;63.5;12.165936051122413;0.2086781483897498;50.7594747132577;65.84052528674229;45.1;33.0;24.496734476252133;0.5431648442627968;29.916766668459584;60.283233331540416;0.15003235020854705;0.14805438076442445;0.026070487450310688;0.17376577394190218;0.1338736946779988;0.1661910057390953;1.0;1.0;0.0;0.0;1.0;1.0;ok
0.21;0.05;2;100.0;100.0;0.0;0.0;100.0;100.0;2801.7;2794.5;160.78062694242738;0.05738681048735674;2702.0471349854906;2901.352865014509;56.03399999999999;55.89;3.2156125388485477;0.05738681048735675;54.04094269970981;58.027057300290174;79.3;79.0;4.360045871318328;0.05498166294222356;76.59761557138884;82.00238442861115;27.6;27.5;1.6248076809271923;0.05886984351185479;26.592933765832655;28.60706623416735;0.7033739704138491;0.6963289840103783;0.025001002536709633;0.03554439542594904;0.6878781885003337;0.7188697523273645;0.6919445832363793;0.6871057185262488;0.02562640405109379;0.037035341661659345;0.6760611734482997;0.7078279930244589;1.4348484848484846;1.4358585858585857;0.032924118078853336;0.02294605906234763;1.4144419050445098;1.4552550646524594;15.275144231042063;16.266241945030927;8.292082093333685;0.5428480391355364;10.135658502875916;20.41462995920821;60.2;63.5;13.429817571359635;0.22308667062059193;51.876112831134726;68.52388716886529;46.4;37.5;25.172206895701457;0.5425044589590832;30.798104525411024;62.00189547458898;0.13929632514142432;0.1388982557379475;0.022428287720408835;0.16101133822186564;0.1253951283914651;0.15319752189138353;1.0;1.0;0.0;0.0;1.0;1.0;ok
0.21;0.1;2;100.0;100.0;0.0;0.0;100.0;100.0;2908.3;2904.0;166.2949488108403;0.05717943431243005;2805.2293228818207;3011.3706771181796;58.166;58.08;3.325898976216805;0.057179434312430034;56.10458645763641;60.227413542363585;85.7;84.0;5.78013840664737;0.06744618910907083;82.11743309901965;89.28256690098036;29.2;29.0;1.7204650534085253;0.05892003607563443;28.133644712115142;30.266355287884856;0.7186115433484943;0.7132196350847033;0.02429745686038645;0.03381167069369393;0.7035518235629074;0.7336712631340813;0.7054124850380701;0.7022631293602299;0.025383501072671434;0.03598391240736478;0.6896796280757922;0.721145342000348;1.412787878787879;1.4135353535353534;0.03384619840415806;0.023957027740920938;1.3918097876772402;1.4337659698985177;15.843791273560651;14.988654645504747;7.468848949620578;0.4714054117895526;11.214550734171436;20.473031812949866;65.5;68.0;10.651291001564083;0.1626151297948715;58.89826144110508;72.10173855889492;39.3;34.0;19.261619869574833;0.4901175539332019;27.361524318406474;51.23847568159352;0.126885459954255;0.11701980157848033;0.02776708705399704;0.21883584662898087;0.10967524109480913;0.14409567881370086;1.0;1.0;0.0;0.0;1.0;1.0;ok
0.21;0.15;2;100.0;100.0;0.0;0.0;100.0;100.0;3022.7;3014.0;175.44745652188863;0.05804329127001973;2913.9565398306636;3131.443460169336;60.45399999999999;60.28;3.5089491304377733;0.058043291270019746;58.27913079661327;62.628869203386714;90.9;90.5;4.1340053217188775;0.0454786063995476;88.3377169555258;93.4622830444742;31.2;31.0;2.1354156504062622;0.06844280930789302;29.876455667535083;32.523544332464915;0.7358601592512852;0.732766549911423;0.02481028913322796;0.033716038056023655;0.7204825827298935;0.7512377357726769;0.7204058544311571;0.7184722431912228;0.026224827792575057;0.036402852130182316;0.7041515377653934;0.7366601710969208;1.3893939393939396;1.3912121212121211;0.03547123265531005;0.025530003874050848;1.3674086416194533;1.411379237168426;15.094615260421858;15.119751793640404;2.2347374023051088;0.14804864938589057;13.709510668346034;16.47971985249768;72.0;72.0;3.22490309931942;0.04479032082388083;70.00118435067162;73.99881564932838;28.7;25.0;7.887331614684398;0.27481991688795815;23.811381217562573;33.58861878243743;0.1080329350286879;0.1065371419556061;0.01937877271640455;0.1793783785588956;0.09602184726034484;0.12004402279703096;1.0;1.0;0.0;0.0;1.0;1.0;ok
0.21;0.2;2;100.0;100.0;0.0;0.0;100.0;100.0;3138.0;3126.5;177.98595450203368;0.056719552103898556;3027.683162481877;3248.316837518123;62.760000000000005;62.53;3.559719090040673;0.05671955210389854;60.55366324963754;64.96633675036247;95.6;95.5;2.3748684174075834;0.02484171984735966;94.12804130492734;97.07195869507265;34.2;34.5;2.6758176320519307;0.07824028163894534;32.5415110491776;35.858488950822405;0.7531680247126433;0.7501946287700263;0.024828393810300067;0.0329652786571401;0.737779226796145;0.7685568226291416;0.7351368853725329;0.7331452631639166;0.026458940878605494;0.03599185594557311;0.7187374639127153;0.7515363068323504;1.366060606060606;1.3683838383838385;0.03595675848525934;0.02632149578557139;1.343774376258965;1.388346835862247;12.693182169629914;13.59681960060679;2.147794966065199;0.16920855128070858;11.361965057827138;14.02439928143269;73.3;72.5;3.8483762809787714;0.052501722796436175;70.91475166911283;75.68524833088716;29.5;29.0;6.453681120105021;0.21876885152898376;25.499967000136124;33.500032999863876;0.10835609838459867;0.10509157830055206;0.026833710451642956;0.24764374919074236;0.09172439233686985;0.12498780443232749;1.0;1.0;0.0;0.0;1.0;1.0;ok
0.21;0.25;2;100.0;100.0;0.0;0.0;100.0;100.0;3244.0;3236.5;180.3047420341462;0.05558099322877503;3132.2459630796275;3355.7540369203725;64.88;64.72999999999999;3.6060948406829225;0.055580993228775015;62.64491926159255;67.11508073840744;97.9;98.5;1.5132745950421556;0.015457350306865736;96.96206268866199;98.83793731133802;36.2;36.5;2.85657137141714;0.07891081136511435;34.42947872082824;37.97052127917176;0.7695687009260197;0.7666508900049036;0.024428615053574597;0.03174325440234214;0.7544276884500764;0.784709713401963;0.7493681996062717;0.7476000851262408;0.02651718600496783;0.03538605723981925;0.73293267744312;0.7658037217694234;1.3446464646464646;1.3461616161616163;0.036425200410938614;0.027089053791187822;1.3220698915312379;1.3672230377616914;9.796432701936359;9.818515199409104;2.923497778022902;0.29842472938593706;7.984430006189591;11.608435397683127;70.3;72.5;8.786922100485471;0.12499177952326418;64.85380925783902;75.74619074216098;40.1;36.5;16.777663722938303;0.41839560406329934;29.701096288550417;50.498903711449586;0.10536435414026435;0.1058185769716477;0.020872901827372198;0.19810211904858765;0.09242719555455332;0.11830151272597537;1.0;1.0;0.0;0.0;1.0;1.0;ok
0.21;0.3;2;100.0;100.0;0.0;0.0;100.0;100.0;3335.7;3326.0;179.5834346480766;0.05383680626197698;3224.3930340293114;3447.0069659706883;66.71399999999998;66.52;3.5916686929615325;0.053836806261977;64.48786068058621;68.94013931941376;98.7;99.0;0.6403124237432849;0.0064874612334679315;98.3031302480662;99.09686975193381;38.2;37.5;3.655133376499413;0.09568411980364955;35.93452486219778;40.46547513780222;0.7826434050614522;0.7807772086881322;0.024027143493672805;0.030699988447211436;0.7677512272363427;0.7975355828865618;0.761530698955251;0.7598134991410349;0.026200707912670585;0.03440532068978376;0.7452913319459353;0.7777700659645668;1.3261212121212123;1.328080808080808;0.03627948174708619;0.027357591007125908;1.303634956369558;1.3486074678728666;8.22446857118401;7.232942416344818;2.5865413671606943;0.31449343441145045;6.621313622619176;9.827623519748844;67.9;68.5;9.24608025057105;0.13617202136334386;62.16922008798105;73.63077991201897;49.6;45.5;17.805617091243988;0.35898421554927396;38.56396418998199;60.636035810018015;0.11054866431515853;0.1078038056967181;0.020137958697279155;0.18216374500797855;0.09806702820083785;0.12303030042947921;1.0;1.0;0.0;0.0;1.0;1.0;ok
0.21;0.35;2;100.0;100.0;0.0;0.0;100.0;100.0;3431.2;3423.5;186.64768951155008;0.054397204917099;3315.5145635025738;3546.885436497426;68.62400000000001;68.47;3.7329537902310026;0.054397204917099005;66.3102912700515;70.93770872994853;99.0;99.0;0.0;0.0;99.0;99.0;40.8;40.0;3.655133376499413;0.0895866023651817;38.53452486219778;43.06547513780222;0.7961387763853109;0.7942398961635116;0.024135462133832275;0.030315647032561222;0.781179461971474;0.8110980907991479;0.7741992893797172;0.7722849983112224;0.02683190245834703;0.034657617006913756;0.757568703937843;0.7908298748215913;1.3068282828282827;1.3083838383838384;0.03770660394172727;0.02885352608081097;1.2834574875762774;1.330199078080288;8.259977214645536;7.691026034872541;2.938244121700055;0.35572060858598203;6.4388346403956;10.081119788895473;69.6;69.0;9.707728879609277;0.13947886321277697;63.58308730327587;75.61691269672411;49.0;41.0;21.89977168830762;0.4469341160879106;35.42638088054626;62.57361911945374;0.11559007819475282;0.11953086904163623;0.02119706660800753;0.1833813674932678;0.10245200019641457;0.12872815619309108;1.0;1.0;0.0;0.0;1.0;1.0;ok
0.21;0.4;2;100.0;100.0;0.0;0.0;100.0;100.0;3519.6;3519.0;183.74014259273883;0.052204836513450065;3405.7166797533546;3633.4833202466452;70.392;70.38;3.674802851854776;0.05220483651345006;68.1143335950671;72.6696664049329;99.0;99.0;0.0;0.0;99.0;99.0;43.6;43.5;3.6932370625238775;0.08470727207623573;41.31090795292107;45.88909204707893;0.807934392584366;0.8077120376446059;0.023154739501640733;0.028659182867033197;0.7935829363555668;0.8222858488131651;0.7858721903409043;0.7850686672663754;0.02613425952753516;0.03325510159126302;0.7696740084673868;0.8020703722144218;1.2889696969696969;1.289090909090909;0.037119220725805833;0.028797589899181696;1.2659629656067382;1.3119764283326556;6.471707117642265;5.837499361061276;2.3160941510192536;0.3578799393911756;5.036177090289758;7.907237144994772;63.8;62.0;8.280096617793781;0.12978207864880534;58.66794294653693;68.93205705346307;65.9;62.0;17.5524927004685;0.26635042034094836;55.02085231279583;76.77914768720419;0.12027278738035685;0.12392200905030837;0.01881966884006305;0.15647487058354076;0.10860823578479598;0.13193733897591772;1.0;1.0;0.0;0.0;1.0;1.0;ok
0.21;0.45;2;100.0;100.0;0.0;0.0;100.0;100.0;3596.7;3597.5;187.66621965606916;0.05217733468347907;3480.3832719786187;3713.016728021381;71.934;71.94999999999999;3.7533243931213836;0.05217733468347907;69.60766543957237;74.26033456042762;99.0;99.0;0.0;0.0;99.0;99.0;45.7;45.5;3.7960505792204615;0.08306456409672781;43.34718347506654;48.05281652493347;0.8186178398511721;0.8182226066951523;0.023053244483538064;0.028161180176245894;0.8043292908863324;0.8329063888160118;0.7966566864728384;0.7959482783923761;0.026469597157585588;0.03322585199752548;0.7802506601828809;0.8130627127627958;1.2733939393939395;1.2732323232323233;0.0379123676072867;0.029772693613832304;1.2498956105007313;1.2968922682871478;6.474748968263535;5.302930541001972;2.3637421211872036;0.36507085182348564;5.00968642303459;7.93981151349248;64.5;61.5;9.08019823572151;0.1407782672204885;58.872034825978396;70.1279651740216;68.7;73.5;21.433851730382013;0.3119920193650948;55.41516106232372;81.98483893767629;0.12567695144965502;0.1287623166144257;0.017375616300658644;0.13825618858696734;0.11490743289084587;0.13644647000846416;1.0;1.0;0.0;0.0;1.0;1.0;ok
0.21;0.5;2;100.0;100.0;0.0;0.0;100.0;100.0;3662.1;3667.5;189.49377298476062;0.051744565409126086;3544.6505426900576;3779.549457309942;73.242;73.35;3.7898754596952133;0.05174456540912609;70.89301085380116;75.59098914619885;99.0;99.0;0.0;0.0;99.0;99.0;47.1;47.0;4.504442251822083;0.09563571659919497;44.30811776752672;49.891882232473286;0.8272447616319637;0.8279231525183666;0.02297837039638516;0.02777699111814757;0.8130026201071373;0.8414869031567901;0.8056632667957568;0.8059533439092805;0.026580607904981336;0.032992205305197024;0.7891884353317198;0.8221380982597939;1.260181818181818;1.259090909090909;0.03828157029995163;0.03037781512764882;1.2364546550889004;1.2839089812747357;5.4699589952168015;5.058295859632859;1.0960736654810477;0.20038060000806365;4.790605499031883;6.14931249140172;61.1;60.5;7.091544260596559;0.11606455418324974;56.70461532968956;65.49538467031044;79.8;84.5;12.432216214336043;0.15579218313704316;72.09443255820831;87.50556744179168;0.12938702781319145;0.12632048702782278;0.022754292554427603;0.1758622401256498;0.11528377117370224;0.14349028445268067;1.0;1.0;0.0;0.0;1.0;1.0;ok
0.21;0.55;2;100.0;100.0;0.0;0.0;100.0;100.0;3723.0;3736.5;183.43772785335082;0.049271482098670646;3609.304118350751;3836.695881649249;74.46;74.72999999999999;3.668754557067018;0.049271482098670674;72.18608236701502;76.73391763298497;99.0;99.0;0.0;0.0;99.0;99.0;48.9;49.5;4.784349485562275;0.0978394577824596;45.93462946666019;51.86537053333981;0.8350597703256163;0.8372091790043665;0.02206198677057427;0.02641964989161387;0.8213856092565269;0.8487339313947057;0.8139949847555433;0.8156409487892581;0.025814477571486694;0.03171331280282915;0.7979950057918302;0.8299949637192564;1.247878787878788;1.2451515151515151;0.03705812683906073;0.029696896204201163;1.2249099228991418;1.2708476528584343;5.136771849338587;5.0397055355391025;0.4669585900313736;0.09090506717589557;4.84734791671252;5.426195781964655;60.3;60.0;3.318132004607412;0.05502706475302508;58.24340047651469;62.35659952348531;84.3;84.0;9.869650449737316;0.11707770403009865;78.18272727434848;90.41727272565151;0.13469076788668108;0.12788237402027086;0.023245624880640102;0.17258513887304633;0.1202829803163674;0.14909855545699477;1.0;1.0;0.0;0.0;1.0;1.0;ok
0.21;0.6;2;100.0;100.0;0.0;0.0;100.0;100.0;3781.4;3791.5;184.75345734248114;0.04885848028309122;3666.8886207645724;3895.911379235428;75.628;75.83;3.69506914684962;0.048858480283091185;73.33777241529144;77.91822758470856;99.0;99.0;0.0;0.0;99.0;99.0;51.3;50.5;4.94064773081425;0.0963089226279581;48.237754810600556;54.36224518939944;0.841940727029845;0.8436658348720453;0.022253509862632297;0.026431207266973625;0.828147858718453;0.855733595341237;0.8217356949723407;0.8230702024524308;0.026152533469991114;0.03182596743697668;0.8055261867919448;0.8379452031527366;1.2360808080808083;1.234040404040404;0.03732393077625885;0.03019538086204054;1.2129471961140552;1.2592144200475615;5.161159360480207;5.149347346240779;0.3363537227182791;0.06517018739893819;4.952685163279976;5.369633557680438;60.9;61.0;3.505709628591621;0.05756501853188212;58.727138660659634;63.07286133934036;86.7;86.5;6.261788881781307;0.07222363185445567;82.81890304166464;90.58109695833537;0.13530380937845582;0.12943993773862086;0.019944370540974737;0.14740435345163638;0.12294216044651825;0.14766545831039338;1.0;1.0;0.0;0.0;1.0;1.0;ok
0.21;0.65;2;100.0;100.0;0.0;0.0;100.0;100.0;3835.4;3845.5;181.49776858132444;0.04732173139211671;3722.9065175647943;3947.893482435206;76.708;76.91;3.6299553716264876;0.0473217313921167;74.45813035129588;78.95786964870412;99.0;99.0;0.0;0.0;99.0;99.0;53.6;54.0;5.122499389946279;0.09556901846914699;50.425041984529564;56.77495801547044;0.8485605276501781;0.8503037682175822;0.021357412310349176;0.02516899103177922;0.8353230663558857;0.8617979889444705;0.8291955609965186;0.8306544256224742;0.025557393420255262;0.0308219129749569;0.8133549244405771;0.8450361975524601;1.2251717171717174;1.2231313131313133;0.036666215875015035;0.029927409652957225;1.202445761124201;1.2478976732192337;5.128875367966716;5.0493570412496;0.4157335866463603;0.08105745544976523;4.871201021374557;5.386549714558874;61.0;61.0;4.024922359499621;0.06598233376228888;58.50532727597386;63.49467272402614;89.9;93.0;8.154140052758475;0.09070233651566713;84.84601163436243;94.95398836563758;0.13925974556842063;0.13540903108801036;0.018663227114101816;0.13401738627284984;0.12769215755918434;0.15082733357765693;1.0;1.0;0.0;0.0;1.0;1.0;ok
0.21;0.7;2;100.0;100.0;0.0;0.0;100.0;100.0;3884.6;3893.0;177.87085202472045;0.04578871750623499;3774.354503736434;3994.845496263566;77.69200000000001;77.86;3.557417040494408;0.04578871750623497;75.48709007472868;79.89690992527133;99.0;99.0;0.0;0.0;99.0;99.0;54.6;56.0;5.499090833947008;0.10071594933968879;51.191628189296246;58.00837181070376;0.8546522275477884;0.8562309114190407;0.020970997046812836;0.02453746257350067;0.84165426891516;0.8676501861804167;0.836126088072574;0.8373632645229948;0.02523665748380985;0.030182837067056517;0.820484245709613;0.8517679304355351;1.2152323232323234;1.2135353535353537;0.03593350545953948;0.02956924760194175;1.1929605058053403;1.2375041406593066;5.272951762252194;5.187687994004188;0.48265038752165174;0.09153324537820182;4.973801952778453;5.572101571725934;62.4;62.0;3.7469987990390385;0.06004805767690767;60.07758608340374;64.72241391659627;89.0;89.0;7.155417527999327;0.08039794975280143;84.56502626839797;93.43497373160203;0.14354158779609874;0.13776852367779813;0.02193344652247893;0.15280203360739925;0.12994709679818628;0.1571360787940112;1.0;1.0;0.0;0.0;1.0;1.0;ok
0.21;0.75;2;100.0;100.0;0.0;0.0;100.0;100.0;3930.1;3930.0;173.9502515088725;0.044261024276449075;3822.284517111873;4037.915482888127;78.602;78.6;3.4790050301774507;0.04426102427644908;76.44569034223747;80.75830965776254;99.0;99.0;0.0;0.0;99.0;99.0;56.5;57.5;4.904079934095692;0.08679787493974676;53.46041976582292;59.53958023417708;0.8597272570050422;0.8604557380172223;0.020584078459425816;0.023942568171134642;0.8469691129974326;0.8724854010126517;0.842193952480013;0.8423679973860099;0.024832399523669686;0.029485369077450134;0.826802671796646;0.8575852331633801;1.206040404040404;1.206060606060606;0.035141464951287345;0.029137883634377856;1.184259498406439;1.227821309674369;5.313478985169652;5.198514116921164;0.40921669321918897;0.07701483234644303;5.059843850971188;5.5671141193681155;63.1;61.5;3.9610604640676716;0.06277433382040684;60.644909288844914;65.55509071115509;90.2;91.5;5.793099343184096;0.06422504815059973;86.60939982732691;93.7906001726731;0.14755042374416605;0.14334684808798387;0.020277613851376143;0.13742836744769357;0.13498222846855543;0.16011861901977667;1.0;1.0;0.0;0.0;1.0;1.0;ok
0.21;0.8;2;100.0;100.0;0.0;0.0;100.0;100.0;3971.9;3968.5;168.63003884243165;0.04245576143468659;3867.3820190857095;4076.4179809142906;79.43800000000002;79.37;3.372600776848631;0.04245576143468655;77.3476403817142;81.52835961828583;99.0;99.0;0.0;0.0;99.0;99.0;57.8;58.5;4.6;0.07958477508650519;54.948890461592185;60.65110953840781;0.8646879564000708;0.8653124622038411;0.01997790851716738;0.023104182693073235;0.8523055204151285;0.877070392385013;0.8480402385279332;0.8479326666091216;0.02407521501558626;0.028389236644451105;0.8331182656648556;0.8629622113910108;1.1975959595959598;1.1982828282828284;0.03406667451362252;0.028445882971345194;1.1764812159769111;1.2187107032150084;5.462048145880819;5.334153404102334;0.4422207925072216;0.08096244864496857;5.18795685901134;5.7361394327502975;64.3;63.5;3.716180835212409;0.057794414233474485;61.996687255277735;66.60331274472226;90.0;91.0;7.113367697511496;0.07903741886123884;85.59108902335282;94.40891097664718;0.1502227198938836;0.14626210015195268;0.019254325468822966;0.128171860304647;0.1382887653287163;0.1621566744590509;1.0;1.0;0.0;0.0;1.0;1.0;ok
0.21;0.85;2;100.0;100.0;0.0;0.0;100.0;100.0;4006.9;4006.5;165.7742139176054;0.04137218645776171;3904.152077712491;4109.64792228751;80.138;80.13;3.315484278352111;0.041372186457761743;78.08304155424982;82.1929584457502;99.0;99.0;0.0;0.0;99.0;99.0;58.8;59.0;5.035871324805669;0.08564407014975628;55.67873461557656;61.921265384423435;0.8685306653246224;0.8693585318224281;0.0196071300527236;0.022575057894352216;0.8563780402128566;0.8806832904363883;0.8527334671190966;0.8529551899823342;0.023651952555815495;0.02773662987066996;0.8380738350465196;0.8673930991916736;1.1905252525252528;1.1906060606060604;0.033489740185374824;0.02813022244957753;1.169768096507574;1.2112824085429315;5.480966847743697;5.338281033940513;0.6364952440563352;0.11612827841101717;5.086463008291474;5.87547068719592;64.7;64.0;4.220189569201839;0.0652270412550516;62.08429940551294;67.31570059448707;90.8;92.0;7.573638491504596;0.0834101155452048;86.10581022965624;95.49418977034375;0.1539604705605505;0.1520243943561002;0.018835303524640766;0.1223385681796361;0.1422862284870919;0.1656347126340091;1.0;1.0;0.0;0.0;1.0;1.0;ok
0.21;0.9;2;100.0;100.0;0.0;0.0;100.0;100.0;4044.1;4040.5;165.6432612574384;0.040959239696703446;3941.433243012161;4146.766756987839;80.882;80.81;3.3128652251487645;0.0409592396967034;78.82866486024322;82.93533513975679;99.0;99.0;0.0;0.0;99.0;99.0;59.4;60.5;5.0039984012787215;0.0842423973279246;56.29848965824713;62.50151034175287;0.8730340873354153;0.8731347341405449;0.019543974430164018;0.022386267287471125;0.860920606484059;0.8851475681867716;0.8579584427620432;0.8576304512858735;0.02368893828338877;0.027610822509219077;0.8432758866980163;0.8726409988260702;1.1830101010101008;1.1837373737373738;0.033463285102512834;0.028286559069901903;1.1622693420226586;1.203750859997543;5.474238141015116;5.355430130856002;0.6362476916453432;0.1162257971348248;5.0798877361368575;5.868588545893374;65.0;63.5;4.47213595499958;0.06880209161537815;62.22814141774873;67.77185858225127;92.6;93.5;7.073895673530958;0.07639196191718098;88.21555403728134;96.98444596271865;0.15851025591296836;0.16008796234579004;0.019160760552610928;0.12088025750921338;0.14663429348368637;0.17038621834225035;1.0;1.0;0.0;0.0;1.0;1.0;ok
0.21;0.95;2;100.0;100.0;0.0;0.0;100.0;100.0;4078.2;4073.0;163.82661566424423;0.04017130490516508;3976.659211616218;4179.740788383781;81.564;81.46000000000001;3.2765323132848865;0.04017130490516511;79.53318423232434;83.59481576767564;99.0;99.0;0.0;0.0;99.0;99.0;61.0;61.5;4.427188724235731;0.0725768643317333;58.256;63.744;0.8768671007642114;0.8767554038068195;0.01935896725737178;0.022077424549854775;0.8648682885465555;0.8888659129818672;0.862592860766434;0.8620892956769323;0.023528885840243624;0.027276930879462247;0.8480095062344282;0.8771762152984399;1.1761212121212121;1.177171717171717;0.03309628599277664;0.028140199880491323;1.15560792153863;1.1966345027037943;5.620077018868675;5.442393513498949;0.5792790660085334;0.10307315434711652;5.261036133978045;5.979117903759304;66.2;66.0;4.190465367951393;0.06330008108687904;63.60272265631874;68.79727734368126;91.7;92.5;6.738694235532578;0.07348630573099867;87.5233140410129;95.87668595898711;0.16151435682343065;0.15801269004075175;0.019446398492699662;0.12040043297178026;0.1494613541646882;0.1735673594821731;1.0;1.0;0.0;0.0;1.0;1.0;ok
0.21;1.0;2;100.0;100.0;0.0;0.0;100.0;100.0;4108.1;4105.0;165.3435514315572;0.04024818077251215;4005.619005086797;4210.5809949132035;82.162;82.1;3.3068710286311442;0.04024818077251216;80.11238010173594;84.21161989826408;99.0;99.0;0.0;0.0;99.0;99.0;62.2;62.5;4.707440918375927;0.07568232987742649;59.28229789046243;65.11770210953757;0.8804321944128357;0.8807864735619395;0.019619537756776686;0.022283984935218146;0.8682718789264231;0.8925925098992483;0.8668092419498079;0.8667807788663191;0.02381960408501059;0.027479637885990435;0.8520456983828794;0.8815727855167365;1.170080808080808;1.1707070707070706;0.033402737662940885;0.028547376755737736;1.1493775767852115;1.1907840393764046;5.882281396678413;5.854548540189344;0.8129143303367541;0.13819711698862075;5.3784318746933;6.386130918663525;67.6;69.0;4.841487374764082;0.07161963572136217;64.59921503602807;70.60078496397192;90.3;91.5;7.810889834071404;0.08649933371064679;85.45876032404922;95.14123967595077;0.16319361498166823;0.16129031468745758;0.018333139930939248;0.1123398114135693;0.15183061712817564;0.17455661283516083;1.0;1.0;0.0;0.0;1.0;1.0;ok
0.26;0.0;2;100.0;100.0;0.0;0.0;100.0;100.0;3162.6;3155.0;147.95418209702623;0.046782451810860125;3070.8970478643137;3254.302952135686;63.25200000000001;63.099999999999994;2.959083641940523;0.0467824518108601;61.417940957286284;65.08605904271374;82.7;82.5;2.609597670139978;0.031554989965416905;81.08255460679503;84.31744539320498;34.2;35.0;2.7856776554368237;0.08145256302446852;32.473419101229254;35.92658089877075;0.7345365651186101;0.7305942990442654;0.024616450824307252;0.03351290050527612;0.7192791308257994;0.7497939994114208;0.7304571158254373;0.7276629415037315;0.02505944245984365;0.03430652110428929;0.7149251124722977;0.7459891191785768;1.3611313131313132;1.3626262626262626;0.029870201810984737;0.02194512867554833;1.34261757024056;1.3796450560220663;23.415917073253915;24.04537977857122;7.775077408711635;0.3320424045057996;18.59687416850678;28.23495997800105;70.5;73.0;9.233092656309694;0.13096585328098856;64.77726988230268;76.22273011769732;37.3;31.0;20.47950194706893;0.5490483095728936;24.606673186276183;49.99332681372381;0.1630177733979918;0.16257113146182148;0.02262864076213648;0.13881088111104847;0.14899239654622418;0.17704315024975945;1.0;1.0;0.0;0.0;1.0;1.0;ok
0.26;0.05;2;100.0;100.0;0.0;0.0;100.0;100.0;3277.6;3276.5;150.90473816285558;0.046041230828305954;3184.0682742680324;3371.1317257319674;65.552;65.53;3.0180947632571127;0.04604123082830596;63.68136548536066;67.42263451463936;86.7;86.0;3.163858403911275;0.03649202311316349;84.73902024487758;88.66097975512243;36.3;37.0;3.257299494980466;0.08973276845676216;34.28110485661092;38.31889514338907;0.7518532872173053;0.7487135426628474;0.024359083158293313;0.03239871870275258;0.736755371056549;0.7669512033780616;0.7463778584050322;0.7440721717803154;0.02478312522501793;0.033204528974074984;0.7310171182483792;0.7617385985616852;1.3378585858585859;1.3380808080808082;0.0304858056894658;0.02278701651408186;1.3189632877309156;1.356753883986256;24.952491692187472;23.17631561885167;4.3755594999568865;0.1753556139376196;22.24049181692704;27.664491567447904;75.7;75.0;2.7221315177632404;0.03595946522804809;74.01280540541407;77.38719459458594;32.1;31.0;4.887739763939975;0.1522660362598123;29.070547508212087;35.129452491787916;0.15004628008079102;0.14364249527845685;0.018156146006939263;0.12100363965813252;0.13879298419794114;0.1612995759636409;1.0;1.0;0.0;0.0;1.0;1.0;ok
0.26;0.1;2;100.0;100.0;0.0;0.0;100.0;100.0;3395.0;3395.0;152.93397268102336;0.045046825531965644;3300.2105416831596;3489.7894583168404;67.9;67.9;3.058679453620468;0.04504682553196565;66.0042108336632;69.79578916633682;91.3;90.5;3.606937759374287;0.039506437671131295;89.06439681517493;93.53560318482506;39.0;40.0;3.4641016151377544;0.0888231183368655;36.85292757457975;41.14707242542025;0.769811118488363;0.7674741169234811;0.024208611219521305;0.031447468915567836;0.754806465801497;0.784815771175229;0.7627910038602479;0.7612312072136019;0.024768661043273653;0.0324710974800793;0.7474392286963202;0.7781427790241756;1.3141414141414143;1.3141414141414143;0.03089575205677242;0.0235102187057684;1.2949920286228607;1.3332907996599679;20.21030093033276;19.428936977928217;4.117107104092977;0.20371330037514632;17.658491509653185;22.762110351012335;77.4;76.5;2.727636339397171;0.03524077957877482;75.70939348161674;79.09060651838327;33.0;33.0;6.81175454637056;0.2064168044354715;28.77803079120655;37.22196920879345;0.13904353594934585;0.13660872277168823;0.024536427796018234;0.1764657927352837;0.12383570044332799;0.1542513714553637;1.0;1.0;0.0;0.0;1.0;1.0;ok
0.26;0.15;2;100.0;100.0;0.0;0.0;100.0;100.0;3505.4;3503.5;159.30486496023906;0.0454455596965365;3406.661821738499;3604.1381782615013;70.10799999999999;70.07;3.186097299204781;0.04544555969653651;68.13323643476997;72.08276356523001;96.0;95.5;1.8439088914585775;0.01920738428602685;94.85713342861033;97.14286657138967;41.5;43.5;3.9812058474788765;0.09593267102358738;39.032423050845225;43.967576949154775;0.7873206467596436;0.7858093135017936;0.024194887547635265;0.030730665640757136;0.7723245000927377;0.8023167934265496;0.7787428759724445;0.7777319701257314;0.02492011948768152;0.03200044617623354;0.7632972258920986;0.7941885260527904;1.291838383838384;1.2922222222222222;0.03218280100206849;0.02491240499174913;1.2718912771188888;1.3117854905578792;18.443968808966595;15.304408513515334;5.7258575093742285;0.31044606335435704;14.895045556675106;21.992892061258086;79.4;78.5;3.6660605559646715;0.04617204730434095;77.1277521261975;81.6722478738025;31.5;30.5;8.10246875958186;0.25722123046291623;26.478037833674968;36.52196216632503;0.11915428384145987;0.11951577665953184;0.015018261119134341;0.12604046312860068;0.10984586916166356;0.1284626985212562;1.0;1.0;0.0;0.0;1.0;1.0;ok
0.26;0.2;2;100.0;100.0;0.0;0.0;100.0;100.0;3608.3;3616.0;161.3648350787742;0.04472045979513183;3508.2850390311532;3708.314960968847;72.166;72.32;3.2272967015754848;0.044720459795131846;70.16570078062306;74.16629921937694;98.2;98.5;0.9797958971132711;0.009977554960420276;97.59271621131468;98.80728378868533;43.8;45.5;3.994996871087636;0.09120997422574512;41.323875285854925;46.27612471414507;0.8034850577817656;0.8043496777261728;0.02349746284738264;0.029244430397067547;0.7889211794225144;0.8180489361410168;0.7934510714458769;0.7942762122002662;0.02474220771361412;0.031183028927703506;0.7781156922255394;0.8087864506662144;1.271050505050505;1.2694949494949495;0.03259895658157053;0.02564725512640052;1.2508454624305358;1.2912555476704741;15.73834485552988;15.263188278206131;3.9927754731048153;0.25369729217122217;13.263596978119033;18.213092732940726;80.3;80.0;4.428317965096905;0.05514717266621302;77.55530008926294;83.04469991073705;35.1;36.5;9.481033698917011;0.27011492019706584;29.22359443196779;40.97640556803221;0.11129783011286835;0.10687689469958228;0.0165313635811993;0.14853266738834586;0.1010515848108586;0.1215440754148781;1.0;1.0;0.0;0.0;1.0;1.0;ok
0.26;0.25;2;100.0;100.0;0.0;0.0;100.0;100.0;3704.6;3707.5;163.76031265236395;0.04420458690610699;3603.100306648739;3806.0996933512606;74.092;74.15;3.27520625304728;0.044204586906107;72.06200613297479;76.12199386702521;98.7;99.0;0.6403124237432849;0.0064874612334679315;98.3031302480662;99.09686975193381;46.3;47.5;4.026164427839479;0.0869581949857339;43.804557434041;48.79544256595899;0.8184179241009051;0.8185432977004321;0.022995115328202927;0.028097032886302956;0.8041654039598123;0.8326704442419979;0.8074215980990453;0.807621680522522;0.024482818248856304;0.030322223614648747;0.7922469901346064;0.8225962060634843;1.2515959595959596;1.2510101010101011;0.033082891444922026;0.026432564911444623;1.2310909710401492;1.27210094815177;13.845491339157224;11.80528509862175;4.941082721058388;0.35687304986311535;10.782976540011227;16.90800613830322;79.9;78.5;5.872818744010409;0.07350211194005518;76.25998923078517;83.54001076921485;40.2;39.5;10.087616170334794;0.25093572563021876;33.94763072107861;46.452369278921395;0.1254628317037763;0.12468497615405025;0.020956692452682876;0.1670350666256491;0.1124737391504452;0.13845192425710742;1.0;1.0;0.0;0.0;1.0;1.0;ok
0.26;0.3;2;100.0;100.0;0.0;0.0;100.0;100.0;3791.6;3800.0;162.64390551139627;0.04289585017179984;3690.7922629635996;3892.4077370364002;75.832;76.0;3.252878110227926;0.04289585017179985;73.815845259272;77.84815474072799;99.0;99.0;0.0;0.0;99.0;99.0;49.3;50.0;3.689173349139344;0.07483110241661955;47.013426668571505;51.58657333142849;0.8316455310994245;0.8323551913822276;0.022474076038241517;0.02702362388520393;0.8177159544560478;0.8455751077428012;0.8200988632236157;0.820938711882554;0.024209088451099422;0.029519719556663195;0.8050939147455531;0.8351038117016782;1.234020202020202;1.2323232323232323;0.032857354648766914;0.026626269646944572;1.213655002618909;1.254385401421495;11.566606413630181;10.618885137188204;4.230976359867732;0.3657923688733729;8.944220097022171;14.18899273023819;78.2;79.5;7.222188034107115;0.09235534570469457;73.7236414799527;82.6763585200473;48.8;50.5;13.883803513446882;0.28450417035751807;40.19472942900689;57.4052705709931;0.12837151974539449;0.1293828195920476;0.018700698801077224;0.14567638396871233;0.1167807065439504;0.13996233294683857;1.0;1.0;0.0;0.0;1.0;1.0;ok
0.26;0.35;2;100.0;100.0;0.0;0.0;100.0;100.0;3868.1;3884.5;160.58234647681545;0.04151452818614189;3768.570030491314;3967.629969508686;77.362;77.69;3.21164692953631;0.04151452818614191;75.37140060982627;79.35259939017372;99.0;99.0;0.0;0.0;99.0;99.0;51.6;52.5;4.2708313008125245;0.082768048465359;48.95291133507017;54.247088664929834;0.8427131214070643;0.8436287825161402;0.02171435059634112;0.025767191758074234;0.8292544274710731;0.8561718153430555;0.8311341314595575;0.8321052600931791;0.023567177799277493;0.0283554445753432;0.8165270433254547;0.8457412195936603;1.2185656565656564;1.2152525252525255;0.032440878076124315;0.026622183139112948;1.1984585920184472;1.2386727211128656;11.491391934927465;11.133088838810988;6.326327060333887;0.5505274814537792;7.570293799100206;15.412490070754725;77.1;80.0;9.730878685915265;0.12621113730110592;71.06873890467341;83.13126109532658;55.0;52.5;19.3597520645281;0.35199549208232905;43.00070135382905;66.99929864617096;0.1439965743675518;0.1482538197008973;0.021732435919264922;0.15092328421503137;0.13052667103227947;0.15746647770282415;1.0;1.0;0.0;0.0;1.0;1.0;ok
0.26;0.4;2;100.0;100.0;0.0;0.0;100.0;100.0;3940.3;3957.0;158.20622617330835;0.04015080734292017;3842.24276511343;4038.3572348865705;78.80600000000001;79.14;3.164124523466168;0.040150807342920175;76.84485530226861;80.76714469773141;99.0;99.0;0.0;0.0;99.0;99.0;54.2;55.0;4.467661580737736;0.08242918045641578;51.43091466364794;56.969085336352066;0.8526852511551137;0.8543148131613205;0.020996970202404756;0.024624526076838585;0.8396711941938657;0.8656993081163618;0.8414007675773041;0.8432256492652891;0.023073726370401226;0.02742299182450094;0.8270995238074643;0.8557020113471439;1.203979797979798;1.2006060606060607;0.03196085377238554;0.02654600502933175;1.1841702555784706;1.2237893403811253;8.36545224067056;7.5473916017132225;2.8691723758100687;0.3429787527637694;6.587120778060063;10.143783703281057;73.5;72.5;8.309632964216892;0.113056230805672;68.3496361293594;78.6503638706406;67.3;61.5;21.457166634949733;0.31882862756240316;54.00071033475847;80.59928966524151;0.15225716542854886;0.15426146272082011;0.018635896846026997;0.12239750289304077;0.14070651689496372;0.163807813962134;1.0;1.0;0.0;0.0;1.0;1.0;ok
0.26;0.45;2;100.0;100.0;0.0;0.0;100.0;100.0;4003.8;4012.0;155.33499283805952;0.038796891162910116;3907.522373971935;4100.077626028065;80.07600000000002;80.24000000000001;3.106699856761192;0.03879689116291012;78.15044747943871;82.00155252056133;99.0;99.0;0.0;0.0;99.0;99.0;55.8;55.0;4.308131845707603;0.07720666390156995;53.12979221782274;58.470207782177255;0.8615929632368733;0.8626367585643112;0.020521387088435754;0.02381796041060971;0.8488736757435693;0.8743122507301773;0.8506948489563;0.8517657101310567;0.02271801813515289;0.026705249435829026;0.8366140754348096;0.8647756224777904;1.191151515151515;1.1894949494949496;0.031380806633951416;0.026344932810633888;1.1717014896912998;1.2106015406117303;8.556875514820977;6.67892223388397;5.491221775319785;0.6417321095543214;5.1533809971846924;11.960370032457261;72.1;72.5;9.12633551870629;0.12657885601534383;66.4434386417188;77.75656135828119;73.2;77.0;18.925115587493778;0.25853983043024287;61.47009183326656;84.92990816673344;0.15610416792067702;0.15633114941041815;0.02010034340915278;0.12876237500184234;0.14364584600347963;0.16856248983787442;1.0;1.0;0.0;0.0;1.0;1.0;ok
0.26;0.5;2;100.0;100.0;0.0;0.0;100.0;100.0;4057.5;4067.0;149.72858778469796;0.036901685221120875;3964.6972598249386;4150.302740175061;81.15;81.34;2.994571755693959;0.036901685221120875;79.29394519649877;83.00605480350124;99.0;99.0;0.0;0.0;99.0;99.0;58.0;58.0;4.266145801540309;0.07355423795759153;55.35581543760652;60.64418456239348;0.8690868838173419;0.870705376689378;0.01964737493376671;0.02260691686827487;0.8569093146698774;0.8812644529648064;0.8585418490623272;0.859983749596215;0.02194452913469284;0.02556023233888945;0.8449404889901988;0.8721432091344556;1.1803030303030304;1.1783838383838385;0.030248199552464213;0.025627486142010755;1.1615550019848362;1.1990510586212246;8.421056360597014;5.9604567860655004;6.668319377917044;0.7918625754743542;4.287989190264639;12.554123530929388;70.9;67.5;8.407734534343957;0.11858581853799656;65.68883214624591;76.1111678537541;79.7;84.0;15.498709623707388;0.19446310694739508;70.09380025192064;89.30619974807937;0.15909515557699744;0.1562953372490246;0.020697389690320617;0.13009440554777724;0.1462667805408634;0.17192353061313148;1.0;1.0;0.0;0.0;1.0;1.0;ok
0.26;0.55;2;100.0;100.0;0.0;0.0;100.0;100.0;4103.8;4110.0;146.37267504558358;0.03566759467946381;4013.0772760902764;4194.522723909724;82.07600000000001;82.19999999999999;2.927453500911668;0.03566759467946376;80.26154552180553;83.89045447819448;99.0;99.0;0.0;0.0;99.0;99.0;59.8;59.0;4.6;0.07692307692307693;56.948890461592185;62.65110953840781;0.8756172240562373;0.8768520770610146;0.019029476002128228;0.02173264239135849;0.8638226326343742;0.8874118154781004;0.8654269717294063;0.8664633299298224;0.021458561264568306;0.024795346072571642;0.8521268176637717;0.8787271257950409;1.170949494949495;1.1696969696969697;0.029570237382946184;0.02525321332003444;1.1526216719374296;1.1892773179615603;5.958185829780531;5.704688827335868;0.8097539525260351;0.13590612573355443;5.45629513025653;6.460076529304532;68.0;68.0;4.09878030638384;0.06027618097623294;65.45954964622412;70.54045035377588;89.7;92.0;7.510659092250159;0.08373087059364726;85.04484526572962;94.35515473427039;0.16434899561921706;0.15883171189458561;0.02380337344894094;0.14483431042129016;0.14959551190474776;0.17910247933368637;1.0;1.0;0.0;0.0;1.0;1.0;ok
0.26;0.6;2;100.0;100.0;0.0;0.0;100.0;100.0;4147.1;4149.5;143.70417530468626;0.03465172658114978;4058.03122936517;4236.16877063483;82.942;82.99;2.8740835060937244;0.034651726581149775;81.16062458730339;84.7233754126966;99.0;99.0;0.0;0.0;99.0;99.0;61.4;60.5;4.294182110716777;0.06993781939278139;58.73843835314678;64.06156164685322;0.8814860698875631;0.881988005949506;0.018816638318208057;0.021346495379794477;0.8698233966289081;0.8931487431462181;0.8718254775122187;0.872231405064603;0.021210922703636278;0.024329321923651864;0.8586788114168343;0.8849721436076031;1.1622020202020202;1.1617171717171717;0.029031146526199245;0.024979432165461987;1.1442083291646807;1.1801957112393597;6.093307436738927;5.876115984631298;0.5848203046536696;0.09597748197104908;5.730832056553571;6.455782816924283;69.2;68.5;2.7856776554368237;0.04025545744850901;67.47341910122925;70.92658089877075;89.6;90.0;7.213875518748574;0.08051200355746177;85.12879363034985;94.07120636965014;0.16821734828520046;0.1605270329195746;0.02564408880541029;0.15244616008292186;0.15232297737283476;0.18411171919756616;1.0;1.0;0.0;0.0;1.0;1.0;ok
0.26;0.65;2;100.0;100.0;0.0;0.0;100.0;100.0;4188.1;4188.5;143.50710783790467;0.03426544443492387;4099.153373046529;4277.046626953472;83.762;83.77;2.8701421567580936;0.034265444434923874;81.98306746093057;85.54093253906943;99.0;99.0;0.0;0.0;99.0;99.0;63.0;63.0;4.604345773288535;0.07308485354426246;60.14619692340204;65.85380307659796;0.8869368756134671;0.8871017101698766;0.01855807232011131;0.020923780294144677;0.8754344632207864;0.8984392880061478;0.8778323162001845;0.877907277394402;0.02105426388201195;0.02398438003871647;0.8647827482484107;0.8908818841519583;1.153919191919192;1.1538383838383839;0.02899133491674842;0.025124233239010606;1.1359501763730362;1.1718882074653478;6.147814371438506;5.918452262914531;0.5084203089713343;0.08269935919557876;5.832692199171459;6.4629365437055535;70.0;70.0;2.8284271247461903;0.040406101782088436;68.24692270564016;71.75307729435984;90.0;89.5;7.483314773547883;0.08314794192830981;85.3617934500499;94.6382065499501;0.17241415080220396;0.16530806050937935;0.02369938941744329;0.1374561734473383;0.15772511705817924;0.18710318454622868;1.0;1.0;0.0;0.0;1.0;1.0;ok
0.26;0.7;2;100.0;100.0;0.0;0.0;100.0;100.0;4223.4;4223.5;142.6963209056211;0.033787072241706;4134.955903993539;4311.84409600646;84.468;84.47;2.853926418112423;0.033787072241706004;82.6991180798708;86.2368819201292;99.0;99.0;0.0;0.0;99.0;99.0;64.2;65.0;4.749736834815167;0.07398343979462876;61.25608260985469;67.14391739014532;0.8917578236022683;0.891673199889911;0.018380925167307934;0.020612014473904955;0.8803652081524266;0.90315043905211;0.883084981342137;0.8829751404150268;0.02093967434848232;0.023711958408190372;0.8701064367190693;0.8960635259652047;1.1467878787878787;1.1467676767676767;0.028827539576893133;0.025137638886943068;1.1289203846451594;1.164655372930598;6.319691971450654;6.031637694394451;0.8119856809306666;0.12848500917431255;5.816418032330657;6.822965910570651;70.9;70.5;3.8327535793473597;0.05405858362972298;68.5244347199035;73.27556528009652;90.0;92.0;7.962411694957753;0.08847124105508615;85.06484610169045;94.93515389830955;0.17619765161689965;0.17180164424924999;0.02286268579078543;0.12975590526311306;0.1620272121534803;0.19036809108031902;1.0;1.0;0.0;0.0;1.0;1.0;ok
0.26;0.75;2;100.0;100.0;0.0;0.0;100.0;100.0;4257.4;4257.0;142.8763101427245;0.03355952227714673;4168.844345508601;4345.9556544913985;85.148;85.13999999999999;2.8575262028544905;0.03355952227714674;83.37688691017202;86.91911308982797;99.0;99.0;0.0;0.0;99.0;99.0;65.2;65.5;4.556314299957807;0.06988212116499704;62.37596713900139;68.02403286099862;0.8963582093304149;0.8961167342530572;0.018400971485614804;0.0205285914649685;0.8849531690437613;0.9077632496170684;0.888126489892785;0.8879542595074172;0.0210172256348673;0.023664676005108812;0.8750998784844286;0.9011531013011413;1.139919191919192;1.1400000000000001;0.02886390103893425;0.02532100629899772;1.1220291607088084;1.1578092231295756;6.343056413478027;6.3221969370482825;0.6579168717931111;0.10372237434230258;5.93527531159786;6.750837515358193;71.4;71.5;3.4698703145794947;0.04859762345349432;69.24935209762268;73.55064790237734;91.1;90.5;5.52177507691141;0.06061224014172788;87.67756834984246;94.52243165015753;0.18213462624141555;0.17376298446405758;0.025594984923587305;0.14052783620431242;0.16627069023031904;0.19799856225251206;1.0;1.0;0.0;0.0;1.0;1.0;ok
0.26;0.8;2;100.0;100.0;0.0;0.0;100.0;100.0;4285.6;4287.0;139.98157021551086;0.032663237403283286;4198.838523903752;4372.361476096249;85.71199999999999;85.74000000000001;2.7996314043102175;0.03266323740328329;83.97677047807501;87.44722952192497;99.0;99.0;0.0;0.0;99.0;99.0;66.3;67.5;4.220189569201838;0.06365293467876076;63.68429940551293;68.91570059448706;0.899862893376285;0.8996773017259398;0.0181254607440885;0.02014246934450401;0.8886286164163921;0.9110971703361779;0.8921382169561431;0.892120989727594;0.020670622821982423;0.023169753777063644;0.8793264321968857;0.9049500017154006;1.1342222222222222;1.1339393939393938;0.02827910509404261;0.02493259657586045;1.116694651293687;1.1517497931507574;6.234275359554209;6.177224905099489;0.3998413904454621;0.0641359849196737;5.986451098217405;6.482099620891013;71.3;72.0;2.8301943396169813;0.039694170261107733;69.54582737451527;73.05417262548472;93.4;94.5;4.6946778377222005;0.050264216677967884;90.49020852980837;96.30979147019164;0.18250521824693822;0.17379292703968963;0.02531518520938301;0.1387093774772531;0.16681470389540948;0.19819573259846696;1.0;1.0;0.0;0.0;1.0;1.0;ok
0.26;0.85;2;100.0;100.0;0.0;0.0;100.0;100.0;4311.9;4312.0;138.919725021323;0.0322177520400109;4225.796662373634;4398.0033376263655;86.23800000000001;86.24000000000001;2.7783945004264603;0.0322177520400109;84.51593324747269;87.96006675252734;99.0;99.0;0.0;0.0;99.0;99.0;67.4;68.5;4.127953488110059;0.06124560071379909;64.84146792085775;69.95853207914226;0.9035127763714588;0.9030866904691995;0.018101327625877052;0.020034390325472388;0.8922934572732016;0.9147320954697159;0.8961328115906018;0.8958669836267634;0.020605179452373123;0.02299344381308805;0.8833615890520657;0.9089040341291378;1.1289090909090909;1.128888888888889;0.02806459091339858;0.02485992108611567;1.1115144772471988;1.146303704570983;6.367729428725215;6.235918799456051;0.4488903871665137;0.07049457615795386;6.089504284257819;6.645954573192611;72.0;72.0;2.7202941017470885;0.03778186252426512;70.31394424765965;73.68605575234035;93.8;96.0;5.230678732248808;0.05576416558900649;90.55799173350837;97.04200826649162;0.1847761443296009;0.17572290243451943;0.02583858631941375;0.13983724150734128;0.1687612226091109;0.20079106605009092;1.0;1.0;0.0;0.0;1.0;1.0;ok
0.26;0.9;2;100.0;100.0;0.0;0.0;100.0;100.0;4334.7;4331.5;136.30704310489608;0.03144555404177823;4250.216019402493;4419.183980597507;86.69399999999999;86.63;2.726140862097923;0.03144555404177825;85.00432038804983;88.38367961195014;99.0;99.0;0.0;0.0;99.0;99.0;68.1;69.5;4.369210454990695;0.06415874383246248;65.39193530357932;70.80806469642067;0.9065280431234898;0.9055013348156025;0.017724259424242765;0.01955180488754976;0.8955424333179087;0.9175136529290708;0.8994998046731932;0.8985902390680611;0.020194966234740014;0.022451329205210067;0.8869828349210865;0.9120167744252999;1.1243030303030301;1.1249494949494951;0.02753677638482749;0.02449230825021043;1.1072355594752508;1.1413705011308095;6.248951190387122;6.216855539878528;0.2596513923576703;0.04155119546414395;6.088017590080204;6.40988479069404;71.9;72.0;2.4269322199023193;0.033754272877640046;70.39577182581897;73.40422817418104;95.3;96.0;3.7696153649941526;0.03955525041966582;92.9635681905949;97.6364318094051;0.18932458402241048;0.18214329788796452;0.02404668419440486;0.12701300424649783;0.17442029474550874;0.20422887329931222;1.0;1.0;0.0;0.0;1.0;1.0;ok
0.26;0.95;2;100.0;100.0;0.0;0.0;100.0;100.0;4358.7;4353.5;132.7539453274365;0.03045723388336809;4276.418252220799;4440.9817477792;87.174;87.07;2.655078906548732;0.030457233883368115;85.52836504441599;88.81963495558402;99.0;99.0;0.0;0.0;99.0;99.0;68.7;69.5;4.561797891182818;0.06640171602886197;65.87256837394784;71.52743162605216;0.9097440636830161;0.9091326885918153;0.01726765074847542;0.01898077870227469;0.8990414628667394;0.9204466644992928;0.9030886272258396;0.9021871961854265;0.019698147877512263;0.02181197645907931;0.8908795886818086;0.9152976657698706;1.1194545454545453;1.1205050505050504;0.026818978854027602;0.023957184293836583;1.1028319701456157;1.1360771207634748;6.382200281682804;6.427566911752887;0.4053008694424985;0.06350488100565095;6.130992200206177;6.633408363159432;72.6;72.5;2.8000000000000003;0.038567493112947666;70.86454202009959;74.3354579799004;95.4;96.0;3.6660605559646715;0.03842830771451437;93.1277521261975;97.6722478738025;0.19198926800903923;0.18510903708485488;0.023241451499439375;0.12105599307949401;0.17758406712719269;0.20639446889088578;1.0;1.0;0.0;0.0;1.0;1.0;ok
0.26;1.0;2;100.0;100.0;0.0;0.0;100.0;100.0;4379.9;4368.0;129.95418423429084;0.02967058248688117;4299.3535621246965;4460.446437875303;87.598;87.36;2.599083684685817;0.029670582486881175;85.98707124249394;89.20892875750606;99.0;99.0;0.0;0.0;99.0;99.0;69.1;70.5;4.414748010928823;0.06388926209737805;66.36371083399433;71.83628916600566;0.9124603378928173;0.9113492810028203;0.017018574678102586;0.018651303482849775;0.901912116024373;0.9230085597612616;0.9061808303908556;0.9045115684207226;0.019396676782240815;0.02140486328084716;0.8941586455675382;0.918203015214173;1.1151717171717173;1.1175757575757577;0.026253370552381958;0.023541998194650582;1.098899709520141;1.1314437248232936;6.474980202457988;6.580718597925776;0.6195936547757608;0.09569043231059686;6.090952076573612;6.859008328342363;73.0;73.5;3.605551275463989;0.049391113362520396;70.76525616680568;75.23474383319432;96.0;98.0;5.079370039680118;0.05291010458000123;92.85177383277504;99.14822616722496;0.19409617242621155;0.18744495524860127;0.02257495868116192;0.1163081084957722;0.18010406807294568;0.20808827677947742;1.0;1.0;0.0;0.0;1.0;1.0;ok
0.31;0.0;2;100.0;100.0;0.0;0.0;100.0;100.0;3568.6;3582.5;140.12865517088215;0.03926712300927035;3481.7473597039216;3655.4526402960782;71.372;71.65;2.8025731034176404;0.03926712300927031;69.63494719407844;73.10905280592156;87.5;87.5;2.5787593916455256;0.029471535904520292;85.90166836983059;89.09833163016941;42.1;42.0;3.9862262855989496;0.09468470987170902;39.629311351060196;44.57068864893981;0.7836102319072289;0.7838836661775108;0.024179721631380005;0.03085682223996614;0.7686234851726043;0.7985969786418535;0.7816990541327151;0.7818885124404088;0.02442392825973017;0.03124466907130673;0.7665609465616924;0.7968371617037379;1.2790707070707072;1.2762626262626262;0.028308819226440837;0.02213233331820484;1.2615247191321055;1.296616695009309;28.51210003829892;28.391108056549143;10.728017572915485;0.37626192242960216;21.862805857788935;35.16139421880891;77.0;79.0;8.19756061276768;0.10646182613984;71.91909929244824;82.08090070755176;42.8;37.0;18.26362505090378;0.4267202114697145;31.480087915535734;54.11991208446426;0.17657261163321722;0.17323428448379657;0.029483660062593325;0.16697753853150119;0.15829844980025348;0.19484677346618096;1.0;1.0;0.0;0.0;1.0;1.0;ok
0.31;0.05;2;100.0;100.0;0.0;0.0;100.0;100.0;3684.4;3694.5;138.19421116674894;0.03750792833751736;3598.7463405195085;3770.0536594804917;73.688;73.89;2.763884223334977;0.03750792833751733;71.97492681039017;75.40107318960983;91.2;91.5;2.8213471959331766;0.030935824516811147;89.45131089098147;92.94868910901853;44.9;44.5;3.5341194094144583;0.07871089998695899;42.70953009607527;47.09046990392473;0.8014945379858665;0.8008634534176746;0.02297937792017352;0.02867066066091986;0.7872517719913263;0.8157373039804066;0.7986811240101643;0.7981753551461364;0.023285699210646413;0.029155189111931573;0.7842484981127797;0.8131137499075489;1.2556767676767677;1.2536363636363634;0.027918022457929095;0.022233446677191102;1.2383729980847493;1.2729805372687861;30.571831827120757;31.730607812390016;5.560916727401759;0.18189674596039684;27.12513993064539;34.018523723596125;81.9;82.5;2.3853720883753127;0.029125422324484892;80.42153106221335;83.37846893778666;36.3;34.5;7.563729238940272;0.2083671966650213;31.611952048026808;40.988047951973186;0.162828454397167;0.15668081006353987;0.028834024156980324;0.1770822198351715;0.14495694107006965;0.18069996772426436;1.0;1.0;0.0;0.0;1.0;1.0;ok
0.31;0.1;2;100.0;100.0;0.0;0.0;100.0;100.0;3800.2;3806.5;138.1041635867652;0.03634128824450429;3714.602152587813;3885.7978474121865;76.00399999999999;76.13;2.7620832717353045;0.0363412882445043;74.29204305175625;77.71595694824373;95.3;95.5;2.147091055358389;0.02252981170365571;93.96921917657339;96.6307808234266;47.8;47.0;3.709447398198282;0.07760350205435737;45.50086068277714;50.09913931722286;0.820242811451706;0.8198408160970938;0.02233733025604088;0.027232582772054016;0.8063979907222356;0.8340876321811763;0.8162871454319085;0.8158492659410623;0.02272057979082788;0.027834053149037544;0.8022047841797812;0.8303695066840358;1.2322828282828282;1.231010101010101;0.027899831027629364;0.02264076913780212;1.2149903338561239;1.2495753227095325;23.011485268510306;25.660891216792;4.963570888764395;0.21569971824272957;19.935032158614764;26.08793837840585;82.6;83.5;2.973213749463701;0.03599532384338622;80.75718302590843;84.44281697409156;41.9;44.0;8.018104514160438;0.191362876232946;36.93032733472314;46.86967266527686;0.1378194253790555;0.13457121665331329;0.01114235967394599;0.08084752670605243;0.13091331930367334;0.14472553145443767;1.0;1.0;0.0;0.0;1.0;1.0;ok
0.31;0.15;2;100.0;100.0;0.0;0.0;100.0;100.0;3906.2;3911.5;136.07483235337827;0.03483560297818296;3821.8599451173995;3990.5400548826;78.124;78.23;2.7214966470675646;0.03483560297818295;76.43719890234799;79.810801097652;98.0;98.0;0.8944271909999159;0.009126808071427713;97.44562828354975;98.55437171645025;51.2;52.0;3.944616584663204;0.07704329266920319;48.755101310892414;53.64489868910759;0.8369896116436457;0.8373059192966535;0.021050594608001297;0.02515036544678614;0.8239423179314656;0.8500369053558259;0.8322065282095;0.8323143376774623;0.021645042580692653;0.02600921988350916;0.8187907918266618;0.8456222645923382;1.2108686868686869;1.2097979797979799;0.027489865121894597;0.02270259807690918;1.1938302919429091;1.2279070817944646;20.821526646423216;20.59320066689159;5.701880544476363;0.273845460100105;17.28746447094094;24.355588821905492;84.0;84.0;3.40587727318528;0.040546158014110475;81.88901539560328;86.11098460439672;42.1;40.5;8.443340571124677;0.20055440786519424;36.86676329600887;47.33323670399113;0.13761654474997354;0.14185810458336803;0.017286789253397737;0.12561563207973991;0.12690208176545006;0.148331007734497;1.0;1.0;0.0;0.0;1.0;1.0;ok
0.31;0.2;2;100.0;100.0;0.0;0.0;100.0;100.0;3998.9;4012.0;135.40564980827057;0.03386072415120922;3914.9747087559417;4082.8252912440585;79.978;80.24000000000001;2.7081129961654113;0.03386072415120923;78.29949417511882;81.65650582488117;98.8;99.0;0.4;0.004048582995951417;98.5520774314428;99.0479225685572;54.8;55.0;3.0919249667480617;0.0564219884443077;52.8836050511442;56.71639494885579;0.8515644664026812;0.8522421266536881;0.02054348202196264;0.024124400245052257;0.838831484327697;0.8642974484776654;0.8461542751712512;0.8468180556202892;0.021350087668401973;0.025231908996832732;0.8329213537370721;0.8593871966054303;1.1921414141414142;1.1894949494949496;0.02735467672894355;0.022945832100501697;1.1751868098496852;1.2090960184331432;20.744328616739416;20.599244954314003;5.2992372360680395;0.255454747848136;17.45982734933954;24.02882988413929;86.3;87.0;3.1320919526731648;0.03629307013526263;84.35870929533982;88.24129070466017;38.8;37.5;9.897474425326898;0.2550895470445077;32.665481795609374;44.93451820439062;0.132330493661931;0.1419964030898492;0.025613550785016342;0.19355743393848518;0.1164550504107021;0.14820593691315992;1.0;1.0;0.0;0.0;1.0;1.0;ok
0.31;0.25;2;100.0;100.0;0.0;0.0;100.0;100.0;4076.7;4095.0;137.04163600891516;0.033615825547358195;3991.7607140034715;4161.639285996528;81.534;81.9;2.7408327201783043;0.03361582554735821;79.83521428006944;83.23278571993058;99.0;99.0;0.0;0.0;99.0;99.0;57.4;57.0;3.2310988842807022;0.0562909213289321;55.39734416336705;59.402655836632945;0.863512973946766;0.865113127598033;0.02042304063207522;0.023651110346066744;0.8508546422186355;0.8761713056748964;0.8578855321009783;0.8594823087833359;0.02136242284792232;0.02490125086455921;0.8446449652433234;0.8711260989586331;1.1764242424242426;1.1727272727272728;0.027685178991700032;0.023533329213489797;1.1592647907077722;1.193583694140713;18.835272764260218;20.334454851324878;6.205240867246671;0.3294478898665628;14.98922462845045;22.681320900069988;85.6;88.0;6.681317235396027;0.07805277144154238;81.4588766741378;89.74112332586219;43.7;35.5;17.680780525757342;0.40459452004021373;32.74133869489526;54.658661305104744;0.14307490902214673;0.1450040074202767;0.021353497898839915;0.14924697869655526;0.12983987390524376;0.1563099441390497;1.0;1.0;0.0;0.0;1.0;1.0;ok
0.31;0.3;2;100.0;100.0;0.0;0.0;100.0;100.0;4147.0;4166.0;132.88190245477372;0.032042899072769165;4064.638943571613;4229.361056428387;82.94;83.32;2.6576380490954756;0.03204289907276918;81.29277887143225;84.58722112856775;99.0;99.0;0.0;0.0;99.0;99.0;59.3;58.0;3.8483762809787714;0.06489673323741604;56.91475166911283;61.68524833088716;0.8744937518018514;0.8766229837321151;0.019357778449524663;0.022135982572361337;0.862495676414933;0.8864918271887698;0.8688230348652933;0.8710782893352114;0.02049686257074968;0.023591527558805593;0.8561189478255328;0.8815271219050539;1.1622222222222223;1.1583838383838385;0.026844828778742138;0.02309784502951044;1.1455836249639622;1.1788608194804824;18.91430482029879;15.700123318230645;11.458591040527889;0.6058161348986274;11.81219651326328;26.016413127334296;84.7;85.5;7.563729238940273;0.08930022714215198;80.01195204802681;89.38804795197319;49.6;44.0;21.22828302053654;0.4279895770269464;36.442573868723414;62.75742613127659;0.1544123432701252;0.15467218100243887;0.026865835539417224;0.17398761634242402;0.13776072588670607;0.17106396065354434;1.0;1.0;0.0;0.0;1.0;1.0;ok
0.31;0.35;2;100.0;100.0;0.0;0.0;100.0;100.0;4206.2;4222.5;131.566561101216;0.031279197637110935;4124.654200588871;4287.745799411128;84.124;84.44999999999999;2.6313312220243197;0.03127919763711093;82.49308401177743;85.75491598822256;99.0;99.0;0.0;0.0;99.0;99.0;61.5;61.5;3.930648801406709;0.0639129886407595;59.06375863264741;63.93624136735259;0.8837569129269738;0.8856598531864759;0.01882025489562616;0.021295737119944102;0.8720919980904116;0.895421827763536;0.8780960278401247;0.8799916243269299;0.020099818629187215;0.022890228394071264;0.8656380311849198;0.8905540244953297;1.150262626262626;1.146969696969697;0.026579103252770894;0.023106986740176323;1.1337887273916911;1.166736525133561;13.50817514407139;11.45276714424747;6.9650863312611735;0.5156200787282569;9.191169910399088;17.825180377743692;81.9;82.5;8.055432949258531;0.09835693466738132;76.9071909309488;86.89280906905121;61.7;58.0;22.943626565998674;0.37185780495945986;47.47939292435095;75.92060707564906;0.17060949467186579;0.17277111657898458;0.02079967915761361;0.12191396028467087;0.1577177199670627;0.18350126937666889;1.0;1.0;0.0;0.0;1.0;1.0;ok
0.31;0.4;2;100.0;100.0;0.0;0.0;100.0;100.0;4258.2;4280.0;127.3285513936289;0.029901965946556974;4179.28094621956;4337.11905378044;85.16399999999999;85.6;2.546571027872579;0.029901965946556988;83.58561892439118;86.74238107560879;99.0;99.0;0.0;0.0;99.0;99.0;63.2;63.0;3.9191835884530843;0.06201239855147285;60.770864845258714;65.62913515474129;0.8915648743577206;0.8937187345580617;0.018076693762170432;0.02027524219725772;0.8803608234863726;0.9027689252290686;0.8860926998344872;0.8887027436216928;0.01950120803829832;0.02200809017153729;0.8740057258674291;0.8981796738015454;1.1397575757575757;1.1353535353535353;0.02572293967548057;0.022568781487048252;1.1238143325696082;1.1557008189455433;9.434053864077072;7.27987921252177;4.055002005946735;0.42982603919480944;6.92073758202978;11.947370146124364;77.0;75.0;8.48528137423857;0.11019845940569571;71.74076811692049;82.25923188307951;77.3;83.0;17.262966141425405;0.22332427091106605;66.60030273325455;87.99969726674544;0.18204924395913583;0.18321960605653465;0.02606974596872443;0.1432016162317941;0.16589104800363608;0.19820743991463557;1.0;1.0;0.0;0.0;1.0;1.0;ok
0.31;0.45;2;100.0;100.0;0.0;0.0;100.0;100.0;4299.9;4320.5;126.94286116202045;0.029522282183776474;4221.219999501779;4378.58000049822;85.998;86.41;2.5388572232404107;0.02952228218377649;84.4243999900356;87.57160000996441;99.0;99.0;0.0;0.0;99.0;99.0;64.8;64.5;3.9698866482558417;0.06126368284345435;62.33943876320868;67.26056123679132;0.8979074619794005;0.900098417960081;0.01799980196997515;0.020046388667152092;0.8867510691346076;0.9090638548241935;0.8926578781120529;0.8952730176923007;0.019501596935777115;0.02184666423044679;0.8805706631038401;0.9047450931202656;1.1313333333333333;1.1271717171717173;0.025645022456973858;0.02266796327958797;1.115438383737733;1.1472282829289335;8.2811920832437;7.1548728771210826;2.4057037768851774;0.2905021104090699;6.790121434360869;9.772262732126531;76.6;75.5;5.730619512757762;0.07481226517960526;73.04812522743269;80.1518747725673;82.4;87.5;14.256226709757389;0.1730124600698712;73.56389914045795;91.23610085954206;0.18617410155295114;0.18425920340309193;0.024431546287476364;0.13122956460476115;0.17103127227941292;0.20131693082648935;1.0;1.0;0.0;0.0;1.0;1.0;ok
0.31;0.5;2;100.0;100.0;0.0;0.0;100.0;100.0;4342.6;4356.5;123.13342356971967;0.02835476985440051;4266.281113383384;4418.918886616617;86.852;87.13;2.462668471394395;0.02835476985440053;85.32562226766767;88.37837773233234;99.0;99.0;0.0;0.0;99.0;99.0;66.6;66.0;4.2708313008125245;0.06412659610829617;63.95291133507016;69.24708866492982;0.9041290547783294;0.9055078178415112;0.017404448128480385;0.019249959988010268;0.8933416660674959;0.9149164434891629;0.8992370145000077;0.901062718572956;0.01889012054032371;0.021006831609158085;0.8875287964882272;0.9109452325117882;1.1227070707070705;1.11989898989899;0.02487543910499386;0.022156660231352723;1.1072891138148246;1.1381250275993164;7.879548342803233;7.17450490513329;1.9979541093154156;0.2535620091905702;6.641203556201002;9.117893129405463;76.2;75.5;5.30659966456864;0.06964041554552021;72.9109354521384;79.4890645478616;86.2;90.5;10.33247308247159;0.11986627705883515;79.79586683461376;92.60413316538624;0.19106991587280722;0.1850362974536934;0.029309814185854297;0.15339837279964819;0.172903504830579;0.20923632691503544;1.0;1.0;0.0;0.0;1.0;1.0;ok
0.31;0.55;2;100.0;100.0;0.0;0.0;100.0;100.0;4377.3;4388.5;121.9451106030906;0.02785852251458447;4301.717637390725;4452.882362609275;87.546;87.77000000000001;2.4389022120618122;0.02785852251458447;86.0343527478145;89.05764725218552;99.0;99.0;0.0;0.0;99.0;99.0;67.9;68.0;4.6141087980237305;0.06795447419769853;65.04014573797895;70.75985426202107;0.9091824150834645;0.909886544584531;0.0173392853214649;0.019071294202135578;0.8984354146988551;0.9199294154680739;0.9045614378053533;0.9057255503485278;0.018831236074784433;0.020818084087768293;0.8928897167634343;0.9162331588472722;1.1156969696969699;1.1134343434343434;0.024635375879412245;0.02208070519910381;1.10042780553348;1.1309661338604597;9.089807814585225;7.048234234529557;3.8563076451324108;0.4242452342000783;6.699643573265229;11.47997205590522;77.9;74.5;6.7;0.08600770218228497;73.74729697666689;82.05270302333312;84.7;93.0;15.225307878660452;0.1797557010467586;75.26325640912079;94.13674359087922;0.19292635319203386;0.18643976709433482;0.02757423215317358;0.14292620835333422;0.17583566703851547;0.21001703934555224;1.0;1.0;0.0;0.0;1.0;1.0;ok
0.31;0.6;2;100.0;100.0;0.0;0.0;100.0;100.0;4407.3;4416.5;118.43230133709298;0.026871849281213663;4333.894899130919;4480.705100869081;88.14599999999999;88.33;2.3686460267418576;0.026871849281213646;86.67789798261836;89.61410201738161;99.0;99.0;0.0;0.0;99.0;99.0;69.4;69.5;4.565084884205331;0.06577932109805952;66.57053107456541;72.2294689254346;0.9134224500760842;0.9137569709957992;0.01681239120845745;0.018405931677130387;0.903002022046111;0.9238428781060575;0.9091245307652078;0.91002055290441;0.01829738270381728;0.020126376623471394;0.8977836954706966;0.9204653660597191;1.1096363636363635;1.1077777777777778;0.02392571744183697;0.021561764039014147;1.0948070503294784;1.1244656769432486;7.57158451390336;7.17826521189283;1.6101560083549336;0.21265773437492197;6.573599480480448;8.569569547326273;76.3;76.5;3.7960505792204615;0.049751645861342876;73.94718347506652;78.65281652493347;90.9;94.0;10.624970588194586;0.1168863651066511;84.31457500232521;97.4854249976748;0.19729461961047012;0.1940833656864529;0.02480511274692419;0.12572625039597288;0.1819202514465491;0.21266898777439114;1.0;1.0;0.0;0.0;1.0;1.0;ok
0.31;0.65;2;100.0;100.0;0.0;0.0;100.0;100.0;4434.3;4440.0;114.36787136254657;0.025791640475959353;4363.414058928445;4505.185941071555;88.686;88.80000000000001;2.2873574272509316;0.025791640475959356;87.2682811785689;90.10371882143112;99.0;99.0;0.0;0.0;99.0;99.0;70.3;70.0;4.313930922024598;0.06136459348541391;67.62619791308332;72.97380208691668;0.9174406626811912;0.9181832191530562;0.016359449963412844;0.017831616396424887;0.9073009705434104;0.9275803548189719;0.9133943413724163;0.9144501850885849;0.017768457569604226;0.01945321616828315;0.9023813372725265;0.9244073454723061;1.1041818181818182;1.103030303030303;0.023104620477282137;0.02092465216944702;1.0898614260461503;1.118502210317486;7.595437942222813;7.3024623022992685;1.4806888373405547;0.19494449807949185;6.6776974927541985;8.513178391691428;76.7;77.0;3.848376280978772;0.050174397405199106;74.31475166911284;79.08524833088717;91.8;93.5;10.017983829094554;0.1091283641513568;85.59078929331594;98.00921070668406;0.20051736214600027;0.19651037704369778;0.024409336314069222;0.12173178448406054;0.18538829875659876;0.21564642553540178;1.0;1.0;0.0;0.0;1.0;1.0;ok
0.31;0.7;2;100.0;100.0;0.0;0.0;100.0;100.0;4461.6;4468.5;110.70880723772612;0.02481370074361801;4392.981970369297;4530.218029630703;89.232;89.37;2.2141761447545227;0.024813700743618015;87.85963940738594;90.60436059261406;99.0;99.0;0.0;0.0;99.0;99.0;71.7;71.0;4.148493702538308;0.05785904745520652;69.12873696405833;74.27126303594167;0.9214342864211016;0.9227647437145696;0.015912194897120167;0.017268941618098405;0.9115718058454095;0.9312967669967936;0.9176479636004468;0.9189597035948485;0.017269535346755197;0.018819346886574172;0.9069441946980544;0.9283517325028391;1.0986666666666665;1.0972727272727272;0.022365415603581025;0.020356870998405063;1.0848044384584437;1.1125288948748893;7.4779318325996496;7.282721002075547;0.7760986305502954;0.10378519728769582;6.996900917750261;7.958962747449038;77.0;77.0;2.6076809620810595;0.03386598652053324;75.38374259475788;78.61625740524212;93.3;95.5;7.142128534267639;0.0765501450618182;88.87326287204672;97.72673712795327;0.2029500032752563;0.1972393297247706;0.02437457431666563;0.12010137434492657;0.187842485595066;0.21805752095544662;1.0;1.0;0.0;0.0;1.0;1.0;ok
0.31;0.75;2;100.0;100.0;0.0;0.0;100.0;100.0;4483.6;4484.5;107.80371051128063;0.024044007161941435;4416.782567975117;4550.417432024884;89.672;89.69;2.1560742102256154;0.02404400716194147;88.33565135950232;91.00834864049767;99.0;99.0;0.0;0.0;99.0;99.0;72.8;72.0;4.142463035441596;0.05690196477254939;70.23247481025015;75.36752518974984;0.9246775708201064;0.9253101309152791;0.01555385236742197;0.016820838807225628;0.9150371932453795;0.9343179483948333;0.921115817277397;0.921531714210708;0.016872952471379633;0.01831794889946862;0.910657852987777;0.931573781567017;1.0942222222222224;1.094040404040404;0.02177852737601627;0.019903203329015677;1.0807237511060843;1.1077206933383605;7.579597753305224;7.630270631760559;0.7460945965439251;0.098434589911922;7.117163531400678;8.04203197520977;77.4;78.0;2.764054992217051;0.03571130480900583;75.6868209667405;79.11317903325951;94.5;96.0;5.481788029466299;0.05800833893615131;91.10235257862149;97.89764742137851;0.20583747610999853;0.20030733394603348;0.021724442419924685;0.10554172559089896;0.19237252719694667;0.2193024250230504;1.0;1.0;0.0;0.0;1.0;1.0;ok
0.31;0.8;2;100.0;100.0;0.0;0.0;100.0;100.0;4503.7;4499.5;106.0547500114917;0.023548360239689967;4437.966584923648;4569.433415076352;90.07400000000001;89.99000000000001;2.121095000229833;0.023548360239689953;88.75933169847298;91.38866830152705;99.0;99.0;0.0;0.0;99.0;99.0;73.6;73.5;3.583294573433783;0.04868606757382858;71.37905101364304;75.82094898635695;0.9276622661222088;0.927607436757589;0.015445196434824818;0.01664959004896087;0.9180892341922281;0.9372352980521895;0.9243017091442385;0.9239855104037626;0.01672097063453649;0.018090381602796714;0.913937944173029;0.934665474115448;1.090161616161616;1.091010101010101;0.02142520202252357;0.01965323462585321;1.0768821383684137;1.1034410939548185;7.329588120136572;7.613127865643204;0.7618971961411002;0.10394815965824063;6.857359345526994;7.80181689474615;76.8;77.0;3.4583232931581165;0.04503025121299631;74.6565090156476;78.9434909843524;97.5;97.5;2.1095023109728985;0.021635921138183575;96.19251692171562;98.80748307828438;0.20791919315925006;0.20067043181774363;0.022731644779187352;0.10932922754166648;0.19382997375628502;0.2220084125622151;1.0;1.0;0.0;0.0;1.0;1.0;ok
0.31;0.85;2;100.0;100.0;0.0;0.0;100.0;100.0;4522.0;4517.5;105.11612626043636;0.02324549452906598;4456.848349951824;4587.151650048176;90.44;90.35;2.102322525208727;0.02324549452906598;89.13696699903647;91.74303300096352;99.0;99.0;0.0;0.0;99.0;99.0;74.2;74.5;3.4;0.045822102425876005;72.09265816726379;76.30734183273621;0.9303117797514859;0.9302021046647462;0.015371139940904263;0.016522568321138912;0.920784648511983;0.9398389109909888;0.9271551712764383;0.9268041109808582;0.01661748233891669;0.017923086505615856;0.9168555490153929;0.9374547935374837;1.0864646464646466;1.0873737373737375;0.021235581062714413;0.019545579445971798;1.0733026969599646;1.0996265959693285;7.783749157175168;7.971786558711389;0.6500671254786553;0.08351593972930312;7.380833378467007;8.186664935883329;78.3;78.0;2.5317977802344327;0.032334582123045116;76.73077547814215;79.86922452185784;95.7;96.5;3.6619666847201113;0.038265064626124466;93.43028953388324;97.96971046611677;0.21346909636839828;0.2094829292978136;0.02497578805032742;0.11699954923322947;0.19798894255545474;0.22894925018134182;1.0;1.0;0.0;0.0;1.0;1.0;ok
0.31;0.9;2;100.0;100.0;0.0;0.0;100.0;100.0;4539.7;4534.5;101.68387286094092;0.022398808921501624;4476.675682648679;4602.724317351321;90.79400000000001;90.69;2.0336774572188205;0.022398808921501645;89.5335136529736;92.05448634702643;99.0;99.0;0.0;0.0;99.0;99.0;75.1;76.0;3.858756276314947;0.05138157491764244;72.70831808134945;77.49168191865054;0.9329691259445034;0.9325863422841503;0.014895563241679953;0.015965762239559894;0.9237367601970446;0.9422014916919622;0.9299923654105486;0.9293992986133363;0.016090374950915573;0.017301620474929832;0.9200194476933501;0.9399652831277472;1.0828888888888888;1.083939393939394;0.02054219653756384;0.018969810059314033;1.0701567035653896;1.095621074212388;7.821312437032293;8.023812402156793;0.8749325950687498;0.11186518913707184;7.279023596322638;8.363601277741948;78.4;79.5;3.352610922848042;0.04276289442408216;76.32203022158647;80.47796977841354;96.8;97.5;3.2802438933713454;0.033886817080282496;94.76688377115326;98.83311622884673;0.2150254486113176;0.20909157316259958;0.026612472975624524;0.12376429463346698;0.19853086697187777;0.2315200302507574;1.0;1.0;0.0;0.0;1.0;1.0;ok
0.31;0.95;2;100.0;100.0;0.0;0.0;100.0;100.0;4557.1;4551.0;97.47558668712898;0.021389828330984392;4496.684005442267;4617.515994557733;91.14200000000001;91.02000000000001;1.9495117337425796;0.021389828330984392;89.93368010884535;92.35031989115467;99.0;99.0;0.0;0.0;99.0;99.0;75.7;76.0;3.606937759374287;0.04764779074470656;73.46439681517494;77.93560318482507;0.9356030843636285;0.9351327145171129;0.014375598718108357;0.015365061272629562;0.9266929959667759;0.9445131727604811;0.9328031240295556;0.9321294934925884;0.015506205869054157;0.016623235353318614;0.923192278060474;0.9424139699986371;1.0793737373737375;1.0806060606060606;0.019692037714571523;0.018243947423146424;1.067168485947933;1.0915789887995422;7.911036730812922;7.8607435891676865;0.6080164450164753;0.07685673391558084;7.534184233879166;8.287889227746678;79.2;79.0;2.2271057451320084;0.028120022034495054;77.81962555804594;80.58037444195406;95.3;97.0;5.020956084253277;0.05268579311913198;92.18797917744754;98.41202082255245;0.2209881098149816;0.2152108807900222;0.02335119954353617;0.10566722147669642;0.20651488639066853;0.23546133323929466;1.0;1.0;0.0;0.0;1.0;1.0;ok
0.31;1.0;2;100.0;100.0;0.0;0.0;100.0;100.0;4571.0;4565.5;94.19872610603606;0.02060790332663226;4512.615024672438;4629.384975327562;91.42;91.31;1.8839745221207205;0.020607903326632253;90.25230049344877;92.58769950655123;99.0;99.0;0.0;0.0;99.0;99.0;76.4;76.5;3.878143885933063;0.05076104562739611;73.99630151641269;78.80369848358733;0.9376965788770137;0.9373723563079241;0.013947838309713946;0.014874575234579494;0.9290516191281017;0.9463415386259257;0.9350321438852879;0.9345165932193727;0.015038016718422188;0.01608288743522286;0.9257114845581945;0.9443528032123812;1.0765656565656565;1.0776767676767678;0.019030045677987103;0.017676623401395416;1.064770712055038;1.088360601076275;7.7568700291983745;7.840779895793954;0.801836031572602;0.10337107990134352;7.259886907925393;8.253853150471356;78.8;79.0;2.749545416973504;0.03489270833722721;77.09581409464812;80.50418590535187;97.5;98.5;2.80178514522438;0.02873625789973723;95.7634355756264;99.2365644243736;0.22569177873964277;0.2191155692218487;0.026722133476802672;0.11840100523833981;0.20912922881739957;0.24225432866188598;1.0;1.0;0.0;0.0;1.0;1.0;ok
0.36;0.0;2;100.0;100.0;0.0;0.0;100.0;100.0;3922.4;3938.0;110.50628941377047;0.028173131096718967;3853.9074922170316;3990.8925077829686;78.44800000000001;78.76;2.2101257882754117;0.02817313109671899;77.07814984434063;79.81785015565939;91.5;91.0;1.857417562100671;0.020299645487439028;90.34876066780187;92.65123933219813;50.8;50.5;3.0919249667480613;0.06086466469976499;48.8836050511442;52.71639494885579;0.8306550090626688;0.8327653261537222;0.019566821266825997;0.023555893907033283;0.8185273675952408;0.8427826505300967;0.8298156299947269;0.8319420759398042;0.01968123296543158;0.023717597324066603;0.8176170754218208;0.842014184567633;1.2075959595959596;1.2044444444444444;0.022324502911872837;0.018486732035226605;1.193759089336774;1.2214328298551451;33.32693244787485;32.608562257399996;7.928615802175638;0.23790415798322953;28.412725460928364;38.24113943482134;84.1;84.0;2.5475478405713994;0.03029188871071819;82.52101348960797;85.67898651039202;44.5;45.5;5.987486951969082;0.13455026858357488;40.78891713916275;48.21108286083725;0.18748138654893332;0.18862807973474494;0.029013442419768814;0.15475372224322761;0.16949866863044447;0.20546410446742217;1.0;1.0;0.0;0.0;1.0;1.0;ok
0.36;0.05;2;100.0;100.0;0.0;0.0;100.0;100.0;4036.5;4062.0;113.47004009869742;0.02811099717544839;3966.170540511106;4106.829459488894;80.72999999999999;81.24;2.269400801973949;0.0281109971754484;79.3234108102221;82.13658918977788;94.7;94.5;2.1;0.022175290390707498;93.3984065150747;96.00159348492531;54.2;55.5;3.6;0.06642066420664207;51.96869688298519;56.431303117014814;0.8489246578106215;0.8530760856617915;0.0196955458032555;0.023200581608797125;0.8367172320489238;0.8611320835723193;0.8474999895876071;0.8516540602490426;0.01972658939466725;0.023276211961095354;0.8352733228086092;0.859726656366605;1.1845454545454543;1.1793939393939394;0.02292324042397929;0.01935192975163256;1.1703374829315363;1.1987534261593724;34.489604365300934;33.410463297625995;6.01057056265;0.1742719487004923;30.764214134334715;38.214994596267154;86.5;86.5;1.5652475842498528;0.018095347794795987;85.52984949621205;87.47015050378795;43.5;44.5;9.156964562561111;0.21050493247266922;37.82445456365646;49.17554543634354;0.1837785940485031;0.1917908173327341;0.027260563200483704;0.14833372374852893;0.16688232192605354;0.20067486617095268;1.0;1.0;0.0;0.0;1.0;1.0;ok
0.36;0.1;2;100.0;100.0;0.0;0.0;100.0;100.0;4137.8;4163.0;108.76929713848482;0.02628674588875364;4070.384091183164;4205.215908816836;82.756;83.25999999999999;2.175385942769696;0.026286745888753637;81.40768182366327;84.10431817633673;97.4;97.5;1.0198039027185568;0.010470265941668961;96.7679189925334;98.03208100746662;57.6;59.0;2.8000000000000003;0.04861111111111111;55.86454202009959;59.33545797990041;0.8657116824421653;0.8698689804931297;0.01857507680987034;0.021456423872518626;0.8541987305575395;0.8772246343267912;0.8636500507960229;0.8676400391445135;0.01872052500545708;0.02167605384634951;0.8520469491857923;0.8752531524062535;1.164080808080808;1.158989898989899;0.021973595381512112;0.018876348814425906;1.1504614325622553;1.1777001835993608;31.489572973100405;35.09757018147985;6.526938167408268;0.2072729970960174;27.444134784905685;35.535011161295124;88.1;89.0;2.3;0.026106696935300794;86.6744452307961;89.5255547692039;42.7;43.5;7.79807668595276;0.18262474674362436;37.86670199553142;47.533298004468584;0.16237278694325444;0.15824201681440664;0.02482976258576943;0.15291825097789855;0.14698314065093082;0.17776243323557805;1.0;1.0;0.0;0.0;1.0;1.0;ok
0.36;0.15;2;100.0;100.0;0.0;0.0;100.0;100.0;4226.0;4248.0;106.16402403827767;0.025121633705224248;4160.1988561801545;4291.8011438198455;84.52000000000001;84.96000000000001;2.123280480765552;0.02512163370522423;83.2039771236031;85.83602287639692;98.8;99.0;0.4;0.004048582995951417;98.5520774314428;99.0479225685572;60.7;60.5;3.2572994949804666;0.05366226515618561;58.68110485661093;62.71889514338908;0.8798935819333368;0.8829501081576829;0.01787320199726639;0.020312913247980156;0.8688156565645768;0.8909715073020967;0.8774754678129995;0.8806057182171869;0.018077027972136613;0.02060117762288147;0.8662712097961682;0.8886797258298307;1.1462626262626263;1.1418181818181818;0.021447277583490434;0.01871061403564992;1.1329694658949807;1.159555786630272;27.079763536642837;28.143222365381007;5.400673126124913;0.1994357564761236;23.732391653225996;30.427135420059678;89.1;90.0;2.2561028345356955;0.025321019467291758;87.70165297583182;90.49834702416817;43.8;44.0;9.846826900072937;0.22481339954504423;37.69687345698944;49.90312654301056;0.15141606221589599;0.14841638148543673;0.02987408263736794;0.19729797618678063;0.13289991396403014;0.16993221046776183;1.0;1.0;0.0;0.0;1.0;1.0;ok
0.36;0.2;2;100.0;100.0;0.0;0.0;100.0;100.0;4298.1;4317.0;103.58035528033295;0.024099103157286462;4233.900230667082;4362.299769332919;85.962;86.34;2.07160710560666;0.024099103157286476;84.67800461334163;87.24599538665838;99.0;99.0;0.0;0.0;99.0;99.0;63.4;63.0;3.168595903550972;0.04997785336831186;61.43608391217954;65.36391608782046;0.8917416788441909;0.8935119326677898;0.017051285224408172;0.019121328103121497;0.8811731827690991;0.9023101749192827;0.8891502457051432;0.8910708968394178;0.01738326694563489;0.019550426971820762;0.87837598522745;0.8999245061828365;1.1316969696969696;1.127878787878788;0.020925324299057173;0.01849021854733805;1.118727319326683;1.1446666200672564;30.979026471292748;27.692626924299425;12.80314056262622;0.4132841480506327;23.0435577365798;38.9144952060057;89.8;91.0;5.491812087098392;0.06115603660465915;86.39613960333271;93.20386039666728;42.5;36.5;16.788388844674763;0.3950209139923474;32.09444878922793;52.90555121077207;0.1677273430984861;0.16646961233180635;0.022137029056621373;0.13198223168432924;0.1540066703386287;0.18144801585834353;1.0;1.0;0.0;0.0;1.0;1.0;ok
0.36;0.25;2;100.0;100.0;0.0;0.0;100.0;100.0;4362.2;4377.5;95.41048160448621;0.021872101601138463;4303.06397083334;4421.3360291666595;87.244;87.55000000000001;1.9082096320897253;0.021872101601138477;86.0612794166668;88.42672058333319;99.0;99.0;0.0;0.0;99.0;99.0;66.1;65.5;2.913760456866693;0.04408109617044922;64.29403255843302;67.90596744156697;0.9020366372368935;0.9038667712127206;0.015490765420984143;0.017173100051052523;0.8924353613566749;0.9116379131171122;0.8994576072932354;0.9013053731655258;0.015932832425213702;0.017713822525956335;0.8895823354451093;0.9093328791413615;1.1187474747474746;1.1156565656565656;0.019274844768583096;0.017228950414331746;1.1068008021885536;1.1306941473063956;22.728368731896165;19.514719574037258;9.57758861300901;0.42139357760278545;16.792117808092684;28.664619655699646;89.1;89.5;4.011234224026316;0.04501946379378581;86.61381127023711;91.58618872976288;51.6;50.5;9.840731680114036;0.1907118542657759;45.50065131345977;57.69934868654023;0.17369592895644764;0.176969465840924;0.017140905596780987;0.09868340438237261;0.16307188559907154;0.18431997231382374;1.0;1.0;0.0;0.0;1.0;1.0;ok
0.36;0.3;2;100.0;100.0;0.0;0.0;100.0;100.0;4411.2;4429.5;95.15965531673598;0.021572283124033365;4352.219434577142;4470.180565422857;88.224;88.59;1.9031931063347183;0.02157228312403335;87.04438869154285;89.40361130845716;99.0;99.0;0.0;0.0;99.0;99.0;68.2;67.5;3.31058907144937;0.04854236175145704;66.14807563492218;70.25192436507783;0.910054225828316;0.91285236093459;0.015380946892094238;0.016901132323290692;0.9005210161774913;0.9195874354791407;0.9075058493712082;0.9102872395672661;0.015881348359853394;0.01749999558774993;0.8976624876773918;0.9173492110650245;1.1088484848484845;1.105151515151515;0.0192241727912598;0.0173370600708235;1.096933219106493;1.120763750590476;17.11626257083373;15.745962479824378;5.975706122943591;0.34912447143258074;13.41248154347581;20.82004359819165;87.3;88.0;3.9;0.044673539518900345;84.88275495656728;89.71724504343271;62.4;62.5;9.2;0.14743589743589744;56.69778092318438;68.10221907681562;0.18311047864898458;0.17074276643464303;0.027851118378245283;0.152100079600768;0.16584817663517148;0.20037278066279768;1.0;1.0;0.0;0.0;1.0;1.0;ok
0.36;0.35;2;100.0;100.0;0.0;0.0;100.0;100.0;4452.1;4470.5;94.3498277687882;0.021192207670265313;4393.621370891582;4510.578629108419;89.042;89.41;1.8869965553757642;0.021192207670265313;87.87242741783163;90.21157258216837;99.0;99.0;0.0;0.0;99.0;99.0;69.7;69.0;3.3778691508109078;0.04846297203458978;67.60637500970208;71.79362499029793;0.9167013876035363;0.9195140311532557;0.014998230086787866;0.016361085834064912;0.9074053882862154;0.9259973869208571;0.9142764723365152;0.9171760695328355;0.015577185573735658;0.0170377189450438;0.9046216326906834;0.923931311982347;1.1005858585858586;1.096868686868687;0.01906057126642186;0.017318568213217606;1.0887719941195113;1.1123997230522058;15.38013830863249;13.563657427091513;7.970169248241449;0.5182118059216665;10.440176228983404;20.320100388281578;85.0;85.5;5.932958789676531;0.06979951517266507;81.32271404429844;88.67728595570156;70.7;69.5;15.710187777362815;0.22220916233893656;60.96272473430067;80.43727526569933;0.19386346465058868;0.19391939753506002;0.02668106019674078;0.137628099471087;0.1773263722110755;0.21040055709010186;1.0;1.0;0.0;0.0;1.0;1.0;ok
0.36;0.4;2;100.0;100.0;0.0;0.0;100.0;100.0;4490.4;4504.5;92.57451053070709;0.02061609445276748;4433.021723915754;4547.778276084246;89.808;90.09;1.8514902106141429;0.020616094452767488;88.66043447831508;90.95556552168493;99.0;99.0;0.0;0.0;99.0;99.0;71.5;71.5;3.6124783736376886;0.05052417305786977;69.26096270687601;73.73903729312399;0.9227889953428973;0.9249016138874119;0.014676403102426882;0.015904397621227924;0.9136924664570609;0.9318855242287336;0.92052525731127;0.9228957135313245;0.01527194639498443;0.016590469705949976;0.911059606868489;0.929990907754051;1.0928484848484847;1.0899999999999999;0.018701921319334784;0.017113004756489796;1.0812569139223744;1.104440055774595;16.15741529985892;15.789703562848928;7.933642626607717;0.491021767985192;11.24009265485021;21.07473794486763;86.1;88.0;5.821511831131154;0.06761337782963013;82.49178958484957;89.70821041515042;70.2;65.5;15.516442891333051;0.22103195001898931;60.582809058773975;79.81719094122603;0.19800696305362425;0.19190586945679688;0.02372031203104243;0.11979534287700021;0.18330496133933846;0.21270896476791004;1.0;1.0;0.0;0.0;1.0;1.0;ok
0.36;0.45;2;100.0;100.0;0.0;0.0;100.0;100.0;4522.4;4536.5;89.66627013543052;0.019827142697556723;4466.8242699877;4577.975730012299;90.44800000000001;90.73;1.7933254027086105;0.019827142697556723;89.33648539975403;91.55951460024599;99.0;99.0;0.0;0.0;99.0;99.0;72.8;72.5;3.709447398198281;0.05095394777744892;70.50086068277713;75.09913931722286;0.9280330633559762;0.9304946958946189;0.014137560929269275;0.015233897893836536;0.9192705123091803;0.9367956144027721;0.9258894233071221;0.9283121471306326;0.01475604982436097;0.01593716209831497;0.916743528871588;0.9350353177426561;1.0863838383838382;1.0835353535353536;0.018114398007157688;0.01667403119150375;1.0751564181793334;1.097611258588343;14.06600790929546;10.663828345912393;6.652908734376202;0.47297774729528314;9.942492354787497;18.189523463803422;85.2;83.0;5.055689863905815;0.05933908290969267;82.06645095777967;88.33354904222034;76.0;76.0;13.79130160644745;0.18146449482167695;67.45206270495625;84.54793729504375;0.20778284180613102;0.2026692347577711;0.030333070646914914;0.14598448256481533;0.18898220983860556;0.22658347377365648;1.0;1.0;0.0;0.0;1.0;1.0;ok
0.36;0.5;2;100.0;100.0;0.0;0.0;100.0;100.0;4549.0;4566.5;90.85923178191636;0.019973451699695836;4492.684864698733;4605.315135301267;90.98;91.33000000000001;1.8171846356383272;0.019973451699695836;89.85369729397466;92.10630270602535;99.0;99.0;0.0;0.0;99.0;99.0;73.9;74.0;3.1128764832546763;0.0421228211536492;71.97061916667549;75.82938083332452;0.9322859623274237;0.935091773943348;0.014243835207808028;0.015278397169307071;0.9234575418003605;0.9411143828544868;0.9302784541603673;0.9331408095661201;0.014918497628964404;0.016036593734108626;0.9210318735323988;0.9395250347883357;1.081010101010101;1.0774747474747475;0.0183554003599831;0.01697986017228861;1.069633305999744;1.092386896020458;11.181945026353405;9.55118859298474;3.918038059101871;0.35038967280449956;8.75351987805989;13.61037017464692;83.5;82.0;4.341658669218482;0.05199591220620937;80.80901207732178;86.19098792267822;83.1;87.5;11.493041372935188;0.13830374696672912;75.97653915571932;90.22346084428067;0.22000572580952488;0.21552594555964144;0.034863160026710284;0.15846478494334226;0.198397315354918;0.24161413626413175;1.0;1.0;0.0;0.0;1.0;1.0;ok
0.36;0.55;2;100.0;100.0;0.0;0.0;100.0;100.0;4572.6;4587.5;88.05816259722889;0.019257788259902216;4518.020985366169;4627.179014633832;91.452;91.75;1.7611632519445746;0.019257788259902184;90.36041970732337;92.54358029267662;99.0;99.0;0.0;0.0;99.0;99.0;74.8;75.0;3.0594117081556713;0.04090122604486192;72.90375697760018;76.69624302239981;0.9360776390719036;0.9384083244468486;0.013771485682953976;0.014711905410546976;0.9275419838134868;0.9446132943303203;0.9342171061205751;0.9365941797015855;0.014430226892086392;0.015446331262343583;0.9252731588307019;0.9431610534104482;1.0762424242424244;1.073232323232323;0.017789527797419987;0.01652929432691912;1.0652163606800342;1.0872684878048147;10.857827152579675;9.656845308179705;2.8987311668440365;0.26697157047258174;9.061174961477711;12.65447934368164;83.8;83.0;3.1559467676119;0.037660462620667065;81.84392392785965;85.75607607214035;85.3;92.0;11.3758516164725;0.13336285599616063;78.24917411929637;92.35082588070362;0.22361062879523272;0.2159613064352761;0.032808059865950284;0.14671959040012206;0.2032759826168707;0.24394527497359475;1.0;1.0;0.0;0.0;1.0;1.0;ok
0.36;0.6;2;100.0;100.0;0.0;0.0;100.0;100.0;4594.4;4604.5;85.52216087073573;0.01861443515382547;4541.392815520912;4647.407184479087;91.888;92.09;1.7104432174147144;0.018614435153825465;90.82785631041826;92.94814368958176;99.0;99.0;0.0;0.0;99.0;99.0;76.2;75.5;3.059411708155671;0.04014975994954949;74.30375697760019;78.09624302239982;0.939545033510855;0.9411389298487154;0.01350760737640972;0.01437675352924279;0.9311729317213008;0.9479171353004093;0.9378091647993886;0.9394362813423758;0.014126368740839784;0.015063159191733453;0.9290535507428507;0.9465647788559265;1.0718383838383836;1.0697979797979797;0.017277204216310238;0.016119225133959532;1.0611298617213962;1.082546905955371;10.268970946575266;9.532728046575356;2.0863286261707144;0.2031682275687528;8.975851066938617;11.562090826211914;83.4;83.0;2.2891046284519194;0.027447297703260425;81.98119825204506;84.81880174795495;88.9;93.0;8.814193099768126;0.0991472789625211;83.43690651736583;94.36309348263418;0.2244307444687212;0.21794766824791273;0.030849396363145185;0.13745619583525756;0.20531009050674587;0.2435513984306965;1.0;1.0;0.0;0.0;1.0;1.0;ok
0.36;0.65;2;100.0;100.0;0.0;0.0;100.0;100.0;4612.6;4619.0;81.39680583413578;0.01764662139230277;4562.149737063123;4663.0502629368775;92.252;92.38;1.627936116682716;0.017646621392302782;91.24299474126246;93.26100525873753;99.0;99.0;0.0;0.0;99.0;99.0;76.9;77.0;3.176476034853718;0.0413065804272265;74.93119975619669;78.86880024380332;0.9424239591544099;0.9434630096315274;0.012873209610816541;0.013659679898595779;0.9344450611736878;0.9504028571351321;0.9408079946819561;0.9418614528637896;0.013467154660006798;0.014314456016670462;0.9324609657457912;0.949155023618121;1.0681616161616163;1.0668686868686867;0.01644379915841128;0.015394486105483947;1.0579696438511361;1.0783535884720965;10.299104414050623;10.047018573656473;1.2630048758564147;0.12263249551420721;9.516285881744146;11.0819229463571;83.8;83.5;2.0880613017821097;0.024917199305275774;82.50580619689322;85.09419380310678;90.0;93.5;7.797435475847171;0.08663817195385745;85.16709942167232;94.83290057832768;0.22913263972664288;0.21826264437885423;0.03187259457475299;0.13910106658212143;0.2093778009427552;0.24888747851053056;1.0;1.0;0.0;0.0;1.0;1.0;ok
0.36;0.7;2;100.0;100.0;0.0;0.0;100.0;100.0;4629.9;4633.0;77.20420972978093;0.016675135473721018;4582.048335050909;4677.75166494909;92.598;92.66;1.5440841945956199;0.01667513547372103;91.64096670101819;93.55503329898181;99.0;99.0;0.0;0.0;99.0;99.0;78.0;78.0;3.521363372331802;0.04514568426066413;75.81743636977063;80.18256363022937;0.9451526059565285;0.9456808553444054;0.012239349651624667;0.012949601550575004;0.9375665784487773;0.9527386334642797;0.9436623409360735;0.9441812988431482;0.012796183989644735;0.013560129968682926;0.9357311839299653;0.9515934979421816;1.0646666666666667;1.0640404040404041;0.015596810046420394;0.014649477188247084;1.0549996636466483;1.074333669686685;10.38848790416938;9.641872609064627;1.5550283671408602;0.14968765247507826;9.4246713367672;11.35230447157156;84.1;83.5;2.3430749027719964;0.027860581483614703;82.64774712945713;85.55225287054286;90.0;93.0;8.024961059095553;0.08916623398995059;85.0260776041438;94.9739223958562;0.23313248511545326;0.22368372400303518;0.028418068773610066;0.12189664927878541;0.21551878360598178;0.25074618662492476;1.0;1.0;0.0;0.0;1.0;1.0;ok
0.36;0.75;2;100.0;100.0;0.0;0.0;100.0;100.0;4646.4;4648.5;73.77289475139227;0.01587743086075075;4600.6750861083365;4692.124913891663;92.92800000000001;92.97;1.475457895027843;0.01587743086075072;92.01350172216675;93.84249827783327;99.0;99.0;0.0;0.0;99.0;99.0;78.6;79.0;3.352610922848042;0.04265408298788858;76.52203022158646;80.67796977841353;0.94776256771194;0.9479708311832453;0.011652594865522647;0.012294846053747399;0.940540214588398;0.954984920835482;0.9463872722376644;0.9466181405579112;0.01220365352049348;0.012894989058378629;0.9388233694212073;0.9539511750541215;1.0613333333333332;1.060909090909091;0.014903615101291384;0.014042350912020777;1.0520959769915832;1.0705706896750833;10.303364779514617;10.227186042141874;1.3407802667788473;0.13013033076773298;9.472340560488064;11.13438899854117;84.2;84.0;2.181742422927143;0.025911430201034952;82.84774203644423;85.55225796355577;91.3;94.5;7.523961722390672;0.08240921930329323;86.63660021014711;95.96339978985289;0.2357064667411853;0.2288497013239822;0.028324459962114548;0.12016836174976855;0.21815078457417772;0.2532621489081929;1.0;1.0;0.0;0.0;1.0;1.0;ok
0.36;0.8;2;100.0;100.0;0.0;0.0;100.0;100.0;4659.9;4655.0;72.62155327449283;0.015584358736130139;4614.888694948935;4704.911305051064;93.198;93.1;1.4524310654898582;0.015584358736130156;92.2977738989787;94.09822610102128;99.0;99.0;0.0;0.0;99.0;99.0;79.1;80.0;3.419064199455752;0.04322457900702595;76.98084205402239;81.2191579459776;0.9499436520576279;0.9491594532899591;0.011453811753880595;0.012057359117112932;0.9428445059831461;0.9570427981321097;0.9486526620176438;0.9478148474468644;0.012009774235538347;0.012659822415925483;0.9412089268269769;0.9560963972083106;1.0586060606060606;1.0595959595959596;0.01467102086353388;0.013858810571266332;1.0495128676664516;1.0676992535456695;10.544467510164033;10.195529926756343;0.9142372981822695;0.08670303145237225;9.977817362073672;11.111117658254393;84.7;85.0;1.4866068747318506;0.017551438898841212;83.77859151295422;85.62140848704578;91.8;94.0;6.273754856543249;0.0683415561714951;87.91148645366896;95.68851354633104;0.23815088747235919;0.22855705333177173;0.02903283612277837;0.12190941814629201;0.22015614921221044;0.25614562573250793;1.0;1.0;0.0;0.0;1.0;1.0;ok
0.36;0.85;2;100.0;100.0;0.0;0.0;100.0;100.0;4673.3;4669.0;72.1790135704278;0.015444977547006996;4628.562983899236;4718.037016100764;93.466;93.38;1.4435802714085548;0.015444977547006985;92.57125967798471;94.36074032201527;99.0;99.0;0.0;0.0;99.0;99.0;79.6;80.0;3.0397368307141326;0.03818764862706197;77.71595159297856;81.48404840702143;0.9520967934926945;0.9512416178170774;0.01142021973940422;0.01199480957971722;0.9450184679644926;0.9591751190208964;0.9508932492648944;0.9500279249955403;0.011964879753984923;0.012582779153427153;0.9434773399621794;0.9583091585676093;1.05589898989899;1.0567676767676768;0.01458161890311671;0.01380967217755519;1.0468612088685325;1.0649367709294473;10.549305466894042;10.581286616235875;1.1690248083327621;0.1108153339574259;9.824736383921673;11.273874549866411;84.8;84.5;1.7776388834631178;0.020962722682348087;83.69820800511167;85.90179199488833;92.6;96.0;6.3118935352238;0.06816299714064579;88.6878478557193;96.51215214428069;0.2426515376774933;0.2342007245453494;0.030687916198948468;0.12646907780875302;0.2236309701582147;0.2616721051967719;1.0;1.0;0.0;0.0;1.0;1.0;ok
0.36;0.9;2;100.0;100.0;0.0;0.0;100.0;100.0;4682.5;4677.0;71.89888733492334;0.015354807759727356;4637.936607938803;4727.063392061197;93.65;93.53999999999999;1.437977746698466;0.015354807759727345;92.75873215877606;94.54126784122396;99.0;99.0;0.0;0.0;99.0;99.0;80.2;81.0;2.821347195933177;0.035178892717371284;78.45131089098147;81.94868910901853;0.9535795245255463;0.952433184292028;0.011413819560746587;0.011969446980759716;0.9465051658691745;0.960653883181918;0.952436424246085;0.951292932750903;0.011948750396724045;0.012545457200654893;0.9450305120225733;0.9598423364695967;1.054040404040404;1.0551515151515152;0.014525027744428988;0.013780332982256538;1.0450376985734955;1.0630431095073127;10.40453519283202;10.703981075774003;1.3810221516706551;0.13273270992654054;9.548568795140566;11.260501590523473;84.5;85.0;2.5787593916455256;0.030517862623023972;82.90166836983059;86.09833163016941;94.5;96.5;4.4777226354476225;0.04738330831161505;91.72467875733277;97.27532124266723;0.24538965936788792;0.23587920087673608;0.035322219456253766;0.14394339006477339;0.223496720931049;0.26728259780472685;1.0;1.0;0.0;0.0;1.0;1.0;ok
0.36;0.95;2;100.0;100.0;0.0;0.0;100.0;100.0;4692.4;4687.5;70.77598462755569;0.01508310984305594;4648.532590247428;4736.267409752571;93.84799999999998;93.75;1.4155196925511158;0.015083109843055963;92.97065180494856;94.72534819505141;99.0;99.0;0.0;0.0;99.0;99.0;80.8;81.0;2.891366458960192;0.03578423835346772;79.00791250213612;82.59208749786387;0.9551329347453669;0.9540345999576443;0.011296859520678718;0.011827525896895596;0.9481310686728756;0.9621348008178582;0.9540644454008701;0.9529830104523824;0.011805304352243003;0.012373696985723808;0.9467474419568511;0.9613814488448891;1.052040404040404;1.0530303030303032;0.014298178712637524;0.013590902647583482;1.0431783010600866;1.0609025070207216;10.235538667925885;10.280305717085259;1.6306434334161384;0.15931193133253724;9.22485539689223;11.24622193895954;84.3;84.5;2.685144316419511;0.03185224574637617;82.63573031031626;85.96426968968373;95.7;98.5;5.604462507680822;0.058562826621534184;92.2263181492831;99.1736818507169;0.24750004433184594;0.23884909533784773;0.035584698696081794;0.14377653463516207;0.22544441957667924;0.2695556690870126;1.0;1.0;0.0;0.0;1.0;1.0;ok
0.36;1.0;2;100.0;100.0;0.0;0.0;100.0;100.0;4702.8;4699.0;67.34062666771078;0.014319262283684353;4661.061847170724;4744.538152829276;94.056;93.98;1.3468125333542138;0.014319262283684336;93.22123694341448;94.89076305658551;99.0;99.0;0.0;0.0;99.0;99.0;81.5;81.5;2.80178514522438;0.03437773184324392;79.7634355756264;83.2365644243736;0.9567858798461076;0.9557684191976732;0.010780062767422726;0.011266954283602748;0.9501043277198394;0.9634674319723758;0.9557903932596179;0.954818915980699;0.011264711879880965;0.011785755495474176;0.9488084525013256;0.9627723340179102;1.0499393939393937;1.0507070707070707;0.013604167003577932;0.012957097411627564;1.0415074438728733;1.0583713440059141;10.426299044943079;10.164167118848475;1.5506883635271784;0.1487285523696241;9.465172439649528;11.38742565023663;84.8;85.0;2.3579652245103193;0.0278061936852632;83.33851801242712;86.26148198757288;95.1;97.5;5.185556864985669;0.054527411829502305;91.8859585565833;98.31404144341668;0.25035445056122285;0.24230447341091216;0.032035556249390605;0.12796080188539122;0.23049860708495384;0.27021029403749186;1.0;1.0;0.0;0.0;1.0;1.0;ok
0.41;0.0;2;100.0;100.0;0.0;0.0;100.0;100.0;4219.3;4234.5;91.15815926180169;0.021605043315668874;4162.79958752717;4275.80041247283;84.386;84.69;1.8231631852360366;0.021605043315668912;83.25599175054339;85.5160082494566;95.4;95.5;1.3564659966250536;0.014218721138627396;94.55925366489053;96.24074633510948;58.9;59.0;3.080584360149872;0.05230194159846982;56.99063403193625;60.809365968063744;0.8734139025508135;0.8762499264706849;0.017082508067336175;0.01955831939181017;0.8628260543571808;0.8840017507444462;0.8730007991672668;0.8758790161781433;0.017005725695521477;0.01947962213979965;0.8624605411807346;0.883541057153799;1.1476161616161615;1.1445454545454545;0.018415789749858944;0.016046994078511765;1.1362019368741756;1.1590303863581475;36.54085223024111;38.192194999848866;7.7977230743907295;0.21339740587487874;31.70777339648935;41.37393106399286;87.8;88.0;1.9899748742132397;0.02266486189308929;86.5666007945519;89.03339920544809;53.2;52.5;4.728636167014756;0.08888413847772096;50.26916093925306;56.13083906074694;0.20187951951522964;0.19579727401036043;0.02425466885578463;0.1201442767152756;0.18684632000965345;0.21691271902080583;1.0;1.0;0.0;0.0;1.0;1.0;ok
0.41;0.05;2;100.0;100.0;0.0;0.0;100.0;100.0;4316.4;4340.5;83.73195327949779;0.01939856206086039;4264.502397681588;4368.297602318411;86.328;86.81;1.6746390655899552;0.019398562060860384;85.29004795363177;87.36595204636824;97.0;97.0;1.0954451150103321;0.011293248608353939;96.321036083433;97.678963916567;62.5;62.5;3.2015621187164243;0.051224993899462785;60.515651240330975;64.48434875966902;0.8898928489338033;0.8937843520587654;0.015274679289597247;0.01716462752554773;0.8804255046253922;0.8993601932422144;0.8891335696142567;0.893054905339713;0.015284078147289158;0.017189856135923456;0.8796603998334944;0.898606739395019;1.1280000000000001;1.1231313131313132;0.016915546117070236;0.014996051522225384;1.1175156358952705;1.1384843641047298;36.73816848541681;37.0504040232027;10.125712474477687;0.2756183253527481;30.46218687255631;43.014150098277305;89.4;89.5;2.009975124224178;0.02248294322398409;88.15420451116566;90.64579548883435;52.5;51.0;6.168468205316454;0.11749463248221818;48.676743796186294;56.323256203813706;0.19944737658211045;0.19762960632245483;0.03678870163803427;0.1844531739071972;0.17664550307214555;0.22224925009207536;1.0;1.0;0.0;0.0;1.0;1.0;ok
0.41;0.1;2;100.0;100.0;0.0;0.0;100.0;100.0;4398.9;4414.5;81.93222809127064;0.01862561733416778;4348.117878909994;4449.682121090005;87.97800000000001;88.28999999999999;1.638644561825413;0.01862561733416778;86.9623575781999;88.99364242180012;98.5;99.0;0.6708203932499369;0.006810359322334385;98.08422121266231;98.91577878733769;65.6;66.0;3.0397368307141326;0.04633745168771544;63.71595159297856;67.48404840702143;0.903891538847924;0.9070353140632436;0.01460578282522634;0.016158778124909193;0.894838780863377;0.9129442968324709;0.9029243009877954;0.9058884902180832;0.014673865789295176;0.016251490599203087;0.8938293447449311;0.9120192572306597;1.1113333333333333;1.1081818181818182;0.016551965270963778;0.014893789985870227;1.101074318971716;1.1215923476949505;36.55343082273558;37.38737206904325;9.478092930605246;0.2592942089777806;30.678847961786825;42.42801368368433;90.9;91.5;2.3430749027719964;0.025776401570649022;89.44774712945714;92.35225287054287;50.2;48.0;6.4;0.12749003984063745;46.23323890308479;54.16676109691522;0.18659044352978893;0.19020363435249887;0.016301860632706357;0.08736707156228923;0.17648644562898375;0.1966944414305941;1.0;1.0;0.0;0.0;1.0;1.0;ok
0.41;0.15;2;100.0;100.0;0.0;0.0;100.0;100.0;4463.2;4478.0;77.75448540116513;0.017421241575812228;4415.00727065625;4511.39272934375;89.264;89.56;1.555089708023302;0.01742124157581222;88.30014541312498;90.22785458687501;99.0;99.0;0.0;0.0;99.0;99.0;68.4;68.0;3.261901286060018;0.04768861529327511;66.37825263694991;70.4217473630501;0.9147859863778047;0.9170223786994431;0.013601788810557881;0.014868820700255426;0.9063555103305895;0.92321646242502;0.913719336031015;0.9158863955477262;0.013761138594566267;0.01506057500582341;0.9051900939644237;0.9222485780976062;1.0983434343434344;1.0953535353535355;0.01570797684872022;0.01430151659085585;1.088607529425505;1.1080793392613637;32.46656564276228;36.09662094329906;10.322382644362174;0.3179388530940391;26.06868659571093;38.86444468981364;91.2;92.5;2.7856776554368237;0.030544711134175697;89.47341910122925;92.92658089877075;53.5;50.5;11.200446419674531;0.20935413868550526;46.55789138661746;60.44210861338254;0.18888657401629416;0.17703553040768422;0.02027205230925267;0.10732394514976971;0.1763218258202045;0.20145132221238382;1.0;1.0;0.0;0.0;1.0;1.0;ok
0.41;0.2;2;100.0;100.0;0.0;0.0;100.0;100.0;4516.3;4539.5;74.87462854665792;0.016578754411057262;4469.892224427365;4562.707775572635;90.326;90.78999999999999;1.497492570933157;0.01657875441105725;89.3978444885473;91.25415551145268;99.0;99.0;0.0;0.0;99.0;99.0;71.2;71.0;2.4;0.033707865168539325;69.7124645886568;72.6875354113432;0.9239382691897788;0.9273918182569899;0.012943872573716434;0.014009456048473014;0.9159155738508966;0.9319609645286611;0.9228562067384478;0.9265286238574688;0.013140330111310881;0.014238762242008804;0.9147117457562335;0.9310006677206621;1.0876161616161615;1.0829292929292929;0.015126187585183398;0.013907652459583154;1.0782408534196697;1.0969914698126533;33.36860473571415;34.31163169753512;12.71465000221063;0.3810363095164792;25.48798301857945;41.24922645284885;92.1;93.5;3.047950130825634;0.03309392107302534;90.21086093682862;93.98913906317136;52.0;51.5;12.58570617804182;0.24203281111618885;44.1992984930841;59.8007015069159;0.19589260358034677;0.193299214006992;0.017264410782276796;0.08813201962061663;0.18519201091592502;0.20659319624476852;1.0;1.0;0.0;0.0;1.0;1.0;ok
0.41;0.25;2;100.0;100.0;0.0;0.0;100.0;100.0;4560.2;4584.5;71.52034675531152;0.01568359869201165;4515.871229820804;4604.528770179196;91.20400000000001;91.69;1.4304069351062292;0.015683598692011635;90.31742459641609;92.09057540358393;99.0;99.0;0.0;0.0;99.0;99.0;73.4;73.5;2.1540659228538015;0.029346947177844706;72.06489610891137;74.73510389108864;0.9314911464874436;0.9353817318104392;0.012190369029451512;0.013086940305788336;0.9239354774838392;0.939046815491048;0.930432666379516;0.9345290750201506;0.012431500346009499;0.01336098870473104;0.92272754263751;0.9381377901215221;1.0787474747474746;1.0738383838383838;0.014448554900062976;0.013393825003803839;1.0697921676405662;1.087702781854383;27.670035647080198;27.88439323252689;10.867160707319055;0.3927411169947582;20.934499658374126;34.405571635786266;91.4;92.5;2.973213749463701;0.032529690913169595;89.55718302590844;93.24281697409157;60.3;58.0;14.241137595009747;0.2361714360698134;51.473251470671656;69.12674852932834;0.19744456647108224;0.189095269575292;0.0275454259428861;0.13950966813219653;0.18037173459167605;0.21451739835048844;1.0;1.0;0.0;0.0;1.0;1.0;ok
0.41;0.3;2;100.0;100.0;0.0;0.0;100.0;100.0;4598.6;4621.5;72.49165469210922;0.015763853062260084;4553.669206924427;4643.5307930755735;91.97200000000001;92.43;1.4498330938421837;0.015763853062260073;91.07338413848854;92.87061586151148;99.0;99.0;0.0;0.0;99.0;99.0;75.1;74.5;2.3853720883753127;0.03176261103029711;73.62153106221334;76.57846893778665;0.938026817632117;0.9413404838190981;0.012246382809515653;0.013055471953807763;0.9304364309279424;0.9456172043362917;0.9370345680388;0.9405483670730296;0.012520052685094289;0.013361356253162123;0.9292745589884;0.9447945770892001;1.070989898989899;1.0663636363636364;0.014644778725678622;0.0136740586811237;1.0619129710958437;1.0800668268839542;24.791631344555817;20.073810782639136;12.412618115292803;0.5006777465662252;17.09821093039823;32.485051758713404;90.4;90.5;3.8;0.04203539823008849;88.0447355987066;92.75526440129342;66.2;66.0;14.358272876638054;0.21689233952625459;57.30065027094676;75.09934972905324;0.2092784733258446;0.21393796592118222;0.022550813383030048;0.1077550549019853;0.19530133438340733;0.22325561226828186;1.0;1.0;0.0;0.0;1.0;1.0;ok
0.41;0.35;2;100.0;100.0;0.0;0.0;100.0;100.0;4630.3;4650.0;70.20690849197108;0.015162496704742906;4586.785307290525;4673.814692709475;92.606;93.0;1.404138169839422;0.01516249670474291;91.7357061458105;93.47629385418949;99.0;99.0;0.0;0.0;99.0;99.0;76.7;76.5;2.9000000000000004;0.03780964797913951;74.9025613779603;78.49743862203971;0.943393111545765;0.9468875947029407;0.011779763521701923;0.012486590560747883;0.9360919384725231;0.9506942846190068;0.9424857190857183;0.9459560993366316;0.012064349030175425;0.012800564280038902;0.9350081580868892;0.9499632800845474;1.0645858585858585;1.0606060606060606;0.01418321383676185;0.013322752432201296;1.0557950115738435;1.0733767055978736;19.999010027997986;15.797613574086338;9.475231573807692;0.4737850303861374;14.126200654366254;25.87181940162972;89.3;89.0;3.6619666847201113;0.04100746567435735;87.03028953388323;91.56971046611676;74.6;73.5;13.162066707018317;0.1764352105498434;66.44206653618699;82.757933463813;0.2164073976084472;0.21428604441400262;0.028198998395889078;0.13030514995106787;0.1989294773258242;0.23388531789107023;1.0;1.0;0.0;0.0;1.0;1.0;ok
0.41;0.4;2;100.0;100.0;0.0;0.0;100.0;100.0;4655.5;4667.5;67.77794626572864;0.014558682475723048;4613.490793675672;4697.509206324328;93.10999999999999;93.35;1.3555589253145757;0.014558682475723079;92.26981587351341;93.95018412648656;99.0;99.0;0.0;0.0;99.0;99.0;77.7;77.0;3.0347981810987035;0.03905789164863196;75.81901259972322;79.58098740027678;0.9477031388577611;0.9496670872209594;0.011347605670246563;0.011973797706234782;0.9406698199959067;0.9547364577196156;0.9468661510632584;0.9488196764309651;0.011646835155523252;0.012300402905357579;0.9396473678449594;0.9540849342815575;1.0594949494949495;1.057070707070707;0.013692514397116865;0.012923624037702065;1.0510082411466004;1.0679816578432986;18.4629027461538;14.451651144018044;7.905881583029708;0.4282036087026816;13.562786574219313;23.36301891808829;89.1;88.0;3.477067730142742;0.039024329182297895;86.94489109323914;91.25510890676085;78.4;79.5;11.33313725320575;0.1445553221072162;71.37564875593483;85.42435124406518;0.22622267492773354;0.21955898017589157;0.03447004054158868;0.1523721729159116;0.20485792245437975;0.24758742740108733;1.0;1.0;0.0;0.0;1.0;1.0;ok
0.41;0.45;2;100.0;100.0;0.0;0.0;100.0;100.0;4677.9;4685.0;66.12934295757067;0.014136544808048627;4636.912608592397;4718.887391407602;93.55799999999999;93.69999999999999;1.3225868591514132;0.014136544808048625;92.73825217184795;94.37774782815204;99.0;99.0;0.0;0.0;99.0;99.0;79.2;80.0;3.1874754901018454;0.04024590265280108;77.22438222320207;81.17561777679794;0.9515282862697354;0.9527547902294957;0.011055345817638132;0.011618515158365147;0.944676111941243;0.9583804605982278;0.9507566369149654;0.9519406278980518;0.011355653060394552;0.011943806248086376;0.9437183302290217;0.957794943600909;1.054969696969697;1.0535353535353535;0.013359463223751646;0.012663362049284895;1.046689415877252;1.0632499780621418;20.025456566237736;13.432868010983588;17.637291990414724;0.8807435641767399;9.093749734595322;30.95716339788015;88.3;87.0;4.050925820105819;0.04587684960482242;85.7892101641117;90.8107898358883;81.6;85.0;12.97073629367277;0.15895510163814672;73.56065435498634;89.63934564501365;0.23714074090400622;0.2255004208004357;0.0390062444358699;0.16448563113690995;0.212964420128229;0.26131706167978347;1.0;1.0;0.0;0.0;1.0;1.0;ok
0.41;0.5;2;100.0;100.0;0.0;0.0;100.0;100.0;4694.9;4701.5;62.992777363758144;0.01341727776177515;4655.856672088563;4733.943327911436;93.898;94.03;1.2598555472751634;0.013417277761775153;93.11713344177126;94.67886655822873;99.0;99.0;0.0;0.0;99.0;99.0;80.0;81.0;3.1937438845342623;0.03992179855667828;78.02049703208104;81.97950296791896;0.9544620908341755;0.9555382658280265;0.01058674357927386;0.011091842914390991;0.9479003591821005;0.9610238224862506;0.9537403722215055;0.9547933189973898;0.010870903974472304;0.01139817951624632;0.9470025161317809;0.9604782283112302;1.0515353535353535;1.0502020202020201;0.012725813608840052;0.012102126253819958;1.043647812543144;1.059422894527563;13.254723168291358;13.089861635698252;2.643951504410989;0.1994724047301107;11.615985048005738;14.893461288576978;87.3;87.5;2.051828452868319;0.023503189609029997;86.02826354931534;88.57173645068465;88.8;88.5;7.166589146867567;0.08070483273499512;84.35810202728608;93.24189797271391;0.24273956459053297;0.23045743410558206;0.03672561985554887;0.15129639009404894;0.21997678957442543;0.2655023396066405;1.0;1.0;0.0;0.0;1.0;1.0;ok
0.41;0.55;2;100.0;100.0;0.0;0.0;100.0;100.0;4711.6;4709.0;59.494873728750775;0.012627318475411913;4674.724695222955;4748.4753047770455;94.232;94.18;1.1898974745750175;0.012627318475411936;93.49449390445909;94.96950609554091;99.0;99.0;0.0;0.0;99.0;99.0;81.0;81.0;2.9664793948382653;0.036623202405410685;79.16135702214922;82.83864297785078;0.9574087974137008;0.9568871443207936;0.010005269383432469;0.010450362907109517;0.9512074672020825;0.9636101276253191;0.9567259065294529;0.9561548780286429;0.010279543377550803;0.010744501959647046;0.950354579535059;0.9630972335238468;1.048161616161616;1.0486868686868687;0.012019166409848646;0.01146690188280603;1.0407120596410009;1.0556111726822313;13.538162449726059;13.091071353248633;3.1775476464749564;0.23471040905845042;11.56869801415866;15.507626885293458;87.7;87.5;1.7916472867168918;0.02042927350874449;86.58952550682153;88.81047449317848;89.1;92.0;8.2516664983505;0.0926112962777834;83.98556411712885;94.21443588287114;0.24446245718782533;0.23485819488822585;0.03533420651778529;0.14453837584818727;0.22256208909327554;0.26636282528237515;1.0;1.0;0.0;0.0;1.0;1.0;ok
0.41;0.6;2;100.0;100.0;0.0;0.0;100.0;100.0;4724.5;4720.0;58.07968663827311;0.012293298050221845;4688.501837269105;4760.498162730895;94.49000000000001;94.4;1.1615937327654628;0.012293298050221852;93.77003674538211;95.2099632546179;99.0;99.0;0.0;0.0;99.0;99.0;81.6;81.5;2.939387691339814;0.03602190798210556;79.77814863394403;83.42185136605596;0.9596302543442679;0.9586769354180451;0.009758555126177095;0.010169078227786062;0.9535818392135457;0.96567866947499;0.9589964562656956;0.9580077854270628;0.010027673327484372;0.010456423756279393;0.9527812399456895;0.9652116725857017;1.0455555555555556;1.0464646464646465;0.011733270027933923;0.011222043597386324;1.0382831994483042;1.052827911662807;13.596665675563475;12.954306137448418;2.7826903406319055;0.20465976049062373;11.87193633369154;15.32139501743541;88.0;88.0;1.7320508075688772;0.01968239554055542;86.92646378728988;89.07353621271012;89.4;91.5;7.914543574963751;0.08852957018975113;84.49451506984275;94.30548493015726;0.24895437306780402;0.23790172291934153;0.0331292779432065;0.13307369352449;0.22842063386249106;0.269488112273117;1.0;1.0;0.0;0.0;1.0;1.0;ok
0.41;0.65;2;100.0;100.0;0.0;0.0;100.0;100.0;4736.5;4733.5;55.11850868809859;0.011636970059769575;4702.33719437751;4770.66280562249;94.72999999999999;94.67;1.1023701737619733;0.011636970059769592;94.04674388755019;95.41325611244979;99.0;99.0;0.0;0.0;99.0;99.0;82.3;82.0;2.609597670139978;0.03170835565176158;80.68255460679502;83.91744539320497;0.9616680270310702;0.9609326541005494;0.00925531876669674;0.009624234669910381;0.9559315210274324;0.9674045330347081;0.9610779251334467;0.9603235367651619;0.00951835997307563;0.009903837893013717;0.9551783845010043;0.966977465765889;1.0431313131313131;1.0437373737373736;0.011135052260221935;0.010674640977650543;1.036229736237881;1.0500328900247453;14.230773820019433;13.387785415713537;3.5331288411169184;0.24827383849967574;12.04091787668635;16.420629763352515;88.4;88.0;2.0591260281974;0.023293280861961536;87.12374046526578;89.67625953473423;89.7;91.0;8.62612311528186;0.09616636694851571;84.3534735014217;95.0465264985783;0.2516896663903606;0.24480590046748585;0.03581875884787647;0.14231318814783206;0.22948896965011936;0.2738903631306019;1.0;1.0;0.0;0.0;1.0;1.0;ok
0.41;0.7;2;100.0;100.0;0.0;0.0;100.0;100.0;4746.3;4741.5;54.51431004791311;0.01148564356402105;4712.511680574495;4780.088319425506;94.926;94.83;1.0902862009582597;0.011485643564021023;94.25023361148989;95.60176638851011;99.0;99.0;0.0;0.0;99.0;99.0;82.9;83.0;2.7367864366808017;0.0330131053881882;81.20372219256397;84.59627780743604;0.9633056799914727;0.9622846117874675;0.009245896423019161;0.009598091877856475;0.9575750140169508;0.9690363459659945;0.9627610334770298;0.9617170926815368;0.009489099604297314;0.009856131765145553;0.9568796286090485;0.9686424383450111;1.0411515151515154;1.042121212121212;0.011012991928871372;0.010577703406855906;1.0343255920352517;1.0479774382677791;14.015532717672514;12.772791738388161;3.43836097950412;0.24532502964861336;11.884414503508728;16.1466509318363;88.3;88.0;2.0999999999999996;0.02378255945639864;86.99840651507469;89.6015934849253;91.6;93.0;8.83402513014311;0.096441322381475;86.12461449759014;97.07538550240984;0.25653731427891713;0.25059241331010407;0.03619306010652551;0.1410830241528725;0.23410462321502973;0.27897000534280453;1.0;1.0;0.0;0.0;1.0;1.0;ok
0.41;0.75;2;100.0;100.0;0.0;0.0;100.0;100.0;4755.8;4750.5;53.67830101633247;0.011286913035941896;4722.529844340611;4789.0701556593895;95.11600000000001;95.00999999999999;1.0735660203266495;0.011286913035941896;94.45059688681222;95.7814031131878;99.0;99.0;0.0;0.0;99.0;99.0;83.8;83.5;2.7495454169735045;0.03281080449849051;82.09581409464812;85.50418590535187;0.9649072300512588;0.9637213420441921;0.009120890168155009;0.009452608379429885;0.959254043756216;0.9705604163463015;0.964399531648664;0.9632133039677708;0.009361930030093425;0.00970752237310711;0.95859694729938;0.9702021159979479;1.0392323232323233;1.0403030303030303;0.010844101215420706;0.010434722797778564;1.0325110796647698;1.0459535667998767;13.000499217573344;12.631510120792123;1.6033991109359702;0.12333365696977124;12.006702152559399;13.994296282587289;87.9;88.0;1.5132745950421556;0.017215865700138288;86.96206268866199;88.83793731133802;94.1;95.0;4.5265881191025095;0.04810401826888958;91.29439161677898;96.90560838322101;0.2587461996312415;0.2544701497762011;0.03558842712278775;0.1375418351013753;0.2366882639732608;0.28080413528922227;1.0;1.0;0.0;0.0;1.0;1.0;ok
0.41;0.8;2;100.0;100.0;0.0;0.0;100.0;100.0;4765.0;4758.0;51.83435154412564;0.010878143031296042;4732.872736064209;4797.127263935791;95.3;95.16;1.0366870308825107;0.01087814303129602;94.65745472128417;95.94254527871583;99.0;99.0;0.0;0.0;99.0;99.0;84.4;84.5;2.4979991993593593;0.02959714691184075;82.8517240556025;85.94827594439751;0.9664735262012408;0.9650493258790898;0.008866103821829015;0.009173664442395599;0.9609782581197341;0.9719687942827475;0.9660009653999216;0.9645661308396292;0.009094054483519697;0.009414125667829726;0.9603644120345383;0.971637518765305;1.0373737373737373;1.0387878787878788;0.01047158617053043;0.010094323572371106;1.0308833810230724;1.0438640937244021;14.624801076455176;13.392102647075511;4.859367313745475;0.33226895110174787;11.612934011488466;17.636668141421886;88.6;88.5;2.5377155080899043;0.02864238722449102;87.02710763241727;90.17289236758272;92.6;94.5;8.674099376880577;0.0936727794479544;87.22373750640837;97.97626249359162;0.2617305949544614;0.26000492497585503;0.03441499201686165;0.13149013787574024;0.24039996191022162;0.28306122799870115;1.0;1.0;0.0;0.0;1.0;1.0;ok
0.41;0.85;2;100.0;100.0;0.0;0.0;100.0;100.0;4772.9;4769.0;50.046878024508175;0.010485633058414838;4741.880623629737;4803.919376370262;95.458;95.38;1.0009375604901634;0.010485633058414835;94.83761247259474;96.07838752740525;99.0;99.0;0.0;0.0;99.0;99.0;84.7;85.5;2.5709920264364885;0.03035409712439774;83.10648263266447;86.29351736733554;0.9678297835333675;0.9669488973410156;0.00858216904274761;0.008867436390948518;0.9625105000511922;0.9731490670155427;0.9673863524135203;0.9665066957774023;0.008801933346853657;0.009098674304112127;0.9619308576044673;0.9728418472225734;1.035777777777778;1.0365656565656565;0.01011048040899157;0.009761244763025543;1.0295112370969168;1.042044318458639;12.790726003104586;12.417433292005537;1.5520500839725535;0.1213418287277702;11.828755394734848;13.752696611474324;87.9;88.0;1.445683229480096;0.016446908185211558;87.00395625106808;88.79604374893194;96.1;98.0;3.448187929913334;0.03588124796996185;93.96279097886986;98.23720902113013;0.26533020471220886;0.2592384261678793;0.032973659960643054;0.12427405314222716;0.24489291853177297;0.28576749089264475;1.0;1.0;0.0;0.0;1.0;1.0;ok
0.41;0.9;2;100.0;100.0;0.0;0.0;100.0;100.0;4780.1;4774.5;49.05191127774737;0.010261691445314402;4749.697310408453;4810.502689591548;95.602;95.49000000000001;0.9810382255549468;0.010261691445314395;94.99394620816905;96.21005379183096;99.0;99.0;0.0;0.0;99.0;99.0;85.0;86.0;2.756809750418044;0.032433055887271106;83.29131161413206;86.70868838586794;0.969099716718534;0.9680625624314354;0.008375930765027595;0.008643001974440062;0.9639082610452268;0.9742911723918413;0.9686779612399569;0.9676305519542373;0.008600581875359609;0.008878680242038776;0.9633472653658927;0.9740086571140211;1.0343232323232323;1.0354545454545454;0.009909477025807531;0.009580638543281565;1.0281812748299903;1.0404651898164743;13.655126693360387;13.674424313270617;2.1706851646680594;0.15896484986283757;12.309722089476598;15.000531297244176;88.5;89.0;1.746424919657298;0.0197336149113819;87.41755462031564;89.58244537968436;95.7;97.5;4.337049688440288;0.045319223494673856;93.0118687532042;98.38813124679581;0.27012417172818987;0.2669431663615578;0.03607254546449503;0.1335406055434118;0.2477661764133048;0.2924821670430749;1.0;1.0;0.0;0.0;1.0;1.0;ok
0.41;0.95;2;100.0;100.0;0.0;0.0;100.0;100.0;4785.6;4780.5;47.20211859652064;0.00986336480201451;4756.343823790523;4814.856176209478;95.71200000000002;95.61;0.9440423719304127;0.009863364802014508;95.12687647581046;96.29712352418957;99.0;99.0;0.0;0.0;99.0;99.0;85.2;86.0;2.6000000000000005;0.030516431924882636;83.5885033043782;86.81149669562181;0.9700526232033747;0.9690996635763994;0.008074176261133376;0.008323441499977881;0.9650481969092652;0.9750570494974842;0.9696520201861449;0.9686919042112028;0.008287382962462415;0.00854675985811021;0.9645154470094678;0.9747885933628221;1.033212121212121;1.0342424242424242;0.009535781534650602;0.009229258289637199;1.0273017825839437;1.0391224598402984;13.440950738171813;13.426065854279823;2.2896904854421902;0.17035182481098993;12.021785872292282;14.860115604051343;88.4;88.5;1.7435595774162693;0.01972352463140576;87.31933057783613;89.48066942216388;96.4;97.5;3.6386810797320503;0.03774565435406691;94.14472210138086;98.65527789861915;0.2704884581860663;0.26346243607745523;0.03648408141427005;0.13488221145899326;0.24787539024687666;0.293101526125256;1.0;1.0;0.0;0.0;1.0;1.0;ok
0.41;1.0;2;100.0;100.0;0.0;0.0;100.0;100.0;4792.2;4787.0;45.82750265942931;0.009562936158638895;4763.795819575281;4820.604180424719;95.84400000000001;95.74;0.9165500531885847;0.009562936158638879;95.27591639150563;96.41208360849438;99.0;99.0;0.0;0.0;99.0;99.0;85.2;86.0;2.6000000000000005;0.030516431924882636;83.5885033043782;86.81149669562181;0.9711984748838358;0.9702231720749022;0.007879333223517755;0.008112999996689858;0.9663148135556043;0.9760821362120673;0.9708248228689349;0.9698455969625208;0.008077835913086166;0.008320590618207446;0.9658181282990451;0.9758315174388247;1.031878787878788;1.032929292929293;0.009258081345339229;0.008972062856695481;1.026140569611168;1.037617006146408;13.976959295982008;13.85152864221001;2.0702047603243585;0.14811553188964968;12.693833091934609;15.260085500029406;88.9;89.0;1.5779733838059498;0.01774998182008942;87.92196196392983;89.87803803607018;95.9;97.0;3.2388269481403293;0.0337729608773757;93.89255425976192;97.90744574023809;0.2747739223907019;0.2672245535996398;0.036735937173697185;0.13369513691136323;0.2520047526345545;0.2975430921468493;1.0;1.0;0.0;0.0;1.0;1.0;ok
0.46;0.0;2;100.0;100.0;0.0;0.0;100.0;100.0;4449.6;4468.0;65.66612520927362;0.014757759171447683;4408.899713927296;4490.300286072705;88.992;89.36;1.3133225041854735;0.014757759171447697;88.17799427854591;89.8060057214541;97.4;97.0;0.8;0.008213552361396304;96.9041548628856;97.8958451371144;67.3;67.5;4.001249804748511;0.059453934691656926;64.81999967741937;69.78000032258062;0.9091828062858088;0.9118384526253518;0.012359635690619356;0.013594225061416313;0.9015222247186848;0.9168433878529328;0.9090434956871434;0.911685364959032;0.012385875396849034;0.013625173553974539;0.9013666505816027;0.916720340792684;1.1010909090909091;1.0973737373737373;0.01326588388066135;0.012047946060706312;1.0928686290762213;1.109313189105597;40.1014704615802;40.547690505113785;6.975801891845831;0.17395376806765975;35.7778236546487;44.4251172685117;90.8;91.0;1.32664991614216;0.014610681895838768;89.9777338630346;91.6222661369654;58.8;56.5;7.586830695356263;0.12902773291422218;54.097633616996646;63.50236638300335;0.2182641538357081;0.22292577178261547;0.03724735484861301;0.17065264356990958;0.195178004120634;0.2413503035507822;1.0;1.0;0.0;0.0;1.0;1.0;ok
0.46;0.05;2;100.0;100.0;0.0;0.0;100.0;100.0;4529.4;4549.0;62.552697783548865;0.013810371745385453;4490.6294362383005;4568.170563761699;90.58800000000001;90.98;1.251053955670978;0.01381037174538546;89.81258872476602;91.363411275234;98.3;98.5;0.7810249675906654;0.007945320117911143;97.81591570981904;98.78408429018096;70.5;71.0;2.6172504656604803;0.0371241200802905;68.8778113549898;72.1221886450102;0.923166788943585;0.926403447924944;0.01165164521304987;0.012621386896276125;0.9159450244207437;0.9303885534664262;0.9228909561742921;0.9262240488223852;0.011696351567025053;0.012673600807088356;0.9156414823661798;0.9301404299824043;1.0849696969696967;1.081010101010101;0.012636908643141181;0.011647245705051365;1.077137259846121;1.0928021340932723;39.625318729246;39.03308839185473;11.384102908706023;0.2872936615725903;32.56937864463125;46.681258813860744;91.7;92.0;1.9000000000000001;0.020719738276990186;90.5223677993533;92.8776322006467;61.0;60.0;7.224956747275377;0.11844191388976029;56.52192541375202;65.47807458624797;0.21651527591019323;0.2260099390280576;0.030367039698813218;0.14025356673405778;0.19769358970617257;0.2353369621142139;1.0;1.0;0.0;0.0;1.0;1.0;ok
0.46;0.1;2;100.0;100.0;0.0;0.0;100.0;100.0;4589.7;4609.0;58.31646422752326;0.012705942485897393;4553.555080998845;4625.844919001154;91.79400000000001;92.18;1.1663292845504662;0.012705942485897402;91.07110161997693;92.5168983800231;99.0;99.0;0.0;0.0;99.0;99.0;73.9;73.5;1.7578395831246945;0.023786733195192075;72.81047973860052;74.98952026139949;0.9340505577532235;0.9372940462274336;0.010650953939423169;0.011402973694532234;0.927449028107608;0.9406520873988391;0.9336896274073216;0.9370650851474452;0.01072153285141564;0.011482973074454405;0.9270443524988382;0.9403349023158051;1.0727878787878788;1.068888888888889;0.011781103884348113;0.010981764538260204;1.065485874949262;1.0800898826264957;46.64309695060501;47.52286061678973;14.251904179348136;0.30555227056301354;37.809675223167275;55.47651867804275;93.4;94.0;1.7435595774162693;0.018667661428439713;92.31933057783613;94.48066942216388;54.6;51.5;10.61319932913728;0.19438094009408938;48.02187090427681;61.17812909572319;0.22044360357500342;0.21642914109840133;0.022644985032539866;0.10272461829374499;0.2064080964394868;0.23447911071052005;1.0;1.0;0.0;0.0;1.0;1.0;ok
0.46;0.15;2;100.0;100.0;0.0;0.0;100.0;100.0;4636.7;4659.5;56.51026455432676;0.012187604234547579;4601.6745751546105;4671.725424845389;92.73400000000001;93.19;1.1302052910865352;0.012187604234547579;92.03349150309222;93.4345084969078;99.0;99.0;0.0;0.0;99.0;99.0;76.5;76.5;1.9621416870348585;0.025648910941632137;75.2838519826929;77.7161480173071;0.9426178414554197;0.9462803348520163;0.010253766770741512;0.010877968058518287;0.936262490967448;0.9489731919433915;0.9422126931527206;0.9460025488617929;0.010341819676549716;0.010976098869932586;0.9358027669083065;0.9486226193971347;1.0632929292929292;1.0586868686868687;0.011416215061480129;0.010736660375491924;1.0562170858898203;1.070368772696038;40.414971838384226;35.3435622151807;18.43697870337861;0.4561917988488623;28.987614046944135;51.84232962982432;93.1;93.5;2.5079872407968904;0.02693863846183556;91.54553340338236;94.65446659661762;61.3;61.0;9.011659114724658;0.1470091209579879;55.71451581328888;66.88548418671112;0.22731359528368067;0.22269923416730025;0.026640524013886318;0.11719723134306916;0.21080162743059944;0.2438255631367619;1.0;1.0;0.0;0.0;1.0;1.0;ok
0.46;0.2;2;100.0;100.0;0.0;0.0;100.0;100.0;4676.0;4700.0;54.27706698044764;0.011607584897443892;4642.3587253511405;4709.6412746488595;93.52000000000001;94.0;1.0855413396089526;0.011607584897443889;92.84717450702281;94.1928254929772;99.0;99.0;0.0;0.0;99.0;99.0;78.5;78.5;2.4596747752497685;0.03133343662738559;76.9754777797618;80.0245222202382;0.9497006144338735;0.9537655622804849;0.009698155782887349;0.010211803209865797;0.9436896352039703;0.9557115936637768;0.9492983090905461;0.9534037532514866;0.00981711742283305;0.010341446233311126;0.9432135966723051;0.9553830215087872;1.0553535353535353;1.0505050505050506;0.010965064036454088;0.01038994390896779;1.0485573182527554;1.062149752454315;35.07897925369717;29.93975236452409;14.360248946789016;0.409369065243696;26.17840474367524;43.979553763719096;93.2;93.0;1.7204650534085253;0.01845992546575671;92.13364471211514;94.26635528788486;66.6;70.5;9.308061022576076;0.1397606760146558;60.83080400748943;72.36919599251056;0.2189290827512374;0.2184059763044426;0.031442276239837745;0.14361854462051835;0.19944095803457335;0.23841720746790146;1.0;1.0;0.0;0.0;1.0;1.0;ok
0.46;0.25;2;100.0;100.0;0.0;0.0;100.0;100.0;4704.7;4724.5;51.57140680648532;0.010961678067992715;4672.735710901069;4736.664289098931;94.09400000000001;94.49000000000001;1.0314281361297073;0.010961678067992722;93.4547142180214;94.73328578197862;99.0;99.0;0.0;0.0;99.0;99.0;79.5;79.0;2.6551836094703507;0.033398535968180515;77.85430014887282;81.14569985112718;0.9549376910228091;0.9582589352935167;0.009146299230339999;0.009577901591195582;0.9492687560278625;0.9606066260177557;0.9545546556758329;0.9578973048708677;0.009268014806587241;0.009709255254771563;0.9488102805851447;0.960299030766521;1.0495555555555556;1.0455555555555556;0.010418466021512173;0.009926550306331734;1.0430981234143575;1.0560129876967537;29.85797156229031;24.179973213963287;12.119045951208932;0.40588979482165866;22.34650906057415;37.36943406400647;92.6;92.5;2.1999999999999997;0.023758099352051833;91.23642587293538;93.9635741270646;71.9;72.5;8.584287972802404;0.11939204412798891;66.57940319137036;77.22059680862965;0.23858849724020642;0.2442518710451129;0.029501552158390815;0.12365035405998306;0.22030324577137522;0.2568737487090376;1.0;1.0;0.0;0.0;1.0;1.0;ok
0.46;0.3;2;100.0;100.0;0.0;0.0;100.0;100.0;4730.4;4742.5;47.26351658520555;0.009991441862253838;4701.105768922875;4759.694231077125;94.60799999999999;94.85;0.9452703317041122;0.00999144186225385;94.02211537845749;95.1938846215425;99.0;99.0;0.0;0.0;99.0;99.0;81.4;81.0;2.4576411454889016;0.030192151664482816;79.87673823654633;82.92326176345368;0.9595730445747689;0.961561741349616;0.00840952857913383;0.008763823271901599;0.9543607647605338;0.964785324389004;0.9592105541550952;0.9612084229947406;0.00851888386115026;0.008881140667446032;0.953930495234853;0.9644906130753373;1.0443636363636364;1.041919191919192;0.009548185168728417;0.009142586773677975;1.0384456098834092;1.0502816628438636;28.57525451008727;22.097929430900834;17.7995838456342;0.6229020231246171;17.542958144440043;39.607550875734496;92.4;92.0;1.907878402833891;0.02064803466270445;91.21748471468653;93.58251528531348;76.1;78.5;7.7775317421403045;0.10220146835926813;71.27943588363352;80.92056411636646;0.24679566782299248;0.2491430222078938;0.03344505189775152;0.13551717577854358;0.22606620989294388;0.2675251257530411;1.0;1.0;0.0;0.0;1.0;1.0;ok
0.46;0.35;2;100.0;100.0;0.0;0.0;100.0;100.0;4748.5;4760.0;46.30820661610639;0.009752175764158448;4719.797876176143;4777.202123823857;94.97;95.2;0.9261641323221269;0.009752175764158438;94.39595752352287;95.54404247647713;99.0;99.0;0.0;0.0;99.0;99.0;82.4;82.0;2.939387691339814;0.035672180720143366;80.57814863394404;84.22185136605597;0.9628633318174339;0.9646751422171982;0.008188925876655147;0.008504764493625798;0.9577877829747717;0.967938880660096;0.9625215926845389;0.9643511549635403;0.00830593548440992;0.00862934976995591;0.9573735205356256;0.9676696648334521;1.0407070707070707;1.0383838383838384;0.009355193255779097;0.0089892665468517;1.0349086618537664;1.046505479560375;21.33711506404128;19.54853165087216;7.965143647475008;0.3732999341086366;16.40026788401859;26.273962244063974;91.3;91.0;2.0518284528683193;0.022473477030321133;90.02826354931534;92.57173645068465;81.1;84.5;11.57972365818805;0.14278327568665908;73.92281291869857;88.27718708130142;0.2530742243476608;0.24509725266693275;0.03814793847270854;0.1507381424206315;0.2294298871193709;0.2767185615759507;1.0;1.0;0.0;0.0;1.0;1.0;ok
0.46;0.4;2;100.0;100.0;0.0;0.0;100.0;100.0;4765.7;4771.0;44.3532411442501;0.009306763150061922;4738.209576329201;4793.190423670799;95.31400000000001;95.42;0.8870648228850031;0.009306763150061933;94.76419152658404;95.86380847341597;99.0;99.0;0.0;0.0;99.0;99.0;83.1;83.0;2.808914381037628;0.033801617100332464;81.35901682948972;84.84098317051027;0.9659598172533788;0.9666845158851118;0.00785388354149333;0.008130652436273336;0.9610919298014884;0.9708277047052691;0.9656457802261125;0.9663768761123142;0.007969241670755318;0.008252758758899423;0.9607063930649457;0.9705851673872793;1.037232323232323;1.036161616161616;0.008960250736212117;0.008638615029166583;1.0316787022887275;1.0427859441759186;21.463102348995513;19.924197437020254;6.889786649523732;0.3210060939697368;17.192768341592924;25.7334363563981;91.6;91.0;1.7435595774162693;0.019034493203234384;90.51933057783612;92.68066942216387;83.3;83.0;10.450358845513392;0.12545448794133723;76.82280048168964;89.77719951831035;0.2548180564489433;0.2516493228543982;0.036474011790766;0.14313746953043782;0.23221122972706243;0.27742488317082414;1.0;1.0;0.0;0.0;1.0;1.0;ok
0.46;0.45;2;100.0;100.0;0.0;0.0;100.0;100.0;4778.4;4782.0;41.557670772072875;0.008696984507800284;4752.642288797332;4804.157711202667;95.56800000000001;95.64;0.8311534154414585;0.008696984507800293;95.05284577594666;96.08315422405336;99.0;99.0;0.0;0.0;99.0;99.0;84.3;85.0;2.7221315177632404;0.03229100258319384;82.61280540541406;85.98719459458593;0.9682433894272224;0.9686236868489267;0.007355683855621343;0.007596936819752209;0.9636842893397715;0.9728024895146734;0.9679528533288787;0.9683521782705918;0.007468904299878112;0.007716186045830502;0.9633235784830444;0.972582128174713;1.0346666666666668;1.033939393939394;0.008395489044863225;0.00811419688614358;1.029463088645926;1.0398702446874077;20.894465291009872;18.547733436353965;10.583889740522357;0.5065403489926215;14.334502466518598;27.454428115501145;91.0;91.0;2.4083189157584592;0.02646504303031274;89.50730847125067;92.49269152874933;86.7;88.5;11.950313803411188;0.13783522264603446;79.29311876698432;94.10688123301568;0.2621335758377096;0.26207923388447674;0.03773634690837471;0.14395846387773611;0.23874434570398495;0.2855228059714342;1.0;1.0;0.0;0.0;1.0;1.0;ok
0.46;0.5;2;100.0;100.0;0.0;0.0;100.0;100.0;4788.4;4794.0;41.340537006671795;0.00863347611032324;4762.776869699429;4814.02313030057;95.768;95.88;0.8268107401334382;0.008633476110323264;95.25553739398859;96.28046260601141;99.0;99.0;0.0;0.0;99.0;99.0;85.1;86.0;2.6627053911388696;0.031289135031009045;83.44963810029435;86.75036189970564;0.9700154685441698;0.9708092499365075;0.007339172872321879;0.007566036945098149;0.9654666020701913;0.9745643350181482;0.9697459231162741;0.970555603737681;0.007450770055171056;0.007683218745821628;0.9651278879917563;0.9743639582407918;1.0326464646464646;1.0315151515151515;0.008351623637711492;0.008087592340298906;1.0274700746867533;1.0378228546061758;16.57440772795844;16.819816511685094;3.8132019083666036;0.23006565127116588;14.210960699084769;18.937854756832113;90.1;90.5;1.7578395831246945;0.01950987328662258;89.01047973860051;91.18952026139948;91.7;93.5;7.000714249274855;0.07634366684051096;87.36091235396195;96.03908764603806;0.26658222950439997;0.2664661242977532;0.033001035029210105;0.12379307912069742;0.24612797608068016;0.2870364829281198;1.0;1.0;0.0;0.0;1.0;1.0;ok
0.46;0.55;2;100.0;100.0;0.0;0.0;100.0;100.0;4799.1;4803.0;39.63697768498502;0.008259252294177037;4774.532746706235;4823.6672532937655;95.982;96.06;0.7927395536997001;0.008259252294177033;95.4906549341247;96.4733450658753;99.0;99.0;0.0;0.0;99.0;99.0;86.2;86.0;2.315167380558045;0.026858090261694254;84.76504439093051;87.6349556090695;0.971930283664153;0.9724853133620538;0.0070635616586219195;0.0072675600064569116;0.9675522427902338;0.9763083245380723;0.9716821346643283;0.9722566004377386;0.007170294259624131;0.007379259125826307;0.9672379402389358;0.9761263290897207;1.0304848484848486;1.0296969696969698;0.008007470239390916;0.007770585129091931;1.0255217670113608;1.0354479299583363;17.74693075611417;15.070499503162623;4.95736995531372;0.27933674974225087;14.674321024589986;20.819540487638356;90.7;90.0;1.8466185312619385;0.020359630995170214;89.55545397646054;91.84454602353946;90.5;91.5;8.0156097709407;0.08857027371205192;85.53187359259046;95.46812640740954;0.27411502009057737;0.2750669922967942;0.03243489588952085;0.11832586145335344;0.25401166334103886;0.29421837684011587;1.0;1.0;0.0;0.0;1.0;1.0;ok
0.46;0.6;2;100.0;100.0;0.0;0.0;100.0;100.0;4808.8;4810.5;38.11508887566707;0.007926112309862558;4785.176023162897;4832.4239768371035;96.17599999999999;96.21000000000001;0.7623017775133414;0.007926112309862558;95.70352046325792;96.64847953674206;99.0;99.0;0.0;0.0;99.0;99.0;86.7;87.0;2.3685438564654024;0.027318844941930823;85.2319613084118;88.16803869158821;0.9736680052708451;0.9737456955185586;0.006796566061835533;0.006980373212473931;0.9694554499822977;0.9778805605593924;0.9734418725324836;0.9735405055844034;0.006902373565719038;0.007090688987686532;0.9691637370735976;0.9777200079913696;1.0285252525252528;1.0281818181818183;0.007700017954680214;0.007486464659739757;1.0237527319521007;1.033297773098405;16.266365007142337;14.824962017364939;4.145811426995193;0.2548701830541012;13.696764462806229;18.835965551478445;90.1;90.0;1.8681541692269403;0.020734230513062602;88.94210604976102;91.25789395023897;94.7;95.5;4.69148164229596;0.049540460847898204;91.79218955225758;97.60781044774242;0.2764492210261985;0.2718559423047101;0.03385568699504712;0.12246620507510378;0.25546524882599675;0.29743319322640027;1.0;1.0;0.0;0.0;1.0;1.0;ok
0.46;0.65;2;100.0;100.0;0.0;0.0;100.0;100.0;4815.8;4818.0;37.44275630879756;0.007774981583287836;4792.592739205154;4839.007260794846;96.316;96.36;0.7488551261759532;0.007774981583287857;95.85185478410308;96.78014521589692;99.0;99.0;0.0;0.0;99.0;99.0;87.0;87.5;2.449489742783178;0.028155054514749173;85.4817905282867;88.5182094717133;0.9749101479765654;0.9750620956819862;0.006680211527721071;0.006852130467188088;0.9707697099754203;0.9790505859777104;0.9747038857448729;0.9748841847000727;0.006783629523379209;0.00695968244570517;0.9704993486059313;0.9789084228838144;1.027111111111111;1.0266666666666666;0.007564193193696485;0.0073645325338888325;1.0224227755970008;1.0317994466252214;17.141886320260493;16.138272079133863;3.6002268244121374;0.21002512542373616;14.910442616018514;19.373330024502472;90.7;90.5;1.4866068747318506;0.016390373481056788;89.77859151295422;91.62140848704578;94.2;95.0;3.893584466786357;0.04133316843722247;91.78673134524976;96.61326865475024;0.27882843879049163;0.28058323987007594;0.03796601946231892;0.136162651223845;0.25529685613301467;0.3023600214479686;1.0;1.0;0.0;0.0;1.0;1.0;ok
0.46;0.7;2;100.0;100.0;0.0;0.0;100.0;100.0;4823.8;4827.0;36.40549409086491;0.007547057110756024;4801.235640988497;4846.364359011503;96.476;96.54;0.7281098818172981;0.0075470571107560235;96.02471281976993;96.92728718023007;99.0;99.0;0.0;0.0;99.0;99.0;87.5;87.5;2.247220505424423;0.025682520061993407;86.10715830045191;88.89284169954809;0.9763705154731224;0.9768475371638865;0.006511061418113125;0.006668637894045831;0.9723349177960916;0.9804061131501531;0.9761800839332647;0.9766753359960825;0.0066105092624939455;0.006771813286600369;0.972082847843693;0.9802773200228364;1.0254949494949495;1.024848484848485;0.00735464527088179;0.007171800577373795;1.0209364931289893;1.0300534058609097;16.123543339982888;15.903912327285266;2.4376451916757906;0.15118545224677504;14.612675197104457;17.634411482861317;90.4;90.5;1.2;0.013274336283185839;89.6562322943284;91.1437677056716;96.5;96.5;2.80178514522438;0.029034042955693055;94.7634355756264;98.2365644243736;0.27997920374473245;0.2830757938299641;0.03775629974080798;0.13485394356372202;0.2565776067173407;0.3033808007721242;1.0;1.0;0.0;0.0;1.0;1.0;ok
0.46;0.75;2;100.0;100.0;0.0;0.0;100.0;100.0;4829.1;4834.0;35.68038676920417;0.0073886203990814366;4806.985067162662;4851.214932837339;96.582;96.68;0.7136077353840842;0.007388620399081446;96.13970134325322;97.02429865674677;99.0;99.0;0.0;0.0;99.0;99.0;87.7;88.0;2.2383029285599387;0.025522268284605912;86.31268547185579;89.08731452814422;0.9773435940011013;0.9781693455286652;0.006378990208467628;0.006526865523672159;0.97338985490789;0.9812973330943126;0.9771635089375048;0.9780053854870228;0.006477414062995878;0.0066287924218935874;0.9731487661072387;0.981178251767771;1.0244242424242422;1.0234343434343436;0.007208158943273568;0.007036302583210903;1.0199565792247798;1.0288919056237047;16.762647767012435;17.053037252998834;2.2774017573773104;0.13586169613723298;15.35109953369827;18.1741960003266;90.8;91.0;1.16619037896906;0.012843506376311233;90.07718771454823;91.52281228545176;96.0;96.0;2.4899799195977463;0.02593729082914319;94.45669445669368;97.54330554330632;0.2880480404868534;0.28203864480009677;0.037980205887267283;0.13185372073031237;0.2645076649920968;0.31158841598160997;1.0;1.0;0.0;0.0;1.0;1.0;ok
0.46;0.8;2;100.0;100.0;0.0;0.0;100.0;100.0;4833.7;4837.5;34.87993692654848;0.007215991254432109;4812.081191115142;4855.318808884857;96.67399999999999;96.75;0.6975987385309713;0.007215991254432126;96.24162382230284;97.10637617769714;99.0;99.0;0.0;0.0;99.0;99.0;87.8;88.0;1.9899748742132397;0.02266486189308929;86.5666007945519;89.03339920544809;0.9781863562470896;0.978827612531294;0.0062404358955296816;0.0063795981774594996;0.974318494006749;0.9820542184874302;0.9780144495825475;0.9786682302531335;0.006337421796849574;0.006479885649495893;0.9740864748577841;0.9819424243073108;1.0234949494949495;1.0227272727272727;0.007046451904353249;0.0068846963122098145;1.0191275133565945;1.0278623856333045;17.06490605758055;17.20272309267591;2.7425319146241596;0.1607118085133481;15.365067166021252;18.76474494913985;90.9;91.5;1.6401219466856725;0.018043145728115207;89.88344188557663;91.91655811442338;96.4;97.5;2.65329983228432;0.027523857181372614;94.75546772606921;98.0445322739308;0.2949619576704504;0.29969401525212136;0.037537562142280885;0.12726238474529028;0.27169593561122585;0.318227979729675;1.0;1.0;0.0;0.0;1.0;1.0;ok
0.46;0.85;2;100.0;100.0;0.0;0.0;100.0;100.0;4838.7;4841.0;33.71068080000759;0.0069668879657775;4817.805903570626;4859.594096429374;96.77399999999999;96.82;0.6742136160001526;0.00696688796577751;96.3561180714125;97.19188192858748;99.0;99.0;0.0;0.0;99.0;99.0;88.2;89.0;1.8867962264113207;0.02139224746498096;87.03055158301018;89.36944841698983;0.97910034133731;0.9794192930015144;0.0060169112159672;0.006145346867869503;0.975371021128702;0.9828296615459181;0.9789396977000686;0.9792711260113137;0.006111050977299123;0.00624252034283265;0.9751520290628787;0.9827273663372585;1.0224848484848486;1.022020202020202;0.006810238545456076;0.006660478691246829;1.0182638189031568;1.0267058780665403;16.616777761849658;16.90731159367973;2.9315120818524254;0.17641880537048904;14.799807749126355;18.43374777457296;90.7;91.0;1.7916472867168918;0.019753553326536843;89.58952550682153;91.81047449317848;97.5;98.0;1.8027756377319946;0.01849000654084097;96.38262808340285;98.61737191659715;0.29751890601450437;0.3020573356120737;0.033870003582911805;0.1138415169530793;0.27652606030121163;0.3185117517277971;1.0;1.0;0.0;0.0;1.0;1.0;ok
0.46;0.9;2;100.0;100.0;0.0;0.0;100.0;100.0;4843.4;4844.5;33.47297417320427;0.006911048885742304;4822.653235664326;4864.146764335674;96.868;96.89;0.6694594834640837;0.0069110488857422854;96.45306471328651;97.28293528671348;99.0;99.0;0.0;0.0;99.0;99.0;88.6;89.0;2.0591260281974;0.023240700092521445;87.32374046526577;89.87625953473422;0.9799530729665769;0.9800394201016238;0.005997209493992775;0.006119894573969381;0.976235964011761;0.9836701819213927;0.9798037243923483;0.9799005328463923;0.0060848224514536975;0.006210246297264653;0.976032312363901;0.9835751364207956;1.0215353535353535;1.0213131313131312;0.0067622170046877;0.006619660280268187;1.0173440880129951;1.025726619057712;18.372748409662886;18.748597952730172;2.302073237300431;0.1252982507554334;16.945908634667102;19.79958818465867;91.7;92.0;1.004987562112089;0.010959515399259422;91.07710225558283;92.32289774441718;95.0;96.0;4.123105625617661;0.043401111848606955;92.44447265716056;97.55552734283944;0.30301573151500544;0.3094833418124313;0.035901863338960414;0.11848184633668943;0.28076352607754373;0.32526793695246714;1.0;1.0;0.0;0.0;1.0;1.0;ok
0.46;0.95;2;100.0;100.0;0.0;0.0;100.0;100.0;4847.7;4848.5;31.793238274828187;0.006558417037941331;4827.994346760383;4867.405653239616;96.95400000000001;96.97;0.6358647654965649;0.0065584170379413415;96.55988693520769;97.34811306479233;99.0;99.0;0.0;0.0;99.0;99.0;88.7;89.0;2.1470910553583886;0.02420621257450269;87.3692191765734;90.03078082342661;0.9807475869303067;0.9808406750380024;0.005694377227686368;0.005806159814789346;0.9772181753587527;0.9842769985018608;0.9806058022744717;0.9807015434333438;0.005779890420989682;0.005894203774425444;0.9770233890765944;0.984188215472349;1.0206666666666666;1.0205050505050504;0.006422876419157217;0.006292824708514583;1.0166857266182592;1.024647606715074;18.606801129818898;18.60361744978477;1.7078520685046321;0.09178644177411353;17.548263450970406;19.66533880866739;91.9;92.0;0.7000000000000001;0.007616974972796518;91.46613550502491;92.3338644949751;95.0;96.0;4.795831523312719;0.05048243708750231;92.0275128259318;97.9724871740682;0.3080605531109906;0.3128212423293848;0.03287665506873997;0.10672140505082744;0.28768339118546277;0.3284377150365185;1.0;1.0;0.0;0.0;1.0;1.0;ok
0.46;1.0;2;100.0;100.0;0.0;0.0;100.0;100.0;4851.4;4852.5;32.1689291086912;0.006630854827202705;4831.461491169097;4871.338508830902;97.02799999999999;97.05000000000001;0.6433785821738233;0.006630854827202697;96.62922982338193;97.42677017661805;99.0;99.0;0.0;0.0;99.0;99.0;89.0;89.5;2.0;0.02247191011235955;87.760387157214;90.239612842786;0.9814084408824387;0.9815376482121327;0.00578125882655959;0.005890777565924886;0.9778251795380021;0.9849917022268754;0.9812759979754679;0.9814121009679082;0.005866595514942305;0.005978537666310036;0.9776398444035913;0.9849121515473446;1.019919191919192;1.0196969696969695;0.006498773557311318;0.006371851425878664;1.0158912103371913;1.0239471735011925;19.23701692744348;19.486359432069595;2.017568446185996;0.10487948593046865;17.9865150488975;20.487518805989463;92.1;92.0;0.8306623862918076;0.009019135573200951;91.5851501189667;92.6148498810333;95.4;97.0;4.715930449020639;0.049433233218245685;92.47703602485423;98.32296397514578;0.31296057484989753;0.3122121121089311;0.03560606080003412;0.11377171331280796;0.29089170972552675;0.3350294399742683;1.0;1.0;0.0;0.0;1.0;1.0;ok
0.51;0.0;2;100.0;100.0;0.0;0.0;100.0;100.0;4614.1;4623.5;51.63419409654808;0.011190523416603038;4582.096794935507;4646.1032050644935;92.28200000000001;92.47;1.0326838819309632;0.011190523416603055;91.64193589871014;92.92206410128988;98.4;98.5;0.66332495807108;0.006741107297470325;97.98886693151731;98.8111330684827;75.1;75.0;1.5779733838059498;0.021011629611264314;74.12196196392982;76.07803803607017;0.9369317354681979;0.9392947578902406;0.009823248000755673;0.010484486359987432;0.9308432232783935;0.9430202476580022;0.9368595639840214;0.9392937924467482;0.009842362859491931;0.010505697158747048;0.9307592042820283;0.9429599236860144;1.0678585858585858;1.065959595959596;0.010431150322534973;0.009768288105440533;1.061393291906163;1.0743238798110086;47.93693157206138;48.08357326230205;9.71566441308591;0.20267597642291307;41.91510038073126;53.958762763391505;93.2;93.0;0.8717797887081347;0.009353860393864105;92.65966528891806;93.74033471108194;62.3;62.0;7.59012516365837;0.12183186458520659;57.59559168438793;67.00440831561207;0.2346320547539245;0.23327312849366547;0.028015381817321213;0.11940134031005677;0.21726794120577206;0.25199616830207694;1.0;1.0;0.0;0.0;1.0;1.0;ok
0.51;0.05;2;100.0;100.0;0.0;0.0;100.0;100.0;4670.8;4681.5;47.13554921712486;0.010091536614097127;4641.58508391934;4700.01491608066;93.416;93.63;0.9427109843424956;0.01009153661409711;92.8317016783868;94.00029832161319;98.9;99.0;0.30000000000000004;0.003033367037411527;98.71405807358211;99.0859419264179;77.7;78.0;1.676305461424021;0.021574072862600012;76.66101511079323;78.73898488920678;0.9474288853785688;0.9492441917867687;0.008940363687650926;0.009436448292452663;0.941887590555374;0.9529701802017637;0.9473006944996039;0.9491549585275243;0.008971364274152141;0.009470450434844364;0.9417401853138286;0.9528612036853791;1.0564040404040402;1.0542424242424242;0.009522333175176746;0.009013912112201655;1.0505020371554221;1.0623060436526583;45.27461601924789;47.99191484999238;9.838733983099335;0.21731236724164665;39.17650551814537;51.372726520350405;93.8;94.0;1.2489995996796797;0.01331556076417569;93.02586202780124;94.57413797219876;64.6;63.0;4.431703961232067;0.0686022285020444;61.85320142711556;67.34679857288444;0.2548899911021412;0.2472528887456543;0.03756934392298698;0.14739434750080846;0.23160427049115173;0.2781757117131307;1.0;1.0;0.0;0.0;1.0;1.0;ok
0.51;0.1;2;100.0;100.0;0.0;0.0;100.0;100.0;4716.4;4729.5;44.29717823970281;0.009392158900793575;4688.944324477441;4743.855675522558;94.328;94.59;0.8859435647940558;0.00939215890079357;93.77888648954884;94.87711351045117;99.0;99.0;0.0;0.0;99.0;99.0;80.4;80.5;1.9595917942265424;0.02437303226649928;79.18543242262936;81.61456757737065;0.9559490811439272;0.9582091683302676;0.00828561781671725;0.008667425891348047;0.9508136020159176;0.9610845602719368;0.9557942102956731;0.9581050801940776;0.008329799127131403;0.008715055016450242;0.9506313473077632;0.960957073283583;1.0471919191919192;1.0445454545454544;0.0089489248969097;0.008545639756096731;1.0416453180762508;1.0527385203075876;53.443816072466674;52.91448758853339;9.671663339016225;0.18096880144003974;47.44925702939313;59.43837511554022;95.0;95.0;0.7745966692414834;0.008153649149910352;94.5199000104145;95.4800999895855;62.3;63.0;5.478138369920935;0.08793159502280795;58.90461466104361;65.69538533895638;0.24110520171831942;0.241343995296253;0.031895686613015534;0.13228950012567092;0.22133605034083356;0.26087435309580526;1.0;1.0;0.0;0.0;1.0;1.0;ok
0.51;0.15;2;100.0;100.0;0.0;0.0;100.0;100.0;4752.7;4765.0;37.738706920084056;0.007940477396024166;4729.309307115863;4776.090692884137;95.054;95.30000000000001;0.7547741384016816;0.007940477396024171;94.58618614231727;95.52181385768273;99.0;99.0;0.0;0.0;99.0;99.0;81.9;82.5;2.3853720883753127;0.029125422324484892;80.42153106221335;83.37846893778666;0.9627844356632768;0.9648827827829773;0.0070240163098693595;0.0072955233276391805;0.9584309052504506;0.9671379660761029;0.9626210460645691;0.9647506210108638;0.007064011290770015;0.007338309628331341;0.9582427265057571;0.9669993656233811;1.0398585858585858;1.0373737373737373;0.0076239811959765685;0.00733174808542032;1.03513319335674;1.0445839783604316;44.16718715248522;43.74293280379433;13.461986974137842;0.3047961131792464;35.823361181205634;52.511013123764805;94.6;95.0;1.4966629547095764;0.015820961466274593;93.67235869000997;95.52764130999002;69.3;68.0;9.706183596038146;0.1400603693511998;63.28404507995613;75.31595492004386;0.2515604361961505;0.256502521476093;0.043820911346028696;0.1741963561863917;0.22439995395258844;0.27872091843971253;1.0;1.0;0.0;0.0;1.0;1.0;ok
0.51;0.2;2;100.0;100.0;0.0;0.0;100.0;100.0;4777.1;4786.5;37.44983311044256;0.007839449270570547;4753.888352958052;4800.311647041949;95.54199999999999;95.72999999999999;0.7489966622088515;0.007839449270570552;95.07776705916102;96.00623294083896;99.0;99.0;0.0;0.0;99.0;99.0;83.4;84.0;2.576819745345025;0.030897119248741303;81.80287057506288;84.99712942493713;0.9673341270669715;0.9688490242352737;0.006947087484242497;0.007181683443038011;0.963028277634259;0.971639976499684;0.9671735674196633;0.9687168223976296;0.00699300250480132;0.00723034907111663;0.9628392595623702;0.9715078752769565;1.034929292929293;1.0330303030303032;0.007565622850594467;0.007310279941135414;1.030240071304657;1.0396185145539292;38.668959820383925;39.66996234280928;9.571778527304604;0.24753131637792192;32.736310025008876;44.601609615758974;94.6;95.0;1.42828568570857;0.015098157354213214;93.71473936041411;95.48526063958587;72.0;71.0;6.54217089351845;0.09086348463220069;67.94512047034686;76.05487952965314;0.26183608086651844;0.26943506969619246;0.040919274228046254;0.1562782107516592;0.2364740519412342;0.2871981097918027;1.0;1.0;0.0;0.0;1.0;1.0;ok
0.51;0.25;2;100.0;100.0;0.0;0.0;100.0;100.0;4796.5;4806.5;36.76207284688936;0.007664353767724249;4773.7146311857805;4819.2853688142195;95.92999999999999;96.13;0.7352414569377899;0.007664353767724277;95.4742926237156;96.38570737628439;99.0;99.0;0.0;0.0;99.0;99.0;85.0;85.5;2.7202941017470885;0.03200346002055398;83.31394424765965;86.68605575234035;0.9709476658398579;0.9725904239367857;0.006756321701435463;0.0069584818411312895;0.9667600542643113;0.9751352774154045;0.9707971201221485;0.9724711828623669;0.006810988277634813;0.007015871943231388;0.9665756258516379;0.975018614392659;1.0310101010101014;1.0289898989898991;0.007426681383209959;0.0072033061324364225;1.026406996199148;1.0356132058210548;27.22259992147434;28.02893148254024;10.009468602566574;0.3676896634208212;21.018667006871937;33.426532836076746;92.9;94.0;1.9209372712298545;0.02067747331786711;91.70939074419859;94.09060925580143;83.6;81.5;8.522910301065007;0.10194868781178239;78.31744546644333;88.88255453355666;0.2729029931102516;0.28168804992655805;0.03468542973067072;0.12709801873319124;0.25140474103440613;0.2944012451860971;1.0;1.0;0.0;0.0;1.0;1.0;ok
0.51;0.3;2;100.0;100.0;0.0;0.0;100.0;100.0;4812.8;4823.0;34.88208709352122;0.007247774080269535;4791.179858427846;4834.4201415721545;96.256;96.46000000000001;0.6976417418704249;0.007247774080269541;95.82359716855692;96.68840283144309;99.0;99.0;0.0;0.0;99.0;99.0;85.9;86.5;2.6627053911388696;0.03099773447193096;84.24963810029436;87.55036189970565;0.974004807832236;0.9756376610694142;0.006349967089731188;0.006519441216993373;0.9700690574543863;0.9779405582100856;0.973866507589808;0.9755394260726893;0.006411735945672858;0.006583793462146125;0.9698924724784036;0.9778405427012123;1.0277171717171716;1.0256565656565657;0.007046886281519419;0.006856834229737602;1.0233494663490597;1.0320848770852835;26.43191704260706;27.481753747803737;6.964955716233552;0.26350550756520447;22.114992764967607;30.748841320246516;93.2;94.0;1.5362291495737215;0.01648314538169229;92.2478353083631;94.15216469163691;85.1;84.0;8.537564055396599;0.10032390194355581;79.8083629754111;90.39163702458889;0.2781135286756348;0.2864620557349894;0.03058463972197838;0.10997177975347397;0.2591569725799611;0.29707008477130853;1.0;1.0;0.0;0.0;1.0;1.0;ok
0.51;0.35;2;100.0;100.0;0.0;0.0;100.0;100.0;4822.9;4831.5;33.85395102495424;0.00701941799020387;4801.917103765209;4843.882896234791;96.458;96.63;0.6770790204990859;0.00701941799020388;96.03834207530419;96.87765792469581;99.0;99.0;0.0;0.0;99.0;99.0;86.7;87.5;2.5709920264364885;0.029653887271470454;85.10648263266447;88.29351736733554;0.9758765598977881;0.9773714237804467;0.006178503858932736;0.006331235027901339;0.9720470835314201;0.9797060362641561;0.9757506572500272;0.9772585853334226;0.006238224038618133;0.006393256301973102;0.9718841659328035;0.9796171485672509;1.0256767676767677;1.023939393939394;0.006839182025243279;0.006667970105956989;1.0214377987404464;1.029915736613089;26.674834021343536;25.320919827363284;8.708716340809096;0.3264768708154257;21.27711571121989;32.072552331467186;93.3;93.0;1.4177446878757827;0.015195548637468196;92.42127273855877;94.17872726144122;85.9;86.5;7.8797208072367635;0.0917313248805211;81.0160984448906;90.78390155510941;0.2843729709307315;0.28689606355968816;0.033950626489016894;0.11938767027646485;0.26333015462252346;0.30541578723893953;1.0;1.0;0.0;0.0;1.0;1.0;ok
0.51;0.4;2;100.0;100.0;0.0;0.0;100.0;100.0;4834.8;4840.0;33.349062955351535;0.006897713029567207;4814.130036632834;4855.469963367166;96.696;96.80000000000001;0.6669812591070297;0.0068977130295671965;96.28260073265668;97.10939926734332;99.0;99.0;0.0;0.0;99.0;99.0;87.9;88.0;2.071231517720798;0.02356349849511715;86.61623740512508;89.18376259487493;0.9780801527117708;0.978955110202229;0.006122476841758241;0.00625968825232104;0.9742854022504192;0.9818749031731225;0.9779658542272622;0.9788522751131177;0.0061805554511043855;0.006319806999793402;0.9741351062708922;0.9817966021836323;1.0232727272727273;1.0222222222222221;0.006737184435424552;0.006583957781598264;1.0190969770975422;1.0274484774479125;25.4619734627286;25.3612125005453;6.642188982811078;0.2608670138052715;21.34510207907644;29.57884484638076;93.2;93.5;1.5999999999999999;0.017167381974248924;92.2083097257712;94.1916902742288;89.1;90.5;6.007495318350236;0.06742418988047404;85.37651582519811;92.82348417480188;0.29660397237742;0.2871858530534749;0.03305555915940268;0.11144678506645364;0.2761159245476859;0.31709202020715405;1.0;1.0;0.0;0.0;1.0;1.0;ok
0.51;0.45;2;100.0;100.0;0.0;0.0;100.0;100.0;4844.4;4846.0;31.401273859510862;0.006481973796447623;4824.937288821955;4863.862711178044;96.888;96.91999999999999;0.6280254771902173;0.0064819737964476225;96.49874577643911;97.2772542235609;99.0;99.0;0.0;0.0;99.0;99.0;88.7;89.0;2.1931712199461306;0.024725718375942847;87.34065839466307;90.05934160533694;0.9798640401255805;0.9800117920089579;0.005763686461756126;0.005882128770658269;0.9762916702456881;0.9834364100054729;0.979762313941194;0.9799244472959836;0.005819282908126057;0.005939484327293012;0.9761554850268349;0.983369142855553;1.0213333333333332;1.0210101010101011;0.006343691688790039;0.0062111863793636165;1.0174014724892837;1.0252651941773827;22.972457159705613;23.556013621715042;3.5425613298662038;0.15420907329321148;20.776754899276007;25.16815942013522;92.9;93.0;1.4456832294800959;0.015561713987945057;92.00395625106808;93.79604374893194;92.4;92.0;3.7735924528226414;0.040839745160418196;90.06110316602036;94.73889683397965;0.2977418150120045;0.28303686665284516;0.0310805024257742;0.10438742849915483;0.27847792002838884;0.3170057099956201;1.0;1.0;0.0;0.0;1.0;1.0;ok
0.51;0.5;2;100.0;100.0;0.0;0.0;100.0;100.0;4851.4;4854.0;30.614375708153844;0.006310420849271106;4832.425013349148;4870.3749866508515;97.028;97.08;0.6122875141630747;0.006310420849271083;96.64850026698298;97.40749973301703;99.0;99.0;0.0;0.0;99.0;99.0;89.3;90.0;1.9519221295943134;0.02185803056656566;88.09018613001834;90.50981386998166;0.9811905866504121;0.9815512152461846;0.005630109609820766;0.005738038752533115;0.9777010085610988;0.9846801647397255;0.9810943247001905;0.9814670744851571;0.005684718395919515;0.005794262847924118;0.9775708997345887;0.9846177496657924;1.019919191919192;1.0193939393939393;0.006184722365283588;0.006063933706008351;1.0160858612826562;1.0237525225557276;23.891712360303934;21.900927489238263;4.754140949793332;0.19898703274581248;20.9450652714146;26.83835944919327;93.2;93.0;1.16619037896906;0.012512772306534978;92.47718771454824;93.92281228545177;92.0;91.0;5.366563145999495;0.058332208108690164;88.67376970129848;95.32623029870152;0.3061212947549965;0.3042726841496969;0.03251525662138062;0.10621690545051475;0.28596812990782344;0.32627445960216955;1.0;1.0;0.0;0.0;1.0;1.0;ok
0.51;0.55;2;100.0;100.0;0.0;0.0;100.0;100.0;4857.1;4858.5;29.673051747334654;0.006109211617494935;4838.708451984676;4875.491548015325;97.14200000000001;97.17;0.5934610349466919;0.006109211617494923;96.77416903969352;97.5098309603065;99.0;99.0;0.0;0.0;99.0;99.0;89.8;90.5;2.2271057451320084;0.024800732128418802;88.41962555804594;91.18037444195406;0.9822589798402597;0.9824618513425636;0.005483516242226315;0.00558255648944851;0.9788602612615149;0.9856576984190044;0.9821702388431144;0.9823759994551615;0.005533300636647242;0.0056337490363838;0.9787406635770224;0.9855998141092064;1.0187676767676765;1.0184848484848485;0.005994555908552417;0.005884124560735781;1.0150522125221564;1.0224831410131967;23.73250689797692;22.674576348816462;5.306597671108844;0.22360038465052362;20.443443585674505;27.021570210279332;93.1;93.0;1.445683229480096;0.0155282838827078;92.20395625106806;93.99604374893192;93.7;93.5;4.1;0.043756670224119526;91.1587936722887;96.24120632771131;0.3114463021908151;0.31137619382018333;0.032664633966721965;0.10488046811584614;0.29120055230578884;0.33169205207584135;1.0;1.0;0.0;0.0;1.0;1.0;ok
0.51;0.6;2;100.0;100.0;0.0;0.0;100.0;100.0;4862.9;4865.0;26.849394779026213;0.005521272240643693;4846.258572705444;4879.541427294555;97.258;97.3;0.5369878955805242;0.005521272240643692;96.92517145410888;97.59082854589111;99.0;99.0;0.0;0.0;99.0;99.0;90.0;90.5;2.1447610589527217;0.02383067843280802;88.67066332330745;91.32933667669255;0.983361570666897;0.9836427244951771;0.004954243664975574;0.005038069223729885;0.9802908986301996;0.9864322427035944;0.9832800569298377;0.9835712617209995;0.004999786334477874;0.005084803967334645;0.9801811572541353;0.98637895660554;1.0175959595959596;1.0171717171717172;0.005424120157379026;0.0053303279226193994;1.0142340550920088;1.0209578640999104;23.38860695711683;21.691608345667227;7.746622851939804;0.3312135205890325;18.58720036937477;28.190013544858893;92.9;93.0;1.6401219466856725;0.017654703408887754;91.88344188557663;93.91655811442338;95.1;95.0;4.414748010928823;0.046422166255823585;92.36371083399433;97.83628916600566;0.3181706756666498;0.3193288937544467;0.03320955910239498;0.10437655523348395;0.29758717768335496;0.33875417364994465;1.0;1.0;0.0;0.0;1.0;1.0;ok
0.51;0.65;2;100.0;100.0;0.0;0.0;100.0;100.0;4867.0;4870.0;27.272696969680133;0.005603595021508144;4850.096207289487;4883.903792710513;97.34;97.4;0.5454539393936033;0.00560359502150815;97.00192414578974;97.67807585421026;99.0;99.0;0.0;0.0;99.0;99.0;90.1;90.5;2.211334438749598;0.024543112527742487;88.7294007150155;91.47059928498449;0.9841244535691137;0.9845804115119994;0.005024126740048089;0.0051051741696155825;0.9810104675537397;0.9872384395844878;0.9840491249292436;0.9845157626607433;0.005071776054010464;0.005153986651200103;0.9809056055631006;0.9871926442953866;1.0167676767676768;1.0161616161616163;0.005509635751450537;0.005418775475795779;1.0133527691493913;1.0201825843859622;24.313778401442644;24.85399663642982;5.053776668861258;0.20785649130377018;21.1814151697963;27.44614163308899;93.4;94.0;1.2806248474865698;0.013711186803924729;92.60626049613239;94.19373950386762;94.1;93.0;4.784349485562275;0.05084324639279782;91.13462946666019;97.0653705333398;0.32179635179762495;0.3272575867537645;0.03447958623749756;0.10714722539546219;0.3004256828406502;0.3431670207545997;1.0;1.0;0.0;0.0;1.0;1.0;ok
0.51;0.7;2;100.0;100.0;0.0;0.0;100.0;100.0;4871.6;4874.0;26.219077024182223;0.005382025828102106;4855.349247697414;4887.850752302586;97.43199999999999;97.47999999999999;0.5243815404836446;0.005382025828102109;97.10698495394827;97.7570150460517;99.0;99.0;0.0;0.0;99.0;99.0;90.5;91.0;2.202271554554524;0.024334492315519603;89.13501794883595;91.86498205116405;0.9849965997205198;0.9853699869792603;0.004825835777077273;0.004899342574833804;0.9820055157172992;0.9879876837237404;0.9849254553070604;0.9853061732270403;0.004872331573796836;0.004946903897694306;0.9819055529104653;0.9879453577036555;1.015838383838384;1.0153535353535355;0.005296783237208559;0.005214198755902943;1.0125554035752353;1.0191213641015326;23.642973644091562;23.036887288737425;3.773218366068372;0.15959153120366096;21.304308671484375;25.98163861669875;93.4;93.5;1.0198039027185568;0.010918671335316453;92.7679189925334;94.03208100746662;95.2;96.0;4.214261501141095;0.04426745274307873;92.58797366016344;97.81202633983656;0.3288429851853885;0.3312825413776539;0.037256505534090524;0.11329572839477417;0.30575116381669526;0.35193480655408177;1.0;1.0;0.0;0.0;1.0;1.0;ok
0.51;0.75;2;100.0;100.0;0.0;0.0;100.0;100.0;4874.7;4876.0;23.94180444327453;0.004911441615540348;4859.860715866323;4889.539284133677;97.494;97.52;0.4788360888654915;0.004911441615540356;97.19721431732646;97.79078568267354;99.0;99.0;0.0;0.0;99.0;99.0;90.6;91.0;2.1999999999999997;0.024282560706401765;89.23642587293538;91.9635741270646;0.9855703222602408;0.9857415387230288;0.004431603460847241;0.004496486309250971;0.9828235859781402;0.9883170585423413;0.985504012857163;0.9856812444987456;0.0044707282317822195;0.004536489119735526;0.9827330267908014;0.9882749989235247;1.0152121212121212;1.014949494949495;0.004836728170358471;0.00476425376460598;1.0122142860336005;1.018209956390642;23.044957473845066;24.104606536133883;3.170372443129694;0.13757336921658095;21.079940275385862;25.00997467230427;93.3;94.0;1.1874342087037917;0.01272705475566765;92.56402065246367;94.03597934753633;95.8;97.0;4.044749683231337;0.04222076913602648;93.2930381734059;98.30696182659409;0.33263004800002227;0.332958879676659;0.033595711029893116;0.10100022902889058;0.3118072105724308;0.3534528854276137;1.0;1.0;0.0;0.0;1.0;1.0;ok
0.51;0.8;2;100.0;100.0;0.0;0.0;100.0;100.0;4877.8;4878.0;23.072927859289987;0.004730191450918444;4863.499251152475;4892.100748847525;97.556;97.56;0.46145855718579976;0.004730191450918445;97.26998502304949;97.84201497695051;99.0;99.0;0.0;0.0;99.0;99.0;90.7;91.0;2.238302928559939;0.024678091825357653;89.31268547185579;92.08731452814422;0.9861494890756001;0.9861255143521377;0.004275507788832972;0.004335557475003877;0.9834995018933655;0.9887994762578346;0.9860870360535875;0.9860663402743012;0.00431400920692324;0.004374876708843378;0.983413185445188;0.988760886661987;1.0145858585858585;1.0145454545454546;0.00466119754733128;0.00459418737989125;1.0116968184146413;1.0174748987570756;23.540530793732977;21.957727301103414;5.415021622733924;0.23002971641470063;20.184265619980536;26.896795967485417;93.3;93.0;1.345362404707371;0.014419747102972892;92.46613574246163;94.13386425753836;96.3;98.0;4.220189569201839;0.043823360012480155;93.68429940551293;98.91570059448706;0.3357421756371289;0.333001138308748;0.0337657825648543;0.10057057175130854;0.3148139267800723;0.35667042449418546;1.0;1.0;0.0;0.0;1.0;1.0;ok
0.51;0.85;2;100.0;100.0;0.0;0.0;100.0;100.0;4881.5;4881.0;21.9692967570653;0.004500521716084257;4867.883288796483;4895.116711203517;97.63;97.62;0.43938593514130503;0.004500521716084247;97.35766577592965;97.90233422407034;99.0;99.0;0.0;0.0;99.0;99.0;90.9;91.0;1.9723082923316018;0.021697560971744793;89.67755065544621;92.1224493445538;0.9868340944198636;0.9867006395976546;0.004084358373080006;0.004138850082476228;0.9843025828729584;0.9893656059667688;0.986776619188603;0.9866448845187259;0.00412127300499764;0.004176500461053121;0.9842222277157918;0.9893310106614143;1.0138383838383838;1.0139393939393941;0.004438241769104091;0.00437766200200563;1.0110875330901985;1.016589234586569;24.841358074900818;22.809038438339464;4.842637208432858;0.19494253067129033;21.839860436637448;27.842855713164187;93.7;93.5;1.004987562112089;0.010725587642605004;93.07710225558283;94.32289774441718;95.8;96.0;3.6;0.03757828810020877;93.5686968829852;98.0313031170148;0.3371054421287156;0.3338797545044959;0.03555228758653897;0.10546340445303219;0.31506990598736806;0.3591409782700632;1.0;1.0;0.0;0.0;1.0;1.0;ok
0.51;0.9;2;100.0;100.0;0.0;0.0;100.0;100.0;4883.8;4882.5;21.141428523162762;0.004328889087014775;4870.696406843923;4896.9035931560775;97.67600000000002;97.65;0.42282857046325617;0.004328889087014785;97.41392813687847;97.93807186312156;99.0;99.0;0.0;0.0;99.0;99.0;91.2;91.0;1.7204650534085253;0.018864748392637336;90.13364471211514;92.26635528788486;0.9872632150633864;0.9869108496948255;0.003950516460702417;0.00400148248250977;0.9848146595932243;0.9897117705335485;0.98720880155396;0.9868643994354316;0.003984018898597275;0.004035639565131564;0.9847394810576583;0.9896781220502616;1.0133737373737373;1.0136363636363637;0.004270995661245003;0.004214630302452607;1.010726546837156;1.0160209279103185;24.69419892443789;22.56059945238659;4.822419160555729;0.19528550714732287;21.705232562076798;27.683165286798985;93.7;93.5;1.004987562112089;0.010725587642605004;93.07710225558283;94.32289774441718;96.1;96.5;3.6180105030251086;0.03764839233116658;93.85753385755771;98.34246614244228;0.3418583577539354;0.3375544407636786;0.03650692997892488;0.10678963714323471;0.3192311281276531;0.36448558738021775;1.0;1.0;0.0;0.0;1.0;1.0;ok
0.51;0.95;2;100.0;100.0;0.0;0.0;100.0;100.0;4885.9;4885.0;21.51952601708504;0.004404413929283252;4872.562059589277;4899.237940410722;97.718;97.7;0.43039052034169817;0.004404413929283224;97.45124119178554;97.98475880821447;99.0;99.0;0.0;0.0;99.0;99.0;91.3;91.5;1.7349351572897473;0.019002575654871276;90.22467604881133;92.37532395118866;0.987654382844257;0.9874513552990204;0.004025115870565728;0.004075429563704419;0.9851595901808294;0.9901491755076846;0.9876029047645316;0.9874006901338701;0.004058307261479963;0.004109250025391088;0.9850875398638804;0.9901182696651828;1.012949494949495;1.0131313131313133;0.004347378993350491;0.0042918023208721266;1.0102549615331873;1.0156440283658028;24.236381325485922;23.91583859812684;3.6747756872705932;0.15162229203772923;21.958731757336725;26.51403089363512;93.7;94.0;0.9;0.0096051227321238;93.1421742207463;94.25782577925371;96.4;96.0;3.352610922848042;0.034778121606307486;94.32203022158647;98.47796977841354;0.34425180956025403;0.34579214993024643;0.037833616138800284;0.10990099423770293;0.32080229133290766;0.3677013277876004;1.0;1.0;0.0;0.0;1.0;1.0;ok
0.51;1.0;2;100.0;100.0;0.0;0.0;100.0;100.0;4888.5;4886.0;20.5924743535108;0.0042124321066811495;4875.736652163323;4901.263347836677;97.77000000000001;97.72;0.4118494870702155;0.004212432106681144;97.51473304326647;98.02526695673355;99.0;99.0;0.0;0.0;99.0;99.0;91.5;91.5;1.8027756377319946;0.019702465986142018;90.38262808340285;92.61737191659715;0.9881358513595044;0.9876468533032117;0.0038637945566788352;0.003910185579607217;0.9857410466823315;0.9905306560366773;0.9880881746714387;0.9875962428958056;0.0038934853242930403;0.003940422954244656;0.9856749674658425;0.990501381877035;1.0124242424242427;1.012929292929293;0.004160095828992068;0.0041090440693426575;1.0098457883158232;1.0150026965326622;24.46501626625423;23.09754867425121;4.171956754575147;0.17052744658623942;21.879210679994646;27.050821852513817;93.7;93.5;1.004987562112089;0.010725587642605004;93.07710225558283;94.32289774441718;97.6;97.5;2.0591260281974;0.02109760274792418;96.32374046526577;98.87625953473422;0.34673650891214336;0.34911992490090565;0.04064185388773167;0.11721250241355337;0.3215464268952111;0.3719265909290756;1.0;1.0;0.0;0.0;1.0;1.0;ok
0.56;0.0;2;100.0;100.0;0.0;0.0;100.0;100.0;4721.1;4723.0;35.109685273439865;0.0074367594995742225;4699.338791614435;4742.861208385566;94.422;94.46000000000001;0.702193705468798;0.007436759499574231;93.98677583228869;94.85722416771131;99.0;99.0;0.0;0.0;99.0;99.0;80.5;80.5;1.284523257866513;0.01595681065672687;79.70384423634567;81.29615576365433;0.9561966870690318;0.9564885665808587;0.006841770715817932;0.007155191822290842;0.9519561136456692;0.9604372604923944;0.9561489641877632;0.9564392635057717;0.006856467926701186;0.007170920205436473;0.9518992813387186;0.9603986470368078;1.0462424242424242;1.045858585858586;0.007092865711806039;0.0067793711547702975;1.0418462205281687;1.0506386279566797;47.978168253915555;50.34578648044699;10.34227910381418;0.2155621917260281;41.56795725353286;54.38837925429825;94.2;95.0;1.0770329614269007;0.011433470928098734;93.53244805445568;94.86755194554432;71.8;72.0;4.06939798987516;0.05667685222667354;69.2777609946716;74.3222390053284;0.25272518435533436;0.25782162378733087;0.030924007122090508;0.12236219038072207;0.23355828616585972;0.271892082544809;1.0;1.0;0.0;0.0;1.0;1.0;ok
0.56;0.05;2;100.0;100.0;0.0;0.0;100.0;100.0;4766.9;4769.0;34.27666844954451;0.007190557479608239;4745.655100791013;4788.144899208986;95.338;95.38;0.6855333689908888;0.007190557479608224;94.91310201582026;95.76289798417973;99.0;99.0;0.0;0.0;99.0;99.0;82.9;82.5;2.211334438749598;0.026674721818451118;81.52940071501551;84.2705992849845;0.9649011673869319;0.9652764700167042;0.006568660331708275;0.006807599113489515;0.9608298695333896;0.9689724652404742;0.9648329474895212;0.9652320345999874;0.006584133767953631;0.006824117879769171;0.9607520591008331;0.9689138358782093;1.0369898989898991;1.0365656565656565;0.006924579484756413;0.006677576600795668;1.032698000159801;1.0412817978199973;53.01646736610852;52.77321761229851;9.55902253206464;0.1803028946846687;47.09172381849446;58.941210913722585;95.1;95.0;0.8306623862918076;0.00873462025543436;94.5851501189667;95.6148498810333;73.0;74.0;3.3466401061363023;0.045844385015565786;70.92573097212536;75.07426902787464;0.2584118343487577;0.2635446260107288;0.03183702301365557;0.1232026508920938;0.2386790430468572;0.27814462565065823;1.0;1.0;0.0;0.0;1.0;1.0;ok
0.56;0.1;2;100.0;100.0;0.0;0.0;100.0;100.0;4800.2;4805.5;29.06475528883737;0.006054905064130114;4782.185478035763;4818.214521964237;96.00399999999999;96.11;0.5812951057767481;0.0060549050641301215;95.64370956071524;96.36429043928474;99.0;99.0;0.0;0.0;99.0;99.0;85.1;85.0;2.7367864366808017;0.03215965260494479;83.40372219256396;86.79627780743603;0.9712680742393166;0.9721639831198938;0.005479379001833029;0.005641469278318862;0.9678719199487346;0.9746642285298986;0.9711916750732584;0.9721012136477937;0.00550303061464129;0.005666266254008188;0.9677808613611815;0.9746024887853354;1.030262626262626;1.0291919191919192;0.005871667735118665;0.005699195123110201;1.0266233288961133;1.0339019236291387;53.730639456195476;57.74395653313178;10.717823428799312;0.199473215604239;47.0876636716693;60.373615240721655;95.6;96.0;0.66332495807108;0.006938545586517574;95.1888669315173;96.01113306848269;73.1;72.0;6.024118192731613;0.08240927760234766;69.36621286091453;76.83378713908546;0.27866181239910903;0.27319945384754685;0.028864202844403376;0.10358147962901738;0.26077159412775763;0.29655203067046043;1.0;1.0;0.0;0.0;1.0;1.0;ok
0.56;0.15;2;100.0;100.0;0.0;0.0;100.0;100.0;4825.9;4830.5;27.75770163396098;0.00575181865226403;4808.695598284159;4843.10440171584;96.518;96.61000000000001;0.5551540326792223;0.005751818652264057;96.1739119656832;96.8620880343168;99.0;99.0;0.0;0.0;99.0;99.0;87.0;87.5;2.5298221281347035;0.029078415265916133;85.432;88.568;0.9761469957164046;0.9768623898833646;0.0052244070481629774;0.005352069996720862;0.9729088746799823;0.9793851167528269;0.9760719931892256;0.9767999577429286;0.005252411145890339;0.005381171862875164;0.9728165150332065;0.9793274713452446;1.0250707070707072;1.0241414141414142;0.005607616491709291;0.005470467991163159;1.0215950703604366;1.0285463437809779;41.38497162986398;40.94128030194065;11.19853238497656;0.27059417812662073;34.44404934747802;48.325893912249946;95.0;95.0;0.8944271909999159;0.009415023063157009;94.44562828354975;95.55437171645025;81.0;80.5;6.899275324264136;0.08517623857116217;76.7237848510628;85.2762151489372;0.2866815694215744;0.2784083589587183;0.03880955539424735;0.13537513232033643;0.26262715777681245;0.3107359810663364;1.0;1.0;0.0;0.0;1.0;1.0;ok
0.56;0.2;2;100.0;100.0;0.0;0.0;100.0;100.0;4843.2;4845.0;26.820887382784335;0.005537844272956792;4826.576241772692;4859.823758227308;96.864;96.9;0.536417747655687;0.005537844272956794;96.53152483545384;97.19647516454617;99.0;99.0;0.0;0.0;99.0;99.0;87.7;88.0;2.41039415863879;0.027484540007283804;86.2060222223875;89.1939777776125;0.9794459407486868;0.9796498536137651;0.005027905199334598;0.005133417772390047;0.976329612819984;0.9825622686773897;0.9793768038723993;0.9795924021096173;0.005058977553051112;0.005165506813157313;0.9762412170993352;0.9825123906454635;1.0215757575757576;1.021212121212121;0.005418361087431182;0.005303924889808644;1.0182174225803418;1.0249340925711734;43.03161879338664;44.2566680280086;15.963871256998853;0.37098003060605933;33.137108878007574;52.92612870876571;95.1;95.5;1.445683229480096;0.015201716398318571;94.20395625106806;95.99604374893192;81.6;78.0;9.799999999999999;0.12009803921568626;75.52589707034858;87.67410292965141;0.2987108901974018;0.29940140625614753;0.036610213810065406;0.1225606933375335;0.2760196445893525;0.32140213580545113;1.0;1.0;0.0;0.0;1.0;1.0;ok
0.56;0.25;2;100.0;100.0;0.0;0.0;100.0;100.0;4855.1;4856.5;24.969781737131786;0.00514300050197355;4839.623568938544;4870.576431061457;97.102;97.13;0.49939563474263315;0.005143000501973524;96.79247137877088;97.41152862122912;99.0;99.0;0.0;0.0;99.0;99.0;88.7;89.0;2.193171219946131;0.024725718375942854;87.34065839466307;90.05934160533694;0.98169776411519;0.9819067961456905;0.004688866059629174;0.004776282712485626;0.9787915748223802;0.9846039534079999;0.9816359936618939;0.9818453888459379;0.004716291560628452;0.004804521829965508;0.9787128058674548;0.984559181456333;1.0191717171717172;1.0188888888888887;0.0050444003509356955;0.004949509749872484;1.01604516544213;1.0222982689013043;44.0597640176877;42.97627467862899;18.684115220760273;0.4240629889270304;32.47922942581375;55.64029860956165;95.2;95.5;1.4000000000000001;0.014705882352941178;94.3322710100498;96.06772898995021;83.5;83.0;9.790301323248432;0.11724911764369379;77.43190837247822;89.56809162752178;0.304777593948425;0.2981647917927308;0.03745047791459435;0.12287805487739292;0.28156554725272265;0.3279896406441274;1.0;1.0;0.0;0.0;1.0;1.0;ok
0.56;0.3;2;100.0;100.0;0.0;0.0;100.0;100.0;4865.7;4865.5;24.116591799008418;0.004956448568347498;4850.75238154086;4880.647618459139;97.31400000000001;97.31;0.4823318359801685;0.004956448568347498;97.01504763081722;97.61295236918279;99.0;99.0;0.0;0.0;99.0;99.0;89.9;90.5;1.9723082923316018;0.02193891315163072;88.67755065544621;91.1224493445538;0.9837214461561887;0.9836354897473416;0.004530637898198968;0.00460561057797618;0.9809133276938785;0.9865295646184989;0.9836655790322931;0.9835792988108687;0.0045582925069964165;0.004633985984831101;0.9808403200658692;0.9864908379987171;1.017030303030303;1.017070707070707;0.004872038747274435;0.00479045583278876;1.0140105821294667;1.0200500239311392;32.19619144940358;31.30561310716933;8.726173880951551;0.27103124587467936;26.78765284379791;37.60473005500924;94.5;95.0;1.2041594578792296;0.012742428125706133;93.75365423562533;95.24634576437467;90.1;91.0;6.394528911499267;0.07097146405659564;86.13662991886955;94.06337008113044;0.31793705986981713;0.31533565690964044;0.029228355427061623;0.09193126287017153;0.29982113748936734;0.3360529822502669;1.0;1.0;0.0;0.0;1.0;1.0;ok
0.56;0.35;2;100.0;100.0;0.0;0.0;100.0;100.0;4873.6;4876.0;22.5619148123558;0.004629414562614042;4859.61598032038;4887.584019679621;97.47200000000001;97.52000000000001;0.45123829624711803;0.004629414562614063;97.19231960640761;97.75168039359241;99.0;99.0;0.0;0.0;99.0;99.0;90.5;91.0;2.0615528128088303;0.02277958909181028;89.22223632858028;91.77776367141972;0.9852460193728625;0.9856124675825414;0.004225718293987477;0.0042889980886979566;0.9826268920392511;0.9878651467064739;0.9851942046951739;0.985567732024606;0.004253415990766426;0.004317337607647077;0.9825579101512413;0.9878304992391066;1.0154343434343436;1.0149494949494948;0.00455796258835473;0.004488682717721612;1.0126092889536122;1.018259397915075;28.80323888261517;29.64286878873996;5.320900827991543;0.18473272570756236;25.505310381830668;32.10116738339967;94.3;94.5;0.7810249675906654;0.008282343240622115;93.81591570981904;94.78408429018096;92.7;93.5;5.692978130996113;0.06141292482196454;89.17145559755868;96.22854440244133;0.32399976769997885;0.32950545094851347;0.030605997147480943;0.09446302188655224;0.30502997413483424;0.34296956126512346;1.0;1.0;0.0;0.0;1.0;1.0;ok
0.56;0.4;2;100.0;100.0;0.0;0.0;100.0;100.0;4879.2;4882.5;22.05357113938693;0.004519915383543805;4865.53105499316;4892.86894500684;97.584;97.65;0.4410714227877407;0.004519915383543825;97.31062109986321;97.8573789001368;99.0;99.0;0.0;0.0;99.0;99.0;91.0;91.0;2.1908902300206643;0.024075716813413892;89.642072166866;92.357927833134;0.9862997443650168;0.9868428870901572;0.004140890347281746;0.0041984096325074745;0.9837331939374873;0.9888662947925463;0.9862537168901937;0.9868089565695365;0.004166871326945164;0.0042249486674523625;0.9836710632846347;0.9888363704957527;1.0143030303030303;1.0136363636363637;0.004455266896845863;0.004392441670528008;1.0115416272713456;1.017064433334715;27.524459772544816;25.842463728688706;5.831591459251515;0.21186942477499335;23.91000193916014;31.138917605929493;94.1;94.0;0.8306623862918076;0.00882744299991294;93.5851501189667;94.6148498810333;94.5;95.0;5.5362442142665635;0.05858459485996364;91.06860028559773;97.93139971440227;0.3323792456984273;0.3395558462487751;0.03264110428824311;0.09820439967499918;0.31214807965921554;0.3526104117376391;1.0;1.0;0.0;0.0;1.0;1.0;ok
0.56;0.45;2;100.0;100.0;0.0;0.0;100.0;100.0;4884.0;4885.5;21.0;0.0042997542997543;4870.984065150747;4897.015934849253;97.67999999999999;97.71000000000001;0.42000000000000137;0.0042997542997543145;97.41968130301493;97.94031869698506;99.0;99.0;0.0;0.0;99.0;99.0;91.4;91.5;1.9595917942265422;0.021439735166592363;90.18543242262936;92.61456757737065;0.9872162782514934;0.9874468664655658;0.0039681914833990355;0.004019576632617213;0.9847567676887656;0.9896757888142211;0.9871739201745605;0.9874085170955763;0.003991455109017534;0.004043314989836574;0.9846999906672895;0.9896478496818315;1.0133333333333332;1.0130303030303032;0.00424242424242423;0.004186602870813385;1.0107038515456053;1.0159628151210611;29.032309678843365;28.443912542555136;7.594025796551597;0.261571534630108;24.325483725916577;33.739135631770154;94.3;94.5;1.004987562112089;0.01065734424297019;93.67710225558282;94.92289774441717;94.5;96.0;5.953990258641679;0.06300518792213416;90.8096786047825;98.1903213952175;0.33725730075405896;0.339534523326021;0.03592857650128542;0.10653164933999731;0.31498853832705254;0.3595260631810654;1.0;1.0;0.0;0.0;1.0;1.0;ok
0.56;0.5;2;100.0;100.0;0.0;0.0;100.0;100.0;4888.2;4890.0;20.20791923974361;0.004134020547388325;4875.675001892216;4900.724998107784;97.764;97.8;0.40415838479487093;0.004134020547388312;97.51350003784431;98.01449996215568;99.0;99.0;0.0;0.0;99.0;99.0;91.4;91.5;1.9595917942265422;0.021439735166592363;90.18543242262936;92.61456757737065;0.9880221641391176;0.9883254009416684;0.003819471243894893;0.003865774860650895;0.9856548313358257;0.9903894969424095;0.987983052653432;0.9882895180737177;0.003841607004385776;0.0038883328960637015;0.9856019999636454;0.9903641053432186;1.0124848484848485;1.0121212121212122;0.00408240792722091;0.004032068167074405;1.0099545458368113;1.0150151511328858;30.135456902969317;31.528018091360178;6.360512364883634;0.21106407596086318;26.193170495864848;34.077743310073785;94.6;95.0;0.8;0.008456659619450317;94.1041548628856;95.0958451371144;94.2;95.0;5.1536394906900505;0.05470954873344003;91.00574115012574;97.39425884987426;0.33977058862256476;0.33932787839368717;0.0357198181109135;0.10512922338487919;0.3176312159864305;0.361909961258699;1.0;1.0;0.0;0.0;1.0;1.0;ok
0.56;0.55;2;100.0;100.0;0.0;0.0;100.0;100.0;4892.7;4894.5;18.59058901702687;0.003799658474263059;4881.1774335497685;4904.222566450231;97.85400000000001;97.89;0.37181178034053763;0.003799658474263061;97.62354867099539;98.08445132900464;99.0;99.0;0.0;0.0;99.0;99.0;91.7;92.5;1.9519221295943134;0.02128595561171552;90.49018613001834;92.90981386998166;0.9888828025151533;0.9891902515829647;0.0034992527165489153;0.003538591941986264;0.9867139432113593;0.9910516618189472;0.9888467971962998;0.9891582117113629;0.003521497909170769;0.0035612168832981545;0.9866641501792737;0.9910294442133258;1.0115757575757574;1.0112121212121212;0.0037556745488943016;0.0037126972653978786;1.0092479663736904;1.0139035487778243;30.560540670013314;30.538055986575962;7.384583103699602;0.24163784219123846;25.983528643030034;35.13755269699659;94.7;95.0;0.9;0.009503695881731784;94.1421742207463;95.25782577925371;93.8;94.5;5.6000000000000005;0.05970149253731344;90.32908404019918;97.27091595980082;0.3510799155865346;0.3498899101596967;0.029364961350324976;0.0836418150017672;0.33287932397764586;0.3692805071954234;1.0;1.0;0.0;0.0;1.0;1.0;ok
0.56;0.6;2;100.0;100.0;0.0;0.0;100.0;100.0;4895.9;4896.5;17.37498201437918;0.0035488841713227767;4885.1308745759;4906.6691254241;97.91799999999999;97.93;0.34749964028758484;0.0035488841713227893;97.70261749151798;98.133382508482;99.0;99.0;0.0;0.0;99.0;99.0;91.8;92.5;1.7204650534085253;0.018741449383535135;90.73364471211514;92.86635528788486;0.989494721266551;0.989576646087836;0.003285597966865928;0.0033204805404725857;0.9874582865485717;0.9915311559845303;0.9894614198906468;0.9895461615644585;0.003306222360314482;0.0033414363550221884;0.9874122020411708;0.9915106377401229;1.010929292929293;1.0108080808080808;0.003510097376642277;0.003472149240498645;1.0087537120355354;1.0131048738230506;29.10085438089724;27.390503426897446;7.652780700147606;0.26297443367061907;24.35761176143332;33.84409700036116;94.5;94.5;1.02469507659596;0.010843334143872592;93.86488741155603;95.13511258844397;95.2;95.0;3.5156791662493894;0.036929403006821314;93.02095947720103;97.37904052279897;0.3581710938915129;0.3566273197748471;0.02995166563569104;0.08362390529695608;0.3396068591990955;0.37673532858393033;1.0;1.0;0.0;0.0;1.0;1.0;ok
0.56;0.65;2;100.0;100.0;0.0;0.0;100.0;100.0;4898.7;4900.5;16.81695572926325;0.003432942562162053;4888.27674285072;4909.123257149279;97.974;98.00999999999999;0.3363391145852662;0.0034329425621620656;97.76553485701442;98.18246514298559;99.0;99.0;0.0;0.0;99.0;99.0;92.0;92.5;1.4142135623730951;0.015371886547533643;91.12346135282009;92.87653864717991;0.9900236826241574;0.9903448063772411;0.0031879001703748046;0.0032200241532858633;0.9880478016277993;0.9919995636205156;0.9899932010450991;0.9903179929782928;0.0032070656017897207;0.003239482451398798;0.9880054411912813;0.991980960898917;1.0103636363636364;1.01;0.0033973647937905493;0.003362516891460864;1.0082579278486306;1.0124693448786422;31.293271860620898;30.777437068231848;6.227609285802251;0.19900793095524807;27.433359635353973;35.15318408588782;94.9;95.0;0.8306623862918076;0.00875302830655224;94.3851501189667;95.4148498810333;94.7;96.0;4.980963762164909;0.05259729421504655;91.61276667548435;97.78723332451565;0.3659800747529004;0.3664606135636751;0.029185450668875824;0.0797460099120998;0.34789074501708245;0.38406940448871835;1.0;1.0;0.0;0.0;1.0;1.0;ok
0.56;0.7;2;100.0;100.0;0.0;0.0;100.0;100.0;4901.2;4902.5;16.12327510154187;0.003289658675741017;4891.206690558179;4911.193309441821;98.024;98.05000000000001;0.32246550203083646;0.003289658675741007;97.82413381116358;98.22386618883642;99.0;99.0;0.0;0.0;99.0;99.0;92.3;93.0;1.4866068747318506;0.016106249997094806;91.37859151295422;93.22140848704578;0.9904943883596499;0.9907175209835688;0.0030717517911857993;0.003101230887610483;0.9885904968745475;0.9923982798447523;0.9904669660025209;0.9906934760206493;0.0030878491210715293;0.0031175690124567667;0.9885530972889881;0.9923808347160538;1.009858585858586;1.0095959595959596;0.003257227293240766;0.0032254291232979493;1.007839735466299;1.0118774362508731;30.15150814359709;30.847505436445946;8.055222822638488;0.26715820596022416;25.15882931237429;35.14418697481989;94.6;95.0;1.2806248474865698;0.013537260544255495;93.80626049613238;95.39373950386761;96.6;97.5;3.168595903550972;0.03280119982972021;94.63608391217954;98.56391608782045;0.36880476042865096;0.36914248605745936;0.030686666513739472;0.08320572239380332;0.3497849674722896;0.3878245533850123;1.0;1.0;0.0;0.0;1.0;1.0;ok
0.56;0.75;2;100.0;100.0;0.0;0.0;100.0;100.0;4903.8;4904.5;15.535765188750764;0.003168107424599446;4894.170832974759;4913.429167025241;98.076;98.09;0.3107153037750142;0.0031681074245994353;97.88341665949517;98.26858334050482;99.0;99.0;0.0;0.0;99.0;99.0;92.6;93.0;1.3564659966250536;0.014648660870680926;91.75925366489052;93.44074633510947;0.9909937058669307;0.991031976481388;0.0029638569195046447;0.00299079287987186;0.9891566883161317;0.9928307234177297;0.9909685092942052;0.9910156207824591;0.0029790483965627546;0.00300619885356853;0.9891220759683751;0.9928149426200353;1.0093333333333332;1.0091919191919192;0.0031385384219698416;0.0031095162701154314;1.0073880470656076;1.0112786196010588;30.137124018298568;29.390605803275484;6.439342977013038;0.2136681314747624;26.145977891593954;34.12827014500318;94.8;95.0;0.8717797887081347;0.00919598933236429;94.25966528891806;95.34033471108194;95.9;97.5;4.72122865364515;0.04923074717043952;92.97375216360611;98.8262478363939;0.37317389555430536;0.3706241727684553;0.028582802367853873;0.07659378833398174;0.3554580911053024;0.3908897000033083;1.0;1.0;0.0;0.0;1.0;1.0;ok
0.56;0.8;2;100.0;100.0;0.0;0.0;100.0;100.0;4906.4;4907.0;15.291827882892221;0.0031167103951761418;4896.922026883347;4915.877973116652;98.128;98.14;0.30583655765784395;0.003116710395176137;97.93844053766693;98.31755946233307;99.0;99.0;0.0;0.0;99.0;99.0;92.7;93.0;1.3453624047073711;0.014513078799432266;91.86613574246164;93.53386425753837;0.9914920298691496;0.9915671025983634;0.002920695898625158;0.0029457583224452256;0.9896817637962455;0.9933022959420538;0.9914685898205423;0.9915471796921167;0.0029354000702947335;0.0029606586637566062;0.9896492100076162;0.9932879696334684;1.0088080808080808;1.0086868686868686;0.003089258158160052;0.00306228530176471;1.0068933387643124;1.0107228228518492;30.645216443288042;30.69318634989814;6.046454055195542;0.19730498775836985;26.897585393220087;34.392847493356;94.9;95.0;0.8306623862918076;0.00875302830655224;94.3851501189667;95.4148498810333;96.2;98.0;4.66476151587624;0.04849024444777796;93.30875085819295;99.09124914180705;0.3795687632364845;0.3734990725844387;0.029854049304749986;0.07865254519416257;0.3610650317728171;0.3980724947001518;1.0;1.0;0.0;0.0;1.0;1.0;ok
0.56;0.85;2;100.0;100.0;0.0;0.0;100.0;100.0;4908.1;4908.5;14.7;0.0029950490006316085;4898.988845605523;4917.2111543944775;98.162;98.17;0.2939999999999994;0.0029950490006316025;97.97977691211047;98.34422308788955;99.0;99.0;0.0;0.0;99.0;99.0;92.8;93.0;1.2489995996796797;0.013459047410341375;92.02586202780124;93.57413797219876;0.991814717016062;0.9918562997260628;0.0028116025873838233;0.0028348062789819344;0.9900720676779964;0.9935573663541277;0.9917927306713554;0.9918373671105469;0.0028257721035509346;0.0028491558933267623;0.9900412989761813;0.9935441623665295;1.0084646464646467;1.0083838383838384;0.0029696969696969755;0.002944770528255779;1.0066240092132372;1.0103052837160562;30.363579975299235;30.412867008627813;5.8978360048898555;0.19424046866962802;26.708063347145654;34.019096603452816;94.9;95.0;0.8306623862918076;0.00875302830655224;94.3851501189667;95.4148498810333;96.3;98.0;4.428317965096906;0.04598461022945905;93.55530008926294;99.04469991073705;0.38497729357347177;0.3756273676639287;0.03155174885394093;0.08195742808898773;0.3654213170276199;0.40453327011932366;1.0;1.0;0.0;0.0;1.0;1.0;ok
0.56;0.9;2;100.0;100.0;0.0;0.0;100.0;100.0;4909.8;4909.5;14.358272876638054;0.0029244109488447702;4900.900650270947;4918.699349729053;98.196;98.19;0.2871654575327592;0.002924410948844751;98.01801300541894;98.37398699458106;99.0;99.0;0.0;0.0;99.0;99.0;92.9;93.0;1.2206555615733703;0.013139457067528205;92.14342984462775;93.65657015537226;0.9921420791471236;0.9919963760024777;0.0027471464309551333;0.0027689042614911226;0.9904393801487107;0.9938447781455365;0.992120902259491;0.9919829403049802;0.0027609205694519214;0.0027828468921117415;0.9904096659615886;0.9938321385573934;1.008121212121212;1.0081818181818183;0.0029006611871996496;0.0028772940717082017;1.0063233636911002;1.0099190605513237;30.90395351829169;30.460937329658694;7.415515755421224;0.23995362764935776;26.307769235140636;35.50013780144275;94.9;95.0;1.0440306508910548;0.011001376721718175;94.25290309844661;95.5470969015534;96.3;98.0;4.267317658670374;0.044312748272797235;93.65508911303235;98.94491088696765;0.3863207610918969;0.3768050290086189;0.03078194671588487;0.07967976307792204;0.3672419128544142;0.4053996093293796;1.0;1.0;0.0;0.0;1.0;1.0;ok
0.56;0.95;2;100.0;100.0;0.0;0.0;100.0;100.0;4911.4;4912.0;14.575321608801637;0.0029676510992388398;4902.366122072996;4920.433877927003;98.228;98.24;0.2915064321760313;0.002967651099238825;98.04732244145993;98.40867755854006;99.0;99.0;0.0;0.0;99.0;99.0;92.9;93.0;1.2206555615733703;0.013139457067528205;92.14342984462775;93.65657015537226;0.992455344026369;0.9925403529873384;0.002791377222983024;0.0028125973020191207;0.9907252304990339;0.9941854575537041;0.9924349429174335;0.9925229412126296;0.0028051929260899553;0.002826576135906307;0.9906962663285968;0.9941736195062703;1.00779797979798;1.0076767676767677;0.002944509415919532;0.0029217258567136436;1.0059729539541409;1.009623005641819;30.720917873751954;30.49385713258594;7.3149916163844;0.2381111022283078;26.187039097480927;35.25479665002298;94.9;95.0;1.0440306508910548;0.011001376721718175;94.25290309844661;95.5470969015534;96.6;98.5;4.34050688284214;0.044932783466274745;93.9097259619139;99.29027403808608;0.39550459112534536;0.387471112213009;0.032524134943703646;0.08223453197132655;0.3753459234369853;0.4156632588137054;1.0;1.0;0.0;0.0;1.0;1.0;ok
0.56;1.0;2;100.0;100.0;0.0;0.0;100.0;100.0;4913.6;4914.0;14.270248771482576;0.002904234933955262;4904.75520817656;4922.444791823441;98.272;98.28;0.2854049754296504;0.0029042349339552503;98.09510416353119;98.44889583646882;99.0;99.0;0.0;0.0;99.0;99.0;93.3;93.0;1.004987562112089;0.010771570869368585;92.67710225558282;93.92289774441717;0.9928744499256886;0.9929166178190587;0.002738249390165594;0.002757900951495466;0.9911772653702885;0.9945716344810888;0.9928560341784751;0.9929011338297052;0.0027511384831875353;0.002770933940552546;0.9911508608804541;0.9945612074764961;1.0073535353535354;1.0072727272727273;0.002882878539693467;0.00286183394262046;1.0055667087225373;1.0091403619845336;29.191326104227052;25.943980983878095;7.992484076994538;0.2737965397138017;24.237533150424515;34.14511905802959;94.7;94.5;1.004987562112089;0.010612329061373695;94.07710225558283;95.32289774441718;97.3;98.5;3.8223029707232787;0.03928368931884151;94.93091207423616;99.66908792576383;0.4007887847562902;0.4051008159404401;0.034113055191735644;0.08511479484756279;0.37964529409511855;0.42193227541746187;1.0;1.0;0.0;0.0;1.0;1.0;ok
0.61;0.0;2;100.0;100.0;0.0;0.0;100.0;100.0;4800.9;4802.0;26.12450956477461;0.005441585861978923;4784.707861216009;4817.09213878399;96.018;96.04;0.5224901912954945;0.005441585861978946;95.6941572243202;96.34184277567981;99.0;99.0;0.0;0.0;99.0;99.0;84.6;85.0;1.9078784028338913;0.022551754170613374;83.41748471468652;85.78251528531347;0.9711375213958287;0.9714035149848972;0.005116300478381857;0.005268358358791587;0.9679664055055515;0.9743086372861058;0.9710990868109002;0.9713762789007638;0.00512606041599538;0.005278617275637049;0.9679219216486178;0.9742762519731826;1.030121212121212;1.02989898989899;0.005277678699954495;0.005123356977657773;1.026850072972931;1.033392351269493;62.04438075024977;57.65991545562714;19.221196783959698;0.3097975441375055;50.13095955669303;73.95780194380652;95.6;96.0;0.8;0.008368200836820085;95.1041548628856;96.0958451371144;75.8;76.0;4.749736834815167;0.06266143581550353;72.85608260985468;78.74391739014531;0.29542813070615664;0.2988222895684873;0.03257936071434911;0.1102784648045372;0.27523523373052416;0.3156210276817891;1.0;1.0;0.0;0.0;1.0;1.0;ok
0.61;0.05;2;100.0;100.0;0.0;0.0;100.0;100.0;4838.3;4840.5;21.255822731665788;0.004393241992366283;4825.125504578922;4851.474495421078;96.766;96.81;0.4251164546333158;0.004393241992366284;96.50251009157844;97.02948990842157;99.0;99.0;0.0;0.0;99.0;99.0;87.1;87.5;1.9723082923316018;0.022644182460753177;85.8775506554462;88.32244934455379;0.9783333780099441;0.978740772490869;0.0041314459191244685;0.004222942824999348;0.9757726812996329;0.9808940747202554;0.9782926996510097;0.9787131107005786;0.004144318540148548;0.004236276670189778;0.9757240244075276;0.9808613748944919;1.0225656565656565;1.022121212121212;0.00429410560235676;0.004199344633555123;1.0199041423391761;1.0252271707921368;62.63959328483376;58.03501987031069;16.528116898935743;0.26386053983108343;52.39536029733919;72.88382627232832;96.1;96.0;0.5385164807134505;0.0056037094767268526;95.76622402722784;96.43377597277215;79.4;79.0;6.8;0.08564231738035263;75.18531633452758;83.61468366547243;0.3109258824721094;0.30838997759036724;0.030620455800311763;0.09848152735582723;0.29194712734109557;0.3299046376031232;1.0;1.0;0.0;0.0;1.0;1.0;ok
0.61;0.1;2;100.0;100.0;0.0;0.0;100.0;100.0;4861.5;4863.0;18.24417715327277;0.0037527876485185167;4850.19214184737;4872.80785815263;97.23;97.25999999999999;0.3648835430654577;0.0037527876485185406;97.0038428369474;97.45615716305261;99.0;99.0;0.0;0.0;99.0;99.0;88.9;89.5;2.2561028345356955;0.025377984640446518;87.50165297583183;90.29834702416818;0.982796303196876;0.9830681327840418;0.0035172942960643343;0.0035788639869962367;0.9806162616062464;0.9849763447875057;0.9827576673358036;0.9830375197703964;0.0035303841061524286;0.003592324154257769;0.9805695125968266;0.9849458220747807;1.017878787878788;1.0175757575757576;0.0036856923541964673;0.0036209540842061148;1.015594372090378;1.0201632036671981;61.1790685193634;62.07560390105958;16.887087783767132;0.2760272131051212;50.71234307235721;71.6457939663696;96.3;96.5;0.7810249675906654;0.008110331958366204;95.81591570981904;96.78408429018096;81.4;81.0;5.713142742834281;0.07018602878174791;77.85895744165649;84.94104255834353;0.31615930615370225;0.30629221803900775;0.034507966637249844;0.10914740121701065;0.2947710468427193;0.3375475654646852;1.0;1.0;0.0;0.0;1.0;1.0;ok
0.61;0.15;2;100.0;100.0;0.0;0.0;100.0;100.0;4877.2;4878.5;17.88183435780569;0.00366641399938606;4866.1167242387455;4888.283275761254;97.544;97.57;0.3576366871561156;0.003666413999386078;97.32233448477491;97.76566551522508;99.0;99.0;0.0;0.0;99.0;99.0;90.0;91.0;1.8973665961010275;0.021081851067789197;88.824;91.176;0.9858211131304764;0.9859439072580589;0.0034118676602540973;0.003460939936069848;0.9837064156457078;0.9879358106152449;0.9857871108668597;0.9859187563432793;0.0034260589698865062;0.0034754552297541954;0.983663617517253;0.9879106042164664;1.0147070707070707;1.0144444444444445;0.003612491789455664;0.003560132666601405;1.0124680250987366;1.0169461163154048;56.539763440721615;56.93096815381351;15.333832928106347;0.27120440544790936;47.03575532731384;66.04377155412939;96.3;96.5;0.7810249675906654;0.008110331958366204;95.81591570981904;96.78408429018096;85.0;87.5;4.516635916254486;0.053136893132405716;82.2005600560112;87.7994399439888;0.32925274379772873;0.3353248207478028;0.028965736369865283;0.08797416852404404;0.3112995943953094;0.34720589320014805;1.0;1.0;0.0;0.0;1.0;1.0;ok
0.61;0.2;2;100.0;100.0;0.0;0.0;100.0;100.0;4887.5;4889.0;17.18284027743958;0.0035156706450004257;4876.849965258272;4898.150034741728;97.75;97.78;0.34365680554878925;0.0035156706450004014;97.53699930516545;97.96300069483455;99.0;99.0;0.0;0.0;99.0;99.0;91.1;91.0;1.8138357147217055;0.01991038106170917;89.97577297666352;92.22422702333647;0.9878294622247547;0.9880019010690144;0.003263793314059238;0.0033040048296480626;0.9858065421706012;0.9898523822789081;0.9877975659919095;0.9879797897112514;0.0032793016856241864;0.0033198114659568267;0.9857650337494748;0.9898300982343442;1.0126262626262625;1.0123232323232325;0.003471280864129195;0.0034279980603370607;1.0104747404562167;1.0147777847963084;50.03285979512226;47.40543095330297;16.437461256366618;0.3285333143793055;39.84481575702755;60.22090383321698;96.0;96.0;1.0954451150103321;0.01141088661469096;95.321036083433;96.678963916567;87.9;89.5;6.803675477269621;0.0774024513910082;83.6830382501142;92.11696174988582;0.34563285800841176;0.35840708393902576;0.031532727307570126;0.09123185651175186;0.3260886711391453;0.3651770448776782;1.0;1.0;0.0;0.0;1.0;1.0;ok
0.61;0.25;2;100.0;100.0;0.0;0.0;100.0;100.0;4893.9;4899.0;17.224691579241703;0.003519624753109321;4883.224025552671;4904.575974447328;97.878;97.97999999999999;0.344493831584835;0.00351962475310933;97.66448051105344;98.09151948894656;99.0;99.0;0.0;0.0;99.0;99.0;91.8;92.0;1.7776388834631176;0.01936425798979431;90.69820800511167;92.90179199488833;0.989066490998951;0.9899478968111164;0.0032624382985504533;0.0032985025053830414;0.987044410792111;0.9910885712057911;0.9890377023282497;0.9899305128849332;0.0032791110988783234;0.0033154561157366534;0.9870052882127038;0.9910701164437956;1.0113333333333334;1.0103030303030303;0.0034797356725740957;0.0034407406123013466;1.0091765708187217;1.0134900958479451;44.18638173414106;42.988319119153445;16.78459767590019;0.3798590655575539;33.78318031412006;54.58958315416206;95.6;96.0;1.3564659966250536;0.014188974860094704;94.75925366489052;96.44074633510947;90.7;91.5;6.723838189605696;0.0741327253539768;86.5325219136749;94.86747808632511;0.3538544333594299;0.3592392665954226;0.03055135103228018;0.08633875444835094;0.3349185098073909;0.3727903569114689;1.0;1.0;0.0;0.0;1.0;1.0;ok
0.61;0.3;2;100.0;100.0;0.0;0.0;100.0;100.0;4899.2;4904.0;16.96349020691202;0.0034625020833834136;4888.685919840518;4909.7140801594815;97.98400000000001;98.08;0.33926980413823854;0.0034625020833833945;97.77371839681038;98.19428160318964;99.0;99.0;0.0;0.0;99.0;99.0;92.2;93.0;1.8330302779823362;0.019881022537769372;91.06387606309875;93.33612393690126;0.9900867957579041;0.990990024791113;0.0032185096359323047;0.003250734834281432;0.9880919428182381;0.9920816486975702;0.9900611821320702;0.9909692028772809;0.0032353808990485786;0.003267859560033727;0.9880558722751877;0.9920664919889527;1.0102626262626262;1.0092929292929291;0.00342696771856805;0.003392155296534924;1.0081385696647511;1.0123866828605013;44.04551743333984;41.75838965359207;15.613116681647139;0.35447685920086247;34.36840745609674;53.72262741058294;95.7;96.0;1.268857754044952;0.013258701714158327;94.91355381620863;96.48644618379137;92.1;93.0;6.0074953183502355;0.06522796219707097;88.37651582519813;95.82348417480186;0.3638364247701485;0.3653349402642653;0.028701896322305;0.07888681387642058;0.34604680512342767;0.3816260444168693;1.0;1.0;0.0;0.0;1.0;1.0;ok
0.61;0.35;2;100.0;100.0;0.0;0.0;100.0;100.0;4903.6;4908.5;14.927826365549674;0.0030442585785034814;4894.347637361193;4912.852362638808;98.072;98.17;0.29855652731099547;0.0030442585785035023;97.88695274722386;98.25704725277615;99.0;99.0;0.0;0.0;99.0;99.0;92.7;93.0;1.268857754044952;0.013687785912027529;91.91355381620863;93.48644618379137;0.9909262645352757;0.9918467178274676;0.002852693993131126;0.002878815604376963;0.9891581464800637;0.9926943825904876;0.9909043748973516;0.9918310373122832;0.0028663195130569793;0.0028926297891801143;0.9891278116573948;0.9926809381373084;1.0093737373737375;1.0083838383838384;0.0030157224980908496;0.0029877164289387765;1.0075045732042813;1.0112429015431936;40.316837217167716;41.29858923943422;13.312436637141925;0.3301954606566515;32.06570350507969;48.56797092925574;95.6;96.0;1.0198039027185568;0.010667404840152269;94.96791899253338;96.2320810074666;93.3;93.5;5.348831648126533;0.05732938529610432;89.98475979754106;96.61524020245893;0.3759338273296406;0.3746226857328424;0.022738070991106335;0.06048423775168356;0.36184062491926294;0.39002702974001824;1.0;1.0;0.0;0.0;1.0;1.0;ok
0.61;0.4;2;100.0;100.0;0.0;0.0;100.0;100.0;4907.7;4912.5;14.114177269681715;0.0028759250299899577;4898.951942295572;4916.448057704428;98.15400000000001;98.25;0.28228354539363393;0.0028759250299899533;97.97903884591145;98.32896115408857;99.0;99.0;0.0;0.0;99.0;99.0;93.1;93.5;1.5132745950421556;0.016254292105715957;92.16206268866198;94.03793731133801;0.9917251562725633;0.9926519907238716;0.0026875985629643516;0.0027100235846247898;0.9900593654251114;0.9933909471200152;0.9917051001455736;0.9926349343688605;0.0027015022754530564;0.002724098398865247;0.99003069168784;0.9933795086033071;1.0085454545454544;1.0075757575757576;0.0028513489433700813;0.0028271893254976474;1.0067781701607215;1.0103127389301874;41.96628157034003;40.38714434729094;15.00792554616577;0.35761866395074493;32.664272945038405;51.268290195641654;95.7;96.0;1.0999999999999999;0.011494252873563216;95.0182129364677;96.3817870635323;93.8;95.0;5.268775948927797;0.056170319284944537;90.53437883397353;97.06562116602646;0.3828428370114413;0.38319056895285847;0.022256202470564913;0.05813404436217723;0.3690482998043623;0.39663737421852024;1.0;1.0;0.0;0.0;1.0;1.0;ok
0.61;0.45;2;100.0;100.0;0.0;0.0;100.0;100.0;4911.4;4914.5;12.435433245367852;0.0025319528536400728;4903.692438621717;4919.107561378282;98.228;98.28999999999999;0.24870866490735435;0.0025319528536400454;98.07384877243433;98.38215122756566;99.0;99.0;0.0;0.0;99.0;99.0;93.4;93.5;1.5620499351813308;0.01672430337453245;92.43183141963809;94.36816858036192;0.9924339360536095;0.9930300223985487;0.002371800434001026;0.002389882437346344;0.990963878914353;0.993903993192866;0.9924167741076163;0.9930151607524945;0.002383299537218776;0.0024015107356098906;0.9909395897503451;0.9938939584648875;1.0077979797979797;1.0071717171717172;0.0025122087364379602;0.002492770165049895;1.006240896691256;1.0093550629047034;38.61064863562789;34.842029894588535;13.648890110666201;0.3535006686749033;30.150978900149532;47.07031837110625;95.5;95.5;1.118033988749895;0.011707162185862773;94.80703535443719;96.19296464556281;95.7;97.0;4.267317658670374;0.04459057114598092;93.05508911303235;98.34491088696765;0.3868491241079666;0.38914077999520025;0.026082930916460023;0.06742404025498189;0.37068275603719464;0.4030154921787386;1.0;1.0;0.0;0.0;1.0;1.0;ok
0.61;0.5;2;100.0;100.0;0.0;0.0;100.0;100.0;4913.3;4917.0;12.90774961021479;0.0026271039037337003;4905.299693905856;4921.300306094145;98.26599999999999;98.34;0.2581549922042958;0.0026271039037337003;98.1059938781171;98.42600612188288;99.0;99.0;0.0;0.0;99.0;99.0;93.5;93.5;1.5;0.016042780748663103;92.5702903679105;94.4297096320895;0.9927979249922657;0.9934771112732617;0.002464985774010843;0.0024828675725022758;0.9912701109808914;0.9943257390036401;0.9927818942383985;0.9934668792273971;0.002476677196158888;0.002494684089760564;0.9912468338085015;0.9943169546682954;1.0074141414141415;1.0066666666666668;0.00260762618388178;0.0025884351595674114;1.005797917960779;1.009030364867504;37.25538924034237;38.73624362825442;10.869102747175601;0.29174578413492686;30.518649562862606;43.99212891782213;95.5;96.0;1.02469507659596;0.010729791377968166;94.86488741155603;96.13511258844397;96.3;98.0;4.220189569201838;0.04382336001248015;93.68429940551293;98.91570059448706;0.39131738225578616;0.39700944752520806;0.026146966601882496;0.06681780004546649;0.37511132445599105;0.4075234400555813;1.0;1.0;0.0;0.0;1.0;1.0;ok
0.61;0.55;2;100.0;100.0;0.0;0.0;100.0;100.0;4915.9;4919.5;12.80195297601112;0.00260419312354017;4907.9652673390965;4923.834732660903;98.31800000000001;98.39;0.25603905952022105;0.0026041931235401554;98.15930534678195;98.47669465321808;99.0;99.0;0.0;0.0;99.0;99.0;93.7;94.5;1.5524174696260025;0.01656795591916758;92.73780168364313;94.66219831635688;0.9933028194012895;0.9939629776497025;0.0024513551438086587;0.002467883001969335;0.9917834537420421;0.9948221850605369;0.9932882813482934;0.9939536479390347;0.002462062070729182;0.00247869839699223;0.9917622794669873;0.9948142832295995;1.006888888888889;1.006161616161616;0.002586253126466903;0.0025685586115870808;1.005285912593757;1.008491865184021;36.28807366744835;33.48313432975532;10.610481941509939;0.29239584439633415;29.711628826026;42.8645185088707;95.5;95.5;0.806225774829855;0.008442154710260262;95.0002960876679;95.9997039123321;96.5;98.5;4.695742752749559;0.04866054666061719;93.58954848863617;99.41045151136383;0.3990003190191163;0.40069661818799457;0.02601562888799227;0.0652020252814531;0.3828756651777614;0.41512497286047123;1.0;1.0;0.0;0.0;1.0;1.0;ok
0.61;0.6;2;100.0;100.0;0.0;0.0;100.0;100.0;4918.8;4920.5;12.056533498481228;0.0024511127710988914;4911.327283117902;4926.272716882098;98.376;98.41;0.2411306699696239;0.002451112771098885;98.22654566235803;98.52545433764197;99.0;99.0;0.0;0.0;99.0;99.0;94.2;94.5;0.9797958971132711;0.010401230330289502;93.59271621131468;94.80728378868533;0.9938641024740669;0.9941609346104983;0.002322728310645376;0.0023370683223826205;0.9924244605519775;0.9953037443961562;0.993851058520475;0.9941517263392488;0.002331845488223868;0.0023462725810195714;0.9924057657131775;0.9952963513277724;1.0063030303030303;1.005959595959596;0.002435663333026487;0.0024204074316391856;1.0047933905288688;1.0078126700771917;34.71755903010257;29.041860668513134;10.521853827275821;0.30307009251867717;28.196046462998478;41.23907159720666;95.4;95.0;0.8;0.008385744234800839;94.9041548628856;95.8958451371144;96.7;98.5;3.9255572852781047;0.04059521494599901;94.26691438703855;99.13308561296145;0.41241823239444564;0.4139627051770055;0.03186200773843422;0.07725654502093088;0.3926699553996906;0.4321665093892007;1.0;1.0;0.0;0.0;1.0;1.0;ok
0.61;0.65;2;100.0;100.0;0.0;0.0;100.0;100.0;4920.2;4922.0;11.694443124834976;0.0023768227155064785;4912.951709056611;4927.448290943388;98.40400000000001;98.44;0.23388886249669869;0.00237682271550647;98.25903418113225;98.54896581886777;99.0;99.0;0.0;0.0;99.0;99.0;94.2;94.5;0.9797958971132711;0.010401230330289502;93.59271621131468;94.80728378868533;0.9941335209646116;0.9944446946040785;0.0022534121056581417;0.0022667097106550105;0.9927368416714799;0.9955302002577433;0.9941213926452134;0.9944369391325019;0.002262166660555267;0.0022755436884181403;0.99271928722274;0.9955234980676867;1.006020202020202;1.0056565656565657;0.002362513762592955;0.002348376064266663;1.0045559008195175;1.0074845032208866;32.949593988608484;28.22067508081122;10.893087087609805;0.3305985224393303;26.197988662914728;39.70119931430224;95.2;95.0;0.8717797887081347;0.009157350721724104;94.65966528891806;95.74033471108194;97.9;98.5;1.9723082923316018;0.020146152117789598;96.67755065544621;99.1224493445538;0.4160429778062177;0.41429404081893173;0.029832482273995112;0.07170528975468089;0.3975526137267026;0.4345333418857328;1.0;1.0;0.0;0.0;1.0;1.0;ok
0.61;0.7;2;100.0;100.0;0.0;0.0;100.0;100.0;4921.9;4924.5;11.869709347747316;0.0024116112370725362;4914.543077926197;4929.256922073802;98.438;98.49000000000001;0.23739418695494613;0.002411611237072534;98.29086155852396;98.58513844147605;99.0;99.0;0.0;0.0;99.0;99.0;94.4;94.5;1.0198039027185568;0.010803007444052508;93.7679189925334;95.03208100746662;0.994465594791525;0.9949384515899719;0.0022923707952424116;0.0023051283093639585;0.99304476865242;0.99588642093063;0.9944544859317507;0.9949317470234926;0.002300682962840852;0.0023135125793969694;0.9930285078577924;0.995880464005709;1.0056767676767677;1.0051515151515151;0.002397921080352999;0.0023843854779428586;1.0041905207931714;1.007163014560364;34.835911537057335;34.67991205107766;10.705808205885344;0.3073210297510615;28.2003828648477;41.471440209266966;95.4;95.5;0.9165151389911681;0.009607076928628595;94.83193803154938;95.96806196845063;97.7;98.5;2.6476404589747453;0.02709969763536075;96.05897544198754;99.34102455801246;0.4229709110512074;0.41492850920925073;0.03604828922890916;0.08522640277866517;0.40062794990689726;0.4453138721955175;1.0;1.0;0.0;0.0;1.0;1.0;ok
0.61;0.75;2;100.0;100.0;0.0;0.0;100.0;100.0;4923.1;4925.5;11.44071676076285;0.002323884698820428;4916.008970286341;4930.19102971366;98.46199999999999;98.50999999999999;0.22881433521525504;0.0023238846988204087;98.3201794057268;98.60382059427317;99.0;99.0;0.0;0.0;99.0;99.0;94.5;95.0;1.02469507659596;0.010843334143872592;93.86488741155603;95.13511258844397;0.9946958940331381;0.9951342859970209;0.0022197749094919244;0.0022316116139692974;0.993320063290188;0.9960717247760882;0.9946858559109677;0.9951278687870132;0.002226842855309885;0.0022387398414049683;0.9933056444098135;0.9960660674121219;1.0054343434343436;1.004949494949495;0.0023112559112652134;0.002298763640170147;1.0040018121790588;1.0068668746896283;34.74864108065985;33.04506637152021;10.53216731179857;0.3030958041596766;28.220736149621622;41.27654601169808;95.4;95.5;0.9165151389911679;0.009607076928628593;94.83193803154938;95.96806196845063;98.6;99.5;1.624807680927192;0.01647877972542791;97.59293376583265;99.60706623416733;0.4284469685415653;0.41645211685424366;0.040338128834273866;0.0941496423036554;0.4034451372631041;0.45344879982002645;1.0;1.0;0.0;0.0;1.0;1.0;ok
0.61;0.8;2;100.0;100.0;0.0;0.0;100.0;100.0;4924.5;4927.0;10.716809226630843;0.0021762228097534455;4917.85765282449;4931.14234717551;98.49000000000001;98.53999999999999;0.21433618453261946;0.002176222809753472;98.35715305648982;98.6228469435102;99.0;99.0;0.0;0.0;99.0;99.0;94.7;95.0;0.7810249675906654;0.008247359742245674;94.21591570981904;95.18408429018096;0.9949657841359263;0.9954240795516923;0.002083013378190354;0.002093552774781434;0.9936747190682764;0.9962568492035762;0.9949566620512493;0.9954183293738593;0.0020894548153691348;0.0021000460573442634;0.993661604539473;0.9962517195630256;1.0051515151515151;1.0046464646464646;0.002165011964975956;0.0021539160338922684;1.0038096268332304;1.0064934034697999;33.0451164151573;27.89349695528584;11.084547417508874;0.335436779167301;26.17484274755008;39.915390082764524;95.2;95.0;1.0770329614269007;0.01131337144355988;94.53244805445568;95.86755194554432;98.9;100.0;1.5132745950421556;0.015301057583843838;97.96206268866199;99.83793731133802;0.43407271268897685;0.41727238477303596;0.040467345045795654;0.0932271111793923;0.4089907923728664;0.4591546330050873;1.0;1.0;0.0;0.0;1.0;1.0;ok
0.61;0.85;2;100.0;100.0;0.0;0.0;100.0;100.0;4926.0;4927.5;9.2951600308978;0.0018869589993702398;4920.238800124974;4931.761199875026;98.52000000000001;98.55000000000001;0.18590320061795496;0.0018869589993702287;98.40477600249949;98.63522399750053;99.0;99.0;0.0;0.0;99.0;99.0;94.8;95.0;0.6;0.006329113924050633;94.42811614716419;95.1718838528358;0.9952552601970209;0.9955248908729226;0.0018104040742600563;0.0018190349216558456;0.9941331601264785;0.9963773602675634;0.9952470642812552;0.9955191648067827;0.0018159713323681278;0.001824643746806308;0.9941215135883879;0.9963726149741226;1.0048484848484849;1.0045454545454544;0.0018778101072520906;0.0018687495035982808;1.0036846060858533;1.0060123636111165;33.351686311745844;27.81784506113311;10.668844053547375;0.31988919402225263;26.73906825851663;39.96430436497506;95.3;95.0;0.9;0.00944386149003148;94.74217422074629;95.8578257792537;99.0;100.0;1.3416407864998738;0.013551927136362362;98.16844242532461;99.83155757467539;0.43663256394059025;0.4214776742252597;0.03700261634555459;0.08474543449441231;0.41369810472127383;0.45956702315990666;1.0;1.0;0.0;0.0;1.0;1.0;ok
0.61;0.9;2;100.0;100.0;0.0;0.0;100.0;100.0;4927.4;4930.0;9.361623790774761;0.0018999114727391243;4921.597605459812;4933.202394540187;98.548;98.6;0.18723247581549549;0.001899911472739127;98.43195210919625;98.66404789080376;99.0;99.0;0.0;0.0;99.0;99.0;94.9;95.0;0.7000000000000001;0.007376185458377239;94.46613550502491;95.3338644949751;0.9955329250423965;0.9960277070812075;0.0018201384758598368;0.0018283056542628391;0.9944047915272342;0.9966610585575589;0.9955250985211043;0.9960221676528671;0.0018258670938569026;0.0018340743960843452;0.9943934143717216;0.996656782670487;1.0045656565656564;1.004040404040404;0.0018912371294494948;0.0018826416343110245;1.0033934556484467;1.0057378574828661;33.83418584726074;31.96258381178456;9.784013473794985;0.2891753777662456;27.769991469206953;39.898380225314526;95.4;95.5;0.9165151389911679;0.009607076928628593;94.83193803154938;95.96806196845063;99.0;100.0;1.3416407864998738;0.013551927136362362;98.16844242532461;99.83155757467539;0.4427953451923206;0.4360809333329555;0.040777675085436664;0.09209147189143457;0.41752108032488955;0.4680696100597517;1.0;1.0;0.0;0.0;1.0;1.0;ok
0.61;0.95;2;100.0;100.0;0.0;0.0;100.0;100.0;4928.4;4930.5;8.511169132381285;0.0017269639502437476;4923.1247227181875;4933.675277281812;98.568;98.61;0.1702233826476259;0.0017269639502437496;98.46249445436376;98.67350554563623;99.0;99.0;0.0;0.0;99.0;99.0;95.2;95.0;0.7483314773547882;0.007860624762130128;94.736179345005;95.663820654995;0.9957247041669877;0.9961236216871183;0.001658307842426681;0.001665428039986216;0.9946968743176052;0.9967525340163701;0.9957177127820168;0.9961183681125556;0.0016631216791314512;0.0016702742733025408;0.9946868992857333;0.9967485262783004;1.0043636363636363;1.003939393939394;0.0017194281075517878;0.0017119577464762552;1.003297923781452;1.0054293489458206;35.386874070751915;36.707159227111006;8.93783668613719;0.25257491431051615;29.84714549932213;40.9266026421817;95.6;96.0;0.8;0.008368200836820085;95.1041548628856;96.0958451371144;99.2;100.0;1.16619037896906;0.01175595140089778;98.47718771454824;99.92281228545177;0.4486575363414122;0.4401612999785781;0.03806362607345451;0.08483893168015229;0.425065456479583;0.4722496162032414;1.0;1.0;0.0;0.0;1.0;1.0;ok
0.61;1.0;2;100.0;100.0;0.0;0.0;100.0;100.0;4929.3;4931.0;8.414867794564572;0.0017071121243512409;4924.084410905756;4934.515589094244;98.58600000000001;98.62;0.1682973558912927;0.0017071121243512535;98.48168821811512;98.6903117818849;99.0;99.0;0.0;0.0;99.0;99.0;95.3;95.0;0.9;0.00944386149003148;94.74217422074629;95.8578257792537;0.9959024242341371;0.9962259999606451;0.001639954279799131;0.0016467017650451839;0.9948859700407267;0.9969188784275476;0.9958956661219114;0.9962207259126783;0.0016448213876002317;0.0016516001058677996;0.9948761952638322;0.9969151369799906;1.004181818181818;1.0038383838383838;0.0016999732918312406;0.0016928939172681195;1.0031281638193446;1.0052354725442916;35.413831248859594;36.58050398835283;9.291774038585976;0.262376978454857;29.654730033611216;41.17293246410797;95.6;96.0;0.8;0.008368200836820085;95.1041548628856;96.0958451371144;99.6;100.0;0.66332495807108;0.00665988913725984;99.1888669315173;100.01113306848269;0.45469255603616804;0.44906010234645144;0.0418185368857605;0.09197101718646586;0.42877315834111357;0.4806119537312225;1.0;1.0;0.0;0.0;1.0;1.0;ok
0.66;0.0;2;100.0;100.0;0.0;0.0;100.0;100.0;4861.0;4862.0;15.440207252495027;0.0031763438083717396;4851.430060397265;4870.569939602735;97.22;97.24000000000001;0.3088041450499025;0.00317634380837176;97.0286012079453;97.4113987920547;99.0;99.0;0.0;0.0;99.0;99.0;88.7;89.0;1.7916472867168918;0.020198954754418172;87.58952550682153;89.81047449317848;0.9825698274422778;0.9826775232234297;0.003048658678213956;0.003102739971315731;0.9806802492168853;0.9844594056676703;0.9825480881109554;0.9826641495103738;0.0030515984300526944;0.003105800588264021;0.9806566878084959;0.9844394884134149;1.0179797979797978;1.017777777777778;0.0031192337883828103;0.0030641411495326283;1.016046476847932;1.0199131191116635;69.99151515137001;78.4058631302695;23.760401482080386;0.33947545542761837;55.26466573790078;84.71836456483925;96.3;97.0;0.9;0.009345794392523366;95.74217422074629;96.8578257792537;83.8;84.5;5.325410782277739;0.06354905468111861;80.49927620058872;87.10072379941127;0.3223039073789313;0.3121829377700924;0.037542015130137565;0.11648017374483638;0.29903512532923876;0.3455726894286238;1.0;1.0;0.0;0.0;1.0;1.0;ok
0.66;0.05;2;100.0;100.0;0.0;0.0;100.0;100.0;4885.3;4889.0;12.625767303415664;0.00258444052635778;4877.4744683503295;4893.125531649671;97.70599999999999;97.78;0.25251534606831405;0.0025844405263577884;97.54948936700657;97.8625106329934;99.0;99.0;0.0;0.0;99.0;99.0;90.6;91.0;1.3564659966250536;0.0149720308678262;89.75925366489052;91.44074633510947;0.9872998504950058;0.9879841341762345;0.002478610910317838;0.002510494566645714;0.985763591536656;0.9888361094533555;0.9872810266763196;0.9879691588369659;0.0024820351484068468;0.0025140107845104806;0.9857426453532139;0.9888194079994252;1.0130707070707072;1.0123232323232325;0.002550660061296059;0.002517751271943584;1.0114897915859253;1.0146516225554891;58.345170944522216;67.65071458824417;20.911142265808095;0.3584039934631703;45.38431068951174;71.3060311995327;96.1;97.0;1.2206555615733703;0.012701930921679191;95.34342984462774;96.85657015537225;89.8;88.0;4.728636167014756;0.05265741834092156;86.86916093925306;92.73083906074693;0.3497844174909582;0.3538557607501548;0.03664533500358817;0.10476548745781519;0.32707140354163644;0.3724974314402799;1.0;1.0;0.0;0.0;1.0;1.0;ok
0.66;0.1;2;100.0;100.0;0.0;0.0;100.0;100.0;4899.0;4901.5;12.312595177297109;0.0025132874417834474;4891.368574445099;4906.631425554901;97.98;98.03;0.24625190354594303;0.002513287441783456;97.82737148890197;98.13262851109803;99.0;99.0;0.0;0.0;99.0;99.0;92.0;92.5;1.4832396974191326;0.016122170624121007;91.08067851107461;92.91932148892539;0.9899683016946111;0.9903973370990544;0.00240201115369349;0.002426351580734219;0.9884795197572943;0.991457083631928;0.9899522068626222;0.9903854981226146;0.002406659474123476;0.0024310865286625433;0.9884605438664542;0.9914438698587902;1.0103030303030303;1.00979797979798;0.0024873929651105246;0.002462026630133393;1.008761328170727;1.0118447324353335;63.19921483114805;66.50385868643843;13.307471249051618;0.210563869893095;54.9511586984831;71.447270963813;96.7;97.0;0.9;0.009307135470527405;96.1421742207463;97.25782577925371;87.9;88.5;4.784349485562275;0.0544294594489451;84.9346294666602;90.86537053333981;0.3670072044728858;0.367665554422745;0.028390117465859833;0.07735574975056728;0.34941082736344425;0.3846035815823274;1.0;1.0;0.0;0.0;1.0;1.0;ok
0.66;0.15;2;100.0;100.0;0.0;0.0;100.0;100.0;4908.6;4909.5;12.289833196589774;0.0025037349135374185;4900.982682466905;4916.217317533095;98.172;98.19;0.2457966639317961;0.0025037349135374255;98.0196536493381;98.3243463506619;99.0;99.0;0.0;0.0;99.0;99.0;92.7;93.0;1.3453624047073711;0.014513078799432266;91.86613574246164;93.53386425753837;0.9918460301808969;0.9920109706196825;0.0023939224826847573;0.0024136029281159135;0.9903622616538118;0.993329798707982;0.9918328877845305;0.9919992358727948;0.002398808314156739;0.002418560973023376;0.9903460909877252;0.9933196845813358;1.0083636363636364;1.0081818181818183;0.0024827945851696497;0.0024622016261148707;1.0068247843367484;1.0099024883905243;60.28368079900976;63.66277521311225;10.909754693890159;0.18097359931063411;53.52174478391419;67.04561681410533;96.8;97.0;0.4;0.004132231404958678;96.5520774314428;97.0479225685572;90.4;91.0;5.2573757712379665;0.058156811628738564;87.14144473731072;93.65855526268929;0.37767624695733015;0.38536207711434034;0.026714239323191353;0.07073317302427422;0.3611185898821867;0.3942339040324736;1.0;1.0;0.0;0.0;1.0;1.0;ok
0.66;0.2;2;100.0;100.0;0.0;0.0;100.0;100.0;4914.1;4915.0;11.78516016013359;0.0023982336867653465;4906.795482055604;4921.4045179443965;98.28200000000001;98.3;0.23570320320267013;0.0023982336867653295;98.1359096411121;98.42809035888793;99.0;99.0;0.0;0.0;99.0;99.0;93.4;94.0;1.5620499351813306;0.016724303374532446;92.43183141963809;94.36816858036192;0.9929259593357429;0.9931124232463144;0.0022948676379968727;0.002311217283041039;0.9915035856374654;0.9943483330340204;0.9929144569040528;0.9931006365879859;0.002299682292418934;0.0023160930696783646;0.9914890990520477;0.9943398147560578;1.007252525252525;1.007070707070707;0.0023808404363906592;0.0023636976594263353;1.005776865061738;1.008728185443312;49.64570182160599;49.12265277300607;14.562443802284486;0.2933273831964816;40.619805641775336;58.67159800143664;96.3;96.5;0.7810249675906654;0.008110331958366204;95.81591570981904;96.78408429018096;93.8;95.0;5.844655678480984;0.062309762030714116;90.17744487964642;97.42255512035358;0.3953412390233174;0.3950720312389795;0.025995027447766616;0.0657533919607952;0.37922935408690434;0.4114531239597305;1.0;1.0;0.0;0.0;1.0;1.0;ok
0.66;0.25;2;100.0;100.0;0.0;0.0;100.0;100.0;4918.1;4919.5;9.575489543621256;0.0019469895983451444;4912.165050092883;4924.034949907118;98.362;98.39;0.19150979087242423;0.0019469895983451357;98.24330100185763;98.48069899814236;99.0;99.0;0.0;0.0;99.0;99.0;93.6;94.0;1.2;0.01282051282051282;92.8562322943284;94.3437677056716;0.9937039659672224;0.9939903717081058;0.0018723486559540097;0.0018842117170495116;0.9925434722471755;0.9948644596872693;0.9936941880312521;0.9939812972438988;0.0018762384510946648;0.0018881447367745461;0.9925312833911991;0.9948570926713051;1.0064444444444445;1.006161616161616;0.0019344423320447083;0.0019220557505412203;1.0052454646652287;1.0076434242236603;43.50307750253866;38.689330954029664;13.168949739888243;0.3027130606821956;35.340877890754214;51.6652771143231;96.0;96.0;0.8944271909999159;0.009316949906249124;95.44562828354975;96.55437171645025;96.1;96.5;2.7367864366808017;0.028478526916553608;94.40372219256396;97.79627780743603;0.407389856787103;0.40143627414390415;0.020781131132643946;0.051010428429748345;0.3945095782672802;0.42027013530692575;1.0;1.0;0.0;0.0;1.0;1.0;ok
0.66;0.3;2;100.0;100.0;0.0;0.0;100.0;100.0;4921.9;4923.5;8.104936767180853;0.0016467089471912987;4916.876508146716;4926.923491853283;98.438;98.47;0.16209873534361552;0.001646708947191283;98.33753016293434;98.53846983706566;99.0;99.0;0.0;0.0;99.0;99.0;94.2;95.0;1.3266499161421599;0.014083332443122716;93.3777338630346;95.0222661369654;0.9944402254860958;0.9947470706921545;0.0015808388035484038;0.0015896770494935163;0.9934604114444693;0.9954200395277223;0.9944322693247779;0.9947405495932886;0.0015844875679469086;0.0015933589615135676;0.993450193755547;0.9954143448940088;1.0056767676767677;1.0053535353535352;0.0016373609630668568;0.0016281185125210302;1.0046619208377205;1.006691614515815;44.6656086685595;39.26100689303624;11.405816145181088;0.25536014139688057;37.59621058054828;51.73500675657072;96.2;96.0;0.6;0.0062370062370062365;95.8281161471642;96.57188385283581;96.2;97.5;4.578209256903839;0.04759053281604822;93.36239650409011;99.03760349590989;0.4115203632536314;0.40663903863048945;0.020678121145689166;0.05024811161761312;0.3987039309851908;0.424336795522072;1.0;1.0;0.0;0.0;1.0;1.0;ok
0.66;0.35;2;100.0;100.0;0.0;0.0;100.0;100.0;4925.1;4927.5;8.154140052758477;0.0016556293380354664;4920.046011634363;4930.153988365638;98.502;98.55;0.16308280105517053;0.0016556293380354768;98.40092023268724;98.60307976731275;99.0;99.0;0.0;0.0;99.0;99.0;94.8;95.0;1.0770329614269007;0.011361107188047477;94.13244805445568;95.46755194554432;0.9950618429175421;0.995530636312246;0.0015963617483050372;0.001604283954477112;0.9940724076550764;0.9960512781800077;0.9950552744511855;0.9955249361193773;0.0015995583116962069;0.0016075069925923764;0.9940638579382036;0.9960466909641673;1.005030303030303;1.0045454545454544;0.0016473010207593063;0.0016390560720333206;1.004009295279669;1.0060513107809368;39.924790322469924;38.18537190526696;11.192098310553567;0.2803295451311258;32.98785592072705;46.8617247242128;95.9;96.0;0.7000000000000001;0.007299270072992701;95.46613550502491;96.3338644949751;97.6;99.0;4.608687448721165;0.047220158286077514;94.74350592508928;100.45649407491071;0.4212527875147325;0.4119934901655091;0.022455532114652677;0.053306548419854285;0.407334704514274;0.435170870515191;1.0;1.0;0.0;0.0;1.0;1.0;ok
0.66;0.4;2;100.0;100.0;0.0;0.0;100.0;100.0;4926.8;4929.5;8.423775875461075;0.0017097864487012006;4921.578889620014;4932.021110379987;98.536;98.59;0.16847551750922274;0.0017097864487012132;98.43157779240028;98.64042220759973;99.0;99.0;0.0;0.0;99.0;99.0;94.9;95.0;0.9433981132056604;0.009940970634411595;94.3152757915051;95.48472420849491;0.9953960091701892;0.9959175750078169;0.0016478029548279488;0.001655424514110357;0.9943746903175965;0.9964173280227819;0.9953899980425323;0.9959130672587206;0.0016511963522882246;0.0016588436246449709;0.9943665759404033;0.9964134201446612;1.0046868686868686;1.0041414141414142;0.0017017729041335626;0.001693834126007628;1.003632098913134;1.0057416384606033;38.579606307603356;37.90098425841654;11.808892879470092;0.3060915859357219;31.260378671365693;45.89883394384102;95.8;96.0;0.7483314773547882;0.007811393291803635;95.336179345005;96.263820654995;97.8;99.5;4.66476151587624;0.04769694801509448;94.90875085819295;100.69124914180705;0.4269984961665963;0.4229306637524531;0.021279619783601773;0.04983535065027346;0.41380925117991835;0.44018774115327425;1.0;1.0;0.0;0.0;1.0;1.0;ok
0.66;0.45;2;100.0;100.0;0.0;0.0;100.0;100.0;4928.4;4930.5;8.212186067059125;0.0016662986094998632;4923.310034341962;4933.489965658037;98.568;98.61;0.16424372134118198;0.0016662986094998578;98.46620068683924;98.66979931316075;99.0;99.0;0.0;0.0;99.0;99.0;95.0;95.0;0.7745966692414834;0.008153649149910352;94.5199000104145;95.4800999895855;0.9957089023871344;0.9961122630337351;0.001610299120292427;0.0016172388500613588;0.9947108286520137;0.9967069761222551;0.9957034826878871;0.9961079360348895;0.0016135699671505016;0.00162053261357959;0.9947033816608803;0.9967035837148939;1.0043636363636363;1.003939393939394;0.0016590274882947648;0.0016518195484469963;1.0033353604731237;1.005391912254149;38.129394067725144;37.220074557920526;11.52727721445462;0.30231996852559356;30.98471362902893;45.27407450642136;95.8;96.0;0.7483314773547882;0.007811393291803635;95.336179345005;96.263820654995;97.9;99.5;4.369210454990695;0.04462932027569657;95.19193530357933;100.60806469642068;0.4332705395382388;0.43094980153196166;0.021960681908974045;0.05068584153535756;0.41965916787288754;0.44688191120359005;1.0;1.0;0.0;0.0;1.0;1.0;ok
0.66;0.5;2;100.0;100.0;0.0;0.0;100.0;100.0;4930.4;4933.0;7.213875518748574;0.0014631420409598763;4925.92879363035;4934.871206369649;98.608;98.66;0.14427751037497252;0.0014631420409598867;98.518575872607;98.697424127393;99.0;99.0;0.0;0.0;99.0;99.0;95.2;95.0;0.8717797887081347;0.009157350721724104;94.65966528891806;95.74033471108194;0.9960991261762884;0.996607209912509;0.0014230604937721558;0.0014286334124544793;0.9952171041442177;0.996981148208359;0.9960945920449488;0.996603976305225;0.001425603305858607;0.0014311926972034768;0.9952109939616185;0.996978190128279;1.003959595959596;1.0034343434343433;0.0014573485896462036;0.001451600836837715;1.0030563219455253;1.0048628699736666;39.88664305117358;37.69793660121981;12.874612783832545;0.3227800536463982;31.90687537480573;47.86641072754143;95.9;96.0;0.8306623862918076;0.008661755852886418;95.3851501189667;96.4148498810333;98.1;99.5;4.085339643163099;0.041644644680561664;95.56788025559611;100.63211974440388;0.441773679384879;0.4499442198466773;0.029189608134075257;0.06607366961001063;0.42368177282543373;0.45986558594432425;1.0;1.0;0.0;0.0;1.0;1.0;ok
0.66;0.55;2;100.0;100.0;0.0;0.0;100.0;100.0;4931.8;4934.0;6.867313885355758;0.0013924558752090024;4927.5435947561355;4936.056405243865;98.636;98.68;0.13734627770711408;0.0013924558752089916;98.5508718951227;98.7211281048773;99.0;99.0;0.0;0.0;99.0;99.0;95.3;95.0;0.7810249675906654;0.008195435126869523;94.81591570981904;95.78408429018096;0.9963757319015958;0.9968228116364626;0.0013554191490230713;0.0013603494200287642;0.9955356344093522;0.9972158293938393;0.996371711669094;0.9968190576762699;0.0013576950194857597;0.0013626390669114713;0.9955302035777234;0.9972132197604646;1.0036767676767675;1.0032323232323233;0.0013873361384557255;0.001382253911951178;1.002816887829522;1.004536647524013;40.719047663045615;37.672863851023706;12.311413764895576;0.30235023831534114;33.08835435513714;48.34974097095409;96.0;96.0;0.7745966692414834;0.008068715304598786;95.5199000104145;96.4800999895855;98.5;99.5;3.2015621187164243;0.03250316871793324;96.51565124033098;100.48434875966902;0.44940875807460384;0.45554525923043965;0.02926900924445641;0.06512781230577981;0.43126763819707864;0.46754987795212904;1.0;1.0;0.0;0.0;1.0;1.0;ok
0.66;0.6;2;100.0;100.0;0.0;0.0;100.0;100.0;4933.0;4935.0;6.870225614927067;0.0013927074021745523;4928.741790047449;4937.258209952551;98.66;98.7;0.13740451229854275;0.0013927074021745668;98.57483580094899;98.745164199051;99.0;99.0;0.0;0.0;99.0;99.0;95.5;95.5;0.806225774829855;0.008442154710260262;95.0002960876679;95.9997039123321;0.9966128625506459;0.9970209868328213;0.0013583586504731973;0.0013629752349339844;0.9957709431365278;0.9974547819647639;0.9966092459404511;0.9970176054818298;0.0013605196357793306;0.0013651485186608671;0.9957659871337637;0.9974525047471384;1.0034343434343433;1.003030303030303;0.0013879243666519321;0.0013831740718596869;1.0025740989994847;1.004294587869202;39.592418373584664;37.239952725548434;10.700986408068733;0.2702786757579889;32.95987828262442;46.224958464544905;96.0;96.0;0.6324555320336759;0.0065880784586841235;95.608;96.392;98.8;100.0;2.9597297173897488;0.029956778516090576;96.96554051557413;100.63445948442586;0.45600077472908795;0.460783579126174;0.034544589575748456;0.07575555018798279;0.4345898162856533;0.4774117331725226;1.0;1.0;0.0;0.0;1.0;1.0;ok
0.66;0.65;2;100.0;100.0;0.0;0.0;100.0;100.0;4934.2;4936.0;6.645299090334459;0.0013467834887792263;4930.081200951733;4938.318799048267;98.684;98.72;0.1329059818066882;0.0013467834887792164;98.60162401903467;98.76637598096532;99.0;99.0;0.0;0.0;99.0;99.0;95.8;96.0;0.8717797887081347;0.00909999779444817;95.25966528891806;96.34033471108194;0.9968509814828316;0.9972190746682307;0.0013112903069085404;0.001315432628614134;0.9960382353302992;0.9976637276353639;0.9968476431369673;0.9972158330556326;0.0013134043298562673;0.0013175577420468506;0.996033586699437;0.9976616995744976;1.0031919191919192;1.0028282828282828;0.0013424846647140457;0.001338213196329801;1.0023598385761079;1.0040239998077305;40.1138795461012;37.7602073681353;8.610346028917519;0.21464755157929835;34.777131786962386;45.45062730524002;96.1;96.0;0.5385164807134505;0.0056037094767268526;95.76622402722784;96.43377597277215;99.5;100.0;1.2041594578792296;0.012102105104313865;98.75365423562533;100.24634576437467;0.4669896929945203;0.4762246866576453;0.03750829158229621;0.08031931356295767;0.44374181301633203;0.4902375729727086;1.0;1.0;0.0;0.0;1.0;1.0;ok
0.66;0.7;2;100.0;100.0;0.0;0.0;100.0;100.0;4934.8;4937.0;6.645299090334459;0.0013466197394695748;4930.681200951733;4938.918799048267;98.69599999999998;98.74;0.1329059818066874;0.001346619739469557;98.61362401903466;98.77837598096531;99.0;99.0;0.0;0.0;99.0;99.0;95.8;96.0;0.8717797887081347;0.00909999779444817;95.25966528891806;96.34033471108194;0.9969693187117403;0.9974144991885259;0.0013116506669988137;0.0013156379463048042;0.9961563492057101;0.9977822882177706;0.9969662136922928;0.997411744956296;0.0013137547287414987;0.0013177525082579986;0.9961519400752834;0.9977804873093021;1.0030707070707068;1.0026262626262625;0.001342484664714037;0.001338374907422558;1.0022386264548955;1.003902787686518;39.96568728104181;37.50617662501915;8.675769802942769;0.21708046059446154;34.58838944665038;45.34298511543324;96.1;96.0;0.5385164807134505;0.0056037094767268526;95.76622402722784;96.43377597277215;99.5;100.0;1.2041594578792296;0.012102105104313865;98.75365423562533;100.24634576437467;0.47207825841999407;0.4839782513665271;0.03599755674110988;0.07625336710398538;0.4497667415973952;0.4943897752425929;1.0;1.0;0.0;0.0;1.0;1.0;ok
0.66;0.75;2;100.0;100.0;0.0;0.0;100.0;100.0;4935.5;4937.5;5.886425061104575;0.001192670461170008;4931.851555948078;4939.148444051922;98.71;98.75;0.1177285012220892;0.0011926704611699849;98.63703111896157;98.78296888103841;99.0;99.0;0.0;0.0;99.0;99.0;95.9;96.0;0.7000000000000001;0.007299270072992701;95.46613550502491;96.3338644949751;0.9971075282306895;0.9975143538034188;0.001166107092018682;0.0011694898082736096;0.9963847675670244;0.9978302888943545;0.9971046652169067;0.9975116966033368;0.001167732510382439;0.0011711233044210206;0.9963808971085023;0.997828433325311;1.0029292929292928;1.0025252525252526;0.0011891767800211444;0.0011857035071214958;1.0021922335248643;1.0036663523337213;39.800899453443904;37.23622541661804;8.589856162000782;0.21582065430577893;34.47685144539357;45.12494746149424;96.1;96.0;0.5385164807134505;0.0056037094767268526;95.76622402722784;96.43377597277215;99.6;100.0;0.9165151389911679;0.009201959226818955;99.03193803154937;100.16806196845062;0.474234213257309;0.4852459381894999;0.037385171047007705;0.07883271599116645;0.4510626441774979;0.49740578233712013;1.0;1.0;0.0;0.0;1.0;1.0;ok
0.66;0.8;2;100.0;100.0;0.0;0.0;100.0;100.0;4937.0;4939.0;4.878524367060187;0.0009881556344055473;4933.976259270374;4940.023740729626;98.73999999999998;98.78;0.09757048734120093;0.000988155634405519;98.67952518540746;98.8004748145925;99.0;99.0;0.0;0.0;99.0;99.0;96.0;96.0;0.6324555320336759;0.0065880784586841235;95.608;96.392;0.9974030801590843;0.9978072291676667;0.0009724925425897724;0.0009750246033275346;0.9968003230364304;0.9980058372817382;0.9974006987304165;0.9978051694385464;0.0009735242304959412;0.0009760613078927381;0.9967973021609734;0.9980040952998596;1.0026262626262628;1.0022222222222221;0.000985560478194011;0.000982978917400837;1.002015405913207;1.0032371193393186;42.41752043759288;36.84221069081356;8.826892505996486;0.2080954382749252;36.94655578143048;47.88848509375527;96.3;96.0;0.45825756949558394;0.004758645581470238;96.01596901577469;96.58403098422531;99.7;100.0;0.45825756949558394;0.004596364789323811;99.41596901577469;99.98403098422531;0.4821205620140657;0.4886011358451873;0.03861035226266219;0.08008443386311274;0.45818961774942185;0.5060515062787095;1.0;1.0;0.0;0.0;1.0;1.0;ok
0.66;0.85;2;100.0;100.0;0.0;0.0;100.0;100.0;4937.4;4939.0;4.2708313008125245;0.0008649960102103384;4934.75291133507;4940.047088664929;98.74799999999998;98.78;0.08541662601625007;0.0008649960102103342;98.69505822670138;98.80094177329858;99.0;99.0;0.0;0.0;99.0;99.0;96.1;96.0;0.5385164807134505;0.0056037094767268526;95.76622402722784;96.43377597277215;0.9974821714173668;0.9978072291676667;0.0008506558390457445;0.0008528030509427649;0.9969549294659308;0.9980094133688029;0.9974798852065575;0.9978051694385464;0.0008516045951697326;0.0008537561586952531;0.9969520552099835;0.9980077152031315;1.0025454545454546;1.0022222222222221;0.0008627942021843737;0.0008606035749028028;1.0020106891586;1.0030802199323092;42.352575141779056;36.82170481413159;8.84775181165547;0.20890705658479622;36.86868175402343;47.836468529534685;96.3;96.0;0.45825756949558394;0.004758645581470238;96.01596901577469;96.58403098422531;99.8;100.0;0.4;0.004008016032064129;99.5520774314428;100.0479225685572;0.48471849695107394;0.4886011358451873;0.034807905371509615;0.07181055724189338;0.4631443336865723;0.5062926602155756;1.0;1.0;0.0;0.0;1.0;1.0;ok
0.66;0.9;2;100.0;100.0;0.0;0.0;100.0;100.0;4938.0;4939.0;4.123105625617661;0.0008349748128022804;4935.444472657161;4940.555527342839;98.75999999999999;98.78;0.08246211251235093;0.0008349748128022574;98.7088894531432;98.81111054685678;99.0;99.0;0.0;0.0;99.0;99.0;96.2;96.0;0.6;0.0062370062370062365;95.8281161471642;96.57188385283581;0.9976016532514048;0.9978072291676667;0.0008210647028649205;0.0008230386348988984;0.99709275207619;0.9981105544266197;0.9975994956329426;0.9978051694385464;0.0008220212590324514;0.0008239992728854652;0.9970900015780727;0.9981089896878125;1.0024242424242422;1.0022222222222221;0.0008329506314379112;0.0008309362405517255;1.0019079742741737;1.0029405105743108;42.179710220800544;36.560395221776574;8.776328469466259;0.2080699090516343;36.740085479171135;47.61933496242995;96.3;96.0;0.45825756949558394;0.004758645581470238;96.01596901577469;96.58403098422531;99.9;100.0;0.30000000000000004;0.0030030030030030034;99.71405807358211;100.0859419264179;0.4894992196846598;0.4886011358451873;0.03653624864569958;0.07464005493049936;0.46685381816044386;0.5121446212088758;1.0;1.0;0.0;0.0;1.0;1.0;ok
0.66;0.95;2;100.0;100.0;0.0;0.0;100.0;100.0;4938.3;4939.0;4.382921400162226;0.0008875364801980895;4935.583437171719;4941.016562828281;98.76599999999999;98.78;0.08765842800324226;0.0008875364801980668;98.71166874343436;98.82033125656562;99.0;99.0;0.0;0.0;99.0;99.0;96.2;96.0;0.6;0.0062370062370062365;95.8281161471642;96.57188385283581;0.9976613488305033;0.9978072291676667;0.0008729106124709231;0.0008749568312876732;0.9971203132275918;0.9982023844334148;0.9976592584929884;0.9978051694385464;0.0008739033566280317;0.0008759537379005575;0.9971176075808734;0.9982009094051034;1.0023636363636363;1.0022222222222221;0.0008854386666994236;0.000883350746752554;1.0018148357922665;1.0029124369350062;42.039861412284594;36.560395221776574;8.633365498114609;0.20536141671465707;36.688846038320364;47.390876786248825;96.3;96.0;0.45825756949558394;0.004758645581470238;96.01596901577469;96.58403098422531;99.9;100.0;0.30000000000000004;0.0030030030030030034;99.71405807358211;100.0859419264179;0.49244502453492733;0.4886011358451873;0.03937610366297499;0.07996040512372399;0.4680394626351789;0.5168505864346757;1.0;1.0;0.0;0.0;1.0;1.0;ok
0.66;1.0;2;100.0;100.0;0.0;0.0;100.0;100.0;4938.9;4939.0;3.6180105030251086;0.0007325539093776162;4936.657533857558;4941.142466142442;98.778;98.78;0.07236021006050346;0.0007325539093776291;98.73315067715116;98.82284932284885;99.0;99.0;0.0;0.0;99.0;99.0;96.3;96.0;0.6403124237432849;0.006649142510314485;95.90313024806619;96.6968697519338;0.9977806977654973;0.9978072291676667;0.0007216230284307958;0.0007232280901473149;0.9973334311786508;0.9982279643523437;0.9977787577806048;0.9978051694385464;0.0007223647242341061;0.0007239728432792938;0.9973310314859367;0.9982264840752728;1.0022424242424244;1.0022222222222221;0.0007309112127323446;0.0007292758668491072;1.0017894007793047;1.002695447705544;43.87930044014648;37.1257933352842;9.432944546300876;0.2149748161816726;38.03270083770509;49.72590004258787;96.4;96.0;0.4898979485566356;0.005081928926936053;96.09635810565734;96.70364189434267;99.9;100.0;0.30000000000000004;0.0030030030030030034;99.71405807358211;100.0859419264179;0.49779374686474276;0.4886011358451873;0.037231867717332515;0.07479376338459492;0.4747171961730852;0.5208702975564002;1.0;1.0;0.0;0.0;1.0;1.0;ok
0.71;0.0;2;100.0;100.0;0.0;0.0;100.0;100.0;4896.9;4897.5;11.344161493913951;0.002316600603221212;4889.868815860753;4903.931184139246;97.938;97.95;0.22688322987828038;0.0023166006032212254;97.79737631721505;98.07862368278495;99.0;99.0;0.0;0.0;99.0;99.0;91.9;92.5;1.5132745950421556;0.016466535310578404;90.96206268866199;92.83793731133802;0.9894918635203757;0.9895855534132327;0.0022720959365277685;0.0022962249820268296;0.9880836038688948;0.9909001231718565;0.9894810663809539;0.9895774195729566;0.002272799557169759;0.0022969611389155402;0.9880723706208809;0.9908897621410269;1.010727272727273;1.0106060606060607;0.002291749796750279;0.002267426494356275;1.009306831487021;1.0121477139675248;60.000682298083255;66.04037571685474;16.59922814017087;0.27665065636597164;49.712374106637924;70.28899048952859;96.4;97.0;1.0198039027185568;0.01057887865890619;95.7679189925334;97.03208100746662;91.3;90.0;3.132091952673165;0.034305497838698414;89.35870929533982;93.24129070466017;0.3728180699107685;0.37367695975539483;0.026058410661950075;0.06989578232671764;0.35666689965119597;0.388969240170341;1.0;1.0;0.0;0.0;1.0;1.0;ok
0.71;0.05;2;100.0;100.0;0.0;0.0;100.0;100.0;4915.1;4917.0;8.104936767180853;0.0016489871553337372;4910.076508146717;4920.123491853284;98.302;98.34;0.16209873534361777;0.0016489871553337445;98.20153016293435;98.40246983706567;99.0;99.0;0.0;0.0;99.0;99.0;93.2;94.0;1.3266499161421599;0.014234441160323604;92.3777338630346;94.0222661369654;0.9930859272087854;0.9934621284137012;0.001604322664003734;0.0016154922953272731;0.9920915577196495;0.9940802966979213;0.9930779594583103;0.9934548615193086;0.0016059499547304828;0.0016171438903008913;0.9920825813639326;0.9940733375526881;1.0070505050505052;1.0066666666666668;0.0016373609630668678;0.0016258975640797196;1.006035658211458;1.0080653518895524;62.25951751647356;62.82366972973181;8.610757249704694;0.13830427207256032;56.922514880050244;67.59652015289687;96.9;97.0;0.3;0.003095975232198142;96.71405807358211;97.0859419264179;93.2;93.0;2.9597297173897488;0.031756756624353524;91.36554051557414;95.03445948442587;0.3860782598364475;0.3777655961948574;0.02231305819910963;0.05779413274542318;0.37224848308372355;0.39990803658917146;1.0;1.0;0.0;0.0;1.0;1.0;ok
0.71;0.1;2;100.0;100.0;0.0;0.0;100.0;100.0;4923.4;4924.5;6.6211781428987395;0.0013448385552461185;4919.296151269844;4927.503848730155;98.46799999999999;98.49000000000001;0.13242356285797455;0.0013448385552461161;98.38592302539688;98.5500769746031;99.0;99.0;0.0;0.0;99.0;99.0;94.3;94.5;1.345362404707371;0.014266833559993329;93.46613574246163;95.13386425753836;0.9947177067263905;0.9949662254518683;0.0012991814116646231;0.001306080511967783;0.9939124657448863;0.9955229477078946;0.9947114966292748;0.9949577249726081;0.001301310230842019;0.0013082288032778336;0.9939049361919745;0.9955180570665751;1.0053737373737373;1.0051515151515151;0.0013376117460401774;0.0013304621916366353;1.0045446770242108;1.0062027977232637;58.949622336005255;59.89162184827087;7.595872307912191;0.1288536212262175;54.24165190348;63.65759276853051;96.9;97.0;0.3;0.003095975232198142;96.71405807358211;97.0859419264179;95.2;95.5;2.315167380558045;0.02431898508989543;93.76504439093051;96.6349556090695;0.4067122392710768;0.41099655364067256;0.020198743350150684;0.04966347554809647;0.3941929284385842;0.4192315501035694;1.0;1.0;0.0;0.0;1.0;1.0;ok
0.71;0.15;2;100.0;100.0;0.0;0.0;100.0;100.0;4929.0;4928.5;5.385164807134504;0.0010925471306825936;4925.662240272279;4932.337759727721;98.58;98.57;0.10770329614269188;0.0010925471306826118;98.51324480544557;98.64675519455443;99.0;99.0;0.0;0.0;99.0;99.0;94.9;95.0;1.445683229480096;0.015233753735301328;94.00395625106808;95.79604374893194;0.9958251061681672;0.9957183966737402;0.001058143621071887;0.0010625797788363811;0.9951692619570708;0.9964809503792637;0.9958202254989661;0.9957143538431583;0.0010598976562749322;0.001064346384151677;0.9951632941255875;0.9964771568723447;1.0042424242424244;1.0043434343434343;0.0010879120822493934;0.0010833161953599873;1.0035681293479353;1.0049167191369135;49.74873020463322;56.92951912584428;12.404081720842443;0.24933463969472774;42.06060070257151;57.436859706694925;96.5;97.0;0.6708203932499369;0.006951506665802455;96.08422121266231;96.91577878733769;97.5;98.0;2.0615528128088303;0.0211441314134239;96.22223632858028;98.77776367141972;0.43621517217705863;0.43895851607846903;0.020369359239806973;0.046695668878612734;0.4235901125205654;0.4488402318335519;1.0;1.0;0.0;0.0;1.0;1.0;ok
0.71;0.2;2;100.0;100.0;0.0;0.0;100.0;100.0;4933.1;4933.0;4.867237409455184;0.000986648843415942;4930.083254999176;4936.116745000825;98.662;98.66;0.09734474818910381;0.0009866488434159433;98.60166509998352;98.72233490001649;99.0;99.0;0.0;0.0;99.0;99.0;95.5;96.0;0.9219544457292888;0.00965397325370983;94.92856671430516;96.07143328569484;0.9966285292509098;0.9966139349329655;0.0009640680824174993;0.000967329405211906;0.9960309936627675;0.9972260648390522;0.9966253584605218;0.9966105176672583;0.0009651949621845092;0.0009684631782553046;0.9960271244250637;0.9972235924959799;1.0034141414141415;1.0034343434343433;0.0009832802847384169;0.0009799346492691946;1.0028046979796315;1.0040235848486516;43.45485937754702;37.877878119405494;12.06103151020366;0.2775531133449152;35.97935459889945;50.930364156194585;96.2;96.0;0.7483314773547882;0.007778913486016509;95.736179345005;96.663820654995;99.0;99.5;1.4832396974191326;0.014982219165849825;98.08067851107461;99.91932148892539;0.45453861820792485;0.4592521434822483;0.02360425282289422;0.05193013723664874;0.4399085507361111;0.4691686856797386;1.0;1.0;0.0;0.0;1.0;1.0;ok
0.71;0.25;2;100.0;100.0;0.0;0.0;100.0;100.0;4934.8;4935.5;4.512205669071391;0.00091436444619263;4932.003305951664;4937.596694048337;98.696;98.71000000000001;0.09024411338142858;0.0009143644461926378;98.64006611903326;98.75193388096673;99.0;99.0;0.0;0.0;99.0;99.0;95.8;96.0;1.16619037896906;0.012173177233497494;95.07718771454823;96.52281228545176;0.9969642513465204;0.9971238395792758;0.0008960987713552488;0.000898827385380127;0.9964088435738321;0.9975196591192088;0.9969614488064835;0.9971198682407147;0.0008970166065455335;0.0008997505446368067;0.9964054721536504;0.9975174254593167;1.003070707070707;1.0029292929292928;0.0009115567008225022;0.000908766146191772;1.0025057183740733;1.0036356957673407;45.15074489909644;46.31804601825684;12.424676277589967;0.2751820884762105;37.449850758516874;52.851639039676;96.3;96.5;0.7810249675906654;0.008110331958366204;95.81591570981904;96.78408429018096;99.3;100.0;1.4866068747318506;0.014970864800924981;98.37859151295422;100.22140848704578;0.46438566586071095;0.464744648573171;0.02799310396650575;0.06027986224471897;0.44703536026754875;0.48173597145387315;1.0;1.0;0.0;0.0;1.0;1.0;ok
0.71;0.3;2;100.0;100.0;0.0;0.0;100.0;100.0;4936.6;4937.5;3.9547439866570384;0.0008011068319606689;4934.148824282105;4939.051175717896;98.732;98.75;0.07909487973314112;0.0008011068319606726;98.68297648564209;98.78102351435791;99.0;99.0;0.0;0.0;99.0;99.0;96.1;97.0;1.2206555615733703;0.012701930921679191;95.34342984462774;96.85657015537225;0.9973203742242044;0.9975171749889316;0.0007825955926111806;0.0007846982903762956;0.9968353164505501;0.9978054319978586;0.9973180377196647;0.9975137783129742;0.0007835282986151169;0.0007856353429710637;0.9968324018488399;0.9978036735904894;1.0027070707070709;1.0025252525252526;0.0007989381791226323;0.0007967812359787705;1.0022118836933547;1.003202257720787;48.13946208863835;55.417875185258616;13.265291888151001;0.2755596201662131;39.91754899470986;56.361375182566846;96.4;97.0;1.019803902718557;0.010578878658906193;95.7679189925334;97.03208100746662;99.6;100.0;0.9165151389911679;0.009201959226818955;99.03193803154937;100.16806196845062;0.4734342020751064;0.47393925223463385;0.030681058343183406;0.06480532713670761;0.454417885098868;0.4924505190513448;1.0;1.0;0.0;0.0;1.0;1.0;ok
0.71;0.35;2;100.0;100.0;0.0;0.0;100.0;100.0;4937.8;4938.0;3.6823905279043943;0.0007457553015319361;4935.517630704729;4940.082369295272;98.756;98.76;0.07364781055808535;0.0007457553015319105;98.71035261409456;98.80164738590544;99.0;99.0;0.0;0.0;99.0;99.0;96.4;97.0;1.0198039027185568;0.01057887865890619;95.7679189925334;97.03208100746662;0.9975585296532706;0.9976104654955128;0.0007294621939916399;0.00073124751311102;0.9971064043012712;0.9980106550052701;0.9975564917808659;0.997607499038867;0.0007302860789134364;0.0007320749099729772;0.9971038557797014;0.9980091277820304;1.0024646464646465;1.0024242424242424;0.0007439172783645312;0.0007420882930765445;1.002003561758531;1.002925731170762;54.79516404141083;54.834216161438455;25.07154558739611;0.4575503336106188;39.25565909209533;70.33466899072633;96.6;97.0;0.9165151389911681;0.009487734358086627;96.03193803154937;97.16806196845062;99.6;100.0;0.9165151389911679;0.009201959226818955;99.03193803154937;100.16806196845062;0.4861146331877514;0.4968782161574784;0.03297132316726791;0.0678262305149194;0.46567879536685486;0.5065504710086479;1.0;1.0;0.0;0.0;1.0;1.0;ok
0.71;0.4;2;100.0;100.0;0.0;0.0;100.0;100.0;4938.7;4939.0;3.4073450074801643;0.0006899275128029977;4936.588105684462;4940.811894315538;98.77399999999999;98.78;0.06814690014960156;0.0006899275128029803;98.73176211368924;98.81623788631073;99.0;99.0;0.0;0.0;99.0;99.0;96.4;97.0;1.0198039027185568;0.01057887865890619;95.7679189925334;97.03208100746662;0.9977364980145005;0.9978076279682013;0.0006762371814980642;0.0006777713182225756;0.9973173618670232;0.9981556341619777;0.9977347966262127;0.9978051693097842;0.0006769165590634396;0.0006784533939804416;0.9973152393961578;0.9981543538562675;1.0022828282828282;1.0022222222222221;0.0006883525267636789;0.0006867847151916254;1.001856182966558;1.0027094735990985;55.34456021180334;54.535249822757834;24.245508515551276;0.43808295562859007;40.317038343925944;70.37208207968074;96.7;97.0;0.7810249675906654;0.008076783532478442;96.21591570981904;97.18408429018096;99.5;100.0;0.9219544457292888;0.009265873826425013;98.92856671430516;100.07143328569484;0.49185601387451217;0.5037011681076456;0.030922872505228877;0.06286976601473103;0.4726898189278542;0.5110222088211701;1.0;1.0;0.0;0.0;1.0;1.0;ok
0.71;0.45;2;100.0;100.0;0.0;0.0;100.0;100.0;4939.7;4940.5;3.001666203960727;0.0006076616401726274;4937.839548011907;4941.560451988093;98.79400000000001;98.81;0.06003332407921381;0.0006076616401726198;98.75679096023815;98.83120903976187;99.0;99.0;0.0;0.0;99.0;99.0;96.6;97.0;0.8;0.008281573498964804;96.1041548628856;97.0958451371144;0.9979361591418371;0.9980824869779219;0.0005973845744923641;0.0005986200309707964;0.9975658963465256;0.9983064219371486;0.9979346385869672;0.9980816799597672;0.000597875430978972;0.0005991128154700974;0.9975640715556533;0.9983052056182811;1.002080808080808;1.0019191919191919;0.0006063972129213522;0.0006051380368043654;1.0017049591943243;1.0024566569672915;55.935043289836166;54.25054479593379;23.367077513199064;0.417753811186288;41.451978597967354;70.41810798170498;96.8;97.0;0.6;0.006198347107438017;96.42811614716419;97.1718838528358;99.6;100.0;0.9165151389911679;0.009201959226818955;99.03193803154937;100.16806196845062;0.5041279228789659;0.5076542002544471;0.02852961360013191;0.05659201227578397;0.486445085169743;0.5218107605881888;1.0;1.0;0.0;0.0;1.0;1.0;ok
0.71;0.5;2;100.0;100.0;0.0;0.0;100.0;100.0;4940.3;4941.0;3.195309061734091;0.0006467844183013361;4938.319526925202;4942.2804730747985;98.80600000000001;98.82;0.06390618123468397;0.0006467844183013578;98.76639053850406;98.84560946149597;99.0;99.0;0.0;0.0;99.0;99.0;96.6;97.0;0.8;0.008281573498964804;96.1041548628856;97.0958451371144;0.9980565119188343;0.9981799812239807;0.0006369914992078775;0.0006382318952893922;0.9976617004972524;0.9984513233404161;0.9980550735072045;0.9981793241482824;0.0006374630181976552;0.000638705252965235;0.997659969835125;0.998450177179284;1.0019595959595962;1.0018181818181817;0.0006455169821684967;0.0006442545036462;1.00155950038893;1.0023596915302624;55.65155515617255;53.958075923805204;23.421017939284734;0.42085109524000447;41.135057841843164;70.16805247050193;96.8;97.0;0.6;0.006198347107438017;96.42811614716419;97.1718838528358;99.6;100.0;0.9165151389911679;0.009201959226818955;99.03193803154937;100.16806196845062;0.5100076251509672;0.5076542002544471;0.03235873588748292;0.06344755311825861;0.4899514728597451;0.5300637774421894;1.0;1.0;0.0;0.0;1.0;1.0;ok
0.71;0.55;2;100.0;100.0;0.0;0.0;100.0;100.0;4940.7;4941.5;3.0675723300355937;0.0006208780800363499;4938.7986989717565;4942.601301028243;98.81400000000001;98.83;0.06135144660071054;0.0006208780800363363;98.77597397943514;98.85202602056488;99.0;99.0;0.0;0.0;99.0;99.0;96.7;97.0;0.6403124237432849;0.006621638301378334;96.3031302480662;97.09686975193381;0.9981362910542636;0.9982816713845803;0.0006122253295361048;0.0006133684698403789;0.9977568298636776;0.9985157522448496;0.9981349071832982;0.9982810316508195;0.0006126826484336876;0.0006138274936828495;0.9977551625435229;0.9985146518230735;1.001878787878788;1.0017171717171718;0.0006197115818253797;0.0006185494586001308;1.001494686660961;1.002262889096615;55.26914212672706;53.958075923805204;22.607041732648803;0.409035509920037;41.25715249213175;69.28113176132237;96.8;97.0;0.6;0.006198347107438017;96.42811614716419;97.1718838528358;99.7;100.0;0.9;0.009027081243731194;99.1421742207463;100.25782577925371;0.5137755856695525;0.5116698324938791;0.033400054608737094;0.06500903417823978;0.4930740173481803;0.5344771539909247;1.0;1.0;0.0;0.0;1.0;1.0;ok
0.71;0.6;2;100.0;100.0;0.0;0.0;100.0;100.0;4941.2;4942.0;2.7129319932501073;0.0005490431460475405;4939.518507329781;4942.881492670219;98.824;98.84;0.05425863986500225;0.0005490431460475416;98.79037014659562;98.85762985340438;99.0;99.0;0.0;0.0;99.0;99.0;96.7;97.0;0.6403124237432849;0.006621638301378334;96.3031302480662;97.09686975193381;0.9982369221702558;0.9983855053267789;0.0005401941697593467;0.0005411482562525503;0.99790210635504;0.9985717379854717;0.9982355790880204;0.998384806824524;0.000540678959848116;0.0005416346313182663;0.9979004627967945;0.9985706953792464;1.0017777777777777;1.0016161616161616;0.0005480670693434644;0.000547094456975508;1.0014380822888445;1.0021174732667109;53.1202229704817;52.85182673662226;23.250690163614998;0.43769940831263343;38.70929590525401;67.53115003570939;96.7;97.0;0.6403124237432849;0.006621638301378334;96.3031302480662;97.09686975193381;100.0;100.0;0.0;0.0;100.0;100.0;0.518656141795663;0.5242903082115975;0.030817632661194812;0.0594182352772295;0.4995551751801237;0.5377571084112023;1.0;1.0;0.0;0.0;1.0;1.0;ok
0.71;0.65;2;100.0;100.0;0.0;0.0;100.0;100.0;4941.8;4942.5;2.6;0.0005261240843417378;4940.188503304378;4943.411496695622;98.836;98.85;0.05200000000000026;0.0005261240843417405;98.80377006608757;98.86822993391243;99.0;99.0;0.0;0.0;99.0;99.0;96.7;97.0;0.6403124237432849;0.006621638301378334;96.3031302480662;97.09686975193381;0.9983564258920159;0.9985025969705688;0.0005176957915655442;0.0005185480637368474;0.9980355547160754;0.9986772970679564;0.9983551862450044;0.9985009200610673;0.0005181900650365224;0.000519043795410659;0.9980340087151928;0.9986763637748161;1.0016565656565657;1.0015151515151515;0.0005252525252525236;0.0005243838489774498;1.0013310107685613;1.00198212054457;52.624921682055934;52.57173309704679;22.516515387129072;0.42786791252948814;38.669040857719;66.58080250639287;96.7;97.0;0.6403124237432849;0.006621638301378334;96.3031302480662;97.09686975193381;100.0;100.0;0.0;0.0;100.0;100.0;0.5230944386229757;0.5286933514624391;0.03128943950576757;0.05981604313770897;0.503701043095513;0.5424878341504383;1.0;1.0;0.0;0.0;1.0;1.0;ok
0.71;0.7;2;100.0;100.0;0.0;0.0;100.0;100.0;4942.0;4942.5;2.280350850198276;0.0004614226730470004;4940.586623900018;4943.413376099982;98.84;98.85;0.04560701700396455;0.0004614226730469906;98.81173247800037;98.86826752199964;99.0;99.0;0.0;0.0;99.0;99.0;96.7;97.0;0.6403124237432849;0.006621638301378334;96.3031302480662;97.09686975193381;0.9983967947452086;0.9985025969705688;0.00045243508243170773;0.00045316159347964395;0.998116372575854;0.9986772169145632;0.9983955674298384;0.9985009200610673;0.00045294456432355354;0.00045367245118041244;0.9981148294803356;0.9986763053793412;1.0016161616161614;1.0015151515151515;0.00046067693943399813;0.0004599336123836812;1.0013306310909125;1.0019016921414103;52.57418511539869;52.57173309704679;22.553208362850278;0.42897875284888753;38.595561749089725;66.55280848170766;96.7;97.0;0.6403124237432849;0.006621638301378334;96.3031302480662;97.09686975193381;100.0;100.0;0.0;0.0;100.0;100.0;0.5251239063930785;0.5286933514624391;0.02753869711452007;0.05244228415284932;0.508055245084702;0.542192567701455;1.0;1.0;0.0;0.0;1.0;1.0;ok
0.71;0.75;2;100.0;100.0;0.0;0.0;100.0;100.0;4942.8;4943.5;1.886796226411321;0.00038172619292937623;4941.63055158301;4943.96944841699;98.85600000000001;98.87;0.03773592452822689;0.000381726192929381;98.8326110316602;98.87938896833981;99.0;99.0;0.0;0.0;99.0;99.0;96.8;97.0;0.6;0.006198347107438017;96.42811614716419;97.1718838528358;0.9985569151252639;0.9987013518029912;0.00037391663486863977;0.000374457008113287;0.9983251591939066;0.9987886710566212;0.9985558226798927;0.9986999400836032;0.0003743541063561205;0.00037489552196635407;0.9983237956008983;0.9987878497588871;1.0014545454545456;1.0013131313131312;0.0003811709548305629;0.00038061732962383726;1.0012182932490932;1.001690797659998;54.0061531673907;53.11312165277847;21.213164892050635;0.39279162924826305;40.85809734922912;67.15420898555227;96.8;97.0;0.6;0.006198347107438017;96.42811614716419;97.1718838528358;100.0;100.0;0.0;0.0;100.0;100.0;0.5353990667326597;0.5397788351128934;0.022588968732803708;0.04219090046356587;0.5213982788594222;0.5493998546058971;1.0;1.0;0.0;0.0;1.0;1.0;ok
0.71;0.8;2;100.0;100.0;0.0;0.0;100.0;100.0;4943.1;4944.0;1.8681541692269406;0.0003779316965521516;4941.942106049762;4944.257893950239;98.862;98.88;0.03736308338454058;0.0003779316965521695;98.83884212099521;98.88515787900478;99.0;99.0;0.0;0.0;99.0;99.0;96.8;97.0;0.6;0.006198347107438017;96.42811614716419;97.1718838528358;0.9986156847984764;0.9987874723460155;0.0003717340522489169;0.00037224936270046066;0.9983852816458421;0.9988460879511107;0.9986147088743073;0.998787000862668;0.00037209046373161246;0.0003726066323928405;0.9983840848155473;0.9988453329330672;1.0013939393939395;1.0012121212121212;0.000377404882672098;0.00037687953544087734;1.0011600214241942;1.0016278573636848;53.90297360009159;52.8388935347467;21.25843596271584;0.3943833622321667;40.72685848162838;67.0790887185548;96.8;97.0;0.6;0.006198347107438017;96.42811614716419;97.1718838528358;100.0;100.0;0.0;0.0;100.0;100.0;0.5364932847258006;0.5397788351128934;0.02171143471526069;0.04046916398283962;0.523036398071627;0.5499501713799742;1.0;1.0;0.0;0.0;1.0;1.0;ok
0.71;0.85;2;100.0;100.0;0.0;0.0;100.0;100.0;4943.4;4944.0;1.6852299546352716;0.00034090503593382527;4942.355483652593;4944.4445163474065;98.868;98.88;0.03370459909270767;0.0003409050359338479;98.84710967305186;98.88889032694813;99.0;99.0;0.0;0.0;99.0;99.0;96.9;97.0;0.7000000000000001;0.007223942208462332;96.46613550502491;97.3338644949751;0.9986749259638253;0.9987896161276144;0.00033549557273474635;0.00033594071905926565;0.9984669836534954;0.9988828682741553;0.9986740423713562;0.998789068545466;0.00033578952908575667;0.0003362353629302539;0.9984659178649923;0.99888216687772;1.0013333333333334;1.0012121212121212;0.0003404504958859051;0.00033999716633079737;1.001122319929817;1.0015443467368499;59.55299520575754;52.84030748666467;27.211105673615574;0.45692253730648336;42.68737717604705;76.41861323546803;96.9;97.0;0.7000000000000001;0.007223942208462332;96.46613550502491;97.3338644949751;100.0;100.0;0.0;0.0;100.0;100.0;0.5394356564847378;0.5469023400338153;0.022477896572115307;0.04166928215052331;0.5255037118499329;0.5533676011195426;1.0;1.0;0.0;0.0;1.0;1.0;ok
0.71;0.9;2;100.0;100.0;0.0;0.0;100.0;100.0;4943.6;4944.0;1.7435595774162693;0.0003526902616344909;4942.519330577837;4944.680669422164;98.872;98.88;0.03487119154832562;0.00035269026163449327;98.85038661155673;98.89361338844327;99.0;99.0;0.0;0.0;99.0;99.0;97.0;97.0;0.7745966692414834;0.007985532672592612;96.5199000104145;97.4800999895855;0.9987142314549262;0.9987896161276144;0.0003477286667340521;0.00034817634092134764;0.998498706994382;0.9989297559154704;0.9987134008721655;0.998789068545466;0.00034802474815276625;0.0003484730933307193;0.9984976928984568;0.9989291088458743;1.0012929292929293;1.0012121212121212;0.00035223425806391804;0.0003517794321314652;1.0010746122379468;1.0015112463479119;64.90412670636374;53.677920319177986;30.349272026381605;0.46760157738022395;46.0934530198094;83.71480039291808;97.0;97.0;0.7745966692414834;0.007985532672592612;96.5199000104145;97.4800999895855;100.0;100.0;0.0;0.0;100.0;100.0;0.5419555366472398;0.5469023400338153;0.0241448738553147;0.044551392545382665;0.5269903887879918;0.5569206845064879;1.0;1.0;0.0;0.0;1.0;1.0;ok
0.71;0.95;2;100.0;100.0;0.0;0.0;100.0;100.0;4943.8;4944.0;1.8867962264113207;0.0003816489798153891;4942.63055158301;4944.96944841699;98.876;98.88;0.03773592452822689;0.0003816489798153939;98.8526110316602;98.8993889683398;99.0;99.0;0.0;0.0;99.0;99.0;97.0;97.0;0.7745966692414834;0.007985532672592612;96.5199000104145;97.4800999895855;0.9987547889072104;0.9987984575384451;0.00037683964876155784;0.00037730947870986205;0.9985212212730725;0.9989883565413482;0.9987539680360825;0.9987973391912044;0.0003771467047749493;0.0003776172279110524;0.9985202100866558;0.9989877259855092;1.0012525252525253;1.0012121212121212;0.0003811709548305888;0.00038069412582450554;1.0010162730470729;1.0014887774579777;64.79612589461138;53.40507669811608;30.392929388823838;0.46905473080685206;45.95839309447427;83.63385869474848;97.0;97.0;0.7745966692414834;0.007985532672592612;96.5199000104145;97.4800999895855;100.0;100.0;0.0;0.0;100.0;100.0;0.5451861614158513;0.5549114475216729;0.025745006251383647;0.04722241332121074;0.5292292412224407;0.5611430816092619;1.0;1.0;0.0;0.0;1.0;1.0;ok
0.71;1.0;2;100.0;100.0;0.0;0.0;100.0;100.0;4944.1;4944.5;1.7578395831246945;0.0003555428860914412;4943.010479738601;4945.1895202614;98.88199999999999;98.89;0.03515679166249547;0.0003555428860914572;98.860209594772;98.90379040522798;99.0;99.0;0.0;0.0;99.0;99.0;97.0;97.0;0.7745966692414834;0.007985532672592612;96.5199000104145;97.4800999895855;0.9988157186602422;0.9988998926766977;0.0003496291080617859;0.00035004365823433333;0.9985990162939596;0.9990324210265248;0.9988149091279412;0.9988987997310481;0.00034998056107632435;0.00035039581195467947;0.9985979889288235;0.999031829327059;1.0011919191919192;1.001111111111111;0.0003551191077019627;0.0003546963383290049;1.0009718140886061;1.0014120242952322;64.43350236626495;53.120371671292034;30.045638673687282;0.4663046019584075;45.81102258145964;83.05598215107025;97.0;97.0;0.7745966692414834;0.007985532672592612;96.5199000104145;97.4800999895855;100.0;100.0;0.0;0.0;100.0;100.0;0.5495765797855098;0.5608070121920964;0.023262677358761592;0.04232836371564562;0.5351582229797557;0.5639949365912639;1.0;1.0;0.0;0.0;1.0;1.0;ok
0.76;0.0;2;100.0;100.0;0.0;0.0;100.0;100.0;4923.1;4922.0;4.4147480109288235;0.0008967414862442004;4920.363710833994;4925.836289166006;98.46200000000002;98.44;0.08829496021857554;0.0008967414862441909;98.40727421667991;98.51672578332013;99.0;99.0;0.0;0.0;99.0;99.0;93.9;94.0;1.2206555615733703;0.012999526747320236;93.14342984462775;94.65657015537226;0.9946533636930577;0.9944832585106027;0.0008694728754482207;0.000874146619501639;0.9941144588216279;0.9951922685644875;0.9946481601531808;0.9944752413592235;0.0008707394324378285;0.0008754245645050309;0.9941084702615958;0.9951878500447658;1.0054343434343433;1.0056565656565657;0.0008918682850361199;0.0008870477628501263;1.0048815577442411;1.0059871291244455;59.35201826086221;61.14855915813281;6.999920363133044;0.11793904517900645;55.013422670552714;63.690613851171705;96.9;97.0;0.30000000000000004;0.0030959752321981426;96.71405807358211;97.0859419264179;95.8;96.0;1.2489995996796797;0.013037574109391228;95.02586202780124;96.57413797219876;0.4027513117978743;0.4067729635267785;0.016796994717941903;0.04170562385746289;0.3923404266115896;0.41316219698415907;1.0;1.0;0.0;0.0;1.0;1.0;ok
0.76;0.05;2;100.0;100.0;0.0;0.0;100.0;100.0;4933.4;4932.5;5.0039984012787215;0.001014310293363344;4930.298489658247;4936.501510341753;98.66799999999999;98.65;0.10007996802557416;0.0010143102933633415;98.60596979316493;98.73003020683505;99.0;99.0;0.0;0.0;99.0;99.0;95.4;95.5;1.1135528725660042;0.011672461976582853;94.70981277902297;96.09018722097704;0.9966865691865763;0.9965153180147321;0.000993023629231425;0.0009963248827982696;0.9960710867645837;0.9973020516085689;0.9966837603395463;0.9965122357999749;0.0009940739889694524;0.00099738154520627;0.9960676268978433;0.9972998937812493;1.0033535353535352;1.0035353535353535;0.0010109087679350964;0.001007529980525657;1.0027269676077266;1.0039801030993438;51.53235709280377;55.757648365712;9.80439505310081;0.19025706577799725;45.455530081018104;57.60918410458944;96.7;97.0;0.45825756949558405;0.004738961421877808;96.41596901577469;96.98403098422531;98.4;98.5;1.3564659966250536;0.013785223542937536;97.55925366489053;99.24074633510948;0.45206101694298784;0.45273711360927055;0.03515515058067983;0.07776638387979704;0.43027162886804454;0.47385040501793113;1.0;1.0;0.0;0.0;1.0;1.0;ok
0.76;0.1;2;100.0;100.0;0.0;0.0;100.0;100.0;4937.7;4937.0;3.318132004607412;0.0006719995148768479;4935.643400476514;4939.756599523485;98.754;98.74000000000001;0.06636264009214779;0.0006719995148768434;98.7128680095303;98.79513199046971;99.0;99.0;0.0;0.0;99.0;99.0;95.9;96.0;0.9433981132056604;0.009837310878056938;95.3152757915051;96.48472420849491;0.9975415733855735;0.997410005833292;0.0006581501482112954;0.0006597721496233869;0.9971336476974714;0.9979494990736756;0.9975396112119645;0.9974075110938416;0.0006588311394743426;0.0006604561183028042;0.9971312634411047;0.9979479589828244;1.0024848484848485;1.0026262626262628;0.0006703296979004912;0.0006686681588391333;1.0020693738336395;1.0029003231360576;47.05631255951833;53.95660000683549;11.152401265416307;0.23700117282480204;40.14398264126186;53.96864247777481;96.5;97.0;0.6708203932499369;0.006951506665802455;96.08422121266231;96.91577878733769;99.3;100.0;0.9;0.00906344410876133;98.74217422074629;99.8578257792537;0.4830714131227169;0.4859729696664554;0.030362791080777413;0.06285362837867661;0.4642523602394369;0.501890466005997;1.0;1.0;0.0;0.0;1.0;1.0;ok
0.76;0.15;2;100.0;100.0;0.0;0.0;100.0;100.0;4939.1;4939.0;3.419064199455752;0.0006922443763956494;4936.980842054023;4941.219157945978;98.78200000000001;98.78;0.06838128398911514;0.0006922443763956503;98.73961684108046;98.82438315891956;99.0;99.0;0.0;0.0;99.0;99.0;96.0;96.0;1.0;0.010416666666666666;95.38019357860699;96.61980642139301;0.9978192391458286;0.9978050912983036;0.0006774429833586621;0.0006789235532666008;0.9973993556346152;0.998239122657042;0.9978175675153536;0.9978030965241698;0.0006781733579201606;0.0006796566626992419;0.9973972313132969;0.9982379037174102;1.0022020202020203;1.0022222222222221;0.0006907200402941331;0.0006892024026801505;1.001773907485661;1.0026301329183795;46.504487159298066;53.11754281738499;10.778796753225159;0.2317797144241823;39.823719716759065;53.185254601837066;96.5;97.0;0.6708203932499369;0.006951506665802455;96.08422121266231;96.91577878733769;99.5;100.0;0.6708203932499369;0.006741913499999366;99.08422121266231;99.91577878733769;0.49375534033913543;0.49024239040218404;0.02869343618957829;0.058112659945855426;0.4759709643370044;0.5115397163412664;1.0;1.0;0.0;0.0;1.0;1.0;ok
0.76;0.2;2;100.0;100.0;0.0;0.0;100.0;100.0;4940.9;4941.5;3.1128764832546763;0.0006300221585651757;4938.9706191666755;4942.829380833324;98.818;98.83;0.06225752966509506;0.0006300221585651912;98.77941238333351;98.85658761666649;99.0;99.0;0.0;0.0;99.0;99.0;96.4;96.5;1.1135528725660042;0.011551378346120375;95.70981277902297;97.09018722097704;0.9981760222600556;0.9982881412483771;0.0006174757915609871;0.0006186041116905488;0.9977933067993914;0.9985587377207199;0.9981747656240622;0.9982872430708682;0.0006181393523224984;0.000619269664602306;0.997791638884177;0.9985578923639473;1.0018383838383838;1.0017171717171718;0.0006288639360110444;0.0006277099641577444;1.0014486099326616;1.002228157744106;55.352364767306995;53.955124253504835;29.400617013826828;0.5311537661926928;37.12967354922077;73.57505598539322;96.5;97.0;1.118033988749895;0.011585844443004091;95.80703535443719;97.19296464556281;99.9;100.0;0.30000000000000004;0.0030030030030030034;99.71405807358211;100.0859419264179;0.5110562788626412;0.5096383400013521;0.03502857364583386;0.06854151899628386;0.48934534398471563;0.5327672137405667;1.0;1.0;0.0;0.0;1.0;1.0;ok
0.76;0.25;2;100.0;100.0;0.0;0.0;100.0;100.0;4942.6;4943.5;2.727636339397171;0.0005518626511142255;4940.909393481617;4944.290606518383;98.852;98.87;0.054552726787943824;0.0005518626511142296;98.81818786963234;98.88581213036767;99.0;99.0;0.0;0.0;99.0;99.0;96.8;97.0;1.16619037896906;0.01204742127034153;96.07718771454823;97.52281228545176;0.9985149838240968;0.9986902377711473;0.0005424153782782805;0.0005432220718420736;0.9981787912895775;0.998851176358616;0.9985140405976681;0.9986895966021383;0.0005429282399179379;0.0005437362098513548;0.9981775301882114;0.9988505510071248;1.0014949494949497;1.0013131313131312;0.0005510376443226253;0.0005502151005359654;1.0011534128245692;1.0018364861653302;70.09671170097833;54.84995501254378;33.681057020263424;0.4804941088241282;49.2209762805152;90.97244712144146;97.0;97.0;1.0;0.010309278350515464;96.38019357860699;97.61980642139301;99.9;100.0;0.30000000000000004;0.0030030030030030034;99.71405807358211;100.0859419264179;0.530897789893924;0.5409605862508694;0.033082697804902354;0.06231462709896088;0.5103929213574413;0.5514026584304067;1.0;1.0;0.0;0.0;1.0;1.0;ok
0.76;0.3;2;100.0;100.0;0.0;0.0;100.0;100.0;4943.0;4943.5;2.6832815729997477;0.0005428447446894088;4941.336884850649;4944.663115149351;98.85999999999999;98.87;0.05366563145999646;0.0005428447446894242;98.82673769701297;98.893262302987;99.0;99.0;0.0;0.0;99.0;99.0;97.0;97.0;0.8944271909999159;0.009220898876287792;96.44562828354975;97.55437171645025;0.9985932685383634;0.9986902377711473;0.0005346789758591434;0.0005354321851595802;0.998261871075742;0.9989246660009847;0.9985924397045982;0.9986895966021383;0.0005351575320348102;0.000535911860291191;0.9982607456297862;0.9989241337794103;1.0014141414141413;1.0013131313131312;0.0005420770854544566;0.0005413115943109866;1.0010781585556867;1.001750124272596;68.788655861267;54.248972434757036;33.78761943375193;0.49118010827097447;47.84687237264456;89.73043934988945;97.0;97.0;0.8944271909999159;0.009220898876287792;96.44562828354975;97.55437171645025;100.0;100.0;0.0;0.0;100.0;100.0;0.5331636664687065;0.5438646788972842;0.03492642471724887;0.0655078860654111;0.5115160441526564;0.5548112887847566;1.0;1.0;0.0;0.0;1.0;1.0;ok
0.76;0.35;2;100.0;100.0;0.0;0.0;100.0;100.0;4943.5;4943.5;2.4596747752497685;0.0004975573531404406;4941.975477779762;4945.024522220238;98.86999999999999;98.87;0.049193495504996854;0.0004975573531404557;98.83950955559523;98.90049044440475;99.0;99.0;0.0;0.0;99.0;99.0;97.1;97.0;0.8306623862918076;0.00855471046644498;96.5851501189667;97.6148498810333;0.9986931957689112;0.9986902377711473;0.000489894990258199;0.0004905360248109234;0.9983895557081409;0.9989968358296816;0.9986924384442819;0.9986895966021383;0.0004903561613817932;0.0004909981717150557;0.9983885125466878;0.998996364341876;1.0013131313131312;1.0013131313131312;0.0004969039949999317;0.0004962523504992762;1.0010051470262145;1.0016211156000479;70.32320884681384;54.25048078849066;32.21077389479559;0.4580390232897481;50.35876434878145;90.28765334484623;97.1;97.0;0.8306623862918076;0.00855471046644498;96.5851501189667;97.6148498810333;100.0;100.0;0.0;0.0;100.0;100.0;0.5392545074025344;0.5438646788972842;0.031102500010617647;0.05767684754353055;0.5199769781745777;0.5585320366304912;1.0;1.0;0.0;0.0;1.0;1.0;ok
0.76;0.4;2;100.0;100.0;0.0;0.0;100.0;100.0;4944.1;4944.5;2.7367864366808017;0.0005535459308429848;4942.403722192565;4945.796277807436;98.88200000000002;98.89;0.054735728733615895;0.0005535459308429834;98.8480744438513;98.91592555614874;99.0;99.0;0.0;0.0;99.0;99.0;97.2;97.0;0.7483314773547882;0.007698883511880537;96.736179345005;97.663820654995;0.9988140095673093;0.9988930230402064;0.0005454587910981701;0.0005461064681446202;0.9984759307059814;0.9991520884286371;0.9988133140686543;0.9988924355607901;0.0005459590162373386;0.0005466076678667617;0.9984749251645729;0.9991517029727356;1.001191919191919;1.001111111111111;0.0005528861488244011;0.0005522279377470865;1.0008492368065784;1.0015346015772595;71.27454706274379;54.25048078849066;29.83932870065746;0.4186533612677968;52.77993952401979;89.76915460146779;97.2;97.0;0.7483314773547882;0.007698883511880537;96.736179345005;97.663820654995;100.0;100.0;0.0;0.0;100.0;100.0;0.5474616327743032;0.5557360774598985;0.03382550824320376;0.06178608000672201;0.5264963655582835;0.5684268999903228;1.0;1.0;0.0;0.0;1.0;1.0;ok
0.76;0.45;2;100.0;100.0;0.0;0.0;100.0;100.0;4944.7;4946.0;2.5317977802344327;0.0005120225251753256;4943.130775478142;4946.269224521858;98.894;98.92;0.05063595560468784;0.0005120225251753174;98.86261550956284;98.92538449043717;99.0;99.0;0.0;0.0;99.0;99.0;97.3;97.5;0.7810249675906654;0.0080269780841795;96.81591570981904;97.78408429018096;0.9989345493439166;0.9991908991025349;0.0005036426614899686;0.0005041798402315274;0.9986223883882376;0.9992467102995956;0.9989339219394046;0.9991906110886281;0.0005041491224041011;0.0005046871583110408;0.9986214470759989;0.9992463968028102;1.001070707070707;1.0008080808080808;0.0005114742990372602;0.000510927245622755;1.0007536920157862;1.0013877221256278;76.60831269488031;80.01381952241434;31.171627510969163;0.40689615022747194;57.28793779831086;95.92868759144977;97.3;97.5;0.7810249675906654;0.0080269780841795;96.81591570981904;97.78408429018096;100.0;100.0;0.0;0.0;100.0;100.0;0.5559600827554615;0.5727586799764781;0.029894158264321298;0.05377033206441588;0.5374314915010965;0.5744886740098265;1.0;1.0;0.0;0.0;1.0;1.0;ok
0.76;0.5;2;100.0;100.0;0.0;0.0;100.0;100.0;4945.0;4946.0;2.23606797749979;0.00045218765975728813;4943.614070708874;4946.385929291126;98.9;98.92;0.044721359549995794;0.0004521876597572881;98.8722814141775;98.92771858582252;99.0;99.0;0.0;0.0;99.0;99.0;97.3;97.5;0.7810249675906654;0.0080269780841795;96.81591570981904;97.78408429018096;0.9989937747479338;0.9991908991025349;0.0004475305761036183;0.0004479813462466663;0.9987163924230951;0.9992711570727726;0.9989932367496601;0.9991906110886281;0.00044784809687335134;0.0004482994282628748;0.9987156576234094;0.9992708158759108;1.001010101010101;1.0008080808080808;0.000451730904545405;0.0004512750711402129;1.000730115294722;1.00129008672548;76.5073437498478;80.01381952241434;31.278042799641604;0.4088240587976736;57.12101197402478;95.89367552567083;97.3;97.5;0.7810249675906654;0.0080269780841795;96.81591570981904;97.78408429018096;100.0;100.0;0.0;0.0;100.0;100.0;0.5580608178764196;0.5727586799764781;0.030876749532378726;0.055328646167766365;0.5389232102445078;0.5771984255083313;1.0;1.0;0.0;0.0;1.0;1.0;ok
0.76;0.55;2;100.0;100.0;0.0;0.0;100.0;100.0;4945.3;4946.0;2.0024984394500787;0.0004049296179099506;4944.058838608399;4946.541161391601;98.90599999999999;98.92;0.04004996878900013;0.000404929617909936;98.88117677216798;98.93082322783201;99.0;99.0;0.0;0.0;99.0;99.0;97.3;97.5;0.7810249675906654;0.0080269780841795;96.81591570981904;97.78408429018096;0.9990542592800455;0.9991908991025349;0.000400559359494564;0.0004009385434012578;0.9988059900168818;0.9993025285432093;0.9990537471260211;0.9991906110886281;0.0004008553148173646;0.00040123498457465926;0.9988052944278478;0.9993021998241944;1.0009494949494948;1.0008080808080808;0.0004045451392828495;0.00040416139008418375;1.000698755274424;1.0012002346245656;76.19840723452693;79.73055901097219;31.127452399467156;0.4085052894040379;56.90541235573217;95.49140211332168;97.3;97.5;0.7810249675906654;0.0080269780841795;96.81591570981904;97.78408429018096;100.0;100.0;0.0;0.0;100.0;100.0;0.5616193730502484;0.5727586799764781;0.028234772224792676;0.0502738573127293;0.5441192799187532;0.5791194661817437;1.0;1.0;0.0;0.0;1.0;1.0;ok
0.76;0.6;2;100.0;100.0;0.0;0.0;100.0;100.0;4945.4;4946.0;2.154065922853802;0.0004355696046535775;4944.064896108911;4946.735103891088;98.90799999999999;98.92;0.043081318457076176;0.0004355696046535789;98.88129792217822;98.93470207782175;99.0;99.0;0.0;0.0;99.0;99.0;97.4;98.0;0.8;0.008213552361396304;96.9041548628856;97.8958451371144;0.9990740490141212;0.9991908991025349;0.00043078520600077274;0.00043118446167815923;0.9988070455772008;0.9993410524510417;0.9990735609544961;0.9991906110886281;0.00043110959019404316;0.0004315093573111565;0.9988063564621696;0.9993407654468225;1.0009292929292928;1.0008080808080808;0.00043516483289977924;0.00043476081275055654;1.000659574971497;1.0011990108870885;81.24977514690731;103.6478373986963;30.72374443949614;0.37813943957315194;62.207001054070055;100.29254923974457;97.4;98.0;0.8;0.008213552361396304;96.9041548628856;97.8958451371144;100.0;100.0;0.0;0.0;100.0;100.0;0.5626212878819333;0.5727586799764781;0.029702010694489776;0.052792191362518746;0.5442117909252049;0.5810307848386618;1.0;1.0;0.0;0.0;1.0;1.0;ok
0.76;0.65;2;100.0;100.0;0.0;0.0;100.0;100.0;4945.5;4946.0;2.247220505424423;0.00045439702869768945;4944.107158300452;4946.892841699548;98.91;98.92;0.04494441010848806;0.0004543970286976854;98.88214316600903;98.93785683399096;99.0;99.0;0.0;0.0;99.0;99.0;97.4;98.0;0.8;0.008213552361396304;96.9041548628856;97.8958451371144;0.9990942850373024;0.9991908991025349;0.00044965246485203635;0.0004500600910105777;0.9988155875521919;0.9993729825224128;0.9990938038496079;0.9991906110886281;0.0004499827202791514;0.00045039086274514285;0.9988149016700629;0.9993727060291528;1.0009090909090907;1.0008080808080808;0.0004539839404897928;0.0004535716026691845;1.000627708747566;1.0011904730706156;81.03147028438404;102.55631308607995;30.55592389834037;0.37708712172076864;62.092712440596785;99.9702281281713;97.4;98.0;0.8;0.008213552361396304;96.9041548628856;97.8958451371144;100.0;100.0;0.0;0.0;100.0;100.0;0.5638478293191035;0.5727586799764781;0.03082731483029457;0.05467311077089949;0.5447408616329832;0.5829547970052238;1.0;1.0;0.0;0.0;1.0;1.0;ok
0.76;0.7;2;100.0;100.0;0.0;0.0;100.0;100.0;4945.7;4946.5;2.147091055358389;0.0004341328943038173;4944.369219176573;4947.0307808234265;98.91400000000002;98.93;0.042941821107167905;0.00043413289430381844;98.88738438353148;98.94061561646855;99.0;99.0;0.0;0.0;99.0;99.0;97.4;98.0;0.8;0.008213552361396304;96.9041548628856;97.8958451371144;0.9991348596294932;0.9992921642258915;0.0004293186556185159;0.0004296903981287562;0.9988687651699171;0.9994009540890694;0.9991343873064255;0.9992919074860616;0.0004296465163141617;0.0004300187459991736;0.9988680896366848;0.9994006849761661;1.000868686868687;1.0007070707070707;0.0004337557687592686;0.00043337929785406207;1.0005998422578937;1.0011375314794801;80.77993225728964;102.55631308607995;30.397049930849406;0.37629457071135824;61.939645518745465;99.62021899583382;97.4;98.0;0.8;0.008213552361396304;96.9041548628856;97.8958451371144;100.0;100.0;0.0;0.0;100.0;100.0;0.566803726365396;0.5788135920729648;0.028770456363456785;0.050759116472197656;0.5489716127649183;0.5846358399658736;1.0;1.0;0.0;0.0;1.0;1.0;ok
0.76;0.75;2;100.0;100.0;0.0;0.0;100.0;100.0;4946.6;4947.0;2.3748684174075834;0.00048010116391209785;4945.128041304928;4948.071958695073;98.932;98.94;0.047497368348152984;0.0004801011639121112;98.90256082609855;98.96143917390145;99.0;99.0;0.0;0.0;99.0;99.0;97.6;98.0;0.8;0.00819672131147541;97.1041548628856;98.0958451371144;0.9993158169948464;0.9993934293492481;0.00047634052971449607;0.000476666656940298;0.9990205780757596;0.9996110559139332;0.9993154464892313;0.9993932038834952;0.0004766516663002471;0.00047697818339024697;0.9990200147256908;0.9996108782527718;1.0006868686868686;1.0006060606060605;0.0004797713974560768;0.00047944208370161515;1.0003895032939247;1.0009842340798125;79.30539369502269;101.50934078622346;28.208938493264807;0.3557001255393205;60.87555387942301;97.73523351062236;97.44444444444444;98.0;0.6849348892187752;0.00702897833861913;96.99695365015484;97.89193523873405;90.0;100.0;30.0;0.3333333333333333;71.40580735820993;108.59419264179007;0.5733379028134689;0.5848685041694515;0.029524279906930642;0.05149542662721209;0.5540487066076075;0.5926270990193302;0.9;1.0;0.30000000000000004;0.33333333333333337;0.7140580735820993;1.0859419264179007;ok
0.76;0.8;2;100.0;100.0;0.0;0.0;100.0;100.0;4946.8;4947.0;2.3151673805580453;0.00046801313587734397;4945.365044390931;4948.234955609069;98.936;98.94;0.04630334761116102;0.0004680131358773451;98.90730088781862;98.96469911218139;99.0;99.0;0.0;0.0;99.0;99.0;97.6;98.0;0.8;0.00819672131147541;97.1041548628856;98.0958451371144;0.9993563404441508;0.9993934293492481;0.00046433537108070134;0.0004646344374763596;0.9990685423994751;0.9996441384888265;0.9993559808649046;0.9993932038834952;0.0004646394334488636;0.00046493886297326785;0.9990679943604206;0.9996439673693887;1.0006464646464643;1.0006060606060605;0.0004677105819309001;0.0004674084189126133;1.00035657462443;1.0009363546684986;79.18779116612319;101.50934078622346;28.32200390428272;0.35765619279451466;60.68408194865848;97.69150038358791;97.44444444444444;98.0;0.6849348892187752;0.00702897833861913;96.99695365015484;97.89193523873405;90.0;100.0;30.0;0.3333333333333333;71.40580735820993;108.59419264179007;0.5769358535839033;0.5848685041694517;0.02916420611739296;0.05055017110867012;0.5578819055872066;0.5959898015806;0.9;1.0;0.30000000000000004;0.33333333333333337;0.7140580735820993;1.0859419264179007;ok
0.76;0.85;2;100.0;100.0;0.0;0.0;100.0;100.0;4947.0;4947.5;2.1908902300206643;0.00044287249444525256;4945.642072166866;4948.357927833134;98.94;98.94999999999999;0.04381780460041365;0.00044287249444525625;98.91284144333731;98.96715855666268;99.0;99.0;0.0;0.0;99.0;99.0;97.6;98.0;0.8;0.00819672131147541;97.1041548628856;98.0958451371144;0.999396881033362;0.999494609465155;0.00043925549367817933;0.0004395205768743199;0.9991246276577481;0.9996691344089759;0.9993965314739942;0.9994944183590545;0.0004395505213547017;0.0004398159364295727;0.9991240952383319;0.9996689677096565;1.0006060606060605;1.0005050505050503;0.0004426040868728542;0.00044233600444591736;1.000331731750882;1.000880389461239;78.9192131332895;101.50934078622346;28.142337627152056;0.3565967843549257;60.532885883550165;97.30554038302884;97.44444444444444;98.0;0.6849348892187752;0.00702897833861913;96.99695365015484;97.89193523873405;90.0;100.0;30.0;0.3333333333333333;71.40580735820993;108.59419264179007;0.5802393310805072;0.5848685041694517;0.02698155088041723;0.046500727260547575;0.5626113845053012;0.5978672776557131;0.9;1.0;0.30000000000000004;0.33333333333333337;0.7140580735820993;1.0859419264179007;ok
0.76;0.9;2;100.0;100.0;0.0;0.0;100.0;100.0;4947.3;4948.0;1.9519221295943137;0.0003945429081709849;4946.090186130018;4948.509813869982;98.946;98.96;0.03903844259188775;0.00039454290817099983;98.92180372260036;98.97019627739964;99.0;99.0;0.0;0.0;99.0;99.0;97.6;98.0;0.8;0.00819672131147541;97.1041548628856;98.0958451371144;0.9994568338648543;0.9995957895810619;0.0003915049333527592;0.00039171770114255697;0.9992141765931553;0.9996994911365533;0.9994565311130061;0.9995956328346138;0.0003917631182406499;0.00039197614507994463;0.9992137138166557;0.9996993484093566;1.0005454545454544;1.0004040404040404;0.0003943277029483663;0.00039411273236707525;1.0003010477030339;1.000789861387875;78.55473249176471;101.50934078622346;28.03049903177631;0.3568276301458335;60.24147312433752;96.8679918591919;97.44444444444444;98.0;0.6849348892187752;0.00702897833861913;96.99695365015484;97.89193523873405;90.0;100.0;30.0;0.3333333333333333;71.40580735820993;108.59419264179007;0.5829608325280238;0.597133918541153;0.02573391756541352;0.044143476078517596;0.566148006385287;0.5997736586707606;0.9;1.0;0.30000000000000004;0.33333333333333337;0.7140580735820993;1.0859419264179007;ok
0.76;0.95;2;100.0;100.0;0.0;0.0;100.0;100.0;4947.5;4948.0;1.746424919657298;0.00035299139356388036;4946.417554620316;4948.582445379684;98.95;98.96;0.03492849839314634;0.00035299139356388416;98.92835109240632;98.97164890759369;99.0;99.0;0.0;0.0;99.0;99.0;97.7;98.0;0.7810249675906653;0.007994114304919808;97.21591570981904;98.18408429018096;0.9994969450280321;0.9995957895810619;0.0003496672935893835;0.00034984328399280564;0.9992802189941143;0.9997136710619499;0.999496669171329;0.9995956328346138;0.0003499205884912977;0.0003500968030052695;0.9992797861436045;0.9997135521990534;1.0005050505050501;1.0004040404040404;0.0003528131150822815;0.00035263501658905485;1.0002863746707704;1.0007237263393298;84.46683773462121;101.50934078622346;27.533731918702834;0.325970909497152;66.47813288106869;102.45554258817373;97.55555555555556;98.0;0.6849348892187752;0.007020972668529586;97.10806476126595;98.00304634984516;90.0;100.0;30.0;0.3333333333333333;71.40580735820993;108.59419264179007;0.5867305354641266;0.597133918541153;0.021829498782038322;0.037205322482100484;0.5724685962598616;0.6009924746683916;0.9;1.0;0.30000000000000004;0.33333333333333337;0.7140580735820993;1.0859419264179007;ok
0.76;1.0;2;100.0;100.0;0.0;0.0;100.0;100.0;4947.8;4948.5;1.661324772583615;0.0003357703974662709;4946.770300237934;4948.829699762066;98.956;98.97;0.033226495451671674;0.00033577039746626454;98.93540600475868;98.97659399524133;99.0;99.0;0.0;0.0;99.0;99.0;97.9;98.0;0.5385164807134505;0.00550067906755312;97.56622402722785;98.23377597277216;0.9995563831827644;0.9996968846895216;0.0003340763275412578;0.0003342245951924189;0.9993493205297189;0.9997634458358099;0.9995561741517083;0.9996967654876383;0.0003342671402450152;0.00033441556251573073;0.9993489932317238;0.9997633550716928;1.0004444444444442;1.0003030303030302;0.00033562116617849423;0.0003354720674818357;1.0002364242904913;1.0006524645983972;91.81647158715268;101.50934078622346;21.04497607809022;0.22920697903441234;78.06708721613373;105.56585595817162;97.77777777777777;98.0;0.41573970964154905;0.004251883394061297;97.50616116747862;98.04939438807692;90.0;100.0;30.0;0.3333333333333333;71.40580735820993;108.59419264179007;0.5907672805774878;0.597133918541153;0.02108574075292356;0.03569212691046767;0.5769912632855778;0.6045432978693979;0.9;1.0;0.30000000000000004;0.33333333333333337;0.7140580735820993;1.0859419264179007;ok
0.81;0.0;2;100.0;100.0;0.0;0.0;100.0;100.0;4938.3;4939.5;4.450842616853578;0.0009012904474927764;4935.541339165465;4941.058660834536;98.766;98.78999999999999;0.08901685233707105;0.0009012904474927711;98.7108267833093;98.82117321669071;99.0;99.0;0.0;0.0;99.0;99.0;95.9;96.0;0.9433981132056604;0.009837310878056938;95.3152757915051;96.48472420849491;0.9976592931140102;0.9978894268406329;0.0008868193135255152;0.0008888999678011033;0.9971096368088718;0.9982089494191487;0.9976575503524228;0.9978882207600956;0.0008875845360475788;0.0008896685398051058;0.9971074197574513;0.9982076809473942;1.0023636363636361;1.002121212121212;0.0008991601246169222;0.0008970398486111144;1.001806331144538;1.0029209415827343;46.150708529213134;45.70795288433844;10.622220931496534;0.23016376714504239;39.566987786416426;52.73442927200984;96.5;96.5;0.5;0.0051813471502590676;96.1900967893035;96.8099032106965;99.4;100.0;1.0198039027185568;0.010259596606826526;98.7679189925334;100.03208100746662;0.4856961847581151;0.4931613119801717;0.04023821567868382;0.08284647263334614;0.46075628029507026;0.5106360892211599;1.0;1.0;0.0;0.0;1.0;1.0;ok
0.81;0.05;2;100.0;100.0;0.0;0.0;100.0;100.0;4942.4;4942.0;3.32264954516723;0.0006722745114048298;4940.340600475866;4944.459399524133;98.848;98.84;0.06645299090334396;0.0006722745114048232;98.80681200951733;98.88918799048267;99.0;99.0;0.0;0.0;99.0;99.0;96.6;97.0;0.8;0.008281573498964804;96.1041548628856;97.0958451371144;0.998477942251841;0.9983939899649823;0.0006623373261544504;0.0006633469785628899;0.9980674213239622;0.9988884631797199;0.998476825182897;0.9983930066374598;0.0006629572431354183;0.0006639685833609412;0.9980659200264927;0.9988877303393013;1.0015353535353535;1.0016161616161616;0.0006712423323570352;0.0006702133179698491;1.0011193132274478;1.0019513938432592;50.66990926224486;52.298918930933;20.378810162806584;0.4021876190331218;38.03899186298836;63.300826661501354;96.6;97.0;0.8;0.008281573498964804;96.1041548628856;97.0958451371144;100.0;100.0;0.0;0.0;100.0;100.0;0.527450738663115;0.5166943484974429;0.03873462876018883;0.07343743390779248;0.5034427670272759;0.5514587102989541;1.0;1.0;0.0;0.0;1.0;1.0;ok
0.81;0.1;2;100.0;100.0;0.0;0.0;100.0;100.0;4944.0;4945.0;3.255764119219941;0.0006585283412661693;4941.982056492367;4946.017943507633;98.88000000000002;98.9;0.06511528238439897;0.0006585283412661706;98.83964112984735;98.9203588701527;99.0;99.0;0.0;0.0;99.0;99.0;96.9;97.0;0.8306623862918076;0.008572367247593473;96.3851501189667;97.4148498810333;0.998796476002944;0.998994546506514;0.0006494124412617807;0.0006501949665067366;0.9983939660017174;0.9991989860041706;0.9987956587335424;0.9989939731030839;0.0006500065826642641;0.0006507903563462245;0.9983927804796593;0.9991985369874254;1.001212121212121;1.0010101010101011;0.0006577301250949351;0.0006569338416505104;1.0008044558570435;1.0016197865671985;58.99983920015436;52.57314704896476;24.496333629355906;0.4151932269891986;43.81685431609422;74.1828240842145;96.9;97.0;0.8306623862918076;0.008572367247593473;96.3851501189667;97.4148498810333;100.0;100.0;0.0;0.0;100.0;100.0;0.5465145300996459;0.5559320572463688;0.03942130693968988;0.0721322211369242;0.5220809509187216;0.5709481092805702;1.0;1.0;0.0;0.0;1.0;1.0;ok
0.81;0.15;2;100.0;100.0;0.0;0.0;100.0;100.0;4945.4;4945.5;2.5377155080899043;0.0005131466631799054;4943.827107632417;4946.972892367582;98.90800000000002;98.91;0.05075431016179874;0.0005131466631799119;98.87654215264835;98.93945784735168;99.0;99.0;0.0;0.0;99.0;99.0;97.4;97.5;0.66332495807108;0.00681031784467228;96.98886693151731;97.8111330684827;0.9990734676652361;0.9990936665200302;0.0005105944247443116;0.0005110679457212838;0.9987569979620521;0.9993899373684201;0.9990729985296725;0.9990932039015514;0.0005108691861418808;0.0005113432020420158;0.9987563585276099;0.999389638531735;1.0009292929292928;1.000909090909091;0.0005126697996141464;0.0005121938215173829;1.0006115368954376;1.001247048963148;77.77390941995992;77.8753229099415;28.944214129032275;0.3721584056259878;59.834099640611655;95.71371919930819;97.4;97.5;0.66332495807108;0.00681031784467228;96.98886693151731;97.8111330684827;100.0;100.0;0.0;0.0;100.0;100.0;0.5625203875359043;0.5640371231593984;0.03420771693863258;0.06081151491855784;0.5413182249161457;0.5837225501556629;1.0;1.0;0.0;0.0;1.0;1.0;ok
0.81;0.2;2;100.0;100.0;0.0;0.0;100.0;100.0;4945.7;4946.0;2.3685438564654024;0.0004789097309714302;4944.231961308412;4947.168038691588;98.91400000000002;98.92;0.04737087712930804;0.00047890973097143005;98.88463922616825;98.94336077383178;99.0;99.0;0.0;0.0;99.0;99.0;97.4;97.5;0.66332495807108;0.00681031784467228;96.98886693151731;97.8111330684827;0.9991339171261824;0.9991929585408046;0.00047591392113459146;0.0004763264593233576;0.9988389426218328;0.999428891630532;0.9991334775518516;0.9991925957119001;0.00047619263437588115;0.0004766056238478591;0.9988383302992453;0.9994286248044578;1.0008686868686867;1.0008080808080808;0.0004784937083768694;0.0004780784079416878;1.0005721133956385;1.001165260341735;77.21002424095046;77.8753229099415;28.360767232861132;0.36731975558452445;59.631838594390885;94.78820988751004;97.4;97.5;0.66332495807108;0.00681031784467228;96.98886693151731;97.8111330684827;100.0;100.0;0.0;0.0;100.0;100.0;0.565473765818206;0.572046230647256;0.03287290600849086;0.058133388311879995;0.5450989275842947;0.5858486040521172;1.0;1.0;0.0;0.0;1.0;1.0;ok
0.81;0.25;2;100.0;100.0;0.0;0.0;100.0;100.0;4946.7;4947.0;2.1;0.00042452544120322644;4945.398406515074;4948.001593484925;98.934;98.94;0.04199999999999977;0.00042452544120322405;98.9079681303015;98.9600318696985;99.0;99.0;0.0;0.0;99.0;99.0;97.6;97.5;0.66332495807108;0.006796362275318444;97.1888669315173;98.01113306848269;0.9993348864459877;0.9993955751232089;0.000423052371157463;0.0004233339362963671;0.9990726758697588;0.9995970970222166;0.9993345619559995;0.9993952684377962;0.00042326420325317586;0.0004235460469061733;0.9990722200848774;0.9995969038271215;1.0006666666666666;1.0006060606060605;0.00042424242424241374;0.00042395978438615635;1.0004037184878938;1.0009296148454394;75.26578027581738;53.66900626613706;25.392179000246482;0.33736684728697214;58.67622332898968;91.85533722264508;97.44444444444444;97.0;0.4969039949999533;0.005099356847205906;97.11980050104448;97.7690883878444;90.0;100.0;30.0;0.3333333333333333;71.40580735820993;108.59419264179007;0.5726015953103128;0.5832854491024155;0.02792217011250054;0.048763695981965505;0.5543591108368124;0.5908440797838133;0.9;1.0;0.30000000000000004;0.33333333333333337;0.7140580735820993;1.0859419264179007;ok
0.81;0.3;2;100.0;100.0;0.0;0.0;100.0;100.0;4947.0;4947.5;2.04939015319192;0.00041426928506002017;4945.729774823112;4948.270225176888;98.94000000000001;98.94999999999999;0.04098780306383856;0.0004142692850600218;98.91459549646225;98.96540450353777;99.0;99.0;0.0;0.0;99.0;99.0;97.6;97.5;0.66332495807108;0.006796362275318444;97.1888669315173;98.01113306848269;0.9993956459184741;0.9994967552391159;0.0004130263911343046;0.00041327615626614143;0.9991396495090442;0.9996516423279039;0.99939533918756;0.9994964829133555;0.00041322631022530404;0.0004134763231547875;0.9991392188669938;0.9996514595081262;1.0006060606060605;1.0005050505050503;0.00041401821276603623;0.00041376744461778307;1.0003494494592144;1.0008626717529066;75.09128941957145;53.66900626613706;25.55245802946377;0.34028524782268416;58.39701684032179;91.78556199882112;97.44444444444444;97.0;0.4969039949999533;0.005099356847205906;97.11980050104448;97.7690883878444;90.0;100.0;30.0;0.3333333333333333;71.40580735820993;108.59419264179007;0.5780049342596568;0.5848685041694517;0.027905672601819847;0.048279298233955555;0.5597732281598012;0.5962366403595124;0.9;1.0;0.30000000000000004;0.33333333333333337;0.7140580735820993;1.0859419264179007;ok
0.81;0.35;2;100.0;100.0;0.0;0.0;100.0;100.0;4947.5;4948.0;1.857417562100671;0.00037542547995971117;4946.348760667802;4948.651239332198;98.95;98.96;0.037148351242013676;0.00037542547995971377;98.92697521335604;98.97302478664396;99.0;99.0;0.0;0.0;99.0;99.0;97.8;98.0;0.6;0.006134969325153374;97.42811614716419;98.1718838528358;0.999495624640047;0.9995979360191435;0.0003753938230854487;0.0003755832580264081;0.9992629531379474;0.9997282961421466;0.9994953952811422;0.9995976963452637;0.0003755369186211393;0.00037572651199209054;0.9992626350875107;0.9997281554747737;1.0005050505050503;1.0004040404040404;0.00037523587113143616;0.0003750464537305622;1.0002724769025861;1.0007376241075145;86.8799180406354;101.50934078622346;24.832144228510742;0.28582145090072797;70.65625047800839;103.10358560326242;97.66666666666667;98.0;0.4714045207910317;0.004826667448372338;97.35868237974987;97.97465095358348;90.0;100.0;30.0;0.3333333333333333;71.40580735820993;108.59419264179007;0.5862748205371164;0.597133918541153;0.026478025556817768;0.0451631634675354;0.5689758438399954;0.6035737972342374;0.9;1.0;0.30000000000000004;0.33333333333333337;0.7140580735820993;1.0859419264179007;ok
0.81;0.4;2;100.0;100.0;0.0;0.0;100.0;100.0;4947.8;4948.0;1.7204650534085255;0.00034772324132109736;4946.733644712115;4948.866355287885;98.95599999999999;98.96;0.03440930106817142;0.00034772324132110663;98.9346728942423;98.97732710575768;99.0;99.0;0.0;0.0;99.0;99.0;97.9;98.0;0.7000000000000001;0.007150153217568948;97.46613550502491;98.3338644949751;0.9995563668453951;0.9995979360191435;0.00034741185157334683;0.0003475660433936111;0.9993410387489219;0.9997716949418682;0.9995561567047853;0.9995976963452637;0.0003475562275343514;0.0003477105565335442;0.9993407391231643;0.9997715742864062;1.0004444444444445;1.0004040404040404;0.00034756869765829277;0.00034741429130660096;1.0002290191337606;1.0006598697551283;84.70869679862324;102.55631308607997;25.63574330578203;0.3026341364538462;66.94403302499265;102.47336057225382;97.625;98.0;0.4841229182759271;0.0049590055649262705;97.28951993352808;97.96048006647192;80.0;100.0;40.0;0.5;55.20774314427991;104.7922568557201;0.5869102789763108;0.597133918541153;0.02225852333384567;0.03792491651819252;0.5714859092435207;0.6023346487091008;0.8;1.0;0.4;0.5;0.5520774314427992;1.047922568557201;ok
0.81;0.45;2;100.0;100.0;0.0;0.0;100.0;100.0;4947.9;4948.0;1.7578395831246945;0.00035526982823514915;4946.8104797386;4948.989520261399;98.958;98.96;0.035156791662495225;0.00035526982823516265;98.93620959477201;98.97979040522799;99.0;99.0;0.0;0.0;99.0;99.0;98.0;98.0;0.6324555320336759;0.006453627877894652;97.608;98.392;0.9995761565794707;0.9995979360191435;0.00035489426235542804;0.00035504474573490124;0.9993561908367473;0.9997961223221942;0.9995759705332603;0.9995976963452637;0.0003550443806093301;0.0003551949937531198;0.9993559117462791;0.9997960293202415;1.0004242424242424;1.0004040404040404;0.000355119107701969;0.0003549685149986363;1.0002041373209294;1.0006443475275555;91.0229066890987;102.55631308607997;22.594992826661137;0.24823413851018242;75.36537549347709;106.68043788472032;97.75;98.0;0.4330127018922193;0.0044297974618129855;97.44993750650906;98.05006249349094;80.0;100.0;40.0;0.5;55.20774314427991;104.7922568557201;0.5881626725159168;0.597133918541153;0.023195660684482443;0.039437491987141915;0.5720888997310991;0.6042364453007345;0.8;1.0;0.4;0.5;0.5520774314427992;1.047922568557201;ok
0.81;0.5;2;100.0;100.0;0.0;0.0;100.0;100.0;4948.2;4948.5;1.469693845669907;0.0002970158533749458;4947.289074316972;4949.110925683028;98.96400000000001;98.97;0.029393876913398093;0.00029701585337494534;98.94578148633946;98.98221851366057;99.0;99.0;0.0;0.0;99.0;99.0;98.1;98.0;0.5385164807134505;0.005489464635203369;97.76622402722784;98.43377597277215;0.9996364864986924;0.9996968846895216;0.0002964329322880492;0.00029654072884667255;0.9994527554637479;0.9998202175336369;0.9996363355398511;0.9996967654876383;0.00029656953159166636;0.00029667742262640416;0.9994525198397811;0.9998201512399211;1.0003636363636361;1.0003030303030302;0.00029690784761005995;0.00029679992036629044;1.0001796109731254;1.0005476617541469;96.98416756518931;102.55631308607997;16.870758158769455;0.17395373474159614;85.29332861732163;108.67500651305699;97.875;98.0;0.33071891388307384;0.003378992734437536;97.64582348506009;98.10417651493991;80.0;100.0;40.0;0.5;55.20774314427991;104.7922568557201;0.5929455615211233;0.597133918541153;0.018575793272163656;0.03132799109670358;0.5800731935202302;0.6058179295220164;0.8;1.0;0.4;0.5;0.5520774314427992;1.047922568557201;ok
0.81;0.55;2;100.0;100.0;0.0;0.0;100.0;100.0;4948.5;4949.0;1.3601470508735443;0.00027486047304709394;4947.65697212383;4949.34302787617;98.97;98.98;0.0272029410174707;0.00027486047304709204;98.9531394424766;98.9868605575234;99.0;99.0;0.0;0.0;99.0;99.0;98.1;98.0;0.5385164807134505;0.005489464635203369;97.76622402722784;98.43377597277215;0.999697177566747;0.9997979797979812;0.00027413017802870666;0.00027421321594198834;0.9995272699221073;0.9998670852113868;0.9996970478606798;0.9997978981406629;0.00027426414115426566;0.0002743472552421579;0.9995270571848346;0.999867038536525;1.00030303030303;1.00020202020202;0.00027477718199464497;0.0002746939414063401;1.0001327216411775;1.0004733389648826;96.17666233391702;101.50934078622346;16.51172679622373;0.1716812207403959;84.73461942694179;107.61870524089225;97.875;98.0;0.33071891388307384;0.003378992734437536;97.64582348506009;98.10417651493991;80.0;100.0;40.0;0.5;55.20774314427991;104.7922568557201;0.5975642017216771;0.603343064971667;0.018549499693316474;0.031041852306199783;0.5847100542413305;0.6104183492020238;0.8;1.0;0.4;0.5;0.5520774314427992;1.047922568557201;ok
0.81;0.6;2;100.0;100.0;0.0;0.0;100.0;100.0;4948.7;4949.0;1.1874342087037917;0.00023994871556242886;4947.964020652464;4949.435979347536;98.974;98.98;0.023748684174076856;0.0002399487155624392;98.95928041304927;98.98871958695074;99.0;99.0;0.0;0.0;99.0;99.0;98.3;98.0;0.45825756949558394;0.004661826749700752;98.01596901577469;98.58403098422531;0.9997372207239662;0.9997979797979812;0.00024014775817338854;0.0002402108806146919;0.9995883756013672;0.9998860658465653;0.9997371204014458;0.9997978981406629;0.00024023477568030954;0.00024029794510765283;0.9995882213448373;0.9998860194580543;1.0002626262626262;1.00020202020202;0.00023988569872804866;0.00023982271498471935;1.0001139435661541;1.0004113089590982;103.3431680443572;103.60328538593645;2.1574063941074773;0.020876139515884302;101.74493902155868;104.94139706715572;98.0;98.0;0.0;0.0;98.0;98.0;70.0;100.0;45.8257569495584;0.6546536707079771;41.59690157746871;98.40309842253129;0.5989738671152115;0.597133918541153;0.012148464762178977;0.020282128201500056;0.5899741584750635;0.6079735757553595;0.7;1.0;0.45825756949558394;0.6546536707079771;0.41596901577468703;0.9840309842253129;ok
0.81;0.65;2;100.0;100.0;0.0;0.0;100.0;100.0;4948.8;4949.0;0.9797958971132713;0.00019798656181564648;4948.192716211315;4949.407283788685;98.976;98.98;0.01959591794226762;0.00019798656181566865;98.96385432422629;98.98814567577371;99.0;99.0;0.0;0.0;99.0;99.0;98.3;98.0;0.45825756949558394;0.004661826749700752;98.01596901577469;98.58403098422531;0.9997574737486377;0.9997979797979812;0.00019807392629035881;0.0001981219760705277;0.9996347062572124;0.9998802412400629;0.9997573796809325;0.9997978981406629;0.00019814874027639708;0.0001981968268537665;0.9996345658193182;0.9998801935425468;1.000242424242424;1.00020202020202;0.00019793856507337583;0.0001978905915966252;1.00011974064875;1.0003651078360978;103.01774464680697;103.60328538593645;1.488983716684921;0.014453662539301882;101.91469007304654;104.1207992205674;98.0;98.0;0.0;0.0;98.0;98.0;70.0;100.0;45.8257569495584;0.6546536707079771;41.59690157746871;98.40309842253129;0.6007038419999219;0.597133918541153;0.008650944687852932;0.01440134735787832;0.5942951324899683;0.6071125515098754;0.7;1.0;0.45825756949558394;0.6546536707079771;0.41596901577468703;0.9840309842253129;ok
0.81;0.7;2;100.0;100.0;0.0;0.0;100.0;100.0;4948.9;4949.0;0.9433981132056604;0.0001906278391573199;4948.315275791505;4949.484724208494;98.978;98.98;0.018867962264115027;0.00019062783915733828;98.9663055158301;98.98969448416989;99.0;99.0;0.0;0.0;99.0;99.0;98.3;98.0;0.45825756949558394;0.004661826749700752;98.01596901577469;98.58403098422531;0.9997776927703296;0.9997979797979812;0.00019072065550634787;0.00019076306351452121;0.9996594828833545;0.9998959026573047;0.9997776062115374;0.9997978981406629;0.00019079250787517682;0.0001908349483823186;0.9996593517900028;0.9998958606330721;1.0002222222222221;1.00020202020202;0.00019058547741526848;0.0001905431344964915;1.0001040961194958;1.0003403483249484;102.71860970399084;101.50934078622346;1.5503713753815587;0.01509338356359513;101.57007851625606;103.86714089172561;98.0;98.0;0.0;0.0;98.0;98.0;70.0;100.0;45.8257569495584;0.6546536707079771;41.59690157746871;98.40309842253129;0.6024778838372117;0.609552211402181;0.009003099660198162;0.014943452534484704;0.5958082942729196;0.6091474734015038;0.7;1.0;0.45825756949558394;0.6546536707079771;0.41596901577468703;0.9840309842253129;ok
0.81;0.75;2;100.0;100.0;0.0;0.0;100.0;100.0;4948.9;4949.0;0.9433981132056604;0.0001906278391573199;4948.315275791505;4949.484724208494;98.978;98.98;0.018867962264115027;0.00019062783915733828;98.9663055158301;98.98969448416989;99.0;99.0;0.0;0.0;99.0;99.0;98.3;98.0;0.45825756949558394;0.004661826749700752;98.01596901577469;98.58403098422531;0.9997776927703296;0.9997979797979812;0.00019072065550634787;0.00019076306351452121;0.9996594828833545;0.9998959026573047;0.9997776062115374;0.9997978981406629;0.00019079250787517682;0.0001908349483823186;0.9996593517900028;0.9998958606330721;1.0002222222222221;1.00020202020202;0.00019058547741526848;0.0001905431344964915;1.0001040961194958;1.0003403483249484;102.71860970399084;101.50934078622346;1.5503713753815587;0.01509338356359513;101.57007851625606;103.86714089172561;98.0;98.0;0.0;0.0;98.0;98.0;70.0;100.0;45.8257569495584;0.6546536707079771;41.59690157746871;98.40309842253129;0.6024778838372117;0.609552211402181;0.009003099660198162;0.014943452534484704;0.5958082942729196;0.6091474734015038;0.7;1.0;0.45825756949558394;0.6546536707079771;0.41596901577468703;0.9840309842253129;ok
0.81;0.8;2;100.0;100.0;0.0;0.0;100.0;100.0;4948.9;4949.0;0.9433981132056604;0.0001906278391573199;4948.315275791505;4949.484724208494;98.978;98.98;0.018867962264115027;0.00019062783915733828;98.9663055158301;98.98969448416989;99.0;99.0;0.0;0.0;99.0;99.0;98.3;98.0;0.45825756949558394;0.004661826749700752;98.01596901577469;98.58403098422531;0.9997776927703296;0.9997979797979812;0.00019072065550634787;0.00019076306351452121;0.9996594828833545;0.9998959026573047;0.9997776062115374;0.9997978981406629;0.00019079250787517682;0.0001908349483823186;0.9996593517900028;0.9998958606330721;1.0002222222222221;1.00020202020202;0.00019058547741526848;0.0001905431344964915;1.0001040961194958;1.0003403483249484;102.71860970399084;101.50934078622346;1.5503713753815587;0.01509338356359513;101.57007851625606;103.86714089172561;98.0;98.0;0.0;0.0;98.0;98.0;70.0;100.0;45.8257569495584;0.6546536707079771;41.59690157746871;98.40309842253129;0.6024778838372117;0.609552211402181;0.009003099660198162;0.014943452534484704;0.5958082942729196;0.6091474734015038;0.7;1.0;0.45825756949558394;0.6546536707079771;0.41596901577468703;0.9840309842253129;ok
0.81;0.85;2;100.0;100.0;0.0;0.0;100.0;100.0;4948.9;4949.0;0.9433981132056604;0.0001906278391573199;4948.315275791505;4949.484724208494;98.978;98.98;0.018867962264115027;0.00019062783915733828;98.9663055158301;98.98969448416989;99.0;99.0;0.0;0.0;99.0;99.0;98.3;98.0;0.45825756949558394;0.004661826749700752;98.01596901577469;98.58403098422531;0.9997776927703296;0.9997979797979812;0.00019072065550634787;0.00019076306351452121;0.9996594828833545;0.9998959026573047;0.9997776062115374;0.9997978981406629;0.00019079250787517682;0.0001908349483823186;0.9996593517900028;0.9998958606330721;1.0002222222222221;1.00020202020202;0.00019058547741526848;0.0001905431344964915;1.0001040961194958;1.0003403483249484;102.71860970399084;101.50934078622346;1.5503713753815587;0.01509338356359513;101.57007851625606;103.86714089172561;98.0;98.0;0.0;0.0;98.0;98.0;70.0;100.0;45.8257569495584;0.6546536707079771;41.59690157746871;98.40309842253129;0.6024778838372117;0.609552211402181;0.009003099660198162;0.014943452534484704;0.5958082942729196;0.6091474734015038;0.7;1.0;0.45825756949558394;0.6546536707079771;0.41596901577468703;0.9840309842253129;ok
0.81;0.9;2;100.0;100.0;0.0;0.0;100.0;100.0;4949.0;4949.0;0.8944271909999159;0.00018072887270153886;4948.44562828355;4949.55437171645;98.98;98.98;0.017888543819999526;0.0001807288727015511;98.968912565671;98.991087434329;99.0;99.0;0.0;0.0;99.0;99.0;98.3;98.0;0.45825756949558394;0.004661826749700752;98.01596901577469;98.58403098422531;0.9997979117920215;0.9997979797979812;0.0001808254377047255;0.00018086198777972736;0.9996858350245809;0.9999099885594621;0.9997978327421423;0.9997978981406629;0.0001808933767965356;0.00018092995490938396;0.9996857138656163;0.9999099516186682;1.00020202020202;1.00020202020202;0.0001806923618181412;0.00018065586568365966;1.0000900259158685;1.0003140144881717;102.4194747611747;101.50934078622346;1.5528254462833042;0.015161427549831092;101.26912557227432;103.56982395007508;98.0;98.0;0.0;0.0;98.0;98.0;70.0;100.0;45.8257569495584;0.6546536707079771;41.59690157746871;98.40309842253129;0.6042519256745013;0.609552211402181;0.008998795147669563;0.014892455886879603;0.5975855249377157;0.6109183264112868;0.7;1.0;0.45825756949558394;0.6546536707079771;0.41596901577468703;0.9840309842253129;ok
0.81;0.95;2;100.0;100.0;0.0;0.0;100.0;100.0;4949.0;4949.0;0.8944271909999159;0.00018072887270153886;4948.44562828355;4949.55437171645;98.98;98.98;0.017888543819999526;0.0001807288727015511;98.968912565671;98.991087434329;99.0;99.0;0.0;0.0;99.0;99.0;98.3;98.0;0.45825756949558394;0.004661826749700752;98.01596901577469;98.58403098422531;0.9997979117920215;0.9997979797979812;0.0001808254377047255;0.00018086198777972736;0.9996858350245809;0.9999099885594621;0.9997978327421423;0.9997978981406629;0.0001808933767965356;0.00018092995490938396;0.9996857138656163;0.9999099516186682;1.00020202020202;1.00020202020202;0.0001806923618181412;0.00018065586568365966;1.0000900259158685;1.0003140144881717;102.4194747611747;101.50934078622346;1.5528254462833042;0.015161427549831092;101.26912557227432;103.56982395007508;98.0;98.0;0.0;0.0;98.0;98.0;70.0;100.0;45.8257569495584;0.6546536707079771;41.59690157746871;98.40309842253129;0.6042519256745013;0.609552211402181;0.008998795147669563;0.014892455886879603;0.5975855249377157;0.6109183264112868;0.7;1.0;0.45825756949558394;0.6546536707079771;0.41596901577468703;0.9840309842253129;ok
0.81;1.0;2;100.0;100.0;0.0;0.0;100.0;100.0;4949.2;4949.0;0.7483314773547882;0.00015120251300306884;4948.7361793450045;4949.663820654995;98.98400000000001;98.98;0.014966629547097344;0.00015120251300308478;98.97472358690011;98.9932764130999;99.0;99.0;0.0;0.0;99.0;99.0;98.4;98.0;0.4898979485566356;0.004978637688583695;98.09635810565734;98.70364189434267;0.9998383498354049;0.9997979797979812;0.00015123260776523888;0.00015125705849364056;0.9997446148939879;0.9999320847768218;0.999838285823188;0.9997978981406629;0.00015129160758445143;0.00015131607753936913;0.9997445143133042;0.9999320573330718;1.0001616161616158;1.00020202020202;0.00015117807623327967;0.00015115364736097896;1.0000679150191927;1.000255317304039;102.20732231946113;101.50934078622346;0.987094950590671;0.009657771363047634;101.41748186029699;102.99716277862527;98.0;98.0;0.0;0.0;98.0;98.0;60.0;100.0;48.98979485566356;0.816496580927726;29.635810565733856;90.36418943426614;0.605412780448505;0.609552211402181;0.0058540393951955535;0.009669500850079072;0.6007285733607275;0.6100969875362825;0.6;1.0;0.48989794855663565;0.8164965809277261;0.2963581056573385;0.9036418943426614;ok
