beta;gamma;dim;n_vertices_mean;n_vertices_median;n_vertices_std;n_vertices_cv;n_vertices_ci_low;n_vertices_ci_high;n_edges_mean;n_edges_median;n_edges_std;n_edges_cv;n_edges_ci_low;n_edges_ci_high;degree_mean_mean;degree_mean_median;degree_mean_std;degree_mean_cv;degree_mean_ci_low;degree_mean_ci_high;degree_max_mean;degree_max_median;degree_max_std;degree_max_cv;degree_max_ci_low;degree_max_ci_high;degree_min_mean;degree_min_median;degree_min_std;degree_min_cv;degree_min_ci_low;degree_min_ci_high;avg_local_clustering_mean;avg_local_clustering_median;avg_local_clustering_std;avg_local_clustering_cv;avg_local_clustering_ci_low;avg_local_clustering_ci_high;global_clustering_mean;global_clustering_median;global_clustering_std;global_clustering_cv;global_clustering_ci_low;global_clustering_ci_high;avg_shortest_path_length_mean;avg_shortest_path_length_median;avg_shortest_path_length_std;avg_shortest_path_length_cv;avg_shortest_path_length_ci_low;avg_shortest_path_length_ci_high;powerlaw_alpha_mean;powerlaw_alpha_median;powerlaw_alpha_std;powerlaw_alpha_cv;powerlaw_alpha_ci_low;powerlaw_alpha_ci_high;powerlaw_k_min_mean;powerlaw_k_min_median;powerlaw_k_min_std;powerlaw_k_min_cv;powerlaw_k_min_ci_low;powerlaw_k_min_ci_high;powerlaw_n_tail_mean;powerlaw_n_tail_median;powerlaw_n_tail_std;powerlaw_n_tail_cv;powerlaw_n_tail_ci_low;powerlaw_n_tail_ci_high;powerlaw_ks_mean;powerlaw_ks_median;powerlaw_ks_std;powerlaw_ks_cv;powerlaw_ks_ci_low;powerlaw_ks_ci_high;powerlaw_valid_mean;powerlaw_valid_median;powerlaw_valid_std;powerlaw_valid_cv;powerlaw_valid_ci_low;powerlaw_valid_ci_high;powerlaw_reason_mode
0.01;0.0;2;100.0;100.0;0.0;0.0;100.0;100.0;143.5;136.0;22.668259747938304;0.15796696688458747;129.45006704642333;157.54993295357667;2.87;2.7199999999999998;0.4533651949587661;0.15796696688458747;2.5890013409284665;3.1509986590715338;9.0;9.0;1.3416407864998738;0.14907119849998599;8.16844242532462;9.83155757467538;0.0;0.0;0.0;nan;0.0;0.0;0.41720894660894664;0.414936507936508;0.04281864158331305;0.10263116822239987;0.39066967760028376;0.4437482156176095;0.4763230687465416;0.47182737460747315;0.04533888941875135;0.09518516400656805;0.4482217339459723;0.5044244035471109;4.962068877303785;4.56839248281157;1.28253775975591;0.25846835089737735;4.167143738128076;5.756994016479493;3.488462057647664;3.217765472742733;0.8946748690959395;0.25646684823031607;2.933936828723057;4.042987286572271;2.6;2.0;0.9165151389911679;0.35250582268891073;2.031938031549374;3.168061968450626;59.7;73.5;23.72783175934961;0.3974511182470621;44.9933375098223;74.40666249017771;0.3130180925715339;0.3025438519065337;0.061982407836879846;0.1980154160664532;0.27460099818083583;0.35143518696223197;1.0;1.0;0.0;0.0;1.0;1.0;ok
0.01;0.1;2;100.0;100.0;0.0;0.0;100.0;100.0;158.7;150.0;23.507658326596463;0.1481263914719374;144.12980241726282;173.27019758273715;3.1739999999999995;3.0;0.4701531665319292;0.14812639147193737;2.882596048345256;3.465403951654743;10.5;9.0;3.1064449134018135;0.2958518965144584;8.574605494969926;12.425394505030074;0.0;0.0;0.0;nan;0.0;0.0;0.4455498898762057;0.4318214285714286;0.03331513223533025;0.07477306804988042;0.424900956987191;0.4661988227652204;0.4675755805449414;0.4642378673957621;0.055148148586436255;0.11794488609127791;0.4333944039231328;0.5017567571667501;5.19071573110893;5.090328380728141;1.0134489805725915;0.1952426280057685;4.562573545195845;5.818857917022014;3.092571751929124;2.914088084909733;0.7251448739356335;0.23447956332243333;2.643122302623599;3.5420212012346486;2.4;2.0;0.8;0.33333333333333337;1.9041548628855982;2.8958451371144016;67.2;76.5;20.5854317418897;0.30633082949240625;54.44101721922943;79.95898278077058;0.2739835074974425;0.264344003176998;0.029434196259067947;0.10743054035594717;0.2557400036475303;0.2922270113473547;1.0;1.0;0.0;0.0;1.0;1.0;ok
0.01;0.2;2;100.0;100.0;0.0;0.0;100.0;100.0;179.9;168.0;24.691901506364392;0.13725348252564976;164.59580088995182;195.2041991100482;3.598;3.36;0.4938380301272879;0.13725348252564978;3.2919160177990356;3.904083982200964;16.4;12.0;10.499523798725349;0.640214865775936;9.892327727981378;22.90767227201862;0.0;0.0;0.0;nan;0.0;0.0;0.48613713326856856;0.4708662755373282;0.05542988680683951;0.11402109202017495;0.45178133348860217;0.520492933048535;0.4398443742531956;0.44486531986531985;0.07701206100847457;0.17508933958569337;0.3921118043154334;0.4875769441909578;4.7270414976504025;4.541324355311126;0.9426875887081104;0.19942443686535807;4.14275767680163;5.311325318499175;3.2167685026203907;2.8707289855235767;0.8140111315240706;0.25305244404779964;2.712239176216388;3.7212978290243934;3.1;2.0;1.6401219466856725;0.5290715957050556;2.083441885576629;4.116558114423372;63.0;77.5;25.526456863419178;0.4051818549749076;47.17853812064132;78.82146187935868;0.25305703717398464;0.24455627811435068;0.03768537656674172;0.14892048443937106;0.22969939878530476;0.2764146755626645;1.0;1.0;0.0;0.0;1.0;1.0;ok
0.01;0.3;2;100.0;100.0;0.0;0.0;100.0;100.0;209.0;198.0;38.478565461825625;0.18410796871686902;185.15073804076948;232.84926195923052;4.18;3.96;0.7695713092365125;0.18410796871686905;3.7030147608153894;4.6569852391846105;25.1;16.0;24.13482960370759;0.9615469961636489;10.141077632396108;40.0589223676039;0.1;0.0;0.30000000000000004;3.0000000000000004;-0.08594192641790072;0.2859419264179007;0.5416925074957978;0.5363928514296161;0.07200047886039453;0.1329176199856393;0.49706614835475416;0.5863188666368414;0.40618459169935006;0.41903571709474163;0.09560600197929822;0.23537574770946487;0.34692737774886895;0.4654418056498312;4.24616387162041;4.093752780931972;1.0674790328288875;0.2513984540171595;3.584533512370674;4.907794230870146;3.029072570662824;2.9407315041957443;0.4563999984886545;0.15067318059956045;2.7461929208757994;3.3119522204498484;3.2;3.0;1.16619037896906;0.36443449342783124;2.477187714548238;3.922812285451762;64.7;73.0;20.278313539345426;0.3134206111181673;52.13137105329305;77.26862894670695;0.22956726529507976;0.23636491544403004;0.02508290127715375;0.1092616634384386;0.21402072201633313;0.2451138085738264;1.0;1.0;0.0;0.0;1.0;1.0;ok
0.01;0.4;2;100.0;100.0;0.0;0.0;100.0;100.0;236.3;231.5;39.60820622042861;0.16761830816939743;211.7505794447201;260.84942055527995;4.726;4.63;0.7921641244085723;0.16761830816939743;4.235011588894402;5.216988411105598;31.6;20.0;26.226703948456816;0.8299589857106587;15.344520480773259;47.85547951922675;0.2;0.0;0.4000000000000001;2.0000000000000004;-0.04792256855720095;0.447922568557201;0.5824266567563147;0.5663441062721248;0.06493529761838264;0.11149094373534374;0.5421793423173754;0.6226739711952539;0.3889146913887983;0.4142079972182823;0.10184792127465037;0.26187727933587607;0.325788695777241;0.4520406870003556;3.6549216190281832;3.630127047055573;0.8862147217982889;0.2424716079229975;3.105640043724591;4.204203194331776;3.0616992891885357;3.046596634852598;0.4706001493771278;0.15370554222581878;2.7700182946960856;3.353380283680986;3.5;3.0;1.118033988749895;0.31943828249996997;2.8070353544371835;4.1929646455628165;66.0;71.5;19.395875850293535;0.29387690682262935;53.978311599446606;78.02168840055339;0.2163772210893775;0.220145707950586;0.025225987391130848;0.11658337815841953;0.2007419921183757;0.23201245006037932;1.0;1.0;0.0;0.0;1.0;1.0;ok
0.01;0.5;2;100.0;100.0;0.0;0.0;100.0;100.0;272.9;275.0;42.465162192083994;0.1556070435767094;246.57981978785097;299.220180212149;5.458;5.5;0.84930324384168;0.1556070435767094;4.93159639575702;5.9844036042429805;39.5;26.5;28.921445330411828;0.7321884893775147;21.57430246824409;57.425697531755915;0.4;0.0;0.66332495807108;1.6583123951777001;-0.011133068482699404;0.8111330684826994;0.6306643713520514;0.5946459069385899;0.06762599218765915;0.10722976476803182;0.5887493471410673;0.6725793955630356;0.3725237681926598;0.40357865676864246;0.10367602015112908;0.27830712830519444;0.30826470515851967;0.43678283122679995;3.2682484730684087;3.331042886228796;0.7834601033781166;0.23971864741439372;2.7826548700894267;3.7538420760473907;2.95412443186252;2.8244795066460906;0.3624416714679539;0.12269004905776472;2.7294807565062693;3.178768107218771;4.1;3.0;1.8681541692269406;0.4556473583480343;2.9421060497610325;5.257893950238967;65.9;73.0;21.787381669213946;0.33061277191523436;52.396040936081015;79.403959063919;0.20780170641994294;0.20766192337402795;0.03131775285396585;0.15070979634150036;0.1883907620974559;0.22721265074243;1.0;1.0;0.0;0.0;1.0;1.0;ok
0.01;0.6;2;100.0;100.0;0.0;0.0;100.0;100.0;315.2;322.0;45.210175845709784;0.14343329900288637;287.17844269852225;343.22155730147773;6.303999999999999;6.44;0.9042035169141955;0.14343329900288637;5.743568853970444;6.864431146029554;48.9;39.0;26.979436613836103;0.5517267201193478;32.1779719411789;65.62202805882109;0.5;0.0;0.6708203932499369;1.3416407864998738;0.08422121266231009;0.9157787873376899;0.6639800790257763;0.6319327527637397;0.06760840633577014;0.1018229438976068;0.6220759546387186;0.705884203412834;0.35361427291306896;0.38070113058104627;0.08709348720955133;0.24629516928736084;0.29963317027907976;0.40759537554705816;2.8747132736020427;2.902616529273377;0.5533622853536729;0.19249303589164732;2.531735775783129;3.217690771420956;2.86968651630058;2.731074663319271;0.3765998511587539;0.13123379470878332;2.6362675102567352;3.1031055223444244;4.3;3.5;2.0518284528683193;0.4771694076437952;3.028263549315346;5.571736450684654;70.4;76.0;20.857612519173905;0.296272905101902;57.47231782568895;83.32768217431106;0.18614873726192444;0.19479463812814207;0.03576018843127537;0.19210545801854276;0.1639843428419962;0.20831313168185267;1.0;1.0;0.0;0.0;1.0;1.0;ok
0.01;0.7;2;100.0;100.0;0.0;0.0;100.0;100.0;365.8;364.0;46.63217773169081;0.12747998286410828;336.8970767983583;394.70292320164174;7.316;7.279999999999999;0.932643554633816;0.12747998286410825;6.737941535967165;7.894058464032835;60.5;56.0;25.22399651125888;0.4169255621695682;44.86600498912706;76.13399501087294;0.9;1.0;0.7000000000000001;0.7777777777777778;0.46613550502489837;1.3338644949751017;0.6989494722987837;0.6923565531564495;0.05467075608495484;0.07821846678723071;0.6650641866149181;0.7328347579826493;0.3291509141765767;0.3428088696004369;0.07853029670561609;0.23858447090165952;0.2804773320045381;0.3778244963486153;2.501850752422181;2.5415481344052773;0.4112821243401062;0.16439115080782538;2.2469354507520283;2.756766054092334;2.9394845214856073;2.9742508571436774;0.34214325276822044;0.11639566402455563;2.727421936383575;3.1515471065876395;5.5;4.0;2.539685019840059;0.4617609126981925;3.925886916387517;7.074113083612483;62.3;73.5;25.40885672359148;0.4078468173931217;46.551427442463236;78.04857255753676;0.16973954412434678;0.17212577557038;0.035341120037547365;0.2082079353981143;0.147834890985854;0.19164419726283954;1.0;1.0;0.0;0.0;1.0;1.0;ok
0.01;0.8;2;100.0;100.0;0.0;0.0;100.0;100.0;426.7;426.5;59.690954088538405;0.1398897447587026;389.703163356849;463.69683664315096;8.533999999999999;8.530000000000001;1.1938190817707681;0.13988974475870264;7.794063267136979;9.27393673286302;74.3;77.5;22.516882555096295;0.3030536010107173;60.34389160259924;88.25610839740075;1.6;1.0;0.9165151389911681;0.57282196186948;1.031938031549374;2.168061968450626;0.7260666898746205;0.7362703002031499;0.04907558478982352;0.06759101536292492;0.6956493272882711;0.75648405246097;0.3087348473407646;0.30404017569103625;0.06616703801305784;0.21431671410913422;0.2677240922957165;0.34974560238581276;2.2136969696969695;2.11;0.32415899741727167;0.14643332030293443;2.012781141545427;2.414612797848512;2.996393738684621;2.9330060846734347;0.2225302244677413;0.07426601570908009;2.858468076605489;3.134319400763753;5.6;5.0;2.2;0.3928571428571429;4.236425872935395;6.9635741270646045;72.3;75.0;18.039124147252824;0.24950379180156051;61.119235017227126;83.48076498277287;0.16040710206407008;0.1642156862745098;0.020934519707384747;0.13050868345606695;0.14743175232065467;0.1733824518074855;1.0;1.0;0.0;0.0;1.0;1.0;ok
0.01;0.9;2;100.0;100.0;0.0;0.0;100.0;100.0;497.8;501.0;74.72456088863956;0.15010960403503326;451.4852373254488;544.1147626745512;9.956;10.02;1.4944912177727911;0.15010960403503326;9.029704746508976;10.882295253491023;84.0;91.5;18.411952639521967;0.2191899123752615;72.58815352364044;95.41184647635956;2.4;3.0;1.2;0.5;1.6562322943283971;3.1437677056716025;0.7286929267594677;0.7333873025021562;0.044433676400432436;0.06097723028276275;0.701152648800381;0.7562332047185545;0.30092354903479096;0.3014343375499735;0.050488285263701076;0.16777778085378064;0.26963058562322734;0.3322165124463546;2.033111111111111;1.924040404040404;0.2144323818909547;0.10547007525514224;1.9002045438605006;2.166017678361721;3.125026305686985;3.213829605514942;0.33203985039750045;0.10625185771820471;2.9192258742522426;3.3308267371217277;7.0;6.0;2.4083189157584592;0.3440455593940656;5.507308471250674;8.492691528749326;65.8;75.0;23.63810483097154;0.35924171475640637;51.148950836202886;80.45104916379711;0.15012754137716128;0.14733873651469448;0.026025912958466017;0.1733586836880372;0.13399651340288868;0.16625856935143388;1.0;1.0;0.0;0.0;1.0;1.0;ok
0.01;1.0;2;100.0;100.0;0.0;0.0;100.0;100.0;580.5;568.0;102.41508677924361;0.17642564475321895;517.0224715667032;643.9775284332968;11.61;11.36;2.048301735584872;0.17642564475321895;10.340449431334065;12.879550568665934;91.9;98.0;11.7;0.12731229597388463;84.64826486970188;99.15173513029814;3.1;3.0;1.3;0.41935483870967744;2.294251652189097;3.905748347810903;0.7302283658356388;0.723794535734324;0.03968207907524149;0.05434201262481936;0.7056331584105792;0.7548235732606984;0.2983657036306132;0.29750993298303974;0.037675961876063264;0.12627443911149847;0.2750139005276713;0.32171750673355515;1.9334343434343435;1.895050505050505;0.12485489996921141;0.06457674675801646;1.8560484746910453;2.0108202121776415;3.0440310020603594;3.013644524883515;0.2684021339227241;0.0881732589914674;2.8776736359394706;3.210388368181248;7.1;7.0;2.1656407827707715;0.30501982855926363;5.757721936408108;8.442278063591893;75.6;78.0;15.094369811290566;0.19966097633982233;66.24441266408142;84.95558733591857;0.14110604587470837;0.14382348968392802;0.023865569435245253;0.169132153674238;0.1263140126885428;0.15589807906087394;1.0;1.0;0.0;0.0;1.0;1.0;ok
0.11;0.0;2;100.0;100.0;0.0;0.0;100.0;100.0;1561.7;1565.0;135.2006286967631;0.08657272760246083;1477.9017821573752;1645.4982178426249;31.234;31.3;2.7040125739352625;0.08657272760246086;29.558035643147505;32.9099643568525;53.3;52.5;4.148493702538308;0.07783290248664743;50.72873696405832;55.87126303594167;11.7;12.0;1.7349351572897471;0.14828505617861087;10.624676048811335;12.775323951188664;0.6172982760835027;0.6133925813353274;0.017911292318534364;0.029015620183121135;0.606196742089028;0.6283998100779775;0.5752118033212892;0.5703351295744113;0.017187659595540552;0.02988057528774361;0.5645587815352561;0.5858648251073223;1.7751313131313133;1.765050505050505;0.04746051366247964;0.026736339622537436;1.745714982000698;1.8045476442619286;6.582576768592351;5.037564901606422;3.6468259549747515;0.5540119140539254;4.322250623996332;8.84290291318837;30.2;29.5;9.325234581499814;0.30878260203641766;24.420159725390327;35.97984027460967;55.9;54.0;25.339494864736352;0.4533004448074482;40.1944183679814;71.6055816320186;0.12753234731373636;0.12186390734650329;0.017916703649223802;0.1404875235703751;0.11642745934175201;0.13863723528572072;1.0;1.0;0.0;0.0;1.0;1.0;ok
0.11;0.1;2;100.0;100.0;0.0;0.0;100.0;100.0;1710.8;1690.0;148.86557694779543;0.08701518409387154;1618.5321594833822;1803.0678405166177;34.215999999999994;33.8;2.977311538955908;0.08701518409387154;32.37064318966764;36.06135681033235;64.5;63.5;9.562949335848225;0.14826278040074767;58.572822594185325;70.42717740581467;13.4;13.0;1.6852299546352716;0.1257634294503934;12.355483652593222;14.444516347406779;0.6383076809807441;0.6306274537249379;0.019886905661472387;0.031155673437795146;0.6259816491501267;0.6506337128113615;0.5896238129578688;0.5831315988987895;0.019052867438672273;0.032313598976087626;0.5778147233734301;0.6014329025423075;1.7077171717171715;1.7138383838383837;0.04695079884835535;0.027493310734320615;1.6786167651014297;1.7368175783329134;6.490746027515003;4.285986971305272;5.03137028453145;0.7751605536871886;3.3722704167564737;9.609221638273533;32.2;29.0;11.478675881825396;0.35648061744799364;25.08544297935564;39.314557020644365;59.2;62.5;25.748009631814263;0.43493259513199767;43.24121829211265;75.15878170788736;0.12194629859593502;0.12349118255262304;0.01549044958215527;0.1270268122977833;0.11234521847465063;0.13154737871721942;1.0;1.0;0.0;0.0;1.0;1.0;ok
0.11;0.2;2;100.0;100.0;0.0;0.0;100.0;100.0;1870.1;1843.0;160.00278122582745;0.08555840929673678;1770.9292487554924;1969.2707512445074;37.402;36.86;3.2000556245165486;0.08555840929673676;35.41858497510985;39.38541502489015;78.9;77.5;9.491575211733824;0.12029879862780511;73.01706073463274;84.78293926536728;14.7;14.5;1.4177446878757827;0.09644521686229815;13.821272738558772;15.578727261441227;0.6601854405517749;0.6519144051320741;0.019414076734595484;0.029407005277743536;0.6481524711262561;0.6722184099772937;0.6025489458451273;0.5968230465111684;0.021242436868709788;0.03525429264325643;0.5893827470678655;0.6157151446223891;1.643151515151515;1.6525252525252525;0.03912774085059108;0.02381261891541579;1.6188998901177174;1.6674031401853127;7.242715942535694;6.436005997138843;4.064806555435309;0.5612268364085821;4.723322737756519;9.76210914731487;40.9;41.0;12.833160171991933;0.313769197359216;32.945924918634475;48.85407508136552;45.7;31.0;26.862799556263674;0.5878074301151788;29.050264338434683;62.34973566156532;0.10632525228778507;0.11049282026006008;0.02100532868671379;0.19755728986995255;0.09330601468428922;0.11934448989128092;1.0;1.0;0.0;0.0;1.0;1.0;ok
0.11;0.3;2;100.0;100.0;0.0;0.0;100.0;100.0;2053.7;2015.5;173.76826522699707;0.08461229255830797;1945.9973133779847;2161.402686622015;41.074;40.31;3.4753653045399417;0.08461229255830797;38.919946267559695;43.2280537324403;90.4;92.0;6.216108107168022;0.0687622578226551;86.54721627910416;94.25278372089585;16.9;16.5;2.3853720883753127;0.14114627741865757;15.421531062213344;18.378468937786653;0.6862067804050489;0.6800984446078867;0.01921162716896903;0.027996848351788273;0.6742992905203137;0.6981142702897841;0.6190868506964741;0.6135533385973966;0.0227798804255607;0.03679593646664161;0.6049677345301467;0.6332059668628014;1.58779797979798;1.5975757575757576;0.036197848785646074;0.022797515330162863;1.5653623206800236;1.6102336389159364;5.672094533124512;5.298173994967668;1.6258785455675744;0.2866451777333034;4.664364570176614;6.67982449607241;43.5;42.5;11.155716023635597;0.2564532419226574;36.585615573313845;50.414384426686155;45.8;34.5;21.48394749574668;0.4690818230512376;32.48411138526609;59.115888614733905;0.09478466268120228;0.09136030841484055;0.017846322308812244;0.18828280656371985;0.08372339751595126;0.1058459278464533;1.0;1.0;0.0;0.0;1.0;1.0;ok
0.11;0.4;2;100.0;100.0;0.0;0.0;100.0;100.0;2243.7;2198.0;194.4906424484222;0.08668299792682721;2123.1534509096173;2364.2465490903824;44.874;43.96;3.8898128489684436;0.0866829979268272;42.46306901819235;47.284930981807655;97.2;98.5;2.9933259094191533;0.030795534047522152;95.34471738001996;99.05528261998005;20.2;20.0;2.521904042583698;0.12484673478137119;18.63690768026965;21.763092319730347;0.712904837877997;0.710203676481935;0.021805256997810718;0.030586490425167184;0.6993897995706292;0.7264198761853647;0.6371409505164193;0.6292096306495021;0.025142635713403697;0.039461653960595276;0.6215573834505066;0.652724517582332;1.5467272727272727;1.555959595959596;0.039291038878469145;0.025402693526693346;1.5223744345271955;1.57108011092735;5.015743012912411;4.7388776657805325;1.234963931763426;0.24621754515416036;4.25030443781669;5.781181588008132;44.6;43.0;11.689311356961968;0.2620921828915239;37.354889759292824;51.84511024070718;50.6;48.5;24.46303333603582;0.4834591568386526;35.43765485157392;65.76234514842608;0.08297337008602561;0.07821686697611444;0.016836834568590274;0.20291853339371516;0.07253779190448167;0.09340894826756954;1.0;1.0;0.0;0.0;1.0;1.0;ok
0.11;0.5;2;100.0;100.0;0.0;0.0;100.0;100.0;2427.0;2391.5;203.15806653933285;0.08370748518307905;2301.081325801135;2552.918674198865;48.54;47.83;4.063161330786657;0.08370748518307905;46.02162651602269;51.058373483977306;98.8;99.0;0.6;0.006072874493927126;98.42811614716419;99.1718838528358;24.3;25.0;2.4515301344262523;0.10088601376239721;22.78052588044416;25.819474119555842;0.7370472177586945;0.7365967882572197;0.021169281023870334;0.02872174334806464;0.7239263614438267;0.7501680740735623;0.6558490515348689;0.649663605057538;0.026161966806720206;0.03989022587666161;0.6396336965117931;0.6720644065579447;1.5096969696969698;1.516868686868687;0.041042033644309674;0.027185610402694082;1.484258853697199;1.5351350856967405;4.008127255747759;3.6941046507580726;0.6666137484334698;0.16631551492720903;3.594955773879835;4.421298737615683;38.0;35.0;7.8230428862431785;0.20586954963797838;33.15122778427363;42.84877221572637;72.8;80.0;19.943921379708655;0.27395496400698705;60.43862946109938;85.16137053890061;0.07228840355872237;0.06641799668259843;0.015642457816109522;0.21638958734788785;0.06259310775792853;0.08198369935951622;1.0;1.0;0.0;0.0;1.0;1.0;ok
0.11;0.6;2;100.0;100.0;0.0;0.0;100.0;100.0;2602.0;2587.5;214.7049137770256;0.0825153396529691;2468.9245157363684;2735.0754842636316;52.04;51.75;4.294098275540513;0.08251533965296912;49.37849031472737;54.701509685272626;99.0;99.0;0.0;0.0;99.0;99.0;27.7;28.5;3.0675723300355937;0.11074268339478678;25.798698971756444;29.601301028243554;0.7567150093937662;0.7570337765513104;0.02049965354616189;0.027090322369295882;0.7440091924895232;0.7694208262980092;0.6744731304870981;0.6711443960635264;0.02756128617839659;0.04086343092495336;0.6573904683318778;0.6915557926423185;1.4743434343434345;1.4772727272727273;0.04337473005596477;0.029419692213897723;1.4474594981285596;1.5012273705583095;3.9163458719048228;3.8847563084841514;0.23689990150688509;0.06049003567492937;3.7695137917234858;4.06317795208616;38.9;38.5;3.5902646142032486;0.09229472015946655;36.67473093761676;41.12526906238324;77.6;80.5;12.467557900406959;0.16066440593307937;69.8725275542387;85.32747244576129;0.07606427401831004;0.0750766733979231;0.012732273715709409;0.167388355177682;0.06817272901038;0.08395581902624007;1.0;1.0;0.0;0.0;1.0;1.0;ok
0.11;0.7;2;100.0;100.0;0.0;0.0;100.0;100.0;2755.0;2759.0;224.33011389467978;0.08142653861875854;2615.958754896254;2894.041245103746;55.09999999999999;55.18;4.486602277893597;0.08142653861875858;52.31917509792506;57.88082490207491;99.0;99.0;0.0;0.0;99.0;99.0;30.7;31.5;2.968164415931166;0.09668287999775786;28.860312635255653;32.539687364744346;0.7722415690574354;0.7739481649399484;0.02082941844919697;0.026972671873414504;0.7593313617487412;0.7851517763661295;0.6920215685682323;0.6908241641452675;0.02937223647291196;0.04244410551203203;0.6738164677916477;0.7102266693448168;1.4434343434343435;1.4426262626262627;0.04531921492821815;0.03139679690618332;1.4153452030093443;1.4715234838593427;3.8930249760204383;3.8861494741910887;0.15588840672298554;0.04004300195431552;3.7964043405128076;3.989645611528069;40.1;40.0;2.4269322199023193;0.06052200049631719;38.59577182581897;41.60422817418103;82.3;86.0;12.066896867049126;0.1466208610820064;74.82085983551585;89.77914016448415;0.07744663533251227;0.0735790111073511;0.01310869095647444;0.16926094852530518;0.06932178450163304;0.0855714861633915;1.0;1.0;0.0;0.0;1.0;1.0;ok
0.11;0.8;2;100.0;100.0;0.0;0.0;100.0;100.0;2895.8;2888.5;230.07120636881098;0.07944996421327818;2753.2003889149764;3038.399611085024;57.91600000000001;57.769999999999996;4.601424127376218;0.07944996421327814;55.06400777829954;60.76799222170048;99.0;99.0;0.0;0.0;99.0;99.0;34.0;33.5;3.605551275463989;0.10604562574894086;31.765256166805692;36.23474383319431;0.7843169087170547;0.7850315791832814;0.020890164096250365;0.026634851122133044;0.7713690508662452;0.7972647665678643;0.7083400945710239;0.7057433188105071;0.030301992756900903;0.042778875555889606;0.6895587248792925;0.7271214642627553;1.4149898989898992;1.4164646464646466;0.046479031589658756;0.03284760663156546;1.3861818967505006;1.4437979012292979;3.958597078554777;3.907373211244158;0.14125631308345155;0.03568342781049645;3.8710455086433533;4.0461486484662;42.2;42.0;3.31058907144937;0.07844997799643057;40.148075634922186;44.25192436507782;83.7;87.5;10.227903010881555;0.12219716858878799;77.3606800364708;90.03931996352921;0.08572148005969547;0.07943638026476013;0.01677663250014232;0.19571095235942335;0.07532321550675672;0.09611974461263423;1.0;1.0;0.0;0.0;1.0;1.0;ok
0.11;0.9;2;100.0;100.0;0.0;0.0;100.0;100.0;3022.7;3027.5;227.78149617561124;0.0753569643615348;2881.5195659958504;3163.8804340041493;60.45399999999999;60.55;4.555629923512227;0.07535696436153486;57.630391319917;63.277608680082984;99.0;99.0;0.0;0.0;99.0;99.0;36.5;36.5;5.024937810560445;0.13766952905645055;33.38551127791414;39.61448872208586;0.794571600394385;0.7977644006173398;0.020547344127230145;0.025859650806839166;0.7818362245617559;0.8073069762270141;0.7230225131884647;0.7229455429721048;0.030407543682567293;0.04205615057333795;0.7041757223552212;0.7418693040217081;1.3893535353535353;1.3883838383838385;0.04601646387386086;0.033120773584925954;1.3608322355547173;1.4178748351523534;4.018206280480019;3.9791769885451727;0.21343632985127128;0.05311731527774477;3.885917072679646;4.1504954882803915;43.0;43.0;3.82099463490856;0.0888603403467107;40.631722989175465;45.368277010824535;91.0;92.0;3.7682887362833544;0.04140976633278411;88.66439044358866;93.33560955641134;0.08951846570914095;0.08913086531585479;0.014051167938702792;0.15696390490379009;0.08080946159266147;0.09822746982562042;1.0;1.0;0.0;0.0;1.0;1.0;ok
0.11;1.0;2;100.0;100.0;0.0;0.0;100.0;100.0;3132.1;3126.5;230.78840958765673;0.0736848790229101;2989.055861754492;3275.1441382455077;62.641999999999996;62.53;4.6157681917531335;0.07368487902291009;59.78111723508984;65.50288276491015;99.0;99.0;0.0;0.0;99.0;99.0;39.2;39.0;5.173006862551025;0.13196446077936289;35.993737128680806;42.4062628713192;0.8032005775550228;0.8045907419444408;0.02025381626546376;0.025216386580693514;0.7906471321759744;0.8157540229340713;0.7361826297002333;0.7345510915762408;0.030894098236111635;0.04196526376707832;0.7170342692303451;0.7553309901701215;1.3672525252525252;1.3683838383838385;0.04662392112881955;0.03410044616316092;1.3383547195463619;1.3961503309586885;3.9727915769641298;3.927790586429337;0.17601105630612665;0.04430412542321896;3.8636987940294274;4.081884359898832;44.2;43.5;3.4292856398964493;0.07758564796145813;42.074506739601375;46.32549326039863;92.1;92.0;5.430469592954186;0.05896275345227129;88.73416007510755;95.46583992489244;0.09851084050351004;0.09847223192388094;0.015343212863957874;0.1557515171481171;0.08900101864562923;0.10802066236139085;1.0;1.0;0.0;0.0;1.0;1.0;ok
0.21;0.0;2;100.0;100.0;0.0;0.0;100.0;100.0;2693.5;2680.5;156.1475263973144;0.05797197935671595;2596.718760454311;2790.281239545689;53.86999999999999;53.61;3.1229505279462884;0.05797197935671596;51.93437520908621;55.80562479091377;75.0;74.5;3.7682887362833544;0.05024384981711139;72.66439044358866;77.33560955641134;26.5;26.5;1.284523257866513;0.04847257576854765;25.703844236345677;27.296155763654323;0.6884315674268263;0.6824322113280132;0.02548811002243504;0.03702344754134794;0.6726338731657497;0.7042292616879029;0.6778870802106545;0.6750168919133163;0.025945364309456275;0.03827387343242139;0.6618059768062726;0.6939681836150363;1.457818181818182;1.4598989898989898;0.03202473281522493;0.02196757676275095;1.4379690467759103;1.4776673168604535;15.797781847383751;17.417206140735033;8.476248833320946;0.5365467706293644;10.544148391166484;21.05141530360102;58.3;63.5;12.165936051122413;0.2086781483897498;50.7594747132577;65.84052528674229;45.1;33.0;24.496734476252133;0.5431648442627968;29.916766668459584;60.283233331540416;0.15003235020854705;0.14805438076442445;0.026070487450310688;0.17376577394190218;0.1338736946779988;0.1661910057390953;1.0;1.0;0.0;0.0;1.0;1.0;ok
0.21;0.1;2;100.0;100.0;0.0;0.0;100.0;100.0;2908.3;2904.0;166.2949488108403;0.05717943431243005;2805.2293228818207;3011.3706771181796;58.166;58.08;3.325898976216805;0.057179434312430034;56.10458645763641;60.227413542363585;85.7;84.0;5.78013840664737;0.06744618910907083;82.11743309901965;89.28256690098036;29.2;29.0;1.7204650534085253;0.05892003607563443;28.133644712115142;30.266355287884856;0.7186115433484943;0.7132196350847033;0.02429745686038645;0.03381167069369393;0.7035518235629074;0.7336712631340813;0.7054124850380701;0.7022631293602299;0.025383501072671434;0.03598391240736478;0.6896796280757922;0.721145342000348;1.412787878787879;1.4135353535353534;0.03384619840415806;0.023957027740920938;1.3918097876772402;1.4337659698985177;15.843791273560651;14.988654645504747;7.468848949620578;0.4714054117895526;11.214550734171436;20.473031812949866;65.5;68.0;10.651291001564083;0.1626151297948715;58.89826144110508;72.10173855889492;39.3;34.0;19.261619869574833;0.4901175539332019;27.361524318406474;51.23847568159352;0.126885459954255;0.11701980157848033;0.02776708705399704;0.21883584662898087;0.10967524109480913;0.14409567881370086;1.0;1.0;0.0;0.0;1.0;1.0;ok
0.21;0.2;2;100.0;100.0;0.0;0.0;100.0;100.0;3138.0;3126.5;177.98595450203368;0.056719552103898556;3027.683162481877;3248.316837518123;62.760000000000005;62.53;3.559719090040673;0.05671955210389854;60.55366324963754;64.96633675036247;95.6;95.5;2.3748684174075834;0.02484171984735966;94.12804130492734;97.07195869507265;34.2;34.5;2.6758176320519307;0.07824028163894534;32.5415110491776;35.858488950822405;0.7531680247126433;0.7501946287700263;0.024828393810300067;0.0329652786571401;0.737779226796145;0.7685568226291416;0.7351368853725329;0.7331452631639166;0.026458940878605494;0.03599185594557311;0.7187374639127153;0.7515363068323504;1.366060606060606;1.3683838383838385;0.03595675848525934;0.02632149578557139;1.343774376258965;1.388346835862247;12.693182169629914;13.59681960060679;2.147794966065199;0.16920855128070858;11.361965057827138;14.02439928143269;73.3;72.5;3.8483762809787714;0.052501722796436175;70.91475166911283;75.68524833088716;29.5;29.0;6.453681120105021;0.21876885152898376;25.499967000136124;33.500032999863876;0.10835609838459867;0.10509157830055206;0.026833710451642956;0.24764374919074236;0.09172439233686985;0.12498780443232749;1.0;1.0;0.0;0.0;1.0;1.0;ok
0.21;0.3;2;100.0;100.0;0.0;0.0;100.0;100.0;3335.7;3326.0;179.5834346480766;0.05383680626197698;3224.3930340293114;3447.0069659706883;66.71399999999998;66.52;3.5916686929615325;0.053836806261977;64.48786068058621;68.94013931941376;98.7;99.0;0.6403124237432849;0.0064874612334679315;98.3031302480662;99.09686975193381;38.2;37.5;3.655133376499413;0.09568411980364955;35.93452486219778;40.46547513780222;0.7826434050614522;0.7807772086881322;0.024027143493672805;0.030699988447211436;0.7677512272363427;0.7975355828865618;0.761530698955251;0.7598134991410349;0.026200707912670585;0.03440532068978376;0.7452913319459353;0.7777700659645668;1.3261212121212123;1.328080808080808;0.03627948174708619;0.027357591007125908;1.303634956369558;1.3486074678728666;8.22446857118401;7.232942416344818;2.5865413671606943;0.31449343441145045;6.621313622619176;9.827623519748844;67.9;68.5;9.24608025057105;0.13617202136334386;62.16922008798105;73.63077991201897;49.6;45.5;17.805617091243988;0.35898421554927396;38.56396418998199;60.636035810018015;0.11054866431515853;0.1078038056967181;0.020137958697279155;0.18216374500797855;0.09806702820083785;0.12303030042947921;1.0;1.0;0.0;0.0;1.0;1.0;ok
0.21;0.4;2;100.0;100.0;0.0;0.0;100.0;100.0;3519.6;3519.0;183.74014259273883;0.052204836513450065;3405.7166797533546;3633.4833202466452;70.392;70.38;3.674802851854776;0.05220483651345006;68.1143335950671;72.6696664049329;99.0;99.0;0.0;0.0;99.0;99.0;43.6;43.5;3.6932370625238775;0.08470727207623573;41.31090795292107;45.88909204707893;0.807934392584366;0.8077120376446059;0.023154739501640733;0.028659182867033197;0.7935829363555668;0.8222858488131651;0.7858721903409043;0.7850686672663754;0.02613425952753516;0.03325510159126302;0.7696740084673868;0.8020703722144218;1.2889696969696969;1.289090909090909;0.037119220725805833;0.028797589899181696;1.2659629656067382;1.3119764283326556;6.471707117642265;5.837499361061276;2.3160941510192536;0.3578799393911756;5.036177090289758;7.907237144994772;63.8;62.0;8.280096617793781;0.12978207864880534;58.66794294653693;68.93205705346307;65.9;62.0;17.5524927004685;0.26635042034094836;55.02085231279583;76.77914768720419;0.12027278738035685;0.12392200905030837;0.01881966884006305;0.15647487058354076;0.10860823578479598;0.13193733897591772;1.0;1.0;0.0;0.0;1.0;1.0;ok
0.21;0.5;2;100.0;100.0;0.0;0.0;100.0;100.0;3662.1;3667.5;189.49377298476062;0.051744565409126086;3544.6505426900576;3779.549457309942;73.242;73.35;3.7898754596952133;0.05174456540912609;70.89301085380116;75.59098914619885;99.0;99.0;0.0;0.0;99.0;99.0;47.1;47.0;4.504442251822083;0.09563571659919497;44.30811776752672;49.891882232473286;0.8272447616319637;0.8279231525183666;0.02297837039638516;0.02777699111814757;0.8130026201071373;0.8414869031567901;0.8056632667957568;0.8059533439092805;0.026580607904981336;0.032992205305197024;0.7891884353317198;0.8221380982597939;1.260181818181818;1.259090909090909;0.03828157029995163;0.03037781512764882;1.2364546550889004;1.2839089812747357;5.4699589952168015;5.058295859632859;1.0960736654810477;0.20038060000806365;4.790605499031883;6.14931249140172;61.1;60.5;7.091544260596559;0.11606455418324974;56.70461532968956;65.49538467031044;79.8;84.5;12.432216214336043;0.15579218313704316;72.09443255820831;87.50556744179168;0.12938702781319145;0.12632048702782278;0.022754292554427603;0.1758622401256498;0.11528377117370224;0.14349028445268067;1.0;1.0;0.0;0.0;1.0;1.0;ok
0.21;0.6;2;100.0;100.0;0.0;0.0;100.0;100.0;3781.4;3791.5;184.75345734248114;0.04885848028309122;3666.8886207645724;3895.911379235428;75.628;75.83;3.69506914684962;0.048858480283091185;73.33777241529144;77.91822758470856;99.0;99.0;0.0;0.0;99.0;99.0;51.3;50.5;4.94064773081425;0.0963089226279581;48.237754810600556;54.36224518939944;0.841940727029845;0.8436658348720453;0.022253509862632297;0.026431207266973625;0.828147858718453;0.855733595341237;0.8217356949723407;0.8230702024524308;0.026152533469991114;0.03182596743697668;0.8055261867919448;0.8379452031527366;1.2360808080808083;1.234040404040404;0.03732393077625885;0.03019538086204054;1.2129471961140552;1.2592144200475615;5.161159360480207;5.149347346240779;0.3363537227182791;0.06517018739893819;4.952685163279976;5.369633557680438;60.9;61.0;3.505709628591621;0.05756501853188212;58.727138660659634;63.07286133934036;86.7;86.5;6.261788881781307;0.07222363185445567;82.81890304166464;90.58109695833537;0.13530380937845582;0.12943993773862086;0.019944370540974737;0.14740435345163638;0.12294216044651825;0.14766545831039338;1.0;1.0;0.0;0.0;1.0;1.0;ok
0.21;0.7;2;100.0;100.0;0.0;0.0;100.0;100.0;3884.6;3893.0;177.87085202472045;0.04578871750623499;3774.354503736434;3994.845496263566;77.69200000000001;77.86;3.557417040494408;0.04578871750623497;75.48709007472868;79.89690992527133;99.0;99.0;0.0;0.0;99.0;99.0;54.6;56.0;5.499090833947008;0.10071594933968879;51.191628189296246;58.00837181070376;0.8546522275477884;0.8562309114190407;0.020970997046812836;0.02453746257350067;0.84165426891516;0.8676501861804167;0.836126088072574;0.8373632645229948;0.02523665748380985;0.030182837067056517;0.820484245709613;0.8517679304355351;1.2152323232323234;1.2135353535353537;0.03593350545953948;0.02956924760194175;1.1929605058053403;1.2375041406593066;5.272951762252194;5.187687994004188;0.48265038752165174;0.09153324537820182;4.973801952778453;5.572101571725934;62.4;62.0;3.7469987990390385;0.06004805767690767;60.07758608340374;64.72241391659627;89.0;89.0;7.155417527999327;0.08039794975280143;84.56502626839797;93.43497373160203;0.14354158779609874;0.13776852367779813;0.02193344652247893;0.15280203360739925;0.12994709679818628;0.1571360787940112;1.0;1.0;0.0;0.0;1.0;1.0;ok
0.21;0.8;2;100.0;100.0;0.0;0.0;100.0;100.0;3971.9;3968.5;168.63003884243165;0.04245576143468659;3867.3820190857095;4076.4179809142906;79.43800000000002;79.37;3.372600776848631;0.04245576143468655;77.3476403817142;81.52835961828583;99.0;99.0;0.0;0.0;99.0;99.0;57.8;58.5;4.6;0.07958477508650519;54.948890461592185;60.65110953840781;0.8646879564000708;0.8653124622038411;0.01997790851716738;0.023104182693073235;0.8523055204151285;0.877070392385013;0.8480402385279332;0.8479326666091216;0.02407521501558626;0.028389236644451105;0.8331182656648556;0.8629622113910108;1.1975959595959598;1.1982828282828284;0.03406667451362252;0.028445882971345194;1.1764812159769111;1.2187107032150084;5.462048145880819;5.334153404102334;0.4422207925072216;0.08096244864496857;5.18795685901134;5.7361394327502975;64.3;63.5;3.716180835212409;0.057794414233474485;61.996687255277735;66.60331274472226;90.0;91.0;7.113367697511496;0.07903741886123884;85.59108902335282;94.40891097664718;0.1502227198938836;0.14626210015195268;0.019254325468822966;0.128171860304647;0.1382887653287163;0.1621566744590509;1.0;1.0;0.0;0.0;1.0;1.0;ok
0.21;0.9;2;100.0;100.0;0.0;0.0;100.0;100.0;4044.1;4040.5;165.6432612574384;0.040959239696703446;3941.433243012161;4146.766756987839;80.882;80.81;3.3128652251487645;0.0409592396967034;78.82866486024322;82.93533513975679;99.0;99.0;0.0;0.0;99.0;99.0;59.4;60.5;5.0039984012787215;0.0842423973279246;56.29848965824713;62.50151034175287;0.8730340873354153;0.8731347341405449;0.019543974430164018;0.022386267287471125;0.860920606484059;0.8851475681867716;0.8579584427620432;0.8576304512858735;0.02368893828338877;0.027610822509219077;0.8432758866980163;0.8726409988260702;1.1830101010101008;1.1837373737373738;0.033463285102512834;0.028286559069901903;1.1622693420226586;1.203750859997543;5.474238141015116;5.355430130856002;0.6362476916453432;0.1162257971348248;5.0798877361368575;5.868588545893374;65.0;63.5;4.47213595499958;0.06880209161537815;62.22814141774873;67.77185858225127;92.6;93.5;7.073895673530958;0.07639196191718098;88.21555403728134;96.98444596271865;0.15851025591296836;0.16008796234579004;0.019160760552610928;0.12088025750921338;0.14663429348368637;0.17038621834225035;1.0;1.0;0.0;0.0;1.0;1.0;ok
0.21;1.0;2;100.0;100.0;0.0;0.0;100.0;100.0;4108.1;4105.0;165.3435514315572;0.04024818077251215;4005.619005086797;4210.5809949132035;82.162;82.1;3.3068710286311442;0.04024818077251216;80.11238010173594;84.21161989826408;99.0;99.0;0.0;0.0;99.0;99.0;62.2;62.5;4.707440918375927;0.07568232987742649;59.28229789046243;65.11770210953757;0.8804321944128357;0.8807864735619395;0.019619537756776686;0.022283984935218146;0.8682718789264231;0.8925925098992483;0.8668092419498079;0.8667807788663191;0.02381960408501059;0.027479637885990435;0.8520456983828794;0.8815727855167365;1.170080808080808;1.1707070707070706;0.033402737662940885;0.028547376755737736;1.1493775767852115;1.1907840393764046;5.882281396678413;5.854548540189344;0.8129143303367541;0.13819711698862075;5.3784318746933;6.386130918663525;67.6;69.0;4.841487374764082;0.07161963572136217;64.59921503602807;70.60078496397192;90.3;91.5;7.810889834071404;0.08649933371064679;85.45876032404922;95.14123967595077;0.16319361498166823;0.16129031468745758;0.018333139930939248;0.1123398114135693;0.15183061712817564;0.17455661283516083;1.0;1.0;0.0;0.0;1.0;1.0;ok
0.31;0.0;2;100.0;100.0;0.0;0.0;100.0;100.0;3568.6;3582.5;140.12865517088215;0.03926712300927035;3481.7473597039216;3655.4526402960782;71.372;71.65;2.8025731034176404;0.03926712300927031;69.63494719407844;73.10905280592156;87.5;87.5;2.5787593916455256;0.029471535904520292;85.90166836983059;89.09833163016941;42.1;42.0;3.9862262855989496;0.09468470987170902;39.629311351060196;44.57068864893981;0.7836102319072289;0.7838836661775108;0.024179721631380005;0.03085682223996614;0.7686234851726043;0.7985969786418535;0.7816990541327151;0.7818885124404088;0.02442392825973017;0.03124466907130673;0.7665609465616924;0.7968371617037379;1.2790707070707072;1.2762626262626262;0.028308819226440837;0.02213233331820484;1.2615247191321055;1.296616695009309;28.51210003829892;28.391108056549143;10.728017572915485;0.37626192242960216;21.862805857788935;35.16139421880891;77.0;79.0;8.19756061276768;0.10646182613984;71.91909929244824;82.08090070755176;42.8;37.0;18.26362505090378;0.4267202114697145;31.480087915535734;54.11991208446426;0.17657261163321722;0.17323428448379657;0.029483660062593325;0.16697753853150119;0.15829844980025348;0.19484677346618096;1.0;1.0;0.0;0.0;1.0;1.0;ok
0.31;0.1;2;100.0;100.0;0.0;0.0;100.0;100.0;3800.2;3806.5;138.1041635867652;0.03634128824450429;3714.602152587813;3885.7978474121865;76.00399999999999;76.13;2.7620832717353045;0.0363412882445043;74.29204305175625;77.71595694824373;95.3;95.5;2.147091055358389;0.02252981170365571;93.96921917657339;96.6307808234266;47.8;47.0;3.709447398198282;0.07760350205435737;45.50086068277714;50.09913931722286;0.820242811451706;0.8198408160970938;0.02233733025604088;0.027232582772054016;0.8063979907222356;0.8340876321811763;0.8162871454319085;0.8158492659410623;0.02272057979082788;0.027834053149037544;0.8022047841797812;0.8303695066840358;1.2322828282828282;1.231010101010101;0.027899831027629364;0.02264076913780212;1.2149903338561239;1.2495753227095325;23.011485268510306;25.660891216792;4.963570888764395;0.21569971824272957;19.935032158614764;26.08793837840585;82.6;83.5;2.973213749463701;0.03599532384338622;80.75718302590843;84.44281697409156;41.9;44.0;8.018104514160438;0.191362876232946;36.93032733472314;46.86967266527686;0.1378194253790555;0.13457121665331329;0.01114235967394599;0.08084752670605243;0.13091331930367334;0.14472553145443767;1.0;1.0;0.0;0.0;1.0;1.0;ok
0.31;0.2;2;100.0;100.0;0.0;0.0;100.0;100.0;3998.9;4012.0;135.40564980827057;0.03386072415120922;3914.9747087559417;4082.8252912440585;79.978;80.24000000000001;2.7081129961654113;0.03386072415120923;78.29949417511882;81.65650582488117;98.8;99.0;0.4;0.004048582995951417;98.5520774314428;99.0479225685572;54.8;55.0;3.0919249667480617;0.0564219884443077;52.8836050511442;56.71639494885579;0.8515644664026812;0.8522421266536881;0.02054348202196264;0.024124400245052257;0.838831484327697;0.8642974484776654;0.8461542751712512;0.8468180556202892;0.021350087668401973;0.025231908996832732;0.8329213537370721;0.8593871966054303;1.1921414141414142;1.1894949494949496;0.02735467672894355;0.022945832100501697;1.1751868098496852;1.2090960184331432;20.744328616739416;20.599244954314003;5.2992372360680395;0.255454747848136;17.45982734933954;24.02882988413929;86.3;87.0;3.1320919526731648;0.03629307013526263;84.35870929533982;88.24129070466017;38.8;37.5;9.897474425326898;0.2550895470445077;32.665481795609374;44.93451820439062;0.132330493661931;0.1419964030898492;0.025613550785016342;0.19355743393848518;0.1164550504107021;0.14820593691315992;1.0;1.0;0.0;0.0;1.0;1.0;ok
0.31;0.3;2;100.0;100.0;0.0;0.0;100.0;100.0;4147.0;4166.0;132.88190245477372;0.032042899072769165;4064.638943571613;4229.361056428387;82.94;83.32;2.6576380490954756;0.03204289907276918;81.29277887143225;84.58722112856775;99.0;99.0;0.0;0.0;99.0;99.0;59.3;58.0;3.8483762809787714;0.06489673323741604;56.91475166911283;61.68524833088716;0.8744937518018514;0.8766229837321151;0.019357778449524663;0.022135982572361337;0.862495676414933;0.8864918271887698;0.8688230348652933;0.8710782893352114;0.02049686257074968;0.023591527558805593;0.8561189478255328;0.8815271219050539;1.1622222222222223;1.1583838383838385;0.026844828778742138;0.02309784502951044;1.1455836249639622;1.1788608194804824;18.91430482029879;15.700123318230645;11.458591040527889;0.6058161348986274;11.81219651326328;26.016413127334296;84.7;85.5;7.563729238940273;0.08930022714215198;80.01195204802681;89.38804795197319;49.6;44.0;21.22828302053654;0.4279895770269464;36.442573868723414;62.75742613127659;0.1544123432701252;0.15467218100243887;0.026865835539417224;0.17398761634242402;0.13776072588670607;0.17106396065354434;1.0;1.0;0.0;0.0;1.0;1.0;ok
0.31;0.4;2;100.0;100.0;0.0;0.0;100.0;100.0;4258.2;4280.0;127.3285513936289;0.029901965946556974;4179.28094621956;4337.11905378044;85.16399999999999;85.6;2.546571027872579;0.029901965946556988;83.58561892439118;86.74238107560879;99.0;99.0;0.0;0.0;99.0;99.0;63.2;63.0;3.9191835884530843;0.06201239855147285;60.770864845258714;65.62913515474129;0.8915648743577206;0.8937187345580617;0.018076693762170432;0.02027524219725772;0.8803608234863726;0.9027689252290686;0.8860926998344872;0.8887027436216928;0.01950120803829832;0.02200809017153729;0.8740057258674291;0.8981796738015454;1.1397575757575757;1.1353535353535353;0.02572293967548057;0.022568781487048252;1.1238143325696082;1.1557008189455433;9.434053864077072;7.27987921252177;4.055002005946735;0.42982603919480944;6.92073758202978;11.947370146124364;77.0;75.0;8.48528137423857;0.11019845940569571;71.74076811692049;82.25923188307951;77.3;83.0;17.262966141425405;0.22332427091106605;66.60030273325455;87.99969726674544;0.18204924395913583;0.18321960605653465;0.02606974596872443;0.1432016162317941;0.16589104800363608;0.19820743991463557;1.0;1.0;0.0;0.0;1.0;1.0;ok
0.31;0.5;2;100.0;100.0;0.0;0.0;100.0;100.0;4342.6;4356.5;123.13342356971967;0.02835476985440051;4266.281113383384;4418.918886616617;86.852;87.13;2.462668471394395;0.02835476985440053;85.32562226766767;88.37837773233234;99.0;99.0;0.0;0.0;99.0;99.0;66.6;66.0;4.2708313008125245;0.06412659610829617;63.95291133507016;69.24708866492982;0.9041290547783294;0.9055078178415112;0.017404448128480385;0.019249959988010268;0.8933416660674959;0.9149164434891629;0.8992370145000077;0.901062718572956;0.01889012054032371;0.021006831609158085;0.8875287964882272;0.9109452325117882;1.1227070707070705;1.11989898989899;0.02487543910499386;0.022156660231352723;1.1072891138148246;1.1381250275993164;7.879548342803233;7.17450490513329;1.9979541093154156;0.2535620091905702;6.641203556201002;9.117893129405463;76.2;75.5;5.30659966456864;0.06964041554552021;72.9109354521384;79.4890645478616;86.2;90.5;10.33247308247159;0.11986627705883515;79.79586683461376;92.60413316538624;0.19106991587280722;0.1850362974536934;0.029309814185854297;0.15339837279964819;0.172903504830579;0.20923632691503544;1.0;1.0;0.0;0.0;1.0;1.0;ok
0.31;0.6;2;100.0;100.0;0.0;0.0;100.0;100.0;4407.3;4416.5;118.43230133709298;0.026871849281213663;4333.894899130919;4480.705100869081;88.14599999999999;88.33;2.3686460267418576;0.026871849281213646;86.67789798261836;89.61410201738161;99.0;99.0;0.0;0.0;99.0;99.0;69.4;69.5;4.565084884205331;0.06577932109805952;66.57053107456541;72.2294689254346;0.9134224500760842;0.9137569709957992;0.01681239120845745;0.018405931677130387;0.903002022046111;0.9238428781060575;0.9091245307652078;0.91002055290441;0.01829738270381728;0.020126376623471394;0.8977836954706966;0.9204653660597191;1.1096363636363635;1.1077777777777778;0.02392571744183697;0.021561764039014147;1.0948070503294784;1.1244656769432486;7.57158451390336;7.17826521189283;1.6101560083549336;0.21265773437492197;6.573599480480448;8.569569547326273;76.3;76.5;3.7960505792204615;0.049751645861342876;73.94718347506652;78.65281652493347;90.9;94.0;10.624970588194586;0.1168863651066511;84.31457500232521;97.4854249976748;0.19729461961047012;0.1940833656864529;0.02480511274692419;0.12572625039597288;0.1819202514465491;0.21266898777439114;1.0;1.0;0.0;0.0;1.0;1.0;ok
0.31;0.7;2;100.0;100.0;0.0;0.0;100.0;100.0;4461.6;4468.5;110.70880723772612;0.02481370074361801;4392.981970369297;4530.218029630703;89.232;89.37;2.2141761447545227;0.024813700743618015;87.85963940738594;90.60436059261406;99.0;99.0;0.0;0.0;99.0;99.0;71.7;71.0;4.148493702538308;0.05785904745520652;69.12873696405833;74.27126303594167;0.9214342864211016;0.9227647437145696;0.015912194897120167;0.017268941618098405;0.9115718058454095;0.9312967669967936;0.9176479636004468;0.9189597035948485;0.017269535346755197;0.018819346886574172;0.9069441946980544;0.9283517325028391;1.0986666666666665;1.0972727272727272;0.022365415603581025;0.020356870998405063;1.0848044384584437;1.1125288948748893;7.4779318325996496;7.282721002075547;0.7760986305502954;0.10378519728769582;6.996900917750261;7.958962747449038;77.0;77.0;2.6076809620810595;0.03386598652053324;75.38374259475788;78.61625740524212;93.3;95.5;7.142128534267639;0.0765501450618182;88.87326287204672;97.72673712795327;0.2029500032752563;0.1972393297247706;0.02437457431666563;0.12010137434492657;0.187842485595066;0.21805752095544662;1.0;1.0;0.0;0.0;1.0;1.0;ok
0.31;0.8;2;100.0;100.0;0.0;0.0;100.0;100.0;4503.7;4499.5;106.0547500114917;0.023548360239689967;4437.966584923648;4569.433415076352;90.07400000000001;89.99000000000001;2.121095000229833;0.023548360239689953;88.75933169847298;91.38866830152705;99.0;99.0;0.0;0.0;99.0;99.0;73.6;73.5;3.583294573433783;0.04868606757382858;71.37905101364304;75.82094898635695;0.9276622661222088;0.927607436757589;0.015445196434824818;0.01664959004896087;0.9180892341922281;0.9372352980521895;0.9243017091442385;0.9239855104037626;0.01672097063453649;0.018090381602796714;0.913937944173029;0.934665474115448;1.090161616161616;1.091010101010101;0.02142520202252357;0.01965323462585321;1.0768821383684137;1.1034410939548185;7.329588120136572;7.613127865643204;0.7618971961411002;0.10394815965824063;6.857359345526994;7.80181689474615;76.8;77.0;3.4583232931581165;0.04503025121299631;74.6565090156476;78.9434909843524;97.5;97.5;2.1095023109728985;0.021635921138183575;96.19251692171562;98.80748307828438;0.20791919315925006;0.20067043181774363;0.022731644779187352;0.10932922754166648;0.19382997375628502;0.2220084125622151;1.0;1.0;0.0;0.0;1.0;1.0;ok
0.31;0.9;2;100.0;100.0;0.0;0.0;100.0;100.0;4539.7;4534.5;101.68387286094092;0.022398808921501624;4476.675682648679;4602.724317351321;90.79400000000001;90.69;2.0336774572188205;0.022398808921501645;89.5335136529736;92.05448634702643;99.0;99.0;0.0;0.0;99.0;99.0;75.1;76.0;3.858756276314947;0.05138157491764244;72.70831808134945;77.49168191865054;0.9329691259445034;0.9325863422841503;0.014895563241679953;0.015965762239559894;0.9237367601970446;0.9422014916919622;0.9299923654105486;0.9293992986133363;0.016090374950915573;0.017301620474929832;0.9200194476933501;0.9399652831277472;1.0828888888888888;1.083939393939394;0.02054219653756384;0.018969810059314033;1.0701567035653896;1.095621074212388;7.821312437032293;8.023812402156793;0.8749325950687498;0.11186518913707184;7.279023596322638;8.363601277741948;78.4;79.5;3.352610922848042;0.04276289442408216;76.32203022158647;80.47796977841354;96.8;97.5;3.2802438933713454;0.033886817080282496;94.76688377115326;98.83311622884673;0.2150254486113176;0.20909157316259958;0.026612472975624524;0.12376429463346698;0.19853086697187777;0.2315200302507574;1.0;1.0;0.0;0.0;1.0;1.0;ok
0.31;1.0;2;100.0;100.0;0.0;0.0;100.0;100.0;4571.0;4565.5;94.19872610603606;0.02060790332663226;4512.615024672438;4629.384975327562;91.42;91.31;1.8839745221207205;0.020607903326632253;90.25230049344877;92.58769950655123;99.0;99.0;0.0;0.0;99.0;99.0;76.4;76.5;3.878143885933063;0.05076104562739611;73.99630151641269;78.80369848358733;0.9376965788770137;0.9373723563079241;0.013947838309713946;0.014874575234579494;0.9290516191281017;0.9463415386259257;0.9350321438852879;0.9345165932193727;0.015038016718422188;0.01608288743522286;0.9257114845581945;0.9443528032123812;1.0765656565656565;1.0776767676767678;0.019030045677987103;0.017676623401395416;1.064770712055038;1.088360601076275;7.7568700291983745;7.840779895793954;0.801836031572602;0.10337107990134352;7.259886907925393;8.253853150471356;78.8;79.0;2.749545416973504;0.03489270833722721;77.09581409464812;80.50418590535187;97.5;98.5;2.80178514522438;0.02873625789973723;95.7634355756264;99.2365644243736;0.22569177873964277;0.2191155692218487;0.026722133476802672;0.11840100523833981;0.20912922881739957;0.24225432866188598;1.0;1.0;0.0;0.0;1.0;1.0;ok
0.41;0.0;2;100.0;100.0;0.0;0.0;100.0;100.0;4219.3;4234.5;91.15815926180169;0.021605043315668874;4162.79958752717;4275.80041247283;84.386;84.69;1.8231631852360366;0.021605043315668912;83.25599175054339;85.5160082494566;95.4;95.5;1.3564659966250536;0.014218721138627396;94.55925366489053;96.24074633510948;58.9;59.0;3.080584360149872;0.05230194159846982;56.99063403193625;60.809365968063744;0.8734139025508135;0.8762499264706849;0.017082508067336175;0.01955831939181017;0.8628260543571808;0.8840017507444462;0.8730007991672668;0.8758790161781433;0.017005725695521477;0.01947962213979965;0.8624605411807346;0.883541057153799;1.1476161616161615;1.1445454545454545;0.018415789749858944;0.016046994078511765;1.1362019368741756;1.1590303863581475;36.54085223024111;38.192194999848866;7.7977230743907295;0.21339740587487874;31.70777339648935;41.37393106399286;87.8;88.0;1.9899748742132397;0.02266486189308929;86.5666007945519;89.03339920544809;53.2;52.5;4.728636167014756;0.08888413847772096;50.26916093925306;56.13083906074694;0.20187951951522964;0.19579727401036043;0.02425466885578463;0.1201442767152756;0.18684632000965345;0.21691271902080583;1.0;1.0;0.0;0.0;1.0;1.0;ok
0.41;0.1;2;100.0;100.0;0.0;0.0;100.0;100.0;4398.9;4414.5;81.93222809127064;0.01862561733416778;4348.117878909994;4449.682121090005;87.97800000000001;88.28999999999999;1.638644561825413;0.01862561733416778;86.9623575781999;88.99364242180012;98.5;99.0;0.6708203932499369;0.006810359322334385;98.08422121266231;98.91577878733769;65.6;66.0;3.0397368307141326;0.04633745168771544;63.71595159297856;67.48404840702143;0.903891538847924;0.9070353140632436;0.01460578282522634;0.016158778124909193;0.894838780863377;0.9129442968324709;0.9029243009877954;0.9058884902180832;0.014673865789295176;0.016251490599203087;0.8938293447449311;0.9120192572306597;1.1113333333333333;1.1081818181818182;0.016551965270963778;0.014893789985870227;1.101074318971716;1.1215923476949505;36.55343082273558;37.38737206904325;9.478092930605246;0.2592942089777806;30.678847961786825;42.42801368368433;90.9;91.5;2.3430749027719964;0.025776401570649022;89.44774712945714;92.35225287054287;50.2;48.0;6.4;0.12749003984063745;46.23323890308479;54.16676109691522;0.18659044352978893;0.19020363435249887;0.016301860632706357;0.08736707156228923;0.17648644562898375;0.1966944414305941;1.0;1.0;0.0;0.0;1.0;1.0;ok
0.41;0.2;2;100.0;100.0;0.0;0.0;100.0;100.0;4516.3;4539.5;74.87462854665792;0.016578754411057262;4469.892224427365;4562.707775572635;90.326;90.78999999999999;1.497492570933157;0.01657875441105725;89.3978444885473;91.25415551145268;99.0;99.0;0.0;0.0;99.0;99.0;71.2;71.0;2.4;0.033707865168539325;69.7124645886568;72.6875354113432;0.9239382691897788;0.9273918182569899;0.012943872573716434;0.014009456048473014;0.9159155738508966;0.9319609645286611;0.9228562067384478;0.9265286238574688;0.013140330111310881;0.014238762242008804;0.9147117457562335;0.9310006677206621;1.0876161616161615;1.0829292929292929;0.015126187585183398;0.013907652459583154;1.0782408534196697;1.0969914698126533;33.36860473571415;34.31163169753512;12.71465000221063;0.3810363095164792;25.48798301857945;41.24922645284885;92.1;93.5;3.047950130825634;0.03309392107302534;90.21086093682862;93.98913906317136;52.0;51.5;12.58570617804182;0.24203281111618885;44.1992984930841;59.8007015069159;0.19589260358034677;0.193299214006992;0.017264410782276796;0.08813201962061663;0.18519201091592502;0.20659319624476852;1.0;1.0;0.0;0.0;1.0;1.0;ok
0.41;0.3;2;100.0;100.0;0.0;0.0;100.0;100.0;4598.6;4621.5;72.49165469210922;0.015763853062260084;4553.669206924427;4643.5307930755735;91.97200000000001;92.43;1.4498330938421837;0.015763853062260073;91.07338413848854;92.87061586151148;99.0;99.0;0.0;0.0;99.0;99.0;75.1;74.5;2.3853720883753127;0.03176261103029711;73.62153106221334;76.57846893778665;0.938026817632117;0.9413404838190981;0.012246382809515653;0.013055471953807763;0.9304364309279424;0.9456172043362917;0.9370345680388;0.9405483670730296;0.012520052685094289;0.013361356253162123;0.9292745589884;0.9447945770892001;1.070989898989899;1.0663636363636364;0.014644778725678622;0.0136740586811237;1.0619129710958437;1.0800668268839542;24.791631344555817;20.073810782639136;12.412618115292803;0.5006777465662252;17.09821093039823;32.485051758713404;90.4;90.5;3.8;0.04203539823008849;88.0447355987066;92.75526440129342;66.2;66.0;14.358272876638054;0.21689233952625459;57.30065027094676;75.09934972905324;0.2092784733258446;0.21393796592118222;0.022550813383030048;0.1077550549019853;0.19530133438340733;0.22325561226828186;1.0;1.0;0.0;0.0;1.0;1.0;ok
0.41;0.4;2;100.0;100.0;0.0;0.0;100.0;100.0;4655.5;4667.5;67.77794626572864;0.014558682475723048;4613.490793675672;4697.509206324328;93.10999999999999;93.35;1.3555589253145757;0.014558682475723079;92.26981587351341;93.95018412648656;99.0;99.0;0.0;0.0;99.0;99.0;77.7;77.0;3.0347981810987035;0.03905789164863196;75.81901259972322;79.58098740027678;0.9477031388577611;0.9496670872209594;0.011347605670246563;0.011973797706234782;0.9406698199959067;0.9547364577196156;0.9468661510632584;0.9488196764309651;0.011646835155523252;0.012300402905357579;0.9396473678449594;0.9540849342815575;1.0594949494949495;1.057070707070707;0.013692514397116865;0.012923624037702065;1.0510082411466004;1.0679816578432986;18.4629027461538;14.451651144018044;7.905881583029708;0.4282036087026816;13.562786574219313;23.36301891808829;89.1;88.0;3.477067730142742;0.039024329182297895;86.94489109323914;91.25510890676085;78.4;79.5;11.33313725320575;0.1445553221072162;71.37564875593483;85.42435124406518;0.22622267492773354;0.21955898017589157;0.03447004054158868;0.1523721729159116;0.20485792245437975;0.24758742740108733;1.0;1.0;0.0;0.0;1.0;1.0;ok
0.41;0.5;2;100.0;100.0;0.0;0.0;100.0;100.0;4694.9;4701.5;62.992777363758144;0.01341727776177515;4655.856672088563;4733.943327911436;93.898;94.03;1.2598555472751634;0.013417277761775153;93.11713344177126;94.67886655822873;99.0;99.0;0.0;0.0;99.0;99.0;80.0;81.0;3.1937438845342623;0.03992179855667828;78.02049703208104;81.97950296791896;0.9544620908341755;0.9555382658280265;0.01058674357927386;0.011091842914390991;0.9479003591821005;0.9610238224862506;0.9537403722215055;0.9547933189973898;0.010870903974472304;0.01139817951624632;0.9470025161317809;0.9604782283112302;1.0515353535353535;1.0502020202020201;0.012725813608840052;0.012102126253819958;1.043647812543144;1.059422894527563;13.254723168291358;13.089861635698252;2.643951504410989;0.1994724047301107;11.615985048005738;14.893461288576978;87.3;87.5;2.051828452868319;0.023503189609029997;86.02826354931534;88.57173645068465;88.8;88.5;7.166589146867567;0.08070483273499512;84.35810202728608;93.24189797271391;0.24273956459053297;0.23045743410558206;0.03672561985554887;0.15129639009404894;0.21997678957442543;0.2655023396066405;1.0;1.0;0.0;0.0;1.0;1.0;ok
0.41;0.6;2;100.0;100.0;0.0;0.0;100.0;100.0;4724.5;4720.0;58.07968663827311;0.012293298050221845;4688.501837269105;4760.498162730895;94.49000000000001;94.4;1.1615937327654628;0.012293298050221852;93.77003674538211;95.2099632546179;99.0;99.0;0.0;0.0;99.0;99.0;81.6;81.5;2.939387691339814;0.03602190798210556;79.77814863394403;83.42185136605596;0.9596302543442679;0.9586769354180451;0.009758555126177095;0.010169078227786062;0.9535818392135457;0.96567866947499;0.9589964562656956;0.9580077854270628;0.010027673327484372;0.010456423756279393;0.9527812399456895;0.9652116725857017;1.0455555555555556;1.0464646464646465;0.011733270027933923;0.011222043597386324;1.0382831994483042;1.052827911662807;13.596665675563475;12.954306137448418;2.7826903406319055;0.20465976049062373;11.87193633369154;15.32139501743541;88.0;88.0;1.7320508075688772;0.01968239554055542;86.92646378728988;89.07353621271012;89.4;91.5;7.914543574963751;0.08852957018975113;84.49451506984275;94.30548493015726;0.24895437306780402;0.23790172291934153;0.0331292779432065;0.13307369352449;0.22842063386249106;0.269488112273117;1.0;1.0;0.0;0.0;1.0;1.0;ok
0.41;0.7;2;100.0;100.0;0.0;0.0;100.0;100.0;4746.3;4741.5;54.51431004791311;0.01148564356402105;4712.511680574495;4780.088319425506;94.926;94.83;1.0902862009582597;0.011485643564021023;94.25023361148989;95.60176638851011;99.0;99.0;0.0;0.0;99.0;99.0;82.9;83.0;2.7367864366808017;0.0330131053881882;81.20372219256397;84.59627780743604;0.9633056799914727;0.9622846117874675;0.009245896423019161;0.009598091877856475;0.9575750140169508;0.9690363459659945;0.9627610334770298;0.9617170926815368;0.009489099604297314;0.009856131765145553;0.9568796286090485;0.9686424383450111;1.0411515151515154;1.042121212121212;0.011012991928871372;0.010577703406855906;1.0343255920352517;1.0479774382677791;14.015532717672514;12.772791738388161;3.43836097950412;0.24532502964861336;11.884414503508728;16.1466509318363;88.3;88.0;2.0999999999999996;0.02378255945639864;86.99840651507469;89.6015934849253;91.6;93.0;8.83402513014311;0.096441322381475;86.12461449759014;97.07538550240984;0.25653731427891713;0.25059241331010407;0.03619306010652551;0.1410830241528725;0.23410462321502973;0.27897000534280453;1.0;1.0;0.0;0.0;1.0;1.0;ok
0.41;0.8;2;100.0;100.0;0.0;0.0;100.0;100.0;4765.0;4758.0;51.83435154412564;0.010878143031296042;4732.872736064209;4797.127263935791;95.3;95.16;1.0366870308825107;0.01087814303129602;94.65745472128417;95.94254527871583;99.0;99.0;0.0;0.0;99.0;99.0;84.4;84.5;2.4979991993593593;0.02959714691184075;82.8517240556025;85.94827594439751;0.9664735262012408;0.9650493258790898;0.008866103821829015;0.009173664442395599;0.9609782581197341;0.9719687942827475;0.9660009653999216;0.9645661308396292;0.009094054483519697;0.009414125667829726;0.9603644120345383;0.971637518765305;1.0373737373737373;1.0387878787878788;0.01047158617053043;0.010094323572371106;1.0308833810230724;1.0438640937244021;14.624801076455176;13.392102647075511;4.859367313745475;0.33226895110174787;11.612934011488466;17.636668141421886;88.6;88.5;2.5377155080899043;0.02864238722449102;87.02710763241727;90.17289236758272;92.6;94.5;8.674099376880577;0.0936727794479544;87.22373750640837;97.97626249359162;0.2617305949544614;0.26000492497585503;0.03441499201686165;0.13149013787574024;0.24039996191022162;0.28306122799870115;1.0;1.0;0.0;0.0;1.0;1.0;ok
0.41;0.9;2;100.0;100.0;0.0;0.0;100.0;100.0;4780.1;4774.5;49.05191127774737;0.010261691445314402;4749.697310408453;4810.502689591548;95.602;95.49000000000001;0.9810382255549468;0.010261691445314395;94.99394620816905;96.21005379183096;99.0;99.0;0.0;0.0;99.0;99.0;85.0;86.0;2.756809750418044;0.032433055887271106;83.29131161413206;86.70868838586794;0.969099716718534;0.9680625624314354;0.008375930765027595;0.008643001974440062;0.9639082610452268;0.9742911723918413;0.9686779612399569;0.9676305519542373;0.008600581875359609;0.008878680242038776;0.9633472653658927;0.9740086571140211;1.0343232323232323;1.0354545454545454;0.009909477025807531;0.009580638543281565;1.0281812748299903;1.0404651898164743;13.655126693360387;13.674424313270617;2.1706851646680594;0.15896484986283757;12.309722089476598;15.000531297244176;88.5;89.0;1.746424919657298;0.0197336149113819;87.41755462031564;89.58244537968436;95.7;97.5;4.337049688440288;0.045319223494673856;93.0118687532042;98.38813124679581;0.27012417172818987;0.2669431663615578;0.03607254546449503;0.1335406055434118;0.2477661764133048;0.2924821670430749;1.0;1.0;0.0;0.0;1.0;1.0;ok
0.41;1.0;2;100.0;100.0;0.0;0.0;100.0;100.0;4792.2;4787.0;45.82750265942931;0.009562936158638895;4763.795819575281;4820.604180424719;95.84400000000001;95.74;0.9165500531885847;0.009562936158638879;95.27591639150563;96.41208360849438;99.0;99.0;0.0;0.0;99.0;99.0;85.2;86.0;2.6000000000000005;0.030516431924882636;83.5885033043782;86.81149669562181;0.9711984748838358;0.9702231720749022;0.007879333223517755;0.008112999996689858;0.9663148135556043;0.9760821362120673;0.9708248228689349;0.9698455969625208;0.008077835913086166;0.008320590618207446;0.9658181282990451;0.9758315174388247;1.031878787878788;1.032929292929293;0.009258081345339229;0.008972062856695481;1.026140569611168;1.037617006146408;13.976959295982008;13.85152864221001;2.0702047603243585;0.14811553188964968;12.693833091934609;15.260085500029406;88.9;89.0;1.5779733838059498;0.01774998182008942;87.92196196392983;89.87803803607018;95.9;97.0;3.2388269481403293;0.0337729608773757;93.89255425976192;97.90744574023809;0.2747739223907019;0.2672245535996398;0.036735937173697185;0.13369513691136323;0.2520047526345545;0.2975430921468493;1.0;1.0;0.0;0.0;1.0;1.0;ok
0.51;0.0;2;100.0;100.0;0.0;0.0;100.0;100.0;4614.1;4623.5;51.63419409654808;0.011190523416603038;4582.096794935507;4646.1032050644935;92.28200000000001;92.47;1.0326838819309632;0.011190523416603055;91.64193589871014;92.92206410128988;98.4;98.5;0.66332495807108;0.006741107297470325;97.98886693151731;98.8111330684827;75.1;75.0;1.5779733838059498;0.021011629611264314;74.12196196392982;76.07803803607017;0.9369317354681979;0.9392947578902406;0.009823248000755673;0.010484486359987432;0.9308432232783935;0.9430202476580022;0.9368595639840214;0.9392937924467482;0.009842362859491931;0.010505697158747048;0.9307592042820283;0.9429599236860144;1.0678585858585858;1.065959595959596;0.010431150322534973;0.009768288105440533;1.061393291906163;1.0743238798110086;47.93693157206138;48.08357326230205;9.71566441308591;0.20267597642291307;41.91510038073126;53.958762763391505;93.2;93.0;0.8717797887081347;0.009353860393864105;92.65966528891806;93.74033471108194;62.3;62.0;7.59012516365837;0.12183186458520659;57.59559168438793;67.00440831561207;0.2346320547539245;0.23327312849366547;0.028015381817321213;0.11940134031005677;0.21726794120577206;0.25199616830207694;1.0;1.0;0.0;0.0;1.0;1.0;ok
0.51;0.1;2;100.0;100.0;0.0;0.0;100.0;100.0;4716.4;4729.5;44.29717823970281;0.009392158900793575;4688.944324477441;4743.855675522558;94.328;94.59;0.8859435647940558;0.00939215890079357;93.77888648954884;94.87711351045117;99.0;99.0;0.0;0.0;99.0;99.0;80.4;80.5;1.9595917942265424;0.02437303226649928;79.18543242262936;81.61456757737065;0.9559490811439272;0.9582091683302676;0.00828561781671725;0.008667425891348047;0.9508136020159176;0.9610845602719368;0.9557942102956731;0.9581050801940776;0.008329799127131403;0.008715055016450242;0.9506313473077632;0.960957073283583;1.0471919191919192;1.0445454545454544;0.0089489248969097;0.008545639756096731;1.0416453180762508;1.0527385203075876;53.443816072466674;52.91448758853339;9.671663339016225;0.18096880144003974;47.44925702939313;59.43837511554022;95.0;95.0;0.7745966692414834;0.008153649149910352;94.5199000104145;95.4800999895855;62.3;63.0;5.478138369920935;0.08793159502280795;58.90461466104361;65.69538533895638;0.24110520171831942;0.241343995296253;0.031895686613015534;0.13228950012567092;0.22133605034083356;0.26087435309580526;1.0;1.0;0.0;0.0;1.0;1.0;ok
0.51;0.2;2;100.0;100.0;0.0;0.0;100.0;100.0;4777.1;4786.5;37.44983311044256;0.007839449270570547;4753.888352958052;4800.311647041949;95.54199999999999;95.72999999999999;0.7489966622088515;0.007839449270570552;95.07776705916102;96.00623294083896;99.0;99.0;0.0;0.0;99.0;99.0;83.4;84.0;2.576819745345025;0.030897119248741303;81.80287057506288;84.99712942493713;0.9673341270669715;0.9688490242352737;0.006947087484242497;0.007181683443038011;0.963028277634259;0.971639976499684;0.9671735674196633;0.9687168223976296;0.00699300250480132;0.00723034907111663;0.9628392595623702;0.9715078752769565;1.034929292929293;1.0330303030303032;0.007565622850594467;0.007310279941135414;1.030240071304657;1.0396185145539292;38.668959820383925;39.66996234280928;9.571778527304604;0.24753131637792192;32.736310025008876;44.601609615758974;94.6;95.0;1.42828568570857;0.015098157354213214;93.71473936041411;95.48526063958587;72.0;71.0;6.54217089351845;0.09086348463220069;67.94512047034686;76.05487952965314;0.26183608086651844;0.26943506969619246;0.040919274228046254;0.1562782107516592;0.2364740519412342;0.2871981097918027;1.0;1.0;0.0;0.0;1.0;1.0;ok
0.51;0.3;2;100.0;100.0;0.0;0.0;100.0;100.0;4812.8;4823.0;34.88208709352122;0.007247774080269535;4791.179858427846;4834.4201415721545;96.256;96.46000000000001;0.6976417418704249;0.007247774080269541;95.82359716855692;96.68840283144309;99.0;99.0;0.0;0.0;99.0;99.0;85.9;86.5;2.6627053911388696;0.03099773447193096;84.24963810029436;87.55036189970565;0.974004807832236;0.9756376610694142;0.006349967089731188;0.006519441216993373;0.9700690574543863;0.9779405582100856;0.973866507589808;0.9755394260726893;0.006411735945672858;0.006583793462146125;0.9698924724784036;0.9778405427012123;1.0277171717171716;1.0256565656565657;0.007046886281519419;0.006856834229737602;1.0233494663490597;1.0320848770852835;26.43191704260706;27.481753747803737;6.964955716233552;0.26350550756520447;22.114992764967607;30.748841320246516;93.2;94.0;1.5362291495737215;0.01648314538169229;92.2478353083631;94.15216469163691;85.1;84.0;8.537564055396599;0.10032390194355581;79.8083629754111;90.39163702458889;0.2781135286756348;0.2864620557349894;0.03058463972197838;0.10997177975347397;0.2591569725799611;0.29707008477130853;1.0;1.0;0.0;0.0;1.0;1.0;ok
0.51;0.4;2;100.0;100.0;0.0;0.0;100.0;100.0;4834.8;4840.0;33.349062955351535;0.006897713029567207;4814.130036632834;4855.469963367166;96.696;96.80000000000001;0.6669812591070297;0.0068977130295671965;96.28260073265668;97.10939926734332;99.0;99.0;0.0;0.0;99.0;99.0;87.9;88.0;2.071231517720798;0.02356349849511715;86.61623740512508;89.18376259487493;0.9780801527117708;0.978955110202229;0.006122476841758241;0.00625968825232104;0.9742854022504192;0.9818749031731225;0.9779658542272622;0.9788522751131177;0.0061805554511043855;0.006319806999793402;0.9741351062708922;0.9817966021836323;1.0232727272727273;1.0222222222222221;0.006737184435424552;0.006583957781598264;1.0190969770975422;1.0274484774479125;25.4619734627286;25.3612125005453;6.642188982811078;0.2608670138052715;21.34510207907644;29.57884484638076;93.2;93.5;1.5999999999999999;0.017167381974248924;92.2083097257712;94.1916902742288;89.1;90.5;6.007495318350236;0.06742418988047404;85.37651582519811;92.82348417480188;0.29660397237742;0.2871858530534749;0.03305555915940268;0.11144678506645364;0.2761159245476859;0.31709202020715405;1.0;1.0;0.0;0.0;1.0;1.0;ok
0.51;0.5;2;100.0;100.0;0.0;0.0;100.0;100.0;4851.4;4854.0;30.614375708153844;0.006310420849271106;4832.425013349148;4870.3749866508515;97.028;97.08;0.6122875141630747;0.006310420849271083;96.64850026698298;97.40749973301703;99.0;99.0;0.0;0.0;99.0;99.0;89.3;90.0;1.9519221295943134;0.02185803056656566;88.09018613001834;90.50981386998166;0.9811905866504121;0.9815512152461846;0.005630109609820766;0.005738038752533115;0.9777010085610988;0.9846801647397255;0.9810943247001905;0.9814670744851571;0.005684718395919515;0.005794262847924118;0.9775708997345887;0.9846177496657924;1.019919191919192;1.0193939393939393;0.006184722365283588;0.006063933706008351;1.0160858612826562;1.0237525225557276;23.891712360303934;21.900927489238263;4.754140949793332;0.19898703274581248;20.9450652714146;26.83835944919327;93.2;93.0;1.16619037896906;0.012512772306534978;92.47718771454824;93.92281228545177;92.0;91.0;5.366563145999495;0.058332208108690164;88.67376970129848;95.32623029870152;0.3061212947549965;0.3042726841496969;0.03251525662138062;0.10621690545051475;0.28596812990782344;0.32627445960216955;1.0;1.0;0.0;0.0;1.0;1.0;ok
0.51;0.6;2;100.0;100.0;0.0;0.0;100.0;100.0;4862.9;4865.0;26.849394779026213;0.005521272240643693;4846.258572705444;4879.541427294555;97.258;97.3;0.5369878955805242;0.005521272240643692;96.92517145410888;97.59082854589111;99.0;99.0;0.0;0.0;99.0;99.0;90.0;90.5;2.1447610589527217;0.02383067843280802;88.67066332330745;91.32933667669255;0.983361570666897;0.9836427244951771;0.004954243664975574;0.005038069223729885;0.9802908986301996;0.9864322427035944;0.9832800569298377;0.9835712617209995;0.004999786334477874;0.005084803967334645;0.9801811572541353;0.98637895660554;1.0175959595959596;1.0171717171717172;0.005424120157379026;0.0053303279226193994;1.0142340550920088;1.0209578640999104;23.38860695711683;21.691608345667227;7.746622851939804;0.3312135205890325;18.58720036937477;28.190013544858893;92.9;93.0;1.6401219466856725;0.017654703408887754;91.88344188557663;93.91655811442338;95.1;95.0;4.414748010928823;0.046422166255823585;92.36371083399433;97.83628916600566;0.3181706756666498;0.3193288937544467;0.03320955910239498;0.10437655523348395;0.29758717768335496;0.33875417364994465;1.0;1.0;0.0;0.0;1.0;1.0;ok
0.51;0.7;2;100.0;100.0;0.0;0.0;100.0;100.0;4871.6;4874.0;26.219077024182223;0.005382025828102106;4855.349247697414;4887.850752302586;97.43199999999999;97.47999999999999;0.5243815404836446;0.005382025828102109;97.10698495394827;97.7570150460517;99.0;99.0;0.0;0.0;99.0;99.0;90.5;91.0;2.202271554554524;0.024334492315519603;89.13501794883595;91.86498205116405;0.9849965997205198;0.9853699869792603;0.004825835777077273;0.004899342574833804;0.9820055157172992;0.9879876837237404;0.9849254553070604;0.9853061732270403;0.004872331573796836;0.004946903897694306;0.9819055529104653;0.9879453577036555;1.015838383838384;1.0153535353535355;0.005296783237208559;0.005214198755902943;1.0125554035752353;1.0191213641015326;23.642973644091562;23.036887288737425;3.773218366068372;0.15959153120366096;21.304308671484375;25.98163861669875;93.4;93.5;1.0198039027185568;0.010918671335316453;92.7679189925334;94.03208100746662;95.2;96.0;4.214261501141095;0.04426745274307873;92.58797366016344;97.81202633983656;0.3288429851853885;0.3312825413776539;0.037256505534090524;0.11329572839477417;0.30575116381669526;0.35193480655408177;1.0;1.0;0.0;0.0;1.0;1.0;ok
0.51;0.8;2;100.0;100.0;0.0;0.0;100.0;100.0;4877.8;4878.0;23.072927859289987;0.004730191450918444;4863.499251152475;4892.100748847525;97.556;97.56;0.46145855718579976;0.004730191450918445;97.26998502304949;97.84201497695051;99.0;99.0;0.0;0.0;99.0;99.0;90.7;91.0;2.238302928559939;0.024678091825357653;89.31268547185579;92.08731452814422;0.9861494890756001;0.9861255143521377;0.004275507788832972;0.004335557475003877;0.9834995018933655;0.9887994762578346;0.9860870360535875;0.9860663402743012;0.00431400920692324;0.004374876708843378;0.983413185445188;0.988760886661987;1.0145858585858585;1.0145454545454546;0.00466119754733128;0.00459418737989125;1.0116968184146413;1.0174748987570756;23.540530793732977;21.957727301103414;5.415021622733924;0.23002971641470063;20.184265619980536;26.896795967485417;93.3;93.0;1.345362404707371;0.014419747102972892;92.46613574246163;94.13386425753836;96.3;98.0;4.220189569201839;0.043823360012480155;93.68429940551293;98.91570059448706;0.3357421756371289;0.333001138308748;0.0337657825648543;0.10057057175130854;0.3148139267800723;0.35667042449418546;1.0;1.0;0.0;0.0;1.0;1.0;ok
0.51;0.9;2;100.0;100.0;0.0;0.0;100.0;100.0;4883.8;4882.5;21.141428523162762;0.004328889087014775;4870.696406843923;4896.9035931560775;97.67600000000002;97.65;0.42282857046325617;0.004328889087014785;97.41392813687847;97.93807186312156;99.0;99.0;0.0;0.0;99.0;99.0;91.2;91.0;1.7204650534085253;0.018864748392637336;90.13364471211514;92.26635528788486;0.9872632150633864;0.9869108496948255;0.003950516460702417;0.00400148248250977;0.9848146595932243;0.9897117705335485;0.98720880155396;0.9868643994354316;0.003984018898597275;0.004035639565131564;0.9847394810576583;0.9896781220502616;1.0133737373737373;1.0136363636363637;0.004270995661245003;0.004214630302452607;1.010726546837156;1.0160209279103185;24.69419892443789;22.56059945238659;4.822419160555729;0.19528550714732287;21.705232562076798;27.683165286798985;93.7;93.5;1.004987562112089;0.010725587642605004;93.07710225558283;94.32289774441718;96.1;96.5;3.6180105030251086;0.03764839233116658;93.85753385755771;98.34246614244228;0.3418583577539354;0.3375544407636786;0.03650692997892488;0.10678963714323471;0.3192311281276531;0.36448558738021775;1.0;1.0;0.0;0.0;1.0;1.0;ok
0.51;1.0;2;100.0;100.0;0.0;0.0;100.0;100.0;4888.5;4886.0;20.5924743535108;0.0042124321066811495;4875.736652163323;4901.263347836677;97.77000000000001;97.72;0.4118494870702155;0.004212432106681144;97.51473304326647;98.02526695673355;99.0;99.0;0.0;0.0;99.0;99.0;91.5;91.5;1.8027756377319946;0.019702465986142018;90.38262808340285;92.61737191659715;0.9881358513595044;0.9876468533032117;0.0038637945566788352;0.003910185579607217;0.9857410466823315;0.9905306560366773;0.9880881746714387;0.9875962428958056;0.0038934853242930403;0.003940422954244656;0.9856749674658425;0.990501381877035;1.0124242424242427;1.012929292929293;0.004160095828992068;0.0041090440693426575;1.0098457883158232;1.0150026965326622;24.46501626625423;23.09754867425121;4.171956754575147;0.17052744658623942;21.879210679994646;27.050821852513817;93.7;93.5;1.004987562112089;0.010725587642605004;93.07710225558283;94.32289774441718;97.6;97.5;2.0591260281974;0.02109760274792418;96.32374046526577;98.87625953473422;0.34673650891214336;0.34911992490090565;0.04064185388773167;0.11721250241355337;0.3215464268952111;0.3719265909290756;1.0;1.0;0.0;0.0;1.0;1.0;ok
0.61;0.0;2;100.0;100.0;0.0;0.0;100.0;100.0;4800.9;4802.0;26.12450956477461;0.005441585861978923;4784.707861216009;4817.09213878399;96.018;96.04;0.5224901912954945;0.005441585861978946;95.6941572243202;96.34184277567981;99.0;99.0;0.0;0.0;99.0;99.0;84.6;85.0;1.9078784028338913;0.022551754170613374;83.41748471468652;85.78251528531347;0.9711375213958287;0.9714035149848972;0.005116300478381857;0.005268358358791587;0.9679664055055515;0.9743086372861058;0.9710990868109002;0.9713762789007638;0.00512606041599538;0.005278617275637049;0.9679219216486178;0.9742762519731826;1.030121212121212;1.02989898989899;0.005277678699954495;0.005123356977657773;1.026850072972931;1.033392351269493;62.04438075024977;57.65991545562714;19.221196783959698;0.3097975441375055;50.13095955669303;73.95780194380652;95.6;96.0;0.8;0.008368200836820085;95.1041548628856;96.0958451371144;75.8;76.0;4.749736834815167;0.06266143581550353;72.85608260985468;78.74391739014531;0.29542813070615664;0.2988222895684873;0.03257936071434911;0.1102784648045372;0.27523523373052416;0.3156210276817891;1.0;1.0;0.0;0.0;1.0;1.0;ok
0.61;0.1;2;100.0;100.0;0.0;0.0;100.0;100.0;4861.5;4863.0;18.24417715327277;0.0037527876485185167;4850.19214184737;4872.80785815263;97.23;97.25999999999999;0.3648835430654577;0.0037527876485185406;97.0038428369474;97.45615716305261;99.0;99.0;0.0;0.0;99.0;99.0;88.9;89.5;2.2561028345356955;0.025377984640446518;87.50165297583183;90.29834702416818;0.982796303196876;0.9830681327840418;0.0035172942960643343;0.0035788639869962367;0.9806162616062464;0.9849763447875057;0.9827576673358036;0.9830375197703964;0.0035303841061524286;0.003592324154257769;0.9805695125968266;0.9849458220747807;1.017878787878788;1.0175757575757576;0.0036856923541964673;0.0036209540842061148;1.015594372090378;1.0201632036671981;61.1790685193634;62.07560390105958;16.887087783767132;0.2760272131051212;50.71234307235721;71.6457939663696;96.3;96.5;0.7810249675906654;0.008110331958366204;95.81591570981904;96.78408429018096;81.4;81.0;5.713142742834281;0.07018602878174791;77.85895744165649;84.94104255834353;0.31615930615370225;0.30629221803900775;0.034507966637249844;0.10914740121701065;0.2947710468427193;0.3375475654646852;1.0;1.0;0.0;0.0;1.0;1.0;ok
0.61;0.2;2;100.0;100.0;0.0;0.0;100.0;100.0;4887.5;4889.0;17.18284027743958;0.0035156706450004257;4876.849965258272;4898.150034741728;97.75;97.78;0.34365680554878925;0.0035156706450004014;97.53699930516545;97.96300069483455;99.0;99.0;0.0;0.0;99.0;99.0;91.1;91.0;1.8138357147217055;0.01991038106170917;89.97577297666352;92.22422702333647;0.9878294622247547;0.9880019010690144;0.003263793314059238;0.0033040048296480626;0.9858065421706012;0.9898523822789081;0.9877975659919095;0.9879797897112514;0.0032793016856241864;0.0033198114659568267;0.9857650337494748;0.9898300982343442;1.0126262626262625;1.0123232323232325;0.003471280864129195;0.0034279980603370607;1.0104747404562167;1.0147777847963084;50.03285979512226;47.40543095330297;16.437461256366618;0.3285333143793055;39.84481575702755;60.22090383321698;96.0;96.0;1.0954451150103321;0.01141088661469096;95.321036083433;96.678963916567;87.9;89.5;6.803675477269621;0.0774024513910082;83.6830382501142;92.11696174988582;0.34563285800841176;0.35840708393902576;0.031532727307570126;0.09123185651175186;0.3260886711391453;0.3651770448776782;1.0;1.0;0.0;0.0;1.0;1.0;ok
0.61;0.3;2;100.0;100.0;0.0;0.0;100.0;100.0;4899.2;4904.0;16.96349020691202;0.0034625020833834136;4888.685919840518;4909.7140801594815;97.98400000000001;98.08;0.33926980413823854;0.0034625020833833945;97.77371839681038;98.19428160318964;99.0;99.0;0.0;0.0;99.0;99.0;92.2;93.0;1.8330302779823362;0.019881022537769372;91.06387606309875;93.33612393690126;0.9900867957579041;0.990990024791113;0.0032185096359323047;0.003250734834281432;0.9880919428182381;0.9920816486975702;0.9900611821320702;0.9909692028772809;0.0032353808990485786;0.003267859560033727;0.9880558722751877;0.9920664919889527;1.0102626262626262;1.0092929292929291;0.00342696771856805;0.003392155296534924;1.0081385696647511;1.0123866828605013;44.04551743333984;41.75838965359207;15.613116681647139;0.35447685920086247;34.36840745609674;53.72262741058294;95.7;96.0;1.268857754044952;0.013258701714158327;94.91355381620863;96.48644618379137;92.1;93.0;6.0074953183502355;0.06522796219707097;88.37651582519813;95.82348417480186;0.3638364247701485;0.3653349402642653;0.028701896322305;0.07888681387642058;0.34604680512342767;0.3816260444168693;1.0;1.0;0.0;0.0;1.0;1.0;ok
0.61;0.4;2;100.0;100.0;0.0;0.0;100.0;100.0;4907.7;4912.5;14.114177269681715;0.0028759250299899577;4898.951942295572;4916.448057704428;98.15400000000001;98.25;0.28228354539363393;0.0028759250299899533;97.97903884591145;98.32896115408857;99.0;99.0;0.0;0.0;99.0;99.0;93.1;93.5;1.5132745950421556;0.016254292105715957;92.16206268866198;94.03793731133801;0.9917251562725633;0.9926519907238716;0.0026875985629643516;0.0027100235846247898;0.9900593654251114;0.9933909471200152;0.9917051001455736;0.9926349343688605;0.0027015022754530564;0.002724098398865247;0.99003069168784;0.9933795086033071;1.0085454545454544;1.0075757575757576;0.0028513489433700813;0.0028271893254976474;1.0067781701607215;1.0103127389301874;41.96628157034003;40.38714434729094;15.00792554616577;0.35761866395074493;32.664272945038405;51.268290195641654;95.7;96.0;1.0999999999999999;0.011494252873563216;95.0182129364677;96.3817870635323;93.8;95.0;5.268775948927797;0.056170319284944537;90.53437883397353;97.06562116602646;0.3828428370114413;0.38319056895285847;0.022256202470564913;0.05813404436217723;0.3690482998043623;0.39663737421852024;1.0;1.0;0.0;0.0;1.0;1.0;ok
0.61;0.5;2;100.0;100.0;0.0;0.0;100.0;100.0;4913.3;4917.0;12.90774961021479;0.0026271039037337003;4905.299693905856;4921.300306094145;98.26599999999999;98.34;0.2581549922042958;0.0026271039037337003;98.1059938781171;98.42600612188288;99.0;99.0;0.0;0.0;99.0;99.0;93.5;93.5;1.5;0.016042780748663103;92.5702903679105;94.4297096320895;0.9927979249922657;0.9934771112732617;0.002464985774010843;0.0024828675725022758;0.9912701109808914;0.9943257390036401;0.9927818942383985;0.9934668792273971;0.002476677196158888;0.002494684089760564;0.9912468338085015;0.9943169546682954;1.0074141414141415;1.0066666666666668;0.00260762618388178;0.0025884351595674114;1.005797917960779;1.009030364867504;37.25538924034237;38.73624362825442;10.869102747175601;0.29174578413492686;30.518649562862606;43.99212891782213;95.5;96.0;1.02469507659596;0.010729791377968166;94.86488741155603;96.13511258844397;96.3;98.0;4.220189569201838;0.04382336001248015;93.68429940551293;98.91570059448706;0.39131738225578616;0.39700944752520806;0.026146966601882496;0.06681780004546649;0.37511132445599105;0.4075234400555813;1.0;1.0;0.0;0.0;1.0;1.0;ok
0.61;0.6;2;100.0;100.0;0.0;0.0;100.0;100.0;4918.8;4920.5;12.056533498481228;0.0024511127710988914;4911.327283117902;4926.272716882098;98.376;98.41;0.2411306699696239;0.002451112771098885;98.22654566235803;98.52545433764197;99.0;99.0;0.0;0.0;99.0;99.0;94.2;94.5;0.9797958971132711;0.010401230330289502;93.59271621131468;94.80728378868533;0.9938641024740669;0.9941609346104983;0.002322728310645376;0.0023370683223826205;0.9924244605519775;0.9953037443961562;0.993851058520475;0.9941517263392488;0.002331845488223868;0.0023462725810195714;0.9924057657131775;0.9952963513277724;1.0063030303030303;1.005959595959596;0.002435663333026487;0.0024204074316391856;1.0047933905288688;1.0078126700771917;34.71755903010257;29.041860668513134;10.521853827275821;0.30307009251867717;28.196046462998478;41.23907159720666;95.4;95.0;0.8;0.008385744234800839;94.9041548628856;95.8958451371144;96.7;98.5;3.9255572852781047;0.04059521494599901;94.26691438703855;99.13308561296145;0.41241823239444564;0.4139627051770055;0.03186200773843422;0.07725654502093088;0.3926699553996906;0.4321665093892007;1.0;1.0;0.0;0.0;1.0;1.0;ok
0.61;0.7;2;100.0;100.0;0.0;0.0;100.0;100.0;4921.9;4924.5;11.869709347747316;0.0024116112370725362;4914.543077926197;4929.256922073802;98.438;98.49000000000001;0.23739418695494613;0.002411611237072534;98.29086155852396;98.58513844147605;99.0;99.0;0.0;0.0;99.0;99.0;94.4;94.5;1.0198039027185568;0.010803007444052508;93.7679189925334;95.03208100746662;0.994465594791525;0.9949384515899719;0.0022923707952424116;0.0023051283093639585;0.99304476865242;0.99588642093063;0.9944544859317507;0.9949317470234926;0.002300682962840852;0.0023135125793969694;0.9930285078577924;0.995880464005709;1.0056767676767677;1.0051515151515151;0.002397921080352999;0.0023843854779428586;1.0041905207931714;1.007163014560364;34.835911537057335;34.67991205107766;10.705808205885344;0.3073210297510615;28.2003828648477;41.471440209266966;95.4;95.5;0.9165151389911681;0.009607076928628595;94.83193803154938;95.96806196845063;97.7;98.5;2.6476404589747453;0.02709969763536075;96.05897544198754;99.34102455801246;0.4229709110512074;0.41492850920925073;0.03604828922890916;0.08522640277866517;0.40062794990689726;0.4453138721955175;1.0;1.0;0.0;0.0;1.0;1.0;ok
0.61;0.8;2;100.0;100.0;0.0;0.0;100.0;100.0;4924.5;4927.0;10.716809226630843;0.0021762228097534455;4917.85765282449;4931.14234717551;98.49000000000001;98.53999999999999;0.21433618453261946;0.002176222809753472;98.35715305648982;98.6228469435102;99.0;99.0;0.0;0.0;99.0;99.0;94.7;95.0;0.7810249675906654;0.008247359742245674;94.21591570981904;95.18408429018096;0.9949657841359263;0.9954240795516923;0.002083013378190354;0.002093552774781434;0.9936747190682764;0.9962568492035762;0.9949566620512493;0.9954183293738593;0.0020894548153691348;0.0021000460573442634;0.993661604539473;0.9962517195630256;1.0051515151515151;1.0046464646464646;0.002165011964975956;0.0021539160338922684;1.0038096268332304;1.0064934034697999;33.0451164151573;27.89349695528584;11.084547417508874;0.335436779167301;26.17484274755008;39.915390082764524;95.2;95.0;1.0770329614269007;0.01131337144355988;94.53244805445568;95.86755194554432;98.9;100.0;1.5132745950421556;0.015301057583843838;97.96206268866199;99.83793731133802;0.43407271268897685;0.41727238477303596;0.040467345045795654;0.0932271111793923;0.4089907923728664;0.4591546330050873;1.0;1.0;0.0;0.0;1.0;1.0;ok
0.61;0.9;2;100.0;100.0;0.0;0.0;100.0;100.0;4927.4;4930.0;9.361623790774761;0.0018999114727391243;4921.597605459812;4933.202394540187;98.548;98.6;0.18723247581549549;0.001899911472739127;98.43195210919625;98.66404789080376;99.0;99.0;0.0;0.0;99.0;99.0;94.9;95.0;0.7000000000000001;0.007376185458377239;94.46613550502491;95.3338644949751;0.9955329250423965;0.9960277070812075;0.0018201384758598368;0.0018283056542628391;0.9944047915272342;0.9966610585575589;0.9955250985211043;0.9960221676528671;0.0018258670938569026;0.0018340743960843452;0.9943934143717216;0.996656782670487;1.0045656565656564;1.004040404040404;0.0018912371294494948;0.0018826416343110245;1.0033934556484467;1.0057378574828661;33.83418584726074;31.96258381178456;9.784013473794985;0.2891753777662456;27.769991469206953;39.898380225314526;95.4;95.5;0.9165151389911679;0.009607076928628593;94.83193803154938;95.96806196845063;99.0;100.0;1.3416407864998738;0.013551927136362362;98.16844242532461;99.83155757467539;0.4427953451923206;0.4360809333329555;0.040777675085436664;0.09209147189143457;0.41752108032488955;0.4680696100597517;1.0;1.0;0.0;0.0;1.0;1.0;ok
0.61;1.0;2;100.0;100.0;0.0;0.0;100.0;100.0;4929.3;4931.0;8.414867794564572;0.0017071121243512409;4924.084410905756;4934.515589094244;98.58600000000001;98.62;0.1682973558912927;0.0017071121243512535;98.48168821811512;98.6903117818849;99.0;99.0;0.0;0.0;99.0;99.0;95.3;95.0;0.9;0.00944386149003148;94.74217422074629;95.8578257792537;0.9959024242341371;0.9962259999606451;0.001639954279799131;0.0016467017650451839;0.9948859700407267;0.9969188784275476;0.9958956661219114;0.9962207259126783;0.0016448213876002317;0.0016516001058677996;0.9948761952638322;0.9969151369799906;1.004181818181818;1.0038383838383838;0.0016999732918312406;0.0016928939172681195;1.0031281638193446;1.0052354725442916;35.413831248859594;36.58050398835283;9.291774038585976;0.262376978454857;29.654730033611216;41.17293246410797;95.6;96.0;0.8;0.008368200836820085;95.1041548628856;96.0958451371144;99.6;100.0;0.66332495807108;0.00665988913725984;99.1888669315173;100.01113306848269;0.45469255603616804;0.44906010234645144;0.0418185368857605;0.09197101718646586;0.42877315834111357;0.4806119537312225;1.0;1.0;0.0;0.0;1.0;1.0;ok
0.71;0.0;2;100.0;100.0;0.0;0.0;100.0;100.0;4896.9;4897.5;11.344161493913951;0.002316600603221212;4889.868815860753;4903.931184139246;97.938;97.95;0.22688322987828038;0.0023166006032212254;97.79737631721505;98.07862368278495;99.0;99.0;0.0;0.0;99.0;99.0;91.9;92.5;1.5132745950421556;0.016466535310578404;90.96206268866199;92.83793731133802;0.9894918635203757;0.9895855534132327;0.0022720959365277685;0.0022962249820268296;0.9880836038688948;0.9909001231718565;0.9894810663809539;0.9895774195729566;0.002272799557169759;0.0022969611389155402;0.9880723706208809;0.9908897621410269;1.010727272727273;1.0106060606060607;0.002291749796750279;0.002267426494356275;1.009306831487021;1.0121477139675248;60.000682298083255;66.04037571685474;16.59922814017087;0.27665065636597164;49.712374106637924;70.28899048952859;96.4;97.0;1.0198039027185568;0.01057887865890619;95.7679189925334;97.03208100746662;91.3;90.0;3.132091952673165;0.034305497838698414;89.35870929533982;93.24129070466017;0.3728180699107685;0.37367695975539483;0.026058410661950075;0.06989578232671764;0.35666689965119597;0.388969240170341;1.0;1.0;0.0;0.0;1.0;1.0;ok
0.71;0.1;2;100.0;100.0;0.0;0.0;100.0;100.0;4923.4;4924.5;6.6211781428987395;0.0013448385552461185;4919.296151269844;4927.503848730155;98.46799999999999;98.49000000000001;0.13242356285797455;0.0013448385552461161;98.38592302539688;98.5500769746031;99.0;99.0;0.0;0.0;99.0;99.0;94.3;94.5;1.345362404707371;0.014266833559993329;93.46613574246163;95.13386425753836;0.9947177067263905;0.9949662254518683;0.0012991814116646231;0.001306080511967783;0.9939124657448863;0.9955229477078946;0.9947114966292748;0.9949577249726081;0.001301310230842019;0.0013082288032778336;0.9939049361919745;0.9955180570665751;1.0053737373737373;1.0051515151515151;0.0013376117460401774;0.0013304621916366353;1.0045446770242108;1.0062027977232637;58.949622336005255;59.89162184827087;7.595872307912191;0.1288536212262175;54.24165190348;63.65759276853051;96.9;97.0;0.3;0.003095975232198142;96.71405807358211;97.0859419264179;95.2;95.5;2.315167380558045;0.02431898508989543;93.76504439093051;96.6349556090695;0.4067122392710768;0.41099655364067256;0.020198743350150684;0.04966347554809647;0.3941929284385842;0.4192315501035694;1.0;1.0;0.0;0.0;1.0;1.0;ok
0.71;0.2;2;100.0;100.0;0.0;0.0;100.0;100.0;4933.1;4933.0;4.867237409455184;0.000986648843415942;4930.083254999176;4936.116745000825;98.662;98.66;0.09734474818910381;0.0009866488434159433;98.60166509998352;98.72233490001649;99.0;99.0;0.0;0.0;99.0;99.0;95.5;96.0;0.9219544457292888;0.00965397325370983;94.92856671430516;96.07143328569484;0.9966285292509098;0.9966139349329655;0.0009640680824174993;0.000967329405211906;0.9960309936627675;0.9972260648390522;0.9966253584605218;0.9966105176672583;0.0009651949621845092;0.0009684631782553046;0.9960271244250637;0.9972235924959799;1.0034141414141415;1.0034343434343433;0.0009832802847384169;0.0009799346492691946;1.0028046979796315;1.0040235848486516;43.45485937754702;37.877878119405494;12.06103151020366;0.2775531133449152;35.97935459889945;50.930364156194585;96.2;96.0;0.7483314773547882;0.007778913486016509;95.736179345005;96.663820654995;99.0;99.5;1.4832396974191326;0.014982219165849825;98.08067851107461;99.91932148892539;0.45453861820792485;0.4592521434822483;0.02360425282289422;0.05193013723664874;0.4399085507361111;0.4691686856797386;1.0;1.0;0.0;0.0;1.0;1.0;ok
0.71;0.3;2;100.0;100.0;0.0;0.0;100.0;100.0;4936.6;4937.5;3.9547439866570384;0.0008011068319606689;4934.148824282105;4939.051175717896;98.732;98.75;0.07909487973314112;0.0008011068319606726;98.68297648564209;98.78102351435791;99.0;99.0;0.0;0.0;99.0;99.0;96.1;97.0;1.2206555615733703;0.012701930921679191;95.34342984462774;96.85657015537225;0.9973203742242044;0.9975171749889316;0.0007825955926111806;0.0007846982903762956;0.9968353164505501;0.9978054319978586;0.9973180377196647;0.9975137783129742;0.0007835282986151169;0.0007856353429710637;0.9968324018488399;0.9978036735904894;1.0027070707070709;1.0025252525252526;0.0007989381791226323;0.0007967812359787705;1.0022118836933547;1.003202257720787;48.13946208863835;55.417875185258616;13.265291888151001;0.2755596201662131;39.91754899470986;56.361375182566846;96.4;97.0;1.019803902718557;0.010578878658906193;95.7679189925334;97.03208100746662;99.6;100.0;0.9165151389911679;0.009201959226818955;99.03193803154937;100.16806196845062;0.4734342020751064;0.47393925223463385;0.030681058343183406;0.06480532713670761;0.454417885098868;0.4924505190513448;1.0;1.0;0.0;0.0;1.0;1.0;ok
0.71;0.4;2;100.0;100.0;0.0;0.0;100.0;100.0;4938.7;4939.0;3.4073450074801643;0.0006899275128029977;4936.588105684462;4940.811894315538;98.77399999999999;98.78;0.06814690014960156;0.0006899275128029803;98.73176211368924;98.81623788631073;99.0;99.0;0.0;0.0;99.0;99.0;96.4;97.0;1.0198039027185568;0.01057887865890619;95.7679189925334;97.03208100746662;0.9977364980145005;0.9978076279682013;0.0006762371814980642;0.0006777713182225756;0.9973173618670232;0.9981556341619777;0.9977347966262127;0.9978051693097842;0.0006769165590634396;0.0006784533939804416;0.9973152393961578;0.9981543538562675;1.0022828282828282;1.0022222222222221;0.0006883525267636789;0.0006867847151916254;1.001856182966558;1.0027094735990985;55.34456021180334;54.535249822757834;24.245508515551276;0.43808295562859007;40.317038343925944;70.37208207968074;96.7;97.0;0.7810249675906654;0.008076783532478442;96.21591570981904;97.18408429018096;99.5;100.0;0.9219544457292888;0.009265873826425013;98.92856671430516;100.07143328569484;0.49185601387451217;0.5037011681076456;0.030922872505228877;0.06286976601473103;0.4726898189278542;0.5110222088211701;1.0;1.0;0.0;0.0;1.0;1.0;ok
0.71;0.5;2;100.0;100.0;0.0;0.0;100.0;100.0;4940.3;4941.0;3.195309061734091;0.0006467844183013361;4938.319526925202;4942.2804730747985;98.80600000000001;98.82;0.06390618123468397;0.0006467844183013578;98.76639053850406;98.84560946149597;99.0;99.0;0.0;0.0;99.0;99.0;96.6;97.0;0.8;0.008281573498964804;96.1041548628856;97.0958451371144;0.9980565119188343;0.9981799812239807;0.0006369914992078775;0.0006382318952893922;0.9976617004972524;0.9984513233404161;0.9980550735072045;0.9981793241482824;0.0006374630181976552;0.000638705252965235;0.997659969835125;0.998450177179284;1.0019595959595962;1.0018181818181817;0.0006455169821684967;0.0006442545036462;1.00155950038893;1.0023596915302624;55.65155515617255;53.958075923805204;23.421017939284734;0.42085109524000447;41.135057841843164;70.16805247050193;96.8;97.0;0.6;0.006198347107438017;96.42811614716419;97.1718838528358;99.6;100.0;0.9165151389911679;0.009201959226818955;99.03193803154937;100.16806196845062;0.5100076251509672;0.5076542002544471;0.03235873588748292;0.06344755311825861;0.4899514728597451;0.5300637774421894;1.0;1.0;0.0;0.0;1.0;1.0;ok
0.71;0.6;2;100.0;100.0;0.0;0.0;100.0;100.0;4941.2;4942.0;2.7129319932501073;0.0005490431460475405;4939.518507329781;4942.881492670219;98.824;98.84;0.05425863986500225;0.0005490431460475416;98.79037014659562;98.85762985340438;99.0;99.0;0.0;0.0;99.0;99.0;96.7;97.0;0.6403124237432849;0.006621638301378334;96.3031302480662;97.09686975193381;0.9982369221702558;0.9983855053267789;0.0005401941697593467;0.0005411482562525503;0.99790210635504;0.9985717379854717;0.9982355790880204;0.998384806824524;0.000540678959848116;0.0005416346313182663;0.9979004627967945;0.9985706953792464;1.0017777777777777;1.0016161616161616;0.0005480670693434644;0.000547094456975508;1.0014380822888445;1.0021174732667109;53.1202229704817;52.85182673662226;23.250690163614998;0.43769940831263343;38.70929590525401;67.53115003570939;96.7;97.0;0.6403124237432849;0.006621638301378334;96.3031302480662;97.09686975193381;100.0;100.0;0.0;0.0;100.0;100.0;0.518656141795663;0.5242903082115975;0.030817632661194812;0.0594182352772295;0.4995551751801237;0.5377571084112023;1.0;1.0;0.0;0.0;1.0;1.0;ok
0.71;0.7;2;100.0;100.0;0.0;0.0;100.0;100.0;4942.0;4942.5;2.280350850198276;0.0004614226730470004;4940.586623900018;4943.413376099982;98.84;98.85;0.04560701700396455;0.0004614226730469906;98.81173247800037;98.86826752199964;99.0;99.0;0.0;0.0;99.0;99.0;96.7;97.0;0.6403124237432849;0.006621638301378334;96.3031302480662;97.09686975193381;0.9983967947452086;0.9985025969705688;0.00045243508243170773;0.00045316159347964395;0.998116372575854;0.9986772169145632;0.9983955674298384;0.9985009200610673;0.00045294456432355354;0.00045367245118041244;0.9981148294803356;0.9986763053793412;1.0016161616161614;1.0015151515151515;0.00046067693943399813;0.0004599336123836812;1.0013306310909125;1.0019016921414103;52.57418511539869;52.57173309704679;22.553208362850278;0.42897875284888753;38.595561749089725;66.55280848170766;96.7;97.0;0.6403124237432849;0.006621638301378334;96.3031302480662;97.09686975193381;100.0;100.0;0.0;0.0;100.0;100.0;0.5251239063930785;0.5286933514624391;0.02753869711452007;0.05244228415284932;0.508055245084702;0.542192567701455;1.0;1.0;0.0;0.0;1.0;1.0;ok
0.71;0.8;2;100.0;100.0;0.0;0.0;100.0;100.0;4943.1;4944.0;1.8681541692269406;0.0003779316965521516;4941.942106049762;4944.257893950239;98.862;98.88;0.03736308338454058;0.0003779316965521695;98.83884212099521;98.88515787900478;99.0;99.0;0.0;0.0;99.0;99.0;96.8;97.0;0.6;0.006198347107438017;96.42811614716419;97.1718838528358;0.9986156847984764;0.9987874723460155;0.0003717340522489169;0.00037224936270046066;0.9983852816458421;0.9988460879511107;0.9986147088743073;0.998787000862668;0.00037209046373161246;0.0003726066323928405;0.9983840848155473;0.9988453329330672;1.0013939393939395;1.0012121212121212;0.000377404882672098;0.00037687953544087734;1.0011600214241942;1.0016278573636848;53.90297360009159;52.8388935347467;21.25843596271584;0.3943833622321667;40.72685848162838;67.0790887185548;96.8;97.0;0.6;0.006198347107438017;96.42811614716419;97.1718838528358;100.0;100.0;0.0;0.0;100.0;100.0;0.5364932847258006;0.5397788351128934;0.02171143471526069;0.04046916398283962;0.523036398071627;0.5499501713799742;1.0;1.0;0.0;0.0;1.0;1.0;ok
0.71;0.9;2;100.0;100.0;0.0;0.0;100.0;100.0;4943.6;4944.0;1.7435595774162693;0.0003526902616344909;4942.519330577837;4944.680669422164;98.872;98.88;0.03487119154832562;0.00035269026163449327;98.85038661155673;98.89361338844327;99.0;99.0;0.0;0.0;99.0;99.0;97.0;97.0;0.7745966692414834;0.007985532672592612;96.5199000104145;97.4800999895855;0.9987142314549262;0.9987896161276144;0.0003477286667340521;0.00034817634092134764;0.998498706994382;0.9989297559154704;0.9987134008721655;0.998789068545466;0.00034802474815276625;0.0003484730933307193;0.9984976928984568;0.9989291088458743;1.0012929292929293;1.0012121212121212;0.00035223425806391804;0.0003517794321314652;1.0010746122379468;1.0015112463479119;64.90412670636374;53.677920319177986;30.349272026381605;0.46760157738022395;46.0934530198094;83.71480039291808;97.0;97.0;0.7745966692414834;0.007985532672592612;96.5199000104145;97.4800999895855;100.0;100.0;0.0;0.0;100.0;100.0;0.5419555366472398;0.5469023400338153;0.0241448738553147;0.044551392545382665;0.5269903887879918;0.5569206845064879;1.0;1.0;0.0;0.0;1.0;1.0;ok
0.71;1.0;2;100.0;100.0;0.0;0.0;100.0;100.0;4944.1;4944.5;1.7578395831246945;0.0003555428860914412;4943.010479738601;4945.1895202614;98.88199999999999;98.89;0.03515679166249547;0.0003555428860914572;98.860209594772;98.90379040522798;99.0;99.0;0.0;0.0;99.0;99.0;97.0;97.0;0.7745966692414834;0.007985532672592612;96.5199000104145;97.4800999895855;0.9988157186602422;0.9988998926766977;0.0003496291080617859;0.00035004365823433333;0.9985990162939596;0.9990324210265248;0.9988149091279412;0.9988987997310481;0.00034998056107632435;0.00035039581195467947;0.9985979889288235;0.999031829327059;1.0011919191919192;1.001111111111111;0.0003551191077019627;0.0003546963383290049;1.0009718140886061;1.0014120242952322;64.43350236626495;53.120371671292034;30.045638673687282;0.4663046019584075;45.81102258145964;83.05598215107025;97.0;97.0;0.7745966692414834;0.007985532672592612;96.5199000104145;97.4800999895855;100.0;100.0;0.0;0.0;100.0;100.0;0.5495765797855098;0.5608070121920964;0.023262677358761592;0.04232836371564562;0.5351582229797557;0.5639949365912639;1.0;1.0;0.0;0.0;1.0;1.0;ok
0.81;0.0;2;100.0;100.0;0.0;0.0;100.0;100.0;4938.3;4939.5;4.450842616853578;0.0009012904474927764;4935.541339165465;4941.058660834536;98.766;98.78999999999999;0.08901685233707105;0.0009012904474927711;98.7108267833093;98.82117321669071;99.0;99.0;0.0;0.0;99.0;99.0;95.9;96.0;0.9433981132056604;0.009837310878056938;95.3152757915051;96.48472420849491;0.9976592931140102;0.9978894268406329;0.0008868193135255152;0.0008888999678011033;0.9971096368088718;0.9982089494191487;0.9976575503524228;0.9978882207600956;0.0008875845360475788;0.0008896685398051058;0.9971074197574513;0.9982076809473942;1.0023636363636361;1.002121212121212;0.0008991601246169222;0.0008970398486111144;1.001806331144538;1.0029209415827343;46.150708529213134;45.70795288433844;10.622220931496534;0.23016376714504239;39.566987786416426;52.73442927200984;96.5;96.5;0.5;0.0051813471502590676;96.1900967893035;96.8099032106965;99.4;100.0;1.0198039027185568;0.010259596606826526;98.7679189925334;100.03208100746662;0.4856961847581151;0.4931613119801717;0.04023821567868382;0.08284647263334614;0.46075628029507026;0.5106360892211599;1.0;1.0;0.0;0.0;1.0;1.0;ok
0.81;0.1;2;100.0;100.0;0.0;0.0;100.0;100.0;4944.0;4945.0;3.255764119219941;0.0006585283412661693;4941.982056492367;4946.017943507633;98.88000000000002;98.9;0.06511528238439897;0.0006585283412661706;98.83964112984735;98.9203588701527;99.0;99.0;0.0;0.0;99.0;99.0;96.9;97.0;0.8306623862918076;0.008572367247593473;96.3851501189667;97.4148498810333;0.998796476002944;0.998994546506514;0.0006494124412617807;0.0006501949665067366;0.9983939660017174;0.9991989860041706;0.9987956587335424;0.9989939731030839;0.0006500065826642641;0.0006507903563462245;0.9983927804796593;0.9991985369874254;1.001212121212121;1.0010101010101011;0.0006577301250949351;0.0006569338416505104;1.0008044558570435;1.0016197865671985;58.99983920015436;52.57314704896476;24.496333629355906;0.4151932269891986;43.81685431609422;74.1828240842145;96.9;97.0;0.8306623862918076;0.008572367247593473;96.3851501189667;97.4148498810333;100.0;100.0;0.0;0.0;100.0;100.0;0.5465145300996459;0.5559320572463688;0.03942130693968988;0.0721322211369242;0.5220809509187216;0.5709481092805702;1.0;1.0;0.0;0.0;1.0;1.0;ok
0.81;0.2;2;100.0;100.0;0.0;0.0;100.0;100.0;4945.7;4946.0;2.3685438564654024;0.0004789097309714302;4944.231961308412;4947.168038691588;98.91400000000002;98.92;0.04737087712930804;0.00047890973097143005;98.88463922616825;98.94336077383178;99.0;99.0;0.0;0.0;99.0;99.0;97.4;97.5;0.66332495807108;0.00681031784467228;96.98886693151731;97.8111330684827;0.9991339171261824;0.9991929585408046;0.00047591392113459146;0.0004763264593233576;0.9988389426218328;0.999428891630532;0.9991334775518516;0.9991925957119001;0.00047619263437588115;0.0004766056238478591;0.9988383302992453;0.9994286248044578;1.0008686868686867;1.0008080808080808;0.0004784937083768694;0.0004780784079416878;1.0005721133956385;1.001165260341735;77.21002424095046;77.8753229099415;28.360767232861132;0.36731975558452445;59.631838594390885;94.78820988751004;97.4;97.5;0.66332495807108;0.00681031784467228;96.98886693151731;97.8111330684827;100.0;100.0;0.0;0.0;100.0;100.0;0.565473765818206;0.572046230647256;0.03287290600849086;0.058133388311879995;0.5450989275842947;0.5858486040521172;1.0;1.0;0.0;0.0;1.0;1.0;ok
0.81;0.3;2;100.0;100.0;0.0;0.0;100.0;100.0;4947.0;4947.5;2.04939015319192;0.00041426928506002017;4945.729774823112;4948.270225176888;98.94000000000001;98.94999999999999;0.04098780306383856;0.0004142692850600218;98.91459549646225;98.96540450353777;99.0;99.0;0.0;0.0;99.0;99.0;97.6;97.5;0.66332495807108;0.006796362275318444;97.1888669315173;98.01113306848269;0.9993956459184741;0.9994967552391159;0.0004130263911343046;0.00041327615626614143;0.9991396495090442;0.9996516423279039;0.99939533918756;0.9994964829133555;0.00041322631022530404;0.0004134763231547875;0.9991392188669938;0.9996514595081262;1.0006060606060605;1.0005050505050503;0.00041401821276603623;0.00041376744461778307;1.0003494494592144;1.0008626717529066;75.09128941957145;53.66900626613706;25.55245802946377;0.34028524782268416;58.39701684032179;91.78556199882112;97.44444444444444;97.0;0.4969039949999533;0.005099356847205906;97.11980050104448;97.7690883878444;90.0;100.0;30.0;0.3333333333333333;71.40580735820993;108.59419264179007;0.5780049342596568;0.5848685041694517;0.027905672601819847;0.048279298233955555;0.5597732281598012;0.5962366403595124;0.9;1.0;0.30000000000000004;0.33333333333333337;0.7140580735820993;1.0859419264179007;ok
0.81;0.4;2;100.0;100.0;0.0;0.0;100.0;100.0;4947.8;4948.0;1.7204650534085255;0.00034772324132109736;4946.733644712115;4948.866355287885;98.95599999999999;98.96;0.03440930106817142;0.00034772324132110663;98.9346728942423;98.97732710575768;99.0;99.0;0.0;0.0;99.0;99.0;97.9;98.0;0.7000000000000001;0.007150153217568948;97.46613550502491;98.3338644949751;0.9995563668453951;0.9995979360191435;0.00034741185157334683;0.0003475660433936111;0.9993410387489219;0.9997716949418682;0.9995561567047853;0.9995976963452637;0.0003475562275343514;0.0003477105565335442;0.9993407391231643;0.9997715742864062;1.0004444444444445;1.0004040404040404;0.00034756869765829277;0.00034741429130660096;1.0002290191337606;1.0006598697551283;84.70869679862324;102.55631308607997;25.63574330578203;0.3026341364538462;66.94403302499265;102.47336057225382;97.625;98.0;0.4841229182759271;0.0049590055649262705;97.28951993352808;97.96048006647192;80.0;100.0;40.0;0.5;55.20774314427991;104.7922568557201;0.5869102789763108;0.597133918541153;0.02225852333384567;0.03792491651819252;0.5714859092435207;0.6023346487091008;0.8;1.0;0.4;0.5;0.5520774314427992;1.047922568557201;ok
0.81;0.5;2;100.0;100.0;0.0;0.0;100.0;100.0;4948.2;4948.5;1.469693845669907;0.0002970158533749458;4947.289074316972;4949.110925683028;98.96400000000001;98.97;0.029393876913398093;0.00029701585337494534;98.94578148633946;98.98221851366057;99.0;99.0;0.0;0.0;99.0;99.0;98.1;98.0;0.5385164807134505;0.005489464635203369;97.76622402722784;98.43377597277215;0.9996364864986924;0.9996968846895216;0.0002964329322880492;0.00029654072884667255;0.9994527554637479;0.9998202175336369;0.9996363355398511;0.9996967654876383;0.00029656953159166636;0.00029667742262640416;0.9994525198397811;0.9998201512399211;1.0003636363636361;1.0003030303030302;0.00029690784761005995;0.00029679992036629044;1.0001796109731254;1.0005476617541469;96.98416756518931;102.55631308607997;16.870758158769455;0.17395373474159614;85.29332861732163;108.67500651305699;97.875;98.0;0.33071891388307384;0.003378992734437536;97.64582348506009;98.10417651493991;80.0;100.0;40.0;0.5;55.20774314427991;104.7922568557201;0.5929455615211233;0.597133918541153;0.018575793272163656;0.03132799109670358;0.5800731935202302;0.6058179295220164;0.8;1.0;0.4;0.5;0.5520774314427992;1.047922568557201;ok
0.81;0.6;2;100.0;100.0;0.0;0.0;100.0;100.0;4948.7;4949.0;1.1874342087037917;0.00023994871556242886;4947.964020652464;4949.435979347536;98.974;98.98;0.023748684174076856;0.0002399487155624392;98.95928041304927;98.98871958695074;99.0;99.0;0.0;0.0;99.0;99.0;98.3;98.0;0.45825756949558394;0.004661826749700752;98.01596901577469;98.58403098422531;0.9997372207239662;0.9997979797979812;0.00024014775817338854;0.0002402108806146919;0.9995883756013672;0.9998860658465653;0.9997371204014458;0.9997978981406629;0.00024023477568030954;0.00024029794510765283;0.9995882213448373;0.9998860194580543;1.0002626262626262;1.00020202020202;0.00023988569872804866;0.00023982271498471935;1.0001139435661541;1.0004113089590982;103.3431680443572;103.60328538593645;2.1574063941074773;0.020876139515884302;101.74493902155868;104.94139706715572;98.0;98.0;0.0;0.0;98.0;98.0;70.0;100.0;45.8257569495584;0.6546536707079771;41.59690157746871;98.40309842253129;0.5989738671152115;0.597133918541153;0.012148464762178977;0.020282128201500056;0.5899741584750635;0.6079735757553595;0.7;1.0;0.45825756949558394;0.6546536707079771;0.41596901577468703;0.9840309842253129;ok
0.81;0.7;2;100.0;100.0;0.0;0.0;100.0;100.0;4948.9;4949.0;0.9433981132056604;0.0001906278391573199;4948.315275791505;4949.484724208494;98.978;98.98;0.018867962264115027;0.00019062783915733828;98.9663055158301;98.98969448416989;99.0;99.0;0.0;0.0;99.0;99.0;98.3;98.0;0.45825756949558394;0.004661826749700752;98.01596901577469;98.58403098422531;0.9997776927703296;0.9997979797979812;0.00019072065550634787;0.00019076306351452121;0.9996594828833545;0.9998959026573047;0.9997776062115374;0.9997978981406629;0.00019079250787517682;0.0001908349483823186;0.9996593517900028;0.9998958606330721;1.0002222222222221;1.00020202020202;0.00019058547741526848;0.0001905431344964915;1.0001040961194958;1.0003403483249484;102.71860970399084;101.50934078622346;1.5503713753815587;0.01509338356359513;101.57007851625606;103.86714089172561;98.0;98.0;0.0;0.0;98.0;98.0;70.0;100.0;45.8257569495584;0.6546536707079771;41.59690157746871;98.40309842253129;0.6024778838372117;0.609552211402181;0.009003099660198162;0.014943452534484704;0.5958082942729196;0.6091474734015038;0.7;1.0;0.45825756949558394;0.6546536707079771;0.41596901577468703;0.9840309842253129;ok
0.81;0.8;2;100.0;100.0;0.0;0.0;100.0;100.0;4948.9;4949.0;0.9433981132056604;0.0001906278391573199;4948.315275791505;4949.484724208494;98.978;98.98;0.018867962264115027;0.00019062783915733828;98.9663055158301;98.98969448416989;99.0;99.0;0.0;0.0;99.0;99.0;98.3;98.0;0.45825756949558394;0.004661826749700752;98.01596901577469;98.58403098422531;0.9997776927703296;0.9997979797979812;0.00019072065550634787;0.00019076306351452121;0.9996594828833545;0.9998959026573047;0.9997776062115374;0.9997978981406629;0.00019079250787517682;0.0001908349483823186;0.9996593517900028;0.9998958606330721;1.0002222222222221;1.00020202020202;0.00019058547741526848;0.0001905431344964915;1.0001040961194958;1.0003403483249484;102.71860970399084;101.50934078622346;1.5503713753815587;0.01509338356359513;101.57007851625606;103.86714089172561;98.0;98.0;0.0;0.0;98.0;98.0;70.0;100.0;45.8257569495584;0.6546536707079771;41.59690157746871;98.40309842253129;0.6024778838372117;0.609552211402181;0.009003099660198162;0.014943452534484704;0.5958082942729196;0.6091474734015038;0.7;1.0;0.45825756949558394;0.6546536707079771;0.41596901577468703;0.9840309842253129;ok
0.81;0.9;2;100.0;100.0;0.0;0.0;100.0;100.0;4949.0;4949.0;0.8944271909999159;0.00018072887270153886;4948.44562828355;4949.55437171645;98.98;98.98;0.017888543819999526;0.0001807288727015511;98.968912565671;98.991087434329;99.0;99.0;0.0;0.0;99.0;99.0;98.3;98.0;0.45825756949558394;0.004661826749700752;98.01596901577469;98.58403098422531;0.9997979117920215;0.9997979797979812;0.0001808254377047255;0.00018086198777972736;0.9996858350245809;0.9999099885594621;0.9997978327421423;0.9997978981406629;0.0001808933767965356;0.00018092995490938396;0.9996857138656163;0.9999099516186682;1.00020202020202;1.00020202020202;0.0001806923618181412;0.00018065586568365966;1.0000900259158685;1.0003140144881717;102.4194747611747;101.50934078622346;1.5528254462833042;0.015161427549831092;101.26912557227432;103.56982395007508;98.0;98.0;0.0;0.0;98.0;98.0;70.0;100.0;45.8257569495584;0.6546536707079771;41.59690157746871;98.40309842253129;0.6042519256745013;0.609552211402181;0.008998795147669563;0.014892455886879603;0.5975855249377157;0.6109183264112868;0.7;1.0;0.45825756949558394;0.6546536707079771;0.41596901577468703;0.9840309842253129;ok
0.81;1.0;2;100.0;100.0;0.0;0.0;100.0;100.0;4949.2;4949.0;0.7483314773547882;0.00015120251300306884;4948.7361793450045;4949.663820654995;98.98400000000001;98.98;0.014966629547097344;0.00015120251300308478;98.97472358690011;98.9932764130999;99.0;99.0;0.0;0.0;99.0;99.0;98.4;98.0;0.4898979485566356;0.004978637688583695;98.09635810565734;98.70364189434267;0.9998383498354049;0.9997979797979812;0.00015123260776523888;0.00015125705849364056;0.9997446148939879;0.9999320847768218;0.999838285823188;0.9997978981406629;0.00015129160758445143;0.00015131607753936913;0.9997445143133042;0.9999320573330718;1.0001616161616158;1.00020202020202;0.00015117807623327967;0.00015115364736097896;1.0000679150191927;1.000255317304039;102.20732231946113;101.50934078622346;0.987094950590671;0.009657771363047634;101.41748186029699;102.99716277862527;98.0;98.0;0.0;0.0;98.0;98.0;60.0;100.0;48.98979485566356;0.816496580927726;29.635810565733856;90.36418943426614;0.605412780448505;0.609552211402181;0.0058540393951955535;0.009669500850079072;0.6007285733607275;0.6100969875362825;0.6;1.0;0.48989794855663565;0.8164965809277261;0.2963581056573385;0.9036418943426614;ok
