n_vertices;n_edges;indegree_mean;indegree_max;outdegree_mean;outdegree_max;total_degree_mean;total_degree_max;avg_local_clustering;vertices_degree_ge_2;global_clustering;avg_shortest_path_length;closed_wedges;wedges;indegree_alpha;indegree_xmin;indegree_KS;indegree_LRT_exp_R;indegree_LRT_exp_p;indegree_LRT_log_R;indegree_LRT_log_p;indegree_LRT_trunc_R;indegree_LRT_trunc_p;seed;beta;gamma;dim
1000;2148;2.148;41;2.148;7;4.296;41;0.6306279899937557;840;0.41695844116303854;7.879963694122986;5478.0;13138.0;2.445048384875613;3.0;0.08134980577627304;-0.8078543815583927;0.4191744150194655;-2.985254469408331;0.0028334250419938187;-2.65688103021158;3.5261239683670453e-07;0;1.5;0.3;2
1000;2260;2.26;40;2.26;8;4.52;40;0.625328320908905;856;0.4065617805065234;7.456190864485653;6357.0;15636.0;2.8699071152931586;5.0;0.04398362485298912;0.9935243588334334;0.32045448574457247;-1.204505401553993;0.22839429557465696;-1.4857109256882162;0.05247770343726388;1;1.5;0.3;2
1000;1945;1.945;34;1.945;9;3.89;34;0.5978969839976919;835;0.4141942990110529;8.88964534619713;4272.0;10314.0;2.9142505110426025;4.0;0.07448180245718705;-0.025039506052993838;0.9800234522042091;-1.6810780784739252;0.09274774976440393;-1.6216086993934238;0.00501952690929941;2;1.5;0.3;2
1000;2280;2.28;50;2.28;10;4.56;50;0.6199521517858385;869;0.402512943553479;6.627413821614088;6375.0;15838.0;2.7642796239682164;5.0;0.04793097340013153;-0.20458731203845593;0.8378945692535157;-1.6991622474913903;0.08928861746380365;-1.649300716520147;0.0037551120300267637;3;1.5;0.3;2
1000;2127;2.127;34;2.127;8;4.254;34;0.6360157159745605;836;0.4373679444612134;11.32744675243016;5796.0;13252.0;2.7115518113037362;4.0;0.0757126787424014;-0.26513772334792574;0.7909033678838383;-2.1462457175455145;0.03185337986940554;-2.1905733073522913;0.0006644882940749497;4;1.5;0.3;2
1000;2061;2.061;37;2.061;7;4.122;37;0.6180131099042379;827;0.4476030723051117;12.947058839630053;5070.0;11327.0;2.514802359099234;3.0;0.09127206225711637;-1.8226230791653832;0.06836049767409316;-3.3229971691319524;0.0008905581821178299;-3.031241666306346;1.1089564377897432e-08;5;1.5;0.3;2
1000;2136;2.136;30;2.136;7;4.272;31;0.6203767485542088;825;0.4036085947443288;7.060916866515022;5391.0;13357.0;2.9150483383883534;5.0;0.06824537276821244;-0.49940332658537134;0.6174952761456589;-1.8702372263294595;0.061450882345816284;-2.0585306682762505;0.004273642721527082;6;1.5;0.3;2
1000;2042;2.042;31;2.042;8;4.084;31;0.6111092986233946;826;0.40445515750976646;7.8218866387003105;4866.0;12031.0;2.4899283128061898;3.0;0.05122322708298577;0.031268678845193125;0.9750552688487546;-2.641494347719475;0.008254118442629412;-2.99632912762469;3.6253636156891034e-05;7;1.5;0.3;2
1000;1967;1.967;24;1.967;8;3.934;24;0.6303487919855151;797;0.4473950197555821;13.033889698414802;4869.0;10883.0;2.7553316239539076;4.0;0.06517544471544212;-1.2637499166767407;0.2063198025179559;-2.473872105154177;0.013365753489306713;-2.7421325694799346;0.0001619588835409802;8;1.5;0.3;2
1000;1881;1.881;26;1.881;7;3.762;26;0.6130879083306046;811;0.46363338072842614;15.22853103938042;4239.0;9143.0;2.51377969616167;3.0;0.08445672394345494;-2.8582944371611565;0.00425924974208153;-3.622022701918488;0.00029230846158297493;-3.6400761522524268;5.017627202619224e-09;9;1.5;0.3;2
1000;2225;2.225;44;2.225;8;4.45;44;0.6226796940998516;854;0.39847587857412775;6.770723990063698;6327.0;15878.0;2.6148039718361185;4.0;0.0348984937854287;1.3487908117751894;0.17740416679231108;-1.5044676207793501;0.13246100440327868;-1.8428791017573811;0.018195274980948306;10;1.5;0.3;2
1000;2144;2.144;39;2.144;8;4.288;39;0.6126191916755868;856;0.42431761786600497;7.3932573407275255;5472.0;12896.0;2.75964031206396;4.0;0.08379037287730073;-0.40223006672698025;0.6875147165413097;-2.1190763320049117;0.03408401656696767;-1.9290391165022684;0.00044929281014838285;11;1.5;0.3;2
1000;2241;2.241;32;2.241;8;4.482;32;0.6417850706579907;846;0.42588071154516915;6.862041282970774;6105.0;14335.0;2.6750830829382775;4.0;0.04594019840999303;0.1104904815077597;0.9120203983072639;-2.045852851340342;0.040770850329079684;-2.468451609347892;0.0010376608019497802;12;1.5;0.3;2
1000;2066;2.066;37;2.066;7;4.132;37;0.6450224093864866;837;0.42107750472589794;8.468959827266902;5346.0;12696.0;2.921493196469434;5.0;0.05681766767278945;0.48195150414745197;0.6298403972213062;-1.26156903627591;0.2071039038140564;-1.501844680243524;0.0400537073211823;13;1.5;0.3;2
1000;2094;2.094;24;2.094;10;4.188;24;0.6331964655262503;833;0.47472366710013003;9.525314413664493;5841.0;12304.0;2.773180196957588;4.0;0.06987775677412278;-0.4504366879096028;0.6523955959906601;-2.1609838078445627;0.03069659022657602;-2.4754091355778876;0.00075916816524213;14;1.5;0.3;2
1000;2083;2.083;25;2.083;7;4.166;25;0.6255166050272625;828;0.41005144440047486;7.964649303603772;5181.0;12635.0;2.098051170522578;2.0;0.066698428454467;-1.6364754371219739;0.10174012234223728;-4.7755322486539535;1.7923256433447222e-06;-5.277348971984663;3.6415315207705135e-13;15;1.5;0.3;2
1000;2109;2.109;54;2.109;8;4.218;54;0.6342328036922505;835;0.3926501766784452;6.694516257791151;5556.0;14150.0;2.79672258668493;4.0;0.04404552480662505;1.090564383894208;0.27546460856114174;-1.175386105289899;0.2398402798555952;-1.1168069995906862;0.05571463965868073;16;1.5;0.3;2
1000;2275;2.275;68;2.275;8;4.55;68;0.6388603323204741;858;0.34824281150159747;5.827656930995721;6213.0;17841.0;2.887734786694354;6.0;0.018196015956237988;1.3077702416168984;0.19095125052131878;-0.5710976911046471;0.5679334236227582;-0.7198367214159181;0.31530411440330397;17;1.5;0.3;2
1000;2103;2.103;39;2.103;7;4.206;39;0.6544704664212229;826;0.4065958388667552;7.250547184773989;5511.0;13554.0;2.651897845766575;4.0;0.07052556266404797;-0.06398972633675909;0.9489784072386813;-1.937050407146953;0.0527391819401356;-1.9834202416375393;0.0010882260090560036;18;1.5;0.3;2
1000;2299;2.299;75;2.299;8;4.598;75;0.6091861164985392;838;0.35128573005187064;5.749863480292539;6366.0;18122.0;2.8630745834891314;5.0;0.02003974745695969;1.4594549161081103;0.1444399406341877;-0.6327999285968479;0.5268643034103132;-0.6938077028086995;0.28098300656744035;19;1.5;0.3;2
1000;2169;2.169;26;2.169;7;4.338;26;0.6201486620846299;848;0.430283475455174;8.646231442107817;5601.0;13017.0;2.365736377278755;3.0;0.08134848537920614;-2.7815245803840156;0.005410423333374825;-3.869900455921977;0.0001088798006950627;-4.131522581504181;3.40500960760437e-10;20;1.5;0.3;2
1000;2071;2.071;47;2.071;8;4.142;47;0.6275343414349961;845;0.39011527160400816;7.20529540545703;5178.0;13273.0;2.8670515184032994;4.0;0.018617489550180055;1.7906276669451158;0.07335306419180528;-0.7519067264727355;0.4521071527426729;-0.9189499734814403;0.21193010857679906;21;1.5;0.3;2
1000;2007;2.007;31;2.007;8;4.014;31;0.6346585977380886;824;0.42562384269464776;9.802332041020877;4827.0;11341.0;2.471179571464371;3.0;0.05533720442068524;-0.8064860692312025;0.4199626372868246;-2.9876110339937973;0.002811671418461742;-3.2276764347908795;2.94838377623563e-06;22;1.5;0.3;2
1000;2446;2.446;73;2.446;9;4.892;73;0.6426228576823185;857;0.31786306260359554;4.980075801871519;7479.0;23529.0;2.5364604809652063;4.0;0.03279827061112661;2.0277302955341527;0.04258778187545033;-1.0191075415867172;0.308151914207753;-1.2514947792352635;0.08068587372016389;23;1.5;0.3;2
1000;2137;2.137;28;2.137;8;4.274;29;0.602397964111378;835;0.4130268784361637;6.082441154871874;5409.0;13096.0;2.446992088994576;3.0;0.08269767620592827;-1.0527465782351153;0.2924571548864645;-3.2457323994910094;0.0011714890219454226;-3.3906866408558938;3.821803108428057e-07;24;1.5;0.3;2
1000;2111;2.111;40;2.111;8;4.222;40;0.6136132877926854;827;0.371190203861939;6.258090579277303;5517.0;14863.0;2.6443635403035737;4.0;0.03952479938095543;1.484701181716267;0.13762299855746382;-1.3129941832258119;0.18918490823083067;-1.6433342441009153;0.03575378315474431;25;1.5;0.3;2
1000;2084;2.084;38;2.084;7;4.168;38;0.6242320527408581;868;0.3917451122375091;8.278517257390497;4869.0;12429.0;2.7785275471466937;4.0;0.05480378080866105;0.7443827476247147;0.45664495329679733;-1.602182664072844;0.1091152224445953;-1.7357169141947588;0.014134066595393513;26;1.5;0.3;2
1000;2139;2.139;31;2.139;8;4.278;31;0.6054828048475779;831;0.4141406763567307;8.040577528598602;5670.0;13691.0;2.88646538375066;5.0;0.05448834206252723;-0.8069804247369337;0.41967776120545597;-1.9734166610338224;0.04844811093307549;-2.179911891643194;0.0020711958473311753;27;1.5;0.3;2
1000;2181;2.181;45;2.181;7;4.362;45;0.6211379307267241;860;0.4349646091787807;11.29434936450333;5715.0;13139.0;2.7642442699586653;4.0;0.06410491802328966;-0.5343145748461773;0.5931239100971222;-2.156174130611311;0.031070070746973863;-1.8889200538332567;0.00021253268901555433;28;1.5;0.3;2
1000;2218;2.218;56;2.218;8;4.436;56;0.6340857288644196;852;0.36727497680173216;6.303997235645403;5937.0;16165.0;2.8953429747133628;6.0;0.04362699849323215;1.1152881922429871;0.2647269436970022;-0.7328175736961839;0.4636697013529987;-0.9388505288731565;0.19856251035071948;29;1.5;0.3;2
1000;2136;2.136;26;2.136;8;4.272;27;0.6364041381887128;835;0.44052502050861364;8.78978026818191;5907.0;13409.0;2.3635472819071257;3.0;0.07080010637610179;-1.919595500582667;0.05490901283665159;-3.5568880861859515;0.0003752739313584576;-3.954172920069576;1.834765894770385e-08;30;1.5;0.3;2
1000;2081;2.081;49;2.081;7;4.162;49;0.6584081697105851;826;0.3789205990392766;6.276994541628973;5364.0;14156.0;2.6556345311255747;4.0;0.04703898041938381;0.7798235984403612;0.43549471404705475;-1.5088926333671187;0.13132622269598437;-1.5325651890136183;0.013423457036495057;31;1.5;0.3;2
1000;2102;2.102;31;2.102;8;4.204;31;0.6142292097746904;841;0.40597748533375616;7.8181356862249975;5121.0;12614.0;2.7086745835595654;4.0;0.05509439954632983;-0.4521383235457532;0.6511693367442306;-2.1742509655485036;0.029686292727841346;-2.352444437665782;0.0005315880843757004;32;1.5;0.3;2
1000;2385;2.385;82;2.385;9;4.77;82;0.619664029402709;861;0.3328583642063266;5.468378709988041;7008.0;21054.0;2.625327643223499;4.0;0.04039466802218161;1.6611682214618653;0.09667966600632624;-0.9870820507554355;0.32360241629360365;-1.0069757336767557;0.10145233319590286;33;1.5;0.3;2
1000;2283;2.283;73;2.283;9;4.566;73;0.6360587802943944;836;0.32868840683809797;5.424942243591383;6864.0;20883.0;2.8128401039861792;7.0;0.03272329620987055;1.9961161626773936;0.045921280143341285;-0.22199040436570203;0.8243213531890374;-0.5545643674487329;0.5971315455522128;34;1.5;0.3;2
1000;2070;2.07;66;2.07;8;4.14;66;0.6283252832127909;820;0.3797629127857748;7.3828845858488;5382.0;14172.0;2.727954582299245;4.0;0.04229865855953563;0.9075253225207223;0.36412906476986884;-1.1747654808627408;0.24008855391283002;-1.0238103432275658;0.04455239113662368;35;1.5;0.3;2
1000;2185;2.185;44;2.185;7;4.37;44;0.5961336014330572;839;0.4090228779131922;7.486219263310151;5739.0;14031.0;2.7007941134947164;4.0;0.04929443305903258;-0.28727536464824893;0.7739014841806209;-2.0892910571482584;0.036681530914851976;-1.9994100224252163;0.0004295926754813717;36;1.5;0.3;2
1000;2166;2.166;38;2.166;7;4.332;39;0.6194866489286386;835;0.3815279511265848;6.082891199352859;5808.0;15223.0;2.98279696261306;6.0;0.02261884702673045;1.4928478472082656;0.13547701939284568;-0.7308743862654723;0.46485588239174325;-1.0895150631776258;0.24543795573910554;37;1.5;0.3;2
1000;2083;2.083;26;2.083;7;4.166;28;0.6005075835322624;841;0.43624216430221047;9.796617514469359;5289.0;12124.0;2.9482838597982193;5.0;0.05270374988272847;-1.10700846827308;0.26829026707508563;-1.9448274856336687;0.0517957448786363;-2.1710374370723855;0.0021024759805756688;38;1.5;0.3;2
1000;2045;2.045;32;2.045;7;4.09;32;0.624683059611696;830;0.4089791905620187;8.950010766351966;4992.0;12206.0;2.7671648540517286;4.0;0.04582548348831372;0.7331810731596652;0.4634479975075556;-1.637909146932947;0.10144064758587068;-2.0143891887003407;0.010234034351013443;39;1.5;0.3;2
1000;2151;2.151;41;2.151;8;4.302;41;0.6152704211429338;821;0.41510638297872343;8.128697163905926;5853.0;14100.0;2.6906090251047203;4.0;0.04772824703353662;0.6347933511037669;0.5255632002725384;-1.7667263386133065;0.0772740701525859;-1.9833219551070345;0.005441992096363424;40;1.5;0.3;2
1000;1909;1.909;25;1.909;7;3.818;25;0.6166201860836036;818;0.4741388503785859;9.810354630771295;4446.0;9377.0;2.9804313219771013;4.0;0.07029585530974025;-1.240887679064456;0.21464724492085996;-2.1679139991510694;0.030165230527837327;-2.0835418713439884;0.00022461128230766292;41;1.5;0.3;2
1000;2116;2.116;37;2.116;7;4.232;37;0.5816333233783015;827;0.41901931649331353;8.14921712091687;5358.0;12787.0;2.736219972889814;4.0;0.0648030743233558;-0.48009925278003235;0.6311568195299899;-2.0604936581426747;0.03935137151010005;-2.085253903264756;0.00041722233325725;42;1.5;0.3;2
1000;2195;2.195;28;2.195;8;4.39;29;0.603198341953829;840;0.39019912441745513;7.2897123140838564;5526.0;14162.0;2.583294465499074;4.0;0.0684654413995186;-1.4572070937388626;0.1450592230508463;-2.78560350954899;0.005342817876510833;-3.1454364220191637;1.986227903005844e-05;43;1.5;0.3;2
1000;2089;2.089;41;2.089;8;4.178;41;0.6218302720843721;828;0.41401468788249696;7.672996086389332;5412.0;13072.0;2.6977129195601406;4.0;0.05936063890651311;0.11223660423212277;0.9106358065357727;-1.8604001675569455;0.0628289310069171;-1.9280324487601563;0.002275359040013303;44;1.5;0.3;2
1000;2152;2.152;51;2.152;7;4.304;51;0.6255689272487327;853;0.35024792324038895;6.671549554817541;5439.0;15529.0;2.7550756089062745;4.0;0.022976319516109567;2.4254638659903107;0.01528883765135149;-0.7389273871144117;0.4599510910794504;-1.1257597993778492;0.22076336154988563;45;1.5;0.3;2
1000;1906;1.906;32;1.906;7;3.812;32;0.5947115620528086;825;0.43076459963877184;10.847432042632247;4293.0;9966.0;2.5196172847420453;3.0;0.05334810311691035;-0.7465643126193651;0.4553265970752245;-2.793297827330786;0.005217363112973892;-2.8930133594206047;9.88333524132301e-06;46;1.5;0.3;2
1000;1882;1.882;20;1.882;8;3.764;20;0.6035904296228284;824;0.47050500653025684;11.192130112770304;4323.0;9188.0;2.573208284427783;3.0;0.07930858599054558;-2.887919778835271;0.003877987626603843;-3.6039275339629615;0.00031344448179829404;-3.88930333325024;1.9825253994021352e-08;47;1.5;0.3;2
1000;2118;2.118;34;2.118;8;4.236;34;0.6342677693957781;833;0.43785686351192804;8.435443511125417;5598.0;12785.0;2.9859091644624463;5.0;0.04330683392639334;-0.14380003400200875;0.8856583760250758;-1.5703103205389601;0.11634293432301769;-1.6773211124173035;0.011466722550873554;48;1.5;0.3;2
1000;2281;2.281;80;2.281;9;4.562;80;0.6280431075961738;841;0.33870451392594175;5.828668575871197;6348.0;18742.0;2.6235616186050548;4.0;0.025754181167288115;1.5377539069090647;0.12410879753331615;-1.0335978655666584;0.30132419764286766;-1.0474730717408096;0.08889182211405422;49;1.5;0.3;2
1000;2154;2.154;23;2.154;9;4.308;24;0.6170914656607757;848;0.43330223880597013;8.646268375853928;5574.0;12864.0;2.650111999365441;4.0;0.06707563030613456;-2.206327136632165;0.027361102665950127;-2.888798489223524;0.0038671680731216483;-3.268477615302623;4.507155224819925e-06;50;1.5;0.3;2
1000;2268;2.268;41;2.268;9;4.536;41;0.634308026880904;844;0.41381895420753423;6.416102863948245;6624.0;16007.0;2.6676984828617947;4.0;0.06779268051827131;0.7429008542872139;0.4575417084596236;-1.73581946621089;0.08259576102839836;-1.8765509524789619;0.005225055816684421;51;1.5;0.3;2
1000;2167;2.167;47;2.167;8;4.334;47;0.6132097432128477;850;0.3849364069952305;7.148190816734096;5811.0;15096.0;2.9362930310082622;5.0;0.04251905029241432;1.834884740908844;0.06652276905154131;-0.7143098771996902;0.47503558592470463;-1.0299903233086003;0.24959512178055632;52;1.5;0.3;2
1000;2084;2.084;23;2.084;8;4.168;24;0.6025591403877707;841;0.44186454043634454;10.518026908211919;5043.0;11413.0;2.8427086935829493;4.0;0.08490073153478933;-1.6685179549580507;0.09521295067169973;-2.6691579627492077;0.007604167838833639;-2.8013284063643376;3.8260758259855976e-05;53;1.5;0.3;2
1000;2109;2.109;34;2.109;7;4.218;34;0.6245386340882495;832;0.4377334498927124;9.199993428942223;5508.0;12583.0;2.974035991473113;5.0;0.04983567658043908;-0.2957149092676065;0.7674478102103012;-1.6635079281045504;0.09621080519527886;-1.7877940831914354;0.008924804197717795;54;1.5;0.3;2
1000;2219;2.219;53;2.219;7;4.438;53;0.6378385610521677;843;0.3688861232109521;5.6240837466532065;5928.0;16070.0;2.6039416164084246;4.0;0.05818149625917901;0.9276586094524522;0.3535846851364527;-1.6104292530212587;0.10730417864694168;-1.7359435428711365;0.009850228880822987;55;1.5;0.3;2
1000;2104;2.104;29;2.104;8;4.208;29;0.627040282608901;829;0.4503996238834039;12.504970503290293;5748.0;12762.0;2.3979449019458;3.0;0.07340731699882774;-1.1500137657664087;0.2501382015780377;-3.124234703107339;0.0017826819830245473;-3.513079041616504;3.6762294053360733e-07;56;1.5;0.3;2
1000;2224;2.224;52;2.224;9;4.448;52;0.6476971645192585;847;0.3816535908267954;8.085535066667141;6324.0;16570.0;2.700982995874489;4.0;0.04537513260986603;1.4525537271553721;0.14634770160200333;-1.144764752205713;0.25230662012276495;-1.221537533415131;0.06313775959146706;57;1.5;0.3;2
1000;2033;2.033;54;2.033;7;4.066;54;0.6290081740888029;834;0.37939543491671807;6.124919033266563;4920.0;12968.0;2.5207536778613644;3.0;0.052789631845756024;0.9872766900945195;0.32350701468924337;-1.9553109314979071;0.05054638171613928;-1.832572410392773;0.001848390364824981;58;1.5;0.3;2
1000;2197;2.197;47;2.197;7;4.394;47;0.6295343858243722;842;0.3674832962138085;6.188541968947136;5940.0;16164.0;2.406774492101204;3.0;0.057979351869945406;0.9527712286124441;0.34070599488153186;-2.2300023391036277;0.025747287589568686;-2.2316277415003754;0.0003708768010004526;59;1.5;0.3;2
1000;2047;2.047;28;2.047;7;4.094;29;0.6076357988202691;820;0.41720013477088946;10.127524885585693;4953.0;11872.0;2.7414032468240928;4.0;0.07214413899417815;-0.6213258025295756;0.5343852799862803;-2.2809296697251646;0.02255260894076257;-2.456153250313472;0.00043265719966423255;60;1.5;0.3;2
1000;2270;2.27;54;2.27;8;4.54;54;0.6277325047272477;842;0.34761637689287717;5.5384803491439705;6198.0;17830.0;2.975975621532983;6.0;0.035102026848185086;2.1385122611517344;0.0324751900732492;-0.3797442250758544;0.7041352880874336;-0.7206520512497537;0.4920796951923285;61;1.5;0.3;2
1000;2216;2.216;29;2.216;7;4.432;31;0.6359636982744479;846;0.40817457568410115;7.763479844338342;5892.0;14435.0;2.8604815832825605;5.0;0.07386542039247057;-0.9434867369215045;0.34543199615647247;-2.1193306268690772;0.034062535081150064;-2.322034632653897;0.001278540569963682;62;1.5;0.3;2
1000;2004;2.004;26;2.004;8;4.008;26;0.6041374034361142;820;0.41414231145065294;7.79701626301749;4662.0;11257.0;2.112631792232472;2.0;0.0682788093969191;-2.3491491491595684;0.01881636788346629;-4.863287604649816;1.1545190198264297e-06;-5.272507972671871;3.1530333899354446e-14;63;1.5;0.3;2
1000;2305;2.305;41;2.305;12;4.61;44;0.6161086605026369;845;0.40961123707349445;7.661848748243377;7407.0;18083.0;2.945883661160698;6.0;0.025636158234836115;1.3104573570627323;0.1900411610047168;-0.9169445026187018;0.3591717222966746;-1.280042696747811;0.14697798339483148;64;1.5;0.3;2
1000;2136;2.136;24;2.136;7;4.272;25;0.6323040350919051;851;0.429983922829582;8.905927105582936;5349.0;12440.0;2.462424278323887;3.0;0.06600034671691124;-1.0189574888869215;0.3082231490159555;-3.305952815845677;0.0009465402554401785;-3.7134676385466068;8.480348533401738e-07;65;1.5;0.3;2
1000;2120;2.12;34;2.12;7;4.24;34;0.6020147584289206;844;0.3992822966507177;7.155631345216954;5007.0;12540.0;2.4716601844757444;3.0;0.05403739317963402;-0.383573444953517;0.7012946250540819;-2.913556732608204;0.0035733690094750157;-3.1415741612717913;6.324270639956886e-06;66;1.5;0.3;2
1000;2068;2.068;41;2.068;8;4.136;41;0.6210133942483017;835;0.4237972231191476;9.222627076873163;5250.0;12388.0;2.750295952068901;4.0;0.06395405387023229;-0.24265418811435396;0.8082732994100397;-1.9972802175250042;0.04579475111790551;-1.8944882440097808;0.0010616519680844982;67;1.5;0.3;2
1000;2068;2.068;43;2.068;8;4.136;43;0.59918859693507;827;0.41771852319343644;8.589517372101877;5295.0;12676.0;2.709796328123205;4.0;0.07123677893628583;-0.043112068329040784;0.9656121991093245;-1.8434911762861608;0.06525732884588431;-1.6962806882750856;0.0017230656331185257;68;1.5;0.3;2
1000;2240;2.24;49;2.24;7;4.48;49;0.6504864751896446;837;0.37338371612446125;6.06532906480976;6324.0;16937.0;2.3815166991439463;3.0;0.055884006211068704;0.7901115129498558;0.42946264679025115;-2.4102505995241295;0.01594156643233622;-2.507947208843162;0.00010714888260665578;69;1.5;0.3;2
1000;2117;2.117;32;2.117;7;4.234;32;0.6197876150765166;849;0.41171109592162225;8.501753127981381;5421.0;13167.0;2.858330464084429;5.0;0.03908715814731667;-0.24072311579557015;0.8097697219004028;-1.6607416045746533;0.09676535371906055;-1.9251269589381466;0.008502765252777267;70;1.5;0.3;2
1000;2020;2.02;25;2.02;8;4.04;25;0.5991361183051227;831;0.4437353355232285;9.553915500927554;4728.0;10655.0;2.9087058602569544;4.0;0.04218568332848793;-0.33228084428165267;0.7396772030106384;-2.015156729483825;0.04388822974154937;-2.3269042041863135;0.0022414007768896127;71;1.5;0.3;2
1000;2086;2.086;27;2.086;8;4.172;28;0.6269717064539321;841;0.4211047807778053;10.227104919783349;5100.0;12111.0;2.991612252989934;5.0;0.03197180627925289;0.44425780668807513;0.6568562028239848;-1.3096051556512323;0.19032944342340208;-1.7231334662199107;0.03678076677567799;72;1.5;0.3;2
1000;2118;2.118;76;2.118;7;4.236;76;0.6307553598534437;838;0.3499744310917924;6.240551403187139;5475.0;15644.0;2.660984310349276;4.0;0.05831511988465987;0.7201964269080294;0.47140406356857445;-1.317923610837062;0.18752922093001423;-1.0261428956446457;0.022708326196720474;73;1.5;0.3;2
1000;2112;2.112;56;2.112;8;4.224;56;0.619813039470109;841;0.35861130020422055;6.8049702990037115;5268.0;14690.0;2.6069896671277633;4.0;0.03229837475606334;1.0097933486341564;0.3125943074978713;-1.4317511889498546;0.15221504095306634;-1.5250938661454898;0.02015354738476549;74;1.5;0.3;2
1000;2015;2.015;30;2.015;7;4.03;30;0.6310026448510363;843;0.4351336302895323;8.756047141300318;4689.0;10776.0;2.8246436449080212;4.0;0.049558515370230816;-1.0593356004194165;0.2894469672232247;-2.335170306630076;0.01953452566151874;-2.4570656758565503;0.00021364109604193882;75;1.5;0.3;2
1000;2028;2.028;31;2.028;7;4.056;31;0.6318535912557882;829;0.4269439889531371;10.624481305555257;4947.0;11587.0;2.850831208881983;4.0;0.046663337522431125;0.33682949684967467;0.7362454357978403;-1.6623181414995234;0.09644900220836881;-1.77621183423364;0.007856946895972494;76;1.5;0.3;2
1000;2228;2.228;34;2.228;9;4.456;34;0.6154122383572191;842;0.44137529984735047;7.948996468510889;6072.0;13757.0;2.9895281582926776;5.0;0.08126384250368873;-0.8523355405210077;0.39402788552729995;-1.9572330307654109;0.05032007702397876;-1.9281621396995787;0.0015260981287811282;77;1.5;0.3;2
1000;2188;2.188;57;2.188;8;4.376;57;0.6102184901909847;852;0.3679857488230055;6.104685366692937;5784.0;15718.0;2.908799172454583;6.0;0.032505559583655086;1.2569945001854765;0.2087556271102401;-0.6255669242150014;0.5315990392305266;-0.8349571387048065;0.27410417145163546;78;1.5;0.3;2
1000;2175;2.175;62;2.175;8;4.35;62;0.6228968020276233;832;0.3522900763358779;6.357111452511143;5538.0;15720.0;2.936661586311513;6.0;0.046263752004309405;0.6531433773522977;0.51366384983763;-0.8796848778235031;0.3790300437110926;-0.8541967269730601;0.13701888484751124;79;1.5;0.3;2
1000;2130;2.13;53;2.13;8;4.26;53;0.6185601751901982;827;0.40702668450327395;7.496783337144783;5781.0;14203.0;2.3848842231138327;3.0;0.061096544682062714;-0.2911847211761367;0.770910047268587;-2.7765843347493213;0.0054933381668039625;-2.4642039012908237;3.093760073791252e-06;80;1.5;0.3;2
1000;2222;2.222;57;2.222;7;4.444;57;0.644062997495607;829;0.36689260254762185;5.965608525529589;6279.0;17114.0;2.8547456215752343;5.0;0.048376026875746436;1.728084214306645;0.08397312718656204;-0.7388628948916708;0.45999025556171724;-0.9512968645452687;0.23149778523676678;81;1.5;0.3;2
1000;2089;2.089;62;2.089;8;4.178;62;0.607533405825694;836;0.38045387479800463;7.362410646995683;5415.0;14233.0;2.6650845339981237;4.0;0.04751625623975009;0.9372436031984477;0.3486332654597445;-1.2430440057298673;0.21385161781927464;-1.214222936738088;0.032297364063340495;82;1.5;0.3;2
1000;2054;2.054;36;2.054;7;4.108;36;0.6231897492461008;825;0.39645114244044727;8.700409878061278;4893.0;12342.0;2.414131596003096;3.0;0.06995404656591381;-0.9885413863326101;0.32288757598256;-3.0683675470144096;0.002152317175227381;-3.0111885329282604;4.450451626114571e-07;83;1.5;0.3;2
1000;2017;2.017;25;2.017;7;4.034;25;0.6340101971146342;847;0.46067523498944946;10.842632471032816;4803.0;10426.0;2.8750476683991106;4.0;0.08000526065662011;-1.906560652548404;0.056577504467230026;-2.713398771479058;0.006659691191851739;-2.8375744232470477;3.346050137686962e-05;84;1.5;0.3;2
1000;2065;2.065;32;2.065;7;4.13;33;0.6125516768663857;838;0.4057994892495263;7.9042660304962675;4926.0;12139.0;2.7746429538696527;4.0;0.034921093385690494;0.5728809015784511;0.5667253366946019;-1.6314667555501223;0.10279186908041905;-1.835543648621287;0.009694226994026223;85;1.5;0.3;2
1000;2112;2.112;33;2.112;7;4.224;33;0.6310388431436055;842;0.4290708514605345;9.269031365985008;5523.0;12872.0;2.7698834863652726;4.0;0.026980808597700634;1.134594996207192;0.2565450506621999;-1.4743413727701111;0.1403897009930832;-1.8065533874091202;0.023781726906032974;86;1.5;0.3;2
1000;2081;2.081;37;2.081;9;4.162;37;0.6048557918718779;833;0.4141445336627548;8.476685721583511;5364.0;12952.0;2.657520957191943;4.0;0.05229188501981602;-0.307329024699142;0.7585929454747251;-2.1278504943227112;0.03334948126909291;-2.27306449434903;0.0006212790543492774;87;1.5;0.3;2
1000;2094;2.094;40;2.094;8;4.188;40;0.6238266275017867;823;0.4010408921933086;7.077303084081351;5394.0;13450.0;2.456510120110674;3.0;0.06719469413185619;-0.22399676160973994;0.8227598230789053;-2.7510903293145383;0.005939726217925123;-2.633627174127288;6.174701271732808e-06;88;1.5;0.3;2
1000;2116;2.116;56;2.116;9;4.232;56;0.6364066401881936;837;0.39392368983610804;8.161251108377908;6081.0;15437.0;2.740471484561855;4.0;0.025877858326668668;1.7419908682928047;0.08151004215632483;-0.8737047286490579;0.3822790751292411;-0.9991818614247562;0.15985555658770423;89;1.5;0.3;2
1000;2148;2.148;33;2.148;7;4.296;33;0.6334602262244495;844;0.436429215509468;10.064245706671931;5808.0;13308.0;2.4299253467874755;3.0;0.06663706968349531;-0.8532604280546093;0.3935148995133948;-3.100873580602389;0.001929506489127417;-3.1876184634929876;5.693610545254302e-07;90;1.5;0.3;2
1000;2148;2.148;49;2.148;8;4.296;49;0.5934959764097087;840;0.39070048309178745;7.642555391840638;5823.0;14904.0;2.935606048745527;5.0;0.0671319653772185;0.8233209791633886;0.4103254864748096;-1.0468828842273379;0.29515359678999675;-1.0385542349818087;0.0848891740503156;91;1.5;0.3;2
1000;2152;2.152;42;2.152;7;4.304;42;0.6041629857102955;829;0.4287674365424194;8.106140080222154;5625.0;13119.0;2.7466446155252697;4.0;0.0869074512238378;-0.6531534585007113;0.5136573513179756;-2.24881460963461;0.02452429348438752;-1.9655373044982467;0.00014472408121679603;92;1.5;0.3;2
1000;2229;2.229;27;2.229;11;4.458;29;0.6216328650479528;837;0.4552183567727609;10.123796897786027;6765.0;14861.0;2.9805188899306465;6.0;0.0605747447043572;-0.7705357716371878;0.4409821441327354;-1.6411999812222526;0.1007559096293876;-1.950799645464295;0.00968762774905596;93;1.5;0.3;2
1000;2027;2.027;21;2.027;7;4.054;22;0.6134897075511822;835;0.4363181312569522;8.880013309244701;4707.0;10788.0;2.784334437941803;4.0;0.06967762841094172;-2.5221554840246103;0.011663814037976632;-2.834614968647315;0.00458809458121377;-3.12024870391966;4.1214493405883346e-06;94;1.5;0.3;2
1000;2022;2.022;32;2.022;8;4.044;33;0.6330247882952933;825;0.3972999834354812;8.990427169811321;4797.0;12074.0;2.4549303312038226;3.0;0.05092007125159159;-0.12705657029523612;0.8988956246854205;-2.7012180399177517;0.006908603081395666;-2.9651003229979627;2.165341053284031e-05;95;1.5;0.3;2
1000;2201;2.201;54;2.201;7;4.402;54;0.6359639723373649;834;0.37763833428408444;6.566369991857821;5958.0;15777.0;2.7872987976503794;4.0;0.049719203898873354;1.6597637614186551;0.09696198661474296;-1.031893827564226;0.3021218578272483;-1.0979451053939135;0.11047545097437295;96;1.5;0.3;2
1000;2342;2.342;47;2.342;8;4.684;48;0.6427866856665952;853;0.3635460251046025;5.782785129029568;6951.0;19120.0;2.6500900049663434;5.0;0.038614833008236205;1.2478243417089236;0.21209539238904895;-1.2468251706845024;0.21246160904205713;-1.6324950604111685;0.039948786733729924;97;1.5;0.3;2
1000;2213;2.213;53;2.213;9;4.426;53;0.6230378331563292;838;0.3603821430677596;7.078883777185253;6111.0;16957.0;2.4369315517750585;3.0;0.0256382403532337;2.072008898503734;0.03826461134461875;-1.7131238593299132;0.08668975545559905;-2.032303667468273;0.007301500284354057;98;1.5;0.3;2
1000;2123;2.123;31;2.123;8;4.246;31;0.60666517750988;835;0.42313902793476504;9.394111147543693;5241.0;12386.0;2.9745741005309694;5.0;0.06761089579282459;-0.9474419782092346;0.34341360898987494;-1.9066606194137343;0.056564549680205856;-1.9769138257926333;0.0019968527378046996;99;1.5;0.3;2
1000;3641;3.641;292;3.641;10;7.282;292;0.7336497312808553;967;0.14229890585547672;3.7313557833328566;16569.0;116438.0;2.5666010921097153;7.0;0.03217038076216394;2.0734228053847263;0.038132948373323636;0.050494632725899574;0.9597282264147888;-0.03879663372084609;0.9396174871071299;0;1.5;0.6;2
1000;3733;3.733;188;3.733;11;7.466;188;0.7195044284494667;969;0.27240037290794206;4.158192314600922;18408.0;67577.0;2.2611055658016674;5.0;0.03799589513103596;1.8603689933273766;0.06283333840729434;-1.4716154981745975;0.1411247380252802;-1.4905103772231554;0.015564686734161226;1;1.5;0.6;2
1000;3196;3.196;180;3.196;10;6.392;180;0.7026252994801971;926;0.23069267168374918;5.055318840481222;13212.0;57271.0;2.5253030729453014;6.0;0.03460093018281163;2.3757520816739395;0.01751322528821013;-0.23068214583917823;0.8175617450211587;-0.46873647309071326;0.6173803431026506;2;1.5;0.6;2
1000;3913;3.913;432;3.913;12;7.826;432;0.7287959432914886;967;0.13956503841931944;3.1596028434490258;20343.0;145760.0;2.2422402940039308;5.0;0.052095487702836785;1.531762482489692;0.12558105733447567;-1.0269228246961761;0.3044568056891448;-0.6489158507631206;0.15157699477034559;3;1.5;0.6;2
1000;3351;3.351;117;3.351;11;6.702;117;0.7039690598658859;937;0.29813115333975276;4.921790562633777;15171.0;50887.0;2.598457083096819;8.0;0.03328159892696847;2.272688716373872;0.023044945107966456;-0.47456702000012924;0.6350956178932403;-0.8072138948729879;0.38291938147366644;4;1.5;0.6;2
1000;3213;3.213;163;3.213;8;6.426;163;0.6925772800638925;944;0.2976290684624018;5.31742471451977;12729.0;42768.0;2.113484259134655;3.0;0.06312374075181282;0.8547481784080858;0.39269057244770267;-2.86325176116578;0.004193172393768302;-2.112230427672085;1.3270113728980348e-06;5;1.5;0.6;2
1000;3551;3.551;95;3.551;10;7.102;95;0.7081275352753884;960;0.29491450144348214;4.412579759569585;15936.0;54036.0;2.2365941830811895;5.0;0.045358163635303816;2.2003350426724038;0.027783132781241407;-1.6398992425403909;0.10102611839088291;-2.1439941838306193;0.006264406699951319;6;1.5;0.6;2
1000;3357;3.357;105;3.357;11;6.714;105;0.7046765741967107;939;0.2895039226563119;4.615049966438896;14613.0;50476.0;2.4757007344332456;7.0;0.04347420122899537;2.503971778939533;0.012280782936677219;-0.7420035087449964;0.4580852097165028;-1.1892727005436983;0.1915823397108085;7;1.5;0.6;2
1000;3028;3.028;66;3.028;10;6.056;66;0.6972861187043387;913;0.3622299441003173;7.297308080607688;11988.0;33095.0;2.4160930815973525;5.0;0.035649488440683164;1.6892310964479467;0.09117515194613106;-1.6643475364235614;0.09604299787025063;-2.1228288553959795;0.007678565686470407;8;1.5;0.6;2
1000;2758;2.758;57;2.758;9;5.516;57;0.6688675184789242;923;0.3687204168489718;7.53398173329558;9270.0;25141.0;2.5397559945724897;5.0;0.04989909975690865;1.4506624414365201;0.14687387875482236;-1.3703630118920946;0.17057361224844914;-1.7425511647867704;0.019092240542334493;9;1.5;0.6;2
1000;3811;3.811;247;3.811;11;7.622;247;0.7320677552760394;963;0.2106352910244191;3.774182184302191;19227.0;91281.0;2.1918434115165963;4.0;0.029239715386930626;3.2105205606145875;0.0013249478962238032;-0.8974398693076608;0.369484246033869;-1.2647297050550999;0.12301622607283247;10;1.5;0.6;2
1000;3511;3.511;309;3.511;9;7.022;309;0.7164313257139693;958;0.1781296048798876;3.7846755284119746;15594.0;87543.0;2.5846429621409888;8.0;0.03122396838096808;1.5325891101566773;0.12537712633012954;-0.20881184560560412;0.8345951237207602;-0.2068844217720416;0.7850682752587459;11;1.5;0.6;2
1000;3552;3.552;174;3.552;10;7.104;174;0.7026985707761864;945;0.2728908539406714;4.373432620601891;15924.0;58353.0;2.2155630130006916;4.0;0.04784425438341122;2.1835616965225144;0.02899447074909413;-1.5650958576050047;0.11756043472893982;-1.67076595922998;0.00735729533047591;12;1.5;0.6;2
1000;3441;3.441;129;3.441;10;6.882;129;0.7224188619081927;951;0.2678063678168989;4.468286928592833;15258.0;56974.0;2.393597666737217;6.0;0.035594819977415315;2.782406850831274;0.005395735185771457;-0.735903152966941;0.4617896383231339;-1.1920094268799721;0.18656465281300993;13;1.5;0.6;2
1000;3232;3.232;85;3.232;12;6.464;85;0.6952020485377279;945;0.3552101032130449;5.867143615683425;14007.0;39433.0;2.4212928019741446;6.0;0.03352319098970813;1.805311610011902;0.07102593387760542;-1.2199169881976335;0.22249634512752936;-1.6885622581692161;0.03230304917178095;14;1.5;0.6;2
1000;3370;3.37;86;3.37;9;6.74;86;0.7167317848516873;937;0.30440645616364465;5.2962131436600375;14673.0;48202.0;2.534763768030591;8.0;0.03140305205668692;1.9989238098219555;0.04561659812248298;-0.8259500013931725;0.4088324548347415;-1.2580953012585345;0.13833760634972614;15;1.5;0.6;2
1000;3959;3.959;521;3.959;11;7.918;521;0.7582426523383224;972;0.09511633853234466;2.846998670998228;20088.0;211194.0;2.276492971875254;4.0;0.0377298925231635;2.4113029972476046;0.015895636690864252;-0.31815318069872517;0.7503687453096657;-0.30478789423078695;0.6755874060209968;16;1.5;0.6;2
1000;4274;4.274;510;4.274;11;8.548;510;0.7627674301403187;981;0.10983499812970172;2.8215216211143646;23784.0;216543.0;2.3098333211656024;6.0;0.01971421467908141;2.3262252785672715;0.02000653579593307;-0.16330116308562254;0.8702813181859645;-0.34598895610750796;0.7178533049614615;17;1.5;0.6;2
1000;3484;3.484;181;3.484;10;6.968;181;0.7137445029938089;947;0.2584845148628596;5.1027346717544955;16200.0;62673.0;2.235712232934076;5.0;0.046552280328989615;1.7051130677054702;0.08817333890163664;-1.4477775351776754;0.14767927744929826;-1.4561084330772651;0.017089323932570344;18;1.5;0.6;2
1000;4190;4.19;621;4.19;11;8.38;621;0.7544027928346219;956;0.09014487356740761;2.732030300806445;22755.0;252427.0;2.444070610940029;8.0;0.037109582861037715;1.6782313850268495;0.09330193703271124;-0.038688520861363;0.9691387255841311;-0.06915063106441631;0.9327013049468971;19;1.5;0.6;2
1000;3416;3.416;92;3.416;10;6.832;92;0.6921075296722463;955;0.328813937904847;5.402984451109979;14721.0;44770.0;2.47328916199102;7.0;0.053001716781259645;1.0761940970857655;0.2818404591722067;-1.4047986064235227;0.16008117361222152;-1.6236570309444451;0.02219402718090746;20;1.5;0.6;2
1000;3504;3.504;267;3.504;10;7.008;267;0.7332317455443212;954;0.15179136349256564;3.2536571088218857;15354.0;101152.0;2.3322412397745387;4.0;0.022818303912729987;2.668571566525405;0.007617454822443268;-0.3639641798565674;0.7158847578586406;-0.4824652827974177;0.5464887822866836;21;1.5;0.6;2
1000;3090;3.09;103;3.09;8;6.18;103;0.7005613486713765;925;0.29874190426561453;5.612977893536796;12039.0;40299.0;2.6140970320678742;7.0;0.048839151061165986;2.0823094800236985;0.03731421055175596;-0.5310396122298028;0.5953913294559274;-0.8239653579730744;0.3257782652723077;22;1.5;0.6;2
1000;4986;4.986;649;4.986;12;9.972;649;0.7976606529379883;988;0.0922831751916807;2.5105225225225225;34050.0;368973.0;2.111365484427271;4.0;0.02011916636609512;3.1321135171222987;0.001735527579205461;-0.33124325524132053;0.7404607496986295;-0.6813704656923154;0.470449787540148;23;1.5;0.6;2
1000;3582;3.582;144;3.582;12;7.164;144;0.7182412261212789;956;0.24637308053427023;4.13957034560059;16269.0;66034.0;2.3975927768383682;6.0;0.028191268953928234;3.1293954942590165;0.0017516636869141533;-0.5184446250594149;0.6041480862138507;-1.0138681919159458;0.31178542756120353;24;1.5;0.6;2
1000;3743;3.743;188;3.743;10;7.486;188;0.7287175746399303;962;0.19080207767726337;3.4704024299518696;18624.0;97609.0;2.334598176588493;6.0;0.02362569777340795;3.784680609950924;0.00015390610424758787;-0.11503822624406924;0.9084148229977894;-0.7738171296073456;0.570709717676091;25;1.5;0.6;2
1000;3456;3.456;190;3.456;9;6.912;190;0.7300527419637401;953;0.23214258810058308;4.8611811390244;15408.0;66373.0;2.349074467271106;5.0;0.02392953315514129;2.8513377541777603;0.004353569779398214;-0.5643607218914112;0.5725086642432516;-0.922416422119605;0.29736694081346116;26;1.5;0.6;2
1000;3481;3.481;118;3.481;11;6.962;118;0.6964881895775366;923;0.3226786370760211;5.732175718904788;16677.0;51683.0;1.8712752921466718;2.0;0.05244027580168886;2.4559796393353213;0.014050111764391223;-3.937065573771853;8.248407296495637e-05;-4.254090046529089;1.0843452802333786e-09;27;1.5;0.6;2
1000;3546;3.546;309;3.546;10;7.092;309;0.7140906073182351;966;0.18275682292138906;3.8804610138170412;16125.0;88232.0;2.28984779822283;4.0;0.040776189812499475;1.673915232007948;0.09414726016856902;-1.1469917816552042;0.2513850175314052;-0.7526178690986097;0.08929929547783866;28;1.5;0.6;2
1000;3875;3.875;302;3.875;10;7.75;302;0.7498691489253393;971;0.17250255619136456;3.3775578091665572;19233.0;111494.0;2.287364585460198;6.0;0.031071457768719668;2.466174594961916;0.013656474990908996;-0.4388040952995021;0.6608034926560371;-0.7468563265623938;0.35259334100281137;29;1.5;0.6;2
1000;3303;3.303;95;3.303;10;6.606;95;0.6914519828830309;936;0.3484493648428075;5.8071504698747285;14730.0;42273.0;2.189410147694473;4.0;0.05260485899105244;1.3928797626989684;0.1636561530778048;-2.283713814449442;0.022388355641506062;-2.6400971607451527;0.0001252036326131467;30;1.5;0.6;2
1000;3711;3.711;318;3.711;10;7.422;318;0.7430344315362225;950;0.1644934895361068;3.442452417320267;18141.0;110284.0;2.1650145279763655;4.0;0.04130200309937668;2.38919875246611;0.016885165007820294;-1.046112730137753;0.29550898844350393;-1.0292353615962868;0.10401876896317008;31;1.5;0.6;2
1000;3461;3.461;127;3.461;11;6.922;127;0.707835653433114;969;0.2750298195914716;4.7648740794066144;14757.0;53656.0;2.4671902639392442;7.0;0.033435161488423515;2.3359915807720673;0.019491680335289113;-0.7262053997245486;0.46771286223109765;-1.1357830784302403;0.1771715558857332;32;1.5;0.6;2
1000;4752;4.752;768;4.752;13;9.504;768;0.7628776561304438;975;0.07671379074504145;2.4190052447623582;30621.0;399159.0;2.3338504114694194;7.0;0.04191171687572309;2.1860219419972466;0.028814000062641773;0.11595970373301528;0.9076844780490203;-0.07224454826539864;0.9273855362136421;33;1.5;0.6;2
1000;5047;5.047;748;5.047;13;10.094;748;0.8001027005872844;990;0.07197943444730077;2.3845812319757504;35196.0;488973.0;2.216393491761866;5.0;0.03008144958807657;3.355740453150909;0.0007915281474509145;0.06827628002076051;0.9455657058591989;-0.08042325125042404;0.890507124613026;34;1.5;0.6;2
1000;3682;3.682;478;3.682;13;7.364;478;0.7373021153732944;950;0.11209707400613111;3.1903724513463483;18393.0;164081.0;2.3422481659775056;5.0;0.02890634953835783;2.0298616312478264;0.0423706061404771;-0.2067904814184697;0.8361734902126225;-0.2684483815894608;0.7322488986703222;35;1.5;0.6;2
1000;3709;3.709;236;3.709;9;7.418;236;0.7162218333994312;955;0.22353947066180035;3.640407561447774;17517.0;78362.0;2.6106528240896134;10.0;0.02348090429841776;1.6184727965953296;0.10556074478672632;-0.2919359426032749;0.7703356016904899;-0.41601044844746454;0.5828928038246685;36;1.5;0.6;2
1000;3680;3.68;161;3.68;10;7.36;161;0.7197373258060912;948;0.2534793301001552;4.395367504436465;18450.0;72787.0;2.1801054171541683;4.0;0.029729505773681664;3.650142670047674;0.00026209469063532783;-1.0728446402569582;0.28334082801763194;-1.7069043327402267;0.055782364539473495;37;1.5;0.6;2
1000;3384;3.384;113;3.384;9;6.768;113;0.6987532771543655;960;0.2958331660712135;5.360904136953655;14739.0;49822.0;2.3420565396472606;5.0;0.02825126402741618;2.9358956289653886;0.003325862035257393;-1.01987391361052;0.3077882628140657;-1.545870138176145;0.07665083102828185;38;1.5;0.6;2
1000;3287;3.287;106;3.287;9;6.574;106;0.7021810051671116;947;0.30827034531391173;5.286101356033286;13989.0;45379.0;2.4695382292753427;7.0;0.03474752327523012;2.0523192095828713;0.04013865032830237;-0.8699843644314675;0.3843089489295586;-1.2941262600495236;0.1117319636206604;39;1.5;0.6;2
1000;3489;3.489;180;3.489;10;6.978;180;0.6976230937714658;932;0.26934129803035195;4.6693438522561515;16683.0;61940.0;2.4876232312892954;7.0;0.03573760912981916;2.395041154326302;0.016618499872495224;-0.3468924955174163;0.7286720847114018;-0.7209750840688872;0.3978114823082408;40;1.5;0.6;2
1000;2984;2.984;158;2.984;11;5.968;158;0.6945113574792129;934;0.27661240974176965;5.899791063616775;11301.0;40855.0;2.5466949758217203;5.0;0.042840604785461256;1.6976063484333608;0.0895820838354123;-0.7705855652525279;0.4409526198359197;-0.6764771370795684;0.2397407139937029;41;1.5;0.6;2
1000;3457;3.457;151;3.457;10;6.914;151;0.6968906113091952;940;0.29773731216604615;5.230288949588187;15435.0;51841.0;2.2146762530703406;4.0;0.045455416195514076;1.6235817205221672;0.10446510931841595;-1.9490418699538787;0.05129042473121522;-1.8583044678115772;0.0012259236933409579;42;1.5;0.6;2
1000;3649;3.649;89;3.649;10;7.298;89;0.7092121198206437;959;0.31991974999035455;4.800122398269231;16584.0;51838.0;2.425668984534524;7.0;0.05684172759324191;1.491733161478392;0.13576911203621156;-1.3985431348756543;0.16195002896723465;-1.8962693964528357;0.014409359437843938;43;1.5;0.6;2
1000;3399;3.399;205;3.399;11;6.798;205;0.6976282026767934;934;0.24479545095561522;4.7257551309697945;15498.0;63310.0;2.3367574717376747;5.0;0.05116584945404257;1.6513462753455408;0.09866788825953757;-1.172792495747657;0.2408790281879839;-0.9968598654097833;0.06919723072065698;44;1.5;0.6;2
1000;3968;3.968;412;3.968;10;7.936;412;0.7507367942866056;962;0.1325778713474026;3.216947851474018;20907.0;157696.0;2.267522699329329;6.0;0.03140076207268344;2.376760545585145;0.01746542195438545;-0.3086081924744486;0.7576195881805228;-0.5535942531972216;0.5226900274792112;45;1.5;0.6;2
1000;3065;3.065;144;3.065;9;6.13;144;0.6921822801786192;949;0.27879060517094423;6.197150173954797;11775.0;42236.0;2.2885871579898858;4.0;0.03565946548731036;2.0728454896220327;0.03818666139504309;-1.355433730802322;0.17527940892204064;-1.4440288570797124;0.024462077388258674;46;1.5;0.6;2
1000;2787;2.787;40;2.787;10;5.574;40;0.6785270088393446;929;0.40333564408922234;8.287954173769329;9891.0;24523.0;2.616626802331966;6.0;0.04448438087235218;0.2664074947723751;0.789925393744234;-1.6596698587668508;0.09698088614995284;-2.1487061905392366;0.00545638689178185;47;1.5;0.6;2
1000;3428;3.428;192;3.428;11;6.856;192;0.7042746732101157;950;0.2584456900469626;4.649402075595415;15354.0;59409.0;2.5715509925657667;8.0;0.033880902554010384;1.6779456847446594;0.093357702866548;-0.47738115247171753;0.6330907327774873;-0.572106040112755;0.42670286870811736;48;1.5;0.6;2
1000;4517;4.517;788;4.517;14;9.034;788;0.7672811564204896;978;0.06998888448413901;2.3853496655303275;27012.0;385947.0;2.1627472020969662;4.0;0.01930630962177507;2.0861790081927225;0.03696241100020888;-0.5147410724623698;0.6067339682501254;-0.4413108648093808;0.48508568806519947;49;1.5;0.6;2
1000;3395;3.395;90;3.395;11;6.79;90;0.7144693760704383;959;0.3284292805642281;4.90130135416155;14622.0;44521.0;2.229141748044203;4.0;0.04093187422399197;2.268292520429686;0.023311383503871873;-1.9796247405522736;0.047745710860659436;-2.4325586289862713;0.001377821376181032;50;1.5;0.6;2
1000;3979;3.979;361;3.979;12;7.958;361;0.7325824274637959;956;0.1533334748370938;3.4677738171051433;21672.0;141339.0;2.3258157719626587;5.0;0.04459506214458753;2.3109936132345235;0.020833207671956566;-0.546355987481794;0.5848212577531895;-0.5098138285115732;0.49211092115435706;51;1.5;0.6;2
1000;3792;3.792;234;3.792;14;7.584;234;0.7295414432886396;960;0.19703185328185327;3.994826105445722;19596.0;99456.0;2.3008445579479515;5.0;0.02992407249699547;3.3798454999114615;0.0007252658709236537;-0.28180787821848385;0.7780908297249456;-0.8129296454450627;0.4468308359469211;52;1.5;0.6;2
1000;3208;3.208;81;3.208;9;6.416;81;0.6749637854136551;952;0.3462315505920647;6.18705454816681;12339.0;35638.0;2.4291082703674327;5.0;0.04380766331225572;1.2422857641310485;0.21413114588988724;-1.647579225740339;0.09943904631876055;-1.858798623880868;0.004511945047806609;53;1.5;0.6;2
1000;3489;3.489;191;3.489;10;6.978;191;0.7005153116073404;933;0.24960944541248573;4.518490332400325;16617.0;66572.0;2.4163300874049676;7.0;0.03427262846390933;1.8697364560517833;0.061520424336224795;-0.6994520397492547;0.48426957555490746;-0.8500079621045136;0.23605544174560456;54;1.5;0.6;2
1000;4001;4.001;334;4.001;12;8.002;334;0.7496301694376591;964;0.16680597108196568;3.260571987785466;21354.0;128017.0;2.035202010837254;3.0;0.03482354332238036;2.6705291205310475;0.007573180223566473;-1.6269178297996139;0.10375455065345623;-1.4728571779473216;0.012445397112818557;55;1.5;0.6;2
1000;3159;3.159;109;3.159;11;6.318;109;0.7018786620651353;932;0.3371744986530979;6.633545390503315;13518.0;40092.0;2.681509697604012;9.0;0.043148123917203574;1.2737669207592426;0.20274603169510796;-0.746054854293856;0.4556342793575978;-0.9438709971351099;0.20411656498241282;56;1.5;0.6;2
1000;4105;4.105;433;4.105;12;8.21;433;0.7423292202713376;958;0.10682496571382473;3.1190566771149504;23835.0;223122.0;2.3099657850226807;5.0;0.039551435965163084;2.4317566790386445;0.015025797608048341;-0.2203806912570379;0.8255746819131198;-0.2288446853848098;0.7874885967372374;57;1.5;0.6;2
1000;3419;3.419;288;3.419;9;6.838;288;0.726733395604822;945;0.17302268685793248;3.9930859485587864;15276.0;88289.0;2.359543897786569;5.0;0.024039911994693602;2.43038904340322;0.01508262338918909;-0.29526482787061853;0.7677915826606799;-0.531168398729543;0.5278216113802023;58;1.5;0.6;2
1000;3985;3.985;200;3.985;10;7.97;201;0.7561123919235102;958;0.18814569715061547;3.4671449638946332;20925.0;111217.0;2.139553504686494;4.0;0.031171334177382715;3.51995205031652;0.00043162482134474143;-0.899740663367209;0.36825827810483724;-1.3835920472763126;0.12071868159742605;59;1.5;0.6;2
1000;3230;3.23;92;3.23;9;6.46;93;0.7071466989306043;956;0.30267082740580975;5.38090275027411;13191.0;43582.0;2.889627392536643;14.0;0.03981972761130248;1.716301224500843;0.08610692432845486;-0.27639628585798554;0.7822437091131731;-0.5870864358187227;0.5575547582383124;60;1.5;0.6;2
1000;3935;3.935;166;3.935;11;7.87;166;0.7353286115893983;958;0.20942932556657867;3.4939476183458598;20709.0;98883.0;2.1541398610218154;4.0;0.04464739480510965;3.5803333007535905;0.00034315621025355963;-1.1872934466565999;0.23511189213231876;-1.6330918028180428;0.07425325751295087;61;1.5;0.6;2
1000;3609;3.609;104;3.609;11;7.218;104;0.716251357193416;956;0.29534187151415;5.161088620288149;17157.0;58092.0;2.6673275078806205;11.0;0.039204422491910695;1.8552713768166456;0.06355748347369974;-0.5351000593484753;0.5925806689084818;-0.898448300894826;0.3117790253113114;62;1.5;0.6;2
1000;3242;3.242;105;3.242;8;6.484;105;0.7151357726130955;938;0.28962381886254235;4.807194447731571;12996.0;44872.0;2.432275541363655;6.0;0.02341044328630537;2.56737293325343;0.010247233821215946;-0.9113711720092039;0.3620998376419161;-1.4030009596691106;0.10671131890992547;63;1.5;0.6;2
1000;3834;3.834;110;3.834;16;7.668;110;0.7208528508989035;955;0.29734935722959677;4.486732119710134;21303.0;71643.0;2.4542110310602823;9.0;0.05052155146374093;2.295603580178594;0.021698557885117188;-0.7761967307616601;0.43763283610392567;-1.2334115863133654;0.16608496301513598;64;1.5;0.6;2
1000;3410;3.41;132;3.41;10;6.82;132;0.7120682131367873;943;0.3021451576964369;4.921073829404706;14916.0;49367.0;2.2166774484487224;4.0;0.0267132806291398;2.4335524718086763;0.014951468174010206;-1.6454044140818838;0.0998864398873981;-1.9755203417634115;0.0061434275653743375;65;1.5;0.6;2
1000;3642;3.642;175;3.642;11;7.284;175;0.7234810726134568;954;0.2364086599688694;3.9531201388547754;16707.0;70670.0;2.2018836993156583;4.0;0.032293999903317605;2.989943220186476;0.0027902930952589584;-1.1234714019206085;0.2612373397657597;-1.4781457025344498;0.054477429483264284;66;1.5;0.6;2
1000;3342;3.342;151;3.342;11;6.684;151;0.7044895157019392;951;0.2870016710432084;5.1540158070534545;14427.0;50268.0;2.339092750051619;5.0;0.040892998719402884;1.8524512382303626;0.06396105344674233;-1.1990330575665273;0.2305150918137926;-1.3180711622629033;0.037505908925600684;67;1.5;0.6;2
1000;3405;3.405;173;3.405;10;6.81;173;0.7013125874480768;961;0.21502656589089275;4.459541001251666;14367.0;66815.0;2.393374939033909;5.0;0.032369177384474146;2.326200386386743;0.020007863072694858;-0.6860692495991161;0.49266944089864106;-0.7745181411434069;0.29262199770082864;68;1.5;0.6;2
1000;3980;3.98;205;3.98;11;7.96;205;0.7427161544266309;962;0.20264969426604623;3.5562829635830893;21078.0;104012.0;2.281401075087944;7.0;0.028123868260114204;3.1294116924784956;0.0017515671155916332;-0.43520761806648506;0.6634117334582454;-0.9887570141507022;0.31528019196804014;69;1.5;0.6;2
1000;3479;3.479;112;3.479;10;6.958;112;0.708746182016938;955;0.2899652358736963;4.497508925988766;16098.0;55517.0;2.2827396467549024;5.0;0.035631623351354835;3.1280059026862785;0.0017599664675456924;-1.0535606171481666;0.2920841279734875;-1.6628801664485862;0.05838211955798478;70;1.5;0.6;2
1000;3132;3.132;110;3.132;10;6.264;110;0.6880551353866942;926;0.340337497971767;6.952220794810774;12585.0;36978.0;2.66195589924098;7.0;0.03127966056245812;1.7238945339630143;0.08472688427686267;-0.7016909417933429;0.48287192322619743;-0.9240393251740961;0.21123474934171327;71;1.5;0.6;2
1000;3312;3.312;70;3.312;10;6.624;71;0.7094487767743406;951;0.33491803278688526;5.718020288480243;14301.0;42700.0;2.2082248926453323;4.0;0.04534243045556294;2.585780346579284;0.009715882500939584;-2.0024153448740667;0.045240079482271156;-2.646737662716492;0.0016397391656376437;72;1.5;0.6;2
1000;4033;4.033;714;4.033;11;8.066;714;0.7676025746798002;970;0.06915685478413859;2.533797748437766;21462.0;310338.0;2.6140163856270933;11.0;0.045662761800673746;1.763553155976607;0.07780724036486915;-0.9951087762644131;0.3196833626664418;-0.010151208696264848;0.9819003480608309;73;1.5;0.6;2
1000;3897;3.897;433;3.897;10;7.794;433;0.7267979232043293;955;0.12715208840005904;3.315724433609348;19815.0;155837.0;2.3878906881056854;10.0;0.029607999891026693;1.7079477065039472;0.0876460460411877;-0.1937464657325473;0.8463744067411689;-0.3367828276983999;0.7020236177183949;74;1.5;0.6;2
1000;3242;3.242;218;3.242;9;6.484;218;0.7141783831353222;956;0.22926995149714532;4.455361453987198;12810.0;55873.0;2.495426220125263;6.0;0.046944321417184076;1.2947442421413433;0.19540847235053138;-0.8221874093513926;0.4109702434452561;-0.6283723534604513;0.19070258360961234;75;1.5;0.6;2
1000;3221;3.221;187;3.221;9;6.442;187;0.7015939560800276;934;0.2637381116986491;6.635039271992972;14115.0;53519.0;2.638558351195734;8.0;0.03668462638843428;1.7030562220182148;0.08855754749348016;-0.2891312184313426;0.7724809644704389;-0.4008509197021342;0.6087765001764149;76;1.5;0.6;2
1000;3431;3.431;101;3.431;12;6.862;101;0.6908442930796427;948;0.3499337629386802;5.854289679192403;15585.0;44537.0;2.4124828475082727;6.0;0.04243540493874853;1.1984595239998834;0.23073817144154019;-1.5351872749700568;0.12473783314488869;-1.746683054264174;0.009872687105831113;77;1.5;0.6;2
1000;3808;3.808;357;3.808;10;7.616;357;0.733776194921387;955;0.15948826244966113;3.478011559488359;19485.0;122172.0;2.2968591310156556;6.0;0.027801956873138245;2.2288030463052193;0.02582701217632834;-0.32706153352549155;0.7436213450234477;-0.5830140071104003;0.45087489305348694;78;1.5;0.6;2
1000;3932;3.932;383;3.932;9;7.864;383;0.7180836105162247;966;0.14475353687962508;3.353850011097502;19737.0;136349.0;2.335140548842265;7.0;0.03483818087777785;1.7697760780168597;0.07676445046945728;-0.5447492295991941;0.5859260012281302;-0.5241108509460098;0.43110695763677986;79;1.5;0.6;2
1000;3597;3.597;311;3.597;10;7.194;311;0.7284890476247757;950;0.1703270182213105;3.750916147967798;16938.0;99444.0;2.2665030246855413;5.0;0.048673002590935766;1.5874576746514906;0.11240902574702041;-1.0851279146472639;0.27786500538182946;-0.780598471392737;0.11566215005583391;80;1.5;0.6;2
1000;4127;4.127;394;4.127;10;8.254;394;0.7527404932508319;971;0.13325529158694127;3.1435181065931133;22425.0;168286.0;2.3063831781695283;6.0;0.030500765506308924;2.663026456766299;0.007744132511534361;-0.16800403204976988;0.8665801070506657;-0.4708954139625329;0.6541753774870953;81;1.5;0.6;2
1000;3809;3.809;569;3.809;12;7.618;569;0.7304747269269729;957;0.09309154050257532;2.910977357171952;19086.0;205024.0;2.4560138443267006;8.0;0.04555166091501828;1.3678596749722198;0.17135600419791253;-0.22523155437895576;0.8217991431780706;-0.12562876622566627;0.8691411991892302;82;1.5;0.6;2
1000;3438;3.438;137;3.438;12;6.876;137;0.723061156195194;945;0.26990749138400144;4.61590624308985;14880.0;55130.0;2.4268318002986384;7.0;0.041224476936094656;1.6831161601104654;0.09235260670510016;-1.0455392485320554;0.29577381060471875;-1.224511152810777;0.08864295013222079;83;1.5;0.6;2
1000;3115;3.115;154;3.115;9;6.23;154;0.7033290742729051;945;0.29618331969347517;5.806566779819735;11943.0;40323.0;2.451860890830339;5.0;0.04576874248102136;1.1466890222152113;0.2515101691257876;-1.314074516214562;0.18882112905119564;-1.0495689500735261;0.02628574076593604;84;1.5;0.6;2
1000;3488;3.488;198;3.488;10;6.976;198;0.7193534864737253;956;0.21854498757711957;4.244792253124648;15657.0;71642.0;2.6109859648714244;10.0;0.038891210474079785;2.304897557912861;0.021172311421404987;-0.09927012642945703;0.9209237968876077;-0.3067812681600122;0.8074042902712244;85;1.5;0.6;2
1000;3406;3.406;120;3.406;10;6.812;120;0.6974088984569077;930;0.30724786798314174;5.641277557460236;15528.0;50539.0;2.328165031436228;5.0;0.036187875943264;2.451148911786267;0.014240102833780955;-1.1593884155930425;0.24629789660740065;-1.53673398961248;0.047285034217392274;86;1.5;0.6;2
1000;3342;3.342;175;3.342;10;6.684;175;0.688809359997621;936;0.26540646853146854;4.953757225433526;14574.0;54912.0;2.6157000073826895;10.0;0.047105657470787654;1.203925287258166;0.22861845701357264;-0.6014920274672747;0.5475123202994359;-0.6618776705551072;0.31293735642398746;87;1.5;0.6;2
1000;3527;3.527;212;3.527;9;7.054;212;0.7239375516364149;952;0.21109288086758174;3.7759462048651753;15825.0;74967.0;2.617155163397831;9.0;0.05278983709723284;2.6114885576365716;0.00901490045932406;-0.03501787637356616;0.9720654863300575;-0.2574726803861345;0.8596923399244962;88;1.5;0.6;2
1000;3639;3.639;278;3.639;13;7.278;278;0.7113127815088015;955;0.18901292596944771;4.20935115027293;19302.0;102120.0;2.4090435807060926;6.0;0.0256990423681136;2.8551792746277105;0.004301254185923642;0.012626276028460785;0.9899259569692693;-0.3854456724425567;0.749238855945406;89;1.5;0.6;2
1000;3409;3.409;158;3.409;11;6.818;159;0.7176524426218472;943;0.25142745595627347;4.469460119195276;15456.0;61473.0;2.7028440513671668;9.0;0.03215880021083617;2.267982769186184;0.023330256913077056;-0.04611296749759359;0.9632202104353632;-0.24007105596332937;0.8459467345263433;90;1.5;0.6;2
1000;3789;3.789;247;3.789;11;7.578;247;0.7209226604850751;969;0.1918999511324311;3.6297195530094837;19242.0;100271.0;2.511376282693732;9.0;0.03206844097049799;2.3703675162535363;0.017770411330280903;-0.09858776516703956;0.9214655846746096;-0.37983865397752825;0.7412167981049258;91;1.5;0.6;2
1000;3359;3.359;189;3.359;10;6.718;189;0.7006093134934656;934;0.2628510296870821;5.35902662220822;14742.0;56085.0;2.545454191403473;6.0;0.039804425705338264;1.8872774976621827;0.05912301141739073;-0.5095761335118294;0.6103484478618375;-0.5932970414835043;0.36426140046649014;92;1.5;0.6;2
1000;3549;3.549;82;3.549;12;7.098;83;0.7088056534948584;952;0.3461310698776155;5.199243666074962;17535.0;50660.0;2.2700312720442417;5.0;0.0477118764572555;2.27086821664644;0.023154956820686752;-1.764329760854117;0.07767647616974972;-2.298284607856042;0.005408109957434126;93;1.5;0.6;2
1000;3206;3.206;85;3.206;9;6.412;85;0.6936348268533211;942;0.3335603877390621;5.853013276326704;12732.0;38170.0;2.743876022243759;9.0;0.04566962574082356;1.4563930941851437;0.14528398351676453;-0.6803903613203446;0.49625732246485577;-0.9997366166857549;0.20945333292557133;94;1.5;0.6;2
1000;3311;3.311;108;3.311;9;6.622;109;0.7024027878241123;931;0.2765722341824001;5.079379356367913;14517.0;52489.0;2.244070172543772;4.0;0.04645493991278027;2.9650808151427195;0.003026034252784287;-1.182941473839394;0.23683234324760294;-1.6505642216397067;0.03956573717539191;95;1.5;0.6;2
1000;3980;3.98;567;3.98;10;7.96;567;0.7539681394597152;961;0.08860951973895104;2.92555329044033;21561.0;243326.0;2.224820603205867;16.0;0.03554054168558751;1.9784755379492904;0.04787508553840475;-0.012586215944770404;0.9899579177518845;-0.33197168928388027;0.8135420957535713;96;1.5;0.6;2
1000;4323;4.323;286;4.323;12;8.646;286;0.7605921392362022;969;0.18403525677360844;3.401969515607829;25974.0;141136.0;2.0917225222016347;4.0;0.047977877685085796;3.3413864196195124;0.0008336111551645086;-1.1296233812435723;0.2586349545109716;-1.4608012420390655;0.07038483721682598;97;1.5;0.6;2
1000;4100;4.1;298;4.1;10;8.2;299;0.7447738166732083;967;0.14440067090533212;3.2081944933397737;22212.0;153822.0;2.2182971940194713;5.0;0.032868438865671534;2.8226181508179846;0.004763326706035907;-0.48577609030238544;0.6271259282052146;-0.7684546034633495;0.3818514659432064;98;1.5;0.6;2
1000;3343;3.343;96;3.343;10;6.686;96;0.6966147719001421;941;0.3225472609355595;5.811718734978241;14025.0;43482.0;2.905445842024374;11.0;0.04899371416195686;1.951062431894726;0.05104961951656829;-0.2576824705315892;0.7966519758365298;-0.5795319835689228;0.5502336079213074;99;1.5;0.6;2
1000;4696;4.696;551;4.696;11;9.392;551;0.7709850170510958;992;0.08305234671267549;2.85401333169193;28449.0;342543.0;2.412871700794203;9.0;0.035536734179338225;2.201941635616975;0.027669431451137386;0.15040332533717518;0.880446417875225;-0.01790392243418954;0.9727534978254732;0;1.5;0.7;2
1000;4553;4.553;327;4.553;12;9.106;327;0.746140124103628;983;0.20173145425865172;3.483233266935074;27240.0;135031.0;2.123058112185869;5.0;0.04275052920754724;2.0817582750444728;0.03736455472608927;-1.5448901340559125;0.12237284025465606;-1.4427313391219294;0.013873309153834334;1;1.5;0.7;2
1000;3971;3.971;323;3.971;10;7.942;323;0.7297053985806375;967;0.15318529197590344;3.93591055690549;20826.0;135953.0;2.3868838555035863;7.0;0.031037849431113984;2.560356830094637;0.010456473786023332;-0.0843472894981432;0.9327803147496936;-0.38185043802444946;0.7428033401043657;2;1.5;0.7;2
1000;4968;4.968;804;4.968;12;9.936;804;0.7761322331648567;990;0.07895178125736672;2.34442042042042;32487.0;411479.0;2.1188937419620846;5.0;0.05353674254607549;1.6932316229177338;0.0904113875338258;-1.01207908847138;0.3115002400167113;-0.6056634879835817;0.19195884701545007;3;1.5;0.7;2
1000;4100;4.1;192;4.1;13;8.2;192;0.7367780283481794;972;0.22765129917732346;3.84825364598921;22359.0;98216.0;2.521947289760059;12.0;0.0391174806048159;2.5790160890159255;0.009908217178112497;-0.18750306853294416;0.8512662180149275;-0.5934027970329627;0.5946672238804439;4;1.5;0.7;2
1000;3856;3.856;283;3.856;12;7.712;283;0.7203452984366255;969;0.21850814301315227;4.307622495325148;18408.0;84244.0;2.986520101593197;14.0;0.048576914262073584;1.2259752117794331;0.22020800334623436;0.030169680478915866;0.9759317289921956;-0.009380646295455906;0.9851703982006191;5;1.5;0.7;2
1000;4369;4.369;148;4.369;10;8.738;148;0.7443760311490772;974;0.24547146774484097;3.736047193301754;24528.0;99922.0;2.1603724149649013;5.0;0.03753592193596944;3.7606946474079397;0.00016944216644304956;-1.1131652334177493;0.2656374712643088;-1.8495138273841654;0.03794140140434299;6;1.5;0.7;2
1000;4165;4.165;180;4.165;13;8.33;180;0.7318651972863692;975;0.23101746202487108;3.7838841643922216;22980.0;99473.0;2.3234335837590137;8.0;0.0399107033849212;2.7558724715672622;0.005853581478112868;-0.6949907688502334;0.48706108664416503;-1.1487867316677134;0.2099339241583611;7;1.5;0.7;2
1000;3583;3.583;90;3.583;11;7.166;90;0.7246962769621704;946;0.31867677981375786;5.632453727203036;16974.0;53264.0;2.2537921535628485;5.0;0.052764330041778496;2.2510775828856175;0.024380623970206364;-1.7604345590269885;0.07833415408030452;-2.2593112435620504;0.005376202333204794;8;1.5;0.7;2
1000;3283;3.283;92;3.283;12;6.566;92;0.7010987439817669;955;0.314876615746181;6.022609418420008;13398.0;42550.0;2.3238231389450683;5.0;0.04198946620018429;1.7819506905198816;0.07475727316379055;-1.5796595273955765;0.11418485894514394;-1.867983559041771;0.009524427124895873;9;1.5;0.7;2
1000;4857;4.857;441;4.857;12;9.714;441;0.7697661214484879;989;0.1436791968829296;2.9040623790122786;31086.0;216357.0;2.1505443953276773;5.0;0.024381854272158443;3.546275552263821;0.000390717419955057;-0.35031348966085424;0.726103442620917;-0.9298870386004054;0.35595584098035526;10;1.5;0.7;2
1000;4427;4.427;580;4.427;11;8.854;580;0.7567684648048763;982;0.10796035454460959;2.901011055854671;25554.0;236698.0;2.13138754721494;4.0;0.04513931435362631;1.7706441462158296;0.07661989590056718;-1.2697974093201712;0.20415680378920587;-0.7389756726275476;0.08934318719059486;11;1.5;0.7;2
1000;4410;4.41;322;4.41;11;8.82;322;0.7388723722091388;976;0.1938335710289726;3.397814079210248;24600.0;126913.0;2.098132625187718;4.0;0.03384843733359533;2.5968513352855456;0.009408263417716512;-1.4111017654459155;0.15821460953242916;-1.4760893231399204;0.016703343395016335;12;1.5;0.7;2
1000;4284;4.284;209;4.284;11;8.568;209;0.755269459338167;981;0.2021785605212257;3.6571270004641683;23832.0;117876.0;2.309102242219968;7.0;0.021904439806620046;3.5273967047007195;0.00041966747348885867;-0.34652810422613145;0.7289458669094869;-0.9473354817539142;0.3862794943835286;13;1.5;0.7;2
1000;3860;3.86;141;3.86;13;7.72;141;0.7176479937870783;977;0.29650111506238325;4.817951782264631;19677.0;66364.0;2.2909036242706096;6.0;0.03470535611306336;2.666565735276244;0.007663061870212756;-1.048608144692561;0.29435850573685907;-1.585138203147109;0.051372981799523876;14;1.5;0.7;2
1000;4172;4.172;133;4.172;12;8.344;133;0.7423919559863207;974;0.2558433142652842;4.340996340066607;22899.0;89504.0;2.527830789924576;14.0;0.046749283641812245;1.9166317787006737;0.055284727811617765;-0.5144460413528888;0.606940176418972;-0.9381060522672761;0.2879387697855347;15;1.5;0.7;2
1000;5255;5.255;926;5.255;14;10.51;926;0.8141576647555878;992;0.05864986886229889;2.085703703703704;35958.0;613096.0;2.2580769246965313;5.0;0.02973718645332679;2.868428568395509;0.004125163359246755;-1.008444783476816;0.31324098289486335;-0.06539526189908303;0.8937751220404367;16;1.5;0.7;2
1000;5701;5.701;907;5.701;13;11.402;907;0.8123368884309943;998;0.07013602671662458;2.1183803803803802;43053.0;613850.0;2.213291550889209;7.0;0.020131052406471506;2.6686670881102295;0.007615289008310388;-0.01979916791180467;0.9842035816643951;-0.295404330542719;0.8283317111602515;17;1.5;0.7;2
1000;4358;4.358;325;4.358;12;8.716;325;0.7452479115539143;969;0.1901840942562592;3.4695804254112783;25827.0;135800.0;2.171748527071551;6.0;0.04496157346907259;2.0647028868284383;0.0389511212775764;-1.075473183629227;0.2821629319547442;-1.168533761143784;0.0649441324286828;18;1.5;0.7;2
1000;5345;5.345;980;5.345;12;10.69;980;0.7984786813602924;997;0.06378750070070954;2.0296856856856857;37551.0;588689.0;2.2898945342438806;9.0;0.04141221020761479;1.8158300859101242;0.0693964406357247;-0.12835551612267224;0.8978676328806381;-0.20031321662394255;0.8490478349640892;19;1.5;0.7;2
1000;4176;4.176;158;4.176;11;8.352;158;0.7265300602560324;975;0.266361963554342;4.3233782481182965;22437.0;84235.0;2.3814056304024716;8.0;0.036647661208515925;2.140138195677214;0.032343600097096456;-0.8581781604087035;0.39079409355972883;-1.2164909768790024;0.11784385800474062;20;1.5;0.7;2
1000;4479;4.479;484;4.479;12;8.958;484;0.7713749958844488;992;0.09757416476015807;2.61544510442306;25803.0;264445.0;2.203730445826568;4.0;0.01865921871104259;2.8761175335071796;0.004025997703281592;-0.32424227636324277;0.7457546175589562;-0.4659618461219428;0.5930768805677491;21;1.5;0.7;2
1000;3812;3.812;176;3.812;10;7.624;176;0.7222269535949039;956;0.23603772153818928;4.299122061623185;18672.0;79106.0;2.6035011352271233;12.0;0.04478925620860197;2.2348433598069666;0.025427634115800117;-0.1805729313046386;0.8567028042652771;-0.5166770442828058;0.6257179498985475;22;1.5;0.7;2
1000;6741;6.741;995;6.741;15;13.482;995;0.8442794534009629;1000;0.06863197230787509;1.9922062062062063;63546.0;925895.0;1.9996958463426715;4.0;0.024496826781626513;3.5809631789481813;0.00034232990052956573;-0.3776133744463588;0.7057178277297702;-0.8493744387312939;0.4186419055357473;23;1.5;0.7;2
1000;4471;4.471;269;4.471;13;8.942;269;0.7570156166609416;987;0.18105660537422325;3.2854366311786767;25611.0;141453.0;2.1834119468306277;5.0;0.025264447841928495;3.328907382093097;0.0008718739275801118;-0.7730120358268322;0.4395152576522111;-1.1934672095062973;0.18173687002866956;24;1.5;0.7;2
1000;4900;4.9;347;4.9;12;9.8;347;0.77092986628003;989;0.13352209500729495;2.762133214100852;32397.0;242634.0;2.2108769219781053;7.0;0.04820576310703853;4.1984657975212025;2.6872943118612255e-05;0.04909831386058415;0.9608409471329759;-0.7409546254685457;0.6394283012832456;25;1.5;0.7;2
1000;4307;4.307;361;4.307;11;8.614;361;0.7562211965605917;982;0.1623389533958963;3.641755607768198;24495.0;150888.0;2.1561857427618505;4.0;0.042176845205396996;3.1037743162935847;0.0019106901724670576;-0.7899373433889209;0.4295643611673874;-1.0398481265895538;0.18819384687699792;26;1.5;0.7;2
1000;4326;4.326;214;4.326;14;8.652;214;0.7270063246732481;963;0.2627814882676281;4.68488300301246;26676.0;101514.0;2.1752456666937294;7.0;0.05131836749335228;1.6126126743602813;0.10682868315395344;-1.5868494546729761;0.11254674498084297;-1.7714236064235478;0.009760649118485287;27;1.5;0.7;2
1000;4455;4.455;615;4.455;11;8.91;615;0.7523709894566929;992;0.10038622004083009;2.828044044044044;25914.0;258143.0;2.2525559389934102;5.0;0.04207539497621837;1.7925846090994466;0.07303936920578905;-0.6493833422954342;0.5160906282152129;-0.44253785776272114;0.4087070103711893;28;1.5;0.7;2
1000;5001;5.001;594;5.001;13;10.002;594;0.7856072107243657;992;0.10637100947984608;2.654354630155527;33090.0;311081.0;1.9871070360950491;3.0;0.02487208181887135;3.1755286131848894;0.0014956377075245092;-1.1241212595353718;0.26096158750954945;-1.208250192535397;0.07945350344682967;29;1.5;0.7;2
1000;4035;4.035;162;4.035;12;8.07;162;0.7322582034398131;972;0.28937452901281085;4.791151808011695;22272.0;76966.0;2.0786959533783493;4.0;0.043553205255629;2.342937412764098;0.019132592286901017;-2.106829252111961;0.03513238290193637;-2.422669462339938;0.00043573648555739197;30;1.5;0.7;2
1000;4878;4.878;602;4.878;12;9.756;602;0.7791657489519459;981;0.1016435535165007;2.652613257362387;31194.0;306896.0;2.1304663064712597;5.0;0.028693678725245253;2.776169434327514;0.005500353603314725;-0.42180943053091857;0.6731641216982265;-0.7216909101310954;0.38810344711968636;31;1.5;0.7;2
1000;4220;4.22;204;4.22;12;8.44;204;0.7303377816905972;992;0.2271617745774089;4.009021045093189;22335.0;98322.0;2.431238073489157;10.0;0.05465911115432809;2.528586569939832;0.011452283962774507;-0.33696039276029816;0.7361467578024934;-0.825105034650556;0.3559707222394598;32;1.5;0.7;2
1000;6068;6.068;999;6.068;16;12.136;999;0.8064984715026671;997;0.06818616629375696;1.9878518518518518;50253.0;736997.0;2.0988598479968;5.0;0.03259145002843533;2.7243542334510606;0.006442736330961799;-0.4597758309146202;0.6456771330122609;-0.561872923054974;0.5351022831926053;33;1.5;0.7;2
1000;6917;6.917;999;6.917;14;13.834;999;0.844819728340477;1000;0.0601776400817621;1.9861521521521521;65652.0;1090970.0;2.1222342757585384;6.0;0.033220309235027945;4.258191434626302;2.060874341478389e-05;-1.0067411807587936;0.31405916699608505;-0.11660234482587555;0.9041107888900435;34;1.5;0.7;2
1000;4809;4.809;879;4.809;14;9.618;879;0.7917938411553507;986;0.06544315111332209;2.2165009083475327;31704.0;484451.0;2.1899707389562795;5.0;0.023657785992972136;2.238242190275871;0.025205265718653662;-0.1872154938681893;0.8514916772628627;-0.3194930473727015;0.7199224647360006;35;1.5;0.7;2
1000;4628;4.628;446;4.628;11;9.256;446;0.7511314546319611;979;0.14746778115018513;2.9689334395091596;27840.0;188787.0;2.380307592392867;9.0;0.027256781933664875;1.9485815501922754;0.05134541721477299;-0.3237103119864514;0.746157363056773;-0.4457473243479874;0.5707759264868972;36;1.5;0.7;2
1000;4641;4.641;290;4.641;13;9.282;290;0.7530849072477406;969;0.2000474280181017;3.4880406046295738;30369.0;151809.0;2.0756224501024487;4.0;0.02661983091470055;4.155031764420913;3.252423549269999e-05;-0.887620487853447;0.3747449292241706;-1.6021435803601471;0.08255714154361615;37;1.5;0.7;2
1000;4175;4.175;215;4.175;10;8.35;215;0.7412664308888848;982;0.2298175193441507;4.367199993554962;22959.0;99901.0;2.2002965698636774;5.0;0.023539718247239216;3.3978538240214884;0.0006791669899976353;-0.8856560251662817;0.3758029116052939;-1.4284367472162163;0.1035606133007636;38;1.5;0.7;2
1000;4005;4.005;169;4.005;11;8.01;169;0.7268603367454064;973;0.25927746979214045;4.441147340054557;21093.0;81353.0;2.2838557451478363;7.0;0.0371042472488303;2.379619777334976;0.017330509745812725;-1.1027696058206606;0.27012723044207554;-1.48522204567783;0.06750235729770471;39;1.5;0.7;2
1000;4385;4.385;368;4.385;11;8.77;368;0.7330249718666647;958;0.17846539152915514;3.48322616989452;26508.0;148533.0;2.341139055371662;7.0;0.03159336192619133;2.5743060902123887;0.0100441370598762;-0.20311508890937074;0.8390450783027121;-0.5636001758206275;0.531056134824264;40;1.5;0.7;2
1000;3602;3.602;278;3.602;11;7.204;278;0.7238023712293157;956;0.19203961848862802;4.176165390342698;16752.0;87232.0;2.5415859314390548;8.0;0.03449903549770705;1.9350501072400987;0.05298414715200148;-0.18750509741997196;0.8512646274056482;-0.28964360403649697;0.7582165979641976;41;1.5;0.7;2
1000;4230;4.23;272;4.23;12;8.46;272;0.7284219823593278;973;0.21978321566562944;4.083841743930922;23379.0;106373.0;1.9908424817971533;3.0;0.05862176787246304;2.18959075846638;0.028553929850231363;-2.5590198328113845;0.01049677527553742;-2.1155679309832993;6.696056750310486e-05;42;1.5;0.7;2
1000;4450;4.45;133;4.45;12;8.9;133;0.7328263402704565;985;0.28061394728061395;4.033564549068894;25230.0;89910.0;2.2583016069125215;7.0;0.04310366283661332;2.406773611550908;0.01609414313799212;-1.337318599329109;0.18111866236039598;-1.9237648232068298;0.016241593223160655;43;1.5;0.7;2
1000;4261;4.261;389;4.261;12;8.522;389;0.7355628007196541;970;0.16246783911953597;3.4477400136280587;24564.0;151193.0;2.2893525875369667;6.0;0.04581338030065041;2.01451817297424;0.04395515884469338;-0.6907464227123893;0.4897249103882233;-0.662261210176632;0.29702126819440944;44;1.5;0.7;2
1000;5358;5.358;775;5.358;13;10.716;775;0.7935331780027225;992;0.08238727470976846;2.364956956956957;38535.0;467730.0;2.04578484658903;4.0;0.027206466487962766;2.919683466154936;0.0035038707986052497;-0.634164479935543;0.5259734857919409;-0.813467587794822;0.3080636237076737;45;1.5;0.7;2
1000;3708;3.708;265;3.708;11;7.416;265;0.7140487398789643;969;0.19833030196906878;4.00408909932207;17556.0;88519.0;2.1570466798994747;4.0;0.03244486859760681;2.264947016332139;0.023515931091901917;-1.3170180162759773;0.18783258562688365;-1.274584367214819;0.03508567169944832;46;1.5;0.7;2
1000;3286;3.286;59;3.286;11;6.572;59;0.6910606740202844;950;0.3643743657794083;7.108618324741295;14004.0;38433.0;2.4078768401472743;6.0;0.044132875898518;1.1379918908897406;0.2551238684372171;-1.7725810304799525;0.07629815733370768;-2.276088129621444;0.0046551441257824955;47;1.5;0.7;2
1000;4234;4.234;347;4.234;12;8.468;347;0.7374576956497529;976;0.18291394985765452;3.6902689833341777;23901.0;130668.0;2.4453291785464772;10.0;0.04034900956792048;1.897690815077925;0.057736823217816174;-0.19636404363625642;0.844325237377678;-0.42186935511355733;0.6176696323343271;48;1.5;0.7;2
1000;5709;5.709;999;5.709;15;11.418;999;0.8065563037601976;995;0.06593852855465447;1.9885705705705705;43353.0;657476.0;2.118102878763203;6.0;0.018780044963697284;2.373629650487382;0.017614207932171232;-0.2843608564079836;0.7761338533560456;-0.5021531044825259;0.5552877587774465;49;1.5;0.7;2
1000;4106;4.106;154;4.106;13;8.212;154;0.7392949942740032;982;0.2839565335647399;4.159421464493984;21924.0;77209.0;2.166931794842939;5.0;0.03892127030408965;2.3541194471273523;0.018566643849291534;-1.7292096492816724;0.08377158000024106;-2.119741006778096;0.0042020583763563435;50;1.5;0.7;2
1000;5173;5.173;667;5.173;14;10.346;667;0.7747364743050711;989;0.09346099698989632;2.485928814586129;36048.0;385701.0;2.341350429648573;8.0;0.03625725837909194;2.6298320772201746;0.008542705335409;0.12650208002242852;0.899334502654849;-0.08679318358305839;0.9315189039246379;51;1.5;0.7;2
1000;4928;4.928;438;4.928;15;9.856;438;0.7714376446915285;981;0.1307982183009949;2.9738493617660615;33564.0;256609.0;2.1633212421885486;5.0;0.02874695489196677;3.721282508331633;0.00019821353860024454;-0.17730349000238108;0.859270009601296;-0.7925916795163851;0.5105276594454766;52;1.5;0.7;2
1000;3867;3.867;125;3.867;12;7.734;125;0.711293760013996;974;0.29388989328512233;4.98066987844071;18369.0;62503.0;2.7577946041490167;13.0;0.04417809999019892;1.3800121706659276;0.16758289755516087;-0.5742699091997604;0.5657851682550512;-0.7730924158187259;0.34820995882111794;53;1.5;0.7;2
1000;4319;4.319;306;4.319;12;8.638;306;0.7329444594341007;958;0.18728443320303517;3.715614615186999;26064.0;139168.0;2.2929509222042643;8.0;0.03927648786058702;2.273206742156752;0.023013724199333015;-0.5163487873259749;0.605610827376033;-0.7882241134450668;0.3302894802918557;54;1.5;0.7;2
1000;5220;5.22;594;5.22;15;10.44;594;0.7918626139060468;995;0.11167269809063791;2.572910910910911;36876.0;330215.0;2.037885977886697;4.0;0.04227673897595641;3.077020859866299;0.0020908066891434924;-0.7734482413467384;0.4392571492323225;-1.041662135700874;0.16714157602117785;55;1.5;0.7;2
1000;3747;3.747;157;3.747;12;7.494;157;0.7155597608993448;961;0.2857700741986843;5.400301276623729;19026.0;66578.0;2.6288302130870638;13.0;0.03206707261153319;1.4819219867027527;0.13836105404413376;-0.5029431336922819;0.6150042538438786;-0.7574918050631086;0.36084133627564896;56;1.5;0.7;2
1000;5597;5.597;847;5.597;14;11.194;847;0.8074462012677731;996;0.05967747639424267;2.166288288288288;43875.0;735202.0;2.144244530945417;4.0;0.02547941628209982;2.758168285992583;0.005812626542061517;-0.3281202458246118;0.7428207467046422;-0.2905868683622861;0.7155581765257983;57;1.5;0.7;2
1000;4384;4.384;533;4.384;11;8.768;533;0.768506637512694;977;0.10830086878576846;2.9114980211174606;25131.0;232048.0;2.180729424112985;5.0;0.026871595342069565;2.4774249064553318;0.01323342528235856;-0.4629193592408679;0.6434221704710898;-0.630225016211322;0.42256011330780374;58;1.5;0.7;2
1000;5231;5.231;392;5.231;11;10.462;392;0.7953609622745875;988;0.13069614601564453;2.8096167199282087;36591.0;279970.0;2.1019977024690126;6.0;0.02368899149127668;3.73622909753682;0.00018680049083667807;-0.3775281827523349;0.7057811244010765;-1.03446869952568;0.3299205940965363;59;1.5;0.7;2
1000;3903;3.903;143;3.903;11;7.806;143;0.7291246661648274;979;0.25435720672273265;4.4702913278442225;19629.0;77171.0;2.698033995197296;13.0;0.029438614231857008;2.2996550490839005;0.0214677706727858;-0.17415985664671546;0.8617398330958966;-0.54394590732926;0.6002376680726207;60;1.5;0.7;2
1000;5037;5.037;289;5.037;12;10.074;289;0.7739009181444776;986;0.15251721547796285;2.8468769550564064;33909.0;222329.0;2.2113799922880095;7.0;0.04204444924835449;4.483071428674462;7.357628759115238e-06;-0.09409373928284108;0.9250346936462214;-0.9193816316667519;0.5335842137433766;61;1.5;0.7;2
1000;4556;4.556;178;4.556;12;9.112;178;0.7408297522494307;978;0.23935888267216357;4.171271677117158;28449.0;118855.0;2.4747186628609565;14.0;0.04504948051844426;2.167303606297195;0.030211711708631343;-0.4651285670211938;0.6418393895929432;-0.8764489389594424;0.3420729430081556;62;1.5;0.7;2
1000;3957;3.957;182;3.957;11;7.914;182;0.7390549167089768;979;0.23610841502475008;3.9155623182171766;19461.0;82424.0;2.2521139422480907;6.0;0.058442338841507624;2.8553915654993016;0.004298379801275612;-0.9719273923496091;0.331086671286161;-1.4681223218874482;0.0784574593605386;63;1.5;0.7;2
1000;4738;4.738;164;4.738;17;9.476;164;0.748901760946321;974;0.2506643865689922;3.8837385301344183;32541.0;129819.0;2.2959335118015884;10.0;0.037675901209257234;2.790858245261236;0.005256848966643923;-0.7790761123891929;0.43593488062614716;-1.325928006113554;0.1447340815699104;64;1.5;0.7;2
1000;4143;4.143;228;4.143;11;8.286;228;0.7358595332035147;967;0.24161421057169957;3.849007948237587;22416.0;92776.0;2.10737045697997;4.0;0.03273372561360305;2.8629679172634077;0.004196930571309214;-1.6135908529712457;0.10661620220265138;-1.861939188323856;0.008463427933999013;65;1.5;0.7;2
1000;4568;4.568;280;4.568;11;9.136;280;0.7524204291798221;988;0.17487906699357234;3.1662482437291835;26391.0;150910.0;2.113652538565618;4.0;0.03216340922572403;3.6686922276159173;0.00024379435361596564;-0.8145709297062464;0.4153179561449647;-1.3403912089659538;0.12146291879247384;66;1.5;0.7;2
1000;4051;4.051;231;4.051;11;8.102;231;0.744733074234796;976;0.2275849032827169;4.1671010990566515;21672.0;95226.0;2.183650116319443;5.0;0.0436092942484555;2.317528541226337;0.020474957753769077;-1.2354102735943409;0.21667785119232053;-1.3969645562554807;0.035792017823981004;67;1.5;0.7;2
1000;4238;4.238;288;4.238;11;8.476;288;0.7403224465540976;984;0.15077908078267402;3.1993933608053076;23079.0;153065.0;2.393649695353002;8.0;0.025914442601669363;2.7565519653421764;0.005841432999438539;-0.031874538768121005;0.9745721034391859;-0.3913761511556205;0.7723148214049079;68;1.5;0.7;2
1000;5165;5.165;364;5.165;12;10.33;364;0.7813016752311946;991;0.14339539978094196;2.8682801912752285;36003.0;251075.0;2.0445454484008723;4.0;0.026695320349295393;4.002738842183224;6.26134057952436e-05;-0.8348196762217505;0.4038192456023264;-1.3980968857796992;0.143946388562044;69;1.5;0.7;2
1000;4292;4.292;177;4.292;11;8.584;177;0.7484150015802031;979;0.2427471066624961;3.952192184786741;24834.0;102304.0;2.1415633074590827;5.0;0.027927424575583837;3.5784319307450976;0.0003456618658967287;-1.0578554602408863;0.2901213436740988;-1.7361899993104684;0.04513155372022615;70;1.5;0.7;2
1000;3751;3.751;165;3.751;11;7.502;165;0.715258852580145;956;0.28249880928603255;5.406483831523135;18387.0;65087.0;2.323596543127301;6.0;0.04547653857136441;2.1197041339364966;0.034031004161793804;-1.2040933582994426;0.2285534967224131;-1.4143784293858144;0.056576515857451604;71;1.5;0.7;2
1000;3998;3.998;122;3.998;11;7.996;123;0.7410714863334615;974;0.2866794204604744;4.827804611031998;21429.0;74749.0;2.1913540200421817;5.0;0.029240721036500106;3.4932105123693966;0.0004772501226746907;-1.2961489607100412;0.1949241697063142;-2.004427996871504;0.024042276021655873;72;1.5;0.7;2
1000;5060;5.06;996;5.06;12;10.12;996;0.8125029723954444;994;0.05720940207172746;1.9949029029029028;34413.0;601527.0;1.8391919218425143;2.0;0.04648718079538239;2.169703631131806;0.030029304804631687;-2.3154852821705303;0.020586389098546758;-1.1723436819055981;0.00217928774264331;73;1.5;0.7;2
1000;5068;5.068;799;5.068;12;10.136;799;0.7816271061474949;981;0.0790417437137574;2.365688033881272;34581.0;437503.0;2.065079437397495;4.0;0.026928887379150113;2.3994116058807493;0.01642144408386765;-0.8033480144585455;0.4217736132199761;-0.7213503996545357;0.25180048907788244;74;1.5;0.7;2
1000;4006;4.006;426;4.006;10;8.012;426;0.7457328361645763;975;0.14067256736948924;3.2107014583853606;19962.0;141904.0;2.646296133102378;13.0;0.0463935524161163;1.2971413679813828;0.19458255008045278;-0.11742094427439172;0.9065264877467595;-0.08974289574000073;0.9253714609228209;75;1.5;0.7;2
1000;3947;3.947;334;3.947;11;7.894;334;0.7262408224305759;971;0.1785997088048226;4.259866834710509;20976.0;117447.0;2.5231944796501438;9.0;0.028737022013780478;1.9676168691047065;0.04911213729399002;-0.06792522519263192;0.9458451583231308;-0.24883341099893502;0.806465643090232;76;1.5;0.7;2
1000;4081;4.081;143;4.081;13;8.162;143;0.7145557217965434;969;0.3099988852970683;4.880889204818194;22248.0;71768.0;2.3450125005592355;7.0;0.04817175453900091;1.8275060904144615;0.0676237113220411;-1.2594145442551508;0.20788063881502794;-1.5800227383623706;0.029438726142600014;77;1.5;0.7;2
1000;4891;4.891;654;4.891;12;9.782;654;0.7713603590182504;978;0.10090771933963728;2.708702145264475;32505.0;322126.0;2.1826832406086347;7.0;0.027628132220024693;2.2438013019749254;0.024845188609236495;-0.29222005647945415;0.7701183777086426;-0.5543055044869066;0.4878968817285977;78;1.5;0.7;2
1000;5177;5.177;755;5.177;12;10.354;755;0.7710845052563176;994;0.08366605302794845;2.474822822822823;34995.0;418270.0;2.1113771876605876;5.0;0.031235449719117764;2.1788838915731152;0.029340294718198014;-0.8012893433291036;0.4229641587671089;-0.6664262291701261;0.28148884822658504;79;1.5;0.7;2
1000;4626;4.626;601;4.626;12;9.252;601;0.7654401372415457;989;0.09956066812403166;2.7983563563563565;28146.0;282702.0;2.528737330956196;13.0;0.040980674935271355;1.9887128500689006;0.04673290681909279;0.10923557270611824;0.9130156461766334;-0.006789546319957036;0.9885229038714133;80;1.5;0.7;2
1000;5545;5.545;760;5.545;12;11.09;760;0.7996074291504618;996;0.08236947095932655;2.3636876876876878;40920.0;496786.0;2.136113036506633;5.0;0.0358920772207279;3.02396330434987;0.0024948669791451422;-0.25150054460277665;0.8014271411896019;-0.5744890790545952;0.5833157428693229;81;1.5;0.7;2
1000;4840;4.84;954;4.84;13;9.68;954;0.7902781202814299;988;0.058781393417169765;2.072542491676888;30855.0;524911.0;2.0533488656060395;4.0;0.0428310493495232;1.5840756015272168;0.11317651586580728;-1.226422234087742;0.2200398232347005;-0.5981627205897524;0.13057366016449556;82;1.5;0.7;2
1000;4257;4.257;233;4.257;13;8.514;233;0.7450889770833915;980;0.20569529798485064;3.607097846646151;23028.0;111952.0;2.5208508618141146;16.0;0.0479341290532318;1.702955656087272;0.08857636725712995;-0.38017020030256243;0.7038190782326905;-0.6463070322956825;0.47091041580727966;83;1.5;0.7;2
1000;3766;3.766;295;3.766;10;7.532;295;0.7249981236845348;974;0.20384200004595693;4.375173401170432;17742.0;87038.0;2.2454982156129564;5.0;0.04267192529367725;1.2322288698314392;0.21786360184251696;-1.444797734481453;0.1485147076367494;-0.9842460589821701;0.018250030349476365;84;1.5;0.7;2
1000;4323;4.323;345;4.323;11;8.646;345;0.7515631272160377;979;0.1535705050057261;3.6751314296539896;24942.0;162414.0;2.2382867013722296;5.0;0.028328719268605695;2.8996058473328463;0.0037363216965420535;-0.4479404404768802;0.6541961813907469;-0.7324045646077;0.41190613842748647;85;1.5;0.7;2
1000;4184;4.184;195;4.184;11;8.368;195;0.7341142422105732;965;0.24876878393736582;4.404134493267671;23640.0;95028.0;2.252582131994128;6.0;0.039393354198064334;2.658016799892614;0.007860197472130756;-1.0185313823291522;0.30842549478979386;-1.375539437430676;0.08187867832411455;86;1.5;0.7;2
1000;4147;4.147;319;4.147;11;8.294;319;0.7393209153832908;970;0.19079514723243216;3.5917522256290537;22788.0;119437.0;2.6044012098992253;15.0;0.04230120204107335;1.4971881948013008;0.13434429623172925;-0.19335712559514046;0.8466792905786236;-0.3401299634691765;0.6855421986521233;87;1.5;0.7;2
1000;4512;4.512;445;4.512;11;9.024;445;0.7661717125810774;986;0.13112910928918253;2.971518974594466;26358.0;201008.0;2.4258247189963447;10.0;0.04418567660721873;2.4977487238596527;0.012498475185489018;0.07559132476344219;0.9397442385533662;-0.25762462791420704;0.8614505487938333;88;1.5;0.7;2
1000;4657;4.657;509;4.657;15;9.314;509;0.75825155199662;980;0.12121130302632899;3.0554917765344225;31425.0;259258.0;2.2478830379052175;6.0;0.030156233093041274;3.055378334398801;0.0022477677969151327;0.0057988559510584806;0.9953732082969913;-0.4539259665338677;0.7299073876447228;89;1.5;0.7;2
1000;4159;4.159;274;4.159;13;8.318;274;0.740283730600514;981;0.17652331808674465;3.4836765130279126;23040.0;130521.0;2.466007091940053;9.0;0.032890315966796035;2.4248109864639216;0.015316358822976684;-0.05418116964622336;0.9567908230903842;-0.35766739296565164;0.7613192705512537;90;1.5;0.7;2
1000;4854;4.854;479;4.854;12;9.708;479;0.7669194899322992;989;0.12456568691895953;2.793075080746147;31836.0;255576.0;2.3912540553644144;12.0;0.02637076403000227;2.5540933217128545;0.010646471760099757;0.0005059853693357138;0.9995962821030416;-0.27648149968543384;0.8619540623096407;91;1.5;0.7;2
1000;4151;4.151;361;4.151;14;8.302;361;0.7351794853685854;972;0.16870426557201498;3.583584419576234;22686.0;134472.0;2.337720243913238;6.0;0.03022768134291376;1.92858571057691;0.05378231439311159;-0.6495858686171975;0.5159597635914969;-0.5982180496169792;0.32722756608787373;92;1.5;0.7;2
1000;4254;4.254;121;4.254;13;8.508;122;0.7358123369102936;974;0.2918771043771044;4.332151352928542;24966.0;85536.0;2.2096237448545515;6.0;0.04004893169667226;2.977509754391589;0.002906003972787812;-1.3655897535826194;0.1720677644222528;-1.979873774132075;0.02149994552940082;93;1.5;0.7;2
1000;3815;3.815;134;3.815;10;7.63;134;0.7208839397030458;969;0.2774545287946122;4.670488691593919;18168.0;65481.0;2.356080982136219;7.0;0.04794788498468977;1.5837888754546603;0.11324177168944786;-1.3300817493295465;0.18349133804223627;-1.5148878078096497;0.03232593287002217;94;1.5;0.7;2
1000;4092;4.092;183;4.092;11;8.184;183;0.7390626293888007;968;0.2152048130343418;4.178660966133136;22428.0;104217.0;2.4598697336056765;13.0;0.03737852168220904;2.592445946878331;0.00952961551391022;-0.3038087340030281;0.7612736123014783;-0.7338149498507383;0.49144696114054;95;1.5;0.7;2
1000;5271;5.271;951;5.271;13;10.542;951;0.8105260220949786;991;0.05639313233480913;2.0671331285778605;37779.0;669922.0;2.267836125501049;5.0;0.04700629072041862;2.656475893248774;0.007896209623723479;0.26816382449287596;0.788573219346631;-0.06861338427892069;0.8906557078775847;96;1.5;0.7;2
1000;5708;5.708;543;5.708;13;11.416;543;0.7963988243134679;995;0.1267320153777001;2.6822422422422423;45393.0;358181.0;2.059340493084111;5.0;0.036828175205429914;3.686228198617162;0.0002276022801279426;-0.4482577824234022;0.6539671653323003;-1.081759901575325;0.2534937244245421;97;1.5;0.7;2
1000;5424;5.424;561;5.424;12;10.848;562;0.7885806588654894;990;0.09101704177321138;2.504134134134134;39474.0;433699.0;2.1106135130606116;5.0;0.027606639491336016;3.1661643266138997;0.0015446350711326197;-0.31729177707828154;0.751022216213413;-0.7084405841442142;0.4941003551213624;98;1.5;0.7;2
1000;4063;4.063;149;4.063;10;8.126;149;0.719430545173784;969;0.27231988969320925;4.837949591747129;21330.0;78327.0;2.6423977306556035;12.0;0.04247693276480624;2.088766294418704;0.03672876588440138;-0.3999354609068987;0.6892040530346484;-0.7187784851319419;0.4434420792929088;99;1.5;0.7;2
1000;7283;7.283;999;7.283;14;14.566;999;0.8215908927321607;1000;0.0589192198841783;1.9854194194194195;68889.0;1169211.0;2.211646680998289;12.0;0.03808419914027045;2.509436502642239;0.01209239539392576;-0.03303522188368684;0.9736464999595953;-0.30470614706936233;0.8455643468464255;0;1.5;0.9;2
1000;7481;7.481;918;7.481;17;14.962;918;0.7913685321715014;1000;0.10359542825082564;2.1005665665665667;73119.0;705813.0;1.9878064682440402;6.0;0.031540093029321675;2.8107089669230225;0.004943247722355247;-1.0829225822551916;0.27884278747288294;-1.2020803569030551;0.0733227408618844;1;1.5;0.9;2
1000;6757;6.757;916;6.757;15;13.514;916;0.8096094264410745;998;0.06962480904231194;2.057821821821822;61710.0;886322.0;2.1838330655238156;10.0;0.03295323334070499;3.0617878786154997;0.0022001930981407586;0.18566206049325484;0.8527097823004716;-0.3830659507141005;0.8320840663090735;2;1.5;0.9;2
1000;7568;7.568;999;7.568;16;15.136;999;0.7972497721994838;1000;0.0911726776765058;1.984848848848849;75153.0;824293.0;1.870810047026521;4.0;0.043985091801641674;2.8459581972968966;0.004427800706248831;-1.72353881984433;0.08479113136728347;-1.5271866472484652;0.00807553897592972;3;1.5;0.9;2
1000;6895;6.895;560;6.895;16;13.79;560;0.7804987094443931;999;0.10814634708699708;2.3804384384384383;61914.0;572502.0;2.205016940198598;12.0;0.04157869074528614;3.6020521495633773;0.000315715007596328;-0.021478673146569;0.9828638159022969;-0.6335899199872229;0.6488729022818979;4;1.5;0.9;2
1000;5833;5.833;826;5.833;16;11.666;826;0.7563341536159862;998;0.0947936108241824;2.3430143275229947;42765.0;451138.0;2.5996445487941076;19.0;0.03988853037608353;1.3902065111877147;0.16446617683746545;-0.016010080433785535;0.9872263497030382;-0.003322747694828545;0.9945916165392625;5;1.5;0.9;2
1000;7199;7.199;406;7.199;15;14.398;406;0.7773279250596239;996;0.1518607388005367;2.6294690786977615;66327.0;436762.0;1.9832414290342215;6.0;0.027549590006093694;4.746065446895138;2.0741162599847884e-06;-0.9400733670091687;0.3471799289113159;-1.7855671675544513;0.06660988553522051;6;1.5;0.9;2
1000;6689;6.689;423;6.689;16;13.378;423;0.7667308353787026;1000;0.1414210762137396;2.6156496496496495;58707.0;415122.0;2.022705863361775;6.0;0.036911973649078056;3.916939406962023;8.96802781348148e-05;-0.8548716177386843;0.39262222471085384;-1.481976195139515;0.10461839302865339;7;1.5;0.9;2
1000;5235;5.235;182;5.235;13;10.47;182;0.7472592560359848;992;0.22605186429550678;4.023324995065518;35121.0;155367.0;2.0896918016680517;5.0;0.04547839640968887;4.1681637583731925;3.0706330463209884e-05;-1.2366216684147007;0.2162275716216;-2.0195607942009306;0.025782522221440618;8;1.5;0.9;2
1000;4704;4.704;191;4.704;13;9.408;191;0.7361012708013948;994;0.22495963203992758;4.0382862862862865;27585.0;122622.0;2.1828595583517227;6.0;0.047422546528774534;3.148042835013477;0.0016436760531869268;-0.9816987387306778;0.3262482869665574;-1.5375078866384702;0.062099029477440726;9;1.5;0.9;2
1000;8494;8.494;999;8.494;17;16.988;999;0.822257792130348;1000;0.08657954409288278;1.982994994994995;94653.0;1093249.0;1.905384366906035;4.0;0.027578092444878854;4.891931481689544;9.985120833423198e-07;-0.6483321691181321;0.5167701318333403;-1.4907575140778735;0.18061286966975443;10;1.5;0.9;2
1000;6836;6.836;999;6.836;15;13.672;999;0.7928335832704689;999;0.08313247191071553;1.9863143143143143;61944.0;745124.0;2.024662994913613;5.0;0.04163838906606354;2.6299151576132385;0.008540617976144206;-0.843785259254944;0.3987894141223789;-0.8772351366025872;0.17575886664200824;11;1.5;0.9;2
1000;7299;7.299;913;7.299;14;14.598;913;0.7918676348186731;1000;0.09978105199579528;2.107119119119119;68724.0;688748.0;1.9165517870035607;4.0;0.03767491858207894;3.299769658651025;0.0009676421441453188;-1.2793450819441268;0.20077556377656014;-1.4404503380315956;0.03037359860092348;12;1.5;0.9;2
1000;7267;7.267;521;7.267;14;14.534;521;0.7935945440488797;1000;0.1118277181573055;2.370198198198198;68472.0;612299.0;2.0809552807229323;8.0;0.03034498321058332;4.572311440888179;4.823732475952068e-06;-0.17601963276297655;0.8602785185402708;-1.0080011867690089;0.4337506639683022;13;1.5;0.9;2
1000;5964;5.964;380;5.964;17;11.928;380;0.7518510680370616;995;0.1808943408673253;3.2511797369231976;46068.0;254668.0;1.9831564965666757;4.0;0.03199948429281951;4.565857830827143;4.974558372276822e-06;-1.2453274545487043;0.21301140776955174;-1.9911577011247932;0.025914105409478916;14;1.5;0.9;2
1000;6719;6.719;348;6.719;17;13.438;348;0.7617286902254307;999;0.1545996524954968;2.850082082082082;58191.0;376398.0;2.1935603130956456;16.0;0.039076106905822805;2.8546576394716814;0.00430832444722874;-0.5648208908640518;0.5721955960596241;-1.111444849644478;0.23502649528575992;15;1.5;0.9;2
1000;8416;8.416;999;8.416;19;16.832;999;0.847449916896799;1000;0.06342772877577858;1.9831511511511513;94584.0;1491209.0;2.0212639071906287;5.0;0.03597553128488162;4.4525668341117015;8.48498172302469e-06;0.18532774077593023;0.852971980901655;-0.7505948235648509;0.6589928804643619;16;1.5;0.9;2
1000;9220;9.22;999;9.22;17;18.44;999;0.8357371026952309;1000;0.0754240967427676;1.9815415415415416;113964.0;1510976.0;1.879450630600833;4.0;0.03557576756752584;4.3451083925847795;1.3920690738022864e-05;-0.9333620082137318;0.35063308920093383;-1.451399701875226;0.13177865597413307;17;1.5;0.9;2
1000;7034;7.034;880;7.034;16;14.068;880;0.792470690997055;997;0.10153943388560335;2.168124124124124;67476.0;664530.0;1.9021156256128204;4.0;0.03150757808485072;3.1451685629059556;0.0016599115943835574;-1.346070322038738;0.1782798387346859;-1.4602837258117307;0.02399305965660925;18;1.5;0.9;2
1000;8145;8.145;999;8.145;17;16.29;999;0.8062645741831906;1000;0.09165067922107306;1.9836936936936937;88713.0;967947.0;2.0625335026113687;11.0;0.03255009246750468;2.9495533129353726;0.0031823366252813033;-0.4408317873033829;0.6593347792247157;-0.8789094955250817;0.34700630981947145;19;1.5;0.9;2
1000;6447;6.447;393;6.447;15;12.894;393;0.7572191005579118;998;0.16984373566364094;2.9754154154154153;53682.0;316067.0;2.267122368177421;14.0;0.04032212387001388;2.616838474898108;0.008874832667273626;-0.421550794813902;0.6733529280998423;-0.8883058496165432;0.3231479334117635;20;1.5;0.9;2
1000;7604;7.604;999;7.604;20;15.208;999;0.8350109550439065;1000;0.05742838214748245;1.9847767767767768;78798.0;1372109.0;2.029200860532245;4.0;0.017484177313313864;3.707520629834623;0.00020929837117485538;-0.2212338200196138;0.8249103770434679;-0.5751004413561809;0.6152684223023798;21;1.5;0.9;2
1000;6095;6.095;450;6.095;14;12.19;450;0.7694003904072068;999;0.12447641499505357;2.6465245245245246;47310.0;380072.0;2.220822360896087;10.0;0.030804099256461992;2.99175986136943;0.0027737435629598263;-0.3206052866549093;0.748509530777105;-0.7327904477984059;0.49045216211675347;22;1.5;0.9;2
1000;11266;11.266;999;11.266;23;22.532;999;0.8677913755714853;1000;0.07441921283180054;1.9774454454454455;179277.0;2409015.0;1.847564850917664;4.0;0.021680263937497668;5.63911888032752;1.7092250793222376e-08;-0.4651550953104437;0.6418203933376816;-1.5996235937123306;0.21416776620918654;23;1.5;0.9;2
1000;7603;7.603;850;7.603;16;15.206;850;0.8071461786416911;1000;0.09070547488719176;2.1322262262262264;74718.0;823743.0;2.0052344161471036;6.0;0.02185462628955992;3.843174089900445;0.00012145325095587474;-0.5546264119938298;0.5791502194693849;-1.1045806207846334;0.2851761811604039;24;1.5;0.9;2
1000;9119;9.119;942;9.119;17;18.238;942;0.838965831465988;1000;0.06839332324966223;1.9822262262262262;109290.0;1597963.0;1.7500907604492002;2.0;0.04292223635774972;5.112533919560444;3.1786588733667885e-07;-1.72205652228992;0.08505928001555339;-2.167908801747401;0.016152856866264442;25;1.5;0.9;2
1000;7209;7.209;983;7.209;14;14.418;983;0.8120262061799571;1000;0.0799680428770009;2.0152532532532534;66963.0;837372.0;1.960609292552971;4.0;0.037936193110973515;3.787222224521225;0.0001523408426187625;-0.7135897311713547;0.47548090920184005;-1.1433065753447906;0.21252172016734294;26;1.5;0.9;2
1000;6881;6.881;606;6.881;16;13.762;606;0.7688405831825497;995;0.14677813191057784;2.6834614614614614;64980.0;442709.0;2.0050673710173235;9.0;0.0431761977733911;2.3879664398180758;0.01694188878199349;-1.1944575116371132;0.23229905144687013;-1.4822077741441146;0.03598286285400354;27;1.5;0.9;2
1000;6699;6.699;999;6.699;15;13.398;999;0.7906919105091219;1000;0.07921221135286173;1.9865885885885886;57945.0;731516.0;2.0245955282682058;5.0;0.03619248613501436;2.4357423568924226;0.01486126541952712;-0.9599525123349584;0.3370791154828129;-0.8622938473357817;0.14778764261399546;28;1.5;0.9;2
1000;8672;8.672;999;8.672;18;17.344;999;0.8363386365995492;1000;0.07865213417571032;1.9826386386386385;100428.0;1276863.0;1.9376530916098655;6.0;0.0272017988943683;4.1997039242489675;2.6726422967806346e-05;-0.366416206139923;0.7140545286147695;-1.155834450178437;0.2758205021104019;29;1.5;0.9;2
1000;6326;6.326;467;6.326;17;12.652;467;0.7558142916124515;995;0.1712217424434849;2.990056534953183;53928.0;314960.0;1.9555893959886976;5.0;0.044178601796815764;3.0822554501644097;0.002054384557246706;-1.6627129744417322;0.0963699038268872;-1.9417167537239;0.005518691286842681;30;1.5;0.9;2
1000;8238;8.238;999;8.238;16;16.476;999;0.8241147926878473;1000;0.07869443225724274;1.9835075075075075;88965.0;1130512.0;1.912002269961713;4.0;0.02104689022146433;4.397558064184205;1.0947560297611164e-05;-0.6256813700564787;0.5315239552241913;-1.3363842915318955;0.18804040741611083;31;1.5;0.9;2
1000;6944;6.944;511;6.944;16;13.888;511;0.7612761646631353;1000;0.1432927601653635;2.677843843843844;62217.0;434195.0;2.0571568583044115;8.0;0.032387896381074976;3.571543453462794;0.00035488365232942123;-0.7645227692388429;0.4445557732137544;-1.3561333246906213;0.13286306362109224;32;1.5;0.9;2
1000;10087;10.087;999;10.087;18;20.174;999;0.8441982180291584;1000;0.07086410057398096;1.979805805805806;138597.0;1955814.0;2.0069298932399597;10.0;0.023225218272461934;4.198884062893986;2.682336029096593e-05;-0.07852568597008655;0.9374098988545813;-0.8481263143334382;0.5342543642850657;33;1.5;0.9;2
1000;11444;11.444;999;11.444;21;22.888;999;0.8816269285539451;1000;0.06418569194392804;1.977089089089089;181362.0;2825583.0;1.9286790701957506;6.0;0.03280718981711672;6.067576927971364;1.298544248124296e-09;0.18204158741840504;0.8555500890991168;-1.1375981268196282;0.5836436418395028;34;1.5;0.9;2
1000;7308;7.308;999;7.308;17;14.616;999;0.8194066113255573;1000;0.07659952182875573;1.9853693693693695;70677.0;922682.0;2.0004796075740816;5.0;0.026654962085152112;3.7823441018549047;0.00015535839426014032;-0.3404347443334251;0.7335291573388172;-0.948348613735449;0.3838147850092727;35;1.5;0.9;2
1000;7649;7.649;996;7.649;17;15.298;996;0.8017809643143625;1000;0.08670685002559901;1.9875415415415416;77565.0;894566.0;2.1900820850904275;14.0;0.03400363780614213;2.6656109290900045;0.007684857375202633;-0.10909897673303265;0.9131239864947761;-0.5182550809358962;0.6450361358259327;36;1.5;0.9;2
1000;7983;7.983;873;7.983;18;15.966;873;0.8135131883436653;1000;0.10669865795578554;2.140052052052052;88584.0;830226.0;1.910366709720904;4.0;0.02689217010309841;4.829470603545125;1.3689652184303639e-06;-0.6734977129355278;0.5006307032820667;-1.54471145433772;0.12697371115900924;37;1.5;0.9;2
1000;6824;6.824;617;6.824;16;13.648;617;0.779175900272545;1000;0.12576538849958144;2.660236236236236;61146.0;486191.0;2.0193610496770282;9.0;0.035343138176747946;3.374977491308182;0.0007382172845062155;-0.51302226625945;0.6079357453206906;-1.1889864934300152;0.1798040368333873;38;1.5;0.9;2
1000;6486;6.486;455;6.486;14;12.972;455;0.7599145854515654;1000;0.15007589278267977;2.756740740740741;53985.0;359718.0;1.969876961031686;5.0;0.03520264661086486;3.9142803613410866;9.067423152505905e-05;-1.2660547895180385;0.20549346724868478;-1.8137558507275087;0.031949955618895354;39;1.5;0.9;2
1000;7301;7.301;974;7.301;17;14.602;974;0.7976778997303811;999;0.09015307800589023;2.015267267267267;71538.0;793517.0;2.0798156495780984;7.0;0.03176415334200017;3.2323169127212337;0.0012279079387583932;-0.2545355437271427;0.799081848147388;-0.7677159935178387;0.4349736260099113;40;1.5;0.9;2
1000;5861;5.861;868;5.861;15;11.722;868;0.7848136768344688;1000;0.07823266765097181;2.165341341341341;43926.0;561479.0;2.203599068155613;7.0;0.031928420742266206;2.420987014533372;0.0154784301883653;-0.28243858653474807;0.7776072310531091;-0.4226475536515661;0.6608211816034091;41;1.5;0.9;2
1000;6799;6.799;809;6.799;14;13.598;809;0.7745850538209036;998;0.10408727671712323;2.3203905308113724;59955.0;576007.0;1.9777815156052283;5.0;0.04865803457962398;2.5815192770216915;0.00983664976349543;-1.3306882196037793;0.1832916208612091;-1.2370941799440027;0.037398864216771965;42;1.5;0.9;2
1000;7092;7.092;358;7.092;15;14.184;358;0.7683843693018162;1000;0.18322617344388326;2.8394954954954956;63777.0;348078.0;2.0772536538788122;10.0;0.04273867655107377;3.151354927041135;0.0016251487312237967;-1.0905966689507458;0.2754503959428468;-1.700461801181793;0.041813481829847676;43;1.5;0.9;2
1000;6960;6.96;982;6.96;16;13.92;982;0.7926428577389419;999;0.08300925373210154;2.0134854854854853;65358.0;787358.0;2.060866824628164;7.0;0.04240965154769094;2.4335490775816555;0.01495160835793281;-0.7823940303324525;0.43398304104444174;-0.8011018634869307;0.26394300090327916;44;1.5;0.9;2
1000;9387;9.387;999;9.387;18;18.774;999;0.8406556358064929;1000;0.0724907234340328;1.981207207207207;118095.0;1629105.0;1.9648481844118835;7.0;0.02640872966097252;4.701662112403188;2.5805226794459666e-06;-0.13312638998223897;0.8940934247122858;-1.0151639363201352;0.45845197793113623;45;1.5;0.9;2
1000;5995;5.995;871;5.995;13;11.99;871;0.7803938624191924;999;0.08493459370342907;2.2045585585585585;47190.0;555604.0;1.976555500885004;4.0;0.03752188180238203;2.6203510033694326;0.008783930497232615;-1.1659369663937802;0.24363993163298692;-1.044737824000674;0.08127815331697907;46;1.5;0.9;2
1000;4781;4.781;129;4.781;18;9.562;130;0.7095760691643491;988;0.27712992179997253;4.797175933448479;30300.0;109335.0;2.3290125721292436;9.0;0.04230039682486608;3.210916491882949;0.0013231237854661507;-0.7452123822594918;0.45614333857777867;-1.4271298664652705;0.11608553848600534;47;1.5;0.9;2
1000;6740;6.74;923;6.74;15;13.48;923;0.7883127900091274;1000;0.09015431982878384;2.105187187187187;60027.0;665825.0;2.121561512496526;7.0;0.029755904759178275;2.6650985834076493;0.0076965756583450146;-0.40445296835214717;0.6858796562715735;-0.6680531958564352;0.41868433771558067;48;1.5;0.9;2
1000;9177;9.177;999;9.177;19;18.354;999;0.8340024205877378;1000;0.08140839046700503;1.9816276276276277;111924.0;1374846.0;1.917512559304494;5.0;0.021052568416480566;4.665649523531762;3.076436866080861e-06;-0.484014461136419;0.6283756061545838;-1.3228818142227603;0.2343731496836392;49;1.5;0.9;2
1000;6419;6.419;440;6.419;14;12.838;440;0.7751365745052317;1000;0.16716021777480766;2.785863863863864;52779.0;315739.0;1.94054045723413;4.0;0.043530059945144584;4.202954496420625;2.634535642878053e-05;-1.507087138932879;0.13178832293267323;-2.094244816310362;0.00962961612942026;50;1.5;0.9;2
1000;8704;8.704;999;8.704;17;17.408;999;0.8318361437691439;1000;0.06696392202213122;1.9825745745745746;101103.0;1509813.0;1.992395353819966;5.0;0.0376184623836846;3.8083248021205045;0.00013991142144332216;-0.5573128731009875;0.577313681847306;-0.9173797685574672;0.41427200318894175;51;1.5;0.9;2
1000;8701;8.701;999;8.701;19;17.402;999;0.8418010724852792;1000;0.07397594607116988;1.9825805805805805;102024.0;1379151.0;1.9422204299634385;5.0;0.03319449890344098;4.507950947671145;6.54567036970927e-06;-0.21675756994623685;0.8283972800586077;-1.1324622372868447;0.35262490001894264;52;1.5;0.9;2
1000;5788;5.788;292;5.788;16;11.576;292;0.7374786635728157;995;0.2004761835629564;3.4712528159421945;41427.0;206643.0;2.1067669456731304;6.0;0.03758542863009939;3.0468688661460965;0.0023123856567148133;-1.2350928155259324;0.21679596294135084;-1.6310920299382472;0.030199476795815694;53;1.5;0.9;2
1000;7295;7.295;910;7.295;16;14.59;910;0.8108575426405319;1000;0.08205957297249802;2.110106106106106;70044.0;853575.0;1.948417638865353;4.0;0.022191447151324373;3.583329844303323;0.00033924178262345557;-0.8435609000341059;0.39891482118481814;-1.1777645831837624;0.15205255540603835;54;1.5;0.9;2
1000;8877;8.877;999;8.877;19;17.754;999;0.8358997545584007;1000;0.08022908152371956;1.9822282282282282;106341.0;1325467.0;1.8189053534260693;3.0;0.03350320380987623;4.538198424552112;5.673686177523826e-06;-1.2928999820623082;0.19604565372596772;-1.7801745131710558;0.0397175493103864;55;1.5;0.9;2
1000;5738;5.738;424;5.738;15;11.476;424;0.7578754693849195;995;0.16111000859958988;3.1083683683683683;43839.0;272106.0;2.2703007363057104;14.0;0.04093895940043604;2.2501269541930724;0.024440887497236243;-0.4587796964002549;0.646392376398915;-0.8161053123189458;0.3482542149166131;56;1.5;0.9;2
1000;8334;8.334;999;8.334;19;16.668;999;0.8383242527180655;1000;0.06421536677769721;1.9833153153153154;96258.0;1498987.0;2.0639825331550794;8.0;0.03351971152872346;3.5197349406511407;0.00043197826264857755;-0.14545527836932945;0.8843514228496373;-0.6469835997523137;0.6601286587132835;57;1.5;0.9;2
1000;7240;7.24;999;7.24;15;14.48;999;0.819470656745577;1000;0.07613637228167838;1.9855055055055055;70053.0;920099.0;1.993630781913081;5.0;0.024653944018233814;3.7124328023568176;0.0002052765716120906;-0.34961018656851456;0.7266312650535989;-0.9416109239736199;0.3700662370064721;58;1.5;0.9;2
1000;9601;9.601;988;9.601;17;19.202;988;0.8521415636463596;1000;0.07264100523482007;1.9812332332332332;124500.0;1713908.0;1.8275102917378012;3.0;0.023374326847390048;5.151159857418116;2.588804039766475e-07;-0.9096691044685735;0.3629970424459388;-1.7297357860277156;0.11083145530992533;59;1.5;0.9;2
1000;6183;6.183;388;6.183;15;12.366;388;0.7699177466729765;998;0.14613601844399934;2.8223603603603604;48300.0;330514.0;1.9235913328353298;4.0;0.04383940113982576;3.585367896712032;0.00033660335744922976;-1.6881646484960846;0.09137962725247621;-2.010743222792926;0.006556425748581063;60;1.5;0.9;2
1000;9384;9.384;800;9.384;18;18.768;800;0.8360259540505199;1000;0.08177199899059683;2.0092472472472473;118599.0;1450362.0;1.9066272617896898;4.0;0.02662238336527556;5.414437992963586;6.14815038998508e-08;-0.58763037676548;0.5567804170420336;-1.5226056086552142;0.2586964510045524;61;1.5;0.9;2
1000;7493;7.493;470;7.493;21;14.986;470;0.7818128147455864;1000;0.13604350618218744;2.5297257257257257;76899.0;565253.0;1.9737658524553545;6.0;0.02964513154116577;3.8434886255935576;0.00012129762372816811;-1.0608587645372585;0.28875409143327446;-1.6086183994367194;0.06358134054918096;62;1.5;0.9;2
1000;6548;6.548;544;6.548;14;13.096;544;0.779560309538469;1000;0.13583567176978623;2.5596216216216217;53538.0;394138.0;2.028535556071861;6.0;0.042724904141308584;3.975367512045754;7.027065550740877e-05;-0.6730810089281558;0.5008957551452422;-1.3860739177893386;0.12524764260086063;63;1.5;0.9;2
1000;8015;8.015;420;8.015;22;16.03;420;0.783080025496908;999;0.15225950321215084;2.6064044044044046;89991.0;591037.0;2.06419953619299;19.0;0.041299903619863396;2.7352167876857845;0.0062339205020336425;-0.7857484997509608;0.43201484343709207;-1.355734143787524;0.12267164480286796;64;1.5;0.9;2
1000;6763;6.763;675;6.763;16;13.526;675;0.7763219160177576;999;0.12763078183632823;2.470238238238238;58569.0;458894.0;1.9522073576694847;4.0;0.02274339860532615;3.9116223271879442;9.167820021692317e-05;-1.104233265777828;0.2694919628244229;-1.5812983772594873;0.04397411819458652;65;1.5;0.9;2
1000;8064;8.064;840;8.064;20;16.128;840;0.8190728524511537;1000;0.08417846730004264;2.043827827827828;83526.0;992249.0;1.936637623211125;4.0;0.030401025930356707;4.596064970771145;4.30544499045117e-06;-0.46025541613149545;0.6453328985327447;-1.2805079932882097;0.24347144213337724;66;1.5;0.9;2
1000;6403;6.403;566;6.403;15;12.806;566;0.7823245721899659;999;0.12688728173802802;2.6044324324324326;52845.0;416472.0;1.9816100117915916;5.0;0.02841893752065927;3.338054065937991;0.0008436733150295582;-1.0325991179360088;0.30179154114041806;-1.4383031045348615;0.05688874649957232;67;1.5;0.9;2
1000;7347;7.347;870;7.347;16;14.694;870;0.8138399052910181;1000;0.06707669820252168;2.0227207207207205;71772.0;1069999.0;2.1120537234434815;7.0;0.03028817706950576;3.3493397290464983;0.0008100440507337334;-0.10202159650150709;0.9187395329942071;-0.5439004750527798;0.7128491225851397;68;1.5;0.9;2
1000;9566;9.566;953;9.566;19;19.132;953;0.8474508663592947;1000;0.07726484831627287;1.9837377377377376;125835.0;1628619.0;1.9065481195143925;4.0;0.02281765926583157;5.188173595865647;2.1236659176228818e-07;-0.36746380901140047;0.713273082671616;-1.3780506803532329;0.29414628899000184;69;1.5;0.9;2
1000;7015;7.015;484;7.015;15;14.03;484;0.7792005740089235;999;0.1384652695238761;2.5948508508508508;63375.0;457696.0;1.9246026045794273;5.0;0.02621539608167378;4.287330918142194;1.8083280462619603e-05;-1.1254060583793724;0.26041700499935094;-1.8544938303645715;0.03369843330807454;70;1.5;0.9;2
1000;5750;5.75;435;5.75;13;11.5;435;0.7475576453632292;996;0.16289576871305672;3.1458933883783584;41751.0;256305.0;2.104483380001935;6.0;0.036079966155296295;3.309964554453917;0.0009330778640099462;-0.8914451975157278;0.3726903794414037;-1.3127557575850934;0.1162958086037672;71;1.5;0.9;2
1000;6204;6.204;290;6.204;16;12.408;290;0.7622663248090358;998;0.18768658524313386;3.2503007936909154;50358.0;268309.0;2.0045425099806633;5.0;0.025340023000376743;5.134786302222721;2.824647921066531e-07;-0.9426669370683337;0.34585128997553694;-1.9255472368304989;0.049933802192588694;72;1.5;0.9;2
1000;7696;7.696;999;7.696;19;15.392;999;0.8191631231663153;1000;0.07799160659814645;1.9845925925925927;80283.0;1029380.0;1.8447727787166768;3.0;0.041521848481578805;3.734404900998039;0.00018815957194688034;-1.3741496148657744;0.16939523911787713;-1.5443565567059776;0.032233818235684386;73;1.5;0.9;2
1000;8155;8.155;999;8.155;18;16.31;999;0.8181241468683316;999;0.08342252168721438;1.9836736736736738;90963.0;1090389.0;1.9494986568007142;5.0;0.03437768656402751;3.9805898540631577;6.874447298463292e-05;-0.620546282451563;0.534898193013434;-1.1913509565188545;0.22758116756177016;74;1.5;0.9;2
1000;6376;6.376;998;6.376;12;12.752;998;0.7833511890005342;1000;0.07684957932202469;1.989075075075075;50913.0;662502.0;2.0447593100076062;7.0;0.04713842797480067;1.711305708684826;0.08702469307860981;-1.1686872374938935;0.24252966579687119;-0.8103752248497077;0.10333770524826802;75;1.5;0.9;2
1000;6375;6.375;957;6.375;16;12.75;957;0.7849731373380544;998;0.07726286389515523;2.0855095095095093;53943.0;698175.0;2.289851714539404;13.0;0.02865550775151926;2.247604763423278;0.02460140356580993;0.04205531561029908;0.966454601608612;-0.24976115225169576;0.86260906725636;76;1.5;0.9;2
1000;6100;6.1;314;6.1;15;12.2;314;0.732872792266886;998;0.2046639904909753;3.3873713713713713;48384.0;236407.0;2.5379709583433994;27.0;0.045039177430234445;1.4526113692486196;0.14633168759616555;-0.5040783134271241;0.614206345800481;-0.7809363079813219;0.3675438795061867;77;1.5;0.9;2
1000;8011;8.011;999;8.011;15;16.022;999;0.818900409870701;1000;0.08542842560496385;1.983961961961962;85197.0;997291.0;1.9861020441194333;7.0;0.037674888156953856;3.765362340323855;0.0001663077309938199;-0.344120616072294;0.7307555792811222;-1.0332616390187834;0.30535734133544723;78;1.5;0.9;2
1000;8361;8.361;999;8.361;18;16.722;999;0.820874529424653;1000;0.07632939475274099;1.9832612612612612;92481.0;1211604.0;2.142391223957528;20.0;0.03302670262888585;2.665531291340023;0.00768667778602755;-0.13798326741297856;0.8902536417137913;-0.5930443349400961;0.5978047945878029;79;1.5;0.9;2
1000;7455;7.455;999;7.455;18;14.91;999;0.8178531934616287;1000;0.06723422068587794;1.985075075075075;72918.0;1084537.0;2.036040238017933;6.0;0.030569323803690263;2.8525986062589856;0.004336335663604099;-0.5937014631703884;0.5527118042608651;-0.7660164022092266;0.35955447351080394;80;1.5;0.9;2
1000;9596;9.596;999;9.596;16;19.192;999;0.8422709389807096;1000;0.07066993630491686;1.9807887887887887;121413.0;1718029.0;1.9186113112943675;5.0;0.03501986852161354;4.600998192997503;4.204710761743015e-06;-0.5576747069372707;0.5770665321855204;-1.2735664410679044;0.2836954746317717;81;1.5;0.9;2
1000;6963;6.963;999;6.963;14;13.926;999;0.7930900967913015;1000;0.0875160910982305;1.98606006006006;62886.0;718565.0;1.8913722127589383;4.0;0.044464081139623524;2.574424095824971;0.010040711506521308;-1.6405865539368343;0.10088326801535856;-1.3666914246481476;0.01070963128232938;82;1.5;0.9;2
1000;7010;7.01;651;7.01;17;14.02;651;0.7865837014133067;1000;0.10859496778999352;2.293015015015015;62979.0;579944.0;1.8385202323476957;3.0;0.0400717530945334;3.692872007295747;0.00022173563737369495;-1.93764459987945;0.052666597197341576;-1.9887353271551906;0.0029194709036526323;83;1.5;0.9;2
1000;5943;5.943;871;5.943;14;11.886;871;0.767992464709404;1000;0.08846492561774591;2.264920920920921;44802.0;506438.0;2.0884633238499815;6.0;0.04453182115011356;1.8319754333665326;0.06695508077574895;-0.9135965838524703;0.36092886210262476;-0.7443240255130577;0.1300726656695289;84;1.5;0.9;2
1000;7451;7.451;955;7.451;16;14.902;955;0.8166862380328676;1000;0.06998221409826616;2.0364624624624623;73815.0;1054768.0;2.028843096903101;5.0;0.022099334026232875;3.535562367503536;0.0004069081808750893;-0.37324727095299803;0.7089644169145916;-0.79612717114635;0.4677045353009771;85;1.5;0.9;2
1000;6605;6.605;513;6.605;16;13.21;513;0.778481939256035;998;0.13706112565813555;2.700058058058058;58416.0;426204.0;2.0816537729977767;9.0;0.03726561095912573;3.2172578306470347;0.001294222348176927;-0.6475029880192539;0.5173064612857774;-1.174747558466717;0.19574085544170028;86;1.5;0.9;2
1000;6825;6.825;916;6.825;14;13.65;916;0.7884139267319326;999;0.090628614344724;2.1144004004004002;60336.0;665750.0;2.243900951788923;16.0;0.04191379597503775;1.9507680749381806;0.05108464117432831;-0.2690159575000855;0.7879174028750284;-0.48886100326280246;0.5716308093513713;87;1.5;0.9;2
1000;7731;7.731;999;7.731;17;15.462;999;0.819365688713026;1000;0.07743759664236802;1.9845225225225225;78876.0;1018575.0;1.88749984131878;4.0;0.03951958331764238;3.38009149524465;0.0007246170329726192;-1.3641017598933196;0.1725355409754331;-1.4120665631054903;0.053782734877794836;88;1.5;0.9;2
1000;8043;8.043;999;8.043;17;16.086;999;0.8350963558986091;1000;0.06879030895124491;1.9838978978978978;88326.0;1283989.0;1.9772546271645695;4.0;0.028427757622388805;4.363856109932756;1.2778964778402442e-05;-0.34585760843987196;0.7294497283457425;-0.9628651209316855;0.4656489141246897;89;1.5;0.9;2
1000;7065;7.065;922;7.065;19;14.13;922;0.8148093860514377;1000;0.0723065868263473;2.0164484484484486;67923.0;939375.0;2.199780335029214;13.0;0.03479830290025343;2.8621535937180993;0.004207729420472907;-1.006401614445831;0.31422241734598244;-0.3525403129696841;0.8290275366435745;90;1.5;0.9;2
1000;8488;8.488;999;8.488;17;16.976;999;0.8262074523638133;1000;0.07079286872245537;1.983007007007007;96813.0;1367553.0;1.9566378804436095;5.0;0.03603316789807365;3.6511403579539565;0.0002610785030788107;-0.6590975505209226;0.5098331285121797;-1.0566857139105017;0.2640753374496698;91;1.5;0.9;2
1000;6632;6.632;957;6.632;17;13.264;957;0.7930034633945142;999;0.07705770650771167;2.0526666666666666;57501.0;746207.0;2.1526121366040423;8.0;0.029952032951776675;2.3124695622496856;0.02075182079552851;-0.42317609190263733;0.6721667888076877;-0.5358874488771351;0.514411351416382;92;1.5;0.9;2
1000;6700;6.7;304;6.7;16;13.4;304;0.7630679790265293;999;0.18181762280591177;2.983027027027027;59136.0;325249.0;2.133947555545282;14.0;0.03610025238460516;3.0351293945417805;0.002404325109273605;-0.7873873107812379;0.4310551726013391;-1.4002957863750012;0.1185740329724142;93;1.5;0.9;2
1000;5853;5.853;322;5.853;14;11.706;322;0.758124192999001;998;0.170714633191348;3.1883103103103103;43164.0;252843.0;2.1715072789065335;10.0;0.05409278974895432;2.3944937734376586;0.016643326033749867;-0.9736428650911717;0.33023389507323286;-1.2890948638992805;0.10892402807205559;94;1.5;0.9;2
1000;6813;6.813;527;6.813;16;13.626;527;0.7964354551511226;1000;0.11070049345633984;2.461159159159159;61917.0;559320.0;2.1671993511266727;13.0;0.04113551056339615;3.547554577983458;0.00038882518223483706;-0.19942521786014641;0.841930135648972;-0.7818329881954998;0.5253006965086352;95;1.5;0.9;2
1000;7904;7.904;999;7.904;17;15.808;999;0.837228152079437;1000;0.06279890327220425;1.9841761761761763;83829.0;1334880.0;2.0769899670149936;6.0;0.03898980357386239;3.728625777124481;0.00019252680937138908;0.12933548706147105;0.8970921926223244;-0.5754021868880683;0.7166413302259055;96;1.5;0.9;2
1000;10177;10.177;999;10.177;21;20.354;999;0.8441725573002923;1000;0.08633595922717861;1.9796256256256257;140940.0;1632460.0;1.86978988204251;5.0;0.03440108095737476;5.024568891859469;5.045646583422925e-07;-0.5794581806291332;0.5622800564468083;-1.5324036232146403;0.1458676358149824;97;1.5;0.9;2
1000;9209;9.209;999;9.209;18;18.418;999;0.8439463715865599;1000;0.07183525611789424;1.9815635635635636;115293.0;1604964.0;1.9535375316289025;6.0;0.03427001905446847;4.301745020612769;1.69458249015723e-05;-0.32982618858273915;0.7415312980266229;-1.0756993932545063;0.3734826600533496;98;1.5;0.9;2
1000;6391;6.391;423;6.391;13;12.782;423;0.7565937684103076;1000;0.1506318583602548;2.8611451451451453;51243.0;340187.0;2.0096357658490094;6.0;0.06104582505159395;2.580240661523379;0.009873148274109067;-1.6245786385800327;0.10425237180417796;-1.6857065858527145;0.012433531905271189;99;1.5;0.9;2
