n_vertices;n_edges;indegree_mean;indegree_max;outdegree_mean;outdegree_max;total_degree_mean;total_degree_max;avg_local_clustering;vertices_degree_ge_2;global_clustering;avg_shortest_path_length;seed;beta;gamma;dim
100;7;0.07;1;0.07;1;0.14;2;0.0;1;0.0;1.125;0;0.05;0.05;2
100;2;0.02;1;0.02;1;0.04;1;0.0;0;0.0;1.0;1;0.05;0.05;2
100;4;0.04;1;0.04;1;0.08;1;0.0;0;0.0;1.0;2;0.05;0.05;2
100;3;0.03;1;0.03;1;0.06;1;0.0;0;0.0;1.0;3;0.05;0.05;2
100;8;0.08;1;0.08;1;0.16;1;0.0;0;0.0;1.0;4;0.05;0.05;2
100;5;0.05;1;0.05;1;0.1;1;0.0;0;0.0;1.0;5;0.05;0.05;2
100;4;0.04;1;0.04;1;0.08;1;0.0;0;0.0;1.0;6;0.05;0.05;2
100;1;0.01;1;0.01;1;0.02;1;0.0;0;0.0;1.0;7;0.05;0.05;2
100;7;0.07;2;0.07;1;0.14;2;0.0;1;0.0;1.125;8;0.05;0.05;2
100;10;0.1;1;0.1;1;0.2;1;0.0;0;0.0;1.0;9;0.05;0.05;2
100;9;0.09;2;0.09;2;0.18;2;1.0;3;1.0;1.0;0;0.05;0.15;2
100;3;0.03;1;0.03;1;0.06;1;0.0;0;0.0;1.0;1;0.05;0.15;2
100;5;0.05;1;0.05;1;0.1;1;0.0;0;0.0;1.0;2;0.05;0.15;2
100;4;0.04;2;0.04;1;0.08;2;0.0;1;0.0;1.2;3;0.05;0.15;2
100;8;0.08;1;0.08;1;0.16;1;0.0;0;0.0;1.0;4;0.05;0.15;2
100;5;0.05;1;0.05;1;0.1;1;0.0;0;0.0;1.0;5;0.05;0.15;2
100;4;0.04;1;0.04;1;0.08;1;0.0;0;0.0;1.0;6;0.05;0.15;2
100;1;0.01;1;0.01;1;0.02;1;0.0;0;0.0;1.0;7;0.05;0.15;2
100;7;0.07;2;0.07;1;0.14;2;0.0;1;0.0;1.125;8;0.05;0.15;2
100;10;0.1;1;0.1;1;0.2;1;0.0;0;0.0;1.0;9;0.05;0.15;2
100;10;0.1;2;0.1;2;0.2;2;1.0;3;1.0;1.0;0;0.05;0.25;2
100;3;0.03;1;0.03;1;0.06;1;0.0;0;0.0;1.0;1;0.05;0.25;2
100;5;0.05;1;0.05;1;0.1;1;0.0;0;0.0;1.0;2;0.05;0.25;2
100;5;0.05;2;0.05;1;0.1;2;0.0;1;0.0;1.1666666666666667;3;0.05;0.25;2
100;8;0.08;1;0.08;1;0.16;1;0.0;0;0.0;1.0;4;0.05;0.25;2
100;8;0.08;2;0.08;1;0.16;2;0.0;2;0.0;1.3636363636363635;5;0.05;0.25;2
100;4;0.04;1;0.04;1;0.08;1;0.0;0;0.0;1.0;6;0.05;0.25;2
100;2;0.02;1;0.02;1;0.04;1;0.0;0;0.0;1.0;7;0.05;0.25;2
100;7;0.07;2;0.07;1;0.14;2;0.0;1;0.0;1.125;8;0.05;0.25;2
100;12;0.12;2;0.12;1;0.24;2;0.0;1;0.0;1.0769230769230769;9;0.05;0.25;2
100;11;0.11;2;0.11;2;0.22;2;0.75;4;0.75;1.0833333333333333;0;0.05;0.35;2
100;3;0.03;1;0.03;1;0.06;1;0.0;0;0.0;1.0;1;0.05;0.35;2
100;6;0.06;1;0.06;1;0.12;1;0.0;0;0.0;1.0;2;0.05;0.35;2
100;6;0.06;2;0.06;1;0.12;2;0.0;2;0.0;1.25;3;0.05;0.35;2
100;9;0.09;1;0.09;1;0.18;1;0.0;0;0.0;1.0;4;0.05;0.35;2
100;17;0.17;11;0.17;2;0.34;11;0.5045454545454545;4;0.05172413793103448;1.9146341463414633;5;0.05;0.35;2
100;4;0.04;1;0.04;1;0.08;1;0.0;0;0.0;1.0;6;0.05;0.35;2
100;2;0.02;1;0.02;1;0.04;1;0.0;0;0.0;1.0;7;0.05;0.35;2
100;7;0.07;2;0.07;1;0.14;2;0.0;1;0.0;1.125;8;0.05;0.35;2
100;12;0.12;2;0.12;1;0.24;2;0.0;1;0.0;1.0769230769230769;9;0.05;0.35;2
100;12;0.12;2;0.12;2;0.24;2;0.75;4;0.75;1.0769230769230769;0;0.05;0.45;2
100;4;0.04;1;0.04;1;0.08;1;0.0;0;0.0;1.0;1;0.05;0.45;2
100;9;0.09;2;0.09;1;0.18;2;0.0;1;0.0;1.1;2;0.05;0.45;2
100;7;0.07;3;0.07;1;0.14;3;0.0;2;0.0;1.3636363636363635;3;0.05;0.45;2
100;9;0.09;1;0.09;1;0.18;1;0.0;0;0.0;1.0;4;0.05;0.45;2
100;42;0.42;36;0.42;2;0.84;36;0.5718820861678005;7;0.009433962264150943;2.0403768506056528;5;0.05;0.45;2
100;5;0.05;1;0.05;1;0.1;1;0.0;0;0.0;1.0;6;0.05;0.45;2
100;2;0.02;1;0.02;1;0.04;1;0.0;0;0.0;1.0;7;0.05;0.45;2
100;7;0.07;2;0.07;1;0.14;2;0.0;1;0.0;1.125;8;0.05;0.45;2
100;13;0.13;2;0.13;1;0.26;2;0.0;1;0.0;1.0714285714285714;9;0.05;0.45;2
100;14;0.14;4;0.14;2;0.28;4;0.75;4;0.3333333333333333;1.3;0;0.05;0.55;2
100;6;0.06;1;0.06;1;0.12;1;0.0;0;0.0;1.0;1;0.05;0.55;2
100;10;0.1;2;0.1;1;0.2;2;0.0;2;0.0;1.1666666666666667;2;0.05;0.55;2
100;9;0.09;4;0.09;1;0.18;4;0.0;2;0.0;1.5;3;0.05;0.55;2
100;11;0.11;2;0.11;2;0.22;2;1.0;3;1.0;1.0;4;0.05;0.55;2
100;98;0.98;91;0.98;2;1.96;91;0.9048840048840049;14;0.0051094890510948905;1.9765886287625418;5;0.05;0.55;2
100;5;0.05;1;0.05;1;0.1;1;0.0;0;0.0;1.0;6;0.05;0.55;2
100;2;0.02;1;0.02;1;0.04;1;0.0;0;0.0;1.0;7;0.05;0.55;2
100;8;0.08;2;0.08;1;0.16;2;0.0;1;0.0;1.1111111111111112;8;0.05;0.55;2
100;15;0.15;2;0.15;1;0.3;2;0.0;2;0.0;1.1176470588235294;9;0.05;0.55;2
100;21;0.21;10;0.21;2;0.42;10;0.5;6;0.06;1.9885057471264367;0;0.05;0.65;2
100;7;0.07;1;0.07;1;0.14;1;0.0;0;0.0;1.0;1;0.05;0.65;2
100;11;0.11;3;0.11;1;0.22;3;0.0;2;0.0;1.2666666666666666;2;0.05;0.65;2
100;9;0.09;4;0.09;1;0.18;4;0.0;2;0.0;1.5;3;0.05;0.65;2
100;12;0.12;3;0.12;2;0.24;3;0.7777777777777777;3;0.6;1.1428571428571428;4;0.05;0.65;2
100;106;1.06;99;1.06;2;2.12;99;0.9048649762935478;14;0.004315659679408138;1.9785858585858587;5;0.05;0.65;2
100;9;0.09;1;0.09;1;0.18;1;0.0;0;0.0;1.0;6;0.05;0.65;2
100;2;0.02;1;0.02;1;0.04;1;0.0;0;0.0;1.0;7;0.05;0.65;2
100;10;0.1;2;0.1;1;0.2;2;0.0;2;0.0;1.1666666666666667;8;0.05;0.65;2
100;16;0.16;2;0.16;1;0.32;2;0.0;2;0.0;1.1111111111111112;9;0.05;0.65;2
100;39;0.39;26;0.39;2;0.78;26;0.7006153846153846;10;0.02694610778443114;2.031325301204819;0;0.05;0.75;2
100;9;0.09;1;0.09;1;0.18;1;0.0;0;0.0;1.0;1;0.05;0.75;2
100;12;0.12;3;0.12;2;0.24;3;0.5833333333333333;4;0.5;1.2;2;0.05;0.75;2
100;9;0.09;4;0.09;1;0.18;4;0.0;2;0.0;1.5;3;0.05;0.75;2
100;15;0.15;3;0.15;2;0.3;3;0.3333333333333333;7;0.3333333333333333;1.2105263157894737;4;0.05;0.75;2
100;109;1.09;99;1.09;2;2.18;99;0.8890034128129365;18;0.006155108740254411;1.977979797979798;5;0.05;0.75;2
100;10;0.1;1;0.1;1;0.2;1;0.0;0;0.0;1.0;6;0.05;0.75;2
100;6;0.06;1;0.06;1;0.12;1;0.0;0;0.0;1.0;7;0.05;0.75;2
100;11;0.11;3;0.11;1;0.22;3;0.0;2;0.0;1.2666666666666666;8;0.05;0.75;2
100;17;0.17;2;0.17;1;0.34;2;0.0;2;0.0;1.105263157894737;9;0.05;0.75;2
100;72;0.72;58;0.72;2;1.44;58;0.9446797069301608;18;0.01437125748502994;1.9580908032596043;0;0.05;0.85;2
100;10;0.1;1;0.1;1;0.2;1;0.0;0;0.0;1.0;1;0.05;0.85;2
100;14;0.14;3;0.14;2;0.28;3;0.5833333333333333;4;0.5;1.1764705882352942;2;0.05;0.85;2
100;13;0.13;5;0.13;2;0.26;5;0.525;4;0.16666666666666666;1.5357142857142858;3;0.05;0.85;2
100;19;0.19;5;0.19;2;0.38;5;0.680952380952381;7;0.4090909090909091;1.4375;4;0.05;0.85;2
100;117;1.17;99;1.17;3;2.34;99;0.8966796750047981;29;0.011018159559273618;1.9763636363636363;5;0.05;0.85;2
100;13;0.13;2;0.13;1;0.26;2;0.0;1;0.0;1.0714285714285714;6;0.05;0.85;2
100;7;0.07;2;0.07;1;0.14;2;0.0;1;0.0;1.125;7;0.05;0.85;2
100;11;0.11;3;0.11;1;0.22;3;0.0;2;0.0;1.2666666666666666;8;0.05;0.85;2
100;22;0.22;4;0.22;2;0.44;4;0.6428571428571429;7;0.42857142857142855;1.375;9;0.05;0.85;2
100;103;1.03;89;1.03;2;2.06;89;0.9584397344228804;24;0.008377760853008377;1.9743078074332752;0;0.05;0.95;2
100;17;0.17;4;0.17;2;0.34;4;0.0;6;0.0;1.59375;1;0.05;0.95;2
100;15;0.15;3;0.15;2;0.3;3;0.4666666666666666;5;0.42857142857142855;1.2105263157894737;2;0.05;0.95;2
100;18;0.18;5;0.18;2;0.36;5;0.7333333333333333;8;0.32142857142857145;1.5;3;0.05;0.95;2
100;25;0.25;8;0.25;3;0.5;8;0.7571428571428571;10;0.375;1.7096774193548387;4;0.05;0.95;2
100;120;1.2;99;1.2;3;2.4;99;0.9027285845467663;33;0.01282051282051282;1.9757575757575758;5;0.05;0.95;2
100;20;0.2;6;0.2;2;0.4;6;0.3444444444444444;6;0.15;1.5;6;0.05;0.95;2
100;11;0.11;2;0.11;1;0.22;2;0.0;2;0.0;1.1538461538461537;7;0.05;0.95;2
100;16;0.16;4;0.16;2;0.32;4;0.5416666666666667;4;0.3333333333333333;1.2727272727272727;8;0.05;0.95;2
100;26;0.26;7;0.26;2;0.52;7;0.566137566137566;9;0.2727272727272727;1.5294117647058822;9;0.05;0.95;2
100;30;0.3;2;0.3;3;0.6;3;0.4848484848484848;11;0.4;1.3170731707317074;0;0.25;0.05;2
100;26;0.26;2;0.26;2;0.52;3;0.25925925925925924;9;0.2727272727272727;1.2857142857142858;1;0.25;0.05;2
100;28;0.28;2;0.28;2;0.56;3;0.375;8;0.25;1.4146341463414633;2;0.25;0.05;2
100;19;0.19;3;0.19;2;0.38;4;0.5740740740740741;9;0.375;1.6285714285714286;3;0.25;0.05;2
100;19;0.19;3;0.19;1;0.38;3;0.0;4;0.0;1.4137931034482758;4;0.25;0.05;2
100;22;0.22;3;0.22;2;0.44;3;0.5925925925925926;9;0.5454545454545454;1.25;5;0.25;0.05;2
100;17;0.17;2;0.17;2;0.34;2;0.0;3;0.0;1.2380952380952381;6;0.25;0.05;2
100;17;0.17;2;0.17;2;0.34;2;0.42857142857142855;7;0.42857142857142855;1.1904761904761905;7;0.25;0.05;2
100;29;0.29;3;0.29;2;0.58;3;0.42424242424242425;11;0.4;1.236842105263158;8;0.25;0.05;2
100;32;0.32;3;0.32;2;0.64;3;0.7619047619047619;14;0.6666666666666666;1.25;9;0.25;0.05;2
100;31;0.31;2;0.31;3;0.62;3;0.4444444444444444;12;0.375;1.3255813953488371;0;0.25;0.15;2
100;30;0.3;3;0.3;2;0.6;3;0.07692307692307693;13;0.15789473684210525;2.0757575757575757;1;0.25;0.15;2
100;33;0.33;3;0.33;2;0.66;4;0.2948717948717948;13;0.25;1.6166666666666667;2;0.25;0.15;2
100;22;0.22;4;0.22;2;0.44;5;0.6151515151515151;11;0.375;1.9;3;0.25;0.15;2
100;20;0.2;3;0.2;1;0.4;4;0.0;4;0.0;1.5;4;0.25;0.15;2
100;30;0.3;5;0.3;2;0.6;5;0.5547619047619048;14;0.41379310344827586;2.029850746268657;5;0.25;0.15;2
100;21;0.21;2;0.21;2;0.42;2;0.0;6;0.0;1.4333333333333333;6;0.25;0.15;2
100;19;0.19;2;0.19;2;0.38;3;0.375;8;0.3;1.2692307692307692;7;0.25;0.15;2
100;31;0.31;3;0.31;2;0.62;3;0.47222222222222215;12;0.5;1.205128205128205;8;0.25;0.15;2
100;33;0.33;3;0.33;2;0.66;3;0.8541666666666666;16;0.75;1.225;9;0.25;0.15;2
100;31;0.31;2;0.31;3;0.62;3;0.4444444444444444;12;0.375;1.3255813953488371;0;0.25;0.25;2
100;31;0.31;3;0.31;2;0.62;3;0.07692307692307693;13;0.14285714285714285;2.1866666666666665;1;0.25;0.25;2
100;36;0.36;4;0.36;2;0.72;4;0.4555555555555556;15;0.36363636363636365;1.5909090909090908;2;0.25;0.25;2
100;24;0.24;4;0.24;2;0.48;5;0.6;11;0.3333333333333333;1.9666666666666666;3;0.25;0.25;2
100;26;0.26;4;0.26;3;0.52;5;0.6259259259259259;9;0.5357142857142857;1.3333333333333333;4;0.25;0.25;2
100;46;0.46;17;0.46;3;0.92;17;0.6025735294117647;20;0.17142857142857143;2.2508474576271187;5;0.25;0.25;2
100;25;0.25;3;0.25;2;0.5;3;0.25925925925925924;9;0.2727272727272727;1.3888888888888888;6;0.25;0.25;2
100;27;0.27;2;0.27;2;0.54;3;0.3;10;0.25;1.3421052631578947;7;0.25;0.25;2
100;33;0.33;3;0.33;2;0.66;3;0.619047619047619;14;0.6;1.175;8;0.25;0.25;2
100;36;0.36;4;0.36;2;0.72;4;0.7941176470588235;17;0.625;1.2765957446808511;9;0.25;0.25;2
100;37;0.37;6;0.37;3;0.74;6;0.6518518518518518;18;0.38461538461538464;1.5151515151515151;0;0.25;0.35;2
100;38;0.38;4;0.38;3;0.76;5;0.49607843137254903;17;0.36585365853658536;2.056179775280899;1;0.25;0.35;2
100;40;0.4;5;0.4;2;0.8;5;0.5017543859649123;19;0.3409090909090909;1.7294117647058824;2;0.25;0.35;2
100;29;0.29;5;0.29;2;0.58;6;0.5416666666666666;12;0.24324324324324326;2.058139534883721;3;0.25;0.35;2
100;30;0.3;4;0.3;3;0.6;5;0.5121212121212121;11;0.5;1.3695652173913044;4;0.25;0.35;2
100;80;0.8;47;0.8;3;1.6;47;0.678301983759893;30;0.057391304347826085;2.3387755102040817;5;0.25;0.35;2
100;29;0.29;3;0.29;2;0.58;3;0.4444444444444445;12;0.375;1.380952380952381;6;0.25;0.35;2
100;30;0.3;2;0.3;2;0.6;3;0.25;12;0.21428571428571427;1.3488372093023255;7;0.25;0.35;2
100;39;0.39;4;0.39;2;0.78;4;0.5166666666666666;20;0.5294117647058824;1.3018867924528301;8;0.25;0.35;2
100;38;0.38;4;0.38;2;0.76;4;0.775;20;0.6;1.3584905660377358;9;0.25;0.35;2
100;47;0.47;15;0.47;3;0.94;15;0.5660455486542444;23;0.13043478260869565;2.501639344262295;0;0.25;0.45;2
100;48;0.48;5;0.48;3;0.96;5;0.43809523809523804;21;0.28378378378378377;2.1267605633802815;1;0.25;0.45;2
100;41;0.41;5;0.41;2;0.82;5;0.5017543859649123;19;0.3409090909090909;1.7209302325581395;2;0.25;0.45;2
100;34;0.34;6;0.34;2;0.68;7;0.6036630036630036;13;0.23529411764705882;1.9807692307692308;3;0.25;0.45;2
100;31;0.31;4;0.31;3;0.62;5;0.4333333333333333;13;0.46875;1.42;4;0.25;0.45;2
100;142;1.42;99;1.42;4;2.84;99;0.9076796219653361;52;0.03184458241538153;1.9713131313131314;5;0.25;0.45;2
100;35;0.35;4;0.35;2;0.7;4;0.47368421052631576;19;0.36363636363636365;1.9066666666666667;6;0.25;0.45;2
100;35;0.35;4;0.35;2;0.7;4;0.28888888888888886;15;0.2222222222222222;1.6307692307692307;7;0.25;0.45;2
100;42;0.42;4;0.42;2;0.84;4;0.47619047619047616;21;0.45;1.8333333333333333;8;0.25;0.45;2
100;47;0.47;5;0.47;2;0.94;5;0.7128205128205127;26;0.5294117647058824;1.5324675324675325;9;0.25;0.45;2
100;69;0.69;34;0.69;3;1.38;34;0.5897950089126559;28;0.06382978723404255;2.268018018018018;0;0.25;0.55;2
100;56;0.56;7;0.56;4;1.12;7;0.535515873015873;24;0.4247787610619469;2.1578947368421053;1;0.25;0.55;2
100;50;0.5;6;0.5;2;1.0;6;0.6069444444444444;24;0.38028169014084506;1.613861386138614;2;0.25;0.55;2
100;37;0.37;6;0.37;2;0.74;7;0.7231746031746032;15;0.25862068965517243;1.991304347826087;3;0.25;0.55;2
100;41;0.41;9;0.41;3;0.82;9;0.3637037037037037;15;0.25609756097560976;2.1066666666666665;4;0.25;0.55;2
100;148;1.48;99;1.48;4;2.96;99;0.9005651755651755;60;0.035329341317365266;1.9701010101010101;5;0.25;0.55;2
100;42;0.42;6;0.42;2;0.84;6;0.5472222222222222;24;0.3673469387755102;1.90625;6;0.25;0.55;2
100;38;0.38;4;0.38;2;0.76;4;0.3431372549019608;17;0.2727272727272727;1.6388888888888888;7;0.25;0.55;2
100;46;0.46;4;0.46;2;0.92;5;0.41111111111111115;24;0.3673469387755102;1.9175257731958764;8;0.25;0.55;2
100;53;0.53;6;0.53;2;1.06;6;0.6666666666666666;30;0.4166666666666667;1.625;9;0.25;0.55;2
100;108;1.08;65;1.08;4;2.16;65;0.8162041083916084;44;0.04940530649588289;2.065351418002466;0;0.25;0.65;2
100;66;0.66;8;0.66;4;1.32;8;0.5484639016897082;31;0.3958333333333333;2.209090909090909;1;0.25;0.65;2
100;57;0.57;7;0.57;3;1.14;7;0.5595238095238095;26;0.3870967741935484;1.7109375;2;0.25;0.65;2
100;43;0.43;10;0.43;2;0.86;10;0.7511204481792717;17;0.18556701030927836;2.136842105263158;3;0.25;0.65;2
100;49;0.49;14;0.49;3;0.98;14;0.38274725274725274;20;0.23376623376623376;2.189516129032258;4;0.25;0.65;2
100;153;1.53;99;1.53;5;3.06;99;0.8986649782568149;63;0.039936419630439104;1.969090909090909;5;0.25;0.65;2
100;50;0.5;9;0.5;2;1.0;9;0.7557471264367815;29;0.36585365853658536;1.7413793103448276;6;0.25;0.65;2
100;42;0.42;4;0.42;2;0.84;4;0.4416666666666666;20;0.3333333333333333;1.7804878048780488;7;0.25;0.65;2
100;54;0.54;4;0.54;3;1.08;5;0.47261904761904766;28;0.44776119402985076;1.8392857142857142;8;0.25;0.65;2
100;60;0.6;7;0.6;3;1.2;7;0.6515151515151515;33;0.41935483870967744;1.6311475409836065;9;0.25;0.65;2
100;139;1.39;93;1.39;4;2.78;93;0.9062348591100344;55;0.03461538461538462;2.0279209621993126;0;0.25;0.75;2
100;78;0.78;9;0.78;4;1.56;9;0.529810298102981;41;0.3979591836734694;2.9258241758241756;1;0.25;0.75;2
100;64;0.64;7;0.64;3;1.28;7;0.6026113671274962;31;0.358974358974359;2.0725388601036268;2;0.25;0.75;2
100;56;0.56;13;0.56;2;1.12;13;0.5341441167528124;23;0.1340782122905028;2.435828877005348;3;0.25;0.75;2
100;62;0.62;22;0.62;4;1.24;22;0.6045367965367966;25;0.22153846153846155;1.9515669515669516;4;0.25;0.75;2
100;163;1.63;99;1.63;5;3.26;99;0.8823513155811291;69;0.046488819144762654;1.967070707070707;5;0.25;0.75;2
100;61;0.61;12;0.61;3;1.22;12;0.71544477028348;31;0.31690140845070425;1.879120879120879;6;0.25;0.75;2
100;47;0.47;4;0.47;2;0.94;5;0.5346666666666667;25;0.3829787234042553;1.824742268041237;7;0.25;0.75;2
100;63;0.63;6;0.63;3;1.26;6;0.5504761904761905;35;0.44554455445544555;2.0;8;0.25;0.75;2
100;72;0.72;11;0.72;3;1.44;11;0.6731390560658854;41;0.32075471698113206;2.9533527696793005;9;0.25;0.75;2
100;149;1.49;99;1.49;4;2.98;99;0.9029995562683214;59;0.036505086774386596;1.9698989898989898;0;0.25;0.85;2
100;90;0.9;11;0.9;4;1.8;11;0.532648709315376;45;0.3438735177865613;3.002061855670103;1;0.25;0.85;2
100;72;0.72;9;0.72;4;1.44;9;0.6213624338624338;36;0.3905325443786982;1.9532710280373833;2;0.25;0.85;2
100;72;0.72;17;0.72;3;1.44;17;0.6905990088343029;35;0.19626168224299065;2.6638655462184873;3;0.25;0.85;2
100;80;0.8;37;0.8;4;1.6;37;0.7463645463645463;33;0.1297709923664122;2.3956478733926807;4;0.25;0.85;2
100;170;1.7;99;1.7;5;3.4;99;0.8881361803980852;72;0.05169409486931268;1.9656565656565657;5;0.25;0.85;2
100;76;0.76;19;0.76;3;1.52;19;0.6766646345593714;37;0.2;2.051490514905149;6;0.25;0.85;2
100;54;0.54;5;0.54;2;1.08;6;0.6229885057471264;29;0.40298507462686567;1.724770642201835;7;0.25;0.85;2
100;71;0.71;9;0.71;3;1.42;9;0.5726495726495726;39;0.41911764705882354;2.028985507246377;8;0.25;0.85;2
100;79;0.79;13;0.79;3;1.58;13;0.640754638315614;41;0.2727272727272727;4.068017366136035;9;0.25;0.85;2
100;155;1.55;99;1.55;4;3.1;99;0.8956416847041846;64;0.04047619047619048;1.9686868686868686;0;0.25;0.95;2
100;106;1.06;12;1.06;4;2.12;12;0.5054192720859388;54;0.3162393162393162;3.9591121495327104;1;0.25;0.95;2
100;83;0.83;14;0.83;4;1.66;14;0.610658447243813;41;0.3170731707317073;2.090909090909091;2;0.25;0.95;2
100;87;0.87;23;0.87;4;1.74;23;0.7037429418407679;40;0.17953667953667954;2.6348808030112925;3;0.25;0.95;2
100;101;1.01;51;1.01;4;2.02;51;0.7698165933039882;42;0.0861344537815126;2.268957345971564;4;0.25;0.95;2
100;188;1.88;99;1.88;5;3.76;99;0.8814811521928118;80;0.06453423120089787;1.962020202020202;5;0.25;0.95;2
100;90;0.9;24;0.9;4;1.8;24;0.683502729154903;44;0.1848341232227488;3.717019133937563;6;0.25;0.95;2
100;66;0.66;7;0.66;3;1.32;8;0.6281084656084656;36;0.3333333333333333;1.8323353293413174;7;0.25;0.95;2
100;83;0.83;12;0.83;3;1.66;12;0.54958891237961;43;0.29333333333333333;4.526455026455026;8;0.25;0.95;2
100;113;1.13;29;1.13;4;2.26;29;0.7377010978699929;49;0.20619946091644206;2.7228070175438597;9;0.25;0.95;2
100;37;0.37;3;0.37;3;0.74;4;0.7222222222222221;15;0.75;1.1395348837209303;0;0.45;0.05;2
100;52;0.52;3;0.52;2;1.04;4;0.11538461538461539;26;0.11764705882352941;2.8274111675126905;1;0.45;0.05;2
100;56;0.56;5;0.56;3;1.12;5;0.5098765432098765;27;0.38028169014084506;1.654867256637168;2;0.45;0.05;2
100;44;0.44;5;0.44;3;0.88;5;0.5075757575757576;22;0.47368421052631576;2.206896551724138;3;0.45;0.05;2
100;34;0.34;4;0.34;3;0.68;5;0.6266666666666666;15;0.6;1.297872340425532;4;0.45;0.05;2
100;53;0.53;3;0.53;2;1.06;4;0.36666666666666664;30;0.32727272727272727;2.36734693877551;5;0.45;0.05;2
100;39;0.39;3;0.39;2;0.78;3;0.34848484848484845;22;0.32142857142857145;1.9625;6;0.45;0.05;2
100;42;0.42;5;0.42;2;0.84;6;0.4;22;0.3;1.5394736842105263;7;0.45;0.05;2
100;45;0.45;3;0.45;3;0.9;4;0.5652173913043478;23;0.5581395348837209;2.0568181818181817;8;0.45;0.05;2
100;46;0.46;4;0.46;2;0.92;4;0.48666666666666664;25;0.35714285714285715;1.6941176470588235;9;0.45;0.05;2
100;39;0.39;3;0.39;3;0.78;4;0.6770833333333333;16;0.7272727272727273;1.1521739130434783;0;0.45;0.15;2
100;61;0.61;4;0.61;3;1.22;5;0.4166666666666667;30;0.3870967741935484;2.5583756345177666;1;0.45;0.15;2
100;60;0.6;5;0.6;3;1.2;5;0.6422222222222224;30;0.45;1.605263157894737;2;0.45;0.15;2
100;45;0.45;5;0.45;3;0.9;6;0.5015151515151515;22;0.43548387096774194;2.2635658914728682;3;0.45;0.15;2
100;39;0.39;4;0.39;3;0.78;5;0.5587301587301587;21;0.5333333333333333;1.6470588235294117;4;0.45;0.15;2
100;66;0.66;10;0.66;3;1.32;10;0.4395424836601307;34;0.3;2.4559386973180075;5;0.45;0.15;2
100;44;0.44;3;0.44;2;0.88;3;0.5641025641025641;26;0.47368421052631576;1.9058823529411764;6;0.45;0.15;2
100;47;0.47;5;0.47;3;0.94;6;0.39305555555555555;24;0.33962264150943394;1.6;7;0.45;0.15;2
100;51;0.51;5;0.51;3;1.02;5;0.5822222222222222;30;0.532258064516129;2.0377358490566038;8;0.45;0.15;2
100;54;0.54;4;0.54;2;1.08;4;0.6236559139784947;31;0.5084745762711864;1.6701030927835052;9;0.45;0.15;2
100;46;0.46;5;0.46;3;0.92;5;0.5151515151515151;22;0.5660377358490566;1.564102564102564;0;0.45;0.25;2
100;71;0.71;5;0.71;3;1.42;5;0.4254901960784313;34;0.43548387096774194;2.5350877192982457;1;0.45;0.25;2
100;63;0.63;5;0.63;3;1.26;5;0.603030303030303;33;0.43820224719101125;1.6290322580645162;2;0.45;0.25;2
100;50;0.5;6;0.5;3;1.0;7;0.5134920634920634;24;0.375;2.2278481012658227;3;0.45;0.25;2
100;42;0.42;4;0.42;3;0.84;5;0.5434782608695652;23;0.5510204081632653;1.763157894736842;4;0.45;0.25;2
100;94;0.94;31;0.94;5;1.88;31;0.5054692244489694;43;0.18387096774193548;3.132836747361887;5;0.45;0.25;2
100;50;0.5;4;0.5;2;1.0;4;0.6494252873563218;29;0.4444444444444444;1.8584905660377358;6;0.45;0.25;2
100;52;0.52;5;0.52;3;1.04;6;0.40512820512820513;26;0.3333333333333333;1.5940594059405941;7;0.45;0.25;2
100;56;0.56;5;0.56;3;1.12;5;0.6156862745098038;34;0.5064935064935064;2.1578947368421053;8;0.45;0.25;2
100;60;0.6;5;0.6;2;1.2;5;0.6529411764705884;34;0.4931506849315068;1.8166666666666667;9;0.45;0.25;2
100;60;0.6;15;0.6;3;1.2;15;0.5205254515599342;29;0.23353293413173654;2.5543478260869565;0;0.45;0.35;2
100;81;0.81;7;0.81;4;1.62;8;0.508452380952381;40;0.4682080924855491;2.1346938775510202;1;0.45;0.35;2
100;72;0.72;6;0.72;3;1.44;7;0.5890604890604891;37;0.42857142857142855;1.6688311688311688;2;0.45;0.35;2
100;53;0.53;7;0.53;3;1.06;7;0.5641025641025641;26;0.391304347826087;2.0625;3;0.45;0.35;2
100;48;0.48;7;0.48;3;0.96;7;0.4613553113553114;26;0.4235294117647059;2.0808823529411766;4;0.45;0.35;2
100;145;1.45;76;1.45;5;2.9;76;0.7851809210526316;64;0.06729518855656696;2.200208822761681;5;0.45;0.35;2
100;54;0.54;4;0.54;2;1.08;5;0.6033333333333334;30;0.39344262295081966;2.1094890510948905;6;0.45;0.35;2
100;58;0.58;5;0.58;3;1.16;6;0.535632183908046;29;0.38028169014084506;1.6194690265486726;7;0.45;0.35;2
100;62;0.62;5;0.62;3;1.24;5;0.6383333333333333;40;0.5161290322580645;2.1027397260273974;8;0.45;0.35;2
100;65;0.65;7;0.65;3;1.3;7;0.6845238095238094;36;0.4945054945054945;1.7709923664122138;9;0.45;0.35;2
100;82;0.82;30;0.82;3;1.64;30;0.6096303199751476;37;0.12969924812030076;2.519756838905775;0;0.45;0.45;2
100;91;0.91;10;0.91;4;1.82;10;0.44221230158730157;48;0.3964757709251101;4.920710059171598;1;0.45;0.45;2
100;82;0.82;7;0.82;4;1.64;7;0.5897009966777409;43;0.48148148148148145;2.1312217194570136;2;0.45;0.45;2
100;60;0.6;7;0.6;3;1.2;8;0.5518707482993197;28;0.42105263157894735;2.011627906976744;3;0.45;0.45;2
100;55;0.55;10;0.55;3;1.1;10;0.45515873015873015;28;0.32231404958677684;2.2557077625570776;4;0.45;0.45;2
100;170;1.7;99;1.7;5;3.4;99;0.9019216816990472;77;0.05342465753424658;1.9656565656565657;5;0.45;0.45;2
100;61;0.61;7;0.61;2;1.22;7;0.691005291005291;36;0.42857142857142855;1.8741258741258742;6;0.45;0.45;2
100;64;0.64;6;0.64;3;1.28;7;0.4682072829131652;34;0.32967032967032966;1.7905405405405406;7;0.45;0.45;2
100;65;0.65;5;0.65;3;1.3;5;0.592063492063492;42;0.48484848484848486;2.201183431952663;8;0.45;0.45;2
100;75;0.75;8;0.75;3;1.5;8;0.6385382059800665;43;0.4225352112676056;2.5528169014084505;9;0.45;0.45;2
100;113;1.13;54;1.13;4;2.26;54;0.7473095737246681;49;0.0799492385786802;2.3876843018213356;0;0.45;0.55;2
100;106;1.06;10;1.06;4;2.12;10;0.46495956873315364;53;0.3858520900321543;4.661654135338346;1;0.45;0.55;2
100;89;0.89;7;0.89;4;1.78;7;0.6451874366767985;47;0.46153846153846156;2.1361867704280155;2;0.45;0.55;2
100;75;0.75;13;0.75;3;1.5;13;0.4842979242979243;35;0.2876712328767123;2.610978520286396;3;0.45;0.55;2
100;68;0.68;14;0.68;3;1.36;14;0.5176823176823176;33;0.2955665024630542;2.3285714285714287;4;0.45;0.55;2
100;177;1.77;99;1.77;5;3.54;99;0.8798212712869484;77;0.058686809994189425;1.9642424242424243;5;0.45;0.55;2
100;74;0.74;10;0.74;3;1.48;10;0.6195011337868481;42;0.379746835443038;1.939252336448598;6;0.45;0.55;2
100;67;0.67;6;0.67;3;1.34;7;0.5951093951093951;37;0.38235294117647056;1.7162162162162162;7;0.45;0.55;2
100;74;0.74;5;0.74;3;1.48;5;0.6594202898550724;46;0.5163934426229508;2.1176470588235294;8;0.45;0.55;2
100;88;0.88;11;0.88;3;1.76;11;0.6255308183879612;49;0.3696682464454976;2.772727272727273;9;0.45;0.55;2
100;155;1.55;90;1.55;4;3.1;90;0.8961714523512275;66;0.05541084537058963;2.0434490481522958;0;0.45;0.65;2
100;122;1.22;13;1.22;4;2.44;13;0.6005074160811866;61;0.3608490566037736;4.351605324980423;1;0.45;0.65;2
100;95;0.95;8;0.95;4;1.9;8;0.6475238095238095;50;0.4396551724137931;2.062043795620438;2;0.45;0.65;2
100;89;0.89;13;0.89;4;1.78;14;0.6067570727145196;47;0.3142857142857143;3.091614906832298;3;0.45;0.65;2
100;84;0.84;22;0.84;4;1.68;22;0.7054801259346714;44;0.29923273657289;1.9702970297029703;4;0.45;0.65;2
100;190;1.9;99;1.9;5;3.8;99;0.8846899328380812;81;0.07050796057619409;1.9616161616161616;5;0.45;0.65;2
100;87;0.87;16;0.87;3;1.74;16;0.7219873663751215;49;0.3023255813953488;2.0148367952522257;6;0.45;0.65;2
100;77;0.77;7;0.77;3;1.54;8;0.6066893424036282;42;0.3591549295774648;1.8112244897959184;7;0.45;0.65;2
100;85;0.85;9;0.85;3;1.7;9;0.670479302832244;51;0.45251396648044695;3.005194805194805;8;0.45;0.65;2
100;98;0.98;12;0.98;3;1.96;12;0.6297217457594817;53;0.37358490566037733;2.598752598752599;9;0.45;0.65;2
100;173;1.73;99;1.73;5;3.46;99;0.9036166964738394;74;0.05846813486649776;1.9650505050505052;0;0.45;0.75;2
100;139;1.39;13;1.39;4;2.78;13;0.6296802054154994;68;0.3743016759776536;5.551869158878505;1;0.45;0.75;2
100;107;1.07;13;1.07;4;2.14;13;0.590753096110239;56;0.36585365853658536;3.5704022988505746;2;0.45;0.75;2
100;105;1.05;20;1.05;5;2.1;20;0.6242923742923743;52;0.2578125;2.504854368932039;3;0.45;0.75;2
100;105;1.05;39;1.05;5;2.1;39;0.7221430272513863;51;0.17197452229299362;2.4699922057677317;4;0.45;0.75;2
100;206;2.06;99;2.06;5;4.12;99;0.893974932630395;85;0.08388520971302428;1.9583838383838383;5;0.45;0.75;2
100;106;1.06;21;1.06;4;2.12;21;0.6739795918367347;56;0.2695852534562212;3.0853816300129364;6;0.45;0.75;2
100;89;0.89;8;0.89;3;1.78;9;0.6294108669108669;52;0.36923076923076925;1.9098039215686275;7;0.45;0.75;2
100;105;1.05;12;1.05;3;2.1;12;0.7112359421883231;63;0.36774193548387096;4.491629955947136;8;0.45;0.75;2
100;126;1.26;19;1.26;4;2.52;19;0.6554896927077378;63;0.3076923076923077;2.9905579399141633;9;0.45;0.75;2
100;182;1.82;99;1.82;5;3.64;99;0.8971022547876076;79;0.06475236076315283;1.9632323232323232;0;0.45;0.85;2
100;167;1.67;15;1.67;5;3.34;16;0.644005994005994;76;0.3831417624521073;5.3761779117979644;1;0.45;0.85;2
100;129;1.29;17;1.29;4;2.58;17;0.5981460532931121;60;0.3800383877159309;4.293563579277865;2;0.45;0.85;2
100;129;1.29;27;1.29;6;2.58;27;0.7251045438726597;60;0.24483133841131666;2.3228133453561766;3;0.45;0.85;2
100;133;1.33;56;1.33;5;2.66;56;0.7637638287638288;60;0.1170973062122045;2.473643709118892;4;0.45;0.85;2
100;229;2.29;99;2.29;5;4.58;99;0.8844127652857765;88;0.10142163661581137;1.9537373737373738;5;0.45;0.85;2
100;128;1.28;29;1.28;5;2.56;29;0.7418237026611411;63;0.252;3.2196566015393726;6;0.45;0.85;2
100;105;1.05;10;1.05;5;2.1;10;0.6426482873851295;57;0.40594059405940597;2.753086419753086;7;0.45;0.85;2
100;119;1.19;14;1.19;4;2.38;14;0.6769486923333078;65;0.34324942791762014;4.8354818907305095;8;0.45;0.85;2
100;172;1.72;36;1.72;6;3.44;36;0.7429406850459482;74;0.2656023222060958;3.016767582673498;9;0.45;0.85;2
100;193;1.93;99;1.93;5;3.86;99;0.8823941553533391;84;0.07301768397033656;1.961010101010101;0;0.45;0.95;2
100;195;1.95;19;1.95;5;3.9;19;0.6111099174452002;81;0.3713784021071115;4.841418883672405;1;0.45;0.95;2
100;158;1.58;29;1.58;6;3.16;29;0.6184690134780879;74;0.2778884462151394;5.896157230859489;2;0.45;0.95;2
100;164;1.64;34;1.64;6;3.28;35;0.7883705092406169;67;0.20701754385964913;2.111111111111111;3;0.45;0.95;2
100;177;1.77;89;1.77;5;3.54;89;0.8554218054452137;72;0.07827291618563842;2.134020618556701;4;0.45;0.95;2
100;255;2.55;99;2.55;5;5.1;99;0.8768289972339677;94;0.11644925230671332;1.9484848484848485;5;0.45;0.95;2
100;157;1.57;40;1.57;6;3.14;40;0.7173286025398701;71;0.21461897356143078;2.9146341463414633;6;0.45;0.95;2
100;122;1.22;14;1.22;5;2.44;14;0.6581425518925519;64;0.3401360544217687;3.607355864811133;7;0.45;0.95;2
100;141;1.41;20;1.41;6;2.82;20;0.684259527022685;68;0.32664756446991405;4.407688656858092;8;0.45;0.95;2
100;200;2.0;49;2.0;6;4.0;49;0.6921448602114498;86;0.19399538106235567;3.6461504028648166;9;0.45;0.95;2
100;55;0.55;4;0.55;3;1.1;5;0.5256410256410257;26;0.609375;1.4651162790697674;0;0.65;0.05;2
100;80;0.8;6;0.8;3;1.6;7;0.3704318936877076;43;0.3825503355704698;3.082706766917293;1;0.65;0.05;2
100;71;0.71;5;0.71;3;1.42;6;0.5599999999999999;35;0.47107438016528924;1.6376811594202898;2;0.65;0.05;2
100;59;0.59;5;0.59;3;1.18;6;0.5354838709677419;31;0.5;2.0915032679738563;3;0.65;0.05;2
100;46;0.46;4;0.46;3;0.92;5;0.536231884057971;23;0.5357142857142857;1.6375;4;0.65;0.05;2
100;73;0.73;5;0.73;3;1.46;6;0.48174603174603176;42;0.4396551724137931;2.568093385214008;5;0.65;0.05;2
100;59;0.59;3;0.59;3;1.18;5;0.5252252252252252;37;0.4090909090909091;2.2119205298013247;6;0.65;0.05;2
100;63;0.63;5;0.63;3;1.26;6;0.46761904761904766;35;0.3448275862068966;1.7622377622377623;7;0.65;0.05;2
100;66;0.66;5;0.66;3;1.32;5;0.5566666666666666;40;0.5106382978723404;3.1709401709401708;8;0.65;0.05;2
100;69;0.69;4;0.69;3;1.38;4;0.5444444444444444;45;0.4482758620689655;2.0127388535031847;9;0.65;0.05;2
100;60;0.6;4;0.6;3;1.2;5;0.5;32;0.5833333333333334;1.5252525252525253;0;0.65;0.15;2
100;91;0.91;7;0.91;3;1.82;7;0.37069597069597077;52;0.3631578947368421;4.50615763546798;1;0.65;0.15;2
100;78;0.78;5;0.78;4;1.56;6;0.5097560975609756;41;0.46153846153846156;1.687116564417178;2;0.65;0.15;2
100;67;0.67;7;0.67;3;1.34;8;0.4847222222222222;36;0.4426229508196721;2.7713178294573644;3;0.65;0.15;2
100;54;0.54;4;0.54;3;1.08;5;0.4919540229885057;29;0.4936708860759494;2.007751937984496;4;0.65;0.15;2
100;89;0.89;14;0.89;4;1.78;14;0.6303418803418803;48;0.37349397590361444;3.2532637075718016;5;0.65;0.15;2
100;64;0.64;4;0.64;3;1.28;5;0.5666666666666667;38;0.4235294117647059;2.0246913580246915;6;0.65;0.15;2
100;70;0.7;5;0.7;3;1.4;6;0.4966666666666667;40;0.33962264150943394;1.901098901098901;7;0.65;0.15;2
100;70;0.7;5;0.7;3;1.4;5;0.5301587301587302;42;0.4752475247524752;3.221014492753623;8;0.65;0.15;2
100;77;0.77;7;0.77;3;1.54;7;0.5908649173955296;49;0.504;1.988826815642458;9;0.65;0.15;2
100;74;0.74;8;0.74;4;1.48;8;0.5907530454042081;43;0.4772727272727273;2.587121212121212;0;0.65;0.25;2
100;103;1.03;9;1.03;4;2.06;9;0.44652236652236643;55;0.3874538745387454;6.900460299194476;1;0.65;0.25;2
100;89;0.89;6;0.89;4;1.78;7;0.49951409135082603;49;0.4540540540540541;2.5809859154929575;2;0.65;0.25;2
100;72;0.72;7;0.72;4;1.44;8;0.48220551378446114;38;0.44680851063829785;2.6743295019157087;3;0.65;0.25;2
100;64;0.64;6;0.64;4;1.28;6;0.42828282828282827;33;0.4576271186440678;2.2814070351758793;4;0.65;0.25;2
100;118;1.18;37;1.18;5;2.36;37;0.6875488270225113;57;0.1897891231964484;2.8782722513089007;5;0.65;0.25;2
100;71;0.71;4;0.71;3;1.42;6;0.546031746031746;42;0.42857142857142855;2.068783068783069;6;0.65;0.25;2
100;73;0.73;6;0.73;3;1.46;7;0.5321995464852608;42;0.35;1.8783068783068784;7;0.65;0.25;2
100;77;0.77;5;0.77;3;1.54;5;0.5950354609929078;47;0.475;4.090909090909091;8;0.65;0.25;2
100;85;0.85;7;0.85;4;1.7;7;0.6836860670194004;54;0.5526315789473685;1.9696969696969697;9;0.65;0.25;2
100;92;0.92;23;0.92;4;1.84;23;0.6087450592885376;48;0.2076923076923077;2.889497716894977;0;0.65;0.35;2
100;119;1.19;10;1.19;4;2.38;10;0.5670818070818071;65;0.39316239316239315;7.104245640636846;1;0.65;0.35;2
100;100;1.0;7;1.0;4;2.0;8;0.6088235294117647;51;0.5176470588235295;2.193103448275862;2;0.65;0.35;2
100;81;0.81;8;0.81;4;1.62;8;0.4802489177489177;44;0.4011627906976744;3.2545045045045047;3;0.65;0.35;2
100;76;0.76;9;0.76;4;1.52;9;0.48603988603988596;39;0.40588235294117647;2.327814569536424;4;0.65;0.35;2
100;177;1.77;90;1.77;5;3.54;90;0.8543485426219035;79;0.07534562211981567;2.1009450171821307;5;0.65;0.35;2
100;81;0.81;6;0.81;3;1.62;7;0.5760912698412698;48;0.4315068493150685;2.167381974248927;6;0.65;0.35;2
100;77;0.77;6;0.77;3;1.54;7;0.5583850931677018;46;0.3609022556390977;1.9953051643192488;7;0.65;0.35;2
100;82;0.82;5;0.82;3;1.64;6;0.6306666666666666;50;0.46153846153846156;3.7704590818363273;8;0.65;0.35;2
100;98;0.98;9;0.98;4;1.96;9;0.6496598639455782;56;0.4533333333333333;2.817047817047817;9;0.65;0.35;2
100;113;1.13;39;1.13;4;2.26;39;0.660552824368614;56;0.13442622950819672;2.7447840853954393;0;0.65;0.45;2
100;133;1.33;10;1.33;4;2.66;10;0.6294817927170868;68;0.42761692650334077;6.992844974446338;1;0.65;0.45;2
100;108;1.08;7;1.08;4;2.16;8;0.5884038800705467;54;0.5408163265306123;2.3183098591549296;2;0.65;0.45;2
100;91;0.91;13;0.91;4;1.82;13;0.5740798883656026;49;0.375;2.7872340425531914;3;0.65;0.45;2
100;86;0.86;14;0.86;4;1.72;14;0.5265120065120065;45;0.3675889328063241;2.2764857881136953;4;0.65;0.45;2
100;193;1.93;99;1.93;5;3.86;99;0.8733964835010131;82;0.07344847219586259;1.961010101010101;5;0.65;0.45;2
100;95;0.95;11;0.95;4;1.9;11;0.6258782883782884;52;0.39344262295081966;2.184659090909091;6;0.65;0.45;2
100;88;0.88;7;0.88;3;1.76;8;0.619234360410831;51;0.39204545454545453;2.0955882352941178;7;0.65;0.45;2
100;94;0.94;6;0.94;3;1.88;6;0.680503144654088;53;0.4371859296482412;4.544624746450304;8;0.65;0.45;2
100;111;1.11;10;1.11;4;2.22;10;0.6662962962962963;60;0.43853820598006643;3.7552301255230125;9;0.65;0.45;2
100;157;1.57;73;1.57;5;3.14;73;0.7798494161314922;71;0.08656818962555823;2.440119760479042;0;0.65;0.55;2
100;156;1.56;13;1.56;4;3.12;13;0.6898371258371259;75;0.42452830188679247;5.9298245614035086;1;0.65;0.55;2
100;121;1.21;8;1.21;4;2.42;9;0.6028753577933906;61;0.5491803278688525;3.4335548172757475;2;0.65;0.55;2
100;107;1.07;14;1.07;5;2.14;14;0.5774191086691088;56;0.3542713567839196;3.0237154150197627;3;0.65;0.55;2
100;102;1.02;21;1.02;4;2.04;21;0.7283950617283951;54;0.3493150684931507;2.087866108786611;4;0.65;0.55;2
100;206;2.06;99;2.06;5;4.12;99;0.8806085637718291;84;0.08517350157728706;1.9583838383838383;5;0.65;0.55;2
100;111;1.11;16;1.11;4;2.22;16;0.6690476190476191;59;0.376;2.9183333333333334;6;0.65;0.55;2
100;98;0.98;7;0.98;4;1.96;8;0.6426020408163264;56;0.44541484716157204;2.19281045751634;7;0.65;0.55;2
100;106;1.06;8;1.06;3;2.12;8;0.6560755336617407;58;0.40148698884758366;4.427561837455831;8;0.65;0.55;2
100;124;1.24;13;1.24;4;2.48;13;0.6692270123039354;65;0.4119170984455959;3.517436380772856;9;0.65;0.55;2
100;189;1.89;98;1.89;5;3.78;98;0.87292370683796;81;0.071484375;1.9802020202020203;0;0.65;0.65;2
100;171;1.71;13;1.71;4;3.42;13;0.6949525097673246;81;0.4314516129032258;5.653282532239156;1;0.65;0.65;2
100;138;1.38;15;1.38;5;2.76;15;0.5984782893873803;66;0.45981308411214955;4.401746724890829;2;0.65;0.65;2
100;126;1.26;20;1.26;5;2.52;20;0.6711048298839497;61;0.3155339805825243;2.5073115860517436;3;0.65;0.65;2
100;126;1.26;36;1.26;5;2.52;36;0.6923028470647519;63;0.22006472491909385;2.562982005141388;4;0.65;0.65;2
100;221;2.21;99;2.21;5;4.42;99;0.8810069620134555;88;0.09759166067577282;1.9553535353535354;5;0.65;0.65;2
100;133;1.33;23;1.33;5;2.66;23;0.6727318397714818;68;0.31683168316831684;4.583530525319451;6;0.65;0.65;2
100;116;1.16;9;1.16;5;2.32;10;0.657532956685499;59;0.4550561797752809;3.3793103448275863;7;0.65;0.65;2
100;124;1.24;12;1.24;4;2.48;12;0.732869352869353;65;0.40268456375838924;4.122287968441815;8;0.65;0.65;2
100;153;1.53;20;1.53;5;3.06;20;0.7306635636710824;70;0.36535859269282817;2.895356442119032;9;0.65;0.65;2
100;203;2.03;99;2.03;5;4.06;99;0.8672107453808898;89;0.08037735849056604;1.958989898989899;0;0.65;0.75;2
100;200;2.0;16;2.0;5;4.0;17;0.6927534397597422;84;0.42938388625592416;5.08796532381438;1;0.65;0.75;2
100;161;1.61;18;1.61;5;3.22;18;0.5823217788568312;73;0.4140625;6.927927927927928;2;0.65;0.75;2
100;149;1.49;27;1.49;6;2.98;27;0.6725265475265474;64;0.29474708171206226;2.3933224755700326;3;0.65;0.75;2
100;154;1.54;51;1.54;5;3.08;51;0.7545896890553063;71;0.17077464788732394;2.5406471981057615;4;0.65;0.75;2
100;252;2.52;99;2.52;5;5.04;99;0.837808108183581;91;0.11743057878889261;1.949090909090909;5;0.65;0.75;2
100;162;1.62;32;1.62;6;3.24;32;0.6687639723930047;74;0.2962962962962963;3.0220683686715706;6;0.65;0.75;2
100;134;1.34;11;1.34;5;2.68;11;0.6570781342840165;68;0.42946058091286304;3.1414141414141414;7;0.65;0.75;2
100;139;1.39;14;1.39;5;2.78;14;0.7555270816140381;69;0.391304347826087;4.040906578220011;8;0.65;0.75;2
100;192;1.92;35;1.92;6;3.84;35;0.7386196803282716;80;0.3014256619144603;3.356792717086835;9;0.65;0.75;2
100;212;2.12;99;2.12;5;4.24;99;0.8580725855204187;89;0.08921933085501858;1.9571717171717171;0;0.65;0.85;2
100;231;2.31;21;2.31;5;4.62;21;0.6672452422532491;87;0.4043824701195219;4.031871494135645;1;0.65;0.85;2
100;190;1.9;32;1.9;6;3.8;32;0.6276910742243157;82;0.3237250554323725;4.3843797856049;2;0.65;0.85;2
100;186;1.86;34;1.86;6;3.72;35;0.7762477144830086;74;0.24616199047114876;2.178130511463845;3;0.65;0.85;2
100;199;1.99;84;1.99;5;3.98;84;0.8064239642552896;77;0.10893032384690873;2.185266388949792;4;0.65;0.85;2
100;287;2.87;99;2.87;6;5.74;99;0.8215473375001642;97;0.14034822104466313;1.942020202020202;5;0.65;0.85;2
100;195;1.95;44;1.95;6;3.9;44;0.6414007882569468;81;0.2339930151338766;3.2634344399331265;6;0.65;0.85;2
100;154;1.54;16;1.54;6;3.08;16;0.6505499005499006;74;0.4012158054711246;6.019798281658573;7;0.65;0.85;2
100;169;1.69;22;1.69;7;3.38;22;0.7155359255849452;72;0.3605911330049261;3.7093439363817096;8;0.65;0.85;2
100;229;2.29;47;2.29;6;4.58;47;0.7294450679002021;90;0.25577488450230995;3.868083315800547;9;0.65;0.85;2
100;235;2.35;99;2.35;5;4.7;99;0.8076990171460218;93;0.1038751345532831;1.9525252525252526;0;0.65;0.95;2
100;279;2.79;25;2.79;6;5.58;25;0.6223743459611178;93;0.36675461741424803;3.515151515151515;1;0.65;0.95;2
100;236;2.36;49;2.36;7;4.72;49;0.6874389396194669;87;0.26822392267418443;3.1829377519032693;2;0.65;0.95;2
100;223;2.23;43;2.23;6;4.46;43;0.7145360142621691;87;0.20765987350667603;2.962821948488242;3;0.65;0.95;2
100;236;2.36;99;2.36;6;4.72;99;0.8570271962934654;87;0.11319770474700053;1.9523232323232322;4;0.65;0.95;2
100;320;3.2;99;3.2;6;6.4;99;0.8121925264272077;99;0.15713698066639242;1.9353535353535354;5;0.65;0.95;2
100;238;2.38;62;2.38;7;4.76;62;0.6739813866823385;90;0.19436052366565962;2.6446484549932827;6;0.65;0.95;2
100;176;1.76;21;1.76;6;3.52;21;0.6705134527919338;79;0.3644251626898048;5.640968063872256;7;0.65;0.95;2
100;213;2.13;36;2.13;7;4.26;36;0.6938604902460324;83;0.2929184549356223;3.3537723273793656;8;0.65;0.95;2
100;288;2.88;71;2.88;7;5.76;71;0.7553917258905759;96;0.2039844088349935;2.679393939393939;9;0.65;0.95;2
100;71;0.71;4;0.71;3;1.42;5;0.5447154471544716;41;0.5151515151515151;1.861842105263158;0;0.85;0.05;2
100;110;1.1;7;1.1;4;2.2;8;0.41412958626073376;61;0.4105263157894737;6.644120707596254;1;0.85;0.05;2
100;98;0.98;5;0.98;4;1.96;7;0.5675070028011204;51;0.5512820512820513;3.0418848167539267;2;0.85;0.05;2
100;76;0.76;7;0.76;4;1.52;8;0.5842044134727061;41;0.4791666666666667;2.798611111111111;3;0.85;0.05;2
100;71;0.71;4;0.71;4;1.42;5;0.45284552845528453;41;0.48717948717948717;2.2822966507177034;4;0.85;0.05;2
100;93;0.93;6;0.93;4;1.86;8;0.5819480519480519;55;0.4221105527638191;2.6573604060913705;5;0.85;0.05;2
100;82;0.82;4;0.82;3;1.64;7;0.5319727891156463;49;0.4316546762589928;2.4296296296296296;6;0.85;0.05;2
100;81;0.81;6;0.81;4;1.62;7;0.5351190476190476;48;0.3624161073825503;2.8703071672354947;7;0.85;0.05;2
100;78;0.78;5;0.78;3;1.56;5;0.5311594202898551;46;0.42857142857142855;4.414754098360656;8;0.85;0.05;2
100;91;0.91;7;0.91;4;1.82;7;0.6604215456674472;61;0.5421686746987951;3.533123028391167;9;0.85;0.05;2
100;78;0.78;5;0.78;4;1.56;5;0.5575757575757575;44;0.4883720930232558;2.2832618025751072;0;0.85;0.15;2
100;125;1.25;9;1.25;4;2.5;9;0.5700900260601752;67;0.4217506631299735;7.074677786201668;1;0.85;0.15;2
100;112;1.12;7;1.12;4;2.24;8;0.5860655737704918;61;0.5526315789473685;3.3506493506493507;2;0.85;0.15;2
100;83;0.83;7;0.83;4;1.66;8;0.5652597402597404;44;0.47368421052631576;2.7249190938511325;3;0.85;0.15;2
100;78;0.78;5;0.78;4;1.56;6;0.542962962962963;45;0.4726027397260274;2.6777777777777776;4;0.85;0.15;2
100;110;1.1;19;1.1;5;2.2;19;0.595326858813701;56;0.33651551312649164;3.579679888656924;5;0.85;0.15;2
100;91;0.91;4;0.91;3;1.82;7;0.5459119496855346;53;0.42857142857142855;2.474006116207951;6;0.85;0.15;2
100;83;0.83;6;0.83;4;1.66;7;0.5265172735760971;51;0.36774193548387096;2.8532423208191124;7;0.85;0.15;2
100;84;0.84;6;0.84;3;1.68;6;0.610204081632653;49;0.4429530201342282;3.9885807504078303;8;0.85;0.15;2
100;98;0.98;8;0.98;4;1.96;8;0.6787250384024577;62;0.5560975609756098;3.436868686868687;9;0.85;0.15;2
100;90;0.9;14;0.9;4;1.8;14;0.5771170006464124;51;0.33191489361702126;3.5618729096989967;0;0.85;0.25;2
100;139;1.39;9;1.39;4;2.78;9;0.590833892242343;71;0.4267241379310345;7.234913793103448;1;0.85;0.25;2
100;122;1.22;7;1.22;4;2.44;8;0.6068783068783068;63;0.580110497237569;3.275310834813499;2;0.85;0.25;2
100;90;0.9;9;0.9;4;1.8;9;0.5767195767195767;48;0.42857142857142855;2.796208530805687;3;0.85;0.25;2
100;86;0.86;7;0.86;4;1.72;7;0.5885325558794946;49;0.4712041884816754;2.610271903323263;4;0.85;0.25;2
100;143;1.43;47;1.43;5;2.86;47;0.6698766469276579;70;0.15946137491141035;2.6879358437935843;5;0.85;0.25;2
100;101;1.01;5;1.01;4;2.02;8;0.5273809523809524;58;0.41333333333333333;3.4444444444444446;6;0.85;0.25;2
100;92;0.92;7;0.92;4;1.84;8;0.6081385281385281;55;0.38071065989847713;3.4814814814814814;7;0.85;0.25;2
100;92;0.92;6;0.92;3;1.84;7;0.6664021164021164;54;0.44505494505494503;4.279393173198483;8;0.85;0.25;2
100;114;1.14;9;1.14;4;2.28;10;0.6843467643467643;65;0.4934210526315789;3.7453347969264543;9;0.85;0.25;2
100;114;1.14;29;1.14;5;2.28;29;0.6968089764641489;60;0.21568627450980393;3.033816425120773;0;0.85;0.35;2
100;153;1.53;10;1.53;4;3.06;10;0.6225079365079365;75;0.4388984509466437;5.908981676179033;1;0.85;0.35;2
100;131;1.31;7;1.31;4;2.62;8;0.5812454212454212;65;0.5685785536159601;4.414860681114551;2;0.85;0.35;2
100;102;1.02;12;1.02;5;2.04;12;0.5784368409368409;52;0.4131147540983607;3.0402097902097904;3;0.85;0.35;2
100;97;0.97;12;0.97;4;1.94;12;0.574025974025974;56;0.39923954372623577;2.761627906976744;4;0.85;0.35;2
100;206;2.06;97;2.06;5;4.12;97;0.8431631396701136;85;0.08804788569221858;1.9771181199752628;5;0.85;0.35;2
100;116;1.16;9;1.16;4;2.32;9;0.5473214285714285;64;0.4177215189873418;3.4226666666666667;6;0.85;0.35;2
100;103;1.03;7;1.03;4;2.06;8;0.6032430213464697;58;0.43359375;3.40702479338843;7;0.85;0.35;2
100;106;1.06;6;1.06;4;2.12;7;0.6442857142857142;60;0.4302788844621514;4.485488126649076;8;0.85;0.35;2
100;125;1.25;10;1.25;4;2.5;11;0.6744370108006472;66;0.4453125;3.6335174953959486;9;0.85;0.35;2
100;144;1.44;51;1.44;5;2.88;51;0.7291676670668268;70;0.12892880051314945;2.87616191904048;0;0.85;0.45;2
100;168;1.68;12;1.68;4;3.36;12;0.6320399764844209;81;0.42302158273381296;5.538923869490556;1;0.85;0.45;2
100;146;1.46;8;1.46;5;2.92;9;0.63003848003848;66;0.5486381322957199;6.754385964912281;2;0.85;0.45;2
100;112;1.12;14;1.12;5;2.24;14;0.6057053065981636;56;0.3975;3.2503293807641636;3;0.85;0.45;2
100;109;1.09;16;1.09;5;2.18;16;0.6340597255851493;59;0.4101876675603217;2.5796847635726796;4;0.85;0.45;2
100;218;2.18;99;2.18;5;4.36;99;0.8480397879274284;89;0.09282314170633467;1.955959595959596;5;0.85;0.45;2
100;130;1.3;14;1.3;5;2.6;14;0.5895730086906559;68;0.3972602739726027;5.879318734793188;6;0.85;0.45;2
100;116;1.16;9;1.16;5;2.32;10;0.6755026455026455;60;0.5273775216138329;3.1633858267716537;7;0.85;0.45;2
100;121;1.21;8;1.21;4;2.42;9;0.5904639804639804;65;0.4083333333333333;4.491228070175438;8;0.85;0.45;2
100;142;1.42;14;1.42;4;2.84;14;0.6929846344132058;70;0.4411764705882353;3.3931691818903893;9;0.85;0.45;2
100;193;1.93;87;1.93;5;3.86;87;0.8218521928244541;83;0.0895843287147635;2.125;0;0.85;0.55;2
100;189;1.89;13;1.89;4;3.78;13;0.6651621048172772;87;0.42758620689655175;5.162176580421446;1;0.85;0.55;2
100;157;1.57;11;1.57;5;3.14;12;0.6479097093382808;70;0.5160771704180064;5.926760563380282;2;0.85;0.55;2
100;128;1.28;19;1.28;5;2.56;19;0.6608146048180562;61;0.34102141680395387;2.88;3;0.85;0.55;2
100;134;1.34;28;1.34;5;2.68;28;0.6595503352856293;68;0.29605263157894735;2.895847994370162;4;0.85;0.55;2
100;242;2.42;99;2.42;6;4.84;99;0.8262305416544033;91;0.11332633788037776;1.951111111111111;5;0.85;0.55;2
100;154;1.54;21;1.54;5;3.08;21;0.6218776106934002;76;0.3605150214592275;5.061162079510703;6;0.85;0.55;2
100;132;1.32;9;1.32;6;2.64;10;0.6917027417027417;66;0.5206073752711496;3.0621387283236996;7;0.85;0.55;2
100;138;1.38;12;1.38;5;2.76;12;0.663871592638716;73;0.41846758349705304;4.231769361221029;8;0.85;0.55;2
100;165;1.65;18;1.65;5;3.3;18;0.6955930397106868;74;0.41796875;3.1008557457212715;9;0.85;0.55;2
100;214;2.14;99;2.14;5;4.28;99;0.8318964698579466;89;0.0876605248464545;1.9567676767676767;0;0.85;0.65;2
100;223;2.23;15;2.23;5;4.46;17;0.6716450748341033;89;0.4278996865203762;4.784776902887139;1;0.85;0.65;2
100;185;1.85;18;1.85;7;3.7;18;0.6616183685595449;75;0.4735202492211838;5.488141699189432;2;0.85;0.65;2
100;153;1.53;23;1.53;5;3.06;23;0.6482018055140584;66;0.32292787944025836;4.627563576702215;3;0.85;0.65;2
100;173;1.73;47;1.73;5;3.46;47;0.7061062813612536;80;0.216626213592233;4.230180426462548;4;0.85;0.65;2
100;277;2.77;99;2.77;6;5.54;99;0.8105004493542329;94;0.1433628318584071;1.944040404040404;5;0.85;0.65;2
100;185;1.85;30;1.85;7;3.7;30;0.6598006650346552;84;0.33564614050303554;3.8047486033519555;6;0.85;0.65;2
100;152;1.52;11;1.52;6;3.04;11;0.7311413002202476;76;0.4890756302521008;3.3575025176233635;7;0.85;0.65;2
100;150;1.5;13;1.5;5;3.0;13;0.6869717689717689;75;0.4182692307692308;4.076638477801269;8;0.85;0.65;2
100;199;1.99;31;1.99;6;3.98;31;0.6916623657102909;80;0.35434782608695653;3.528294573643411;9;0.85;0.65;2
100;231;2.31;99;2.31;5;4.62;99;0.8117930822012456;91;0.10177793904208998;1.9533333333333334;0;0.85;0.75;2
100;258;2.58;21;2.58;5;5.16;21;0.6791583870015243;90;0.4084199015855659;3.6423067943030585;1;0.85;0.75;2
100;208;2.08;27;2.08;7;4.16;27;0.7011454854828348;83;0.4004329004329004;3.6787445776983922;2;0.85;0.75;2
100;198;1.98;33;1.98;6;3.96;34;0.7300749752505814;77;0.2789585547290117;3.7076631977294228;3;0.85;0.75;2
100;197;1.97;65;1.97;6;3.94;65;0.7598877277341134;83;0.16466739367502725;2.7958940081164956;4;0.85;0.75;2
100;309;3.09;99;3.09;8;6.18;99;0.811274217966935;97;0.1667403803626714;1.9375757575757575;5;0.85;0.75;2
100;216;2.16;40;2.16;7;4.32;40;0.6853521634420511;89;0.3003432494279176;3.230193970553868;6;0.85;0.75;2
100;170;1.7;16;1.7;6;3.4;16;0.7197754329004329;80;0.4501940491591203;5.259051885031728;7;0.85;0.75;2
100;188;1.88;20;1.88;6;3.76;20;0.6910158842705283;80;0.3733567046450482;4.109303039607;8;0.85;0.75;2
100;240;2.4;44;2.4;6;4.8;44;0.7550981409197611;91;0.2960776043863349;3.6600042078687145;9;0.85;0.75;2
100;253;2.53;99;2.53;5;5.06;99;0.8019741661846925;95;0.11935089862153202;1.948888888888889;0;0.85;0.85;2
100;305;3.05;24;3.05;7;6.1;24;0.6622674754502511;94;0.39731285988483683;3.4313131313131313;1;0.85;0.85;2
100;260;2.6;45;2.6;8;5.2;45;0.7024928515236002;88;0.3285603715170279;3.1301266910027916;2;0.85;0.85;2
100;233;2.33;38;2.33;6;4.66;39;0.7185173727504816;85;0.26137239784117194;3.251519401589528;3;0.85;0.85;2
100;243;2.43;91;2.43;6;4.86;91;0.7750970266345785;89;0.13217938630999213;2.1062626262626263;4;0.85;0.85;2
100;349;3.49;99;3.49;8;6.98;99;0.8135349224197846;99;0.18950247460276112;1.9294949494949496;5;0.85;0.85;2
100;260;2.6;58;2.6;7;5.2;58;0.6972790383434714;92;0.2415506958250497;2.6330049261083746;6;0.85;0.85;2
100;196;1.96;22;1.96;6;3.92;22;0.7063671268490546;83;0.4074749316317229;5.229456230187759;7;0.85;0.85;2
100;227;2.27;32;2.27;7;4.54;32;0.7105155258830013;87;0.33263925039042164;3.1785049215216814;8;0.85;0.85;2
100;293;2.93;61;2.93;7;5.86;61;0.7772018329932739;97;0.24232981783317353;2.773131313131313;9;0.85;0.85;2
100;276;2.76;99;2.76;6;5.52;99;0.784482201000058;96;0.13773458445040215;1.9442424242424243;0;0.85;0.95;2
100;382;3.82;36;3.82;7;7.64;36;0.6356116811600669;98;0.3465045592705167;2.8636363636363638;1;0.85;0.95;2
100;313;3.13;63;3.13;8;6.26;63;0.7036737062492942;94;0.2800376205031742;2.6222222222222222;2;0.85;0.95;2
100;310;3.1;64;3.1;7;6.2;64;0.7491805529887423;95;0.19285329502603699;2.3993939393939394;3;0.85;0.95;2
100;277;2.77;99;2.77;7;5.54;99;0.7994124967307283;92;0.14255899823406645;1.944040404040404;4;0.85;0.95;2
100;390;3.9;99;3.9;8;7.8;99;0.7988499596757005;100;0.20198153569015986;1.9212121212121211;5;0.85;0.95;2
100;321;3.21;82;3.21;8;6.42;82;0.7199555731646275;97;0.21684053651266766;2.2119150690579263;6;0.85;0.95;2
100;224;2.24;23;2.24;7;4.48;23;0.6907738410736911;87;0.3968368080517613;4.242403472698195;7;0.85;0.95;2
100;294;2.94;52;2.94;9;5.88;52;0.7152401380223354;95;0.2909967845659164;2.788344203660846;8;0.85;0.95;2
100;341;3.41;83;3.41;7;6.82;83;0.8217766795406934;98;0.21615820941284686;2.1806060606060607;9;0.85;0.95;2
100;80;0.8;5;0.8;5;1.6;6;0.5311594202898551;46;0.4888888888888889;2.3786008230452675;0;1.05;0.05;2
100;137;1.37;9;1.37;4;2.74;9;0.5697052154195011;70;0.4276018099547511;5.781126659490492;1;1.05;0.05;2
100;126;1.26;7;1.26;4;2.52;8;0.6250360750360751;66;0.5824468085106383;4.059259259259259;2;1.05;0.05;2
100;93;0.93;7;0.93;4;1.86;8;0.4975274725274726;52;0.42857142857142855;3.881625441696113;3;1.05;0.05;2
100;86;0.86;5;0.86;4;1.72;6;0.545578231292517;49;0.4827586206896552;2.8048780487804876;4;1.05;0.05;2
100;108;1.08;6;1.08;4;2.16;9;0.5359410430839003;63;0.44015444015444016;3.4787798408488064;5;1.05;0.05;2
100;105;1.05;6;1.05;4;2.1;7;0.5551587301587301;60;0.45132743362831856;2.834070796460177;6;1.05;0.05;2
100;93;0.93;6;0.93;4;1.86;7;0.5741991341991342;55;0.4158415841584158;3.7681498829039812;7;1.05;0.05;2
100;94;0.94;6;0.94;3;1.88;7;0.6151675485008818;54;0.4307692307692308;4.408725602755453;8;1.05;0.05;2
100;111;1.11;8;1.11;4;2.22;9;0.7352991452991453;65;0.5912408759124088;3.1885856079404467;9;1.05;0.05;2
100;90;0.9;8;0.9;5;1.8;8;0.5824463118580766;51;0.4262295081967213;2.7403846153846154;0;1.05;0.15;2
100;147;1.47;9;1.47;4;2.94;10;0.5838293650793651;72;0.43021032504780116;5.8807449684589965;1;1.05;0.15;2
100;135;1.35;7;1.35;4;2.7;8;0.6116204690831556;67;0.5875576036866359;6.913730255164034;2;1.05;0.15;2
100;101;1.01;8;1.01;4;2.02;8;0.49948979591836734;56;0.401673640167364;4.072010869565218;3;1.05;0.15;2
100;95;0.95;7;0.95;4;1.9;7;0.5537414965986395;56;0.4700460829493088;2.743781094527363;4;1.05;0.15;2
100;136;1.36;22;1.36;5;2.72;22;0.621513453866395;68;0.3538205980066445;3.4111048794167136;5;1.05;0.15;2
100;117;1.17;6;1.17;5;2.34;9;0.5469406041986686;62;0.4533762057877814;4.371069182389937;6;1.05;0.15;2
100;102;1.02;7;1.02;4;2.04;8;0.5588972431077694;57;0.42323651452282157;3.4526315789473685;7;1.05;0.15;2
100;99;0.99;6;0.99;3;1.98;7;0.6044277360066833;57;0.42452830188679247;4.2956521739130435;8;1.05;0.15;2
100;125;1.25;9;1.25;4;2.5;10;0.6951418951418952;66;0.525;3.5808736717827627;9;1.05;0.15;2
100;112;1.12;20;1.12;5;2.24;20;0.5496980155306298;61;0.2512315270935961;3.4221813725490198;0;1.05;0.25;2
100;165;1.65;10;1.65;4;3.3;10;0.6241959064327486;76;0.445635528330781;5.492558672009158;1;1.05;0.25;2
100;145;1.45;7;1.45;5;2.9;8;0.6285714285714286;67;0.5785288270377733;6.717032967032967;2;1.05;0.25;2
100;106;1.06;10;1.06;5;2.12;10;0.5378585352269563;57;0.42105263157894735;6.1007067137809186;3;1.05;0.25;2
100;103;1.03;9;1.03;5;2.06;9;0.5481216931216931;60;0.4453125;2.694736842105263;4;1.05;0.25;2
100;178;1.78;55;1.78;6;3.56;55;0.6808258177008177;80;0.17682317682317683;3.0139524245196707;5;1.05;0.25;2
100;128;1.28;9;1.28;5;2.56;11;0.5402719502719503;65;0.44776119402985076;4.015799256505576;6;1.05;0.25;2
100;113;1.13;8;1.13;5;2.26;9;0.6038658474142344;62;0.5110410094637224;3.375757575757576;7;1.05;0.25;2
100;113;1.13;6;1.13;4;2.26;7;0.6243303571428571;64;0.4300341296928328;4.205599300087489;8;1.05;0.25;2
100;132;1.32;10;1.32;4;2.64;11;0.6917565850401671;67;0.4852941176470588;3.6510369702434624;9;1.05;0.25;2
100;136;1.36;34;1.36;5;2.72;34;0.6410702462803304;70;0.21428571428571427;3.412056151940545;0;1.05;0.35;2
100;181;1.81;11;1.81;4;3.62;11;0.6321230158730159;80;0.4296482412060301;4.937168388718235;1;1.05;0.35;2
100;158;1.58;8;1.58;5;3.16;9;0.6247872095698183;69;0.5640599001663894;6.014354066985646;2;1.05;0.35;2
100;125;1.25;14;1.25;5;2.5;14;0.6118431832717547;63;0.41876430205949655;5.615853658536586;3;1.05;0.35;2
100;121;1.21;14;1.21;5;2.42;14;0.5459910459910461;66;0.3925925925925926;3.879932829554996;4;1.05;0.35;2
100;237;2.37;99;2.37;6;4.74;99;0.8239146479622671;90;0.11406640485540878;1.9521212121212121;5;1.05;0.35;2
100;144;1.44;12;1.44;5;2.88;12;0.5613766634599968;72;0.4153846153846154;5.806938159879336;6;1.05;0.35;2
100;127;1.27;8;1.27;6;2.54;9;0.6769345238095237;64;0.5880893300248139;3.0823529411764707;7;1.05;0.35;2
100;126;1.26;8;1.26;4;2.52;9;0.5909144752428335;67;0.4319371727748691;4.418224299065421;8;1.05;0.35;2
100;150;1.5;12;1.5;5;3.0;12;0.6807612807612808;74;0.5131578947368421;3.3678665496049165;9;1.05;0.35;2
100;175;1.75;61;1.75;5;3.5;61;0.6998040268019776;80;0.13575865128660158;2.902081903454587;0;1.05;0.45;2
100;200;2.0;13;2.0;5;4.0;13;0.6416471771122935;86;0.42061855670103093;4.764925373134329;1;1.05;0.45;2
100;170;1.7;10;1.7;5;3.4;11;0.6489078653462216;73;0.5531914893617021;5.841239109390126;2;1.05;0.45;2
100;141;1.41;16;1.41;5;2.82;16;0.5987674362674361;66;0.375;4.808995327102804;3;1.05;0.45;2
100;139;1.39;23;1.39;5;2.78;23;0.59377733182081;74;0.33893129770992364;3.445460085313833;4;1.05;0.45;2
100;258;2.58;99;2.58;6;5.16;99;0.8100455526722807;93;0.13110805230557468;1.947878787878788;5;1.05;0.45;2
100;164;1.64;20;1.64;5;3.28;20;0.6230297967140073;78;0.3853211009174312;3.8084345961401;6;1.05;0.45;2
100;145;1.45;9;1.45;6;2.9;10;0.6955642530984996;73;0.5523255813953488;3.2641509433962264;7;1.05;0.45;2
100;143;1.43;11;1.43;5;2.86;11;0.6316966138883947;73;0.40933572710951527;3.807314410480349;8;1.05;0.45;2
100;169;1.69;16;1.69;5;3.38;16;0.6989930704216418;77;0.46121883656509693;3.1470223325062037;9;1.05;0.45;2
100;221;2.21;92;2.21;5;4.42;92;0.7872406539152839;91;0.10481171548117155;2.0439722280664845;0;1.05;0.55;2
100;237;2.37;16;2.37;5;4.74;16;0.6687539988101786;89;0.4218106995884774;3.854688618468146;1;1.05;0.55;2
100;198;1.98;17;1.98;7;3.96;17;0.671206923795159;75;0.4899713467048711;4.256079695282742;2;1.05;0.55;2
100;168;1.68;23;1.68;5;3.36;23;0.651033799739718;71;0.3635405690200211;4.74842503149937;3;1.05;0.55;2
100;168;1.68;38;1.68;5;3.36;38;0.6362561633816695;78;0.2669291338582677;2.85405872193437;4;1.05;0.55;2
100;289;2.89;99;2.89;7;5.78;99;0.784175975770985;95;0.15509743920115962;1.9416161616161616;5;1.05;0.55;2
100;189;1.89;27;1.89;6;3.78;27;0.6424033197842722;84;0.3504043126684636;3.8783675646839155;6;1.05;0.55;2
100;159;1.59;10;1.59;6;3.18;11;0.7024615355784186;77;0.5271565495207667;3.0617577197149646;7;1.05;0.55;2
100;160;1.6;13;1.6;5;3.2;13;0.6781881130565341;76;0.4126547455295736;4.192731727235606;8;1.05;0.55;2
100;200;2.0;22;2.0;5;4.0;22;0.6912963763564081;82;0.38823529411764707;5.32014635261834;9;1.05;0.55;2
100;249;2.49;99;2.49;6;4.98;99;0.7851646817084604;93;0.1195113314447592;1.9496969696969697;0;1.05;0.65;2
100;276;2.76;22;2.76;5;5.52;22;0.6759293030073081;92;0.410860163382989;3.5419556947863056;1;1.05;0.65;2
100;222;2.22;24;2.22;7;4.44;24;0.7087097723942586;83;0.4506258692628651;3.637770072019205;2;1.05;0.65;2
100;205;2.05;29;2.05;6;4.1;29;0.6755255140512947;81;0.329153605015674;4.689457202505219;3;1.05;0.65;2
100;191;1.91;50;1.91;6;3.82;50;0.7217292174945237;84;0.2260596546310832;4.349228611500701;4;1.05;0.65;2
100;321;3.21;99;3.21;8;6.42;99;0.8103314791900948;97;0.1843501326259947;1.935151515151515;5;1.05;0.65;2
100;220;2.2;34;2.2;7;4.4;34;0.6650023796102228;90;0.3421846710923355;3.28347744800187;6;1.05;0.65;2
100;178;1.78;14;1.78;6;3.56;14;0.7264633977133977;80;0.4957472660996355;3.821652719665272;7;1.05;0.65;2
100;201;2.01;20;2.01;6;4.02;20;0.6595031263388905;83;0.3819444444444444;3.714243930973969;8;1.05;0.65;2
100;243;2.43;37;2.43;6;4.86;37;0.755215574260008;91;0.33568406205923834;3.641068798653482;9;1.05;0.65;2
100;274;2.74;99;2.74;6;5.48;99;0.7871697892750524;95;0.14116452268111035;1.9446464646464647;0;1.05;0.75;2
100;319;3.19;25;3.19;6;6.38;25;0.6438450837768755;96;0.41450966095515857;3.2915151515151515;1;1.05;0.75;2
100;268;2.68;40;2.68;8;5.36;40;0.6857019050468248;88;0.36174636174636177;3.1683487223534463;2;1.05;0.75;2
100;244;2.44;36;2.44;7;4.88;37;0.7213673838978664;86;0.3116883116883117;3.4191931248508;3;1.05;0.75;2
100;245;2.45;82;2.45;6;4.9;82;0.7440498215499844;88;0.15595265722905546;2.3018181818181818;4;1.05;0.75;2
100;361;3.61;99;3.61;8;7.22;99;0.8056964440779621;98;0.20578319502074688;1.9270707070707072;5;1.05;0.75;2
100;269;2.69;48;2.69;7;5.38;48;0.6965297226260178;91;0.3069053708439898;2.761665141811528;6;1.05;0.75;2
100;208;2.08;20;2.08;7;4.16;20;0.7205615047720311;84;0.4650379106992418;5.154655685197895;7;1.05;0.75;2
100;239;2.39;27;2.39;7;4.78;27;0.6820454234201307;87;0.3658906882591093;3.5254940229324228;8;1.05;0.75;2
100;292;2.92;53;2.92;6;5.84;53;0.7794645718938792;98;0.2875560538116592;2.898165326736755;9;1.05;0.75;2
100;292;2.92;99;2.92;6;5.84;99;0.7585066306048449;96;0.15186762778505897;1.941010101010101;0;1.05;0.85;2
100;383;3.83;34;3.83;8;7.66;34;0.6295531893570994;97;0.38836363636363636;2.878989898989899;1;1.05;0.85;2
100;331;3.31;56;3.31;8;6.62;56;0.7002341871732453;95;0.33341421984955105;2.705050505050505;2;1.05;0.85;2
100;296;2.96;51;2.96;7;5.92;51;0.7339883647624788;92;0.24076704545454544;2.4891774891774894;3;1.05;0.85;2
100;290;2.9;99;2.9;7;5.8;99;0.7861195252025588;95;0.15421227986673014;1.9414141414141415;4;1.05;0.85;2
100;394;3.94;99;3.94;8;7.88;99;0.792061586056334;100;0.2175268444752338;1.9204040404040403;5;1.05;0.85;2
100;325;3.25;68;3.25;8;6.5;68;0.6941277768325329;97;0.2714632531450011;2.4279529993815707;6;1.05;0.85;2
100;238;2.38;25;2.38;7;4.76;25;0.7014704334367257;89;0.4141161773891318;3.826004628655586;7;1.05;0.85;2
100;295;2.95;45;2.95;9;5.9;45;0.7313059651908291;94;0.3208092485549133;2.7647462277091908;8;1.05;0.85;2
100;347;3.47;78;3.47;7;6.94;78;0.8183026489024497;98;0.24115441056579162;2.2436363636363637;9;1.05;0.85;2
100;323;3.23;99;3.23;7;6.46;99;0.743015346921597;96;0.17684887459807075;1.9347474747474747;0;1.05;0.95;2
100;465;4.65;46;4.65;9;9.3;46;0.6645238305953779;100;0.34904805077062556;2.4456565656565656;1;1.05;0.95;2
100;380;3.8;77;3.8;8;7.6;77;0.731475846155163;97;0.2830188679245283;2.31010101010101;2;1.05;0.95;2
100;375;3.75;76;3.75;8;7.5;76;0.7332102081065397;99;0.19483478921382452;2.063030303030303;3;1.05;0.95;2
100;310;3.1;99;3.1;7;6.2;99;0.7956990237496191;96;0.16896966055872634;1.9373737373737374;4;1.05;0.95;2
100;455;4.55;99;4.55;10;9.1;99;0.7672988846068103;100;0.22415699281370924;1.908080808080808;5;1.05;0.95;2
100;388;3.88;91;3.88;10;7.76;91;0.7465334528069428;99;0.25097929490766646;2.056767676767677;6;1.05;0.95;2
100;276;2.76;29;2.76;7;5.52;29;0.653213928123098;93;0.38468509288627095;3.3069470212327357;7;1.05;0.95;2
100;366;3.66;67;3.66;10;7.32;67;0.7360903211758787;98;0.29192229038854806;2.46989898989899;8;1.05;0.95;2
100;399;3.99;91;3.99;7;7.98;91;0.8056360870063787;100;0.22883159886471144;2.0153535353535355;9;1.05;0.95;2
100;93;0.93;5;0.93;5;1.86;6;0.5624242424242424;55;0.49122807017543857;2.7565982404692084;0;1.25;0.05;2
100;156;1.56;9;1.56;4;3.12;11;0.5811347603014271;72;0.4359861591695502;4.748184818481848;1;1.25;0.05;2
100;145;1.45;7;1.45;6;2.9;8;0.5954131652661064;68;0.5688622754491018;6.821047280122013;2;1.25;0.05;2
100;109;1.09;7;1.09;4;2.18;8;0.5142857142857142;61;0.45112781954887216;4.227027027027027;3;1.25;0.05;2
100;100;1.0;6;1.0;5;2.0;6;0.5066666666666666;60;0.45535714285714285;2.7288135593220337;4;1.25;0.05;2
100;131;1.31;8;1.31;5;2.62;9;0.5721428571428571;70;0.46564885496183206;4.512546716497598;5;1.25;0.05;2
100;122;1.22;7;1.22;5;2.44;10;0.5431697931697932;66;0.45217391304347826;4.3584905660377355;6;1.25;0.05;2
100;113;1.13;7;1.13;5;2.26;8;0.6133640552995392;62;0.498371335504886;3.461847389558233;7;1.25;0.05;2
100;107;1.07;6;1.07;4;2.14;8;0.6409445745511319;61;0.47368421052631576;4.328125;8;1.25;0.05;2
100;127;1.27;9;1.27;4;2.54;10;0.7114612511671335;68;0.5416666666666666;3.2297734627831716;9;1.25;0.05;2
100;110;1.1;8;1.1;5;2.2;8;0.5703296703296703;65;0.44223107569721115;2.872262773722628;0;1.25;0.15;2
100;176;1.76;9;1.76;4;3.52;11;0.5784318134967485;77;0.42452830188679247;4.61369329251322;1;1.25;0.15;2
100;155;1.55;7;1.55;6;3.1;8;0.6023109243697479;68;0.5582608695652174;6.357142857142857;2;1.25;0.15;2
100;120;1.2;9;1.2;5;2.4;9;0.5627480158730158;64;0.47129909365558914;5.628596338273757;3;1.25;0.15;2
100;108;1.08;7;1.08;5;2.16;7;0.5055933484504913;63;0.43014705882352944;3.595520421607378;4;1.25;0.15;2
100;158;1.58;27;1.58;6;3.16;27;0.6260174760174759;74;0.3514792899408284;3.7190906259732173;5;1.25;0.15;2
100;134;1.34;9;1.34;5;2.68;11;0.5769629063746711;68;0.4646924829157175;3.795135640785781;6;1.25;0.15;2
100;122;1.22;8;1.22;5;2.44;9;0.6312624007936508;64;0.5380434782608695;3.345083487940631;7;1.25;0.15;2
100;120;1.2;6;1.2;4;2.4;8;0.6412698412698413;66;0.45132743362831856;4.179902755267423;8;1.25;0.15;2
100;137;1.37;10;1.37;4;2.74;11;0.7079934150356687;71;0.5140845070422535;3.5620915032679736;9;1.25;0.15;2
100;136;1.36;21;1.36;5;2.72;21;0.5657335907335908;74;0.30337078651685395;3.494155154091392;0;1.25;0.25;2
100;191;1.91;11;1.91;5;3.82;12;0.5814057684428054;81;0.40404040404040403;4.563276026743075;1;1.25;0.25;2
100;169;1.69;8;1.69;6;3.38;9;0.6270400178850882;71;0.5555555555555556;6.755806237558063;2;1.25;0.25;2
100;136;1.36;12;1.36;5;2.72;12;0.5433044733044733;70;0.451685393258427;5.6707872478854915;3;1.25;0.25;2
100;125;1.25;11;1.25;5;2.5;11;0.5155409133350309;68;0.4253164556962025;3.912897822445561;4;1.25;0.25;2
100;214;2.14;64;2.14;6;4.28;64;0.6931819537422986;87;0.19007965242577843;2.753418893330528;5;1.25;0.25;2
100;150;1.5;10;1.5;5;3.0;11;0.574990506569454;76;0.4452690166975881;6.041100786275911;6;1.25;0.25;2
100;132;1.32;8;1.32;6;2.64;9;0.6781228433402345;69;0.5758293838862559;3.282006920415225;7;1.25;0.25;2
100;134;1.34;8;1.34;5;2.68;10;0.5932827237175063;69;0.4370860927152318;4.3789808917197455;8;1.25;0.25;2
100;152;1.52;11;1.52;4;3.04;11;0.685919035919036;74;0.5157116451016636;3.343283582089552;9;1.25;0.25;2
100;165;1.65;38;1.65;5;3.3;38;0.6307893043419359;80;0.22506619593998234;3.3278936234511938;0;1.25;0.35;2
100;214;2.14;13;2.14;5;4.28;13;0.6095864993592266;88;0.4155495978552279;4.19054441260745;1;1.25;0.35;2
100;180;1.8;9;1.8;6;3.6;10;0.6224537037037037;72;0.5486381322957199;6.62120232708468;2;1.25;0.35;2
100;151;1.51;14;1.51;5;3.02;14;0.5984595216989582;71;0.4623287671232877;4.817826935588809;3;1.25;0.35;2
100;140;1.4;15;1.4;5;2.8;15;0.561420466899919;73;0.39106145251396646;3.61121267519805;4;1.25;0.35;2
100;264;2.64;99;2.64;6;5.28;99;0.8072350563991902;94;0.13771331058020478;1.9466666666666668;5;1.25;0.35;2
100;168;1.68;16;1.68;5;3.36;16;0.6437143759018759;80;0.43209876543209874;4.119431891542931;6;1.25;0.35;2
100;146;1.46;9;1.46;6;2.92;11;0.6952064678092076;73;0.5671077504725898;3.1524475524475526;7;1.25;0.35;2
100;153;1.53;10;1.53;5;3.06;12;0.5584240084240083;74;0.4077669902912621;4.774838928450322;8;1.25;0.35;2
100;171;1.71;16;1.71;5;3.42;16;0.6879301254301254;78;0.45776566757493187;5.2732383808095955;9;1.25;0.35;2
100;217;2.17;71;2.17;5;4.34;71;0.6962623996621082;87;0.14962121212121213;2.5226172943404164;0;1.25;0.45;2
100;246;2.46;16;2.46;5;4.92;16;0.6293306156209382;93;0.42317880794701984;4.019325746188533;1;1.25;0.45;2
100;213;2.13;14;2.13;7;4.26;15;0.6554507992007992;80;0.49363867684478374;4.182442093222762;2;1.25;0.45;2
100;175;1.75;18;1.75;5;3.5;18;0.6626238055030624;76;0.43246311010215666;4.803142329020333;3;1.25;0.45;2
100;164;1.64;25;1.64;5;3.28;25;0.6011532057685904;78;0.3691275167785235;3.2721425037110343;4;1.25;0.45;2
100;288;2.88;99;2.88;7;5.76;99;0.7749774597607416;95;0.15609199151851247;1.9418181818181819;5;1.25;0.45;2
100;196;1.96;24;1.96;6;3.92;24;0.6630128555594395;84;0.38833181403828626;3.826353694318485;6;1.25;0.45;2
100;166;1.66;11;1.66;6;3.32;11;0.7017278536759055;77;0.5276595744680851;4.942541856925419;7;1.25;0.45;2
100;172;1.72;13;1.72;5;3.44;14;0.6472589997906453;79;0.41454545454545455;4.616676664667066;8;1.25;0.45;2
100;200;2.0;18;2.0;5;4.0;18;0.6726251760020823;81;0.40540540540540543;4.310042507970245;9;1.25;0.45;2
100;260;2.6;94;2.6;6;5.2;94;0.7628653280272757;94;0.1388101983002833;2.0357575757575757;0;1.25;0.55;2
100;277;2.77;18;2.77;5;5.54;21;0.6291683840755048;95;0.42232277526395173;3.5424092763581707;1;1.25;0.55;2
100;232;2.32;20;2.32;8;4.64;20;0.6646341939630308;84;0.4717494894486045;3.4900026659557453;2;1.25;0.55;2
100;201;2.01;23;2.01;5;4.02;23;0.6654201354201355;80;0.3984375;5.036612021857923;3;1.25;0.55;2
100;200;2.0;43;2.0;6;4.0;43;0.7002511275014695;85;0.28102625298329353;3.639317438055166;4;1.25;0.55;2
100;323;3.23;99;3.23;8;6.46;99;0.8004216496064324;96;0.1877490774907749;1.9347474747474747;5;1.25;0.55;2
100;226;2.26;31;2.26;7;4.52;31;0.6645617617197744;88;0.37618746041798606;3.438014638609332;6;1.25;0.55;2
100;183;1.83;13;1.83;6;3.66;13;0.6801749639249639;80;0.494199535962877;5.7828475871954135;7;1.25;0.55;2
100;205;2.05;17;2.05;6;4.1;17;0.6772489853637975;83;0.3856466876971609;3.4632903805813604;8;1.25;0.55;2
100;236;2.36;29;2.36;6;4.72;29;0.7138061810475603;90;0.3737259343148358;3.8535661687355356;9;1.25;0.55;2
100;288;2.88;99;2.88;6;5.76;99;0.7846870721870722;96;0.1558570483123759;1.9418181818181819;0;1.25;0.65;2
100;330;3.3;25;3.3;7;6.6;25;0.6206231994310704;98;0.4136874361593463;3.2022222222222223;1;1.25;0.65;2
100;269;2.69;28;2.69;8;5.38;28;0.6632963406552675;94;0.4275184275184275;3.3522215067611074;2;1.25;0.65;2
100;250;2.5;33;2.5;6;5.0;34;0.7189021916678804;88;0.3485961123110151;3.2215714982918495;3;1.25;0.65;2
100;237;2.37;59;2.37;6;4.74;59;0.7006814037670527;88;0.22975929978118162;2.8556701030927836;4;1.25;0.65;2
100;360;3.6;99;3.6;8;7.2;99;0.8077928963213946;100;0.2109375;1.9272727272727272;5;1.25;0.65;2
100;270;2.7;42;2.7;7;5.4;42;0.6793511353152788;92;0.34209462191670037;2.976535087719298;6;1.25;0.65;2
100;216;2.16;17;2.16;7;4.32;17;0.690368842512712;83;0.47253634894991925;4.8380233356211395;7;1.25;0.65;2
100;242;2.42;23;2.42;7;4.84;23;0.694947212523867;89;0.3797071129707113;3.474273527059451;8;1.25;0.65;2
100;279;2.79;42;2.79;7;5.58;42;0.7779109375386654;95;0.351380042462845;3.3922902494331066;9;1.25;0.65;2
100;310;3.1;99;3.1;6;6.2;99;0.7650157795247082;96;0.17198666031443544;1.9373737373737374;0;1.25;0.75;2
100;371;3.71;30;3.71;8;7.42;30;0.6307864931900081;98;0.3997371879106439;2.8307070707070707;1;1.25;0.75;2
100;328;3.28;48;3.28;9;6.56;48;0.6703768367425523;97;0.36167187944270685;2.8608080808080807;2;1.25;0.75;2
100;281;2.81;41;2.81;7;5.62;42;0.7021263250957932;90;0.3084466940841506;2.777549154092364;3;1.25;0.75;2
100;289;2.89;89;2.89;7;5.78;89;0.7567998907590865;95;0.17575309554610977;2.108888888888889;4;1.25;0.75;2
100;393;3.93;99;3.93;8;7.86;99;0.7976622110704262;100;0.23076923076923078;1.9206060606060606;5;1.25;0.75;2
100;321;3.21;57;3.21;7;6.42;57;0.6802345782657314;96;0.3107822410147992;2.5996701710987424;6;1.25;0.75;2
100;252;2.52;24;2.52;7;5.04;24;0.6766721377737498;89;0.4405594405594406;4.053229539238376;7;1.25;0.75;2
100;286;2.86;33;2.86;8;5.72;33;0.7184438216318295;93;0.3728813559322034;3.311787072243346;8;1.25;0.75;2
100;338;3.38;63;3.38;7;6.76;63;0.7844839750950073;98;0.2876876876876877;2.4478787878787878;9;1.25;0.75;2
100;338;3.38;99;3.38;7;6.76;99;0.7522515064203614;96;0.19192518925337687;1.9317171717171717;0;1.25;0.85;2
100;457;4.57;42;4.57;8;9.14;42;0.6658966554891673;100;0.3621022179363549;2.4602020202020203;1;1.25;0.85;2
100;377;3.77;65;3.77;10;7.54;65;0.6872779690823484;98;0.32493418578412936;2.473939393939394;2;1.25;0.85;2
100;357;3.57;65;3.57;8;7.14;65;0.7404496698242432;96;0.22845030617051343;2.203030303030303;3;1.25;0.85;2
100;322;3.22;99;3.22;8;6.44;99;0.7906607158447697;96;0.1813380281690141;1.934949494949495;4;1.25;0.85;2
100;452;4.52;99;4.52;10;9.04;99;0.7826751202583124;100;0.24661565626839319;1.9086868686868688;5;1.25;0.85;2
100;393;3.93;83;3.93;9;7.86;83;0.7408743788420475;99;0.28115064345193036;2.171919191919192;6;1.25;0.85;2
100;286;2.86;29;2.86;7;5.72;29;0.6643424507423722;93;0.4067357512953368;3.230055658627087;7;1.25;0.85;2
100;356;3.56;55;3.56;10;7.12;55;0.7102795218493948;98;0.3284274193548387;2.65979797979798;8;1.25;0.85;2
100;394;3.94;83;3.94;8;7.88;83;0.7913433036520133;100;0.2533086289041821;2.136767676767677;9;1.25;0.85;2
100;367;3.67;99;3.67;7;7.34;99;0.7453996036210365;97;0.21493649917172833;1.925858585858586;0;1.25;0.95;2
100;546;5.46;53;5.46;10;10.92;53;0.6584057735496692;100;0.34981070849107626;2.1905050505050503;1;1.25;0.95;2
100;442;4.42;84;4.42;10;8.84;84;0.705493562902588;100;0.28927617351482;2.0991919191919193;2;1.25;0.95;2
100;449;4.49;85;4.49;9;8.98;85;0.7399408029870778;100;0.19440780796623583;1.9325252525252525;3;1.25;0.95;2
100;356;3.56;99;3.56;9;7.12;99;0.7810897770827543;98;0.2016;1.928080808080808;4;1.25;0.95;2
100;526;5.26;99;5.26;10;10.52;99;0.7763572110846992;100;0.25001845427031816;1.8937373737373737;5;1.25;0.95;2
100;437;4.37;95;4.37;10;8.74;95;0.7554938962694506;100;0.27538297114356963;1.9672727272727273;6;1.25;0.95;2
100;337;3.37;39;3.37;9;6.74;39;0.6349324640454419;96;0.368685376661743;2.914747474747475;7;1.25;0.95;2
100;414;4.14;70;4.14;11;8.28;70;0.7166868718671874;99;0.29538205519345445;2.2935353535353533;8;1.25;0.95;2
100;463;4.63;98;4.63;9;9.26;98;0.7973328149919456;100;0.2390102420012689;1.9103030303030304;9;1.25;0.95;2
100;114;1.14;6;1.14;5;2.28;6;0.5478873239436619;71;0.4505928853754941;4.203233256351039;0;1.45;0.05;2
100;184;1.84;12;1.84;4;3.68;12;0.5507289007289007;78;0.41717049576783555;4.691481571881865;1;1.45;0.05;2
100;169;1.69;8;1.69;7;3.38;9;0.6042879188712522;72;0.5503759398496241;6.940796189179993;2;1.45;0.05;2
100;127;1.27;9;1.27;5;2.54;9;0.5278458049886621;70;0.4772727272727273;3.703105590062112;3;1.45;0.05;2
100;116;1.16;6;1.16;5;2.32;8;0.5297979797979797;66;0.45098039215686275;3.41644908616188;4;1.45;0.05;2
100;147;1.47;9;1.47;5;2.94;9;0.6413333333333333;75;0.4928131416837782;4.1718249733191035;5;1.45;0.05;2
100;139;1.39;9;1.39;5;2.78;11;0.5959108184460297;71;0.47191011235955055;4.265486725663717;6;1.45;0.05;2
100;126;1.26;8;1.26;5;2.52;9;0.6351370851370851;66;0.5503875968992248;3.953058321479374;7;1.45;0.05;2
100;124;1.24;6;1.24;4;2.48;8;0.5962121212121212;66;0.44715447154471544;4.836085626911315;8;1.45;0.05;2
100;138;1.38;9;1.38;4;2.76;10;0.682047842611223;71;0.533175355450237;3.539149888143177;9;1.45;0.05;2
100;134;1.34;14;1.34;5;2.68;14;0.536211407639979;77;0.35121951219512193;8.06063146130204;0;1.45;0.15;2
100;202;2.02;13;2.02;5;4.04;13;0.5860625824040459;82;0.40173410404624277;4.380850047755492;1;1.45;0.15;2
100;181;1.81;8;1.81;7;3.62;9;0.5945966514459665;73;0.547244094488189;6.253894597282068;2;1.45;0.15;2
100;136;1.36;9;1.36;5;2.72;9;0.5268947015425888;71;0.5036496350364964;5.432477216238608;3;1.45;0.15;2
100;128;1.28;8;1.28;5;2.56;9;0.5596020567851554;71;0.4609375;3.6521308225966305;4;1.45;0.15;2
100;186;1.86;29;1.86;6;3.72;29;0.6182143456089816;81;0.3664539653600729;4.0687285223367695;5;1.45;0.15;2
100;153;1.53;9;1.53;5;3.06;11;0.5676055546185416;77;0.45935727788279773;4.3428571428571425;6;1.45;0.15;2
100;138;1.38;8;1.38;6;2.76;9;0.6653659611992945;72;0.5686274509803921;4.764960971379011;7;1.45;0.15;2
100;141;1.41;7;1.41;4;2.82;9;0.5791269841269842;70;0.4004106776180698;4.623856858846919;8;1.45;0.15;2
100;157;1.57;10;1.57;4;3.14;11;0.612780869923727;77;0.4945054945054945;6.382877526753864;9;1.45;0.15;2
100;158;1.58;24;1.58;5;3.16;24;0.5748900103519669;80;0.3084507042253521;5.356027330405076;0;1.45;0.25;2
100;217;2.17;15;2.17;5;4.34;15;0.5945064086240556;85;0.402317880794702;4.027459407831901;1;1.45;0.25;2
100;193;1.93;10;1.93;7;3.86;11;0.5807767524872789;76;0.5374149659863946;6.243045387994144;2;1.45;0.25;2
100;157;1.57;14;1.57;5;3.14;14;0.6085713085713085;74;0.4841930116472546;5.263942931258106;3;1.45;0.25;2
100;147;1.47;12;1.47;5;2.94;12;0.5756029684601113;77;0.45724907063197023;6.408669755129053;4;1.45;0.25;2
100;245;2.45;73;2.45;6;4.9;73;0.7326176564797863;93;0.18776077885952713;2.473922902494331;5;1.45;0.25;2
100;166;1.66;12;1.66;5;3.32;12;0.5864170808615252;81;0.4474885844748858;4.666359729895642;6;1.45;0.25;2
100;156;1.56;9;1.56;6;3.12;11;0.6703588263588264;75;0.5508196721311476;4.51123595505618;7;1.45;0.25;2
100;154;1.54;8;1.54;5;3.08;10;0.5671015438138726;73;0.4292763157894737;4.554841014648089;8;1.45;0.25;2
100;176;1.76;13;1.76;5;3.52;13;0.6456576475563818;79;0.46524064171123;4.077752117013087;9;1.45;0.25;2
100;199;1.99;42;1.99;5;3.98;42;0.6509270324403361;88;0.2535760728218466;3.272829006266786;0;1.45;0.35;2
100;249;2.49;18;2.49;5;4.98;18;0.6020064902417844;92;0.4139240506329114;3.8722353446424735;1;1.45;0.35;2
100;217;2.17;13;2.17;7;4.34;14;0.5796724278431595;82;0.49829642248722317;4.271127699280192;2;1.45;0.35;2
100;176;1.76;16;1.76;5;3.52;16;0.6295413961038961;80;0.45318352059925093;5.395604395604396;3;1.45;0.35;2
100;171;1.71;19;1.71;6;3.42;19;0.5701208333453504;79;0.41353383458646614;6.007003209804494;4;1.45;0.35;2
100;297;2.97;99;2.97;7;5.94;99;0.7774374414654238;97;0.16524811305604625;1.94;5;1.45;0.35;2
100;194;1.94;20;1.94;6;3.88;20;0.6296158785393235;88;0.403030303030303;4.206534700691629;6;1.45;0.35;2
100;172;1.72;11;1.72;6;3.44;11;0.6974109224109223;78;0.5261044176706827;5.856529209621993;7;1.45;0.35;2
100;177;1.77;13;1.77;5;3.54;15;0.629820460833119;79;0.4117647058823529;4.152369526094781;8;1.45;0.35;2
100;198;1.98;16;1.98;5;3.96;16;0.6383583494694606;81;0.427734375;4.104941551540914;9;1.45;0.35;2
100;252;2.52;78;2.52;6;5.04;78;0.6976201576201576;90;0.16956850870552612;2.335757575757576;0;1.45;0.45;2
100;280;2.8;20;2.8;5;5.6;20;0.6227976664582497;95;0.41239109390125844;3.4898003006227185;1;1.45;0.45;2
100;240;2.4;19;2.4;7;4.8;19;0.6198069388471865;85;0.4888888888888889;3.5816618911174785;2;1.45;0.45;2
100;203;2.03;21;2.03;5;4.06;21;0.6462486525208;83;0.42783945345858243;3.5702143385070215;3;1.45;0.45;2
100;195;1.95;29;1.95;6;3.9;29;0.6370510553933901;83;0.369727047146402;4.338139281828074;4;1.45;0.45;2
100;328;3.28;99;3.28;8;6.56;99;0.7792929995515541;98;0.19379157427937915;1.9337373737373738;5;1.45;0.45;2
100;228;2.28;27;2.28;7;4.56;27;0.6252478409994751;90;0.3855421686746988;3.570488927866696;6;1.45;0.45;2
100;187;1.87;13;1.87;6;3.74;13;0.6574458874458874;80;0.49943757030371205;5.543833943833944;7;1.45;0.45;2
100;212;2.12;17;2.12;6;4.24;17;0.6863613088180562;85;0.409823484267076;3.4225352112676055;8;1.45;0.45;2
100;229;2.29;20;2.29;5;4.58;20;0.6740332376042291;86;0.40674466620784583;3.7730320337720387;9;1.45;0.45;2
100;291;2.91;98;2.91;6;5.82;98;0.7698586039873779;96;0.15646940822467403;1.957979797979798;0;1.45;0.55;2
100;324;3.24;24;3.24;6;6.48;24;0.634361846594829;98;0.4184070796460177;3.2191919191919194;1;1.45;0.55;2
100;270;2.7;22;2.7;9;5.4;22;0.6481244064577397;90;0.47908163265306125;3.2881693648816936;2;1.45;0.55;2
100;239;2.39;27;2.39;6;4.78;27;0.6648379452791218;88;0.4019058295964126;3.6564252621311875;3;1.45;0.55;2
100;233;2.33;48;2.33;6;4.66;48;0.6861430898114684;87;0.2858464384828862;3.2981099656357387;4;1.45;0.55;2
100;356;3.56;99;3.56;8;7.12;99;0.7988025701615399;100;0.21672847136382364;1.928080808080808;5;1.45;0.55;2
100;269;2.69;36;2.69;7;5.38;36;0.6695067804350737;93;0.36665211697948497;3.096031572023679;6;1.45;0.55;2
100;219;2.19;15;2.19;6;4.38;15;0.7105818829956762;87;0.5037406483790524;5.092049272116461;7;1.45;0.55;2
100;238;2.38;21;2.38;7;4.76;21;0.6842525647180164;88;0.4020618556701031;3.5755798453745666;8;1.45;0.55;2
100;274;2.74;37;2.74;7;5.48;37;0.7473843031907548;93;0.36579476861167004;3.3741496598639458;9;1.45;0.55;2
100;317;3.17;99;3.17;6;6.34;99;0.7648418793508078;96;0.17707844058243308;1.9359595959595959;0;1.45;0.65;2
100;372;3.72;32;3.72;8;7.44;32;0.6415246677605653;98;0.4079187288356343;2.8583838383838382;1;1.45;0.65;2
100;325;3.25;39;3.25;9;6.5;39;0.6554002571853902;97;0.4058252427184466;2.9797979797979797;2;1.45;0.65;2
100;286;2.86;39;2.86;7;5.72;40;0.7027502962729777;90;0.3440643863179074;2.9005602240896358;3;1.45;0.65;2
100;270;2.7;65;2.7;7;5.4;65;0.7006294617919834;91;0.23927440253383242;2.660688517831375;4;1.45;0.65;2
100;395;3.95;99;3.95;8;7.9;99;0.7972078102414237;100;0.23588563120911074;1.9202020202020202;5;1.45;0.65;2
100;321;3.21;48;3.21;8;6.42;48;0.6957685822818137;95;0.3587808417997097;2.7577819006390434;6;1.45;0.65;2
100;256;2.56;22;2.56;7;5.12;22;0.6878794946345043;91;0.46060254924681343;3.873496563573883;7;1.45;0.65;2
100;275;2.75;25;2.75;7;5.5;25;0.6782798634146905;92;0.3909278350515464;3.4421150710458885;8;1.45;0.65;2
100;331;3.31;52;3.31;8;6.62;52;0.7688251400266851;98;0.33455344070278187;2.6332714904143475;9;1.45;0.65;2
100;343;3.43;99;3.43;7;6.86;99;0.7530395521580655;97;0.1970899470899471;1.9307070707070708;0;1.45;0.75;2
100;438;4.38;40;4.38;9;8.76;40;0.6599269657827304;100;0.39249271137026237;2.566666666666667;1;1.45;0.75;2
100;379;3.79;56;3.79;10;7.58;56;0.6838316913599656;98;0.3643600734843846;2.5557575757575757;2;1.45;0.75;2
100;326;3.26;48;3.26;7;6.52;48;0.6895263136812703;93;0.29128277817150955;2.573077715934859;3;1.45;0.75;2
100;319;3.19;91;3.19;8;6.38;91;0.7560606346688823;97;0.20050125313283207;2.0684848484848484;4;1.45;0.75;2
100;447;4.47;99;4.47;9;8.94;99;0.7862421839794682;100;0.2577809947265019;1.9096969696969697;5;1.45;0.75;2
100;380;3.8;65;3.8;9;7.6;65;0.7406444098185853;98;0.3375214163335237;2.4009482580911152;6;1.45;0.75;2
100;298;2.98;27;2.98;8;5.96;27;0.6458769893224838;95;0.43552519214346713;3.3009688723974437;7;1.45;0.75;2
100;338;3.38;43;3.38;9;6.76;43;0.6853556719841322;98;0.3558569667077682;2.8553535353535353;8;1.45;0.75;2
100;381;3.81;69;3.81;8;7.62;69;0.8024075309104469;100;0.2977959183673469;2.3044444444444445;9;1.45;0.75;2
100;370;3.7;99;3.7;7;7.4;99;0.7556295755663567;97;0.22151811544289848;1.9252525252525252;0;1.45;0.85;2
100;533;5.33;50;5.33;10;10.66;50;0.6843575260683701;100;0.3783690393918452;2.263030303030303;1;1.45;0.85;2
100;448;4.48;77;4.48;10;8.96;77;0.7044133123567118;99;0.32402085282716214;2.1965656565656566;2;1.45;0.85;2
100;419;4.19;74;4.19;8;8.38;74;0.7359965172827134;99;0.22982167996245895;2.061010101010101;3;1.45;0.85;2
100;358;3.58;99;3.58;8;7.16;99;0.7851187934731878;98;0.2130970098768773;1.9276767676767677;4;1.45;0.85;2
100;513;5.13;99;5.13;10;10.26;99;0.7755189892393649;100;0.27105894023311566;1.8963636363636365;5;1.45;0.85;2
100;445;4.45;91;4.45;11;8.9;91;0.7508132211841806;99;0.30308903694730466;2.0224242424242425;6;1.45;0.85;2
100;336;3.36;32;3.36;8;6.72;32;0.6280259649296738;98;0.40868997059784384;2.9745454545454546;7;1.45;0.85;2
100;400;4.0;62;4.0;10;8.0;62;0.7157664711763454;99;0.3285344548689744;2.442222222222222;8;1.45;0.85;2
100;445;4.45;89;4.45;9;8.9;89;0.8030986414953696;100;0.2703025046080451;2.0327272727272727;9;1.45;0.85;2
100;409;4.09;99;4.09;8;8.18;99;0.7422815318217332;99;0.2426830800150735;1.9173737373737374;0;1.45;0.95;2
100;654;6.54;61;6.54;10;13.08;62;0.6865934474737463;100;0.36151517389057075;2.0076767676767675;1;1.45;0.95;2
100;516;5.16;90;5.16;10;10.32;90;0.699359017166602;100;0.3035696725341725;1.9905050505050506;2;1.45;0.95;2
100;502;5.02;90;5.02;10;10.04;90;0.7648658520006835;100;0.2182388527896034;1.906060606060606;3;1.45;0.95;2
100;407;4.07;99;4.07;9;8.14;99;0.7501983369105218;98;0.2362676056338028;1.9177777777777778;4;1.45;0.95;2
100;603;6.03;99;6.03;10;12.06;99;0.7752069443628568;100;0.27425373134328357;1.8781818181818182;5;1.45;0.95;2
100;493;4.93;97;4.93;12;9.86;97;0.7387199553757238;100;0.30759841318278913;1.930909090909091;6;1.45;0.95;2
100;406;4.06;49;4.06;10;8.12;49;0.6315594728103815;99;0.360559383867045;2.5795959595959594;7;1.45;0.95;2
100;473;4.73;78;4.73;11;9.46;78;0.7293203353353143;100;0.30266476587345104;2.109090909090909;8;1.45;0.95;2
100;529;5.29;99;5.29;10;10.58;99;0.786066771089914;100;0.2664163665619493;1.8931313131313132;9;1.45;0.95;2
100;131;1.31;6;1.31;5;2.62;7;0.5273504273504274;78;0.41411042944785276;7.421599638499774;0;1.65;0.05;2
100;206;2.06;12;2.06;5;4.12;12;0.5617622003164172;83;0.39660056657223797;4.145176695319962;1;1.65;0.05;2
100;187;1.87;8;1.87;7;3.74;10;0.5776106934001671;76;0.5560975609756098;6.557322929171669;2;1.65;0.05;2
100;143;1.43;9;1.43;5;2.86;9;0.5456241956241957;74;0.49213483146067416;7.017946161515454;3;1.65;0.05;2
100;135;1.35;7;1.35;5;2.7;8;0.5515981735159817;73;0.4771084337349398;4.148305084745763;4;1.65;0.05;2
100;175;1.75;13;1.75;5;3.5;13;0.5893215218516423;83;0.44241573033707865;4.630549518782987;5;1.65;0.05;2
100;157;1.57;10;1.57;5;3.14;11;0.5413638262322472;76;0.44559585492227977;5.608149509803922;6;1.65;0.05;2
100;144;1.44;9;1.44;6;2.88;9;0.6567138567138567;74;0.5688622754491018;4.828919112383679;7;1.65;0.05;2
100;144;1.44;7;1.44;5;2.88;10;0.5807338394294914;69;0.4269230769230769;4.621258134490239;8;1.65;0.05;2
100;158;1.58;9;1.58;4;3.16;10;0.6330484330484331;78;0.5063520871143375;5.173256330519769;9;1.65;0.05;2
100;159;1.59;15;1.59;5;3.18;15;0.5700992063492063;80;0.3831932773109244;6.354738601098114;0;1.65;0.15;2
100;225;2.25;14;2.25;5;4.5;14;0.5735196901863568;90;0.399203187250996;3.8161413562559696;1;1.65;0.15;2
100;200;2.0;10;2.0;7;4.0;10;0.5568816556158328;79;0.5336842105263158;5.922926556827702;2;1.65;0.15;2
100;161;1.61;12;1.61;5;3.22;12;0.5838698338698338;78;0.4957410562180579;7.6351005484460694;3;1.65;0.15;2
100;154;1.54;11;1.54;5;3.08;12;0.5569751316504563;77;0.47424511545293074;6.527741935483871;4;1.65;0.15;2
100;206;2.06;31;2.06;6;4.12;31;0.6577352671501209;86;0.36958174904942964;3.8386282347990743;5;1.65;0.15;2
100;170;1.7;11;1.7;5;3.4;12;0.5432512626262627;80;0.4267425320056899;4.56064322703734;6;1.65;0.15;2
100;156;1.56;9;1.56;6;3.12;9;0.6804370232941662;77;0.5496575342465754;4.246929541047188;7;1.65;0.15;2
100;160;1.6;9;1.6;5;3.2;12;0.5878682058682059;75;0.4370257966616085;4.539721254355401;8;1.65;0.15;2
100;181;1.81;10;1.81;5;3.62;12;0.6436067997043607;82;0.48284960422163586;4.857969151670951;9;1.65;0.15;2
100;192;1.92;29;1.92;5;3.84;29;0.614481422079658;86;0.3284671532846715;3.877797672336616;0;1.65;0.25;2
100;254;2.54;18;2.54;5;5.08;18;0.6075217656739396;92;0.4108338405356056;3.668831168831169;1;1.65;0.25;2
100;222;2.22;11;2.22;7;4.44;12;0.5618123746172526;82;0.5066889632107023;4.125533049040512;2;1.65;0.25;2
100;182;1.82;14;1.82;5;3.64;14;0.6245407031992397;82;0.4806007509386733;4.879640718562874;3;1.65;0.25;2
100;171;1.71;14;1.71;5;3.42;14;0.5524534537192765;79;0.43209876543209874;5.993263473053892;4;1.65;0.25;2
100;277;2.77;75;2.77;7;5.54;75;0.7021752449894865;95;0.21052631578947367;2.4145454545454546;5;1.65;0.25;2
100;199;1.99;15;1.99;5;3.98;15;0.5957808241141574;90;0.4222222222222222;3.985420463420984;6;1.65;0.25;2
100;177;1.77;11;1.77;6;3.54;11;0.689207251082251;80;0.5383615084525357;4.0789041095890415;7;1.65;0.25;2
100;183;1.83;13;1.83;5;3.66;15;0.6083759176351768;81;0.4092446448703495;4.011697660467906;8;1.65;0.25;2
100;200;2.0;15;2.0;5;4.0;15;0.6601779077682692;83;0.4426719840478564;4.003804347826087;9;1.65;0.25;2
100;228;2.28;47;2.28;5;4.56;47;0.6622755971120007;92;0.26639757820383453;3.1517171717171717;0;1.65;0.35;2
100;280;2.8;20;2.8;6;5.6;20;0.6252635278951068;96;0.4125944584382871;3.4343998282155894;1;1.65;0.35;2
100;244;2.44;15;2.44;8;4.88;15;0.6238449534961162;86;0.4936960849369608;3.6244669509594885;2;1.65;0.35;2
100;204;2.04;16;2.04;5;4.08;17;0.6590689975778895;86;0.4498594189315839;4.399609592861126;3;1.65;0.35;2
100;190;1.9;21;1.9;6;3.8;21;0.6090481534925979;81;0.4115308151093439;4.670409181636726;4;1.65;0.35;2
100;325;3.25;99;3.25;8;6.5;99;0.7779092205937379;98;0.1916439600363306;1.9343434343434343;5;1.65;0.35;2
100;228;2.28;23;2.28;6;4.56;23;0.5993477965941735;90;0.4027879677182685;3.752685814514361;6;1.65;0.35;2
100;194;1.94;13;1.94;6;3.88;13;0.6975860150558946;83;0.5194805194805194;5.274247491638796;7;1.65;0.35;2
100;214;2.14;15;2.14;6;4.28;17;0.6420385170385171;84;0.4252517428350116;3.5436020377584656;8;1.65;0.35;2
100;232;2.32;17;2.32;5;4.64;17;0.6393464167512609;85;0.4251798561151079;3.677179041470077;9;1.65;0.35;2
100;281;2.81;85;2.81;6;5.62;85;0.7308040033223856;96;0.17647058823529413;2.1963636363636363;0;1.65;0.45;2
100;320;3.2;21;3.2;6;6.4;23;0.6387658153344019;99;0.4192581491195204;3.2001649144506286;1;1.65;0.45;2
100;270;2.7;19;2.7;9;5.4;19;0.6365836522823818;87;0.501577287066246;3.3476961394769615;2;1.65;0.45;2
100;232;2.32;23;2.32;6;4.64;23;0.6739969544070334;88;0.42054263565891475;3.6800312418640977;3;1.65;0.45;2
100;221;2.21;35;2.21;6;4.42;35;0.6725952017993541;85;0.35349127182044887;3.8721164613661814;4;1.65;0.45;2
100;356;3.56;99;3.56;8;7.12;99;0.7844323037246055;99;0.2160468031759298;1.928080808080808;5;1.65;0.45;2
100;268;2.68;29;2.68;7;5.36;29;0.6224720792003714;92;0.39458128078817734;3.233939925454944;6;1.65;0.45;2
100;223;2.23;14;2.23;6;4.46;14;0.6794991184526068;86;0.5041186161449753;4.8678611422172455;7;1.65;0.45;2
100;233;2.33;18;2.33;7;4.66;18;0.6707577168530514;87;0.41254752851711024;3.7192748600373235;8;1.65;0.45;2
100;271;2.71;24;2.71;6;5.42;24;0.6861643371331462;92;0.40615835777126097;3.5200989486703773;9;1.65;0.45;2
100;325;3.25;99;3.25;7;6.5;99;0.7652741977814864;98;0.1863671572424477;1.9343434343434343;0;1.65;0.55;2
100;371;3.71;31;3.71;8;7.42;31;0.6407933415659558;99;0.4176204418418951;2.9183838383838383;1;1.65;0.55;2
100;306;3.06;25;3.06;9;6.12;25;0.6458971554761028;95;0.46303818034118605;3.362222222222222;2;1.65;0.55;2
100;270;2.7;30;2.7;6;5.4;30;0.6730765526897067;92;0.38491547464239273;3.275500476644423;3;1.65;0.55;2
100;254;2.54;51;2.54;6;5.08;51;0.6865784772268729;88;0.2875098193244305;3.061645276667368;4;1.65;0.55;2
100;393;3.93;99;3.93;8;7.86;99;0.7914491511756218;100;0.24007514088916718;1.9206060606060606;5;1.65;0.55;2
100;316;3.16;40;3.16;8;6.32;40;0.6765676676967;93;0.3958197256694971;2.8438938829204123;6;1.65;0.55;2
100;257;2.57;18;2.57;7;5.14;19;0.6216898469607449;92;0.47978273989136994;3.912585910652921;7;1.65;0.55;2
100;270;2.7;23;2.7;7;5.4;23;0.6627051231751921;91;0.40027137042062416;3.5173990347980695;8;1.65;0.55;2
100;316;3.16;40;3.16;8;6.32;40;0.7527035488375694;97;0.3924798011187073;2.992991135848279;9;1.65;0.55;2
100;348;3.48;99;3.48;7;6.96;99;0.7545489623411702;99;0.2028815054395766;1.9296969696969697;0;1.65;0.65;2
100;424;4.24;35;4.24;9;8.48;35;0.665243268571366;99;0.41721854304635764;2.7088888888888887;1;1.65;0.65;2
100;369;3.69;46;3.69;9;7.38;46;0.641724770866659;98;0.3912087912087912;2.7052525252525252;2;1.65;0.65;2
100;311;3.11;40;3.11;7;6.22;41;0.6977233567458956;93;0.3433628318584071;2.889964233115927;3;1.65;0.65;2
100;305;3.05;78;3.05;8;6.1;78;0.6978334238860556;95;0.22495234060580385;2.283034425891569;4;1.65;0.65;2
100;435;4.35;99;4.35;10;8.7;99;0.7723262531715125;100;0.2563343205001645;1.912121212121212;5;1.65;0.65;2
100;369;3.69;53;3.69;10;7.38;53;0.6799597753374375;98;0.3798076923076923;2.6025561739847456;6;1.65;0.65;2
100;302;3.02;27;3.02;8;6.04;27;0.6453682120147818;95;0.44651162790697674;3.2733457019171306;7;1.65;0.65;2
100;318;3.18;31;3.18;8;6.36;31;0.6994587320132752;94;0.4004967401428128;3.34;8;1.65;0.65;2
100;371;3.71;58;3.71;8;7.42;58;0.7654599799944031;99;0.3360876249039201;2.4625850340136055;9;1.65;0.65;2
100;369;3.69;99;3.69;7;7.38;99;0.7589071130943862;99;0.22141762985656593;1.9254545454545455;0;1.65;0.75;2
100;511;5.11;46;5.11;9;10.22;46;0.6945324599081623;100;0.3928847641144625;2.379191919191919;1;1.65;0.75;2
100;433;4.33;59;4.33;10;8.66;59;0.6591329498014598;99;0.36760072956391976;2.398181818181818;2;1.65;0.75;2
100;386;3.86;57;3.86;8;7.72;58;0.7215517665179705;98;0.27909238249594814;2.2535559678416823;3;1.65;0.75;2
100;356;3.56;95;3.56;8;7.12;95;0.7715280951590201;98;0.2241329479768786;1.991111111111111;4;1.65;0.75;2
100;497;4.97;99;4.97;10;9.94;99;0.7713689046034472;100;0.279101245262588;1.8995959595959595;5;1.65;0.75;2
100;431;4.31;71;4.31;10;8.62;71;0.711153483055135;99;0.35633954706516713;2.2960214388785816;6;1.65;0.75;2
100;335;3.35;29;3.35;8;6.7;29;0.6473718682615734;98;0.4341296928327645;3.06;7;1.65;0.75;2
100;392;3.92;54;3.92;10;7.84;54;0.7130339446678713;98;0.3558764394077865;2.582222222222222;8;1.65;0.75;2
100;433;4.33;77;4.33;9;8.66;77;0.7825915906730119;100;0.30215274218349564;2.1666666666666665;9;1.65;0.75;2
100;410;4.1;99;4.1;8;8.2;99;0.7439487964296994;99;0.24779319041614123;1.917171717171717;0;1.65;0.85;2
100;616;6.16;53;6.16;10;12.32;53;0.6906105351359139;100;0.3907074973600845;2.1414141414141414;1;1.65;0.85;2
100;504;5.04;81;5.04;10;10.08;81;0.6979805612327877;99;0.341644204851752;2.101818181818182;2;1.65;0.85;2
100;481;4.81;82;4.81;9;9.62;82;0.7678886538050584;99;0.2504708097928437;1.9606060606060607;3;1.65;0.85;2
100;403;4.03;99;4.03;9;8.06;99;0.7509329094296323;98;0.24582309582309583;1.9185858585858586;4;1.65;0.85;2
100;567;5.67;99;5.67;12;11.34;99;0.7682893569989427;100;0.28920584862385323;1.8854545454545455;5;1.65;0.85;2
100;494;4.94;93;4.94;12;9.88;93;0.7405515569339819;100;0.33013435700575816;1.9812121212121212;6;1.65;0.85;2
100;388;3.88;37;3.88;10;7.76;37;0.6368085659108911;98;0.4071797393656258;2.765050505050505;7;1.65;0.85;2
100;457;4.57;69;4.57;12;9.14;69;0.732131512603924;99;0.3362489066600025;2.249090909090909;8;1.65;0.85;2
100;506;5.06;94;5.06;10;10.12;94;0.7930407634810024;100;0.2897788084195505;1.9515151515151514;9;1.65;0.85;2
100;457;4.57;99;4.57;8;9.14;99;0.7269687564942926;100;0.2677674885640968;1.9076767676767676;0;1.65;0.95;2
100;759;7.59;68;7.59;12;15.18;69;0.7007745598871433;100;0.368956881533101;1.9076767676767676;1;1.65;0.95;2
100;576;5.76;93;5.76;11;11.52;93;0.6910837790421085;100;0.3163265306122449;1.9395959595959595;2;1.65;0.95;2
100;547;5.47;93;5.47;10;10.94;93;0.7810221355103547;100;0.24151193633952256;1.8957575757575758;3;1.65;0.95;2
100;461;4.61;99;4.61;9;9.22;99;0.7456580681651657;99;0.26512617816965645;1.9068686868686868;4;1.65;0.95;2
100;679;6.79;99;6.79;13;13.58;99;0.7615114551890979;100;0.2980040228995822;1.8628282828282827;5;1.65;0.95;2
100;556;5.56;99;5.56;12;11.12;99;0.7215586266356998;100;0.33408558284871104;1.8876767676767676;6;1.65;0.95;2
100;468;4.68;58;4.68;11;9.36;58;0.647770287125181;100;0.3607795739537695;2.35979797979798;7;1.65;0.95;2
100;534;5.34;86;5.34;12;10.68;86;0.7321128657048739;100;0.31271807397069085;1.9876767676767677;8;1.65;0.95;2
100;599;5.99;99;5.99;11;11.98;99;0.7810967858310182;100;0.28875882689738536;1.878989898989899;9;1.65;0.95;2
100;156;1.56;8;1.56;5;3.12;9;0.5774293457220285;82;0.4411764705882353;6.754246885617214;0;1.85;0.05;2
100;231;2.31;14;2.31;6;4.62;14;0.5504373279654179;89;0.4;3.772683858643744;1;1.85;0.05;2
100;207;2.07;9;2.07;8;4.14;10;0.5543253968253967;80;0.5330700888450148;5.456289978678038;2;1.85;0.05;2
100;162;1.62;9;1.62;5;3.24;9;0.6024107142857142;80;0.5132275132275133;7.707369170523318;3;1.85;0.05;2
100;155;1.55;9;1.55;5;3.1;10;0.5455163883735312;77;0.49907578558225507;7.3721380199935505;4;1.85;0.05;2
100;196;1.96;14;1.96;6;3.92;15;0.6143176928891214;84;0.44577006507592193;4.833150624862968;5;1.85;0.05;2
100;180;1.8;11;1.8;5;3.6;12;0.5317812478526763;84;0.44201909959072305;4.656079146055714;6;1.85;0.05;2
100;159;1.59;9;1.59;6;3.18;9;0.6287342287342288;78;0.5357142857142857;9.276296933218687;7;1.85;0.05;2
100;161;1.61;9;1.61;5;3.22;11;0.5876492194674012;77;0.42857142857142855;4.53904282115869;8;1.85;0.05;2
100;181;1.81;10;1.81;4;3.62;11;0.6254953718368351;82;0.48032564450474896;5.1575477916941335;9;1.85;0.05;2
100;189;1.89;18;1.89;5;3.78;18;0.6248021178168237;88;0.39315230224321135;4.196732318710833;0;1.85;0.15;2
100;250;2.5;15;2.5;6;5.0;15;0.5984996688293391;91;0.410828025477707;3.70756829377519;1;1.85;0.15;2
100;226;2.26;10;2.26;8;4.52;11;0.5674759644639162;83;0.5161550888529887;4.18160978094753;2;1.85;0.15;2
100;178;1.78;12;1.78;5;3.56;12;0.6139659380400121;81;0.4979253112033195;5.230838323353294;3;1.85;0.15;2
100;171;1.71;11;1.71;5;3.42;12;0.6013275613275614;80;0.48970588235294116;5.7168711656441715;4;1.85;0.15;2
100;232;2.32;32;2.32;7;4.64;32;0.6353696219445745;91;0.38626609442060084;3.583841784136335;5;1.85;0.15;2
100;203;2.03;11;2.03;5;4.06;12;0.5604482818768534;91;0.4446831364124597;3.9966154647227286;6;1.85;0.15;2
100;175;1.75;9;1.75;6;3.5;11;0.6260818057114353;81;0.5284327323162274;8.830949948927477;7;1.85;0.15;2
100;181;1.81;11;1.81;5;3.62;13;0.5881434751805122;81;0.41304347826086957;4.1093366093366095;8;1.85;0.15;2
100;202;2.02;12;2.02;5;4.04;14;0.651947853733568;84;0.4731958762886598;4.1833281103102475;9;1.85;0.15;2
100;216;2.16;31;2.16;5;4.32;31;0.6425197690174649;91;0.3579418344519016;3.823541537827252;0;1.85;0.25;2
100;282;2.82;18;2.82;6;5.64;18;0.6064546805104081;95;0.4214751630707476;3.562929553264605;1;1.85;0.25;2
100;243;2.43;12;2.43;8;4.86;12;0.5680035650623887;85;0.5024221453287198;4.08;2;1.85;0.25;2
100;197;1.97;15;1.97;5;3.94;15;0.643916070701785;84;0.4726890756302521;4.519161676646706;3;1.85;0.25;2
100;187;1.87;17;1.87;5;3.74;17;0.5909807234054005;82;0.4367945823927765;5.153404839111998;4;1.85;0.25;2
100;305;3.05;80;3.05;8;6.1;80;0.7176995444932505;95;0.22716871229457042;2.288080808080808;5;1.85;0.25;2
100;229;2.29;18;2.29;6;4.58;18;0.5709778854280133;92;0.43333333333333335;3.845867134400351;6;1.85;0.25;2
100;202;2.02;12;2.02;7;4.04;12;0.6479882862235803;85;0.5236593059936908;5.151437251694321;7;1.85;0.25;2
100;206;2.06;13;2.06;6;4.12;15;0.6072477723080132;83;0.4357838795394154;3.7773533424283765;8;1.85;0.25;2
100;223;2.23;16;2.23;5;4.46;16;0.6286648645472174;85;0.4383116883116883;3.8224987303199596;9;1.85;0.25;2
100;253;2.53;51;2.53;5;5.06;51;0.6682088221887972;94;0.28019925280199254;2.9797979797979797;0;1.85;0.35;2
100;314;3.14;21;3.14;6;6.28;21;0.647148410427143;98;0.4243614931237721;3.2869511440940014;1;1.85;0.35;2
100;271;2.71;16;2.71;8;5.42;17;0.6290304279148092;87;0.5021668472372698;3.604342857142857;2;1.85;0.35;2
100;221;2.21;18;2.21;5;4.42;18;0.6611297566353745;89;0.4556354916067146;4.515230408747722;3;1.85;0.35;2
100;210;2.1;23;2.1;6;4.2;23;0.6319327369630706;86;0.42179700499168055;4.381800439131496;4;1.85;0.35;2
100;346;3.46;99;3.46;8;6.92;99;0.7680425843997274;100;0.20656733690148996;1.93010101010101;5;1.85;0.35;2
100;269;2.69;25;2.69;6;5.38;25;0.5869177199611982;92;0.4310803618946248;3.4064898048673538;6;1.85;0.35;2
100;222;2.22;13;2.22;7;4.44;13;0.6345697087076397;87;0.5121317157712305;4.760087719298245;7;1.85;0.35;2
100;232;2.32;18;2.32;6;4.64;18;0.6283596948994873;85;0.4164989939637827;3.466275659824047;8;1.85;0.35;2
100;262;2.62;18;2.62;6;5.24;20;0.6704378402078536;91;0.432;3.4045194934194187;9;1.85;0.35;2
100;315;3.15;89;3.15;6;6.3;89;0.7412891303195949;97;0.20241360394953373;2.1187878787878787;0;1.85;0.45;2
100;357;3.57;25;3.57;8;7.14;26;0.6614705616108187;99;0.42617647058823527;3.0416161616161617;1;1.85;0.45;2
100;304;3.04;23;3.04;9;6.08;23;0.6529118908098611;92;0.4963937208315656;3.3811527135044175;2;1.85;0.45;2
100;254;2.54;23;2.54;6;5.08;23;0.6574754123804178;91;0.4280955024986119;3.5758830694275274;3;1.85;0.45;2
100;246;2.46;40;2.46;6;4.92;40;0.6535296225513616;92;0.3395654370894391;3.3842353951890036;4;1.85;0.45;2
100;396;3.96;99;3.96;9;7.92;99;0.7697680528108003;100;0.24671681754430702;1.92;5;1.85;0.45;2
100;316;3.16;32;3.16;9;6.32;32;0.6376064061381925;94;0.43681917211328974;3.032639038007301;6;1.85;0.45;2
100;259;2.59;15;2.59;7;5.18;15;0.5990076468098446;91;0.4987452948557089;4.021249737008206;7;1.85;0.45;2
100;261;2.61;19;2.61;7;5.22;20;0.6535544570069912;89;0.4191738908720041;3.279744476976311;8;1.85;0.45;2
100;301;3.01;27;3.01;7;6.02;27;0.6904772227235996;96;0.42585249801744646;3.168418882704597;9;1.85;0.45;2
100;347;3.47;99;3.47;7;6.94;99;0.7526877123197471;99;0.20453534904401957;1.92989898989899;0;1.85;0.55;2
100;414;4.14;33;4.14;9;8.28;33;0.6624764100205042;99;0.4273633998265395;2.77979797979798;1;1.85;0.55;2
100;352;3.52;31;3.52;9;7.04;31;0.617162665623275;97;0.44030075187969925;2.913939393939394;2;1.85;0.55;2
100;302;3.02;34;3.02;7;6.04;35;0.6700584408618963;93;0.3655079311508606;3.0273511466442247;3;1.85;0.55;2
100;283;2.83;56;2.83;8;5.66;56;0.6543932589598224;95;0.295271791572853;2.7626762045024194;4;1.85;0.55;2
100;433;4.33;99;4.33;10;8.66;99;0.7580321332802533;100;0.26386036960985626;1.9125252525252525;5;1.85;0.55;2
100;360;3.6;45;3.6;9;7.2;45;0.6739971282500351;97;0.41110822735530755;2.7670707070707072;6;1.85;0.55;2
100;303;3.03;25;3.03;8;6.06;25;0.6245339854468144;96;0.465359477124183;3.313955885384457;7;1.85;0.55;2
100;296;2.96;26;2.96;7;5.92;26;0.6825752526604245;93;0.4073107049608355;3.13487071977638;8;1.85;0.55;2
100;348;3.48;43;3.48;8;6.96;43;0.735494654954449;98;0.39520958083832336;2.730983302411874;9;1.85;0.55;2
100;374;3.74;99;3.74;7;7.48;99;0.7431781045162761;99;0.22421711899791233;1.9244444444444444;0;1.85;0.65;2
100;476;4.76;37;4.76;9;9.52;37;0.6771287565680754;100;0.41681122851285285;2.5462626262626262;1;1.85;0.65;2
100;426;4.26;55;4.26;10;8.52;55;0.6504646306877463;99;0.39128094725511303;2.4696969696969697;2;1.85;0.65;2
100;351;3.51;43;3.51;7;7.02;43;0.66339042445982;96;0.3338018271257906;2.6094949494949495;3;1.85;0.65;2
100;346;3.46;83;3.46;8;6.92;83;0.7213903543125325;97;0.24735729386892177;2.178181818181818;4;1.85;0.65;2
100;484;4.84;99;4.84;10;9.68;99;0.7498452192262011;100;0.2807000391083301;1.9022222222222223;5;1.85;0.65;2
100;416;4.16;58;4.16;10;8.32;58;0.6921368876113557;99;0.39424141749723146;2.511111111111111;6;1.85;0.65;2
100;335;3.35;27;3.35;8;6.7;27;0.6161017856574972;97;0.4602211915804495;3.116676973819831;7;1.85;0.65;2
100;360;3.6;37;3.6;9;7.2;37;0.7019810744351606;97;0.39388099253192;2.8527272727272726;8;1.85;0.65;2
100;416;4.16;62;4.16;10;8.32;62;0.7658598167830295;99;0.35843905572506823;2.383030303030303;9;1.85;0.65;2
100;408;4.08;99;4.08;8;8.16;99;0.7441189076674851;99;0.2521460602178091;1.9175757575757575;0;1.85;0.75;2
100;577;5.77;47;5.77;9;11.54;47;0.7020852071116077;100;0.40383444917833233;2.245050505050505;1;1.85;0.75;2
100;485;4.85;69;4.85;11;9.7;69;0.6714944334353998;99;0.3709464803585552;2.255757575757576;2;1.85;0.75;2
100;436;4.36;69;4.36;9;8.72;69;0.7211494983956768;100;0.2804923535994032;2.124040404040404;3;1.85;0.75;2
100;395;3.95;99;3.95;8;7.9;99;0.7634389449510993;99;0.24688374459425083;1.9202020202020202;4;1.85;0.75;2
100;542;5.42;99;5.42;12;10.84;99;0.7586394399265434;100;0.30148190136853187;1.8905050505050505;5;1.85;0.75;2
100;484;4.84;83;4.84;10;9.68;83;0.7294251314751361;100;0.3538980600072298;2.117777777777778;6;1.85;0.75;2
100;379;3.79;30;3.79;8;7.58;30;0.6283275164086571;98;0.44065040650406506;2.8555555555555556;7;1.85;0.75;2
100;434;4.34;59;4.34;10;8.68;59;0.7299213661075142;98;0.3643272239606616;2.407070707070707;8;1.85;0.75;2
100;485;4.85;84;4.85;11;9.7;84;0.7859893035450629;100;0.3200596252129472;2.083030303030303;9;1.85;0.75;2
100;456;4.56;99;4.56;9;9.12;99;0.7291029493397376;100;0.27710706150341685;1.907878787878788;0;1.85;0.85;2
100;681;6.81;58;6.81;11;13.62;59;0.7099712733001832;100;0.39190334887664263;2.0327272727272727;1;1.85;0.85;2
100;558;5.58;85;5.58;12;11.16;85;0.6868688837448792;100;0.34613202194060905;2.028888888888889;2;1.85;0.85;2
100;528;5.28;85;5.28;9;10.56;86;0.7727078207942961;100;0.2556328443973991;1.9076767676767676;3;1.85;0.85;2
100;445;4.45;99;4.45;10;8.9;99;0.7458928892342056;99;0.27064676616915423;1.91010101010101;4;1.85;0.85;2
100;639;6.39;99;6.39;12;12.78;99;0.7576175218407352;100;0.3077384523095381;1.8709090909090909;5;1.85;0.85;2
100;540;5.4;95;5.4;12;10.8;95;0.7206509343448937;100;0.34720379146919433;1.9416161616161616;6;1.85;0.85;2
100;458;4.58;49;4.58;11;9.16;49;0.6415140323761939;99;0.3996584116140051;2.5026262626262628;7;1.85;0.85;2
100;505;5.05;75;5.05;12;10.1;75;0.7316495478203374;99;0.3445109368551383;2.1145454545454547;8;1.85;0.85;2
100;574;5.74;96;5.74;11;11.48;96;0.7751614630140362;100;0.3108358673885634;1.9012121212121211;9;1.85;0.85;2
100;503;5.03;99;5.03;10;10.06;99;0.7121066044459187;100;0.2976430298146656;1.8983838383838383;0;1.85;0.95;2
100;853;8.53;75;8.53;13;17.06;76;0.7105706544196966;100;0.38086798651335696;1.8529292929292929;1;1.85;0.95;2
100;641;6.41;96;6.41;13;12.82;96;0.6892734894119877;100;0.335457218876908;1.8983838383838383;2;1.85;0.95;2
100;609;6.09;98;6.09;11;12.18;98;0.7991061197664143;100;0.26355730349526396;1.876969696969697;3;1.85;0.95;2
100;501;5.01;99;5.01;10;10.02;99;0.7516048192706477;100;0.2801399354144241;1.8987878787878787;4;1.85;0.95;2
100;749;7.49;99;7.49;13;14.98;99;0.7669546688383416;100;0.31765019789211546;1.8486868686868687;5;1.85;0.95;2
100;615;6.15;99;6.15;13;12.3;99;0.7053997567646132;100;0.3525;1.8757575757575757;6;1.85;0.95;2
100;530;5.3;63;5.3;13;10.6;63;0.6514826885557135;100;0.3816664651106543;2.238989898989899;7;1.85;0.95;2
100;590;5.9;90;5.9;12;11.8;90;0.7271230362207622;100;0.3240079511153648;1.9408080808080808;8;1.85;0.95;2
100;650;6.5;99;6.5;12;13.0;99;0.7831926178033704;100;0.30529035156688755;1.8686868686868687;9;1.85;0.95;2
100;183;1.83;8;1.83;5;3.66;9;0.5966179653679653;88;0.46219686162624823;5.740247605699603;0;2.05;0.05;2
100;251;2.51;15;2.51;6;5.02;15;0.5774331403363662;93;0.4099616858237548;3.7772766323024056;1;2.05;0.05;2
100;227;2.27;11;2.27;8;4.54;11;0.5567266744096012;82;0.5282714054927302;4.3120429058995615;2;2.05;0.05;2
100;178;1.78;10;1.78;6;3.56;10;0.5808168795973674;82;0.508100147275405;5.648182957393484;3;2.05;0.05;2
100;173;1.73;10;1.73;5;3.46;11;0.5643297082321472;82;0.4783904619970194;6.0884038199181445;4;2.05;0.05;2
100;213;2.13;14;2.13;6;4.26;15;0.6003170903170904;90;0.43909348441926344;4.383468537601403;5;2.05;0.05;2
100;202;2.02;11;2.02;5;4.04;12;0.5358601715744572;91;0.4460352422907489;4.284005201560468;6;2.05;0.05;2
100;184;1.84;9;1.84;7;3.68;11;0.601157878266312;83;0.5366795366795367;5.6654478976234;7;2.05;0.05;2
100;185;1.85;12;1.85;5;3.7;12;0.5644896941193237;81;0.41785714285714287;4.243575418994413;8;2.05;0.05;2
100;201;2.01;10;2.01;5;4.02;12;0.615868721225864;84;0.48514851485148514;4.249138201190849;9;2.05;0.05;2
100;213;2.13;19;2.13;5;4.26;19;0.6160767803624947;91;0.4111111111111111;4.090290661719233;0;2.05;0.15;2
100;278;2.78;17;2.78;6;5.56;17;0.586431310347719;95;0.4182767624020888;3.5234106529209623;1;2.05;0.15;2
100;244;2.44;12;2.44;8;4.88;12;0.56765639589169;85;0.5179558011049724;4.168228571428571;2;2.05;0.15;2
100;196;1.96;14;1.96;6;3.92;14;0.6191773173916031;84;0.49213483146067416;5.16557734204793;3;2.05;0.15;2
100;187;1.87;11;1.87;6;3.74;12;0.5605992700110347;85;0.45545796737766625;5.239082703098316;4;2.05;0.15;2
100;259;2.59;34;2.59;8;5.18;34;0.6572943637030324;95;0.38941587618572143;3.3195876288659796;5;2.05;0.15;2
100;229;2.29;13;2.29;5;4.58;13;0.5538878087265184;93;0.43478260869565216;3.955980244792785;6;2.05;0.15;2
100;207;2.07;12;2.07;7;4.14;13;0.5961658602835074;85;0.5166163141993958;5.246238356818725;7;2.05;0.15;2
100;204;2.04;13;2.04;6;4.08;15;0.5644328873740637;85;0.4355769230769231;3.9417502787068006;8;2.05;0.15;2
100;230;2.3;15;2.3;5;4.6;15;0.6030384388338934;88;0.4513064133016627;3.792026409344845;9;2.05;0.15;2
100;240;2.4;33;2.4;6;4.8;33;0.624343279181989;93;0.36900369003690037;3.637979797979798;0;2.05;0.25;2
100;305;3.05;21;3.05;7;6.1;21;0.6257297887073509;97;0.42134831460674155;3.364873222016079;1;2.05;0.25;2
100;274;2.74;15;2.74;8;5.48;16;0.6052895699447424;87;0.507791509940892;3.661942857142857;2;2.05;0.25;2
100;222;2.22;16;2.22;6;4.44;16;0.6079883911344585;89;0.4681933842239186;4.367167024064808;3;2.05;0.25;2
100;209;2.09;17;2.09;6;4.18;17;0.5866614695431615;89;0.43410138248847924;4.633516232281664;4;2.05;0.25;2
100;335;3.35;83;3.35;8;6.7;83;0.717881824573472;100;0.2422842358159305;2.2214141414141415;5;2.05;0.25;2
100;266;2.66;19;2.66;7;5.32;19;0.5730007620499981;93;0.45535714285714285;3.61412926776895;6;2.05;0.25;2
100;224;2.24;12;2.24;7;4.48;13;0.5933561330113054;87;0.5017331022530329;4.591948764867338;7;2.05;0.25;2
100;233;2.33;15;2.33;6;4.66;17;0.5918059946964611;87;0.43401552575864505;3.587503309504898;8;2.05;0.25;2
100;260;2.6;17;2.6;6;5.2;17;0.6227438472694639;93;0.4522332506203474;3.4641172088403276;9;2.05;0.25;2
100;284;2.84;54;2.84;7;5.68;54;0.6645353969286443;95;0.3001034839599862;2.806868686868687;0;2.05;0.35;2
100;345;3.45;22;3.45;7;6.9;23;0.64652980185802;99;0.43426165803108807;3.116470830756545;1;2.05;0.35;2
100;297;2.97;19;2.97;9;5.94;19;0.633141356598529;90;0.5018281535648994;3.403478634313936;2;2.05;0.35;2
100;247;2.47;21;2.47;6;4.94;21;0.6239276889151734;94;0.4470967741935484;4.012368583797155;3;2.05;0.35;2
100;236;2.36;26;2.36;6;4.72;26;0.6144977727586423;92;0.41827885256837893;4.179768041237113;4;2.05;0.35;2
100;389;3.89;99;3.89;9;7.78;99;0.7501804595761483;100;0.24009446339543428;1.9214141414141415;5;2.05;0.35;2
100;310;3.1;29;3.1;9;6.2;29;0.6188231946653033;94;0.4482894219425875;3.1589005797723857;6;2.05;0.35;2
100;261;2.61;14;2.61;7;5.22;15;0.5811637800401845;89;0.49471064094586187;4.079528718703976;7;2.05;0.35;2
100;257;2.57;19;2.57;6;5.14;19;0.6252407163110889;89;0.42857142857142855;3.3222133968758274;8;2.05;0.35;2
100;292;2.92;20;2.92;7;5.84;21;0.6663466122032752;94;0.46207215541165586;3.1452694313384653;9;2.05;0.35;2
100;342;3.42;90;3.42;7;6.84;90;0.7332295007598838;98;0.22478386167146974;2.0975757575757576;0;2.05;0.45;2
100;394;3.94;29;3.94;8;7.88;29;0.6557234325989901;99;0.42567567567567566;2.8945454545454545;1;2.05;0.45;2
100;342;3.42;24;3.42;9;6.84;25;0.6212565819636757;95;0.47092436974789914;3.146868686868687;2;2.05;0.45;2
100;284;2.84;28;2.84;7;5.68;28;0.6145183194931235;94;0.41851195748449954;3.5703030303030303;3;2.05;0.45;2
100;269;2.69;43;2.69;6;5.38;43;0.6367450184779517;93;0.34398976982097185;3.204502419524511;4;2.05;0.45;2
100;417;4.17;99;4.17;9;8.34;99;0.751879414627865;100;0.2607585703865791;1.9157575757575758;5;2.05;0.45;2
100;351;3.51;37;3.51;9;7.02;37;0.6549312549312549;94;0.4290697674418605;2.862143010521795;6;2.05;0.45;2
100;289;2.89;16;2.89;8;5.78;17;0.5891525818778635;94;0.4947526236881559;3.6501157163896485;7;2.05;0.45;2
100;290;2.9;22;2.9;7;5.8;22;0.6336667393475136;91;0.4171189979123173;3.179752587730371;8;2.05;0.45;2
100;337;3.37;35;3.37;8;6.74;35;0.6904790358216677;97;0.4339796860572484;3.012987012987013;9;2.05;0.45;2
100;374;3.74;99;3.74;8;7.48;99;0.7472492875090276;99;0.22641509433962265;1.9244444444444444;0;2.05;0.55;2
100;459;4.59;35;4.59;9;9.18;35;0.6774098853974305;100;0.4263879128601546;2.6264646464646466;1;2.05;0.55;2
100;402;4.02;37;4.02;10;8.04;37;0.6244313060973851;98;0.42916093535075656;2.72;2;2.05;0.55;2
100;336;3.36;39;3.36;7;6.72;40;0.6396404609704404;96;0.3716517857142857;2.777171717171717;3;2.05;0.55;2
100;317;3.17;58;3.17;8;6.34;58;0.6634765381071507;97;0.3176470588235294;2.6210814222596257;4;2.05;0.55;2
100;469;4.69;99;4.69;10;9.38;99;0.7394864265362551;100;0.2793232302262819;1.9052525252525252;5;2.05;0.55;2
100;398;3.98;48;3.98;10;7.96;48;0.6661765697286639;99;0.41744820065430754;2.6494949494949496;6;2.05;0.55;2
100;337;3.37;25;3.37;8;6.74;25;0.6126705907159771;97;0.46683399067766224;3.1203875489589774;7;2.05;0.55;2
100;337;3.37;27;3.37;8;6.74;28;0.6525744802372924;96;0.4225097803189889;3.195353535353535;8;2.05;0.55;2
100;390;3.9;51;3.9;9;7.8;51;0.7482678582588547;98;0.3878550440744368;2.535971964543393;9;2.05;0.55;2
100;403;4.03;99;4.03;8;8.06;99;0.7456407807841204;99;0.2492836676217765;1.9185858585858586;0;2.05;0.65;2
100;536;5.36;42;5.36;9;10.72;42;0.6893562823500972;100;0.41752958579881655;2.37030303030303;1;2.05;0.65;2
100;471;4.71;55;4.71;10;9.42;55;0.6541206330194272;99;0.4095736493766354;2.394343434343434;2;2.05;0.65;2
100;398;3.98;49;3.98;9;7.96;50;0.6500452044667618;100;0.3407487791644059;2.43030303030303;3;2.05;0.65;2
100;381;3.81;88;3.81;8;7.62;88;0.7251480157646282;99;0.26214468341103925;2.091111111111111;4;2.05;0.65;2
100;522;5.22;99;5.22;10;10.44;99;0.7467074164535167;100;0.30005305978068625;1.8945454545454545;5;2.05;0.65;2
100;461;4.61;64;4.61;10;9.22;64;0.7059992730814898;99;0.4016033882922402;2.3696969696969696;6;2.05;0.65;2
100;372;3.72;29;3.72;8;7.44;29;0.6308067532556239;98;0.46227233304423243;2.963030303030303;7;2.05;0.65;2
100;401;4.01;44;4.01;10;8.02;44;0.6713087365798742;98;0.389761489237929;2.6428282828282827;8;2.05;0.65;2
100;454;4.54;66;4.54;11;9.08;66;0.7560551424175186;100;0.36103151862464183;2.270909090909091;9;2.05;0.65;2
100;443;4.43;99;4.43;9;8.86;99;0.7260401331800049;100;0.27522608281770583;1.9105050505050505;0;2.05;0.75;2
100;647;6.47;51;6.47;10;12.94;51;0.7002725787452121;100;0.41028580787814267;2.1418181818181816;1;2.05;0.75;2
100;549;5.49;77;5.49;12;10.98;77;0.6877326161957673;100;0.3822575583220002;2.1244444444444444;2;2.05;0.75;2
100;491;4.91;77;4.91;9;9.82;77;0.7289194205540594;100;0.2890546260834509;2.0296969696969698;3;2.05;0.75;2
100;429;4.29;99;4.29;9;8.58;99;0.7424245662333734;99;0.26618874133270654;1.9133333333333333;4;2.05;0.75;2
100;588;5.88;99;5.88;12;11.76;99;0.7329830363686061;100;0.3178719620628334;1.8812121212121211;5;2.05;0.75;2
100;521;5.21;85;5.21;11;10.42;85;0.7129172469711691;100;0.3689034369885434;2.0791919191919193;6;2.05;0.75;2
100;439;4.39;34;4.39;10;8.78;34;0.6489198117464756;98;0.4492339121552605;2.6662626262626263;7;2.05;0.75;2
100;482;4.82;63;4.82;11;9.64;63;0.7214324025266922;99;0.3764371368525158;2.2822222222222224;8;2.05;0.75;2
100;530;5.3;85;5.3;11;10.6;85;0.7735301921606808;100;0.3334573528043903;2.0446464646464646;9;2.05;0.75;2
100;496;4.96;99;4.96;10;9.92;99;0.7224273360996993;100;0.3005266962718166;1.8997979797979798;0;2.05;0.85;2
100;775;7.75;66;7.75;13;15.5;66;0.7107904509160433;100;0.40081238335711933;1.941010101010101;1;2.05;0.85;2
100;625;6.25;92;6.25;13;12.5;92;0.697273934812439;100;0.358356290174472;1.9381818181818182;2;2.05;0.85;2
100;575;5.75;91;5.75;10;11.5;91;0.7768978410403997;100;0.2806334720171789;1.8907070707070708;3;2.05;0.85;2
100;476;4.76;99;4.76;10;9.52;99;0.7419147066177354;100;0.2862630142525018;1.9038383838383839;4;2.05;0.85;2
100;705;7.05;99;7.05;13;14.1;99;0.7489093385762338;100;0.32538197692547555;1.8575757575757577;5;2.05;0.85;2
100;597;5.97;98;5.97;12;11.94;98;0.7076133916440971;100;0.35960912052117266;1.89010101010101;6;2.05;0.85;2
100;517;5.17;54;5.17;12;10.34;54;0.667338816041756;100;0.41088709677419355;2.321010101010101;7;2.05;0.85;2
100;557;5.57;79;5.57;12;11.14;79;0.7330514814341401;100;0.3524921024921025;2.038989898989899;8;2.05;0.85;2
100;616;6.16;98;6.16;11;12.32;98;0.7738161002943948;100;0.3167689695703278;1.8777777777777778;9;2.05;0.85;2
100;551;5.51;99;5.51;10;11.02;99;0.7118743287887436;100;0.32447048219918884;1.8886868686868687;0;2.05;0.95;2
100;937;9.37;82;9.37;15;18.74;83;0.7190475168037183;100;0.3870067613494079;1.8107070707070707;1;2.05;0.95;2
100;720;7.2;98;7.2;15;14.4;98;0.688848383666193;100;0.3537866543523436;1.8585858585858586;2;2.05;0.95;2
100;656;6.56;98;6.56;11;13.12;99;0.7986372861381383;100;0.2779442613125562;1.8674747474747475;3;2.05;0.95;2
100;535;5.35;99;5.35;11;10.7;99;0.733600928064209;100;0.2881646655231561;1.891919191919192;4;2.05;0.95;2
100;819;8.19;99;8.19;15;16.38;99;0.7645929792176165;100;0.3362411402757224;1.8345454545454545;5;2.05;0.95;2
100;669;6.69;99;6.69;13;13.38;99;0.6939668429823622;100;0.36137361906029547;1.8648484848484848;6;2.05;0.95;2
100;593;5.93;70;5.93;13;11.86;70;0.6631401917847144;100;0.38947062245491565;2.109292929292929;7;2.05;0.95;2
100;672;6.72;95;6.72;13;13.44;95;0.7171614353892762;100;0.33643695884236746;1.8882828282828283;8;2.05;0.95;2
100;698;6.98;99;6.98;12;13.96;99;0.7739891389021917;100;0.3128584364624208;1.858989898989899;9;2.05;0.95;2
100;206;2.06;9;2.06;6;4.12;10;0.5796964939822082;91;0.4533333333333333;4.596254996844099;0;2.25;0.05;2
100;272;2.72;16;2.72;6;5.44;16;0.5800660332575227;94;0.4183729939125623;3.6284364261168385;1;2.25;0.05;2
100;252;2.52;11;2.52;8;5.04;12;0.5648323571852985;85;0.5056179775280899;3.9115065821550465;2;2.25;0.05;2
100;194;1.94;11;1.94;6;3.88;11;0.5610763093116035;85;0.4864864864864865;4.975026014568158;3;2.25;0.05;2
100;185;1.85;11;1.85;6;3.7;12;0.5692534107306835;88;0.48616600790513836;5.575188949700287;4;2.25;0.05;2
100;235;2.35;15;2.35;7;4.7;16;0.6021353947984384;92;0.44051204819277107;3.966235474676606;5;2.25;0.05;2
100;228;2.28;11;2.28;6;4.56;12;0.5485711148754627;92;0.4523809523809524;4.149237706678119;6;2.25;0.05;2
100;206;2.06;11;2.06;7;4.12;13;0.6023981900452489;85;0.5173469387755102;5.227851260294485;7;2.25;0.05;2
100;205;2.05;12;2.05;5;4.1;14;0.5335197870912156;84;0.4306930693069307;4.137632078027635;8;2.25;0.05;2
100;231;2.31;12;2.31;5;4.62;15;0.5912980739067695;92;0.47447698744769873;3.8029728941999417;9;2.25;0.05;2
100;234;2.34;21;2.34;7;4.68;21;0.6017928905025679;93;0.4259401381427475;3.927643784786642;0;2.25;0.15;2
100;302;3.02;19;3.02;7;6.04;19;0.6177587783697497;96;0.4400715563506261;3.4117268041237114;1;2.25;0.15;2
100;277;2.77;13;2.77;8;5.54;14;0.5609363504712341;86;0.5010741138560687;3.6614857142857145;2;2.25;0.15;2
100;217;2.17;15;2.17;6;4.34;15;0.5767798368921965;89;0.48298068077276907;4.801446416831032;3;2.25;0.15;2
100;200;2.0;13;2.0;6;4.0;13;0.5789120755787422;90;0.4503239740820734;5.1097874328427935;4;2.25;0.15;2
100;284;2.84;36;2.84;8;5.68;36;0.631854118861396;97;0.3877465379773395;3.170686456400742;5;2.25;0.15;2
100;253;2.53;14;2.53;6;5.06;14;0.5434658531432726;93;0.45176960444136016;3.7876315224393386;6;2.25;0.15;2
100;231;2.31;12;2.31;7;4.62;13;0.5824355568673751;88;0.5004149377593361;4.363636363636363;7;2.25;0.15;2
100;229;2.29;14;2.29;6;4.58;16;0.5675527537596502;87;0.43537414965986393;3.6867884564469153;8;2.25;0.15;2
100;251;2.51;15;2.51;6;5.02;15;0.616646973098586;93;0.468232044198895;3.625952260030472;9;2.25;0.15;2
100;263;2.63;34;2.63;7;5.26;34;0.6418927651405749;94;0.3830793483972675;3.4531313131313133;0;2.25;0.25;2
100;337;3.37;21;3.37;7;6.74;21;0.6332785397636697;99;0.4350262697022767;3.172954030096887;1;2.25;0.25;2
100;305;3.05;16;3.05;9;6.1;17;0.5742810769636885;91;0.5111402359108781;3.5804165771956193;2;2.25;0.25;2
100;245;2.45;18;2.45;6;4.9;19;0.6049773034531944;94;0.4575569358178054;4.190476190476191;3;2.25;0.25;2
100;226;2.26;18;2.26;6;4.52;18;0.587066506717444;91;0.4353312302839117;4.209876543209877;4;2.25;0.25;2
100;356;3.56;87;3.56;9;7.12;87;0.7253889181228691;100;0.25372393247269115;2.1543434343434344;5;2.25;0.25;2
100;298;2.98;22;2.98;8;5.96;22;0.5887271085088922;93;0.45652173913043476;3.3941943626419855;6;2.25;0.25;2
100;259;2.59;13;2.59;7;5.18;15;0.57161252327919;90;0.4942528735632184;4.084621993127148;7;2.25;0.25;2
100;254;2.54;18;2.54;6;5.08;19;0.6061537719168594;88;0.43876337693222356;3.38337304739211;8;2.25;0.25;2
100;289;2.89;17;2.89;6;5.78;18;0.6313341174886857;94;0.46813848469643754;3.308666501117457;9;2.25;0.25;2
100;312;3.12;61;3.12;7;6.24;61;0.6797043406896374;97;0.2988313856427379;2.639393939393939;0;2.25;0.35;2
100;379;3.79;23;3.79;7;7.58;24;0.6543920542517361;99;0.43337783711615485;2.9488765203050917;1;2.25;0.35;2
100;344;3.44;22;3.44;9;6.88;22;0.5839245860522456;94;0.48844323589394967;3.2395959595959596;2;2.25;0.35;2
100;276;2.76;23;2.76;7;5.52;23;0.5758276623023373;97;0.44335736354273947;3.7753040610183466;3;2.25;0.35;2
100;257;2.57;27;2.57;6;5.14;27;0.5948925427420051;93;0.42536023054755046;3.8917525773195876;4;2.25;0.35;2
100;406;4.06;99;4.06;9;8.12;99;0.7417412630056583;100;0.2555443548387097;1.917979797979798;5;2.25;0.35;2
100;336;3.36;30;3.36;9;6.72;30;0.6244694007711713;95;0.4460700918679823;3.0782498948254102;6;2.25;0.35;2
100;288;2.88;15;2.88;7;5.76;15;0.5682285456479004;93;0.49290060851926976;3.6694719124763306;7;2.25;0.35;2
100;277;2.77;19;2.77;7;5.54;20;0.6264567752699847;90;0.4300391389432485;3.284275755228505;8;2.25;0.35;2
100;317;3.17;21;3.17;7;6.34;23;0.6607730668231422;94;0.46072684642438455;3.1558943525875027;9;2.25;0.35;2
100;372;3.72;92;3.72;7;7.44;92;0.7270935887962936;99;0.24468085106382978;2.0385858585858587;0;2.25;0.45;2
100;441;4.41;32;4.41;9;8.82;32;0.6734590510749947;100;0.4323853743470691;2.711919191919192;1;2.25;0.45;2
100;393;3.93;25;3.93;9;7.86;26;0.6107947159103049;97;0.47206923682140045;2.926262626262626;2;2.25;0.45;2
100;322;3.22;31;3.22;8;6.44;31;0.5949211998184813;98;0.4090438384535727;3.125050505050505;3;2.25;0.45;2
100;300;3.0;47;3.0;7;6.0;47;0.6330196642557345;95;0.3500522466039707;2.979179550608122;4;2.25;0.45;2
100;451;4.51;99;4.51;9;9.02;99;0.7288428143012105;100;0.278183657412611;1.9088888888888889;5;2.25;0.45;2
100;380;3.8;39;3.8;9;7.6;39;0.6651892601037634;97;0.4349044585987261;2.7848484848484847;6;2.25;0.45;2
100;328;3.28;21;3.28;8;6.56;21;0.5927490181602023;96;0.4792147806004619;3.1498001262360615;7;2.25;0.45;2
100;318;3.18;25;3.18;7;6.36;26;0.6506925282690443;96;0.4200833912439194;3.707689136260565;8;2.25;0.45;2
100;367;3.67;39;3.67;9;7.34;39;0.7064404010034349;98;0.4256134969325153;2.7967429396000822;9;2.25;0.45;2
100;396;3.96;99;3.96;8;7.92;99;0.739084874608175;99;0.2439903846153846;1.92;0;2.25;0.55;2
100;504;5.04;35;5.04;9;10.08;35;0.6673311016979412;100;0.432408630559225;2.524848484848485;1;2.25;0.55;2
100;455;4.55;44;4.55;10;9.1;44;0.6216846777725136;99;0.4313270226826219;2.558181818181818;2;2.25;0.55;2
100;367;3.67;41;3.67;9;7.34;42;0.6218279830629255;99;0.38868745467730237;2.6917171717171717;3;2.25;0.55;2
100;350;3.5;63;3.5;8;7.0;63;0.6649364804389039;98;0.3205795788997057;2.4874747474747476;4;2.25;0.55;2
100;502;5.02;99;5.02;10;10.04;99;0.7252873329034049;100;0.2980667500240454;1.8985858585858586;5;2.25;0.55;2
100;439;4.39;51;4.39;10;8.78;51;0.6766872428222502;99;0.42778288868445263;2.5585858585858587;6;2.25;0.55;2
100;365;3.65;26;3.65;8;7.3;26;0.6247908446636543;97;0.476857490864799;2.9969078540507113;7;2.25;0.55;2
100;368;3.68;30;3.68;8;7.36;30;0.6808746662307088;98;0.41858698404659406;2.9832323232323232;8;2.25;0.55;2
100;426;4.26;56;4.26;10;8.52;56;0.7331639206205302;99;0.3890648441406901;2.4424242424242424;9;2.25;0.55;2
100;436;4.36;99;4.36;9;8.72;99;0.7303856478628303;99;0.27524608093328473;1.911919191919192;0;2.25;0.65;2
100;596;5.96;46;5.96;10;11.92;46;0.6867579318825144;100;0.4212196331184928;2.269090909090909;1;2.25;0.65;2
100;524;5.24;60;5.24;11;10.48;60;0.667575287021517;100;0.41798267957208357;2.296161616161616;2;2.25;0.65;2
100;441;4.41;55;4.41;10;8.82;55;0.6715523986603703;100;0.3412280701754386;2.303838383838384;3;2.25;0.65;2
100;408;4.08;89;4.08;8;8.16;89;0.7199355832779724;99;0.2785833798103737;2.063030303030303;4;2.25;0.65;2
100;565;5.65;99;5.65;10;11.3;99;0.7298759475099513;100;0.32036947010209044;1.885858585858586;5;2.25;0.65;2
100;501;5.01;69;5.01;10;10.02;69;0.6836018721011804;100;0.39960629921259844;2.2684848484848485;6;2.25;0.65;2
100;418;4.18;30;4.18;9;8.36;30;0.6515840827181825;98;0.4591555759522717;2.744646464646465;7;2.25;0.65;2
100;446;4.46;50;4.46;10;8.92;50;0.7089863972964342;98;0.3912637960516089;2.4555555555555557;8;2.25;0.65;2
100;488;4.88;71;4.88;11;9.76;71;0.7540482474994055;100;0.3596293216110253;2.1933333333333334;9;2.25;0.65;2
100;485;4.85;99;4.85;9;9.7;99;0.7277723872251477;100;0.29961423060437203;1.902020202020202;0;2.25;0.75;2
100;697;6.97;55;6.97;11;13.94;56;0.7042894009755372;100;0.4214219231044605;2.084040404040404;1;2.25;0.75;2
100;596;5.96;81;5.96;13;11.92;81;0.6890939331745608;100;0.3924165457184325;2.062626262626263;2;2.25;0.75;2
100;535;5.35;82;5.35;10;10.7;82;0.7376701282663943;100;0.3008698618454716;1.9674747474747474;3;2.25;0.75;2
100;460;4.6;99;4.6;9;9.2;99;0.7408466742234313;100;0.28312990409764605;1.9070707070707071;4;2.25;0.75;2
100;661;6.61;99;6.61;12;13.22;99;0.734387112963153;100;0.3341135887643218;1.8664646464646464;5;2.25;0.75;2
100;571;5.71;93;5.71;12;11.42;93;0.7062848880404909;100;0.36934332941920334;1.9563636363636363;6;2.25;0.75;2
100;495;4.95;43;4.95;11;9.9;43;0.6610367029460146;98;0.4352813517284142;2.4563636363636365;7;2.25;0.75;2
100;519;5.19;66;5.19;11;10.38;66;0.7227702087421233;99;0.380751782242385;2.2163636363636363;8;2.25;0.75;2
100;576;5.76;89;5.76;11;11.52;89;0.756710743147749;100;0.3392354124748491;1.9737373737373738;9;2.25;0.75;2
100;541;5.41;99;5.41;11;10.82;99;0.7155407508570505;100;0.3263246425567704;1.8907070707070708;0;2.25;0.85;2
100;851;8.51;70;8.51;14;17.02;70;0.7137874738934481;100;0.4098632407791131;1.886060606060606;1;2.25;0.85;2
100;679;6.79;93;6.79;14;13.58;93;0.6951929733664811;100;0.3713959271456415;1.9052525252525252;2;2.25;0.85;2
100;614;6.14;94;6.14;11;12.28;94;0.7797204250730451;100;0.29384634057531256;1.882020202020202;3;2.25;0.85;2
100;513;5.13;99;5.13;10;10.26;99;0.7399945477153445;100;0.2983636363636364;1.8963636363636365;4;2.25;0.85;2
100;770;7.7;99;7.7;13;15.4;99;0.7573352963759948;100;0.3418494234682342;1.8444444444444446;5;2.25;0.85;2
100;647;6.47;98;6.47;13;12.94;98;0.7119831924581945;100;0.3740121039515842;1.8791919191919193;6;2.25;0.85;2
100;554;5.54;59;5.54;12;11.08;59;0.6739705100658131;100;0.4105042506113893;2.243030303030303;7;2.25;0.85;2
100;601;6.01;81;6.01;12;12.02;81;0.7196036294818217;100;0.35856573705179284;2.0026262626262628;8;2.25;0.85;2
100;670;6.7;99;6.7;12;13.4;99;0.7603689072112804;100;0.33125541125541125;1.8646464646464647;9;2.25;0.85;2
100;598;5.98;99;5.98;12;11.96;99;0.7122042778820353;100;0.3450363196125908;1.8791919191919193;0;2.25;0.95;2
100;1014;10.14;86;10.14;17;20.28;87;0.714486944717206;100;0.40028829280521433;1.7951515151515152;1;2.25;0.95;2
100;787;7.87;99;7.87;15;15.74;99;0.6961183127876862;100;0.37361152806964876;1.841010101010101;2;2.25;0.95;2
100;693;6.93;99;6.93;12;13.86;99;0.7947324463743657;100;0.28858498464973487;1.86;3;2.25;0.95;2
100;583;5.83;99;5.83;12;11.66;99;0.7366699232051999;100;0.30843967517401394;1.8822222222222222;4;2.25;0.95;2
100;862;8.62;99;8.62;15;17.24;99;0.7650114360270048;100;0.3505997818974918;1.8258585858585858;5;2.25;0.95;2
100;718;7.18;99;7.18;13;14.36;99;0.6988455824363164;100;0.3782312111057922;1.854949494949495;6;2.25;0.95;2
100;633;6.33;78;6.33;13;12.66;78;0.680011534434216;100;0.3859229309348956;2.020808080808081;7;2.25;0.95;2
100;740;7.4;98;7.4;14;14.8;98;0.7134170613074099;100;0.34162205433531795;1.854949494949495;8;2.25;0.95;2
100;761;7.61;99;7.61;13;15.22;99;0.7523877967910699;100;0.3330462375339982;1.8462626262626263;9;2.25;0.95;2
100;226;2.26;11;2.26;8;4.52;12;0.595477819671368;93;0.45863309352517984;4.215653271617925;0;2.45;0.05;2
100;298;2.98;17;2.98;7;5.96;17;0.5787536618575417;94;0.4384508990318119;3.506206606353882;1;2.45;0.05;2
100;278;2.78;14;2.78;8;5.56;15;0.5518343087308604;87;0.5127095727420227;3.9894857142857143;2;2.45;0.05;2
100;209;2.09;12;2.09;6;4.18;12;0.5372926698769396;89;0.48580441640378547;5.032215647600263;3;2.45;0.05;2
100;197;1.97;11;1.97;6;3.94;12;0.5917943479741232;89;0.476409666283084;4.9700286682303885;4;2.45;0.05;2
100;259;2.59;16;2.59;7;5.18;18;0.6034042544004593;93;0.4370860927152318;3.6744135058101293;5;2.45;0.05;2
100;253;2.53;11;2.53;6;5.06;12;0.5495011559527689;93;0.4666666666666667;3.9209087084560372;6;2.45;0.05;2
100;225;2.25;11;2.25;7;4.5;13;0.5684815830164668;86;0.5196850393700787;4.638151875571821;7;2.45;0.05;2
100;218;2.18;12;2.18;6;4.36;14;0.5510215882308905;86;0.44395796847635727;3.936602546735302;8;2.45;0.05;2
100;251;2.51;12;2.51;6;5.02;16;0.5908141440399505;93;0.4788135593220339;3.6952232606438216;9;2.45;0.05;2
100;251;2.51;21;2.51;8;5.02;21;0.6264833865897697;94;0.4369918699186992;3.7295403009688726;0;2.45;0.15;2
100;326;3.26;19;3.26;7;6.52;19;0.6231453369006581;96;0.44577861163227017;3.3357879234167895;1;2.45;0.15;2
100;306;3.06;15;3.06;8;6.12;18;0.5326096466761429;92;0.507323568575233;3.6829519686662544;2;2.45;0.15;2
100;239;2.39;16;2.39;7;4.78;16;0.5695223511712874;94;0.4781609195402299;4.509791795506081;3;2.45;0.15;2
100;220;2.2;15;2.2;6;4.4;15;0.5769228329667889;91;0.44148936170212766;4.390032007315958;4;2.45;0.15;2
100;310;3.1;39;3.1;8;6.2;39;0.6369720798742408;98;0.39513242662848963;3.0783838383838384;5;2.45;0.15;2
100;281;2.81;14;2.81;8;5.62;16;0.5628459897076918;94;0.46766169154228854;3.6554480437526293;6;2.45;0.15;2
100;250;2.5;12;2.5;7;5.0;13;0.5534538917872251;90;0.49056603773584906;3.996641289744738;7;2.45;0.15;2
100;243;2.43;14;2.43;6;4.86;18;0.5913885282869239;88;0.446164199192463;3.55070161503839;8;2.45;0.15;2
100;278;2.78;15;2.78;6;5.56;16;0.6070937834095729;95;0.4802036199095023;3.49757045675413;9;2.45;0.15;2
100;289;2.89;39;2.89;8;5.78;39;0.6500222655969164;98;0.3775684931506849;3.157171717171717;0;2.45;0.25;2
100;367;3.67;22;3.67;7;7.34;23;0.6323943248229522;99;0.43517441860465117;3.073131313131313;1;2.45;0.25;2
100;336;3.36;17;3.36;9;6.72;18;0.5646749904814421;93;0.5057048214942952;3.2960214388785816;2;2.45;0.25;2
100;268;2.68;18;2.68;7;5.36;19;0.6068127517407229;98;0.4762187871581451;3.99443413729128;3;2.45;0.25;2
100;245;2.45;18;2.45;6;4.9;18;0.5859748840247562;92;0.45083102493074795;4.068710832587287;4;2.45;0.25;2
100;390;3.9;90;3.9;9;7.8;90;0.7144313551250099;100;0.2710816777041943;2.0739393939393937;5;2.45;0.25;2
100;327;3.27;27;3.27;8;6.54;27;0.6173330177387535;95;0.44436174171938964;3.1365166175851913;6;2.45;0.25;2
100;282;2.82;14;2.82;7;5.64;15;0.5415837448095512;93;0.4805747738158595;3.6532716179255207;7;2.45;0.25;2
100;264;2.64;18;2.64;6;5.28;19;0.6166247057991124;90;0.4376391982182628;3.35351966873706;8;2.45;0.25;2
100;308;3.08;18;3.08;7;6.16;19;0.6300634630518939;95;0.469119579500657;3.4906204906204907;9;2.45;0.25;2
100;343;3.43;67;3.43;8;6.86;67;0.6889481312027671;99;0.30539341583002566;2.493939393939394;0;2.45;0.35;2
100;415;4.15;26;4.15;8;8.3;26;0.6406746622186524;99;0.4354515050167224;2.8612121212121213;1;2.45;0.35;2
100;371;3.71;22;3.71;9;7.42;22;0.5823278386237944;96;0.4880382775119617;3.0824242424242425;2;2.45;0.35;2
100;300;3.0;24;3.0;7;6.0;24;0.5916378390241849;98;0.4515845070422535;3.4759843331271902;3;2.45;0.35;2
100;278;2.78;32;2.78;7;5.56;32;0.6017335758499107;94;0.40459110473457677;3.430044182621502;4;2.45;0.35;2
100;436;4.36;99;4.36;9;8.72;99;0.7228636228878262;100;0.2738559772969138;1.911919191919192;5;2.45;0.35;2
100;362;3.62;31;3.62;9;7.24;31;0.6272440488602776;97;0.446978672985782;3.070909090909091;6;2.45;0.35;2
100;310;3.1;15;3.1;8;6.2;16;0.5431120384245384;96;0.4921052631578947;3.38396802019777;7;2.45;0.35;2
100;299;2.99;19;2.99;7;5.98;21;0.6273631133413415;93;0.42391304347826086;3.8342099726488534;8;2.45;0.35;2
100;340;3.4;23;3.4;8;6.8;24;0.6692381945783217;97;0.45934959349593496;3.0735930735930737;9;2.45;0.35;2
100;387;3.87;92;3.87;8;7.74;92;0.71906480952633;99;0.2563758389261745;2.0353535353535355;0;2.45;0.45;2
100;483;4.83;34;4.83;9;9.66;34;0.6605291473165671;100;0.4366036505867014;2.624242424242424;1;2.45;0.45;2
100;429;4.29;29;4.29;9;8.58;29;0.6008142824336217;97;0.46047733742062624;2.8;2;2.45;0.45;2
100;343;3.43;32;3.43;8;6.86;32;0.6194880764762266;98;0.40765290750225974;2.91030303030303;3;2.45;0.45;2
100;325;3.25;49;3.25;8;6.5;49;0.6471796335207516;97;0.3657435279951836;2.7961245104102246;4;2.45;0.45;2
100;484;4.84;99;4.84;10;9.68;99;0.72163609701845;100;0.29877857813968056;1.9022222222222223;5;2.45;0.45;2
100;421;4.21;41;4.21;10;8.42;41;0.6602595115115366;99;0.4535031847133758;2.7115151515151514;6;2.45;0.45;2
100;362;3.62;24;3.62;8;7.24;24;0.6142366893456374;96;0.47819265767179164;3.0072150072150072;7;2.45;0.45;2
100;350;3.5;28;3.5;7;7.0;29;0.6690303552440791;97;0.4281984334203655;3.158181818181818;8;2.45;0.45;2
100;393;3.93;43;3.93;9;7.86;43;0.7073215778505825;99;0.42026143790849674;2.6794475365903936;9;2.45;0.45;2
100;430;4.3;99;4.3;10;8.6;99;0.7249489680982852;99;0.2715116998885725;1.9131313131313132;0;2.45;0.55;2
100;544;5.44;37;5.44;9;10.88;37;0.6723557757830642;100;0.43743768693918245;2.439191919191919;1;2.45;0.55;2
100;500;5.0;52;5.0;11;10.0;52;0.6395174916317734;100;0.4318912598655364;2.415959595959596;2;2.45;0.55;2
100;397;3.97;42;3.97;9;7.94;43;0.6547930915555031;99;0.39565309136948723;2.6;3;2.45;0.55;2
100;373;3.73;66;3.73;8;7.46;66;0.6708710428848341;99;0.3260738052026618;2.411111111111111;4;2.45;0.55;2
100;536;5.36;99;5.36;10;10.72;99;0.7199043489190547;100;0.31384779896631615;1.8917171717171717;5;2.45;0.55;2
100;485;4.85;56;4.85;10;9.7;56;0.6755163297309215;99;0.42934455802766086;2.4331313131313133;6;2.45;0.55;2
100;404;4.04;29;4.04;8;8.08;29;0.6354476405856304;98;0.47179231153270096;2.855757575757576;7;2.45;0.55;2
100;407;4.07;34;4.07;9;8.14;34;0.6799583242538684;98;0.41349516560378524;2.7395959595959596;8;2.45;0.55;2
100;462;4.62;59;4.62;11;9.24;59;0.7259152091859855;99;0.3958664546899841;2.367070707070707;9;2.45;0.55;2
100;466;4.66;99;4.66;10;9.32;99;0.7250828858766093;100;0.2926497277676951;1.905858585858586;0;2.45;0.65;2
100;647;6.47;48;6.47;10;12.94;48;0.6861439091781432;100;0.42794983363194267;2.1929292929292927;1;2.45;0.65;2
100;555;5.55;62;5.55;11;11.1;62;0.6646547011950572;100;0.4229044498102794;2.2551515151515154;2;2.45;0.65;2
100;477;4.77;60;4.77;10;9.54;60;0.6942389587075888;100;0.3407295975930801;2.20989898989899;3;2.45;0.65;2
100;442;4.42;91;4.42;8;8.84;91;0.7184641518116334;99;0.29668258356370947;2.0173737373737373;4;2.45;0.65;2
100;608;6.08;99;6.08;12;12.16;99;0.7223381654728869;100;0.33907451212300416;1.8771717171717173;5;2.45;0.65;2
100;544;5.44;73;5.44;11;10.88;73;0.6907526173297356;100;0.4043824701195219;2.1945454545454544;6;2.45;0.65;2
100;460;4.6;33;4.6;10;9.2;33;0.6664716773775661;98;0.45853750471164717;2.6002020202020204;7;2.45;0.65;2
100;499;4.99;59;4.99;11;9.98;59;0.7076409102918958;99;0.3959541137288763;2.317979797979798;8;2.45;0.65;2
100;532;5.32;75;5.32;11;10.64;75;0.7420089327456335;100;0.3685837971552257;2.1234343434343432;9;2.45;0.65;2
100;523;5.23;99;5.23;10;10.46;99;0.7306811789182202;100;0.3236014499853042;1.8943434343434344;0;2.45;0.75;2
100;767;7.67;58;7.67;12;15.34;58;0.7031738950729775;100;0.4255920820077766;2.0135353535353535;1;2.45;0.75;2
100;646;6.46;82;6.46;14;12.92;82;0.6838113259818176;100;0.39996836944488373;2.021010101010101;2;2.45;0.75;2
100;575;5.75;83;5.75;10;11.5;83;0.7532475650764244;100;0.3105235484113273;1.9315151515151514;3;2.45;0.75;2
100;489;4.89;99;4.89;10;9.78;99;0.7318724226401737;100;0.29942067283260493;1.9012121212121211;4;2.45;0.75;2
100;703;7.03;99;7.03;13;14.06;99;0.7404021150717653;100;0.34898953143368977;1.857979797979798;5;2.45;0.75;2
100;618;6.18;95;6.18;12;12.36;95;0.7152016120463267;100;0.3838760921366164;1.9191919191919191;6;2.45;0.75;2
100;527;5.27;50;5.27;11;10.54;50;0.6734068201976346;100;0.43588709677419357;2.3444444444444446;7;2.45;0.75;2
100;566;5.66;74;5.66;12;11.32;74;0.7188914432292373;99;0.38057671381936886;2.1006060606060606;8;2.45;0.75;2
100;633;6.33;93;6.33;11;12.66;93;0.7468268632604999;100;0.34730990941531703;1.9092929292929293;9;2.45;0.75;2
100;576;5.76;99;5.76;11;11.52;99;0.7181933672104265;100;0.343144848954299;1.8836363636363636;0;2.45;0.85;2
100;922;9.22;73;9.22;15;18.44;73;0.7128630704463105;100;0.41805319527328777;1.8387878787878789;1;2.45;0.85;2
100;733;7.33;96;7.33;15;14.66;96;0.6900388137504122;100;0.3853684585261659;1.8775757575757577;2;2.45;0.85;2
100;648;6.48;96;6.48;12;12.96;96;0.775885423151053;100;0.29853398489560196;1.8690909090909091;3;2.45;0.85;2
100;555;5.55;99;5.55;11;11.1;99;0.7381300321018847;100;0.312424021395575;1.887878787878788;4;2.45;0.85;2
100;821;8.21;99;8.21;14;16.42;99;0.7536602320214831;100;0.3549098933431409;1.834141414141414;5;2.45;0.85;2
100;692;6.92;99;6.92;13;13.84;99;0.7147540851665666;100;0.3865691745237637;1.8602020202020202;6;2.45;0.85;2
100;595;5.95;62;5.95;13;11.9;62;0.6805083212674744;100;0.4159919028340081;2.1785858585858584;7;2.45;0.85;2
100;660;6.6;86;6.6;12;13.2;86;0.7084835012302715;100;0.3648354547253182;1.9464646464646465;8;2.45;0.85;2
100;723;7.23;99;7.23;12;14.46;99;0.7536809639606251;100;0.34363468634686345;1.853939393939394;9;2.45;0.85;2
100;650;6.5;99;6.5;14;13.0;99;0.6998991891878537;100;0.3637285434924314;1.8686868686868687;0;2.45;0.95;2
100;1096;10.96;89;10.96;19;21.92;89;0.7227070987842293;100;0.41314388176483374;1.7785858585858585;1;2.45;0.95;2
100;843;8.43;99;8.43;15;16.86;99;0.6966706858408113;100;0.3887168439477582;1.8296969696969696;2;2.45;0.95;2
100;718;7.18;99;7.18;12;14.36;99;0.7851074560631708;100;0.2990936555891239;1.854949494949495;3;2.45;0.95;2
100;616;6.16;99;6.16;13;12.32;99;0.7354905820966853;100;0.3187048434573187;1.8755555555555556;4;2.45;0.95;2
100;914;9.14;99;9.14;16;18.28;99;0.7647825142516848;100;0.3667648634172469;1.8153535353535353;5;2.45;0.95;2
100;780;7.8;99;7.8;14;15.6;99;0.702246227029499;100;0.38356235148259116;1.8424242424242425;6;2.45;0.95;2
100;670;6.7;81;6.7;14;13.4;81;0.6830545814641689;100;0.38575515293772467;1.9727272727272727;7;2.45;0.95;2
100;809;8.09;98;8.09;15;16.18;98;0.7212295560850773;100;0.35783382276731734;1.8404040404040405;8;2.45;0.95;2
100;814;8.14;99;8.14;14;16.28;99;0.7579139911815728;100;0.35241334098172583;1.8355555555555556;9;2.45;0.95;2
100;243;2.43;12;2.43;8;4.86;14;0.5826479076479075;94;0.4546153846153846;3.9429833789185778;0;2.65;0.05;2
100;325;3.25;17;3.25;7;6.5;18;0.5994647354709274;95;0.4425287356321839;3.388175888912266;1;2.65;0.05;2
100;298;2.98;14;2.98;8;5.96;16;0.5258911041169106;93;0.5069212410501194;3.780663780663781;2;2.65;0.05;2
100;237;2.37;13;2.37;7;4.74;13;0.5709150778299714;94;0.4963680387409201;4.83982683982684;3;2.65;0.05;2
100;216;2.16;11;2.16;6;4.32;12;0.5679185893471608;91;0.4671890303623898;4.60039860488291;4;2.65;0.05;2
100;281;2.81;18;2.81;7;5.62;18;0.593361292989776;95;0.44954128440366975;3.56217126025668;5;2.65;0.05;2
100;275;2.75;12;2.75;6;5.5;14;0.5646985402304552;94;0.45796064400715564;3.7147665124106015;6;2.65;0.05;2
100;246;2.46;12;2.46;7;4.92;13;0.5581827894327894;88;0.49023861171366595;4.0257501119570085;7;2.65;0.05;2
100;238;2.38;14;2.38;6;4.76;15;0.5757753102580688;87;0.4585714285714286;3.7000264760391843;8;2.65;0.05;2
100;269;2.69;14;2.69;6;5.38;16;0.5849020955403933;94;0.4719309068476249;3.988217967599411;9;2.65;0.05;2
100;266;2.66;21;2.66;8;5.32;21;0.6075732138232138;96;0.42804878048780487;3.6103030303030303;0;2.65;0.15;2
100;356;3.56;20;3.56;7;7.12;20;0.6270225875784268;97;0.44676865438651264;3.1704186829370924;1;2.65;0.15;2
100;333;3.33;15;3.33;8;6.66;18;0.5499481016558815;93;0.5112983531214095;3.434137291280148;2;2.65;0.15;2
100;262;2.62;16;2.62;7;5.24;16;0.5959036428424184;98;0.4860661049902787;4.21727478870336;3;2.65;0.15;2
100;242;2.42;16;2.42;6;4.84;16;0.5737353226483661;92;0.44900953778429936;4.106687541936926;4;2.65;0.15;2
100;337;3.37;43;3.37;8;6.74;43;0.6364336576163473;98;0.39664971582411007;2.8571717171717173;5;2.65;0.15;2
100;311;3.11;19;3.11;8;6.22;19;0.5847728309267999;97;0.45426287744227356;3.5274747474747477;6;2.65;0.15;2
100;274;2.74;14;2.74;7;5.48;14;0.550389293246436;91;0.4920273348519362;3.7046574115539634;7;2.65;0.15;2
100;264;2.64;17;2.64;6;5.28;18;0.6169783565190042;89;0.4569309754706218;3.3828435266084194;8;2.65;0.15;2
100;297;2.97;15;2.97;6;5.94;16;0.6362052037309769;97;0.476831091180867;3.76705833848691;9;2.65;0.15;2
100;309;3.09;40;3.09;9;6.18;40;0.6512218981915951;99;0.38717067583046966;3.014949494949495;0;2.65;0.25;2
100;398;3.98;22;3.98;8;7.96;23;0.6385046845853594;99;0.4445549477871706;2.973333333333333;1;2.65;0.25;2
100;360;3.6;18;3.6;9;7.2;19;0.5631309660596587;93;0.5024390243902439;3.2193939393939393;2;2.65;0.25;2
100;284;2.84;18;2.84;7;5.68;19;0.5973595682905722;98;0.46825396825396826;3.8307565450422594;3;2.65;0.25;2
100;268;2.68;19;2.68;7;5.36;19;0.568327801859211;93;0.45176470588235296;3.7649295459628718;4;2.65;0.25;2
100;416;4.16;91;4.16;9;8.32;91;0.6963542894938776;100;0.28548190321268807;2.0490909090909093;5;2.65;0.25;2
100;357;3.57;28;3.57;9;7.14;28;0.6098930487188123;97;0.4458698372966208;3.1545454545454548;6;2.65;0.25;2
100;307;3.07;15;3.07;8;6.14;15;0.5459378682782937;94;0.4909584086799277;3.517988638754471;7;2.65;0.25;2
100;295;2.95;20;2.95;6;5.9;21;0.6371309473102142;93;0.4435483870967742;3.8834420366084577;8;2.65;0.25;2
100;325;3.25;19;3.25;7;6.5;21;0.6432194111393625;97;0.47072879330943845;3.385899814471243;9;2.65;0.25;2
100;368;3.68;72;3.68;9;7.36;72;0.6835732990700227;99;0.30707716913234706;2.37030303030303;0;2.65;0.35;2
100;457;4.57;28;4.57;8;9.14;28;0.66390301663259;100;0.44698660714285715;2.7565656565656567;1;2.65;0.35;2
100;409;4.09;24;4.09;9;8.18;24;0.586781006600001;97;0.4798507462686567;2.9204040404040406;2;2.65;0.35;2
100;319;3.19;25;3.19;7;6.38;25;0.5984441083625484;99;0.44685802948021724;3.3135353535353533;3;2.65;0.35;2
100;305;3.05;33;3.05;8;6.1;33;0.6100069552197211;94;0.41944556046605064;3.282828282828283;4;2.65;0.35;2
100;461;4.61;99;4.61;9;9.22;99;0.7176191461126225;100;0.28644901610017887;1.9068686868686868;5;2.65;0.35;2
100;407;4.07;34;4.07;9;8.14;34;0.628971695003238;99;0.45203556387459054;2.8092929292929294;6;2.65;0.35;2
100;341;3.41;17;3.41;8;6.82;17;0.5648434694390577;96;0.48678015211879755;3.138228487271197;7;2.65;0.35;2
100;330;3.3;22;3.3;7;6.6;23;0.6469907153607889;94;0.44395973154362417;3.681885125184094;8;2.65;0.35;2
100;360;3.6;26;3.6;8;7.2;27;0.6571913760473361;97;0.4508566275924256;2.997526283240569;9;2.65;0.35;2
100;411;4.11;94;4.11;9;8.22;94;0.7126344581844196;99;0.2683194083002328;1.9971717171717172;0;2.65;0.45;2
100;516;5.16;34;5.16;9;10.32;34;0.6616047085166499;100;0.44268605645851156;2.5434343434343436;1;2.65;0.45;2
100;451;4.51;32;4.51;10;9.02;32;0.6023427289921313;99;0.4627786624203822;2.693131313131313;2;2.65;0.45;2
100;374;3.74;34;3.74;8;7.48;35;0.6212476734261141;99;0.41392699974113384;2.7755555555555556;3;2.65;0.45;2
100;356;3.56;52;3.56;9;7.12;52;0.6502901754266217;97;0.3759493670886076;2.706864564007421;4;2.65;0.45;2
100;514;5.14;99;5.14;10;10.28;99;0.7229094281714591;100;0.31095100864553316;1.8961616161616162;5;2.65;0.45;2
100;460;4.6;43;4.6;11;9.2;43;0.6612040288086083;99;0.45262781551662495;2.5991919191919193;6;2.65;0.45;2
100;391;3.91;26;3.91;8;7.82;26;0.6245070113286896;97;0.475570897503983;2.895151515151515;7;2.65;0.45;2
100;382;3.82;29;3.82;8;7.64;30;0.6584698384322707;98;0.4411108356062485;3.0175757575757576;8;2.65;0.45;2
100;429;4.29;45;4.29;10;8.58;45;0.7061831626084838;99;0.4286515803254161;2.61010101010101;9;2.65;0.45;2
100;456;4.56;99;4.56;10;9.12;99;0.7276974260315895;100;0.28803079794680353;1.907878787878788;0;2.65;0.55;2
100;592;5.92;41;5.92;10;11.84;41;0.670485007226389;100;0.44032359739441057;2.351111111111111;1;2.65;0.55;2
100;533;5.33;54;5.33;11;10.66;54;0.64722796248024;100;0.43888961978687013;2.356969696969697;2;2.65;0.55;2
100;436;4.36;46;4.36;10;8.72;47;0.6668605303698818;100;0.38945752302968273;2.4345454545454546;3;2.65;0.55;2
100;412;4.12;75;4.12;9;8.24;75;0.6729266915447607;99;0.33006856023506365;2.265858585858586;4;2.65;0.55;2
100;576;5.76;99;5.76;10;11.52;99;0.7177349701795264;100;0.33088774761555395;1.8836363636363636;5;2.65;0.55;2
100;514;5.14;58;5.14;11;10.28;58;0.6831367431991054;100;0.43207724285905863;2.3626262626262626;6;2.65;0.55;2
100;432;4.32;30;4.32;9;8.64;30;0.6602120593554573;98;0.46655194665519467;2.7062626262626264;7;2.65;0.55;2
100;449;4.49;39;4.49;9;8.98;39;0.6756612601804535;98;0.4203065765617274;2.5947474747474746;8;2.65;0.55;2
100;499;4.99;60;4.99;11;9.98;60;0.7298979057342027;100;0.4061420345489443;2.3234343434343434;9;2.65;0.55;2
100;506;5.06;99;5.06;10;10.12;99;0.7293408932558423;100;0.3152542372881356;1.8977777777777778;0;2.65;0.65;2
100;711;7.11;52;7.11;11;14.22;53;0.6983724004330878;100;0.4337578273411665;2.112727272727273;1;2.65;0.65;2
100;609;6.09;72;6.09;14;12.18;72;0.6638266834941565;100;0.4222972972972973;2.1414141414141414;2;2.65;0.65;2
100;521;5.21;70;5.21;10;10.42;70;0.7092862028681701;100;0.3391304347826087;2.0975757575757576;3;2.65;0.65;2
100;467;4.67;92;4.67;9;9.34;92;0.7196280586421251;100;0.30923881464264963;1.9961616161616162;4;2.65;0.65;2
100;651;6.51;99;6.51;12;13.02;99;0.7262834668737261;100;0.3562587810262929;1.8684848484848484;5;2.65;0.65;2
100;579;5.79;78;5.79;11;11.58;78;0.6912342723988967;100;0.40513621716629233;2.106060606060606;6;2.65;0.65;2
100;495;4.95;37;4.95;10;9.9;37;0.6665162724838685;98;0.4492822966507177;2.4894949494949494;7;2.65;0.65;2
100;531;5.31;60;5.31;11;10.62;60;0.702192711840845;99;0.41100430891614187;2.2836363636363637;8;2.65;0.65;2
100;584;5.84;81;5.84;11;11.68;81;0.7305548683436291;100;0.37122264675234456;2.04969696969697;9;2.65;0.65;2
100;559;5.59;99;5.59;11;11.18;99;0.7291880617846274;100;0.3419773095623987;1.8870707070707071;0;2.65;0.75;2
100;832;8.32;63;8.32;14;16.64;63;0.704930651895808;100;0.43264157580021106;1.958989898989899;1;2.65;0.75;2
100;695;6.95;85;6.95;14;13.9;85;0.6736770522403412;100;0.4033787994184034;1.9616161616161616;2;2.65;0.75;2
100;608;6.08;85;6.08;11;12.16;85;0.7565767480716967;100;0.31805801443551684;1.8915151515151516;3;2.65;0.75;2
100;522;5.22;99;5.22;11;10.44;99;0.742150426857108;100;0.32508866903117417;1.8945454545454545;4;2.65;0.75;2
100;753;7.53;99;7.53;14;15.06;99;0.7394051187139834;100;0.3622595789792519;1.847878787878788;5;2.65;0.75;2
100;655;6.55;96;6.55;12;13.1;96;0.7190628119688175;100;0.39107066074243946;1.8961616161616162;6;2.65;0.75;2
100;560;5.6;54;5.6;12;11.2;54;0.6823348826528302;100;0.43013151714419917;2.2741414141414142;7;2.65;0.75;2
100;614;6.14;76;6.14;12;12.28;76;0.7187449932442638;100;0.3915423675023802;2.0505050505050506;8;2.65;0.75;2
100;677;6.77;96;6.77;11;13.54;96;0.7452582676347725;100;0.35696342135898534;1.8777777777777778;9;2.65;0.75;2
100;621;6.21;99;6.21;12;12.42;99;0.7145606207387692;100;0.36637830254851533;1.8745454545454545;0;2.65;0.85;2
100;996;9.96;78;9.96;16;19.92;78;0.7120656672174677;100;0.42428586055083445;1.8107070707070707;1;2.65;0.85;2
100;793;7.93;97;7.93;15;15.86;97;0.6862393062370983;100;0.3997400571874188;1.854949494949495;2;2.65;0.85;2
100;689;6.89;98;6.89;12;13.78;98;0.780138729228147;100;0.30485745505115724;1.860808080808081;3;2.65;0.85;2
100;586;5.86;99;5.86;12;11.72;99;0.7460643457979741;100;0.329102447869447;1.8816161616161615;4;2.65;0.85;2
100;875;8.75;99;8.75;15;17.5;99;0.753806864082151;100;0.36903168228469435;1.8232323232323233;5;2.65;0.85;2
100;731;7.31;99;7.31;13;14.62;99;0.71495268453041;100;0.3935604511190323;1.8523232323232324;6;2.65;0.85;2
100;633;6.33;70;6.33;14;12.66;70;0.6779382443199862;100;0.4092815941269009;2.093131313131313;7;2.65;0.85;2
100;737;7.37;91;7.37;14;14.74;91;0.7186004899517918;100;0.37600860677783754;1.886060606060606;8;2.65;0.85;2
100;767;7.67;99;7.67;13;15.34;99;0.7543120706771563;100;0.3584419236898847;1.845050505050505;9;2.65;0.85;2
100;706;7.06;99;7.06;14;14.12;99;0.6996896047245608;100;0.3761904761904762;1.8573737373737373;0;2.65;0.95;2
100;1161;11.61;92;11.61;19;23.22;93;0.7261043858726066;100;0.4234634949499914;1.7654545454545454;1;2.65;0.95;2
100;899;8.99;99;8.99;17;17.98;99;0.7035464255583345;100;0.4014656683128883;1.8183838383838384;2;2.65;0.95;2
100;766;7.66;99;7.66;13;15.32;99;0.7746390343534243;100;0.31465732866433216;1.8452525252525251;3;2.65;0.95;2
100;650;6.5;99;6.5;13;13.0;99;0.7293481826904952;100;0.3254281138351608;1.8686868686868687;4;2.65;0.95;2
100;967;9.67;99;9.67;17;19.34;99;0.7624415783195387;100;0.3829727800366243;1.8046464646464646;5;2.65;0.95;2
100;846;8.46;99;8.46;15;16.92;99;0.709944159663646;100;0.39364054484344596;1.829090909090909;6;2.65;0.95;2
100;721;7.21;82;7.21;14;14.42;82;0.6748749137270711;100;0.39530510343038716;1.9416161616161616;7;2.65;0.95;2
100;881;8.81;99;8.81;16;17.62;99;0.7409257127617185;100;0.37662289210565586;1.822020202020202;8;2.65;0.95;2
100;869;8.69;99;8.69;14;17.38;99;0.7536397077791297;100;0.36892838316138266;1.8244444444444445;9;2.65;0.95;2
100;263;2.63;14;2.63;9;5.26;14;0.5807669760794761;96;0.4478203434610304;3.714904143475572;0;2.85;0.05;2
100;352;3.52;18;3.52;7;7.04;18;0.6385547459076871;96;0.4570962479608483;3.28108563012834;1;2.85;0.05;2
100;326;3.26;15;3.26;8;6.52;18;0.545621087746325;93;0.5074148296593186;3.624613481756339;2;2.85;0.05;2
100;250;2.5;13;2.5;7;5.0;13;0.5857477025898078;95;0.48970588235294116;4.625644197072768;3;2.85;0.05;2
100;233;2.33;12;2.33;6;4.66;13;0.5731275970406405;92;0.45766974015088013;4.373086588987891;4;2.85;0.05;2
100;304;3.04;19;3.04;8;6.08;19;0.5772714317891114;95;0.4479578392621871;3.4082828282828284;5;2.85;0.05;2
100;300;3.0;12;3.0;7;6.0;16;0.5625067658572813;97;0.46371769383697814;3.714949494949495;6;2.85;0.05;2
100;265;2.65;12;2.65;7;5.3;14;0.5347574030907365;90;0.4848858729179519;3.7711598746081503;7;2.85;0.05;2
100;257;2.57;15;2.57;6;5.14;17;0.5967569092315543;87;0.46024844720496894;3.4903362456976437;8;2.85;0.05;2
100;288;2.88;14;2.88;7;5.76;16;0.630011655011655;97;0.48745910577971646;3.8386282347990743;9;2.85;0.05;2
100;290;2.9;21;2.9;9;5.8;21;0.6239687749891831;98;0.4500768049155146;3.4606060606060605;0;2.85;0.15;2
100;384;3.84;21;3.84;8;7.68;21;0.6325789275144547;97;0.44943212547322875;3.0416161616161617;1;2.85;0.15;2
100;350;3.5;16;3.5;8;7.0;18;0.5481833841890768;93;0.5062240663900415;3.329004329004329;2;2.85;0.15;2
100;274;2.74;17;2.74;7;5.48;17;0.5785771384811;98;0.4783118405627198;3.9853638425066995;3;2.85;0.15;2
100;263;2.63;17;2.63;7;5.26;17;0.5725623516863926;92;0.45555555555555555;3.907179601878774;4;2.85;0.15;2
100;365;3.65;47;3.65;9;7.3;47;0.6180111484048788;98;0.3979124236252546;2.750909090909091;5;2.85;0.15;2
100;340;3.4;21;3.4;8;6.8;21;0.5894735564918451;97;0.4483010595542565;3.3181818181818183;6;2.85;0.15;2
100;297;2.97;15;2.97;7;5.94;15;0.5401488608010346;92;0.4806312769010043;3.5160950978329475;7;2.85;0.15;2
100;289;2.89;18;2.89;6;5.78;19;0.5975465292398932;92;0.4570596797671033;3.9368819692825583;8;2.85;0.15;2
100;315;3.15;16;3.15;7;6.3;17;0.6325373787320423;97;0.4689119170984456;3.4706246134817564;9;2.85;0.15;2
100;332;3.32;41;3.32;9;6.64;41;0.6621396349256008;99;0.4028657114295235;2.9393939393939394;0;2.85;0.25;2
100;429;4.29;26;4.29;8;8.58;26;0.6636482525965796;99;0.45588235294117646;2.873939393939394;1;2.85;0.25;2
100;389;3.89;18;3.89;9;7.78;19;0.5812300845281128;95;0.4897615708274895;3.0238383838383838;2;2.85;0.25;2
100;307;3.07;20;3.07;7;6.14;20;0.5845787887184829;99;0.47475202885482415;3.582972582972583;3;2.85;0.25;2
100;288;2.88;22;2.88;9;5.76;22;0.5927388805048379;94;0.45645645645645644;3.602326101543279;4;2.85;0.25;2
100;440;4.4;93;4.4;9;8.8;93;0.6922590555382675;100;0.2927474187862;2.0109090909090908;5;2.85;0.25;2
100;383;3.83;30;3.83;9;7.66;30;0.6096296702177295;97;0.447809626825311;3.0733333333333333;6;2.85;0.25;2
100;330;3.3;16;3.3;8;6.6;16;0.5306422454859955;96;0.4790697674418605;3.242424242424242;7;2.85;0.25;2
100;326;3.26;21;3.26;7;6.52;22;0.596642638187991;94;0.44072727272727275;3.663370502840311;8;2.85;0.25;2
100;344;3.44;21;3.44;7;6.88;23;0.6369707908802402;97;0.4666666666666667;3.1680065965780253;9;2.85;0.25;2
100;390;3.9;72;3.9;9;7.8;72;0.6848734355832768;99;0.3208496366685299;2.337979797979798;0;2.85;0.35;2
100;492;4.92;31;4.92;9;9.84;31;0.6635526853123358;100;0.44682895579756565;2.66;1;2.85;0.35;2
100;438;4.38;24;4.38;10;8.76;24;0.6022616631135096;98;0.48406374501992033;2.832929292929293;2;2.85;0.35;2
100;345;3.45;30;3.45;8;6.9;30;0.5934736346580959;99;0.4419291338582677;3.0943434343434344;3;2.85;0.35;2
100;336;3.36;38;3.36;9;6.72;38;0.6140014977826612;95;0.42293789023989486;3.0282415996701713;4;2.85;0.35;2
100;493;4.93;99;4.93;9;9.86;99;0.7148993073077434;100;0.3068430371836267;1.9004040404040403;5;2.85;0.35;2
100;441;4.41;37;4.41;10;8.82;37;0.6413836924503966;99;0.452021726010863;2.6747474747474747;6;2.85;0.35;2
100;371;3.71;19;3.71;8;7.42;20;0.5977958305454436;96;0.4757749021968101;2.9532055246340962;7;2.85;0.35;2
100;362;3.62;27;3.62;8;7.24;28;0.6153278118812259;96;0.44991413852318257;3.5322613894042467;8;2.85;0.35;2
100;389;3.89;30;3.89;9;7.78;30;0.658287538397341;98;0.44852011130786745;2.870748299319728;9;2.85;0.35;2
100;444;4.44;95;4.44;9;8.88;95;0.7124398430496263;99;0.2872540418598822;1.9705050505050505;0;2.85;0.45;2
100;554;5.54;35;5.54;9;11.08;35;0.6658110810567767;100;0.4485248350553965;2.4676767676767675;1;2.85;0.45;2
100;499;4.99;34;4.99;11;9.98;34;0.6082534634193673;100;0.4615005746182893;2.558989898989899;2;2.85;0.45;2
100;397;3.97;39;3.97;9;7.94;40;0.632467219708049;99;0.421875;2.6686868686868688;3;2.85;0.45;2
100;377;3.77;54;3.77;9;7.54;54;0.641054759194766;98;0.38440303657694963;2.6206060606060606;4;2.85;0.45;2
100;552;5.52;99;5.52;11;11.04;99;0.7167722667148081;100;0.3297402367909525;1.8884848484848484;5;2.85;0.45;2
100;491;4.91;47;4.91;11;9.82;47;0.6592386732192183;99;0.4475112420530315;2.498787878787879;6;2.85;0.45;2
100;412;4.12;26;4.12;9;8.24;26;0.6331792034031031;97;0.4711815561959654;2.7973737373737375;7;2.85;0.45;2
100;415;4.15;30;4.15;9;8.3;31;0.653841992898877;98;0.44505494505494503;2.876969696969697;8;2.85;0.45;2
100;466;4.66;49;4.66;11;9.32;49;0.7012113712718835;99;0.4289080911233307;2.4783838383838384;9;2.85;0.45;2
100;489;4.89;99;4.89;10;9.78;99;0.7222496458121421;100;0.30989724175229855;1.9012121212121211;0;2.85;0.55;2
100;639;6.39;43;6.39;10;12.78;44;0.6781315276515525;100;0.44282348677056904;2.26989898989899;1;2.85;0.55;2
100;573;5.73;56;5.73;13;11.46;56;0.6522981080325675;100;0.4452588181401741;2.298383838383838;2;2.85;0.55;2
100;460;4.6;49;4.6;10;9.2;50;0.6669528442945436;100;0.3915050784856879;2.381010101010101;3;2.85;0.55;2
100;443;4.43;80;4.43;9;8.86;80;0.6956232551934269;99;0.33540636042402827;2.1713131313131315;4;2.85;0.55;2
100;618;6.18;99;6.18;12;12.36;99;0.7175280835181101;100;0.3549465240641711;1.8751515151515152;5;2.85;0.55;2
100;540;5.4;60;5.4;11;10.8;60;0.6782710926838026;100;0.43646274984857664;2.323838383838384;6;2.85;0.55;2
100;464;4.64;31;4.64;9;9.28;31;0.6615072373016793;98;0.4583802024746907;2.605252525252525;7;2.85;0.55;2
100;490;4.9;43;4.9;10;9.8;43;0.6774935613674251;98;0.43248945147679324;2.52040404040404;8;2.85;0.55;2
100;531;5.31;62;5.31;11;10.62;62;0.7221196080292642;100;0.40975776185602186;2.2648484848484847;9;2.85;0.55;2
100;542;5.42;99;5.42;10;10.84;99;0.7234141455776235;100;0.33434076312806954;1.8905050505050505;0;2.85;0.65;2
100;755;7.55;53;7.55;11;15.1;54;0.694687278320965;100;0.44259493670886074;2.081010101010101;1;2.85;0.65;2
100;666;6.66;76;6.66;14;13.32;76;0.6762794699591691;100;0.42952486890195457;2.0606060606060606;2;2.85;0.65;2
100;551;5.51;73;5.51;10;11.02;73;0.7114064748760395;100;0.34336851766865534;2.0353535353535355;3;2.85;0.65;2
100;496;4.96;95;4.96;10;9.92;95;0.7218287944293256;100;0.3212358480584065;1.948080808080808;4;2.85;0.65;2
100;698;6.98;99;6.98;13;13.96;99;0.72134141828725;100;0.3741758241758242;1.858989898989899;5;2.85;0.65;2
100;616;6.16;84;6.16;12;12.32;84;0.7028049818441157;100;0.4061624649859944;2.035959595959596;6;2.85;0.65;2
100;531;5.31;42;5.31;10;10.62;42;0.6867119769813694;99;0.4544208361891707;2.3927272727272726;7;2.85;0.65;2
100;568;5.68;61;5.68;11;11.36;61;0.6929731983789875;100;0.41408114558472553;2.2355555555555555;8;2.85;0.65;2
100;627;6.27;84;6.27;12;12.54;84;0.7309573226780457;100;0.3811352638451494;2.0096969696969698;9;2.85;0.65;2
100;600;6.0;99;6.0;11;12.0;99;0.7162184128480006;100;0.36362885235065684;1.878787878787879;0;2.85;0.75;2
100;894;8.94;66;8.94;15;17.88;66;0.7057330342663751;100;0.44014365522745413;1.904040404040404;1;2.85;0.75;2
100;747;7.47;91;7.47;14;14.94;91;0.6858015129633938;100;0.41455734528279037;1.910909090909091;2;2.85;0.75;2
100;636;6.36;88;6.36;11;12.72;89;0.7597458593803662;100;0.3203592814371258;1.8783838383838385;3;2.85;0.75;2
100;562;5.62;99;5.62;11;11.24;99;0.736549326216533;100;0.33704199431152754;1.8864646464646464;4;2.85;0.75;2
100;812;8.12;99;8.12;14;16.24;99;0.7387694990899842;100;0.37680706764233446;1.835959595959596;5;2.85;0.75;2
100;690;6.9;96;6.9;13;13.8;96;0.7182180095676773;100;0.398951850638716;1.8856565656565656;6;2.85;0.75;2
100;599;5.99;57;5.99;13;11.98;57;0.6755660152191721;100;0.43092207389009624;2.208080808080808;7;2.85;0.75;2
100;658;6.58;77;6.58;12;13.16;77;0.7050516142030199;100;0.3981659202388569;2.023030303030303;8;2.85;0.75;2
100;716;7.16;96;7.16;12;14.32;96;0.7397526689837318;100;0.3665768194070081;1.8674747474747475;9;2.85;0.75;2
100;667;6.67;99;6.67;14;13.34;99;0.7050122732583278;100;0.3799227799227799;1.8652525252525252;0;2.85;0.85;2
100;1074;10.74;81;10.74;17;21.48;82;0.7150204337521191;100;0.4361717981580281;1.7854545454545454;1;2.85;0.85;2
100;851;8.51;97;8.51;17;17.02;97;0.6977681041348726;100;0.408966897053474;1.8381818181818181;2;2.85;0.85;2
100;728;7.28;98;7.28;12;14.56;99;0.7778611393410055;100;0.3158186351463662;1.8529292929292929;3;2.85;0.85;2
100;625;6.25;99;6.25;13;12.5;99;0.7322769841127611;100;0.33939561579420513;1.8737373737373737;4;2.85;0.85;2
100;928;9.28;99;9.28;16;18.56;99;0.7597643951730966;100;0.384338739227794;1.8125252525252524;5;2.85;0.85;2
100;780;7.8;99;7.8;13;15.6;99;0.7192042914009379;100;0.40305510661592203;1.8424242424242425;6;2.85;0.85;2
100;681;6.81;77;6.81;14;13.62;77;0.6898240663229955;100;0.4079151005969489;2.0086868686868686;7;2.85;0.85;2
100;804;8.04;94;8.04;15;16.08;94;0.7149934880127765;100;0.39000973980798664;1.8563636363636364;8;2.85;0.85;2
100;815;8.15;99;8.15;14;16.3;99;0.7563553377005506;100;0.36706181202370874;1.8353535353535353;9;2.85;0.85;2
100;750;7.5;99;7.5;14;15.0;99;0.6950440009773498;100;0.3839628589442311;1.8484848484848484;0;2.85;0.95;2
100;1236;12.36;95;12.36;21;24.72;95;0.7342665616364671;100;0.4381096757184287;1.7503030303030302;1;2.85;0.95;2
100;953;9.53;99;9.53;18;19.06;99;0.7064650282087566;100;0.41408542549722854;1.8074747474747475;2;2.85;0.95;2
100;816;8.16;99;8.16;14;16.32;99;0.7704801979157401;100;0.32854311199207137;1.8351515151515152;3;2.85;0.95;2
100;694;6.94;99;6.94;13;13.88;99;0.7220120944338061;100;0.33936348408710215;1.8597979797979798;4;2.85;0.95;2
100;1032;10.32;99;10.32;17;20.64;99;0.7604198650796445;100;0.406701163555276;1.7915151515151515;5;2.85;0.95;2
100;901;9.01;99;9.01;15;18.02;99;0.7075872961771522;100;0.40343143095436673;1.817979797979798;6;2.85;0.95;2
100;780;7.8;85;7.8;15;15.6;85;0.6858168625854231;100;0.4133408071748879;1.9068686868686868;7;2.85;0.95;2
100;944;9.44;99;9.44;16;18.88;99;0.7399479626325305;100;0.38524154428865703;1.8092929292929294;8;2.85;0.95;2
100;904;9.04;99;9.04;14;18.08;99;0.7543847112420834;100;0.38111376690093113;1.8173737373737373;9;2.85;0.95;2
100;275;2.75;15;2.75;9;5.5;15;0.5919550357050357;96;0.44760213143872113;3.6103896103896105;0;3.0;0.05;2
100;367;3.67;18;3.67;8;7.34;19;0.6335302926338962;97;0.4593128390596745;3.192509993688197;1;3.0;0.05;2
100;344;3.44;15;3.44;8;6.88;18;0.5315077149244859;94;0.5038084874863983;3.419088847660276;2;3.0;0.05;2
100;263;2.63;15;2.63;7;5.26;15;0.5597567363192364;96;0.4880952380952381;4.258503401360544;3;3.0;0.05;2
100;247;2.47;13;2.47;8;4.94;14;0.5504340466296987;92;0.45077720207253885;4.123238649071796;4;3.0;0.05;2
100;320;3.2;20;3.2;8;6.4;20;0.5812884464248628;96;0.45476190476190476;3.313131313131313;5;3.0;0.05;2
100;316;3.16;13;3.16;7;6.32;17;0.5629728653530958;97;0.46174617461746176;3.5903030303030303;6;3.0;0.05;2
100;285;2.85;14;2.85;7;5.7;14;0.5517866084532752;90;0.4815584415584416;3.516345723242275;7;3.0;0.05;2
100;276;2.76;15;2.76;6;5.52;17;0.5810848122992337;93;0.4641880809185347;4.223367697594502;8;3.0;0.05;2
100;302;3.02;15;3.02;7;6.04;17;0.623993870491748;97;0.4862475442043222;3.8064316635745206;9;3.0;0.05;2
100;306;3.06;25;3.06;9;6.12;25;0.6460435143088205;98;0.4410187667560322;3.316969696969697;0;3.0;0.15;2
100;403;4.03;22;4.03;8;8.06;22;0.6574284481194135;99;0.45710059171597633;2.978989898989899;1;3.0;0.15;2
100;374;3.74;18;3.74;9;7.48;19;0.5472147998529658;94;0.4977085242896425;3.186147186147186;2;3.0;0.15;2
100;288;2.88;17;2.88;7;5.76;17;0.5785379092420091;99;0.48277717976318624;3.862708719851577;3;3.0;0.15;2
100;277;2.77;17;2.77;8;5.54;17;0.574566704642606;93;0.46308724832214765;3.7061060165511073;4;3.0;0.15;2
100;378;3.78;48;3.78;9;7.56;48;0.6261156168786578;98;0.3976510067114094;2.705656565656566;5;3.0;0.15;2
100;362;3.62;22;3.62;9;7.24;22;0.5850682786018396;97;0.4484190354519323;3.1892929292929293;6;3.0;0.15;2
100;311;3.11;15;3.11;8;6.22;15;0.5446012171818623;93;0.477124183006536;3.411873840445269;7;3.0;0.15;2
100;307;3.07;19;3.07;7;6.14;20;0.5708699576667762;94;0.45038826574633306;3.7988638754470863;8;3.0;0.15;2
100;329;3.29;17;3.29;7;6.58;17;0.6106359932769879;97;0.4698502630513962;3.4646464646464645;9;3.0;0.15;2
100;352;3.52;42;3.52;9;7.04;42;0.6628667959240543;99;0.4077496274217586;2.861010101010101;0;3.0;0.25;2
100;455;4.55;26;4.55;8;9.1;26;0.6622470511068838;99;0.45765627987000573;2.805050505050505;1;3.0;0.25;2
100;419;4.19;21;4.19;9;8.38;21;0.5933960839186087;98;0.48719824433065106;2.917777777777778;2;3.0;0.25;2
100;323;3.23;21;3.23;7;6.46;21;0.5744017706866004;99;0.47648514851485146;3.4811379097093385;3;3.0;0.25;2
100;301;3.01;22;3.01;9;6.02;22;0.5961455211455212;94;0.46164383561643835;3.5374636546633864;4;3.0;0.25;2
100;466;4.66;94;4.66;11;9.32;94;0.6862018102884296;100;0.30823612583951926;1.9856565656565657;5;3.0;0.25;2
100;409;4.09;30;4.09;9;8.18;30;0.6062257772027887;99;0.4550927040693475;2.911919191919192;6;3.0;0.25;2
100;348;3.48;16;3.48;8;6.96;17;0.5532560525667143;96;0.4790356394129979;3.1195629767058337;7;3.0;0.25;2
100;338;3.38;21;3.38;9;6.76;22;0.5902725629258796;94;0.45;3.624868504102672;8;3.0;0.25;2
100;363;3.63;22;3.63;8;7.26;24;0.6304667543268915;97;0.4692258883248731;3.131111111111111;9;3.0;0.25;2
100;405;4.05;75;4.05;9;8.1;75;0.6891060381650493;99;0.32061855670103095;2.284242424242424;0;3.0;0.35;2
100;516;5.16;32;5.16;9;10.32;32;0.659002111763193;100;0.4511410181392627;2.5993939393939396;1;3.0;0.35;2
100;457;4.57;24;4.57;10;9.14;25;0.604872287874436;98;0.4843654199877376;2.7965656565656567;2;3.0;0.35;2
100;370;3.7;30;3.7;8;7.4;30;0.6026066709195957;99;0.45557491289198604;2.993939393939394;3;3.0;0.35;2
100;354;3.54;39;3.54;9;7.08;39;0.6250620554286841;95;0.4302019315188762;2.942279942279942;4;3.0;0.35;2
100;515;5.15;99;5.15;11;10.3;99;0.7147527137600226;100;0.3218550955414013;1.895959595959596;5;3.0;0.35;2
100;463;4.63;37;4.63;11;9.26;37;0.6500028043532001;99;0.4577567370721049;2.632727272727273;6;3.0;0.35;2
100;393;3.93;23;3.93;8;7.86;23;0.6172859183212174;97;0.4682265354958788;2.8624242424242423;7;3.0;0.35;2
100;382;3.82;27;3.82;9;7.64;28;0.6233893480307575;97;0.4498074454428755;3.4549494949494948;8;3.0;0.35;2
100;419;4.19;34;4.19;10;8.38;34;0.6622287030603946;99;0.4534808067664281;2.8036363636363637;9;3.0;0.35;2
100;470;4.7;96;4.7;9;9.4;96;0.7078952101315474;100;0.3027716056601567;1.9494949494949494;0;3.0;0.45;2
100;583;5.83;36;5.83;10;11.66;36;0.6542000014359346;100;0.44903269600633555;2.4208080808080807;1;3.0;0.45;2
100;534;5.34;39;5.34;11;10.68;39;0.6207145833780642;100;0.45545531435015507;2.4474747474747476;2;3.0;0.45;2
100;417;4.17;39;4.17;9;8.34;40;0.6459941082509477;99;0.4347734899328859;2.637171717171717;3;3.0;0.45;2
100;390;3.9;56;3.9;9;7.8;56;0.6387634571259966;98;0.3823781009409752;2.5745454545454547;4;3.0;0.45;2
100;577;5.77;99;5.77;12;11.54;99;0.7064010872726382;100;0.341606573872212;1.8834343434343435;5;3.0;0.45;2
100;510;5.1;48;5.1;11;10.2;48;0.668062420436477;100;0.44989247311827957;2.464040404040404;6;3.0;0.45;2
100;433;4.33;28;4.33;9;8.66;28;0.6425219176905935;97;0.46852693056456846;2.7288888888888887;7;3.0;0.45;2
100;441;4.41;31;4.41;9;8.82;32;0.6520042366649565;98;0.44485842026825634;2.782020202020202;8;3.0;0.45;2
100;489;4.89;49;4.89;11;9.78;49;0.682488067551035;100;0.4331062472822148;2.4383838383838383;9;3.0;0.45;2
100;514;5.14;99;5.14;10;10.28;99;0.7168628497522984;100;0.32243563547200654;1.8961616161616162;0;3.0;0.55;2
100;684;6.84;46;6.84;11;13.68;47;0.6774351268350074;100;0.4466111771700357;2.20989898989899;1;3.0;0.55;2
100;609;6.09;58;6.09;13;12.18;58;0.6592501725224236;100;0.4515407301942439;2.2385858585858585;2;3.0;0.55;2
100;482;4.82;50;4.82;10;9.64;51;0.6724881973626584;100;0.3916701724863273;2.332121212121212;3;3.0;0.55;2
100;467;4.67;83;4.67;9;9.34;83;0.7047744078438769;100;0.3372257153856025;2.1195959595959595;4;3.0;0.55;2
100;644;6.44;99;6.44;12;12.88;99;0.7185562339669974;100;0.36767505817643326;1.86989898989899;5;3.0;0.55;2
100;563;5.63;62;5.63;11;11.26;62;0.6895961232685416;100;0.4355855357735265;2.2765656565656567;6;3.0;0.55;2
100;492;4.92;33;4.92;10;9.84;33;0.6697428110979956;98;0.4666777463852418;2.533737373737374;7;3.0;0.55;2
100;520;5.2;47;5.2;10;10.4;47;0.6628697796506967;99;0.4329623071085252;2.4313131313131313;8;3.0;0.55;2
100;570;5.7;64;5.7;12;11.4;64;0.6939076173146366;100;0.4142335766423358;2.2133333333333334;9;3.0;0.55;2
100;572;5.72;99;5.72;10;11.44;99;0.7236557184875835;100;0.352629721143664;1.8844444444444444;0;3.0;0.65;2
100;795;7.95;54;7.95;12;15.9;55;0.6935130186387255;100;0.4502077082852527;2.0533333333333332;1;3.0;0.65;2
100;698;6.98;80;6.98;14;13.96;80;0.6786838626005316;100;0.4309451877427708;2.0153535353535355;2;3.0;0.65;2
100;579;5.79;78;5.79;10;11.58;78;0.7241862721742924;100;0.34256740044521394;1.9919191919191919;3;3.0;0.65;2
100;521;5.21;96;5.21;10;10.42;96;0.7305398892004804;100;0.3357592446892211;1.930909090909091;4;3.0;0.65;2
100;736;7.36;99;7.36;14;14.72;99;0.7201656507193414;100;0.38262383466247335;1.8513131313131312;5;3.0;0.65;2
100;639;6.39;86;6.39;12;12.78;86;0.7061699142451101;100;0.4078728954232867;2.0024242424242424;6;3.0;0.65;2
100;555;5.55;44;5.55;12;11.1;44;0.6704918579981346;100;0.45810196870267544;2.355757575757576;7;3.0;0.65;2
100;598;5.98;64;5.98;11;11.96;64;0.6881592789732116;100;0.4170452480465201;2.1787878787878787;8;3.0;0.65;2
100;656;6.56;85;6.56;12;13.12;85;0.7250860324629724;100;0.38630371267726077;1.9816161616161616;9;3.0;0.65;2
100;627;6.27;99;6.27;12;12.54;99;0.7152877154504311;100;0.3752908329455561;1.8733333333333333;0;3.0;0.75;2
100;943;9.43;70;9.43;16;18.86;70;0.7056488875640832;100;0.4439112177564487;1.8674747474747475;1;3.0;0.75;2
100;779;7.79;92;7.79;15;15.58;92;0.6905320683772892;100;0.41976205105289616;1.8933333333333333;2;3.0;0.75;2
100;660;6.6;92;6.6;12;13.2;92;0.7582569906672701;100;0.3234246335338434;1.8727272727272728;3;3.0;0.75;2
100;583;5.83;99;5.83;11;11.66;99;0.7431378544871169;100;0.34573286802030456;1.8822222222222222;4;3.0;0.75;2
100;862;8.62;99;8.62;14;17.24;99;0.7466134041099507;100;0.38859475407185873;1.8258585858585858;5;3.0;0.75;2
100;723;7.23;98;7.23;13;14.46;98;0.7254400235489825;100;0.4037285697158614;1.8628282828282827;6;3.0;0.75;2
100;620;6.2;60;6.2;14;12.4;60;0.6761886220644956;100;0.4341647331786543;2.1763636363636363;7;3.0;0.75;2
100;704;7.04;80;7.04;13;14.08;80;0.701453461517715;100;0.4043767840152236;1.9747474747474747;8;3.0;0.75;2
100;752;7.52;97;7.52;12;15.04;97;0.7400097250841067;100;0.3794287498049009;1.8567676767676768;9;3.0;0.75;2
100;701;7.01;99;7.01;14;14.02;99;0.7008825514942107;100;0.3886091675930164;1.8583838383838385;0;3.0;0.85;2
100;1121;11.21;83;11.21;19;22.42;85;0.7185495814862675;100;0.43998351195383345;1.7735353535353535;1;3.0;0.85;2
100;883;8.83;97;8.83;17;17.66;97;0.6969900343940068;100;0.41772315097339807;1.8315151515151515;2;3.0;0.85;2
100;764;7.64;98;7.64;13;15.28;99;0.7769169108213555;100;0.33099389712292937;1.8456565656565656;3;3.0;0.85;2
100;647;6.47;99;6.47;13;12.94;99;0.7320631602866535;100;0.34569742558848326;1.8692929292929292;4;3.0;0.85;2
100;969;9.69;99;9.69;17;19.38;99;0.75788790713976;100;0.3981781441447221;1.8042424242424242;5;3.0;0.85;2
100;819;8.19;99;8.19;14;16.38;99;0.7176699903130046;100;0.41302985002652265;1.8345454545454545;6;3.0;0.85;2
100;712;7.12;77;7.12;14;14.24;77;0.6921492327387103;100;0.4217687074829932;1.993939393939394;7;3.0;0.85;2
100;843;8.43;97;8.43;16;16.86;97;0.7210660360059028;100;0.39171893541278185;1.8377777777777777;8;3.0;0.85;2
100;851;8.51;99;8.51;14;17.02;99;0.7517609070670899;100;0.37833079939185404;1.828080808080808;9;3.0;0.85;2
100;780;7.8;99;7.8;14;15.6;99;0.6953986367476089;100;0.38854256233877904;1.8424242424242425;0;3.0;0.95;2
100;1292;12.92;96;12.92;22;25.84;97;0.7460739470941722;100;0.4507891076935481;1.738989898989899;1;3.0;0.95;2
100;994;9.94;99;9.94;20;19.88;99;0.7055841647525618;100;0.4223512336719884;1.7991919191919192;2;3.0;0.95;2
100;851;8.51;99;8.51;14;17.02;99;0.7659518206218487;100;0.34138457068138894;1.828080808080808;3;3.0;0.95;2
100;721;7.21;99;7.21;13;14.42;99;0.7286420211844283;100;0.3427322859223806;1.8543434343434344;4;3.0;0.95;2
100;1073;10.73;99;10.73;18;21.46;99;0.7579778675466109;100;0.4153970608062559;1.7832323232323233;5;3.0;0.95;2
100;947;9.47;99;9.47;16;18.94;99;0.7058145083892152;100;0.41000436871996504;1.8086868686868687;6;3.0;0.95;2
100;815;8.15;85;8.15;15;16.3;85;0.6877217146802793;100;0.415549459081733;1.8783838383838385;7;3.0;0.95;2
100;974;9.74;99;9.74;16;19.48;99;0.7360686966930351;100;0.38976527006562345;1.8032323232323233;8;3.0;0.95;2
100;936;9.36;99;9.36;16;18.72;99;0.7537547046605383;100;0.3906006107906345;1.8109090909090908;9;3.0;0.95;2
