n_vertices;n_edges;indegree_mean;indegree_max;outdegree_mean;outdegree_max;total_degree_mean;total_degree_max;avg_local_clustering;vertices_degree_ge_2;global_clustering;avg_shortest_path_length;seed;beta;gamma;dim
1000;51;0.051;2;0.051;1;0.102;2;0.0;5;0.0;1.1228070175438596;0;0.05;0.05;2
1000;65;0.065;2;0.065;1;0.13;2;0.0;7;0.0;1.0972222222222223;1;0.05;0.05;2
1000;54;0.054;2;0.054;3;0.108;3;0.7037037037037037;9;0.6923076923076923;1.0526315789473684;2;0.05;0.05;2
1000;45;0.045;2;0.045;1;0.09;2;0.0;1;0.0;1.0217391304347827;3;0.05;0.05;2
1000;53;0.053;2;0.053;2;0.106;2;0.6;10;0.6;1.0701754385964912;4;0.05;0.05;2
1000;44;0.044;2;0.044;2;0.088;3;0.4666666666666666;5;0.42857142857142855;1.0833333333333333;5;0.05;0.05;2
1000;58;0.058;3;0.058;3;0.116;4;0.65;10;0.6521739130434783;1.121212121212121;6;0.05;0.05;2
1000;50;0.05;2;0.05;1;0.1;2;0.0;2;0.0;1.0384615384615385;7;0.05;0.05;2
1000;44;0.044;2;0.044;2;0.088;2;0.75;4;0.75;1.0222222222222221;8;0.05;0.05;2
1000;56;0.056;2;0.056;2;0.112;2;0.6;10;0.6;1.0666666666666667;9;0.05;0.05;2
1000;54;0.054;2;0.054;1;0.108;2;0.0;5;0.0;1.1166666666666667;0;0.05;0.15;2
1000;70;0.07;2;0.07;1;0.14;3;0.0;7;0.0;1.1139240506329113;1;0.05;0.15;2
1000;57;0.057;2;0.057;3;0.114;3;0.7037037037037037;9;0.6923076923076923;1.05;2;0.05;0.15;2
1000;53;0.053;2;0.053;1;0.106;2;0.0;2;0.0;1.0363636363636364;3;0.05;0.15;2
1000;60;0.06;2;0.06;2;0.12;2;0.5454545454545454;11;0.5454545454545454;1.0769230769230769;4;0.05;0.15;2
1000;49;0.049;2;0.049;2;0.098;3;0.38888888888888884;6;0.375;1.0925925925925926;5;0.05;0.15;2
1000;65;0.065;3;0.065;3;0.13;4;0.6794871794871794;13;0.6923076923076923;1.1095890410958904;6;0.05;0.15;2
1000;55;0.055;2;0.055;1;0.11;2;0.0;3;0.0;1.0517241379310345;7;0.05;0.15;2
1000;52;0.052;2;0.052;2;0.104;2;0.6;5;0.6;1.037037037037037;8;0.05;0.15;2
1000;60;0.06;3;0.06;2;0.12;3;0.4848484848484849;11;0.46153846153846156;1.1044776119402986;9;0.05;0.15;2
1000;59;0.059;2;0.059;1;0.118;2;0.0;6;0.0;1.121212121212121;0;0.05;0.25;2
1000;78;0.078;2;0.078;1;0.156;3;0.0;11;0.0;1.1827956989247312;1;0.05;0.25;2
1000;62;0.062;2;0.062;3;0.124;3;0.7037037037037037;9;0.6923076923076923;1.0461538461538462;2;0.05;0.25;2
1000;63;0.063;2;0.063;2;0.126;2;0.0;4;0.0;1.088235294117647;3;0.05;0.25;2
1000;69;0.069;3;0.069;2;0.138;3;0.6428571428571429;14;0.5625;1.0921052631578947;4;0.05;0.25;2
1000;57;0.057;2;0.057;2;0.114;3;0.5925925925925927;9;0.5454545454545454;1.0806451612903225;5;0.05;0.25;2
1000;70;0.07;3;0.07;3;0.14;4;0.5888888888888888;15;0.6428571428571429;1.125;6;0.05;0.25;2
1000;66;0.066;2;0.066;2;0.132;2;0.375;8;0.375;1.0704225352112675;7;0.05;0.25;2
1000;60;0.06;2;0.06;2;0.12;2;0.6;5;0.6;1.032258064516129;8;0.05;0.25;2
1000;66;0.066;3;0.066;2;0.132;3;0.4102564102564103;13;0.4;1.1688311688311688;9;0.05;0.25;2
1000;72;0.072;4;0.072;1;0.144;4;0.0;7;0.0;1.206896551724138;0;0.05;0.35;2
1000;90;0.09;3;0.09;2;0.18;3;0.26666666666666666;20;0.25;1.2719298245614035;1;0.05;0.35;2
1000;66;0.066;2;0.066;3;0.132;3;0.6333333333333333;10;0.6428571428571429;1.0571428571428572;2;0.05;0.35;2
1000;72;0.072;2;0.072;2;0.144;2;0.0;7;0.0;1.1125;3;0.05;0.35;2
1000;83;0.083;3;0.083;2;0.166;3;0.631578947368421;19;0.5217391304347826;1.1170212765957446;4;0.05;0.35;2
1000;62;0.062;2;0.062;2;0.124;3;0.5333333333333334;10;0.5;1.088235294117647;5;0.05;0.35;2
1000;80;0.08;3;0.08;3;0.16;4;0.5462962962962963;18;0.6363636363636364;1.141304347826087;6;0.05;0.35;2
1000;76;0.076;3;0.076;2;0.152;3;0.375;8;0.3;1.0843373493975903;7;0.05;0.35;2
1000;73;0.073;2;0.073;2;0.146;2;0.6666666666666666;9;0.6666666666666666;1.0394736842105263;8;0.05;0.35;2
1000;74;0.074;3;0.074;2;0.148;3;0.380952380952381;14;0.375;1.1627906976744187;9;0.05;0.35;2
1000;89;0.089;5;0.089;1;0.178;5;0.0;11;0.0;1.4962406015037595;0;0.05;0.45;2
1000;106;0.106;3;0.106;2;0.212;3;0.2345679012345679;27;0.24324324324324326;1.3191489361702127;1;0.05;0.45;2
1000;81;0.081;4;0.081;3;0.162;4;0.48148148148148145;18;0.41379310344827586;1.202020202020202;2;0.05;0.45;2
1000;83;0.083;5;0.083;2;0.166;5;0.0;9;0.0;1.2962962962962963;3;0.05;0.45;2
1000;95;0.095;3;0.095;2;0.19;3;0.5256410256410257;26;0.4166666666666667;1.1965811965811965;4;0.05;0.45;2
1000;65;0.065;2;0.065;2;0.13;3;0.4848484848484848;11;0.46153846153846156;1.0972222222222223;5;0.05;0.45;2
1000;89;0.089;3;0.089;3;0.178;4;0.525;20;0.6923076923076923;1.1553398058252426;6;0.05;0.45;2
1000;83;0.083;3;0.083;2;0.166;3;0.5;12;0.42857142857142855;1.0879120879120878;7;0.05;0.45;2
1000;83;0.083;2;0.083;2;0.166;2;0.46153846153846156;13;0.46153846153846156;1.098901098901099;8;0.05;0.45;2
1000;82;0.082;3;0.082;2;0.164;3;0.4259259259259259;18;0.4090909090909091;1.175257731958763;9;0.05;0.45;2
1000;106;0.106;10;0.106;2;0.212;10;0.21452991452991452;13;0.09375;1.7253218884120172;0;0.05;0.55;2
1000;125;0.125;6;0.125;2;0.25;6;0.38749999999999996;32;0.2608695652173913;1.3425414364640884;1;0.05;0.55;2
1000;91;0.091;4;0.091;3;0.182;4;0.4444444444444444;24;0.39473684210526316;1.1946902654867257;2;0.05;0.55;2
1000;106;0.106;11;0.106;2;0.212;11;0.35294117647058826;17;0.0821917808219178;1.5265957446808511;3;0.05;0.55;2
1000;107;0.107;3;0.107;2;0.214;3;0.47311827956989244;31;0.3829787234042553;1.2205882352941178;4;0.05;0.55;2
1000;80;0.08;5;0.08;2;0.16;5;0.5476190476190476;14;0.3333333333333333;1.183673469387755;5;0.05;0.55;2
1000;115;0.115;5;0.115;3;0.23;5;0.5367521367521366;39;0.5652173913043478;1.2781456953642385;6;0.05;0.55;2
1000;96;0.096;3;0.096;2;0.192;3;0.2962962962962963;18;0.2727272727272727;1.1592920353982301;7;0.05;0.55;2
1000;94;0.094;3;0.094;2;0.188;3;0.3157894736842105;19;0.2857142857142857;1.1711711711711712;8;0.05;0.55;2
1000;94;0.094;4;0.094;2;0.188;4;0.42028985507246375;23;0.375;1.1754385964912282;9;0.05;0.55;2
1000;131;0.131;15;0.131;3;0.262;16;0.2156111432427222;19;0.07627118644067797;2.0792682926829267;0;0.05;0.65;2
1000;151;0.151;10;0.151;2;0.302;10;0.3956018518518518;48;0.19708029197080293;1.5321428571428573;1;0.05;0.65;2
1000;105;0.105;5;0.105;3;0.21;5;0.4047619047619047;28;0.3888888888888889;1.2391304347826086;2;0.05;0.65;2
1000;134;0.134;18;0.134;2;0.268;18;0.28594771241830064;28;0.045454545454545456;1.6458333333333333;3;0.05;0.65;2
1000;136;0.136;7;0.136;2;0.272;7;0.4774999999999999;40;0.20689655172413793;1.5537848605577689;4;0.05;0.65;2
1000;94;0.094;7;0.094;2;0.188;7;0.525;20;0.24489795918367346;1.282442748091603;5;0.05;0.65;2
1000;136;0.136;6;0.136;3;0.272;6;0.4448979591836734;49;0.4158415841584158;1.4230769230769231;6;0.05;0.65;2
1000;116;0.116;4;0.116;2;0.232;4;0.19753086419753085;27;0.14285714285714285;1.270967741935484;7;0.05;0.65;2
1000;116;0.116;4;0.116;2;0.232;4;0.2222222222222222;27;0.15789473684210525;1.3096774193548386;8;0.05;0.65;2
1000;111;0.111;5;0.111;2;0.222;5;0.3469135802469136;27;0.24;1.3006535947712419;9;0.05;0.65;2
1000;178;0.178;27;0.178;3;0.356;27;0.4459019241627937;42;0.06422018348623854;2.2379339542760373;0;0.05;0.75;2
1000;193;0.193;16;0.193;3;0.386;16;0.5169365079365079;75;0.20577617328519857;1.634090909090909;1;0.05;0.75;2
1000;130;0.13;9;0.13;3;0.26;9;0.48148148148148145;36;0.216;1.5984251968503937;2;0.05;0.75;2
1000;186;0.186;34;0.186;2;0.372;34;0.3572156135181345;49;0.03153153153153153;1.9725609756097562;3;0.05;0.75;2
1000;168;0.168;11;0.168;3;0.336;11;0.5254732195908666;51;0.1969111969111969;1.674074074074074;4;0.05;0.75;2
1000;118;0.118;13;0.118;2;0.236;13;0.4670940170940171;30;0.1590909090909091;1.7067669172932332;5;0.05;0.75;2
1000;171;0.171;10;0.171;3;0.342;10;0.5369674185463659;57;0.32038834951456313;1.4448051948051948;6;0.05;0.75;2
1000;140;0.14;6;0.14;2;0.28;6;0.32432432432432434;37;0.1724137931034483;1.3396226415094339;7;0.05;0.75;2
1000;141;0.141;4;0.141;2;0.282;4;0.2631578947368421;38;0.19047619047619047;1.3532338308457712;8;0.05;0.75;2
1000;134;0.134;8;0.134;2;0.268;8;0.46672619047619046;40;0.24742268041237114;1.45662100456621;9;0.05;0.75;2
1000;258;0.258;54;0.258;3;0.516;54;0.5985824099031645;85;0.04617075851960425;2.219220926926358;0;0.05;0.85;2
1000;248;0.248;33;0.248;3;0.496;33;0.5150142009153638;86;0.09230769230769231;1.922346850733391;1;0.05;0.85;2
1000;170;0.17;25;0.17;3;0.34;25;0.4600757575757575;44;0.08035714285714286;1.8549618320610688;2;0.05;0.85;2
1000;265;0.265;79;0.265;3;0.53;79;0.5398027978225655;73;0.01889622075584883;2.2870655973678797;3;0.05;0.85;2
1000;218;0.218;15;0.218;3;0.436;15;0.5657302375044311;62;0.14772727272727273;1.89386189258312;4;0.05;0.85;2
1000;160;0.16;28;0.16;2;0.32;28;0.561157119852772;46;0.08842105263157894;1.7824675324675325;5;0.05;0.85;2
1000;214;0.214;12;0.214;3;0.428;12;0.4777078477078477;65;0.21766561514195584;1.5517241379310345;6;0.05;0.85;2
1000;173;0.173;10;0.173;2;0.346;10;0.33735224586288415;47;0.10344827586206896;1.5494505494505495;7;0.05;0.85;2
1000;174;0.174;10;0.174;2;0.348;10;0.32515723270440255;53;0.14;1.5623100303951367;8;0.05;0.85;2
1000;159;0.159;12;0.159;2;0.318;12;0.4664899726124216;49;0.16393442622950818;1.5375;9;0.05;0.85;2
1000;406;0.406;109;0.406;3;0.812;109;0.7438794374080525;150;0.030874785591766724;2.144392394599063;0;0.05;0.95;2
1000;322;0.322;55;0.322;3;0.644;55;0.6127796713982828;122;0.07177734375;1.9763013118916632;1;0.05;0.95;2
1000;248;0.248;47;0.248;3;0.496;47;0.5094656889250914;57;0.037544696066746125;2.0023741690408356;2;0.05;0.95;2
1000;442;0.442;196;0.442;3;0.884;196;0.7247958806491767;129;0.010330160016204173;2.127653123104912;3;0.05;0.95;2
1000;290;0.29;26;0.29;4;0.58;26;0.6123983408477908;83;0.10957792207792208;2.5676937441643326;4;0.05;0.95;2
1000;207;0.207;39;0.207;2;0.414;39;0.5582168821557616;62;0.06256860592755215;1.808490566037736;5;0.05;0.95;2
1000;269;0.269;18;0.269;6;0.538;18;0.4805942483309772;82;0.2017167381974249;2.3832558139534883;6;0.05;0.95;2
1000;229;0.229;20;0.229;2;0.458;20;0.4402776592595402;61;0.0683111954459203;1.68377253814147;7;0.05;0.95;2
1000;210;0.21;12;0.21;3;0.42;12;0.44077681577681577;66;0.15789473684210525;1.6142241379310345;8;0.05;0.95;2
1000;188;0.188;15;0.188;3;0.376;15;0.5389306599832916;57;0.13953488372093023;1.5942350332594235;9;0.05;0.95;2
1000;279;0.279;4;0.279;3;0.558;4;0.3598130841121495;107;0.34615384615384615;1.535796766743649;0;0.25;0.05;2
1000;280;0.28;4;0.28;4;0.56;5;0.5705729166666667;128;0.5357142857142857;1.7231759656652361;1;0.25;0.05;2
1000;219;0.219;3;0.219;3;0.438;4;0.4842342342342342;74;0.504950495049505;1.2454873646209386;2;0.25;0.05;2
1000;278;0.278;4;0.278;4;0.556;5;0.5105105105105104;111;0.47692307692307695;1.5936073059360731;3;0.25;0.05;2
1000;289;0.289;5;0.289;3;0.578;5;0.5538271604938272;135;0.47368421052631576;1.7344064386317908;4;0.25;0.05;2
1000;254;0.254;4;0.254;3;0.508;5;0.5016339869281046;102;0.47560975609756095;1.4109589041095891;5;0.25;0.05;2
1000;272;0.272;4;0.272;4;0.544;4;0.5231884057971015;115;0.5714285714285714;1.654462242562929;6;0.25;0.05;2
1000;257;0.257;3;0.257;3;0.514;4;0.38888888888888884;93;0.35172413793103446;1.5522388059701493;7;0.25;0.05;2
1000;263;0.263;4;0.263;2;0.526;4;0.4791666666666667;104;0.4375;1.4069148936170213;8;0.25;0.05;2
1000;262;0.262;4;0.262;3;0.524;4;0.5633608815426997;121;0.5670731707317073;1.4103260869565217;9;0.25;0.05;2
1000;306;0.306;5;0.306;3;0.612;5;0.4182795698924731;124;0.38571428571428573;1.5337423312883436;0;0.25;0.15;2
1000;312;0.312;5;0.312;4;0.624;5;0.5486301369863014;146;0.5111111111111111;1.7650273224043715;1;0.25;0.15;2
1000;252;0.252;5;0.252;3;0.504;5;0.43548387096774194;93;0.41007194244604317;1.3641456582633054;2;0.25;0.15;2
1000;316;0.316;5;0.316;4;0.632;5;0.5281481481481481;135;0.47368421052631576;2.208;3;0.25;0.15;2
1000;315;0.315;5;0.315;3;0.63;5;0.5766203703703704;144;0.5090252707581228;2.0578512396694215;4;0.25;0.15;2
1000;279;0.279;4;0.279;3;0.558;5;0.5206489675516224;113;0.47540983606557374;1.4261083743842364;5;0.25;0.15;2
1000;292;0.292;4;0.292;4;0.584;5;0.5035230352303522;123;0.559322033898305;1.6569037656903767;6;0.25;0.15;2
1000;284;0.284;3;0.284;3;0.568;5;0.4476190476190477;112;0.42408376963350786;1.5609756097560976;7;0.25;0.15;2
1000;293;0.293;4;0.293;2;0.586;4;0.4642857142857143;126;0.4032258064516129;1.5269978401727862;8;0.25;0.15;2
1000;292;0.292;6;0.292;3;0.584;6;0.6326530612244898;147;0.5575221238938053;1.5144766146993318;9;0.25;0.15;2
1000;337;0.337;8;0.337;3;0.674;8;0.42961210974456016;151;0.3655913978494624;1.7672955974842768;0;0.25;0.25;2
1000;352;0.352;9;0.352;4;0.704;9;0.5622967479674796;164;0.4767123287671233;1.823008849557522;1;0.25;0.25;2
1000;278;0.278;6;0.278;3;0.556;6;0.4444444444444444;105;0.4044943820224719;1.6578947368421053;2;0.25;0.25;2
1000;353;0.353;8;0.353;4;0.706;8;0.5265415140415141;156;0.39779005524861877;2.4165733482642775;3;0.25;0.25;2
1000;361;0.361;6;0.361;3;0.722;6;0.5300387596899224;172;0.4318181818181818;2.4694501018329937;4;0.25;0.25;2
1000;318;0.318;5;0.318;3;0.636;5;0.5465227817745804;139;0.4624505928853755;1.5197628458498025;5;0.25;0.25;2
1000;336;0.336;5;0.336;4;0.672;6;0.5464052287581699;153;0.5396341463414634;1.7557755775577557;6;0.25;0.25;2
1000;317;0.317;5;0.317;3;0.634;5;0.5217054263565891;129;0.425;1.614366729678639;7;0.25;0.25;2
1000;314;0.314;4;0.314;2;0.628;5;0.48394160583941603;137;0.4017857142857143;1.644859813084112;8;0.25;0.25;2
1000;323;0.323;6;0.323;3;0.646;6;0.6226907630522088;166;0.5217391304347826;1.5223300970873785;9;0.25;0.25;2
1000;384;0.384;14;0.384;3;0.768;14;0.5192656057062837;177;0.3620689655172414;2.1286836935166993;0;0.25;0.35;2
1000;397;0.397;11;0.397;5;0.794;11;0.5474696499153021;184;0.4251497005988024;2.0224358974358974;1;0.25;0.35;2
1000;319;0.319;9;0.319;3;0.638;9;0.4455046649703138;131;0.33984375;1.7567114093959733;2;0.25;0.35;2
1000;395;0.395;14;0.395;4;0.79;14;0.538291150155557;177;0.3333333333333333;3.080872011251758;3;0.25;0.35;2
1000;406;0.406;7;0.406;4;0.812;8;0.5549999999999999;200;0.4505703422053232;2.4366319444444446;4;0.25;0.35;2
1000;369;0.369;9;0.369;3;0.738;9;0.5520671834625324;172;0.44050632911392407;1.790983606557377;5;0.25;0.35;2
1000;383;0.383;8;0.383;4;0.766;8;0.5443304393580637;181;0.4778761061946903;1.953883495145631;6;0.25;0.35;2
1000;358;0.358;5;0.358;3;0.716;6;0.5320261437908497;153;0.38080495356037153;2.029986962190352;7;0.25;0.35;2
1000;349;0.349;7;0.349;3;0.698;7;0.46830265848670755;163;0.38;1.8664772727272727;8;0.25;0.35;2
1000;351;0.351;7;0.351;3;0.702;7;0.626516290726817;190;0.49714285714285716;1.7830045523520486;9;0.25;0.35;2
1000;451;0.451;19;0.451;4;0.902;20;0.5542351476003007;216;0.3029197080291971;2.637146960268071;0;0.25;0.45;2
1000;475;0.475;16;0.475;5;0.95;16;0.5349253902662994;220;0.33807829181494664;2.4061640066042926;1;0.25;0.45;2
1000;383;0.383;11;0.383;3;0.766;12;0.48691707494102704;167;0.289237668161435;2.8135593220338984;2;0.25;0.45;2
1000;474;0.474;24;0.474;4;0.948;24;0.5426610828784743;224;0.2601880877742947;3.6019714479945617;3;0.25;0.45;2
1000;491;0.491;14;0.491;4;0.982;14;0.5829404352709436;236;0.36609071274298055;2.7265231333027944;4;0.25;0.45;2
1000;430;0.43;13;0.43;3;0.86;13;0.551255507777247;207;0.3806343906510851;1.9450757575757576;5;0.25;0.45;2
1000;441;0.441;11;0.441;4;0.882;11;0.5525611515855418;205;0.4005805515239477;2.128688524590164;6;0.25;0.45;2
1000;409;0.409;8;0.409;3;0.818;9;0.5448210922787194;177;0.3264887063655031;2.3855619360131257;7;0.25;0.45;2
1000;400;0.4;9;0.4;3;0.8;9;0.5354093567251462;190;0.3624161073825503;1.8734602463605823;8;0.25;0.45;2
1000;410;0.41;12;0.41;3;0.82;12;0.6429030263131646;217;0.4667931688804554;1.7696019300361883;9;0.25;0.45;2
1000;534;0.534;33;0.534;4;1.068;33;0.5767013012048998;251;0.21070811744386875;3.11495487752471;0;0.25;0.55;2
1000;579;0.579;26;0.579;5;1.158;26;0.5730961311827141;267;0.27119700748129677;2.6478599221789882;1;0.25;0.55;2
1000;450;0.45;17;0.45;4;0.9;17;0.5389278800830378;207;0.27413127413127414;3.0840042002100105;2;0.25;0.55;2
1000;568;0.568;41;0.568;4;1.136;41;0.629545450033255;270;0.21638330757341576;3.1747533722568955;3;0.25;0.55;2
1000;563;0.563;19;0.563;4;1.126;19;0.6192657840516081;274;0.3287671232876712;2.8351063829787235;4;0.25;0.55;2
1000;507;0.507;19;0.507;4;1.014;19;0.5931823485840106;247;0.36235038084874865;1.9460431654676258;5;0.25;0.55;2
1000;529;0.529;14;0.529;4;1.058;14;0.5957705705752581;256;0.37251184834123224;2.2341008771929824;6;0.25;0.55;2
1000;470;0.47;11;0.47;3;0.94;12;0.5885467118140385;202;0.2903225806451613;2.8245137946630483;7;0.25;0.55;2
1000;456;0.456;13;0.456;3;0.912;13;0.5714294555002519;226;0.3284671532846715;1.9771801140994294;8;0.25;0.55;2
1000;468;0.468;14;0.468;3;0.936;14;0.6360386601350457;249;0.4160887656033287;1.7984934086629;9;0.25;0.55;2
1000;693;0.693;68;0.693;6;1.386;68;0.6504988453525168;324;0.1289172452617752;2.8112814688623886;0;0.25;0.65;2
1000;710;0.71;47;0.71;5;1.42;47;0.644755490159748;324;0.22783661119515886;3.1922865769969806;1;0.25;0.65;2
1000;557;0.557;40;0.557;4;1.114;40;0.6012545512545513;259;0.1703883495145631;3.14332546551272;2;0.25;0.65;2
1000;727;0.727;99;0.727;5;1.454;99;0.6451397411540931;329;0.09706277024004771;3.3236767696810356;3;0.25;0.65;2
1000;671;0.671;26;0.671;4;1.342;27;0.651241233255082;323;0.27572183814558765;2.591424448567306;4;0.25;0.65;2
1000;605;0.605;39;0.605;4;1.21;39;0.6316415606978221;290;0.27582477014602486;2.018867924528302;5;0.25;0.65;2
1000;630;0.63;19;0.63;5;1.26;19;0.6315959352923267;305;0.31766612641815234;2.4396413704771054;6;0.25;0.65;2
1000;593;0.593;20;0.593;4;1.186;20;0.6302290033687493;261;0.23504784688995214;2.978708946772367;7;0.25;0.65;2
1000;535;0.535;19;0.535;3;1.07;19;0.5878550250918673;260;0.28622862286228623;2.272267206477733;8;0.25;0.65;2
1000;541;0.541;20;0.541;3;1.082;20;0.6484131885898288;292;0.33423180592991913;1.8433086751849361;9;0.25;0.65;2
1000;935;0.935;132;0.935;6;1.87;132;0.7046162773419868;426;0.06597463748729199;2.79427894380501;0;0.25;0.75;2
1000;891;0.891;75;0.891;6;1.782;75;0.6895350779722325;399;0.19129226493747106;3.4464534999667618;1;0.25;0.75;2
1000;696;0.696;71;0.696;4;1.392;71;0.6392995295198483;320;0.10204471622396331;3.053969470524366;2;0.25;0.75;2
1000;998;0.998;220;0.998;5;1.996;220;0.7329415012522782;424;0.04762928717342221;3.020637219406227;3;0.25;0.75;2
1000;827;0.827;45;0.827;4;1.654;45;0.6778511308112426;394;0.19024101145792177;2.9211309523809526;4;0.25;0.75;2
1000;720;0.72;66;0.72;4;1.44;66;0.653973869654343;338;0.17511276200583709;2.353020360087498;5;0.25;0.75;2
1000;786;0.786;31;0.786;6;1.572;31;0.6575174789251257;374;0.24026696329254726;2.6439993539008237;6;0.25;0.75;2
1000;734;0.734;31;0.734;4;1.468;31;0.647855865339615;318;0.1951367781155015;3.31457345971564;7;0.25;0.75;2
1000;653;0.653;23;0.653;4;1.306;23;0.6285189687455732;328;0.24439918533604887;2.4317784256559767;8;0.25;0.75;2
1000;643;0.643;23;0.643;3;1.286;23;0.6570590116065677;344;0.2902654867256637;2.1928009929664873;9;0.25;0.75;2
1000;1295;1.295;260;1.295;6;2.59;260;0.7807204603339777;544;0.035064702725266864;3.305314100056135;0;0.25;0.85;2
1000;1138;1.138;136;1.138;6;2.276;136;0.7232870706420559;492;0.12199379363847944;3.710452353480666;1;0.25;0.85;2
1000;931;0.931;130;0.931;5;1.862;130;0.7189459165532528;425;0.06418232605383443;3.349449808576726;2;0.25;0.85;2
1000;1446;1.446;467;1.446;6;2.892;467;0.8025743609762349;569;0.02332251684546692;2.9905584718576845;3;0.25;0.85;2
1000;1050;1.05;70;1.05;5;2.1;70;0.720644114558865;479;0.14528650646950092;3.794847909426391;4;0.25;0.85;2
1000;884;0.884;114;0.884;5;1.768;114;0.6862662479974535;407;0.10385390992605871;2.4127133239392515;5;0.25;0.85;2
1000;999;0.999;54;0.999;6;1.998;54;0.6999671096228128;445;0.16727892941485176;3.4768944243976256;6;0.25;0.85;2
1000;949;0.949;52;0.949;4;1.898;52;0.6917049317916393;416;0.14641032535627857;3.1494582139743432;7;0.25;0.85;2
1000;804;0.804;32;0.804;4;1.608;32;0.6570030226018351;401;0.21762538962879002;3.100990420522812;8;0.25;0.85;2
1000;752;0.752;29;0.752;4;1.504;29;0.6843756650210473;383;0.23428986560116236;2.3402190144350423;9;0.25;0.85;2
1000;1967;1.967;519;1.967;6;3.934;519;0.8452459256815257;737;0.020645233650849602;3.468725804575739;0;0.25;0.95;2
1000;1492;1.492;248;1.492;6;2.984;248;0.7793249185402239;612;0.07126535275635533;3.9182162686172557;1;0.25;0.95;2
1000;1323;1.323;245;1.323;5;2.646;245;0.7869287308071118;555;0.043452506066917626;3.609707116924846;2;0.25;0.95;2
1000;2144;2.144;888;2.144;6;4.288;888;0.8742183432960243;796;0.012944060293418212;2.283212023880622;3;0.25;0.95;2
1000;1335;1.335;118;1.335;6;2.67;118;0.7447375921343953;565;0.11003291582952165;4.101268862826722;4;0.25;0.95;2
1000;1134;1.134;200;1.134;5;2.268;200;0.7033333538646659;508;0.05910175207699268;3.422080424821207;5;0.25;0.95;2
1000;1345;1.345;87;1.345;7;2.69;87;0.7193153823367988;562;0.12996834329933168;4.9760459000717185;6;0.25;0.95;2
1000;1251;1.251;94;1.251;5;2.502;94;0.7380543979089155;535;0.11150798080142874;3.7841605392156863;7;0.25;0.95;2
1000;1004;1.004;47;1.004;5;2.008;47;0.7030825709383047;474;0.1811070110701107;4.978826493531663;8;0.25;0.95;2
1000;909;0.909;43;0.909;4;1.818;43;0.6779836494012125;438;0.18246110325318246;3.9883006147134643;9;0.25;0.95;2
1000;474;0.474;5;0.474;3;0.948;5;0.4858267716535433;254;0.4490644490644491;2.0523076923076924;0;0.45;0.05;2
1000;494;0.494;8;0.494;4;0.988;8;0.49438018122228644;247;0.45709281961471104;2.271356783919598;1;0.45;0.05;2
1000;414;0.414;5;0.414;4;0.828;6;0.4801587301587301;210;0.42513368983957217;1.8479604449938196;2;0.45;0.05;2
1000;493;0.493;7;0.493;5;0.986;8;0.47967792926299146;241;0.42391304347826086;2.9941176470588236;3;0.45;0.05;2
1000;487;0.487;6;0.487;4;0.974;6;0.5424603174603174;252;0.5039619651347068;2.3966613672496027;4;0.45;0.05;2
1000;469;0.469;5;0.469;4;0.938;6;0.5646976090014064;237;0.4887640449438202;1.810663764961915;5;0.45;0.05;2
1000;470;0.47;6;0.47;4;0.94;8;0.533892958892959;234;0.5025125628140703;2.022598870056497;6;0.45;0.05;2
1000;446;0.446;4;0.446;4;0.892;5;0.4880503144654088;212;0.43612334801762115;2.0150862068965516;7;0.45;0.05;2
1000;447;0.447;6;0.447;3;0.894;6;0.4848888888888889;225;0.4225352112676056;1.9656283566058002;8;0.45;0.05;2
1000;460;0.46;6;0.46;3;0.92;6;0.5614873837981408;251;0.484251968503937;1.8842443729903537;9;0.45;0.05;2
1000;521;0.521;8;0.521;4;1.042;8;0.49170020120724345;284;0.43130990415335463;2.1681706316652996;0;0.45;0.15;2
1000;560;0.56;11;0.56;5;1.12;11;0.5434212709474033;287;0.4544334975369458;2.503008423586041;1;0.45;0.15;2
1000;463;0.463;7;0.463;4;0.926;8;0.5302137998056365;245;0.42943548387096775;2.2214348981399468;2;0.45;0.15;2
1000;544;0.544;8;0.544;5;1.088;8;0.49450008785802146;271;0.40145985401459855;3.1839749328558637;3;0.45;0.15;2
1000;561;0.561;7;0.561;4;1.122;8;0.5344761904761905;300;0.4882903981264637;2.8359375;4;0.45;0.15;2
1000;520;0.52;6;0.52;4;1.04;6;0.5572839506172839;270;0.49273255813953487;1.9128113879003559;5;0.45;0.15;2
1000;524;0.524;7;0.524;4;1.048;9;0.5553317818355412;266;0.47808764940239046;2.107142857142857;6;0.45;0.15;2
1000;495;0.495;6;0.495;4;0.99;7;0.5056010928961748;244;0.39368770764119604;2.90609756097561;7;0.45;0.15;2
1000;504;0.504;7;0.504;3;1.008;7;0.4874492432631967;258;0.42704626334519574;2.0507436570428696;8;0.45;0.15;2
1000;509;0.509;7;0.509;4;1.018;7;0.5856974591956924;283;0.5070422535211268;2.0469026548672566;9;0.45;0.15;2
1000;596;0.596;12;0.596;4;1.192;12;0.5179766899766899;325;0.41684901531728663;2.8971920289855073;0;0.45;0.25;2
1000;638;0.638;12;0.638;5;1.276;12;0.5204204087786177;335;0.4032534246575342;3.237023702370237;1;0.45;0.25;2
1000;522;0.522;9;0.522;4;1.044;10;0.5143146796431468;274;0.3879699248120301;2.9325726141078836;2;0.45;0.25;2
1000;613;0.613;11;0.613;5;1.226;11;0.5149261067046302;298;0.39768683274021355;3.1497120921305184;3;0.45;0.25;2
1000;641;0.641;9;0.641;5;1.282;12;0.5805674378374676;337;0.46568627450980393;2.982746955345061;4;0.45;0.25;2
1000;589;0.589;9;0.589;5;1.178;9;0.5526665655646547;314;0.4651898734177215;2.1683354192740927;5;0.45;0.25;2
1000;605;0.605;10;0.605;4;1.21;10;0.5610083731442955;309;0.4422535211267606;2.604566210045662;6;0.45;0.25;2
1000;558;0.558;6;0.558;4;1.116;7;0.5638543823326433;276;0.4384057971014493;2.8672610203070827;7;0.45;0.25;2
1000;560;0.56;10;0.56;3;1.12;10;0.5266979807796135;294;0.4081902245706737;2.1680053547523426;8;0.45;0.25;2
1000;563;0.563;9;0.563;4;1.126;9;0.5759705793145283;314;0.48116646415552855;2.168067226890756;9;0.45;0.25;2
1000;688;0.688;19;0.688;4;1.376;20;0.5399851106368261;367;0.37901498929336186;3.3943800838057676;0;0.45;0.35;2
1000;721;0.721;16;0.721;5;1.442;16;0.5610107071489184;369;0.37585812356979403;3.8059322033898306;1;0.45;0.35;2
1000;604;0.604;12;0.604;4;1.208;13;0.5467139312300602;310;0.3609467455621302;3.563041862769383;2;0.45;0.35;2
1000;719;0.719;23;0.719;5;1.438;23;0.558891747557671;351;0.36940916620651576;3.1996993772815117;3;0.45;0.35;2
1000;723;0.723;17;0.723;5;1.446;17;0.6115559080391126;373;0.431728045325779;2.951335163463938;4;0.45;0.35;2
1000;662;0.662;14;0.662;5;1.324;14;0.5451812555260831;348;0.4289137380191693;2.3731009830205543;5;0.45;0.35;2
1000;698;0.698;13;0.698;4;1.396;13;0.58675361364437;357;0.40594059405940597;3.0759289176090467;6;0.45;0.35;2
1000;627;0.627;9;0.627;4;1.254;10;0.5501470662812517;313;0.4101876675603217;3.4947273275082855;7;0.45;0.35;2
1000;644;0.644;12;0.644;3;1.288;12;0.5848874962247055;344;0.38864241348713396;2.482342807924203;8;0.45;0.35;2
1000;628;0.628;12;0.628;4;1.256;12;0.5898950279008083;346;0.4604651162790698;2.320846905537459;9;0.45;0.35;2
1000;817;0.817;33;0.817;6;1.634;34;0.5906039312276634;420;0.2972768532526475;3.6762747241824867;0;0.45;0.45;2
1000;860;0.86;27;0.86;5;1.72;27;0.6211131530457954;423;0.34372881355932206;3.9932419748451284;1;0.45;0.45;2
1000;674;0.674;15;0.674;4;1.348;15;0.5767834991519202;342;0.3291880029261156;3.7384440104166665;2;0.45;0.45;2
1000;834;0.834;40;0.834;5;1.668;40;0.5759792239904633;403;0.29333775273450446;4.614003972758229;3;0.45;0.45;2
1000;831;0.831;20;0.831;5;1.662;20;0.632857016574507;427;0.3905182804339092;3.345032718619869;4;0.45;0.45;2
1000;745;0.745;18;0.745;5;1.49;18;0.5685688171486714;379;0.42805755395683454;2.4293230445457734;5;0.45;0.45;2
1000;791;0.791;15;0.791;4;1.582;15;0.5913961279966242;403;0.39496611810261373;3.102391942929081;6;0.45;0.45;2
1000;727;0.727;13;0.727;4;1.454;14;0.5586750831793325;353;0.366120218579235;3.5390234525182622;7;0.45;0.45;2
1000;726;0.726;15;0.726;4;1.452;15;0.605307954154108;390;0.374031007751938;2.8543909348441927;8;0.45;0.45;2
1000;725;0.725;16;0.725;4;1.45;16;0.6107791633653703;406;0.4316688567674113;2.373891001267427;9;0.45;0.45;2
1000;981;0.981;62;0.981;6;1.962;62;0.6306528193148161;475;0.2158126908720733;3.468748238742039;0;0.45;0.55;2
1000;1024;1.024;46;1.024;5;2.048;46;0.65555730521769;488;0.2922619047619048;3.951302053458759;1;0.45;0.55;2
1000;806;0.806;40;0.806;4;1.612;40;0.6054063858114916;389;0.229;3.826192237842201;2;0.45;0.55;2
1000;1036;1.036;93;1.036;5;2.072;93;0.623490218910839;468;0.175754501648491;3.8661801518944374;3;0.45;0.55;2
1000;963;0.963;30;0.963;5;1.926;31;0.656964012749688;476;0.322307883611042;3.5001669449081803;4;0.45;0.55;2
1000;875;0.875;43;0.875;5;1.75;43;0.6141576281111164;444;0.3239528795811518;2.774853281166637;5;0.45;0.55;2
1000;952;0.952;22;0.952;5;1.904;22;0.6041903142569792;473;0.3269120184013801;3.531445659284179;6;0.45;0.55;2
1000;875;0.875;22;0.875;4;1.75;22;0.6101934060116384;422;0.30278884462151395;3.3739671760045273;7;0.45;0.55;2
1000;849;0.849;19;0.849;4;1.698;19;0.6247780937164908;440;0.3420608108108108;2.9120245870149826;8;0.45;0.55;2
1000;824;0.824;21;0.824;4;1.648;21;0.6493308657962019;448;0.3818437061300889;2.6791311520483916;9;0.45;0.55;2
1000;1227;1.227;118;1.227;6;2.454;119;0.6789769340270081;562;0.1126250918753887;4.6378715673626285;0;0.45;0.65;2
1000;1245;1.245;82;1.245;6;2.49;82;0.6868262133247729;555;0.23320778405524167;4.438441200137947;1;0.45;0.65;2
1000;1001;1.001;72;1.001;5;2.002;72;0.6411915965777952;475;0.15800651281325215;3.664730081964639;2;0.45;0.65;2
1000;1336;1.336;192;1.336;7;2.672;192;0.6813377630052753;573;0.09329165664823275;3.8428568410824058;3;0.45;0.65;2
1000;1167;1.167;49;1.167;5;2.334;49;0.6838905987374841;541;0.242489816700611;3.952052383299303;4;0.45;0.65;2
1000;1026;1.026;66;1.026;5;2.052;66;0.6381613667712557;508;0.2503364737550471;2.8938380825018;5;0.45;0.65;2
1000;1145;1.145;33;1.145;6;2.29;33;0.6523879370081018;559;0.2768207402353744;4.424048888072045;6;0.45;0.65;2
1000;1055;1.055;34;1.055;5;2.11;34;0.6431127929433453;485;0.24755940320501013;3.472435150548844;7;0.45;0.65;2
1000;999;0.999;25;0.999;4;1.998;25;0.6409144556500916;500;0.3048336798336798;3.304671030733385;8;0.45;0.65;2
1000;934;0.934;24;0.934;4;1.868;24;0.6607413198691333;494;0.33125819134993445;2.846347154909352;9;0.45;0.65;2
1000;1662;1.662;248;1.662;6;3.324;248;0.7325980476091603;674;0.058301967022064034;5.26744287598884;0;0.45;0.75;2
1000;1538;1.538;133;1.538;6;3.076;133;0.7155753986427663;647;0.1751674666385358;4.004945224767334;1;0.45;0.75;2
1000;1305;1.305;133;1.305;6;2.61;133;0.7186376150041635;589;0.11145988781968816;4.078490618260659;2;0.45;0.75;2
1000;1835;1.835;401;1.835;8;3.67;401;0.7677483445611691;716;0.04760214290324663;3.15871480330311;3;0.45;0.75;2
1000;1405;1.405;72;1.405;7;2.81;72;0.7064256955239187;606;0.20335400225479144;3.832965736561346;4;0.45;0.75;2
1000;1253;1.253;117;1.253;6;2.506;117;0.6774424285568725;593;0.15755873340143003;4.574651332223147;5;0.45;0.75;2
1000;1486;1.486;57;1.486;6;2.972;57;0.6895950651624846;659;0.22067925726075227;7.670733087386552;6;0.45;0.75;2
1000;1322;1.322;56;1.322;5;2.644;56;0.6778213860437604;579;0.19737561509021323;4.088444444444445;7;0.45;0.75;2
1000;1201;1.201;36;1.201;6;2.402;36;0.678826377808475;574;0.28230924005571895;4.116527815103467;8;0.45;0.75;2
1000;1103;1.103;34;1.103;5;2.206;34;0.6662134237587723;559;0.2825112107623318;4.248661560003295;9;0.45;0.75;2
1000;2326;2.326;462;2.326;7;4.652;462;0.7885206114441649;822;0.03394377532722421;3.856248403454517;0;0.45;0.85;2
1000;1985;1.985;240;1.985;7;3.97;240;0.7461557430826703;762;0.10874724351569884;4.551521902347163;1;0.45;0.85;2
1000;1744;1.744;236;1.744;6;3.488;236;0.7820688895108195;697;0.07666256157635468;3.430183026118674;2;0.45;0.85;2
1000;2560;2.56;791;2.56;9;5.12;791;0.8352189617421872;861;0.024655258150676977;2.422130682487245;3;0.45;0.85;2
1000;1769;1.769;122;1.769;7;3.538;122;0.7486486779534841;703;0.15492719268540467;4.27104733391834;4;0.45;0.85;2
1000;1559;1.559;204;1.559;6;3.118;204;0.7099279019586419;682;0.10101891269453556;5.242662947168647;5;0.45;0.85;2
1000;1892;1.892;95;1.892;8;3.784;95;0.7462115925099121;761;0.17821318449709223;11.21089512588092;6;0.45;0.85;2
1000;1718;1.718;107;1.718;6;3.436;107;0.7402659279688033;694;0.15034086831718693;9.842040474925431;7;0.45;0.85;2
1000;1460;1.46;55;1.46;6;2.92;55;0.6943300575349628;649;0.23184702150158618;6.621253981044473;8;0.45;0.85;2
1000;1313;1.313;48;1.313;6;2.626;48;0.6898923622278494;629;0.24703291325094826;4.39143686502177;9;0.45;0.85;2
1000;3464;3.464;889;3.464;8;6.928;889;0.8753927674063139;962;0.019669664863480683;2.3158562333594044;0;0.45;0.95;2
1000;2657;2.657;420;2.657;8;5.314;420;0.7833409273499431;876;0.07071014690207329;4.244039077160835;1;0.45;0.95;2
1000;2390;2.39;425;2.39;8;4.78;425;0.8078861999288;824;0.04840666144398676;3.2523651648428866;2;0.45;0.95;2
1000;3225;3.225;999;3.225;10;6.45;999;0.8608121074956407;960;0.023433491077028336;1.9935435435435436;3;0.45;0.95;2
1000;2317;2.317;219;2.317;9;4.634;219;0.7711403317113696;813;0.1006937401111607;6.36205667318176;4;0.45;0.95;2
1000;1998;1.998;357;1.998;6;3.996;357;0.7500310591040869;792;0.0612721563335323;6.728108959857716;5;0.45;0.95;2
1000;2481;2.481;149;2.481;8;4.962;149;0.7659174454339587;870;0.13556700092816715;5.834341694136586;6;0.45;0.95;2
1000;2287;2.287;181;2.287;8;4.574;181;0.7509926570870998;808;0.1051713274850967;5.525282876998656;7;0.45;0.95;2
1000;1824;1.824;80;1.824;6;3.648;80;0.7115805008842576;744;0.18997361477572558;12.335059674850113;8;0.45;0.95;2
1000;1617;1.617;73;1.617;7;3.234;73;0.7321491280605084;711;0.19207091849298202;5.611622719212949;9;0.45;0.95;2
1000;701;0.701;8;0.701;4;1.402;8;0.5312273312273312;407;0.4777777777777778;2.500508130081301;0;0.65;0.05;2
1000;706;0.706;11;0.706;5;1.412;11;0.5352785447273636;381;0.4464148033924441;3.346848179934892;1;0.65;0.05;2
1000;607;0.607;7;0.607;4;1.214;8;0.4716155948784348;331;0.4043321299638989;3.682822523164647;2;0.65;0.05;2
1000;685;0.685;9;0.685;5;1.37;9;0.48664888541937723;366;0.43134087237479807;3.4049004594180703;3;0.65;0.05;2
1000;706;0.706;7;0.706;4;1.412;9;0.5462609286138698;374;0.46189024390243905;3.121528912120222;4;0.65;0.05;2
1000;678;0.678;7;0.678;5;1.356;7;0.5219641244031488;369;0.49606299212598426;2.568873852102465;5;0.65;0.05;2
1000;710;0.71;8;0.71;4;1.42;10;0.5240021778280354;379;0.43525741029641185;3.2737631184407796;6;0.65;0.05;2
1000;643;0.643;6;0.643;4;1.286;7;0.5133116883116884;352;0.44466403162055335;4.2455732946298985;7;0.65;0.05;2
1000;649;0.649;7;0.649;5;1.298;8;0.5635854341736695;357;0.4475806451612903;2.797613787008396;8;0.65;0.05;2
1000;662;0.662;7;0.662;4;1.324;8;0.5850797838924489;379;0.5118483412322274;2.27621776504298;9;0.65;0.05;2
1000;784;0.784;11;0.784;4;1.568;11;0.5651500359928606;439;0.47717842323651455;3.3564356435643563;0;0.65;0.15;2
1000;787;0.787;11;0.787;5;1.574;11;0.5546954644076946;417;0.43131548311990686;4.336699836625575;1;0.65;0.15;2
1000;672;0.672;9;0.672;4;1.344;10;0.5228340870798971;358;0.41035120147874304;3.4719031356721515;2;0.65;0.15;2
1000;772;0.772;9;0.772;5;1.544;10;0.5326263342392374;403;0.44385026737967914;3.3733853278089203;3;0.65;0.15;2
1000;779;0.779;8;0.779;5;1.558;11;0.5712205270457698;412;0.4724550898203593;3.7291255752794212;4;0.65;0.15;2
1000;749;0.749;10;0.749;6;1.498;10;0.5413410917151565;401;0.4797570850202429;2.7925253230876703;5;0.65;0.15;2
1000;790;0.79;10;0.79;5;1.58;11;0.5427254270277526;430;0.44676923076923075;3.5111842105263156;6;0.65;0.15;2
1000;707;0.707;7;0.707;4;1.414;8;0.5161306407379705;382;0.4343675417661098;4.847535345815819;7;0.65;0.15;2
1000;723;0.723;10;0.723;5;1.446;10;0.5781903190319032;404;0.43025078369905956;2.794188861985472;8;0.65;0.15;2
1000;711;0.711;9;0.711;5;1.422;9;0.5851659089096275;398;0.500402900886382;2.2884422110552762;9;0.65;0.15;2
1000;870;0.87;16;0.87;5;1.74;17;0.5598152022315201;478;0.4432348367029549;3.846662030598053;0;0.65;0.25;2
1000;900;0.9;15;0.9;5;1.8;15;0.5536813448830616;466;0.38748495788206977;4.344611637818561;1;0.65;0.25;2
1000;742;0.742;11;0.742;4;1.484;12;0.5308067689885873;385;0.37632884479092843;3.934396580072345;2;0.65;0.25;2
1000;883;0.883;18;0.883;6;1.766;18;0.5396218845099993;439;0.4189589504866695;3.7515798342929365;3;0.65;0.25;2
1000;887;0.887;16;0.887;5;1.774;16;0.5902053845964101;468;0.4449760765550239;3.7001769342126427;4;0.65;0.25;2
1000;848;0.848;12;0.848;6;1.696;12;0.5414022252257547;442;0.4648109243697479;2.820626559467702;5;0.65;0.25;2
1000;870;0.87;14;0.87;5;1.74;14;0.5725493661799395;471;0.4294146581406788;4.148081201334817;6;0.65;0.25;2
1000;783;0.783;9;0.783;4;1.566;10;0.5388562204542834;413;0.4167686658506732;4.7175240939324015;7;0.65;0.25;2
1000;804;0.804;12;0.804;5;1.608;12;0.5748126686467493;446;0.4169130691898285;2.848698481561822;8;0.65;0.25;2
1000;800;0.8;12;0.8;5;1.6;12;0.6055337465564739;440;0.48507462686567165;2.6230385164051353;9;0.65;0.25;2
1000;1002;1.002;26;1.002;7;2.004;27;0.5874108437923304;527;0.4003344481605351;3.822707504395299;0;0.65;0.35;2
1000;1056;1.056;24;1.056;5;2.112;24;0.5858096274190581;524;0.36232643437254386;4.804709907915262;1;0.65;0.35;2
1000;834;0.834;14;0.834;4;1.668;15;0.5348845208000137;426;0.357840616966581;5.4317055909412595;2;0.65;0.35;2
1000;1028;1.028;28;1.028;6;2.056;28;0.5668932637492475;493;0.383252357816519;4.03196515576554;3;0.65;0.35;2
1000;994;0.994;21;0.994;5;1.988;21;0.5901115683243269;509;0.40464240903387705;3.866569978245105;4;0.65;0.35;2
1000;938;0.938;15;0.938;6;1.876;15;0.5916109280889155;477;0.4558044806517312;3.1115346038114344;5;0.65;0.35;2
1000;994;0.994;16;0.994;5;1.988;16;0.5749945563163953;522;0.41049273307337825;4.567721891006801;6;0.65;0.35;2
1000;898;0.898;12;0.898;4;1.796;13;0.543465953293167;463;0.3816760746851932;4.619056586008851;7;0.65;0.35;2
1000;939;0.939;16;0.939;5;1.878;16;0.5874012176095509;504;0.39548693586698336;4.022052374389174;8;0.65;0.35;2
1000;905;0.905;16;0.905;5;1.81;16;0.6244590226109732;487;0.4448979591836735;3.636918833727344;9;0.65;0.35;2
1000;1166;1.166;48;1.166;7;2.332;48;0.6125305451248595;581;0.3190404231205138;3.774385907325346;0;0.65;0.45;2
1000;1244;1.244;37;1.244;6;2.488;37;0.6258960087751578;587;0.35056406802492;5.99376849160841;1;0.65;0.45;2
1000;974;0.974;31;0.974;4;1.948;31;0.585390859253144;487;0.30384271671134944;5.243837243837244;2;0.65;0.45;2
1000;1220;1.22;58;1.22;7;2.44;58;0.6153029129571779;560;0.29824283678961533;5.6355319540471625;3;0.65;0.45;2
1000;1152;1.152;29;1.152;5;2.304;29;0.6308891822168942;563;0.3660212367270456;4.041630617334215;4;0.65;0.45;2
1000;1093;1.093;36;1.093;6;2.186;36;0.6132966138460644;546;0.391304347826087;4.122147399925177;5;0.65;0.45;2
1000;1163;1.163;21;1.163;5;2.326;21;0.5843461727741702;584;0.3662391204764086;8.206431677103557;6;0.65;0.45;2
1000;1073;1.073;21;1.073;5;2.146;21;0.5812768959384863;519;0.34122137404580155;4.866416866055708;7;0.65;0.45;2
1000;1058;1.058;20;1.058;5;2.116;20;0.6077052639354188;547;0.37455516014234874;4.4773787643150005;8;0.65;0.45;2
1000;1005;1.005;20;1.005;5;2.01;20;0.6329391679499693;536;0.41170431211498976;4.28307525129041;9;0.65;0.45;2
1000;1425;1.425;89;1.425;7;2.85;89;0.6491571069870155;649;0.20023668639053255;5.69143174559089;0;0.65;0.55;2
1000;1466;1.466;65;1.466;6;2.932;65;0.6742337809968393;650;0.3062708270221145;5.061664584043319;1;0.65;0.55;2
1000;1194;1.194;60;1.194;5;2.388;60;0.6244316315729236;578;0.23392908619198616;5.052085128381871;2;0.65;0.55;2
1000;1512;1.512;134;1.512;7;3.024;134;0.687455553420077;653;0.17254073627036814;4.739272785203008;3;0.65;0.55;2
1000;1375;1.375;44;1.375;6;2.75;45;0.6657253412084622;632;0.31007288803919225;4.297587052187011;4;0.65;0.55;2
1000;1265;1.265;54;1.265;6;2.53;54;0.6292811488116538;597;0.3294392523364486;5.2958754374238195;5;0.65;0.55;2
1000;1382;1.382;31;1.382;6;2.764;31;0.6385989193862708;655;0.32664756446991405;11.003534010946051;6;0.65;0.55;2
1000;1271;1.271;31;1.271;5;2.542;31;0.6206223703917628;592;0.30635472652545054;5.1507794345468625;7;0.65;0.55;2
1000;1227;1.227;26;1.227;5;2.454;26;0.6341393001477253;594;0.3534549689440994;4.549067834128585;8;0.65;0.55;2
1000;1156;1.156;24;1.156;7;2.312;24;0.651730054059729;587;0.3858474778866842;4.858625162127107;9;0.65;0.55;2
1000;1801;1.801;174;1.801;7;3.602;174;0.7000119323811764;742;0.11009913758362215;6.966523585305518;0;0.65;0.65;2
1000;1767;1.767;116;1.767;6;3.534;116;0.6980681041788571;724;0.23280623849236434;4.706789912909021;1;0.65;0.65;2
1000;1504;1.504;112;1.504;6;3.008;112;0.695767409910653;662;0.16303213084328963;5.668633182878435;2;0.65;0.65;2
1000;1952;1.952;279;1.952;9;3.904;279;0.7421983097387703;741;0.09892571953811685;3.608407628798021;3;0.65;0.65;2
1000;1626;1.626;63;1.626;7;3.252;64;0.7126346803443684;688;0.2669009135628953;4.1214665670198265;4;0.65;0.65;2
1000;1484;1.484;96;1.484;6;2.968;96;0.6846417255818206;667;0.24105948452688844;5.307294162752804;5;0.65;0.65;2
1000;1723;1.723;49;1.723;6;3.446;49;0.6829415912077871;732;0.2693868516195676;8.509172774741511;6;0.65;0.65;2
1000;1587;1.587;52;1.587;5;3.174;52;0.686901643893876;680;0.261585822447791;5.264939238726524;7;0.65;0.65;2
1000;1446;1.446;32;1.446;6;2.892;32;0.6841337268368101;644;0.3373346398824106;5.682763953324898;8;0.65;0.65;2
1000;1329;1.329;32;1.329;7;2.658;32;0.6666561278519546;651;0.3453625081645983;4.901617821446722;9;0.65;0.65;2
1000;2400;2.4;338;2.4;8;4.8;338;0.7545658704501699;850;0.06019668946537699;4.565486479089253;0;0.65;0.75;2
1000;2225;2.225;187;2.225;7;4.45;187;0.7254438974449662;819;0.17395855139208707;7.566718829981719;1;0.65;0.75;2
1000;1913;1.913;192;1.913;7;3.826;192;0.7375923699469289;750;0.1224870157302254;3.975146978866548;2;0.65;0.75;2
1000;2584;2.584;546;2.584;10;5.168;546;0.7938118063334235;856;0.052134694253721026;2.9539799137671525;3;0.65;0.75;2
1000;1995;1.995;106;1.995;8;3.99;106;0.7315162959975366;772;0.21080184331797236;5.18766280021689;4;0.65;0.75;2
1000;1794;1.794;160;1.794;6;3.588;160;0.7076115210570949;743;0.17549075328990513;6.248423522510632;5;0.65;0.75;2
1000;2133;2.133;86;2.133;8;4.266;86;0.7259420920701153;813;0.21941169737896304;8.395033342157344;6;0.65;0.75;2
1000;1956;1.956;88;1.956;6;3.912;88;0.7299492196232908;761;0.20809321499179742;9.721367920507317;7;0.65;0.75;2
1000;1734;1.734;55;1.734;6;3.468;55;0.7218083462586654;720;0.2879705755084379;6.097882534775889;8;0.65;0.75;2
1000;1563;1.563;47;1.563;7;3.126;47;0.7030431355680589;722;0.29492949294929494;5.0348287931076685;9;0.65;0.75;2
1000;3406;3.406;685;3.406;10;6.812;685;0.8182528346806406;948;0.03346179851250845;2.8589507351044623;0;0.65;0.85;2
1000;2867;2.867;340;2.867;9;5.734;340;0.7752284783579957;900;0.10975495258661158;4.32298643976253;1;0.65;0.85;2
1000;2526;2.526;350;2.526;8;5.052;350;0.7858935013009671;839;0.07570774211323873;3.42297455071094;2;0.65;0.85;2
1000;3475;3.475;955;3.475;10;6.95;955;0.8483374109672392;970;0.030529603737061862;2.0722025796829366;3;0.65;0.85;2
1000;2539;2.539;190;2.539;9;5.078;190;0.7650082231866911;864;0.14461523727433798;6.167592431230379;4;0.65;0.85;2
1000;2277;2.277;291;2.277;7;4.554;291;0.7445434224187706;844;0.10729266690251175;6.698084585554337;5;0.65;0.85;2
1000;2702;2.702;134;2.702;10;5.404;134;0.7729276493141265;898;0.1788044947291192;5.611867697833621;6;0.65;0.85;2
1000;2509;2.509;158;2.509;8;5.018;158;0.7535415348901169;848;0.14996424183521903;5.85376012942963;7;0.65;0.85;2
1000;2095;2.095;80;2.095;7;4.19;80;0.7401842833719485;795;0.2439055683859379;6.292977275645141;8;0.65;0.85;2
1000;1873;1.873;70;1.873;8;3.746;70;0.7235861360168651;794;0.2416506283255972;6.37226526502611;9;0.65;0.85;2
1000;4547;4.547;993;4.547;10;9.094;993;0.8660865871886648;999;0.025554771045848267;1.9911374300151856;0;0.65;0.95;2
1000;3820;3.82;596;3.82;10;7.64;596;0.790408346766556;967;0.07146225573921211;3.0325524656259693;1;0.65;0.95;2
1000;3414;3.414;586;3.414;10;6.828;586;0.7975954534137153;927;0.05023739440573511;3.2260109094559772;2;0.65;0.95;2
1000;4212;4.212;999;4.212;10;8.424;999;0.833844224727443;991;0.038032279055895235;1.9915675675675675;3;0.65;0.95;2
1000;3409;3.409;314;3.409;10;6.818;314;0.7915626383359603;942;0.09273890815487469;3.8673925284734296;4;0.65;0.95;2
1000;2864;2.864;487;2.864;8;5.728;487;0.7621245529935028;920;0.06707840811485133;4.253565046774815;5;0.65;0.95;2
1000;3630;3.63;227;3.63;11;7.26;227;0.7863632075614697;955;0.1322357552395452;4.113315669994351;6;0.65;0.95;2
1000;3342;3.342;258;3.342;10;6.684;258;0.7634451427751812;918;0.11023222004236394;4.12871742396767;7;0.65;0.95;2
1000;2597;2.597;105;2.597;8;5.194;105;0.7423389183156879;876;0.19603564702099316;8.04957640929203;8;0.65;0.95;2
1000;2273;2.273;102;2.273;9;4.546;102;0.7286336322316598;874;0.19202944136889782;11.46265028923481;9;0.65;0.95;2
1000;916;0.916;8;0.916;5;1.832;8;0.5584488448844884;505;0.4824198552223371;4.697381183317168;0;0.85;0.05;2
1000;936;0.936;13;0.936;5;1.872;13;0.5105564693443482;495;0.41705165896682067;7.332031905961377;1;0.85;0.05;2
1000;785;0.785;9;0.785;4;1.57;10;0.49195509994121106;432;0.40681502086230875;3.6122082585278275;2;0.85;0.05;2
1000;903;0.903;9;0.903;6;1.806;11;0.4988693405360072;468;0.4521497919556172;3.783958602846054;3;0.85;0.05;2
1000;912;0.912;8;0.912;5;1.824;11;0.5298508898508898;495;0.4702549575070821;4.368868346503653;4;0.85;0.05;2
1000;897;0.897;8;0.897;6;1.794;8;0.5208802608180202;482;0.4769620253164557;3.850547263681592;5;0.85;0.05;2
1000;910;0.91;9;0.91;6;1.82;11;0.5384679176511845;502;0.4543660582141095;3.7802734375;6;0.85;0.05;2
1000;819;0.819;8;0.819;4;1.638;10;0.5159892484835277;437;0.4444444444444444;5.856097050826187;7;0.85;0.05;2
1000;844;0.844;10;0.844;5;1.688;10;0.555065606228397;473;0.41421143847487;3.9037049126815733;8;0.85;0.05;2
1000;833;0.833;8;0.833;5;1.666;9;0.5771606806564433;472;0.5039706780696396;3.7788595271210013;9;0.85;0.05;2
1000;989;0.989;12;0.989;5;1.978;12;0.5604469535439685;536;0.46781857451403885;4.660687022900763;0;0.85;0.15;2
1000;1046;1.046;16;1.046;5;2.092;16;0.5401053044306279;541;0.4026265214606022;7.236386931454196;1;0.85;0.15;2
1000;873;0.873;10;0.873;4;1.746;11;0.5157884841147553;472;0.4090185676392573;3.8209547048955317;2;0.85;0.15;2
1000;1026;1.026;11;1.026;7;2.052;12;0.5242988350131208;518;0.4481582537517053;4.273288927502655;3;0.85;0.15;2
1000;1007;1.007;13;1.007;5;2.014;14;0.543828080858156;532;0.4568306010928962;4.212821117134103;4;0.85;0.15;2
1000;996;0.996;11;0.996;6;1.992;11;0.5489412045495695;526;0.4617234468937876;4.0065192743764175;5;0.85;0.15;2
1000;1012;1.012;12;1.012;6;2.024;12;0.5595628307969506;551;0.44853228962818004;4.62322206095791;6;0.85;0.15;2
1000;912;0.912;9;0.912;4;1.824;11;0.5274674565200881;475;0.4255813953488372;6.0115160547351305;7;0.85;0.15;2
1000;956;0.956;13;0.956;5;1.912;13;0.5741707835398083;523;0.4205607476635514;4.553150655720226;8;0.85;0.15;2
1000;929;0.929;10;0.929;5;1.858;10;0.5766763529558806;508;0.49570200573065903;4.1466666666666665;9;0.85;0.15;2
1000;1126;1.126;22;1.126;5;2.252;23;0.5841149346718123;575;0.43830295787272183;4.482750472589792;0;0.85;0.25;2
1000;1187;1.187;18;1.187;6;2.374;19;0.5777899966623935;593;0.40355871886121;7.619780876494024;1;0.85;0.25;2
1000;986;0.986;13;0.986;5;1.972;14;0.54216107243451;512;0.40444091990483744;4.744710750253728;2;0.85;0.25;2
1000;1158;1.158;24;1.158;7;2.316;24;0.5628027820311959;568;0.4218512898330804;7.329090228378885;3;0.85;0.25;2
1000;1126;1.126;22;1.126;5;2.252;22;0.5859699413646783;570;0.43726641751201284;4.986705827794095;4;0.85;0.25;2
1000;1098;1.098;14;1.098;6;2.196;14;0.5573591507453942;567;0.4535885167464115;5.174850299401197;5;0.85;0.25;2
1000;1142;1.142;14;1.142;6;2.284;14;0.5684536202065417;599;0.42705882352941177;5.254089782429083;6;0.85;0.25;2
1000;1037;1.037;11;1.037;5;2.074;12;0.5622584864157898;534;0.4126163391933816;5.857029981124621;7;0.85;0.25;2
1000;1065;1.065;16;1.065;5;2.13;16;0.5893627663681139;561;0.4020718679184202;5.360029701920017;8;0.85;0.25;2
1000;1034;1.034;16;1.034;6;2.068;16;0.5829293973055275;553;0.46368715083798884;5.214913865799302;9;0.85;0.25;2
1000;1303;1.303;32;1.303;7;2.606;32;0.6100082945856641;634;0.41044479745830026;7.184124031007752;0;0.85;0.35;2
1000;1371;1.371;30;1.371;6;2.742;30;0.6156968629968921;645;0.39153104755885604;9.285954200304692;1;0.85;0.35;2
1000;1121;1.121;19;1.121;5;2.242;20;0.5657235069461143;562;0.3821497651284885;5.3294601307562735;2;0.85;0.35;2
1000;1337;1.337;39;1.337;7;2.674;39;0.5986823525280174;621;0.3739130434782609;8.757318561637405;3;0.85;0.35;2
1000;1282;1.282;26;1.282;6;2.564;26;0.6187985297297821;623;0.4151345074511322;5.2894506593337915;4;0.85;0.35;2
1000;1222;1.222;21;1.222;6;2.444;21;0.5798020882436467;616;0.43857493857493857;6.253378195039887;5;0.85;0.35;2
1000;1324;1.324;20;1.324;6;2.648;20;0.5957643148045624;644;0.3975614631221267;7.502280690156674;6;0.85;0.35;2
1000;1219;1.219;15;1.219;5;2.438;17;0.587929784081703;587;0.3865450399087799;5.855223534862173;7;0.85;0.35;2
1000;1196;1.196;19;1.196;5;2.392;19;0.6009123845013664;593;0.3896385542168675;5.011207569702815;8;0.85;0.35;2
1000;1150;1.15;20;1.15;6;2.3;20;0.6105869849916946;599;0.4445070422535211;5.315840309079202;9;0.85;0.35;2
1000;1557;1.557;62;1.557;7;3.114;62;0.6496173472520135;694;0.3121297162457125;9.201151487291034;0;0.85;0.45;2
1000;1599;1.599;48;1.599;7;3.198;48;0.6472475332045693;708;0.36093306714300727;8.246397596121014;1;0.85;0.45;2
1000;1317;1.317;43;1.317;7;2.634;43;0.6261435687386645;639;0.3280405958422;5.490674007856723;2;0.85;0.45;2
1000;1614;1.614;88;1.614;7;3.228;88;0.6509405198006587;695;0.2762553191489362;9.266914140489641;3;0.85;0.45;2
1000;1493;1.493;36;1.493;7;2.986;37;0.649039782300522;672;0.3699379788398395;5.283487684303694;4;0.85;0.45;2
1000;1394;1.394;46;1.394;6;2.788;46;0.6262385396860597;661;0.38742360887745253;6.7495237576879115;5;0.85;0.45;2
1000;1535;1.535;29;1.535;6;3.07;29;0.6183656035099584;693;0.36179127929815375;11.180368122262164;6;0.85;0.45;2
1000;1422;1.422;29;1.422;5;2.844;29;0.609935101210169;653;0.34921107472462043;5.430089516684347;7;0.85;0.45;2
1000;1375;1.375;23;1.375;6;2.75;23;0.6192655364349131;635;0.3804347826086957;4.972618847639845;8;0.85;0.45;2
1000;1312;1.312;23;1.312;7;2.624;23;0.6454351759163797;657;0.42455711667684787;4.789144170017232;9;0.85;0.45;2
1000;1894;1.894;118;1.894;7;3.788;119;0.6803140208923938;774;0.19202586206896552;8.511116207119036;0;0.85;0.55;2
1000;1904;1.904;93;1.904;7;3.808;93;0.676905578564812;771;0.2945838050408151;8.415685910225447;1;0.85;0.55;2
1000;1583;1.583;75;1.583;7;3.166;75;0.6719473012116939;712;0.25596237823312057;6.067180112856489;2;0.85;0.55;2
1000;1997;1.997;173;1.997;9;3.994;173;0.6935031082808027;774;0.1853920592002277;5.30693733963756;3;0.85;0.55;2
1000;1755;1.755;58;1.755;7;3.51;58;0.679360880901283;732;0.3177570093457944;5.058127434365058;4;0.85;0.55;2
1000;1623;1.623;74;1.623;6;3.246;74;0.6624190878752142;730;0.3202815226011102;8.323242164008564;5;0.85;0.55;2
1000;1822;1.822;39;1.822;7;3.644;39;0.664215944398387;755;0.3209964412811388;11.886999632644619;6;0.85;0.55;2
1000;1695;1.695;42;1.695;6;3.39;42;0.6591663551238188;717;0.3053562051461579;10.555203522715068;7;0.85;0.55;2
1000;1584;1.584;29;1.584;6;3.168;29;0.6765025548525514;696;0.37093128390596747;6.427150390980178;8;0.85;0.55;2
1000;1484;1.484;29;1.484;7;2.968;29;0.6692668368540735;705;0.39542674046023885;5.421029617537314;9;0.85;0.55;2
1000;2362;2.362;234;2.362;8;4.724;234;0.7251724663345258;869;0.10947150063646222;5.731332645596924;0;0.85;0.65;2
1000;2322;2.322;136;2.322;7;4.644;136;0.7110232806409044;841;0.2423881612519136;7.071804902500286;1;0.85;0.65;2
1000;1972;1.972;139;1.972;7;3.944;139;0.7097838025469481;791;0.17951668584579977;5.7325366605965025;2;0.85;0.65;2
1000;2545;2.545;359;2.545;10;5.09;359;0.7516065675780668;858;0.09861508526954332;3.4980204590704167;3;0.85;0.65;2
1000;2088;2.088;82;2.088;8;4.176;82;0.7204199288652867;803;0.2736767881538936;5.144411145463857;4;0.85;0.65;2
1000;1961;1.961;119;1.961;7;3.922;119;0.6853884099448628;811;0.261408757138972;7.773539694035389;5;0.85;0.65;2
1000;2209;2.209;65;2.209;8;4.418;65;0.7066790527367078;828;0.2803738317757009;8.716441416339169;6;0.85;0.65;2
1000;2048;2.048;66;2.048;6;4.096;66;0.708571051474481;784;0.2575032622879513;8.123430992285563;7;0.85;0.65;2
1000;1873;1.873;42;1.873;7;3.746;42;0.6941495291954265;761;0.34155057982641673;9.364450375934016;8;0.85;0.65;2
1000;1719;1.719;45;1.719;7;3.438;45;0.6986985316269516;756;0.34684854186265285;8.057511236507988;9;0.85;0.65;2
1000;3138;3.138;446;3.138;9;6.276;446;0.7726966519456088;942;0.060294468004002476;3.6278595173925354;0;0.85;0.75;2
1000;2917;2.917;250;2.917;8;5.834;250;0.742307458752708;908;0.1668516074856046;4.957894052532118;1;0.85;0.75;2
1000;2499;2.499;244;2.499;8;4.998;244;0.7474147787000532;855;0.12043321299638989;4.384592908287045;2;0.85;0.75;2
1000;3337;3.337;690;3.337;10;6.674;690;0.7913309643465322;938;0.052759116822985966;2.617940350768147;3;0.85;0.75;2
1000;2566;2.566;137;2.566;9;5.132;137;0.7416625682495972;866;0.20527905156022816;6.968502901277158;4;0.85;0.75;2
1000;2398;2.398;219;2.398;7;4.796;219;0.7107093423911346;871;0.17004341534008682;7.6807932068849665;5;0.85;0.75;2
1000;2770;2.77;112;2.77;10;5.54;112;0.7509554722430399;902;0.22694336161430864;5.431970664191219;6;0.85;0.75;2
1000;2582;2.582;125;2.582;8;5.164;125;0.7397683018666188;855;0.20489068296894322;5.8581180377979605;7;0.85;0.75;2
1000;2232;2.232;69;2.232;7;4.464;69;0.7123156564357838;820;0.2956;11.188169445723473;8;0.85;0.75;2
1000;2002;2.002;60;2.002;8;4.004;60;0.7147750927227015;817;0.30159690297604647;16.744420840231054;9;0.85;0.75;2
1000;4389;4.389;853;4.389;11;8.778;853;0.8272129605002891;990;0.03487902968943097;2.2450265897159687;0;0.85;0.85;2
1000;3744;3.744;436;3.744;10;7.488;436;0.7759897348604688;964;0.11162755781874598;3.4064024797807635;1;0.85;0.85;2
1000;3286;3.286;437;3.286;10;6.572;437;0.786911427416524;924;0.07805338151835818;3.9880054051249427;2;0.85;0.85;2
1000;4293;4.293;994;4.293;11;8.586;994;0.827485860462987;991;0.04167186634911986;2.000674674674675;3;0.85;0.85;2
1000;3320;3.32;236;3.32;11;6.64;236;0.7613749188840613;936;0.13796002668543175;4.18846239284832;4;0.85;0.85;2
1000;2968;2.968;373;2.968;8;5.936;373;0.7386499180965788;926;0.11058103975535168;5.084270855003121;5;0.85;0.85;2
1000;3591;3.591;176;3.591;10;7.182;176;0.7776008013016756;956;0.17260065999641536;4.3561711512644985;6;0.85;0.85;2
1000;3345;3.345;210;3.345;10;6.69;210;0.7572139764529225;925;0.15089367200237902;4.364533789527993;7;0.85;0.85;2
1000;2701;2.701;96;2.701;8;5.402;96;0.7335627044062305;877;0.2421092564491654;7.650805286443616;8;0.85;0.85;2
1000;2429;2.429;92;2.429;9;4.858;92;0.7288171077793065;891;0.24023515344758867;9.101478564663982;9;0.85;0.85;2
1000;5423;5.423;999;5.423;11;10.846;999;0.8451502445683998;1000;0.03457429552856907;1.9891431431431432;0;0.85;0.95;2
1000;5044;5.044;803;5.044;12;10.088;803;0.788812214137675;998;0.07030163948895607;2.3735595595595598;1;0.85;0.95;2
1000;4524;4.524;779;4.524;12;9.048;779;0.80773009379183;983;0.04976911330700222;2.46474694624957;2;0.85;0.95;2
1000;5256;5.256;999;5.256;13;10.512;999;0.8076745938079515;997;0.05349548539988427;1.9894774774774775;3;0.85;0.95;2
1000;4474;4.474;414;4.474;12;8.948;414;0.785810172975778;979;0.09019527563426415;3.0231296298534156;4;0.85;0.95;2
1000;3802;3.802;640;3.802;11;7.604;640;0.7633597626236895;979;0.06923350313943845;3.181058208547769;5;0.85;0.95;2
1000;4739;4.739;307;4.739;12;9.478;307;0.7649811250475469;984;0.12928527864062522;3.440405421350943;6;0.85;0.95;2
1000;4376;4.376;329;4.376;12;8.752;329;0.7594757449513386;973;0.11372124290409322;3.4086557284414036;7;0.85;0.95;2
1000;3329;3.329;132;3.329;10;6.658;132;0.7468146008893324;936;0.1977399537845911;5.789040515341584;8;0.85;0.95;2
1000;2987;2.987;130;2.987;12;5.974;130;0.727089137761116;952;0.19479075971175044;6.3832980981384075;9;0.85;0.95;2
1000;1104;1.104;9;1.104;5;2.208;9;0.5461125933112351;589;0.4751082251082251;6.754577247479943;0;1.05;0.05;2
1000;1125;1.125;16;1.125;5;2.25;16;0.5295496383230626;587;0.4171597633136095;8.534022159049494;1;1.05;0.05;2
1000;983;0.983;10;0.983;5;1.966;12;0.5246060226323386;532;0.4304179233089186;5.0236526135235176;2;1.05;0.05;2
1000;1143;1.143;11;1.143;7;2.286;13;0.5119362752924397;584;0.4702941176470588;5.157733537519142;3;1.05;0.05;2
1000;1105;1.105;10;1.105;6;2.21;12;0.5455778175673462;573;0.476280834914611;6.30254944285631;4;1.05;0.05;2
1000;1088;1.088;9;1.088;6;2.176;9;0.5275620817432664;574;0.4739583333333333;5.889563533966913;5;1.05;0.05;2
1000;1120;1.12;11;1.12;6;2.24;12;0.5543235567564427;596;0.4588815789473684;5.028508270447443;6;1.05;0.05;2
1000;1037;1.037;8;1.037;4;2.074;10;0.5561218282933611;548;0.4561945194905442;6.059817796367387;7;1.05;0.05;2
1000;1050;1.05;13;1.05;5;2.1;13;0.5588006064069894;564;0.4237837837837838;7.511703540836425;8;1.05;0.05;2
1000;1036;1.036;10;1.036;5;2.072;10;0.5710912698412699;560;0.500796812749004;4.632450843783867;9;1.05;0.05;2
1000;1243;1.243;14;1.243;5;2.486;15;0.5565453831377398;628;0.45875736475629353;11.887249548686174;0;1.05;0.15;2
1000;1273;1.273;18;1.273;6;2.546;19;0.5810568704217574;636;0.4209033384246127;10.391826139844039;1;1.05;0.15;2
1000;1097;1.097;11;1.097;5;2.194;12;0.5252614510346469;582;0.42262106332543176;6.2430005792624055;2;1.05;0.15;2
1000;1264;1.264;14;1.264;7;2.528;14;0.5450607542394982;621;0.459802538787024;7.722615541458994;3;1.05;0.15;2
1000;1227;1.227;17;1.227;6;2.454;17;0.5726163795909656;618;0.47073290703394;6.352308757607784;4;1.05;0.15;2
1000;1198;1.198;11;1.198;6;2.396;11;0.5476527176527176;615;0.4680371726274289;8.764223611958512;5;1.05;0.15;2
1000;1252;1.252;15;1.252;6;2.504;15;0.5683974767830566;638;0.44178343949044585;6.758640608452874;6;1.05;0.15;2
1000;1158;1.158;9;1.158;5;2.316;11;0.5563832670431655;591;0.4387422129931771;6.387431284357821;7;1.05;0.15;2
1000;1178;1.178;15;1.178;6;2.356;15;0.5597407427456689;609;0.4157836029001673;7.153374980953832;8;1.05;0.15;2
1000;1142;1.142;14;1.142;6;2.284;14;0.563036263533776;603;0.47448494453248813;5.806941602392571;9;1.05;0.15;2
1000;1405;1.405;25;1.405;7;2.81;26;0.5839355082844565;673;0.4443155452436195;12.521380966676674;0;1.05;0.25;2
1000;1472;1.472;21;1.472;6;2.944;21;0.6079993292935373;685;0.4171882155396123;10.064535626117307;1;1.05;0.25;2
1000;1238;1.238;16;1.238;6;2.476;17;0.557704832068587;631;0.4114114114114114;7.86550682200486;2;1.05;0.25;2
1000;1454;1.454;27;1.454;7;2.908;27;0.5767456659214526;688;0.4224581190910599;11.57630362774461;3;1.05;0.25;2
1000;1392;1.392;24;1.392;6;2.784;24;0.6146103383528787;666;0.4380413646809263;7.44091839212014;4;1.05;0.25;2
1000;1342;1.342;14;1.342;6;2.684;14;0.5722627946765878;667;0.4657534246575342;9.12072708251602;5;1.05;0.25;2
1000;1410;1.41;18;1.41;6;2.82;18;0.5756201634813606;684;0.4210327217703802;6.869109662423505;6;1.05;0.25;2
1000;1306;1.306;13;1.306;5;2.612;14;0.5689873336158165;646;0.41785714285714287;6.131578365225086;7;1.05;0.25;2
1000;1314;1.314;17;1.314;6;2.628;17;0.5979360239232243;648;0.4186487055356767;6.993158466706184;8;1.05;0.25;2
1000;1263;1.263;17;1.263;6;2.526;17;0.5822651243262456;640;0.4633061527057079;5.761750497300369;9;1.05;0.25;2
1000;1614;1.614;40;1.614;7;3.228;40;0.6219743025338745;728;0.384187926244001;10.493717848791894;0;1.05;0.35;2
1000;1679;1.679;33;1.679;6;3.358;33;0.6346283907109516;736;0.3960246300097224;10.610927771544233;1;1.05;0.35;2
1000;1408;1.408;29;1.408;6;2.816;29;0.5997195403328521;692;0.38093599449415005;8.363471877137242;2;1.05;0.35;2
1000;1679;1.679;51;1.679;7;3.358;51;0.6219464656605991;742;0.3645367412140575;10.11583280919435;3;1.05;0.35;2
1000;1582;1.582;31;1.582;6;3.164;31;0.6394796543394053;706;0.41424968474148804;7.762275789302817;4;1.05;0.35;2
1000;1513;1.513;30;1.513;6;3.026;30;0.6017207839241738;708;0.43998731568098937;8.629415748090741;5;1.05;0.35;2
1000;1593;1.593;26;1.593;6;3.186;26;0.6139811526031644;721;0.39965328710494735;11.100302461611882;6;1.05;0.35;2
1000;1512;1.512;23;1.512;6;3.024;23;0.5978733473066821;697;0.39397590361445783;6.448733607214676;7;1.05;0.35;2
1000;1475;1.475;22;1.475;6;2.95;22;0.6269731583297644;691;0.4100853374709077;7.07132104853361;8;1.05;0.35;2
1000;1410;1.41;21;1.41;6;2.82;21;0.6308064268132919;690;0.45572519083969465;6.385091680350301;9;1.05;0.35;2
1000;1894;1.894;79;1.894;7;3.788;79;0.6480242566211112;794;0.3039507221750212;11.336649174403629;0;1.05;0.45;2
1000;1980;1.98;64;1.98;7;3.96;64;0.6703448493572657;808;0.3545775378866514;8.563990467025532;1;1.05;0.45;2
1000;1631;1.631;50;1.631;7;3.262;50;0.6371725500154379;745;0.3379014989293362;7.247452220690401;2;1.05;0.45;2
1000;2032;2.032;106;2.032;9;4.064;106;0.6562449733858641;807;0.28581521739130433;6.2919090001613895;3;1.05;0.45;2
1000;1846;1.846;44;1.846;8;3.692;45;0.6479137814236187;756;0.3720443944024449;7.144796980117931;4;1.05;0.45;2
1000;1744;1.744;52;1.744;6;3.488;52;0.6404998555402607;767;0.39120762711864404;11.344809009370433;5;1.05;0.45;2
1000;1874;1.874;34;1.874;7;3.748;34;0.6462669779752336;768;0.36365190630877076;9.897934805938949;6;1.05;0.45;2
1000;1767;1.767;35;1.767;6;3.534;35;0.6371479867618751;750;0.3527887107612556;10.270856419186323;7;1.05;0.45;2
1000;1681;1.681;28;1.681;7;3.362;28;0.6553239998123636;735;0.40622568093385214;7.1698331666754385;8;1.05;0.45;2
1000;1592;1.592;26;1.592;7;3.184;26;0.6538242017538797;734;0.43608290443733483;7.214499342026558;9;1.05;0.45;2
1000;2303;2.303;144;2.303;7;4.606;145;0.6906973432763686;861;0.19280115087636887;6.673883620107283;0;1.05;0.55;2
1000;2347;2.347;106;2.347;7;4.694;106;0.6906476653037771;855;0.30121829935355543;6.791672215442901;1;1.05;0.55;2
1000;1995;1.995;105;1.995;7;3.99;105;0.6760342525016629;809;0.2440672948838127;6.197600184924454;2;1.05;0.55;2
1000;2490;2.49;218;2.49;11;4.98;218;0.7041692137998852;864;0.18599428338097182;4.962126747468765;3;1.05;0.55;2
1000;2168;2.168;61;2.168;8;4.336;61;0.6871835941236037;820;0.3388833966387429;9.709540339082139;4;1.05;0.55;2
1000;2052;2.052;87;2.052;7;4.104;87;0.6666451289257903;828;0.3373806895656126;11.312289154542151;5;1.05;0.55;2
1000;2238;2.238;47;2.238;7;4.476;47;0.6867037998167986;823;0.3325820316595031;8.39393169381722;6;1.05;0.55;2
1000;2102;2.102;52;2.102;7;4.204;52;0.6815105941398188;807;0.3127493495229835;7.602480861828678;7;1.05;0.55;2
1000;1957;1.957;33;1.957;7;3.914;33;0.6733894586713287;792;0.38414217361585784;12.387517493566882;8;1.05;0.55;2
1000;1807;1.807;35;1.807;7;3.614;35;0.6719434473018333;784;0.3937388899861742;9.004854239458032;9;1.05;0.55;2
1000;2911;2.911;281;2.911;9;5.822;281;0.73474499667113;923;0.11017097809375419;4.419357062531507;0;1.05;0.65;2
1000;2887;2.887;170;2.887;8;5.774;170;0.725365276342499;915;0.237551867219917;5.1004808960955055;1;1.05;0.65;2
1000;2468;2.468;175;2.468;8;4.936;175;0.7160574571887506;864;0.1847362566051729;4.8080106332572345;2;1.05;0.65;2
1000;3141;3.141;433;3.141;11;6.282;433;0.7462798459186957;923;0.10235925309842325;3.231253880954493;3;1.05;0.65;2
1000;2575;2.575;97;2.575;9;5.15;97;0.7141997764385485;875;0.2746321224964928;7.828919247100315;4;1.05;0.65;2
1000;2437;2.437;149;2.437;8;4.874;149;0.6900256212509878;886;0.2541374474053296;7.816461113437466;5;1.05;0.65;2
1000;2744;2.744;84;2.744;9;5.488;84;0.7235986993282506;887;0.2780588184858098;5.500493568086886;6;1.05;0.65;2
1000;2573;2.573;90;2.573;8;5.146;90;0.7184721856544525;871;0.2581185135587546;5.869025743207508;7;1.05;0.65;2
1000;2314;2.314;59;2.314;8;4.628;59;0.6947479206571864;842;0.33360227812055054;11.158292024809533;8;1.05;0.65;2
1000;2083;2.083;52;2.083;7;4.166;52;0.6948546108481233;839;0.35090609555189456;15.500766089481816;9;1.05;0.65;2
1000;3838;3.838;548;3.838;10;7.676;548;0.7789513014173381;970;0.06068691779586178;3.0214342708754205;0;1.05;0.75;2
1000;3604;3.604;308;3.604;10;7.208;308;0.7582413376804787;962;0.16864643345013958;3.807032041258258;1;1.05;0.75;2
1000;3141;3.141;307;3.141;8;6.282;307;0.7480831083958238;910;0.12324146518240443;4.663197267084247;2;1.05;0.75;2
1000;4121;4.121;828;4.121;12;8.242;828;0.8006643966943904;983;0.05531174878503189;2.3136081973757325;3;1.05;0.75;2
1000;3197;3.197;175;3.197;11;6.394;175;0.7359519562594553;933;0.20043886521993132;4.85319991179449;4;1.05;0.75;2
1000;2942;2.942;266;2.942;8;5.884;266;0.7174243812137437;926;0.1711902491068686;5.22391149572396;5;1.05;0.75;2
1000;3428;3.428;134;3.428;10;6.856;134;0.7602212307529203;948;0.22640748869082278;4.556374274659476;6;1.05;0.75;2
1000;3230;3.23;155;3.23;10;6.46;155;0.7336394466743297;926;0.204630788485607;4.639216106921815;7;1.05;0.75;2
1000;2741;2.741;84;2.741;9;5.482;84;0.7173009436481176;888;0.2906775433551454;9.898633709649763;8;1.05;0.75;2
1000;2468;2.468;71;2.468;9;4.936;71;0.7131645498181828;902;0.2959850235003585;9.144247504953062;9;1.05;0.75;2
1000;5234;5.234;944;5.234;12;10.468;944;0.8333718032755457;997;0.038805713302357596;2.070609687844157;0;1.05;0.85;2
1000;4635;4.635;533;4.635;12;9.27;533;0.7814376329713452;986;0.11557584392172826;2.9272499420196687;1;1.05;0.85;2
1000;4075;4.075;529;4.075;11;8.15;529;0.7859349479325994;971;0.08078211448082233;3.298801532062106;2;1.05;0.85;2
1000;5091;5.091;999;5.091;12;10.182;999;0.8116382384182119;997;0.05494575310331346;1.9898078078078079;3;1.05;0.85;2
1000;4145;4.145;292;4.145;12;8.29;292;0.7709397775685611;975;0.1333379946860579;3.46342239570116;4;1.05;0.85;2
1000;3660;3.66;444;3.66;12;7.32;444;0.7462127806115857;968;0.11604297262500264;3.860864763018549;5;1.05;0.85;2
1000;4432;4.432;218;4.432;11;8.864;218;0.7737421745423313;977;0.17442004885251783;3.7301051235447265;6;1.05;0.85;2
1000;4127;4.127;252;4.127;13;8.254;252;0.763202816390084;972;0.15573267511048905;3.7210207876437824;7;1.05;0.85;2
1000;3328;3.328;112;3.328;10;6.656;112;0.7459924242540305;933;0.2455213170113972;6.180826961501467;8;1.05;0.85;2
1000;2981;2.981;105;2.981;11;5.962;105;0.7291202297292738;949;0.24653075984269765;6.451533880977914;9;1.05;0.85;2
1000;6162;6.162;999;6.162;12;12.324;999;0.8342808750165825;1000;0.04352612346050268;1.9876636636636638;0;1.05;0.95;2
1000;6102;6.102;905;6.102;15;12.204;905;0.7917418562591474;1000;0.07846502232301393;2.1501421421421423;1;1.05;0.95;2
1000;5570;5.57;900;5.57;14;11.14;900;0.8215603559936197;994;0.05283939458929501;2.087568530454302;2;1.05;0.95;2
1000;6283;6.283;999;6.283;14;12.566;999;0.7952918648958187;999;0.0682420269327009;1.9874214214214214;3;1.05;0.95;2
1000;5614;5.614;517;5.614;14;11.228;517;0.7704530031970539;994;0.08823958319523803;2.6362062062062064;4;1.05;0.95;2
1000;4682;4.682;797;4.682;13;9.364;797;0.7624235988008314;993;0.06887637337272644;2.553990629202236;5;1.05;0.95;2
1000;5786;5.786;369;5.786;14;11.572;369;0.7609932200846748;991;0.12872529375699232;3.0173482408087082;6;1.05;0.95;2
1000;5375;5.375;390;5.375;14;10.75;390;0.7727542860702523;993;0.1164607849613559;2.9484835536939746;7;1.05;0.95;2
1000;4094;4.094;156;4.094;11;8.188;156;0.7445574386926643;969;0.19751636811106832;4.664280855705417;8;1.05;0.95;2
1000;3632;3.632;164;3.632;12;7.264;164;0.7274194569024797;978;0.19140311153312395;4.700033972611604;9;1.05;0.95;2
1000;1315;1.315;11;1.315;6;2.63;11;0.5474603394572907;656;0.4776494224008036;8.642787567519703;0;1.25;0.05;2
1000;1351;1.351;17;1.351;7;2.702;17;0.5651171353278465;670;0.4342751842751843;9.350928137807097;1;1.25;0.05;2
1000;1194;1.194;10;1.194;5;2.388;12;0.5332541638761734;627;0.4430906389301634;7.247308187174104;2;1.25;0.05;2
1000;1342;1.342;13;1.342;8;2.684;15;0.5635093659647231;672;0.4784118029941419;6.726001201988745;3;1.25;0.05;2
1000;1313;1.313;16;1.313;6;2.626;16;0.5626927690577997;652;0.4714092751013057;5.999690253303965;4;1.25;0.05;2
1000;1308;1.308;11;1.308;6;2.616;11;0.5620811530039971;661;0.4725433526011561;9.054622908550769;5;1.25;0.05;2
1000;1312;1.312;14;1.312;6;2.624;14;0.5515394095941208;658;0.4468838526912181;6.513190406069833;6;1.25;0.05;2
1000;1236;1.236;10;1.236;5;2.472;11;0.5397027644271739;635;0.44987775061124696;7.954946762153765;7;1.25;0.05;2
1000;1242;1.242;13;1.242;6;2.484;13;0.5436395109592602;638;0.43111915223571984;8.29197717354817;8;1.25;0.05;2
1000;1218;1.218;11;1.218;6;2.436;11;0.5522548326827249;631;0.48857142857142855;5.44762466804367;9;1.25;0.05;2
1000;1474;1.474;17;1.474;6;2.948;17;0.5667809079678677;701;0.46571213262999245;11.601911664303346;0;1.25;0.15;2
1000;1548;1.548;19;1.548;7;3.096;20;0.5889013511620625;715;0.4290239855181777;11.84693467561022;1;1.25;0.15;2
1000;1322;1.322;13;1.322;6;2.644;14;0.5604479971096961;671;0.44473067915690867;9.068799458911059;2;1.25;0.15;2
1000;1511;1.511;20;1.511;8;3.022;20;0.5723421431797645;716;0.44802631578947366;8.21017743274049;3;1.25;0.15;2
1000;1452;1.452;21;1.452;6;2.904;21;0.5995437228794682;691;0.4614167692037265;8.164807256235827;4;1.25;0.15;2
1000;1449;1.449;13;1.449;6;2.898;13;0.5652422178737968;703;0.46907414521705726;10.542312048365742;5;1.25;0.15;2
1000;1455;1.455;16;1.455;6;2.91;16;0.5623073728829124;695;0.4359918953766808;8.658527851458887;6;1.25;0.15;2
1000;1377;1.377;11;1.377;5;2.754;12;0.5686967362702656;680;0.4409700063816209;7.416177789163571;7;1.25;0.15;2
1000;1382;1.382;17;1.382;6;2.764;17;0.5787971594786832;681;0.4350362027353178;8.01979094816151;8;1.25;0.15;2
1000;1334;1.334;16;1.334;6;2.668;16;0.5673485609103078;664;0.47947416974169743;6.202148265539708;9;1.25;0.15;2
1000;1680;1.68;27;1.68;7;3.36;28;0.6051582528186806;748;0.4446688206785137;13.046420989552606;0;1.25;0.25;2
1000;1772;1.772;27;1.772;7;3.544;27;0.6250831466823698;763;0.4192336589030804;9.174964842185652;1;1.25;0.25;2
1000;1483;1.483;18;1.483;7;2.966;19;0.5735168005392846;728;0.42796833773087073;9.479663668361361;2;1.25;0.25;2
1000;1740;1.74;32;1.74;8;3.48;32;0.5899538100643673;776;0.4094060550034666;11.294783700841537;3;1.25;0.25;2
1000;1650;1.65;26;1.65;6;3.3;26;0.6174897355678142;743;0.4416223921212907;8.584997510648892;4;1.25;0.25;2
1000;1609;1.609;18;1.609;6;3.218;18;0.5987789464909249;743;0.46734353689953023;10.874033388740333;5;1.25;0.25;2
1000;1652;1.652;22;1.652;6;3.304;23;0.6041817220842755;738;0.4253285543608124;13.18396846963423;6;1.25;0.25;2
1000;1574;1.574;15;1.574;6;3.148;17;0.5769546538904902;727;0.4224321853093569;10.01016180267086;7;1.25;0.25;2
1000;1536;1.536;19;1.536;6;3.072;19;0.5980008252003474;718;0.43644859813084114;10.069659969269386;8;1.25;0.25;2
1000;1476;1.476;20;1.476;7;2.952;20;0.6168058310022491;711;0.4767420814479638;9.08373602098578;9;1.25;0.25;2
1000;1913;1.913;47;1.913;7;3.826;47;0.6323755650133466;803;0.39115092290988057;9.623593986414706;0;1.25;0.35;2
1000;2032;2.032;43;2.032;7;4.064;43;0.6413911860175578;820;0.39873562342905017;8.112180822731835;1;1.25;0.35;2
1000;1685;1.685;37;1.685;7;3.37;37;0.5991443324410123;775;0.38898949655921766;7.938125192819531;2;1.25;0.35;2
1000;2047;2.047;61;2.047;10;4.094;61;0.6337163262366212;821;0.37036772581220995;8.31989781436276;3;1.25;0.35;2
1000;1878;1.878;36;1.878;8;3.756;36;0.626504774737118;784;0.40910324857478964;12.398194575843583;4;1.25;0.35;2
1000;1824;1.824;41;1.824;7;3.648;41;0.6209546050827147;789;0.4348109517601043;11.826229599483984;5;1.25;0.35;2
1000;1906;1.906;29;1.906;7;3.812;29;0.6241295632860533;781;0.39275006813845736;9.155289074093504;6;1.25;0.35;2
1000;1815;1.815;32;1.815;7;3.63;32;0.61613721388196;772;0.38942162107600686;9.112187385221544;7;1.25;0.35;2
1000;1745;1.745;25;1.745;7;3.49;25;0.6390129409285749;755;0.4270914559429654;7.7915471595383705;8;1.25;0.35;2
1000;1675;1.675;25;1.675;7;3.35;25;0.629014446157141;763;0.4599275070479259;13.715685845164794;9;1.25;0.35;2
1000;2265;2.265;89;2.265;7;4.53;90;0.6735040422361076;853;0.29569255556082075;7.033557811621519;0;1.25;0.45;2
1000;2370;2.37;74;2.37;8;4.74;74;0.657566898427729;860;0.3580440866021896;7.208616975229701;1;1.25;0.45;2
1000;2017;2.017;70;2.017;8;4.034;70;0.648108314967747;831;0.3261799660441426;7.365632692516645;2;1.25;0.45;2
1000;2427;2.427;124;2.427;10;4.854;124;0.6692402823999112;867;0.29001694654136495;5.57950362424464;3;1.25;0.45;2
1000;2176;2.176;50;2.176;9;4.352;50;0.6637330136545049;835;0.3828750225645346;9.885332762265298;4;1.25;0.45;2
1000;2111;2.111;64;2.111;7;4.222;64;0.6527209424847253;836;0.39592367736339984;12.945697497304161;5;1.25;0.45;2
1000;2213;2.213;39;2.213;7;4.426;39;0.6595621955129437;827;0.36528640866301604;7.658098682510979;6;1.25;0.45;2
1000;2128;2.128;40;2.128;8;4.256;40;0.6617162613323384;817;0.35689822294022616;7.52812664411323;7;1.25;0.45;2
1000;2004;2.004;29;2.004;7;4.008;29;0.656878928974667;803;0.41586998087954113;13.363411410092805;8;1.25;0.45;2
1000;1873;1.873;27;1.873;7;3.746;27;0.6444300882585287;802;0.4284418464019351;20.164921155124915;9;1.25;0.45;2
1000;2741;2.741;178;2.741;9;5.482;178;0.7014832334258317;902;0.19081532416502947;5.387397459616059;0;1.25;0.55;2
1000;2822;2.822;124;2.822;8;5.644;124;0.6897407557682684;913;0.2948318715538668;5.279925130795598;1;1.25;0.55;2
1000;2443;2.443;125;2.443;9;4.886;125;0.6751104882982464;868;0.24720517498756012;5.53431766918943;2;1.25;0.55;2
1000;2950;2.95;261;2.95;12;5.9;261;0.7162848500353083;915;0.1821656252973453;3.956516235777025;3;1.25;0.55;2
1000;2552;2.552;72;2.552;9;5.104;72;0.6841459617607248;873;0.33904963360278007;7.6747703385498856;4;1.25;0.55;2
1000;2458;2.458;101;2.458;8;4.916;101;0.6776516987553166;877;0.34284147010422383;8.682490103144753;5;1.25;0.55;2
1000;2669;2.669;66;2.669;8;5.338;66;0.6967732323708581;878;0.3242869306087697;5.433370030415802;6;1.25;0.55;2
1000;2507;2.507;65;2.507;9;5.014;65;0.6842639681217842;872;0.31250748055056854;6.081459444021325;7;1.25;0.55;2
1000;2317;2.317;42;2.317;8;4.634;42;0.6741174953316642;842;0.38073469387755104;10.60234284424871;8;1.25;0.55;2
1000;2162;2.162;44;2.162;8;4.324;44;0.6767533489226897;847;0.3943978736454713;13.962253779691862;9;1.25;0.55;2
1000;3449;3.449;333;3.449;10;6.898;333;0.7376624628580212;953;0.10908380882129608;3.7718264936837107;0;1.25;0.65;2
1000;3469;3.469;210;3.469;11;6.938;210;0.7274683572429035;951;0.23683624541662338;4.187946443613329;1;1.25;0.65;2
1000;2947;2.947;203;2.947;9;5.894;203;0.7101243088748543;909;0.18918602119928332;5.22302121755609;2;1.25;0.65;2
1000;3698;3.698;508;3.698;12;7.396;508;0.7512859827502729;956;0.10327721241569121;2.998044668281518;3;1.25;0.65;2
1000;3071;3.071;124;3.071;11;6.142;124;0.7144591791408355;924;0.2678538112315761;5.517140241124312;4;1.25;0.65;2
1000;2916;2.916;177;2.916;8;5.832;177;0.7008921823695224;917;0.2599062737689231;6.095205611047668;5;1.25;0.65;2
1000;3268;3.268;99;3.268;10;6.536;99;0.7275781923569414;939;0.2785350266947096;4.656150075966105;6;1.25;0.65;2
1000;3070;3.07;108;3.07;10;6.14;108;0.709721832090435;919;0.26037640200240797;4.978957203070422;7;1.25;0.65;2
1000;2732;2.732;66;2.732;8;5.464;66;0.7072872978893001;887;0.3395914430397189;8.617988808387256;8;1.25;0.65;2
1000;2484;2.484;57;2.484;9;4.968;57;0.6872135929877184;893;0.35522443832033257;10.041098980102483;9;1.25;0.65;2
1000;4577;4.577;644;4.577;11;9.154;644;0.7839945912049971;992;0.06236990422184572;2.6753366311358926;0;1.25;0.75;2
1000;4304;4.304;365;4.304;12;8.608;365;0.7533813362341911;979;0.17153459084136846;3.503130329986825;1;1.25;0.75;2
1000;3739;3.739;364;3.739;11;7.478;364;0.7493550516783276;955;0.12365489032308895;3.966263431420746;2;1.25;0.75;2
1000;4760;4.76;901;4.76;12;9.52;901;0.7940117922977403;993;0.060700040683399334;2.1681420899857775;3;1.25;0.75;2
1000;3819;3.819;208;3.819;12;7.638;208;0.7470356218514812;965;0.19580929911727366;4.063789762862886;4;1.25;0.75;2
1000;3545;3.545;316;3.545;11;7.09;316;0.7339177760862032;959;0.17723279400291714;4.517568471095907;5;1.25;0.75;2
1000;4086;4.086;155;4.086;10;8.172;155;0.7598360038532772;971;0.2229943865608882;3.9016161450428646;6;1.25;0.75;2
1000;3866;3.866;192;3.866;13;7.732;192;0.7463253582704829;960;0.20013715622699355;3.977396029087344;7;1.25;0.75;2
1000;3276;3.276;94;3.276;10;6.552;94;0.734985129655406;926;0.296199539715121;6.299185852275293;8;1.25;0.75;2
1000;2936;2.936;89;2.936;10;5.872;89;0.7049263085545404;941;0.28935298935298936;6.725319419820293;9;1.25;0.75;2
1000;5942;5.942;978;5.942;12;11.884;978;0.833407132045276;999;0.04468261541812485;2.0093420073379993;0;1.25;0.85;2
1000;5469;5.469;623;5.469;12;10.938;623;0.7823431608236315;993;0.11680357270966353;2.641483513700254;1;1.25;0.85;2
1000;4867;4.867;610;4.867;13;9.734;610;0.7838799839401921;985;0.0834750359907363;2.7855825311295432;2;1.25;0.85;2
1000;5873;5.873;999;5.873;13;11.746;999;0.8043625830216875;999;0.06880080589447286;1.9882422422422423;3;1.25;0.85;2
1000;4976;4.976;357;4.976;13;9.952;357;0.7731274813879794;985;0.13053012510185497;3.0675037159671787;4;1.25;0.85;2
1000;4355;4.355;522;4.355;12;8.71;522;0.7474511832331264;987;0.1200974668764912;3.409723315372041;5;1.25;0.85;2
1000;5235;5.235;277;5.235;12;10.47;277;0.7816682826726461;986;0.17355639980930568;3.266616212785176;6;1.25;0.85;2
1000;4892;4.892;297;4.892;14;9.784;297;0.770780863136151;986;0.15886692210459788;3.330118483268855;7;1.25;0.85;2
1000;3968;3.968;130;3.968;10;7.936;130;0.7456386556549532;965;0.24608992862232637;5.00644461512064;8;1.25;0.85;2
1000;3572;3.572;127;3.572;11;7.144;127;0.7314030026605115;973;0.24584089061229594;5.20060748139843;9;1.25;0.85;2
1000;6907;6.907;999;6.907;13;13.814;999;0.826486370271324;1000;0.05296698488601638;1.9861721721721721;0;1.25;0.95;2
1000;7167;7.167;970;7.167;16;14.334;970;0.788229387405364;1000;0.0885050265529783;2.0264964964964967;1;1.25;0.95;2
1000;6521;6.521;956;6.521;14;13.042;956;0.820127988519503;1000;0.05801559021410479;2.016122122122122;2;1.25;0.95;2
1000;7235;7.235;999;7.235;15;14.47;999;0.7944653462189887;1000;0.08036763371321036;1.9855155155155155;3;1.25;0.95;2
1000;6689;6.689;599;6.689;15;13.378;599;0.7724027695985457;999;0.08815930705673847;2.345011011011011;4;1.25;0.95;2
1000;5510;5.51;889;5.51;14;11.02;889;0.7629746922919516;998;0.07598004161689492;2.2485854356657144;5;1.25;0.95;2
1000;6924;6.924;424;6.924;15;13.848;424;0.7705914736890229;994;0.1316816723676515;2.6347818014498134;6;1.25;0.95;2
1000;6388;6.388;452;6.388;16;12.776;452;0.7702227090520646;1000;0.12085179336378618;2.574066066066066;7;1.25;0.95;2
1000;4879;4.879;194;4.879;11;9.758;194;0.7443574233328889;989;0.1995827028324212;4.126504010022034;8;1.25;0.95;2
1000;4309;4.309;195;4.309;12;8.618;195;0.7321505735186815;993;0.19459543946788002;4.1538552580636745;9;1.25;0.95;2
1000;1526;1.526;12;1.526;6;3.052;12;0.558226104773066;724;0.474981738495252;10.775189062796233;0;1.45;0.05;2
1000;1588;1.588;19;1.588;7;3.176;19;0.5706145232532532;736;0.43538946420531294;10.76253321431537;1;1.45;0.05;2
1000;1412;1.412;11;1.412;7;2.824;12;0.5381911324707934;708;0.45497026338147833;15.155295144930745;2;1.45;0.05;2
1000;1569;1.569;13;1.569;8;3.138;16;0.5437321626918943;745;0.45396317053642915;11.76815382364287;3;1.45;0.05;2
1000;1520;1.52;16;1.52;6;3.04;16;0.5823592572550906;720;0.47540983606557374;9.009881043745203;4;1.45;0.05;2
1000;1525;1.525;12;1.525;7;3.05;12;0.567798106481234;729;0.48206599713055953;19.306924972757923;5;1.45;0.05;2
1000;1508;1.508;15;1.508;6;3.016;16;0.5545418680935923;725;0.4462897526501767;13.37384323281855;6;1.45;0.05;2
1000;1431;1.431;10;1.431;6;2.862;12;0.5461617396710121;701;0.4525679758308157;9.72032252617359;7;1.45;0.05;2
1000;1447;1.447;15;1.447;7;2.894;15;0.5700847018643628;708;0.4486887115165336;9.523659540697386;8;1.45;0.05;2
1000;1431;1.431;13;1.431;7;2.862;13;0.5499232236295173;715;0.49007444168734493;11.606317282817324;9;1.45;0.05;2
1000;1718;1.718;20;1.718;6;3.436;21;0.597442979372804;765;0.4678298800436205;10.436435521815799;0;1.45;0.15;2
1000;1807;1.807;20;1.807;7;3.614;21;0.5937166807023574;779;0.43089520858692043;8.019977375565611;1;1.45;0.15;2
1000;1560;1.56;14;1.56;8;3.12;16;0.5479959793457133;752;0.44780635400907715;10.148170840549785;2;1.45;0.15;2
1000;1782;1.782;24;1.782;8;3.564;24;0.5696647994168434;792;0.4300760678759509;12.821193149480003;3;1.45;0.15;2
1000;1687;1.687;24;1.687;6;3.374;24;0.6037682778214654;761;0.455756296980087;12.439017105163522;4;1.45;0.15;2
1000;1694;1.694;14;1.694;7;3.388;14;0.5828734083636045;765;0.47865072587532026;19.487448151227788;5;1.45;0.15;2
1000;1693;1.693;17;1.693;7;3.386;18;0.5873566554142454;763;0.44211806024584627;11.361349432282974;6;1.45;0.15;2
1000;1616;1.616;13;1.616;7;3.232;15;0.5642416242150284;752;0.43843031123139375;9.403051056097228;7;1.45;0.15;2
1000;1598;1.598;17;1.598;7;3.196;17;0.5911565236595248;735;0.4492602002690181;14.481215887597946;8;1.45;0.15;2
1000;1564;1.564;18;1.564;7;3.128;18;0.5841527450517013;744;0.4835311820765758;30.3156419461122;9;1.45;0.15;2
1000;1920;1.92;30;1.92;7;3.84;31;0.6233229295921063;806;0.4380274529740722;8.87009532254489;0;1.45;0.25;2
1000;2043;2.043;30;2.043;7;4.086;30;0.6203151927291451;821;0.4192182410423453;7.374395132343297;1;1.45;0.25;2
1000;1744;1.744;21;1.744;8;3.488;22;0.5877318532164322;790;0.4399897527859613;9.106494076939281;2;1.45;0.25;2
1000;2042;2.042;38;2.042;8;4.084;38;0.6019229274782202;835;0.41508034610630407;8.461190606549373;3;1.45;0.25;2
1000;1900;1.9;29;1.9;8;3.8;29;0.6116301382942062;803;0.4386569515557306;11.520045700756402;4;1.45;0.25;2
1000;1868;1.868;25;1.868;7;3.736;25;0.5983602789220767;801;0.4714091218515997;14.35252642013364;5;1.45;0.25;2
1000;1923;1.923;24;1.923;7;3.846;25;0.6022679601837054;798;0.42117073170731706;8.808857867664578;6;1.45;0.25;2
1000;1845;1.845;19;1.845;7;3.69;21;0.58177840593229;792;0.4152652005174644;8.941838600326625;7;1.45;0.25;2
1000;1794;1.794;20;1.794;7;3.588;20;0.6137897315809796;766;0.4413156116242397;13.183956275280714;8;1.45;0.25;2
1000;1726;1.726;23;1.726;7;3.452;23;0.6089086014224948;777;0.47499670141179573;21.117538896188705;9;1.45;0.25;2
1000;2241;2.241;54;2.241;7;4.482;54;0.6479304966275178;858;0.38813493602171384;7.446633183364698;0;1.45;0.35;2
1000;2343;2.343;47;2.343;8;4.686;47;0.6275680706517545;869;0.3984334504405921;7.426346332641989;1;1.45;0.35;2
1000;2020;2.02;42;2.02;9;4.04;42;0.6161361060699464;842;0.39778022536643226;8.366712860218753;2;1.45;0.35;2
1000;2372;2.372;70;2.372;10;4.744;70;0.6271888584621202;880;0.3674576992657231;5.734020412708409;3;1.45;0.35;2
1000;2201;2.201;39;2.201;9;4.402;40;0.6473511881471098;845;0.42345407244346606;11.223873919219713;4;1.45;0.35;2
1000;2128;2.128;45;2.128;7;4.256;45;0.6370293070332749;831;0.43784683684794673;12.734836835810695;5;1.45;0.35;2
1000;2209;2.209;34;2.209;7;4.418;34;0.6365835639144998;832;0.39740207022528923;7.0465914427507075;6;1.45;0.35;2
1000;2117;2.117;33;2.117;8;4.234;33;0.6211909097810872;835;0.39106228193898;7.755119957202234;7;1.45;0.35;2
1000;2029;2.029;25;2.029;8;4.058;25;0.6389289188915457;809;0.4399663441312579;12.744807644384865;8;1.45;0.35;2
1000;1928;1.928;27;1.928;7;3.856;27;0.6228658463150694;818;0.45167173252279635;14.994918902845027;9;1.45;0.35;2
1000;2606;2.606;106;2.606;8;5.212;106;0.6726752989765626;897;0.2911034265954103;6.340790909532709;0;1.45;0.45;2
1000;2756;2.756;94;2.756;9;5.512;94;0.6691730265394176;909;0.3477736812251844;5.855082419099409;1;1.45;0.45;2
1000;2381;2.381;76;2.381;9;4.762;76;0.6516561356759505;870;0.3337093530825445;7.403947134841145;2;1.45;0.45;2
1000;2803;2.803;148;2.803;11;5.606;148;0.678175571337727;917;0.28805024329523593;4.924314451504691;3;1.45;0.45;2
1000;2544;2.544;56;2.544;9;5.088;56;0.6667549365426306;884;0.3923035328046143;9.901604409063074;4;1.45;0.45;2
1000;2456;2.456;70;2.456;8;4.912;70;0.655386904872768;881;0.4007120893348438;8.64487812373946;5;1.45;0.45;2
1000;2584;2.584;46;2.584;8;5.168;46;0.6570189454652918;877;0.3646718576195773;5.85805002267096;6;1.45;0.45;2
1000;2453;2.453;45;2.453;9;4.906;45;0.6547523472441588;871;0.36436352929629995;6.373807934562313;7;1.45;0.45;2
1000;2321;2.321;32;2.321;9;4.642;32;0.6517750189088647;846;0.41530740276035133;9.782151457512896;8;1.45;0.45;2
1000;2175;2.175;34;2.175;8;4.35;34;0.6489683971543594;857;0.42628537561120167;13.372239455304538;9;1.45;0.45;2
1000;3161;3.161;207;3.161;9;6.322;207;0.6964195663500211;941;0.18722945366727928;4.576028742114718;0;1.45;0.55;2
1000;3290;3.29;137;3.29;11;6.58;137;0.6991078152557038;942;0.3041881910942236;4.914617513612569;1;1.45;0.55;2
1000;2821;2.821;138;2.821;9;5.642;138;0.6765080490763049;902;0.26051994691232727;5.585300062698272;2;1.45;0.55;2
1000;3391;3.391;298;3.391;12;6.782;298;0.7103609548817341;945;0.18341754207407945;3.835172935212739;3;1.45;0.55;2
1000;2972;2.972;81;2.972;10;5.944;82;0.6959919358750571;913;0.34035256773608435;6.828358981747454;4;1.45;0.55;2
1000;2851;2.851;113;2.851;8;5.702;113;0.6863070563688037;918;0.3430946597790017;6.719491247709933;5;1.45;0.55;2
1000;3123;3.123;76;3.123;8;6.246;76;0.6901218036532387;931;0.31969826580605026;4.820885566318171;6;1.45;0.55;2
1000;2934;2.934;75;2.934;10;5.868;75;0.6880644005860298;910;0.31389335784877037;5.293939705995933;7;1.45;0.55;2
1000;2709;2.709;51;2.709;10;5.418;51;0.6800455132808898;890;0.3850914317655514;8.471478394514394;8;1.45;0.55;2
1000;2498;2.498;49;2.498;8;4.996;49;0.6662198738402462;898;0.38431392508143325;8.627639482573871;9;1.45;0.55;2
1000;3971;3.971;382;3.971;11;7.942;382;0.7493173810604397;978;0.10843530330643061;3.3539117035646977;0;1.45;0.65;2
1000;3980;3.98;235;3.98;12;7.96;235;0.7267313070632053;975;0.23971286912307746;3.9027054126898957;1;1.45;0.65;2
1000;3441;3.441;227;3.441;10;6.882;227;0.7187621825572307;945;0.19461918247662965;4.897721410332554;2;1.45;0.65;2
1000;4238;4.238;566;4.238;12;8.476;566;0.7469007425354036;972;0.10704435066129082;2.8080166638974555;3;1.45;0.65;2
1000;3562;3.562;137;3.562;11;7.124;137;0.7161791672377623;949;0.2663903130795244;4.6496692884317605;4;1.45;0.65;2
1000;3384;3.384;209;3.384;9;6.768;209;0.7060926356591601;951;0.257795090134976;4.925057054776713;5;1.45;0.65;2
1000;3780;3.78;116;3.78;10;7.56;116;0.7304381773524876;964;0.271562462925614;4.223036545712515;6;1.45;0.65;2
1000;3609;3.609;134;3.609;12;7.218;134;0.7150280720100749;953;0.2609726083587804;4.340641004699709;7;1.45;0.65;2
1000;3170;3.17;77;3.17;10;6.34;77;0.706261759992839;919;0.3425899688296968;6.431491669320676;8;1.45;0.65;2
1000;2874;2.874;68;2.874;10;5.748;68;0.684484701912854;934;0.34798434173477094;7.235454042829218;9;1.45;0.65;2
1000;5234;5.234;746;5.234;11;10.468;746;0.7970159849199998;997;0.0622148355493352;2.3978227266971253;0;1.45;0.75;2
1000;4938;4.938;410;4.938;12;9.876;410;0.7612035124981251;990;0.1718137968987731;3.1618422401472954;1;1.45;0.75;2
1000;4337;4.337;414;4.337;11;8.674;414;0.7482433119324365;978;0.12538282738599973;3.600282460118212;2;1.45;0.75;2
1000;5445;5.445;950;5.445;13;10.89;950;0.7960463313925029;996;0.0691514011921186;2.0767327327327325;3;1.45;0.75;2
1000;4434;4.434;234;4.434;13;8.868;234;0.7469640656505739;977;0.19234132748347316;3.5963291480868307;4;1.45;0.75;2
1000;4123;4.123;358;4.123;13;8.246;358;0.7342679370438323;980;0.18231286650569162;3.891400884905645;5;1.45;0.75;2
1000;4757;4.757;186;4.757;11;9.514;186;0.7591806968656746;984;0.21692099242575688;3.5087803154254527;6;1.45;0.75;2
1000;4500;4.5;215;4.5;13;9.0;215;0.7442798785452848;984;0.20661169597760604;3.574711690706765;7;1.45;0.75;2
1000;3776;3.776;106;3.776;11;7.552;106;0.7309016886218909;956;0.29704001894387877;5.343872720121415;8;1.45;0.75;2
1000;3446;3.446;106;3.446;12;6.892;106;0.7182570559145023;966;0.29544778339779826;5.767955225557382;9;1.45;0.75;2
1000;6620;6.62;997;6.62;12;13.24;997;0.8283130364953012;999;0.05168913133882923;1.9887067067067068;0;1.45;0.85;2
1000;6362;6.362;733;6.362;14;12.724;733;0.7863813068228602;999;0.11528914282728077;2.406164164164164;1;1.45;0.85;2
1000;5704;5.704;718;5.704;14;11.408;718;0.7871810701248443;998;0.08227131867184777;2.404647132102042;2;1.45;0.85;2
1000;6629;6.629;999;6.629;14;13.258;999;0.8016001467689844;999;0.0818432484861491;1.9867287287287287;3;1.45;0.85;2
1000;5801;5.801;424;5.801;15;11.602;424;0.7729498077409406;992;0.13097514340344169;2.72964964964965;4;1.45;0.85;2
1000;5082;5.082;613;5.082;14;10.164;613;0.7468416217478482;996;0.11997783933518005;2.8898079211423426;5;1.45;0.85;2
1000;6101;6.101;316;6.101;13;12.202;316;0.7741928119266078;992;0.17288494886095299;2.9560241122217255;6;1.45;0.85;2
1000;5693;5.693;340;5.693;15;11.386;340;0.7664888290931107;995;0.1628178895059924;2.9656156410691077;7;1.45;0.85;2
1000;4556;4.556;144;4.556;11;9.112;144;0.7435372393069779;981;0.24940909344698592;4.409061371112591;8;1.45;0.85;2
1000;4115;4.115;147;4.115;13;8.23;147;0.7331896789721631;988;0.2515305333983191;4.695727069531099;9;1.45;0.85;2
1000;7682;7.682;999;7.682;14;15.364;999;0.8153866862877144;1000;0.06252976227192539;1.9846206206206207;0;1.45;0.95;2
1000;8152;8.152;994;8.152;19;16.304;994;0.7850712530179851;1000;0.09936064710613259;1.9907127127127127;1;1.45;0.95;2
1000;7352;7.352;989;7.352;15;14.704;989;0.8166348439332884;1000;0.06458028004281388;1.9923183183183184;2;1.45;0.95;2
1000;8257;8.257;999;8.257;17;16.514;999;0.7918174944047097;1000;0.09258509466617716;1.9834694694694694;3;1.45;0.95;2
1000;7734;7.734;703;7.734;18;15.468;703;0.7847685102592243;1000;0.08792167272852637;2.14803003003003;4;1.45;0.95;2
1000;6269;6.269;936;6.269;17;12.538;936;0.7575369225979914;1000;0.08547191344119291;2.1136016016016015;5;1.45;0.95;2
1000;7965;7.965;488;7.965;16;15.93;488;0.7703425929077178;999;0.1315683023872679;2.458336336336336;6;1.45;0.95;2
1000;7386;7.386;530;7.386;17;14.772;530;0.7630253454675331;1000;0.1190653238435627;2.387113113113113;7;1.45;0.95;2
1000;5673;5.673;239;5.673;13;11.346;239;0.7472736747296764;995;0.197472084970626;3.652594478245781;8;1.45;0.95;2
1000;5056;5.056;231;5.056;14;10.112;231;0.7309087073548096;997;0.1956933344164568;3.6906786786786787;9;1.45;0.95;2
1000;1744;1.744;13;1.744;6;3.488;13;0.5842717855621081;775;0.4754188409777534;12.239374002190706;0;1.65;0.05;2
1000;1831;1.831;21;1.831;7;3.662;23;0.5736007611637047;788;0.43648573027420257;8.332234988255523;1;1.65;0.05;2
1000;1597;1.597;13;1.597;7;3.194;14;0.5432741655108365;769;0.45630585898709036;10.181224880382775;2;1.65;0.05;2
1000;1792;1.792;14;1.792;8;3.584;16;0.5545737318237317;800;0.4539643515673018;12.465481745103922;3;1.65;0.05;2
1000;1742;1.742;20;1.742;7;3.484;20;0.5842278513631707;788;0.47403795466526094;10.036046657769212;4;1.65;0.05;2
1000;1746;1.746;13;1.746;7;3.492;13;0.5735004262603749;779;0.4862183020948181;15.93280942069536;5;1.65;0.05;2
1000;1737;1.737;17;1.737;7;3.474;18;0.5664176544163022;783;0.4485981308411215;9.259873171141427;6;1.65;0.05;2
1000;1650;1.65;11;1.65;7;3.3;14;0.5504510621242138;771;0.45089081772498857;9.100650871072807;7;1.65;0.05;2
1000;1653;1.653;16;1.653;7;3.306;16;0.5618102651788253;757;0.45172564438619484;14.043400965339506;8;1.65;0.05;2
1000;1597;1.597;16;1.597;7;3.194;16;0.5661706524256325;753;0.4866196026924971;23.825697128543702;9;1.65;0.05;2
1000;1939;1.939;24;1.939;6;3.878;25;0.6077971206470233;810;0.46075842399915495;9.690804450197513;0;1.65;0.15;2
1000;2043;2.043;22;2.043;7;4.086;24;0.6049490664357479;824;0.43579223046704496;7.738885503814593;1;1.65;0.15;2
1000;1770;1.77;17;1.77;8;3.54;18;0.5610452888969513;805;0.44990228013029315;9.179386281588448;2;1.65;0.15;2
1000;2032;2.032;27;2.032;8;4.064;27;0.5833177287120059;842;0.4347747909736582;8.40211958848101;3;1.65;0.15;2
1000;1925;1.925;26;1.925;7;3.85;26;0.5946232129900485;824;0.4519112207151665;11.50913977813798;4;1.65;0.15;2
1000;1924;1.924;15;1.924;7;3.848;15;0.5890894517888383;815;0.48107202680067;15.987972615114828;5;1.65;0.15;2
1000;1936;1.936;20;1.936;7;3.872;21;0.5866612765880165;819;0.4379064725921338;8.085350258690475;6;1.65;0.15;2
1000;1862;1.862;15;1.862;7;3.724;19;0.5706358944547876;808;0.4394817592908285;9.772743620636946;7;1.65;0.15;2
1000;1833;1.833;19;1.833;8;3.666;19;0.5928970089200558;788;0.45459724279366526;13.388496671542434;8;1.65;0.15;2
1000;1756;1.756;20;1.756;7;3.512;20;0.5874946461889137;785;0.48274051712823207;19.55299054095603;9;1.65;0.15;2
1000;2187;2.187;32;2.187;7;4.374;33;0.6147987482798968;851;0.43562348904312564;7.8453233625289025;0;1.65;0.25;2
1000;2320;2.32;34;2.32;8;4.64;34;0.6262947923157143;859;0.4211023027557569;7.5938715188748045;1;1.65;0.25;2
1000;1998;1.998;25;1.998;9;3.996;26;0.5897203541848283;846;0.4303576621110788;8.768444247467214;2;1.65;0.25;2
1000;2324;2.324;42;2.324;10;4.648;42;0.6163043534180284;871;0.4236409608091024;6.6355693619520695;3;1.65;0.25;2
1000;2190;2.19;33;2.19;8;4.38;33;0.6286046304165439;854;0.4516441726940571;10.508806925854262;4;1.65;0.25;2
1000;2122;2.122;29;2.122;7;4.244;29;0.6119227514469563;846;0.46147798742138363;11.797358319546142;5;1.65;0.25;2
1000;2214;2.214;27;2.214;7;4.428;28;0.611299668897174;850;0.41426502534395365;6.914968106679151;6;1.65;0.25;2
1000;2112;2.112;24;2.112;8;4.224;26;0.5989919997067807;837;0.420166015625;8.145061389976158;7;1.65;0.25;2
1000;2027;2.027;22;2.027;9;4.054;22;0.6175025910417735;808;0.4505718592073765;10.544976076555024;8;1.65;0.25;2
1000;1955;1.955;23;1.955;7;3.91;23;0.6021687813062321;827;0.4689054726368159;15.131615825429794;9;1.65;0.25;2
1000;2511;2.511;62;2.511;8;5.022;62;0.6464361253788187;899;0.38368874307976214;6.89609087574609;0;1.65;0.35;2
1000;2690;2.69;59;2.69;8;5.38;59;0.6387454673143362;897;0.3920723642104365;6.068097657691299;1;1.65;0.35;2
1000;2309;2.309;49;2.309;9;4.618;49;0.6349591651193854;876;0.3950862787863237;7.741242030346464;2;1.65;0.35;2
1000;2664;2.664;85;2.664;11;5.328;85;0.6578496707023567;906;0.36591939238025234;5.355754068733455;3;1.65;0.35;2
1000;2506;2.506;44;2.506;9;5.012;45;0.6454134524275484;883;0.42449317335539927;8.246168209558553;4;1.65;0.35;2
1000;2433;2.433;51;2.433;8;4.866;51;0.6320132626468993;879;0.4375907111756168;9.388429059112415;5;1.65;0.35;2
1000;2521;2.521;38;2.521;7;5.042;38;0.6332242166098884;896;0.3928346951602766;6.02534610107953;6;1.65;0.35;2
1000;2400;2.4;37;2.4;9;4.8;38;0.6330291610222814;867;0.39574614458522045;6.867798642861037;7;1.65;0.35;2
1000;2311;2.311;29;2.311;9;4.622;29;0.6170105681053624;849;0.4380834258110843;10.019185103205217;8;1.65;0.35;2
1000;2209;2.209;28;2.209;7;4.418;28;0.6296739167094764;872;0.44708771391297675;11.930656579880162;9;1.65;0.35;2
1000;2948;2.948;117;2.948;9;5.896;117;0.6716304191136224;928;0.2896836313617607;5.432133480533736;0;1.65;0.45;2
1000;3130;3.13;105;3.13;11;6.26;105;0.6679058522294319;935;0.34696965528625273;5.201380462925645;1;1.65;0.45;2
1000;2704;2.704;95;2.704;9;5.408;95;0.6606670807391812;904;0.3283388346994029;6.054636963505004;2;1.65;0.45;2
1000;3159;3.159;170;3.159;11;6.318;170;0.6779951389580344;941;0.2853892876863611;4.610412747217279;3;1.65;0.45;2
1000;2864;2.864;61;2.864;9;5.728;61;0.6702824862335932;914;0.3892059641863452;6.927016642456197;4;1.65;0.45;2
1000;2803;2.803;82;2.803;8;5.606;82;0.6597610564411965;914;0.39718833988009095;7.355453915143924;5;1.65;0.45;2
1000;2971;2.971;53;2.971;8;5.942;53;0.6538837279715818;930;0.3626617375231054;5.1259321401938855;6;1.65;0.45;2
1000;2811;2.811;56;2.811;11;5.622;56;0.6582459625000937;911;0.3591815553413893;5.615791711445316;7;1.65;0.45;2
1000;2652;2.652;38;2.652;9;5.304;38;0.6451489454899408;889;0.41604114539894355;8.216678397204086;8;1.65;0.45;2
1000;2509;2.509;37;2.509;8;5.018;37;0.6457177068646153;906;0.4242861904232863;8.904468242500501;9;1.65;0.45;2
1000;3576;3.576;229;3.576;9;7.152;229;0.7131722118208762;964;0.1864864864864865;3.9741234275029704;0;1.65;0.55;2
1000;3711;3.711;152;3.711;11;7.422;152;0.7086891813089343;965;0.305393178467951;4.362836486884398;1;1.65;0.55;2
1000;3195;3.195;153;3.195;10;6.39;153;0.6902422001421326;935;0.2612159497847342;5.512205304411308;2;1.65;0.55;2
1000;3815;3.815;334;3.815;12;7.63;334;0.7119288222687787;964;0.1832844434677088;3.496114768891414;3;1.65;0.55;2
1000;3373;3.373;96;3.373;11;6.746;96;0.6932216327322248;939;0.3312771105346906;5.019018578745036;4;1.65;0.55;2
1000;3260;3.26;140;3.26;9;6.52;140;0.6807369963440443;948;0.33001742116292576;5.456874946162902;5;1.65;0.55;2
1000;3540;3.54;84;3.54;10;7.08;84;0.7000158500255009;956;0.3170785392696348;4.388107192471055;6;1.65;0.55;2
1000;3372;3.372;84;3.372;11;6.744;84;0.6894608550730726;942;0.32002115842369744;4.744740835777887;7;1.65;0.55;2
1000;3087;3.087;63;3.087;10;6.174;63;0.6825434592399467;921;0.3790981724676279;6.58730147899993;8;1.65;0.55;2
1000;2851;2.851;54;2.851;10;5.702;54;0.6593168953384303;927;0.3914987059838444;7.418401096951404;9;1.65;0.55;2
1000;4516;4.516;439;4.516;11;9.032;439;0.7539368447439887;989;0.10900233303680827;3.100619360619643;0;1.65;0.65;2
1000;4498;4.498;273;4.498;12;8.996;273;0.734253050827986;981;0.2352191235059761;3.6995220138933558;1;1.65;0.65;2
1000;3871;3.871;259;3.871;10;7.742;259;0.7200908609251448;970;0.19077292142063074;4.305004845689843;2;1.65;0.65;2
1000;4767;4.767;620;4.767;13;9.534;620;0.7516017792959127;983;0.11090162944197744;2.6819903848284112;3;1.65;0.65;2
1000;4056;4.056;162;4.056;12;8.112;162;0.7225509435888379;972;0.26236167699317725;4.084661391202749;4;1.65;0.65;2
1000;3866;3.866;239;3.866;13;7.732;239;0.7113809770694733;968;0.2586544469902104;4.534140322011988;5;1.65;0.65;2
1000;4307;4.307;132;4.307;10;8.614;132;0.732732595484602;974;0.27067797965033286;3.831436830346222;6;1.65;0.65;2
1000;4118;4.118;156;4.118;13;8.236;156;0.7078053249886024;973;0.262812197825523;4.011304454445501;7;1.65;0.65;2
1000;3610;3.61;85;3.61;11;7.22;85;0.7061076937985901;948;0.34316316033644634;5.709276547192329;8;1.65;0.65;2
1000;3333;3.333;80;3.333;12;6.666;80;0.6907865159285129;955;0.34516064458012213;6.073168916236602;9;1.65;0.65;2
1000;5897;5.897;815;5.897;12;11.794;815;0.7974301522353041;999;0.06452904837032471;2.263700574321817;0;1.65;0.75;2
1000;5581;5.581;462;5.581;13;11.162;462;0.7631203767359637;997;0.17187730703193882;2.9424364364364366;1;1.65;0.75;2
1000;4902;4.902;456;4.902;12;9.804;456;0.750911526403828;988;0.1291627278057653;3.2195280620979405;2;1.65;0.75;2
1000;6077;6.077;981;6.077;15;12.154;981;0.7917089037479054;998;0.07800909002193315;2.019613613613614;3;1.65;0.75;2
1000;5094;5.094;270;5.094;14;10.188;270;0.7456729411807671;989;0.18771454977554794;3.209917917917918;4;1.65;0.75;2
1000;4633;4.633;395;4.633;14;9.266;395;0.729315898969349;993;0.18743470084279445;3.6034725348941916;5;1.65;0.75;2
1000;5435;5.435;216;5.435;13;10.87;216;0.7643291706163088;986;0.2200732101813229;3.231402844467906;6;1.65;0.75;2
1000;5122;5.122;256;5.122;15;10.244;256;0.7466667546904743;993;0.2058873296962978;3.3816296296296295;7;1.65;0.75;2
1000;4295;4.295;119;4.295;11;8.59;119;0.7245281000156607;977;0.2967332123411978;4.966667824175734;8;1.65;0.75;2
1000;3944;3.944;112;3.944;12;7.888;112;0.7269502295504522;980;0.3046404643551823;5.094338939988422;9;1.65;0.75;2
1000;7238;7.238;999;7.238;13;14.476;999;0.8202689538764958;1000;0.05955288338517723;1.9855095095095094;0;1.65;0.85;2
1000;7231;7.231;821;7.231;16;14.462;821;0.7865940801725357;1000;0.11763255493799891;2.2435635635635633;1;1.65;0.85;2
1000;6446;6.446;796;6.446;15;12.892;796;0.7940576203559874;998;0.08435984354628423;2.2571068062050026;2;1.65;0.85;2
1000;7391;7.391;999;7.391;17;14.782;999;0.7984955797056966;1000;0.09319506583234721;1.9852032032032032;3;1.65;0.85;2
1000;6640;6.64;476;6.64;16;13.28;476;0.7758415397744702;998;0.13145398442208095;2.540992992992993;4;1.65;0.85;2
1000;5722;5.722;696;5.722;15;11.444;696;0.7473808635173568;998;0.11986244015684826;2.641620971891683;5;1.65;0.85;2
1000;6917;6.917;356;6.917;14;13.834;356;0.7782177462917407;997;0.17320316023317578;2.743275696445725;6;1.65;0.85;2
1000;6470;6.47;377;6.47;16;12.94;377;0.7621511048802452;997;0.16188603391015557;2.7607947947947946;7;1.65;0.85;2
1000;5202;5.202;160;5.202;13;10.404;160;0.7413011257701455;992;0.25109203193251994;4.085430468900753;8;1.65;0.85;2
1000;4736;4.736;173;4.736;13;9.472;173;0.7346336640191218;994;0.25145626750855976;4.156860860860861;9;1.65;0.85;2
1000;8462;8.462;999;8.462;15;16.924;999;0.8037388834473924;1000;0.07215649304737214;1.983059059059059;0;1.65;0.95;2
1000;9116;9.116;998;9.116;19;18.232;998;0.7775888322247995;1000;0.11047179954968435;1.983061061061061;1;1.65;0.95;2
1000;8125;8.125;999;8.125;16;16.25;999;0.8115810611569761;1000;0.07052467785930214;1.9837337337337337;2;1.65;0.95;2
1000;9252;9.252;999;9.252;20;18.504;999;0.7853705928986326;1000;0.10103284345444473;1.9814774774774775;3;1.65;0.95;2
1000;8797;8.797;789;8.797;20;17.594;789;0.7907292770255513;1000;0.08879501063469232;2.0604884884884886;4;1.65;0.95;2
1000;6994;6.994;974;6.994;17;13.988;974;0.755206001807615;1000;0.09424375995175097;2.0304224224224225;5;1.65;0.95;2
1000;9071;9.071;566;9.071;18;18.142;566;0.7721556323529148;1000;0.1316220035358752;2.314014014014014;6;1.65;0.95;2
1000;8448;8.448;613;8.448;19;16.896;613;0.7622572173035552;1000;0.11641681240602232;2.2274094094094092;7;1.65;0.95;2
1000;6438;6.438;273;6.438;16;12.876;273;0.7357982768800261;999;0.19732022986844558;3.3404264264264265;8;1.65;0.95;2
1000;5805;5.805;256;5.805;16;11.61;256;0.7277101987330309;1000;0.20120442171258868;3.387163163163163;9;1.65;0.95;2
1000;1936;1.936;15;1.936;7;3.872;15;0.5959162908608039;811;0.4771825396825397;9.659567731797361;0;1.85;0.05;2
1000;2046;2.046;23;2.046;7;4.092;25;0.5854593538760992;823;0.4439763356041592;7.870632213540634;1;1.85;0.05;2
1000;1788;1.788;13;1.788;8;3.576;14;0.5482241964384822;812;0.4588094605368057;9.54835266928233;2;1.85;0.05;2
1000;1997;1.997;16;1.997;8;3.994;18;0.5817215225250939;840;0.45780862667327715;9.976265827698978;3;1.85;0.05;2
1000;1949;1.949;22;1.949;7;3.898;22;0.581172704194287;834;0.470125786163522;10.038274986724689;4;1.85;0.05;2
1000;1947;1.947;14;1.947;7;3.894;14;0.5763020286078538;824;0.4810281517747858;14.792122518771839;5;1.85;0.05;2
1000;1940;1.94;17;1.94;7;3.88;18;0.5595536756477504;821;0.4442904360806056;8.180141715646505;6;1.85;0.05;2
1000;1865;1.865;13;1.865;7;3.73;17;0.5595649650364986;809;0.4523022432113341;9.657023109094776;7;1.85;0.05;2
1000;1859;1.859;17;1.859;8;3.718;17;0.578512438949939;800;0.4645515977551254;12.870564127209802;8;1.85;0.05;2
1000;1800;1.8;17;1.8;7;3.6;17;0.5582915479272264;796;0.48402061855670103;17.06452620815028;9;1.85;0.05;2
1000;2152;2.152;24;2.152;7;4.304;25;0.6025110356320599;859;0.4556862745098039;8.633126370537681;0;1.85;0.15;2
1000;2290;2.29;27;2.29;7;4.58;27;0.6102452165819722;858;0.4354772353263851;7.775467132065325;1;1.85;0.15;2
1000;1992;1.992;19;1.992;9;3.984;20;0.587467881114021;849;0.45722591362126247;9.860888271671156;2;1.85;0.15;2
1000;2277;2.277;30;2.277;9;4.554;30;0.600076258063704;872;0.44402800367725054;7.726217088267237;3;1.85;0.15;2
1000;2204;2.204;27;2.204;9;4.408;27;0.6115623620525281;859;0.465244375484872;8.554568638499834;4;1.85;0.15;2
1000;2134;2.134;17;2.134;7;4.268;17;0.5964442565763164;853;0.47756874095513746;11.06092645551179;5;1.85;0.15;2
1000;2182;2.182;22;2.182;7;4.364;23;0.5856217976377934;854;0.42740906190172306;7.331213018120342;6;1.85;0.15;2
1000;2089;2.089;17;2.089;8;4.178;19;0.5686656229492815;838;0.4361540523635064;7.939424539484059;7;1.85;0.15;2
1000;2050;2.05;19;2.05;8;4.1;19;0.5921388809053527;831;0.4594569970845481;12.028138514879384;8;1.85;0.15;2
1000;1985;1.985;21;1.985;7;3.97;21;0.5796458337825244;834;0.4804590570719603;13.702054197034077;9;1.85;0.15;2
1000;2452;2.452;37;2.452;7;4.904;38;0.6264985155156935;888;0.42822848701218763;7.3031523540218295;0;1.85;0.25;2
1000;2613;2.613;36;2.613;8;5.226;37;0.6162518335459253;894;0.41927602712405265;6.700435759148925;1;1.85;0.25;2
1000;2245;2.245;28;2.245;9;4.49;28;0.6157449078789801;879;0.43756727664155004;8.272095158597663;2;1.85;0.25;2
1000;2570;2.57;45;2.57;11;5.14;45;0.6252542235336842;911;0.4199503568104251;6.169848251647932;3;1.85;0.25;2
1000;2482;2.482;34;2.482;9;4.964;34;0.6187061489965968;887;0.45438748913987836;8.252609480889875;4;1.85;0.25;2
1000;2382;2.382;32;2.382;7;4.764;32;0.60829669109593;880;0.45699993147399437;9.290526592630085;5;1.85;0.25;2
1000;2470;2.47;31;2.47;7;4.94;33;0.6185128957169812;882;0.4159920796692097;6.30426588840169;6;1.85;0.25;2
1000;2372;2.372;31;2.372;9;4.744;33;0.5933035891239379;874;0.42134615384615387;7.112010405793546;7;1.85;0.25;2
1000;2288;2.288;23;2.288;9;4.576;23;0.602614735470076;860;0.4573105274457883;9.954810852717351;8;1.85;0.25;2
1000;2220;2.22;26;2.22;7;4.44;26;0.6031419436458642;873;0.47259780782462596;12.23054491272882;9;1.85;0.25;2
1000;2783;2.783;70;2.783;9;5.566;70;0.6597932913462629;919;0.37881094425015427;6.0376807722716395;0;1.85;0.35;2
1000;3006;3.006;67;3.006;10;6.012;67;0.6352672228720588;927;0.3940116038126813;5.586637814896119;1;1.85;0.35;2
1000;2587;2.587;57;2.587;9;5.174;57;0.6398435730396352;901;0.39154466686585;6.845755278215229;2;1.85;0.35;2
1000;2961;2.961;95;2.961;13;5.922;95;0.6549692774126975;934;0.36859218952188194;5.255339355721494;3;1.85;0.35;2
1000;2805;2.805;48;2.805;9;5.61;49;0.6543496792067935;912;0.4271994012971894;7.257947952324746;4;1.85;0.35;2
1000;2738;2.738;56;2.738;9;5.476;56;0.6388784553160824;912;0.43869079042088593;7.765120677603717;5;1.85;0.35;2
1000;2845;2.845;42;2.845;8;5.69;42;0.6376565406583169;920;0.38940157163006245;5.5075415461434405;6;1.85;0.35;2
1000;2726;2.726;39;2.726;10;5.452;41;0.6218748231787846;905;0.39695171297545184;6.056426352716294;7;1.85;0.35;2
1000;2591;2.591;30;2.591;9;5.182;30;0.6201645155669914;892;0.44402847350382285;8.281282384205609;8;1.85;0.35;2
1000;2490;2.49;30;2.49;8;4.98;30;0.6326877627782098;908;0.4505354873842803;9.401118686822528;9;1.85;0.35;2
1000;3286;3.286;133;3.286;9;6.572;134;0.6830470233320473;949;0.28349898866874007;4.898782412203811;0;1.85;0.45;2
1000;3507;3.507;115;3.507;11;7.014;115;0.6781385651747708;954;0.3494888967218893;4.8211151424300205;1;1.85;0.45;2
1000;3002;3.002;108;3.002;10;6.004;108;0.6634893116306855;933;0.32286757775683317;5.703884215022919;2;1.85;0.45;2
1000;3489;3.489;186;3.489;13;6.978;186;0.679882607095302;952;0.2816766596835946;4.1507241209350125;3;1.85;0.45;2
1000;3190;3.19;66;3.19;11;6.38;67;0.6676998891256751;930;0.3930279057637138;6.297938936570708;4;1.85;0.45;2
1000;3132;3.132;87;3.132;9;6.264;87;0.6601665339099942;941;0.39986743993372;6.665099842896434;5;1.85;0.45;2
1000;3320;3.32;62;3.32;9;6.64;62;0.6662148814088503;948;0.35776839883935635;4.758042899659596;6;1.85;0.45;2
1000;3196;3.196;62;3.196;11;6.392;62;0.6590174317608977;934;0.36230769230769233;5.091056780710069;7;1.85;0.45;2
1000;2989;2.989;43;2.989;9;5.978;43;0.6507259491911259;925;0.42072901325478645;7.192182669527417;8;1.85;0.45;2
1000;2804;2.804;42;2.804;9;5.608;42;0.6466007350497482;931;0.42488127468820736;8.1337005925066;9;1.85;0.45;2
1000;3975;3.975;257;3.975;9;7.95;257;0.7171039691295568;975;0.18578415451922894;3.712593573170311;0;1.85;0.55;2
1000;4142;4.142;169;4.142;12;8.284;169;0.7131674144066348;977;0.30589776122457335;4.0435363679715435;1;1.85;0.55;2
1000;3555;3.555;170;3.555;10;7.11;170;0.6919954035172975;952;0.2625501516782464;4.897009076170902;2;1.85;0.55;2
1000;4265;4.265;377;4.265;14;8.53;377;0.7148526672917976;974;0.1810432849028491;3.254702434141607;3;1.85;0.55;2
1000;3762;3.762;106;3.762;12;7.524;106;0.6951932597257204;963;0.3291664478176375;4.58356320589677;4;1.85;0.55;2
1000;3664;3.664;158;3.664;11;7.328;158;0.6819409573213064;966;0.33373443234462424;4.973978621575744;5;1.85;0.55;2
1000;3951;3.951;92;3.951;11;7.902;92;0.7008939228642153;970;0.3138246628131021;4.114136718127632;6;1.85;0.55;2
1000;3807;3.807;102;3.807;12;7.614;102;0.6791596527919381;959;0.3202067733736347;4.457709481459088;7;1.85;0.55;2
1000;3448;3.448;65;3.448;10;6.896;65;0.6729729987629927;947;0.3855576559546314;6.248398445269509;8;1.85;0.55;2
1000;3191;3.191;58;3.191;11;6.382;58;0.6680672347732627;950;0.3935211267605634;6.689206062665329;9;1.85;0.55;2
1000;5014;5.014;488;5.014;11;10.028;488;0.7542565652989903;993;0.10969276036677159;2.9316202994116902;0;1.85;0.65;2
1000;5006;5.006;304;5.006;13;10.012;304;0.7360561308013173;990;0.23381413234600373;3.382312504020068;1;1.85;0.65;2
1000;4349;4.349;301;4.349;11;8.698;301;0.7231630481601307;978;0.18583773116655952;3.944330620119051;2;1.85;0.65;2
1000;5352;5.352;690;5.352;14;10.704;690;0.7550064551486406;994;0.11181918047697233;2.5396616616616616;3;1.85;0.65;2
1000;4542;4.542;179;4.542;14;9.084;179;0.7147578294143141;987;0.26071818876391456;3.7122862862862864;4;1.85;0.65;2
1000;4305;4.305;266;4.305;13;8.61;266;0.7137428049898613;986;0.2583297855654395;4.121646139036268;5;1.85;0.65;2
1000;4840;4.84;148;4.84;11;9.68;148;0.7317023204460488;982;0.2678681138644276;3.592438722092663;6;1.85;0.65;2
1000;4604;4.604;174;4.604;15;9.208;174;0.7103499352068182;985;0.2619983596821177;3.756282282282282;7;1.85;0.65;2
1000;4035;4.035;91;4.035;11;8.07;91;0.6979843664556711;970;0.3467449828683309;5.429633984827185;8;1.85;0.65;2
1000;3750;3.75;91;3.75;12;7.5;91;0.6956595227470802;967;0.3476201752308785;5.381896451756625;9;1.85;0.65;2
1000;6559;6.559;879;6.559;12;13.118;879;0.7998352623433593;999;0.06698906946641738;2.1672232232232234;0;1.85;0.75;2
1000;6273;6.273;524;6.273;14;12.546;524;0.7593700855008008;999;0.1695285576665243;2.752086086086086;1;1.85;0.75;2
1000;5499;5.499;514;5.499;13;10.998;514;0.7544235981852341;994;0.1287284938671355;2.9158136092003826;2;1.85;0.75;2
1000;6734;6.734;991;6.734;17;13.468;991;0.7912498401612033;1000;0.08949657895870246;2.000618618618619;3;1.85;0.75;2
1000;5761;5.761;307;5.761;16;11.522;307;0.7456877969727262;995;0.1873110097921054;2.9765665665665666;4;1.85;0.75;2
1000;5205;5.205;454;5.205;14;10.41;454;0.7310492052081956;997;0.18433082949680962;3.23319008490384;5;1.85;0.75;2
1000;6081;6.081;244;6.081;15;12.162;244;0.7571130236901104;990;0.2216931459182272;3.072696989836443;6;1.85;0.75;2
1000;5728;5.728;274;5.728;15;11.456;274;0.7476479734112951;997;0.21141642936644453;3.195065065065065;7;1.85;0.75;2
1000;4832;4.832;132;4.832;11;9.664;132;0.7222194616013164;984;0.2998048991979189;4.473654669903267;8;1.85;0.75;2
1000;4447;4.447;121;4.447;12;8.894;121;0.7222803812769983;988;0.3093604206264965;4.621687463819386;9;1.85;0.75;2
1000;7879;7.879;999;7.879;14;15.758;999;0.8109035715718061;1000;0.0679706679526883;1.9842262262262262;0;1.85;0.85;2
1000;8063;8.063;881;8.063;19;16.126;881;0.780240215150344;1000;0.12299687018814746;2.148996996996997;1;1.85;0.85;2
1000;7151;7.151;858;7.151;15;14.302;858;0.7933705243274191;998;0.08622536484486741;2.129608566482314;2;1.85;0.85;2
1000;8163;8.163;999;8.163;18;16.326;999;0.7904942402356;1000;0.10478404051692367;1.9836576576576577;3;1.85;0.85;2
1000;7416;7.416;531;7.416;18;14.832;531;0.7780007822363433;1000;0.13070915248860376;2.4194714714714713;4;1.85;0.85;2
1000;6347;6.347;763;6.347;16;12.694;763;0.7505712720922277;999;0.12219370473909684;2.4236036036036035;5;1.85;0.85;2
1000;7766;7.766;396;7.766;16;15.532;396;0.7799617989080364;998;0.17410699512214492;2.6215117170787625;6;1.85;0.85;2
1000;7224;7.224;402;7.224;16;14.448;402;0.7667070957954558;999;0.1650682774612808;2.6291351351351353;7;1.85;0.85;2
1000;5833;5.833;180;5.833;14;11.666;180;0.7397095021044272;994;0.25334478524778214;3.8332212212212213;8;1.85;0.85;2
1000;5303;5.303;191;5.303;14;10.606;191;0.729209208559335;998;0.2519969245226603;3.779047047047047;9;1.85;0.85;2
1000;9227;9.227;999;9.227;17;18.454;999;0.7968117471025643;1000;0.08162524046330384;1.9815275275275275;0;1.85;0.95;2
1000;10104;10.104;999;10.104;21;20.208;999;0.7712672196810846;1000;0.12089141569010957;1.9797717717717718;1;1.85;0.95;2
1000;8925;8.925;999;8.925;18;17.85;999;0.8050927024745981;1000;0.07692094776152561;1.9821321321321321;2;1.85;0.95;2
1000;10341;10.341;999;10.341;24;20.682;999;0.7815674156089987;1000;0.11110185618268374;1.9792972972972973;3;1.85;0.95;2
1000;9825;9.825;845;9.825;21;19.65;845;0.7855899063115344;1000;0.09097714240599789;2.021155155155155;4;1.85;0.95;2
1000;7747;7.747;994;7.747;17;15.494;994;0.748294643341479;1000;0.10515421150215465;1.993119119119119;5;1.85;0.95;2
1000;10205;10.205;632;10.205;20;20.41;632;0.7757608660441374;1000;0.1338860245489923;2.2063303303303305;6;1.85;0.95;2
1000;9424;9.424;681;9.424;19;18.848;681;0.7649181098216267;1000;0.11641095031846076;2.127211211211211;7;1.85;0.95;2
1000;7238;7.238;306;7.238;16;14.476;306;0.7283643936003475;999;0.19465005364371557;3.0877777777777777;8;1.85;0.95;2
1000;6545;6.545;283;6.545;17;13.09;283;0.7253196327143615;1000;0.19776440240756663;3.103973973973974;9;1.85;0.95;2
1000;2139;2.139;17;2.139;7;4.278;17;0.5903457203611103;860;0.46852764094143406;8.911273434965942;0;2.05;0.05;2
1000;2258;2.258;23;2.258;8;4.516;26;0.5894736351040852;859;0.4456062291434928;8.017186481934525;1;2.05;0.05;2
1000;1981;1.981;14;1.981;9;3.962;15;0.5750625537253444;860;0.4701812191103789;10.27789234386795;2;2.05;0.05;2
1000;2205;2.205;17;2.205;10;4.41;20;0.5643925991744445;873;0.44903381642512075;7.827583357008187;3;2.05;0.05;2
1000;2193;2.193;24;2.193;8;4.386;24;0.5815162796177721;866;0.461877911252758;8.941256865463846;4;2.05;0.05;2
1000;2128;2.128;15;2.128;7;4.256;15;0.5741122649417042;856;0.48162583518930957;13.200819452051853;5;2.05;0.05;2
1000;2153;2.153;18;2.153;7;4.306;19;0.5725346456583841;862;0.4446185997910136;7.505270522628008;6;2.05;0.05;2
1000;2081;2.081;15;2.081;8;4.162;19;0.5542330035982741;852;0.455492876948083;8.179293848343303;7;2.05;0.05;2
1000;2058;2.058;18;2.058;8;4.116;18;0.5747614288883965;852;0.4631104288592536;11.173578272817567;8;2.05;0.05;2
1000;2015;2.015;20;2.015;7;4.03;20;0.5602560905772292;845;0.4786607419654852;13.43155108056791;9;2.05;0.05;2
1000;2391;2.391;26;2.391;7;4.782;27;0.6015026750431878;887;0.4531995509402189;7.836867603309861;0;2.05;0.15;2
1000;2553;2.553;29;2.553;9;5.106;30;0.6035731305905806;894;0.43792225052608263;7.427057175970639;1;2.05;0.15;2
1000;2199;2.199;20;2.199;9;4.398;22;0.5981847166980837;877;0.4592875318066158;8.89245510236138;2;2.05;0.15;2
1000;2527;2.527;32;2.527;12;5.054;32;0.6006178349095675;903;0.4417198905109489;6.564525467953472;3;2.05;0.15;2
1000;2419;2.419;29;2.419;9;4.838;29;0.6057646043904895;887;0.4675476097940148;8.322157698703371;4;2.05;0.15;2
1000;2327;2.327;21;2.327;7;4.654;21;0.5928310207472155;883;0.4777912990568908;9.611048946819288;5;2.05;0.15;2
1000;2424;2.424;24;2.424;7;4.848;25;0.6019287341817535;886;0.43326209442393626;6.702827716582595;6;2.05;0.15;2
1000;2329;2.329;20;2.329;9;4.658;23;0.5718301560430183;873;0.43777937995674115;7.263482685048416;7;2.05;0.15;2
1000;2281;2.281;20;2.281;8;4.562;20;0.5836480218251566;881;0.4597066827940732;8.88832335651687;8;2.05;0.15;2
1000;2227;2.227;23;2.227;7;4.454;23;0.5904455689042234;884;0.4773291411550554;11.754898073809759;9;2.05;0.15;2
1000;2695;2.695;42;2.695;9;5.39;42;0.6325750440436946;915;0.42951238192494257;6.753316344190233;0;2.05;0.25;2
1000;2897;2.897;40;2.897;9;5.794;40;0.6168620635312971;922;0.42231770094442866;6.116945991598274;1;2.05;0.25;2
1000;2503;2.503;35;2.503;10;5.006;35;0.6266302067600382;906;0.43487509876618247;7.908241040973596;2;2.05;0.25;2
1000;2842;2.842;49;2.842;13;5.684;49;0.6294622781175877;928;0.42385625079648276;6.011033852158664;3;2.05;0.25;2
1000;2714;2.714;37;2.714;9;5.428;37;0.6261395108833412;914;0.451204178353806;7.417521325893044;4;2.05;0.25;2
1000;2658;2.658;37;2.658;9;5.316;37;0.6137139647564868;911;0.4577241981234999;8.075345923224623;5;2.05;0.25;2
1000;2752;2.752;35;2.752;8;5.504;36;0.6214758274225953;915;0.4101906671017668;5.783562406718496;6;2.05;0.25;2
1000;2626;2.626;34;2.626;9;5.252;36;0.5974351940318269;899;0.4237788796286528;6.49793933801511;7;2.05;0.25;2
1000;2566;2.566;26;2.566;9;5.132;26;0.605335668239951;900;0.45837598089389286;8.351450994794114;8;2.05;0.25;2
1000;2457;2.457;27;2.457;8;4.914;27;0.6120948147469543;911;0.4654766575127501;10.013560699625849;9;2.05;0.25;2
1000;3074;3.074;78;3.074;9;6.148;78;0.6543461522358609;946;0.3729170849227063;5.6014108797090865;0;2.05;0.35;2
1000;3304;3.304;76;3.304;11;6.608;76;0.6461060328023721;947;0.3960092754287023;5.238904732879826;1;2.05;0.35;2
1000;2854;2.854;64;2.854;10;5.708;64;0.6434716830942845;932;0.38832240835154164;6.421354343160511;2;2.05;0.35;2
1000;3282;3.282;104;3.282;13;6.564;104;0.6562458184627944;946;0.37125520394002887;4.873311448358188;3;2.05;0.35;2
1000;3055;3.055;51;3.055;11;6.11;52;0.6525652548545678;932;0.4266549295774648;6.6321002472889115;4;2.05;0.35;2
1000;3015;3.015;63;3.015;10;6.03;63;0.6384417820272797;938;0.4338808954404673;6.890965997221223;5;2.05;0.35;2
1000;3146;3.146;45;3.146;9;6.292;46;0.6334543044038574;943;0.39415335884914876;5.17662521870594;6;2.05;0.35;2
1000;3033;3.033;44;3.033;10;6.066;44;0.6282316120342848;927;0.39553532726484614;5.553739493763123;7;2.05;0.35;2
1000;2893;2.893;33;2.893;9;5.786;33;0.6246118506696908;924;0.4432021086642292;7.540896068966122;8;2.05;0.35;2
1000;2736;2.736;32;2.736;8;5.472;32;0.6296096627418268;927;0.45084542869968575;8.238054728484332;9;2.05;0.35;2
1000;3609;3.609;148;3.609;9;7.218;149;0.6840517230607732;965;0.2804482294935007;4.643777324753156;0;2.05;0.45;2
1000;3853;3.853;118;3.853;12;7.706;118;0.6839957225345155;968;0.3549383865083206;4.647765288304092;1;2.05;0.45;2
1000;3338;3.338;119;3.338;10;6.676;119;0.6600529898456379;950;0.3246898854961832;5.265602748374025;2;2.05;0.45;2
1000;3882;3.882;213;3.882;14;7.764;213;0.6827822167712198;961;0.2770902247062849;3.9299397022027156;3;2.05;0.45;2
1000;3520;3.52;70;3.52;11;7.04;71;0.6725098938399495;953;0.38966340415373596;5.40670583046955;4;2.05;0.45;2
1000;3463;3.463;97;3.463;10;6.926;97;0.6638328304667135;960;0.397927545691906;5.661786755476168;5;2.05;0.45;2
1000;3704;3.704;71;3.704;10;7.408;71;0.6709701193807736;965;0.35623938078157447;4.437777284136182;6;2.05;0.45;2
1000;3551;3.551;67;3.551;11;7.102;67;0.6614638016592354;947;0.36383804769828065;4.802344464138695;7;2.05;0.45;2
1000;3302;3.302;46;3.302;10;6.604;46;0.6469703422917705;949;0.4153580306796823;6.6366998441954514;8;2.05;0.45;2
1000;3114;3.114;51;3.114;10;6.228;51;0.6394490860813051;945;0.42122518798332204;6.67840399563915;9;2.05;0.45;2
1000;4408;4.408;289;4.408;10;8.816;289;0.7199401093216048;986;0.18220897966610564;3.4895148644530596;0;2.05;0.55;2
1000;4561;4.561;191;4.561;13;9.122;191;0.7109487528519859;987;0.3012627982537432;3.8725578085804333;1;2.05;0.55;2
1000;3950;3.95;184;3.95;10;7.9;184;0.6927837520619192;970;0.26916882097370165;4.611197749441947;2;2.05;0.55;2
1000;4728;4.728;408;4.728;14;9.456;408;0.7177371853273214;981;0.18508356826419653;3.1335593630804626;3;2.05;0.55;2
1000;4192;4.192;122;4.192;12;8.384;122;0.6907113485472265;981;0.32597572415361437;4.223443443443443;4;2.05;0.55;2
1000;4030;4.03;170;4.03;12;8.06;170;0.6841628373421079;979;0.3374679428082938;4.603113306573596;5;2.05;0.55;2
1000;4390;4.39;109;4.39;11;8.78;109;0.6962952409818295;982;0.3161169151308839;3.93302708618999;6;2.05;0.55;2
1000;4216;4.216;113;4.216;12;8.432;113;0.685674262674827;976;0.31750055716514375;4.183864847554712;7;2.05;0.55;2
1000;3814;3.814;69;3.814;11;7.628;69;0.6758457977864663;966;0.38803981176862534;5.677973178759149;8;2.05;0.55;2
1000;3559;3.559;63;3.559;11;7.118;63;0.664757208252339;960;0.3974071621415109;5.78790133523596;9;2.05;0.55;2
1000;5540;5.54;529;5.54;12;11.08;529;0.7531866172767916;995;0.11217818786006703;2.795549056070098;0;2.05;0.65;2
1000;5561;5.561;332;5.561;14;11.122;332;0.7361236809489821;995;0.23542553565774196;3.2335820415514247;1;2.05;0.65;2
1000;4837;4.837;324;4.837;11;9.674;324;0.7270254584228131;983;0.19115468760652243;3.660432685515933;2;2.05;0.65;2
1000;5895;5.895;738;5.895;14;11.79;738;0.7549777794414131;997;0.11670396837695643;2.4464324324324322;3;2.05;0.65;2
1000;5048;5.048;199;5.048;15;10.096;199;0.7187550666320539;994;0.25896847914804305;3.4807567567567568;4;2.05;0.65;2
1000;4758;4.758;288;4.758;14;9.516;288;0.7143575611081643;992;0.2630513322993192;3.8621455549011765;5;2.05;0.65;2
1000;5424;5.424;167;5.424;13;10.848;167;0.7317001533102807;993;0.2705401368032078;3.40325250695504;6;2.05;0.65;2
1000;5095;5.095;199;5.095;15;10.19;199;0.7143820721271896;990;0.26100217864923747;3.568832832832833;7;2.05;0.65;2
1000;4529;4.529;101;4.529;11;9.058;101;0.7061418707893782;981;0.34643667725828414;4.786727279002861;8;2.05;0.65;2
1000;4164;4.164;99;4.164;12;8.328;99;0.700350841074504;978;0.35158965117775776;5.024960960960961;9;2.05;0.65;2
1000;7157;7.157;911;7.157;13;14.314;911;0.7958353094402336;999;0.07203914070408278;2.109997997997998;0;2.05;0.75;2
1000;6931;6.931;568;6.931;15;13.862;568;0.76127734590662;999;0.17317716925107227;2.648202202202202;1;2.05;0.75;2
1000;6081;6.081;554;6.081;15;12.162;554;0.7549433108054031;997;0.13170712359194034;2.683430925915896;2;2.05;0.75;2
1000;7361;7.361;997;7.361;17;14.722;997;0.7857272085419731;1000;0.10074897419454888;1.9887467467467468;3;2.05;0.75;2
1000;6366;6.366;343;6.366;16;12.732;343;0.749512266536873;998;0.1848112165887737;2.812766766766767;4;2.05;0.75;2
1000;5715;5.715;489;5.715;14;11.43;489;0.7353642446909755;999;0.18784615384615386;3.0154654654654656;5;2.05;0.75;2
1000;6748;6.748;277;6.748;16;13.496;277;0.7631061678387767;995;0.22294405352147303;2.9342180676305105;6;2.05;0.75;2
1000;6288;6.288;292;6.288;15;12.576;292;0.7475880659622517;997;0.21386304293347777;3.019305305305305;7;2.05;0.75;2
1000;5337;5.337;140;5.337;12;10.674;140;0.7278825676172102;991;0.30206405110983703;4.120784958512896;8;2.05;0.75;2
1000;4884;4.884;139;4.884;12;9.768;139;0.7190283965594065;995;0.30495752708783114;4.241611611611612;9;2.05;0.75;2
1000;8459;8.459;999;8.459;16;16.918;999;0.8043573378593971;1000;0.07604307412472068;1.983065065065065;0;2.05;0.85;2
1000;8895;8.895;919;8.895;19;17.79;919;0.7793693423802612;1000;0.13077337035848555;2.0906226226226226;1;2.05;0.85;2
1000;7846;7.846;912;7.846;17;15.692;912;0.792622891193316;1000;0.0878749788744296;2.0554114114114115;2;2.05;0.85;2
1000;9009;9.009;999;9.009;19;18.018;999;0.787161026227441;1000;0.11559726763824013;1.981963963963964;3;2.05;0.85;2
1000;8202;8.202;587;8.202;18;16.404;587;0.7799115297969342;1000;0.12935167268099645;2.305205205205205;4;2.05;0.85;2
1000;7005;7.005;829;7.005;17;14.01;829;0.7498842015104824;1000;0.12443211354343224;2.294752752752753;5;2.05;0.85;2
1000;8611;8.611;432;8.611;17;17.222;432;0.7831778766540252;999;0.17574734942476877;2.509091532866749;6;2.05;0.85;2
1000;7920;7.92;442;7.92;18;15.84;442;0.7707428467743553;1000;0.1653893740107519;2.5166826826826827;7;2.05;0.85;2
1000;6464;6.464;212;6.464;15;12.928;212;0.7347778654033887;997;0.24994388012795332;3.5055815815815814;8;2.05;0.85;2
1000;5882;5.882;207;5.882;15;11.764;207;0.7292870621026549;999;0.25512831742138914;3.5206126126126125;9;2.05;0.85;2
1000;10022;10.022;999;10.022;20;20.044;999;0.7923686954346093;1000;0.09102835827222246;1.9799359359359359;0;2.05;0.95;2
1000;11083;11.083;999;11.083;23;22.166;999;0.7677212004996392;1000;0.12964767736615207;1.9778118118118118;1;2.05;0.95;2
1000;9720;9.72;999;9.72;18;19.44;999;0.7997750205763842;1000;0.08364304802094992;1.9805405405405405;2;2.05;0.95;2
1000;11355;11.355;999;11.355;25;22.71;999;0.7787601349511801;1000;0.11791928614024651;1.9772672672672673;3;2.05;0.95;2
1000;10809;10.809;902;10.809;25;21.618;902;0.7960120185903727;1000;0.09361547729136444;1.9936436436436435;4;2.05;0.95;2
1000;8487;8.487;999;8.487;19;16.974;999;0.7436341076050075;1000;0.11716931435009087;1.9830090090090091;5;2.05;0.95;2
1000;11288;11.288;705;11.288;22;22.576;705;0.7793976048962258;1000;0.13469396777935977;2.1175675675675674;6;2.05;0.95;2
1000;10447;10.447;755;10.447;22;20.894;755;0.7727433746516945;1000;0.11754681827591604;2.0562422422422424;7;2.05;0.95;2
1000;8016;8.016;344;8.016;17;16.032;344;0.7294082088185564;1000;0.1961801629980633;2.905853853853854;8;2.05;0.95;2
1000;7261;7.261;316;7.261;19;14.522;316;0.7256620335303421;1000;0.1962921580296093;2.9318098098098098;9;2.05;0.95;2
1000;2349;2.349;17;2.349;7;4.698;17;0.5874531470119705;888;0.4611872146118721;8.376685921666756;0;2.25;0.05;2
1000;2486;2.486;25;2.486;9;4.972;26;0.588854133628852;893;0.4455849616621321;7.629525548011897;1;2.25;0.05;2
1000;2185;2.185;16;2.185;10;4.37;19;0.5810982794069758;883;0.4703982777179763;9.437781250083756;2;2.25;0.05;2
1000;2466;2.466;18;2.466;11;4.932;20;0.5749403257806619;903;0.4528518565777721;7.182358368016583;3;2.25;0.05;2
1000;2377;2.377;24;2.377;8;4.754;24;0.5971091907901045;885;0.4711800461119262;8.39457624283545;4;2.25;0.05;2
1000;2336;2.336;15;2.336;7;4.672;16;0.5811539496285258;885;0.48010200139092807;9.813856353112895;5;2.25;0.05;2
1000;2386;2.386;19;2.386;7;4.772;20;0.5868509210758514;892;0.44874343319608123;7.103941810810748;6;2.25;0.05;2
1000;2287;2.287;17;2.287;8;4.574;21;0.5560900609502789;869;0.448939970490021;7.538267740950867;7;2.25;0.05;2
1000;2271;2.271;19;2.271;8;4.542;19;0.5732511074017933;886;0.4628235294117647;9.100873109194515;8;2.25;0.05;2
1000;2214;2.214;21;2.214;8;4.428;21;0.5674664174094698;878;0.48248894933696024;11.549033525630765;9;2.25;0.05;2
1000;2615;2.615;29;2.615;8;5.23;30;0.6068536390832046;910;0.44930151338766006;7.20934611583489;0;2.25;0.15;2
1000;2799;2.799;31;2.799;9;5.598;32;0.5949746205988283;923;0.44018691588785047;6.80538538163301;1;2.25;0.15;2
1000;2441;2.441;21;2.441;10;4.882;22;0.6025150649502823;911;0.45569620253164556;8.790227862679146;2;2.25;0.15;2
1000;2760;2.76;33;2.76;13;5.52;33;0.6044737835570556;927;0.44617912900575185;6.421978555735115;3;2.25;0.15;2
1000;2633;2.633;29;2.633;9;5.266;29;0.6206493334685332;913;0.4691371620505479;7.768728841323577;4;2.25;0.15;2
1000;2593;2.593;24;2.593;7;5.186;24;0.5940729881189855;906;0.47386528247223564;8.079055361270548;5;2.25;0.15;2
1000;2643;2.643;27;2.643;8;5.286;28;0.5940290120906196;913;0.43488903394255873;6.245738947206938;6;2.25;0.15;2
1000;2545;2.545;24;2.545;9;5.09;26;0.5665056006011625;898;0.4338230920230801;6.684235849687034;7;2.25;0.15;2
1000;2503;2.503;21;2.503;9;5.006;21;0.5881817481030659;905;0.46568627450980393;8.656560019220565;8;2.25;0.15;2
1000;2430;2.43;24;2.43;8;4.86;24;0.5910970556167742;905;0.4805734469146063;9.747705406136962;9;2.25;0.15;2
1000;2928;2.928;46;2.928;9;5.856;46;0.6260935257773752;935;0.4243515225123623;6.2803596597201246;0;2.25;0.25;2
1000;3172;3.172;46;3.172;10;6.344;46;0.6184063594896413;948;0.4208310700706138;5.615076048804947;1;2.25;0.25;2
1000;2737;2.737;41;2.737;10;5.474;41;0.6183297263959706;927;0.4294512317244142;6.984476816023932;2;2.25;0.25;2
1000;3115;3.115;58;3.115;13;6.23;58;0.6308832846673013;945;0.4160721779269828;5.513690811973346;3;2.25;0.25;2
1000;2961;2.961;39;2.961;10;5.922;40;0.6393158697376758;929;0.4502672930503807;6.814726160248272;4;2.25;0.25;2
1000;2936;2.936;40;2.936;10;5.872;40;0.6223333451470906;938;0.45599574581228397;7.280348827580056;5;2.25;0.25;2
1000;2999;2.999;36;2.999;9;5.998;37;0.612728420680523;949;0.41622602793781077;5.48430737215673;6;2.25;0.25;2
1000;2879;2.879;36;2.879;10;5.758;38;0.5968147568359777;920;0.42081686429512516;6.088242990575315;7;2.25;0.25;2
1000;2809;2.809;27;2.809;9;5.618;27;0.6115883773304761;921;0.46597335378127097;8.055143963630242;8;2.25;0.25;2
1000;2704;2.704;30;2.704;8;5.408;30;0.6108321855378326;927;0.46121615814353245;8.427457674919452;9;2.25;0.25;2
1000;3370;3.37;86;3.37;9;6.74;86;0.6505485185792869;964;0.3701551996016267;5.269131621305836;0;2.25;0.35;2
1000;3625;3.625;87;3.625;11;7.25;87;0.6511353977364235;967;0.39026819378245714;4.962055332777678;1;2.25;0.35;2
1000;3149;3.149;72;3.149;10;6.298;72;0.6383545929856924;949;0.385654954182873;6.245852788373011;2;2.25;0.35;2
1000;3581;3.581;115;3.581;13;7.162;115;0.6587019671867752;959;0.3668555240793201;4.645568295511154;3;2.25;0.35;2
1000;3339;3.339;54;3.339;11;6.678;55;0.6540922454985825;948;0.4233182804527594;5.76973175406446;4;2.25;0.35;2
1000;3322;3.322;65;3.322;10;6.644;65;0.6399598854864472;959;0.4343847033829057;6.299854526695899;5;2.25;0.35;2
1000;3440;3.44;48;3.44;9;6.88;49;0.6388304969082428;965;0.3938352367224748;4.858933316724796;6;2.25;0.35;2
1000;3341;3.341;53;3.341;10;6.682;53;0.6388087178902255;946;0.39815114670121;5.170336238742145;7;2.25;0.35;2
1000;3181;3.181;36;3.181;9;6.362;36;0.6318183596014808;951;0.4447086379444957;7.070167893474485;8;2.25;0.35;2
1000;3019;3.019;37;3.019;9;6.038;37;0.6256916539404312;949;0.4501660448526096;6.956677034591676;9;2.25;0.35;2
1000;3958;3.958;163;3.958;10;7.916;163;0.682385547204646;981;0.28073813288778826;4.293806381304111;0;2.25;0.45;2
1000;4243;4.243;128;4.243;13;8.486;128;0.6821863724385262;984;0.35355638854181126;4.329036550459896;1;2.25;0.45;2
1000;3643;3.643;128;3.643;10;7.286;128;0.6611661623050675;961;0.32763229294370644;5.122153819862635;2;2.25;0.45;2
1000;4253;4.253;228;4.253;14;8.506;228;0.6785213322971861;974;0.27964319385017045;3.755626076080954;3;2.25;0.45;2
1000;3876;3.876;80;3.876;12;7.752;81;0.6718682362013643;970;0.38368427198069516;4.770449834686511;4;2.25;0.45;2
1000;3803;3.803;110;3.803;11;7.606;110;0.6594000899758035;973;0.3944636678200692;5.0959577978553074;5;2.25;0.45;2
1000;4069;4.069;78;4.069;10;8.138;78;0.6688507722377542;979;0.3555706592774612;4.228820386354295;6;2.25;0.45;2
1000;3887;3.887;75;3.887;12;7.774;75;0.6601476013727002;964;0.36418095035652864;4.5274391494458435;7;2.25;0.45;2
1000;3644;3.644;53;3.644;11;7.288;53;0.6559339941738721;965;0.4191678120704736;5.865282216216771;8;2.25;0.45;2
1000;3408;3.408;53;3.408;10;6.816;53;0.6460714452528894;958;0.4240621730683007;6.089732800989151;9;2.25;0.45;2
1000;4815;4.815;312;4.815;10;9.63;312;0.7191358359878447;992;0.18474813492725894;3.3862900977129433;0;2.25;0.55;2
1000;4999;4.999;210;4.999;14;9.998;210;0.7079790179513483;990;0.30176108833395454;3.6952225509744645;1;2.25;0.55;2
1000;4316;4.316;204;4.316;11;8.632;204;0.6982600454336635;980;0.2662711959259052;4.25197415649677;2;2.25;0.55;2
1000;5176;5.176;437;5.176;14;10.352;437;0.7151969065249639;985;0.19043232288200804;3.032791144517891;3;2.25;0.55;2
1000;4586;4.586;131;4.586;13;9.172;131;0.6915419404746908;989;0.32281225563375276;3.964972972972973;4;2.25;0.55;2
1000;4410;4.41;188;4.41;13;8.82;188;0.6860602593237335;985;0.3357486578954688;4.344237250509576;5;2.25;0.55;2
1000;4876;4.876;122;4.876;11;9.752;122;0.7040174093884135;987;0.3191888966702744;3.7266564338705552;6;2.25;0.55;2
1000;4635;4.635;131;4.635;14;9.27;131;0.6834681025386667;984;0.3160479974352515;3.9325065065065066;7;2.25;0.55;2
1000;4216;4.216;75;4.216;11;8.432;75;0.6809480401053606;973;0.392677956814329;5.265675842952535;8;2.25;0.55;2
1000;3930;3.93;73;3.93;12;7.86;73;0.6729558708270724;973;0.3953163229639986;5.428254872242998;9;2.25;0.55;2
1000;6035;6.035;569;6.035;13;12.07;569;0.7535712013272543;999;0.11625458193847041;2.6979725216198163;0;2.25;0.65;2
1000;6085;6.085;367;6.085;14;12.17;367;0.7319841986188705;999;0.2335829437212641;3.073239239239239;1;2.25;0.65;2
1000;5316;5.316;352;5.316;12;10.632;352;0.7234745329779269;992;0.19343393653941499;3.4413351226978484;2;2.25;0.65;2
1000;6500;6.5;802;6.5;16;13.0;802;0.7523688061525484;997;0.11829885351950298;2.3282182182182183;3;2.25;0.65;2
1000;5547;5.547;220;5.547;16;11.094;220;0.7156402366728049;996;0.2567860533134926;3.3157677677677677;4;2.25;0.65;2
1000;5211;5.211;313;5.211;14;10.422;313;0.7149914643139628;994;0.26640711039414294;3.686965522636865;5;2.25;0.65;2
1000;5971;5.971;188;5.971;16;11.942;188;0.7352014133472008;993;0.268387824388429;3.2390780519700675;6;2.25;0.65;2
1000;5587;5.587;210;5.587;15;11.174;210;0.723386864108702;997;0.2596363774435043;3.3786106106106106;7;2.25;0.65;2
1000;4939;4.939;114;4.939;12;9.878;114;0.7086749025529662;989;0.3467045566759197;4.483123414464139;8;2.25;0.65;2
1000;4571;4.571;107;4.571;12;9.142;107;0.7021231107439911;991;0.3539109506618532;4.707019019019019;9;2.25;0.65;2
1000;7744;7.744;949;7.744;15;15.488;949;0.7953220343435216;999;0.07630547902380876;2.0527407407407408;0;2.25;0.75;2
1000;7653;7.653;623;7.653;17;15.306;623;0.7623357199352258;1000;0.17414860681114552;2.534038038038038;1;2.25;0.75;2
1000;6680;6.68;593;6.68;15;13.36;593;0.753167728643439;1000;0.13318544553599723;2.569205205205205;2;2.25;0.75;2
1000;7996;7.996;999;7.996;17;15.992;999;0.778609356120808;1000;0.11192068140733666;1.983991991991992;3;2.25;0.75;2
1000;6997;6.997;383;6.997;16;13.994;383;0.7524786209641677;1000;0.1831845817017035;2.692992992992993;4;2.25;0.75;2
1000;6225;6.225;527;6.225;16;12.45;527;0.731863257934348;1000;0.19157757012239968;2.917955955955956;5;2.25;0.75;2
1000;7385;7.385;307;7.385;16;14.77;307;0.763140148010975;996;0.2192202483308957;2.7830645226390267;6;2.25;0.75;2
1000;6923;6.923;315;6.923;16;13.846;315;0.7510121524410436;999;0.21347621540338957;2.8703943943943946;7;2.25;0.75;2
1000;5838;5.838;150;5.838;14;11.676;150;0.7232352285878566;995;0.30222477865198544;3.948018018018018;8;2.25;0.75;2
1000;5387;5.387;156;5.387;14;10.774;156;0.7178910568779094;997;0.30582330652130557;3.893289289289289;9;2.25;0.75;2
1000;9134;9.134;999;9.134;16;18.268;999;0.7996106562058025;1000;0.08552257914704138;1.9817137137137137;0;2.25;0.85;2
1000;9689;9.689;946;9.689;22;19.378;946;0.7774511207010334;1000;0.13804088074781315;2.049013013013013;1;2.25;0.85;2
1000;8568;8.568;943;8.568;17;17.136;943;0.790261985226611;1000;0.09280452172966297;2.0195975975975977;2;2.25;0.85;2
1000;9834;9.834;999;9.834;20;19.668;999;0.7829818911756187;1000;0.1258575322329933;1.9803123123123123;3;2.25;0.85;2
1000;8965;8.965;624;8.965;21;17.93;624;0.7792927052434443;1000;0.129362692863503;2.2234094094094092;4;2.25;0.85;2
1000;7629;7.629;877;7.629;17;15.258;877;0.746383371044884;1000;0.12945342237703358;2.194;5;2.25;0.85;2
1000;9425;9.425;465;9.425;18;18.85;465;0.7832434811374301;1000;0.1768337238513938;2.4481261261261262;6;2.25;0.85;2
1000;8699;8.699;485;8.699;19;17.398;485;0.7687097869819381;1000;0.1658044044925957;2.421981981981982;7;2.25;0.85;2
1000;7095;7.095;234;7.095;16;14.19;234;0.7337289837231812;999;0.2505977425515068;3.31188988988989;8;2.25;0.85;2
1000;6466;6.466;227;6.466;16;12.932;227;0.7287254752902149;1000;0.25614865389091473;3.342008008008008;9;2.25;0.85;2
1000;10842;10.842;999;10.842;20;21.684;999;0.7868112432897699;1000;0.10045875317986495;1.9782942942942943;0;2.25;0.95;2
1000;12073;12.073;999;12.073;26;24.146;999;0.7648050009739333;1000;0.13816987833637165;1.9758298298298298;1;2.25;0.95;2
1000;10472;10.472;999;10.472;19;20.944;999;0.7973518765661013;1000;0.09014109381442081;1.979035035035035;2;2.25;0.95;2
1000;12379;12.379;999;12.379;26;24.758;999;0.7759602198594784;1000;0.12452439647770108;1.9752172172172173;3;2.25;0.95;2
1000;11769;11.769;940;11.769;26;23.538;940;0.7952518070049355;1000;0.09814372210748548;1.9813833833833834;4;2.25;0.95;2
1000;9238;9.238;999;9.238;21;18.476;999;0.7392232501503849;1000;0.12934203726170798;1.9815055055055055;5;2.25;0.95;2
1000;12381;12.381;780;12.381;23;24.762;780;0.7822158025924982;1000;0.13461439452855087;2.047731731731732;6;2.25;0.95;2
1000;11473;11.473;818;11.473;23;22.946;818;0.772698930951216;1000;0.11789413493496692;2.0131891891891893;7;2.25;0.95;2
1000;8796;8.796;384;8.796;18;17.592;384;0.7333584415979393;1000;0.1958060383966792;2.7114974974974975;8;2.25;0.95;2
1000;7974;7.974;346;7.974;19;15.948;346;0.7242808141456153;1000;0.1972524984759992;2.7977457457457455;9;2.25;0.95;2
1000;2546;2.546;18;2.546;8;5.092;18;0.5908883474079012;907;0.46001156292156486;7.574453015872322;0;2.45;0.05;2
1000;2706;2.706;26;2.706;9;5.412;28;0.5768115124208137;920;0.4461891595805728;7.102874821372075;1;2.45;0.05;2
1000;2363;2.363;17;2.363;10;4.726;20;0.5803659476975013;904;0.4673689031371651;8.99895771292436;2;2.45;0.05;2
1000;2691;2.691;20;2.691;12;5.382;22;0.5791246984746276;922;0.45673358538793335;6.887934190166703;3;2.45;0.05;2
1000;2570;2.57;26;2.57;8;5.14;26;0.6061735098095891;906;0.47593135203013814;8.420043967769233;4;2.45;0.05;2
1000;2549;2.549;16;2.549;8;5.098;17;0.5823846769446304;911;0.47715801734178853;8.396481824148278;5;2.45;0.05;2
1000;2584;2.584;22;2.584;8;5.168;23;0.5800958430247508;918;0.4461047177200699;6.630692490480562;6;2.45;0.05;2
1000;2483;2.483;18;2.483;8;4.966;21;0.5471083521799206;892;0.44581555628487035;6.998989857624528;7;2.45;0.05;2
1000;2473;2.473;19;2.473;9;4.946;19;0.5759654959588837;906;0.4715825901770265;9.184197124613155;8;2.45;0.05;2
1000;2420;2.42;21;2.42;8;4.84;21;0.5748583584022954;908;0.48003447285262857;9.665161991243007;9;2.45;0.05;2
1000;2833;2.833;31;2.833;8;5.666;32;0.6091799834824255;929;0.44905171984668224;6.80603078065879;0;2.45;0.15;2
1000;3048;3.048;34;3.048;10;6.096;34;0.5998512294256189;941;0.43508594145847135;5.996641558921937;1;2.45;0.15;2
1000;2645;2.645;22;2.645;10;5.29;25;0.599467509577617;929;0.4497652037799293;7.694517033667642;2;2.45;0.15;2
1000;2993;2.993;37;2.993;13;5.986;37;0.6060020024943485;940;0.44076640847941295;5.897974131731226;3;2.45;0.15;2
1000;2867;2.867;32;2.867;9;5.734;32;0.6224055140557726;934;0.46931755641166756;7.336382514750957;4;2.45;0.15;2
1000;2826;2.826;27;2.826;9;5.652;27;0.5941138104870239;933;0.46497809557379527;7.556313942860513;5;2.45;0.15;2
1000;2890;2.89;29;2.89;8;5.78;30;0.599129969062897;935;0.43333482723076233;5.808839798409047;6;2.45;0.15;2
1000;2794;2.794;25;2.794;9;5.588;28;0.5797881794787282;921;0.44147057360330333;6.364251976355269;7;2.45;0.15;2
1000;2746;2.746;22;2.746;10;5.492;22;0.6003239790903288;921;0.47624326892619573;8.440657103733525;8;2.45;0.15;2
1000;2640;2.64;26;2.64;8;5.28;26;0.5899768984307999;926;0.47761458149000174;8.835102952278442;9;2.45;0.15;2
1000;3168;3.168;51;3.168;9;6.336;51;0.635070196382752;953;0.42397393182733495;5.859492430018516;0;2.45;0.25;2
1000;3432;3.432;52;3.432;10;6.864;52;0.6246204864076952;961;0.4213596786960218;5.309394816666904;1;2.45;0.25;2
1000;2978;2.978;45;2.978;10;5.956;45;0.6155742901779682;950;0.4250950570342205;6.479003715137878;2;2.45;0.25;2
1000;3377;3.377;65;3.377;13;6.754;65;0.6268925829202233;955;0.41502047159379574;5.280811366328842;3;2.45;0.25;2
1000;3183;3.183;41;3.183;11;6.366;43;0.635560667699221;946;0.4519526875699888;6.332506667119635;4;2.45;0.25;2
1000;3188;3.188;46;3.188;10;6.376;46;0.614258093982106;954;0.45631692459041207;6.803550482580795;5;2.45;0.25;2
1000;3261;3.261;39;3.261;9;6.522;40;0.6230172729643187;960;0.41744715012041744;5.198235537672651;6;2.45;0.25;2
1000;3188;3.188;37;3.188;10;6.376;39;0.6084326232065719;942;0.4163697301111307;5.6215654515854006;7;2.45;0.25;2
1000;3066;3.066;30;3.066;10;6.132;30;0.608993760934579;942;0.4647870182555781;7.169473713088272;8;2.45;0.25;2
1000;2944;2.944;32;2.944;10;5.888;32;0.6143897557550688;947;0.46516671184602876;7.159463240398752;9;2.45;0.25;2
1000;3643;3.643;93;3.643;10;7.286;93;0.6547269327513372;970;0.3720919235861547;5.009600382556401;0;2.45;0.35;2
1000;3931;3.931;94;3.931;11;7.862;94;0.6581110071891043;973;0.38995461422087746;4.748090157842689;1;2.45;0.35;2
1000;3422;3.422;83;3.422;10;6.844;83;0.6319180333330233;962;0.38306708380630694;5.4856002408775755;2;2.45;0.35;2
1000;3909;3.909;122;3.909;13;7.818;122;0.65114864336033;970;0.36289539334615606;4.369325371554284;3;2.45;0.35;2
1000;3638;3.638;58;3.638;11;7.276;60;0.653198822423606;962;0.4265739494541648;5.501354532409564;4;2.45;0.35;2
1000;3581;3.581;69;3.581;10;7.162;69;0.6414462386661541;964;0.43635288818826706;5.74593200564914;5;2.45;0.35;2
1000;3762;3.762;53;3.762;9;7.524;53;0.6470876535893466;972;0.394284516489659;4.63567388662255;6;2.45;0.35;2
1000;3666;3.666;55;3.666;11;7.332;55;0.6369969515273168;956;0.40043167937995144;4.910560835229554;7;2.45;0.35;2
1000;3481;3.481;41;3.481;11;6.962;41;0.6297860803901677;959;0.4493215093441257;6.584911476690061;8;2.45;0.35;2
1000;3301;3.301;40;3.301;10;6.602;40;0.632360602186237;959;0.4527757750540735;6.427208085376825;9;2.45;0.35;2
1000;4317;4.317;180;4.317;10;8.634;180;0.6871554607195021;988;0.2795573240487441;4.0241666884420795;0;2.45;0.45;2
1000;4573;4.573;138;4.573;13;9.146;138;0.6826117459530222;987;0.3535526525410228;4.067509004952724;1;2.45;0.45;2
1000;3959;3.959;137;3.959;11;7.918;137;0.6610028184639357;977;0.3301000769822941;4.784471654044872;2;2.45;0.45;2
1000;4644;4.644;253;4.644;14;9.288;253;0.6819311672313253;979;0.27827877083751756;3.608357091187609;3;2.45;0.45;2
1000;4223;4.223;86;4.223;12;8.446;86;0.6745628784292336;980;0.38425293863008225;4.50348842117535;4;2.45;0.45;2
1000;4128;4.128;121;4.128;12;8.256;121;0.6629658401765002;980;0.3932148505158521;4.805613628032693;5;2.45;0.45;2
1000;4428;4.428;83;4.428;10;8.856;83;0.6775546584591566;981;0.3577436473562063;4.092217958994349;6;2.45;0.45;2
1000;4218;4.218;81;4.218;12;8.436;81;0.6585165449098972;969;0.36569892296847595;4.379417190732945;7;2.45;0.45;2
1000;3978;3.978;60;3.978;12;7.956;60;0.6606199895760055;970;0.4214959782126797;5.582462026900091;8;2.45;0.45;2
1000;3722;3.722;55;3.722;11;7.444;55;0.6515869025532183;968;0.4317593297791318;5.849606382848342;9;2.45;0.45;2
1000;5207;5.207;333;5.207;11;10.414;333;0.7221339301335318;998;0.1862364645742868;3.249788867023336;0;2.45;0.55;2
1000;5430;5.43;227;5.43;14;10.86;227;0.7048000489953269;997;0.3016880475470683;3.5553793793793793;1;2.45;0.55;2
1000;4698;4.698;216;4.698;11;9.396;216;0.6893426370524899;986;0.2715343690557803;4.088753233648842;2;2.45;0.55;2
1000;5661;5.661;470;5.661;15;11.322;470;0.7141213925760165;988;0.19372193588242345;2.9247200519393854;3;2.45;0.55;2
1000;4968;4.968;139;4.968;14;9.936;139;0.6928190040734713;992;0.323775290967039;3.7993533533533532;4;2.45;0.55;2
1000;4797;4.797;198;4.797;13;9.594;198;0.692636476947034;989;0.34041318202279136;4.089040669101493;5;2.45;0.55;2
1000;5292;5.292;132;5.292;12;10.584;132;0.7097602366114601;989;0.31755069155364574;3.560020019168151;6;2.45;0.55;2
1000;4996;4.996;146;4.996;14;9.992;146;0.6900925267422389;990;0.3170842285781869;3.80005005005005;7;2.45;0.55;2
1000;4596;4.596;86;4.596;13;9.192;86;0.6846090530337708;984;0.3892319374203069;4.883528143406202;8;2.45;0.55;2
1000;4281;4.281;82;4.281;12;8.562;82;0.678486842979242;981;0.39407984286428094;5.081934393674208;9;2.45;0.55;2
1000;6589;6.589;627;6.589;13;13.178;627;0.752736114243161;999;0.11643206982002653;2.5893333333333333;0;2.45;0.65;2
1000;6614;6.614;390;6.614;15;13.228;390;0.727639385379922;1000;0.23609739017344655;2.98027027027027;1;2.45;0.65;2
1000;5794;5.794;389;5.794;13;11.588;389;0.7157038030889071;997;0.19285173682699586;3.252802802802803;2;2.45;0.65;2
1000;7053;7.053;853;7.053;17;14.106;853;0.7528535206505429;999;0.12189324864255711;2.234636636636637;3;2.45;0.65;2
1000;6033;6.033;240;6.033;16;12.066;240;0.7190224706397883;999;0.2553450214017035;3.1926226226226224;4;2.45;0.65;2
1000;5650;5.65;342;5.65;16;11.3;342;0.7174891832388653;996;0.2652273218107211;3.380990990990991;5;2.45;0.65;2
1000;6465;6.465;202;6.465;16;12.93;202;0.7373767016375026;994;0.268539654088206;3.10091096957515;6;2.45;0.65;2
1000;6104;6.104;232;6.104;15;12.208;232;0.7245316178238913;998;0.259233549180241;3.236122122122122;7;2.45;0.65;2
1000;5372;5.372;121;5.372;13;10.744;121;0.7055617854633071;992;0.3492818495294876;4.24908092324243;8;2.45;0.65;2
1000;4986;4.986;113;4.986;12;9.972;113;0.7062324025298198;996;0.35745591682805017;4.3745965965965965;9;2.45;0.65;2
1000;8321;8.321;971;8.321;15;16.642;971;0.7949986479975653;1000;0.0821292032145544;2.013985985985986;0;2.45;0.75;2
1000;8355;8.355;667;8.355;18;16.71;667;0.7568599782745016;1000;0.17767465035167612;2.4492072072072073;1;2.45;0.75;2
1000;7255;7.255;635;7.255;16;14.51;635;0.7511529408298011;1000;0.13470049741015494;2.473121121121121;2;2.45;0.75;2
1000;8633;8.633;999;8.633;18;17.266;999;0.7742726930115896;1000;0.12263403861382825;1.9827167167167168;3;2.45;0.75;2
1000;7617;7.617;422;7.617;18;15.234;422;0.7524706284880426;1000;0.182646758146031;2.606128128128128;4;2.45;0.75;2
1000;6788;6.788;576;6.788;17;13.576;576;0.7325244815465723;1000;0.19198938595264653;2.768004004004004;5;2.45;0.75;2
1000;8029;8.029;330;8.029;16;16.058;330;0.7645244686412139;999;0.22041124737420187;2.737151151151151;6;2.45;0.75;2
1000;7490;7.49;332;7.49;18;14.98;332;0.7499071665855869;999;0.21431096167938274;2.764804804804805;7;2.45;0.75;2
1000;6367;6.367;159;6.367;14;12.734;159;0.7200227029355568;995;0.30344536747120193;3.7142362362362364;8;2.45;0.75;2
1000;5869;5.869;167;5.869;15;11.738;167;0.7162281710606065;999;0.3063230269540642;3.6452932932932933;9;2.45;0.75;2
1000;9792;9.792;999;9.792;18;19.584;999;0.7936839322731706;1000;0.09465618406351206;1.9803963963963964;0;2.45;0.85;2
1000;10504;10.504;973;10.504;22;21.008;973;0.7738014913037723;1000;0.14577813058779768;2.011113113113113;1;2.45;0.85;2
1000;9194;9.194;963;9.194;18;18.388;963;0.7884653467665197;1000;0.09656949180276175;2.0012092092092093;2;2.45;0.85;2
1000;10645;10.645;999;10.645;24;21.29;999;0.7803576721010299;1000;0.1345840393770677;1.9786886886886887;3;2.45;0.85;2
1000;9758;9.758;678;9.758;22;19.516;678;0.7815766239415095;1000;0.12930055205876378;2.14960960960961;4;2.45;0.85;2
1000;8284;8.284;909;8.284;18;16.568;909;0.7468864280381073;1000;0.13688450717470865;2.136122122122122;5;2.45;0.85;2
1000;10267;10.267;508;10.267;19;20.534;508;0.7831369321357758;1000;0.17652200675578517;2.36596996996997;6;2.45;0.85;2
1000;9492;9.492;527;9.492;20;18.984;527;0.7693347878713925;1000;0.16425532619311692;2.326756756756757;7;2.45;0.85;2
1000;7750;7.75;265;7.75;17;15.5;265;0.7327418309191144;1000;0.2479614207119012;3.0862502502502505;8;2.45;0.85;2
1000;7051;7.051;245;7.051;18;14.102;245;0.7263516031935142;1000;0.25671689486492466;3.194888888888889;9;2.45;0.85;2
1000;11683;11.683;999;11.683;21;23.366;999;0.780415205691075;1000;0.10911165593049946;1.9766106106106107;0;2.45;0.95;2
1000;13062;13.062;999;13.062;29;26.124;999;0.7615237341462923;1000;0.14558267927899773;1.9738498498498498;1;2.45;0.95;2
1000;11227;11.227;999;11.227;21;22.454;999;0.791978687546684;1000;0.09650162026551448;1.9775235235235236;2;2.45;0.95;2
1000;13308;13.308;999;13.308;26;26.616;999;0.7741413437283305;1000;0.13067407440055914;1.9733573573573573;3;2.45;0.95;2
1000;12679;12.679;958;12.679;28;25.358;958;0.7968248495019189;1000;0.1033245293205384;1.9765385385385386;4;2.45;0.95;2
1000;10004;10.004;999;10.004;22;20.008;999;0.7389605143184833;1000;0.14166125892277742;1.979971971971972;5;2.45;0.95;2
1000;13433;13.433;839;13.433;25;26.866;839;0.7834406493863483;1000;0.13572080199602346;2.0020760760760763;6;2.45;0.95;2
1000;12490;12.49;866;12.49;23;24.98;866;0.7795666629225041;1000;0.12030568935777321;1.9903963963963964;7;2.45;0.95;2
1000;9568;9.568;419;9.568;21;19.136;419;0.7320196674053067;1000;0.19575743957516076;2.6063843843843846;8;2.45;0.95;2
1000;8743;8.743;378;8.743;19;17.486;378;0.7235737833231992;1000;0.19959965320277437;2.632722722722723;9;2.45;0.95;2
1000;2712;2.712;19;2.712;8;5.424;19;0.5937774273654153;926;0.45915060549206893;7.247699611900017;0;2.65;0.05;2
1000;2927;2.927;28;2.927;10;5.854;29;0.5770219415724257;946;0.44923617682844397;6.705449088260411;1;2.65;0.05;2
1000;2564;2.564;19;2.564;10;5.128;21;0.5773812917527787;927;0.45617760617760617;8.144376266520664;2;2.65;0.05;2
1000;2888;2.888;24;2.888;13;5.776;24;0.5766408472404346;932;0.4551562284294326;6.5299257539327575;3;2.65;0.05;2
1000;2765;2.765;27;2.765;10;5.53;27;0.6064576643659991;932;0.4776018686737607;7.540193806111344;4;2.65;0.05;2
1000;2746;2.746;17;2.746;8;5.492;18;0.5821861362449597;925;0.4740495867768595;7.408030997129659;5;2.65;0.05;2
1000;2786;2.786;22;2.786;8;5.572;23;0.5839341310007173;929;0.44586508464174296;6.220462354967605;6;2.65;0.05;2
1000;2690;2.69;20;2.69;9;5.38;23;0.5560877215831637;916;0.4481454299102354;6.763305181776896;7;2.65;0.05;2
1000;2689;2.689;20;2.689;9;5.378;20;0.5833681795848978;925;0.4754729806276198;8.371899715210242;8;2.65;0.05;2
1000;2610;2.61;22;2.61;9;5.22;22;0.5761811782221699;928;0.4806423503049919;8.899793395037642;9;2.65;0.05;2
1000;3041;3.041;33;3.041;9;6.082;34;0.6144512351170499;945;0.450847603847647;6.382638645238842;0;2.65;0.15;2
1000;3304;3.304;37;3.304;10;6.608;37;0.6025370451303218;957;0.4367436743674367;5.700825989257806;1;2.65;0.15;2
1000;2863;2.863;25;2.863;10;5.726;25;0.5973623949116148;946;0.44955445544554457;7.057694385879412;2;2.65;0.15;2
1000;3227;3.227;40;3.227;13;6.454;40;0.6043245438025738;950;0.44243648346975656;5.78691449720371;3;2.65;0.15;2
1000;3072;3.072;33;3.072;10;6.144;33;0.619739966254831;948;0.4684341408631478;6.608502854726158;4;2.65;0.15;2
1000;3057;3.057;27;3.057;10;6.114;27;0.5943459074187276;944;0.4649270120139517;6.856520843691556;5;2.65;0.15;2
1000;3133;3.133;30;3.133;8;6.266;32;0.602276795462918;952;0.43336536613492216;5.5672185815657835;6;2.65;0.15;2
1000;3021;3.021;28;3.021;9;6.042;30;0.5817017552609374;937;0.4361814568976451;6.086500732433676;7;2.65;0.15;2
1000;2980;2.98;25;2.98;10;5.96;25;0.6000842272502207;935;0.47576797895581613;7.480883402130154;8;2.65;0.15;2
1000;2877;2.877;28;2.877;9;5.754;28;0.5928363824845921;942;0.4744268950834282;8.049507706733868;9;2.65;0.15;2
1000;3423;3.423;53;3.423;10;6.846;53;0.634589835807998;965;0.4262481089258699;5.565306375715358;0;2.65;0.25;2
1000;3693;3.693;57;3.693;10;7.386;57;0.625322570612551;968;0.4206583427922815;5.111466748467743;1;2.65;0.25;2
1000;3236;3.236;48;3.236;10;6.472;48;0.6144187795912737;962;0.425140792689406;6.113507759768161;2;2.65;0.25;2
1000;3663;3.663;70;3.663;13;7.326;70;0.6289148779873295;966;0.41268115025670854;4.930021277874118;3;2.65;0.25;2
1000;3444;3.444;44;3.444;11;6.888;46;0.6386020729293452;956;0.45195271584617686;5.844028143801899;4;2.65;0.25;2
1000;3417;3.417;49;3.417;10;6.834;49;0.6200493627570262;960;0.4534986713906112;6.205000051377429;5;2.65;0.25;2
1000;3554;3.554;40;3.554;9;7.108;41;0.6231207878979185;970;0.4151352264092534;4.9830707420990965;6;2.65;0.25;2
1000;3449;3.449;40;3.449;11;6.898;41;0.6118345798457684;953;0.41906593736851594;5.273261283539441;7;2.65;0.25;2
1000;3340;3.34;32;3.34;11;6.68;32;0.6130299153055677;953;0.4649825426165537;6.863032411828698;8;2.65;0.25;2
1000;3200;3.2;34;3.2;10;6.4;34;0.6141638187142865;964;0.46667432774074924;6.694771020654748;9;2.65;0.25;2
1000;3929;3.929;101;3.929;10;7.858;101;0.6576906795761742;980;0.3666142874410734;4.7630058851252555;0;2.65;0.35;2
1000;4266;4.266;98;4.266;12;8.532;98;0.6522078545300478;982;0.3904932983280365;4.529181674921206;1;2.65;0.35;2
1000;3694;3.694;91;3.694;10;7.388;91;0.6360194910724315;974;0.3819078947368421;5.136146691188438;2;2.65;0.35;2
1000;4240;4.24;135;4.24;13;8.48;135;0.6465930608081024;975;0.36002714625042415;4.188799941290508;3;2.65;0.35;2
1000;3931;3.931;61;3.931;11;7.862;63;0.6576388420917009;972;0.4239963915200722;5.143867660099275;4;2.65;0.35;2
1000;3883;3.883;76;3.883;11;7.766;76;0.645791186389069;970;0.4354127134724858;5.274189627807885;5;2.65;0.35;2
1000;4109;4.109;59;4.109;10;8.218;59;0.6500837511125248;980;0.39222245856941196;4.445783747788822;6;2.65;0.35;2
1000;3929;3.929;57;3.929;12;7.858;57;0.6366893598637875;961;0.39945236882322976;4.692804170734308;7;2.65;0.35;2
1000;3783;3.783;42;3.783;11;7.566;42;0.6311797765393666;966;0.4485388507135845;5.95825917903485;8;2.65;0.35;2
1000;3572;3.572;43;3.572;10;7.144;43;0.631491719909661;969;0.4528418269936848;6.146782612262477;9;2.65;0.35;2
1000;4682;4.682;197;4.682;10;9.364;197;0.6902639020306315;992;0.28213216083604153;3.7764377604056962;0;2.65;0.45;2
1000;4975;4.975;143;4.975;14;9.95;143;0.6791614525950358;996;0.35514471992239494;3.9326486486486485;1;2.65;0.45;2
1000;4280;4.28;145;4.28;11;8.56;145;0.6664603582591699;986;0.33027563074230715;4.521451905918559;2;2.65;0.45;2
1000;5005;5.005;263;5.005;14;10.01;263;0.6748511016286068;984;0.28455327879772974;3.531271168214061;3;2.65;0.45;2
1000;4576;4.576;95;4.576;14;9.152;95;0.672507944213088;987;0.37800473987134636;4.25568968968969;4;2.65;0.45;2
1000;4451;4.451;131;4.451;13;8.902;131;0.668045641634429;983;0.39446249879339745;4.561513858845613;5;2.65;0.45;2
1000;4787;4.787;92;4.787;13;9.574;92;0.6736646483612914;989;0.3570498641218479;3.9312777690501224;6;2.65;0.45;2
1000;4566;4.566;90;4.566;13;9.132;90;0.6610842311121042;979;0.36666197579510273;4.215686628512279;7;2.65;0.45;2
1000;4298;4.298;66;4.298;12;8.596;66;0.6594373883005984;978;0.4230266739248775;5.214115986019506;8;2.65;0.45;2
1000;4055;4.055;58;4.055;12;8.11;58;0.6526500519670375;980;0.43227961963505523;5.4908475609878415;9;2.65;0.45;2
1000;5677;5.677;352;5.677;12;11.354;352;0.7191059841835225;999;0.1912942183339673;3.1608542410145617;0;2.65;0.55;2
1000;5882;5.882;245;5.882;14;11.764;245;0.6975431325957178;999;0.301828087742777;3.42827027027027;1;2.65;0.55;2
1000;5087;5.087;228;5.087;12;10.174;228;0.6865206006478013;991;0.2751642509654446;3.7763775799847945;2;2.65;0.55;2
1000;6092;6.092;508;6.092;16;12.184;508;0.708616002541185;992;0.19242292221201018;2.829751751751752;3;2.65;0.55;2
1000;5368;5.368;151;5.368;14;10.736;151;0.6921146916206248;994;0.32509709797076153;3.6574154154154153;4;2.65;0.55;2
1000;5165;5.165;216;5.165;14;10.33;216;0.6989443397247038;994;0.33955190034166843;3.8622028842469724;5;2.65;0.55;2
1000;5740;5.74;142;5.74;13;11.48;142;0.7050659174984777;995;0.3165921382602653;3.4424084084084083;6;2.65;0.55;2
1000;5396;5.396;156;5.396;14;10.792;156;0.6911393444020646;995;0.3155119972963839;3.6157017017017017;7;2.65;0.55;2
1000;4962;4.962;91;4.962;13;9.924;91;0.6858425327591056;988;0.3929644884782367;4.672214488771638;8;2.65;0.55;2
1000;4639;4.639;87;4.639;12;9.278;87;0.6779841050199926;992;0.3954900260190807;4.745503018048108;9;2.65;0.55;2
1000;7132;7.132;673;7.132;15;14.264;673;0.7539180428505152;999;0.11827048808234117;2.489259259259259;0;2.65;0.65;2
1000;7195;7.195;430;7.195;17;14.39;430;0.7249936454378014;1000;0.23470032867965784;2.851875875875876;1;2.65;0.65;2
1000;6233;6.233;409;6.233;14;12.466;409;0.7193178747244239;999;0.19616571631807803;3.00813013013013;2;2.65;0.65;2
1000;7616;7.616;884;7.616;17;15.232;884;0.7527022285930843;999;0.1287362842076644;2.1804484484484483;3;2.65;0.65;2
1000;6512;6.512;258;6.512;16;13.024;258;0.7201891483915067;1000;0.2511193517373987;3.036092092092092;4;2.65;0.65;2
1000;6112;6.112;370;6.112;16;12.224;370;0.717577996839618;999;0.26580795599712154;3.2153273273273273;5;2.65;0.65;2
1000;6987;6.987;216;6.987;16;13.974;216;0.7386168953627334;997;0.2694749234554517;3.0378238238238238;6;2.65;0.65;2
1000;6610;6.61;252;6.61;15;13.22;252;0.7310211672853173;999;0.2615991384990072;3.1092352352352353;7;2.65;0.65;2
1000;5793;5.793;129;5.793;13;11.586;129;0.7043748189215502;995;0.3504274192898636;4.102383302211243;8;2.65;0.65;2
1000;5411;5.411;118;5.411;13;10.822;118;0.7055382448252111;997;0.35702856922543086;4.043295295295295;9;2.65;0.65;2
1000;8907;8.907;980;8.907;16;17.814;980;0.7902821234033504;1000;0.08917514279343408;1.9976376376376377;0;2.65;0.75;2
1000;9034;9.034;700;9.034;19;18.068;700;0.7583941926954112;1000;0.1837691696706788;2.3874874874874874;1;2.65;0.75;2
1000;7856;7.856;696;7.856;16;15.712;696;0.7515165656060182;1000;0.13347076370867994;2.3703843843843844;2;2.65;0.75;2
1000;9280;9.28;999;9.28;19;18.56;999;0.7734040382468945;1000;0.13267574761233755;1.9814214214214214;3;2.65;0.75;2
1000;8186;8.186;450;8.186;19;16.372;450;0.7545002335705511;1000;0.18299104191835153;2.5326026026026027;4;2.65;0.75;2
1000;7299;7.299;612;7.299;17;14.598;612;0.7304495780114681;1000;0.19348544748142593;2.669125125125125;5;2.65;0.75;2
1000;8698;8.698;355;8.698;16;17.396;355;0.7654719170136617;1000;0.2216134191310657;2.6556056056056057;6;2.65;0.75;2
1000;8091;8.091;362;8.091;18;16.182;362;0.7505739824580646;1000;0.212095606282252;2.658956956956957;7;2.65;0.75;2
1000;6874;6.874;168;6.874;15;13.748;168;0.7206619435332587;996;0.3036552333138202;3.4684784784784783;8;2.65;0.75;2
1000;6352;6.352;176;6.352;16;12.704;176;0.7133981144450804;1000;0.3115175277314403;3.519283283283283;9;2.65;0.75;2
1000;10442;10.442;999;10.442;19;20.884;999;0.7888986347228842;1000;0.1032036588412945;1.9790950950950952;0;2.65;0.85;2
1000;11273;11.273;986;11.273;22;22.546;986;0.7726035173789648;1000;0.15301116698941378;1.9923443443443443;1;2.65;0.85;2
1000;9828;9.828;978;9.828;18;19.656;978;0.7835735356674196;1000;0.10216296629049976;1.9912952952952954;2;2.65;0.85;2
1000;11441;11.441;999;11.441;24;22.882;999;0.7759947891837917;1000;0.1421671076236502;1.9770950950950952;3;2.65;0.85;2
1000;10566;10.566;736;10.566;24;21.132;736;0.781431522142906;1000;0.12979747264641828;2.0886446446446447;4;2.65;0.85;2
1000;8982;8.982;935;8.982;19;17.964;935;0.7448214644017512;1000;0.1457385613866809;2.089357357357357;5;2.65;0.85;2
1000;11065;11.065;552;11.065;20;22.13;552;0.78244516612886;1000;0.17683330021726312;2.300342342342342;6;2.65;0.85;2
1000;10317;10.317;575;10.317;21;20.634;575;0.7697151634249776;1000;0.16389149063661695;2.2468768768768768;7;2.65;0.85;2
1000;8376;8.376;285;8.376;19;16.752;285;0.7328112738848449;1000;0.24675367477424032;2.9661901901901904;8;2.65;0.85;2
1000;7650;7.65;267;7.65;19;15.3;267;0.7253299372188816;1000;0.25555378640507853;3.0253113113113113;9;2.65;0.85;2
1000;12472;12.472;999;12.472;23;24.944;999;0.7770914005244915;1000;0.11693854659270216;1.975031031031031;0;2.65;0.95;2
1000;13992;13.992;999;13.992;29;27.984;999;0.7612316298185002;1000;0.15074966170500675;1.971987987987988;1;2.65;0.95;2
1000;11955;11.955;999;11.955;22;23.91;999;0.7892776241855846;1000;0.10253278593372672;1.976066066066066;2;2.65;0.95;2
1000;14267;14.267;999;14.267;26;28.534;999;0.7707539358303167;1000;0.13677853911429427;1.9714374374374375;3;2.65;0.95;2
1000;13575;13.575;978;13.575;28;27.15;978;0.7983512384567645;1000;0.10840469118638356;1.9734634634634636;4;2.65;0.95;2
1000;10676;10.676;999;10.676;23;21.352;999;0.7364284656966162;1000;0.15164471924776157;1.9786266266266266;5;2.65;0.95;2
1000;14431;14.431;873;14.431;25;28.862;873;0.7857759987140778;1000;0.13779798689245334;1.9836196196196196;6;2.65;0.95;2
1000;13474;13.474;898;13.474;24;26.948;898;0.7846641678978195;1000;0.12452904496225796;1.9788328328328328;7;2.65;0.95;2
1000;10318;10.318;451;10.318;21;20.636;451;0.7296126036389312;1000;0.19450174155320854;2.5024104104104103;8;2.65;0.95;2
1000;9498;9.498;405;9.498;20;18.996;405;0.7241011012560457;1000;0.20061554161148143;2.526304304304304;9;2.65;0.95;2
1000;2950;2.95;24;2.95;8;5.9;25;0.5920510151020445;943;0.4584033411742115;6.622789261817419;0;2.85;0.05;2
1000;3152;3.152;29;3.152;10;6.304;31;0.5827686859428288;953;0.44621975222878313;6.171398320479152;1;2.85;0.05;2
1000;2774;2.774;20;2.774;10;5.548;23;0.5813328587768561;941;0.4551859741110929;7.3605628697830605;2;2.85;0.05;2
1000;3115;3.115;27;3.115;13;6.23;27;0.5830024107937842;951;0.4538877404992845;6.186991391485641;3;2.85;0.05;2
1000;2959;2.959;28;2.959;10;5.918;28;0.6048384417201298;947;0.47642578656269835;7.0635693023908965;4;2.85;0.05;2
1000;2938;2.938;18;2.938;9;5.876;20;0.5821950379976711;934;0.4733265866705219;7.13271991611721;5;2.85;0.05;2
1000;3027;3.027;24;3.027;9;6.054;26;0.5857665493897902;946;0.4415444812314572;5.852220957951709;6;2.85;0.05;2
1000;2901;2.901;22;2.901;9;5.802;25;0.5579665620586963;935;0.4432262738468969;6.323941649100168;7;2.85;0.05;2
1000;2896;2.896;20;2.896;9;5.792;21;0.577634604535464;939;0.4779855691356207;7.8709006864658155;8;2.85;0.05;2
1000;2810;2.81;24;2.81;10;5.62;24;0.5775336977036848;942;0.4814834635556031;8.124653855572742;9;2.85;0.05;2
1000;3267;3.267;35;3.267;10;6.534;36;0.6177944627887754;959;0.44725643896976486;5.908330400356433;0;2.85;0.15;2
1000;3544;3.544;38;3.544;11;7.088;39;0.6038634567206432;966;0.4347939488784559;5.448012198266498;1;2.85;0.15;2
1000;3076;3.076;27;3.076;10;6.152;27;0.6012035507919481;955;0.44883909864454613;6.568325436924154;2;2.85;0.15;2
1000;3490;3.49;41;3.49;13;6.98;41;0.6018822898165394;962;0.4400451798034068;5.515821795304742;3;2.85;0.15;2
1000;3281;3.281;34;3.281;10;6.562;34;0.6182241533112492;954;0.46950810409972105;6.391121113099514;4;2.85;0.15;2
1000;3282;3.282;28;3.282;10;6.564;28;0.5979338606696334;953;0.46354321354321354;6.343751294907388;5;2.85;0.15;2
1000;3384;3.384;33;3.384;9;6.768;35;0.6039627442978731;961;0.4314325177584846;5.286249010445931;6;2.85;0.15;2
1000;3266;3.266;30;3.266;11;6.532;33;0.5838452635480469;948;0.4360307658975192;5.670532353543245;7;2.85;0.15;2
1000;3211;3.211;27;3.211;11;6.422;27;0.5986798371537946;954;0.4761464710638789;7.053631555640964;8;2.85;0.15;2
1000;3108;3.108;31;3.108;11;6.216;31;0.5962947702377739;958;0.4767255216693419;7.143138301074778;9;2.85;0.15;2
1000;3680;3.68;58;3.68;10;7.36;58;0.6368610148945786;976;0.422903199632164;5.2286200007294505;0;2.85;0.25;2
1000;3989;3.989;61;3.989;11;7.978;61;0.6300347876049961;980;0.4220265081672054;4.910277196494712;1;2.85;0.25;2
1000;3473;3.473;52;3.473;10;6.946;52;0.6156519736833708;969;0.42550644567219154;5.7719391608520425;2;2.85;0.25;2
1000;3956;3.956;73;3.956;13;7.912;73;0.6223071961482946;971;0.41246664207762906;4.747117224314987;3;2.85;0.25;2
1000;3702;3.702;47;3.702;11;7.404;49;0.6362726729312578;968;0.4504447768243722;5.576023199914682;4;2.85;0.25;2
1000;3674;3.674;55;3.674;10;7.348;55;0.623655610394861;964;0.45326407412607045;5.7967885871011315;5;2.85;0.25;2
1000;3819;3.819;41;3.819;10;7.638;44;0.6206508767135019;977;0.41597256246937775;4.82731930218917;6;2.85;0.25;2
1000;3694;3.694;43;3.694;12;7.388;43;0.609699581488862;962;0.42180380244068505;5.004787743376955;7;2.85;0.25;2
1000;3599;3.599;36;3.599;11;7.198;36;0.6166313843898615;964;0.4649806587738835;6.501418008294321;8;2.85;0.25;2
1000;3434;3.434;34;3.434;11;6.868;34;0.6141424745848216;972;0.47286717516212495;6.449477045254518;9;2.85;0.25;2
1000;4240;4.24;109;4.24;10;8.48;110;0.6569925590304897;990;0.36658289279833606;4.583968337879369;0;2.85;0.35;2
1000;4581;4.581;103;4.581;12;9.162;103;0.6507681759379194;992;0.3913964281959235;4.385677677677678;1;2.85;0.35;2
1000;3965;3.965;97;3.965;11;7.93;97;0.6407883427020702;979;0.3856439704675964;4.964268997671832;2;2.85;0.35;2
1000;4557;4.557;144;4.557;13;9.114;144;0.6410325008496334;981;0.3605513868982379;4.022603965501552;3;2.85;0.35;2
1000;4249;4.249;65;4.249;14;8.498;67;0.6515535556210797;979;0.4233933733600178;4.882797521745273;4;2.85;0.35;2
1000;4182;4.182;81;4.182;12;8.364;81;0.648273735227851;978;0.4343968744912909;5.0401203610832495;5;2.85;0.35;2
1000;4402;4.402;65;4.402;10;8.804;65;0.649396406257462;986;0.38999396216288745;4.268631312762905;6;2.85;0.35;2
1000;4219;4.219;61;4.219;12;8.438;62;0.6361012329580795;969;0.399204903097565;4.510408219541838;7;2.85;0.35;2
1000;4064;4.064;43;4.064;12;8.128;43;0.636678828750365;974;0.4513099139922131;5.620046710148879;8;2.85;0.35;2
1000;3860;3.86;49;3.86;11;7.72;49;0.6357953518671744;977;0.45397159389794844;5.818528859908981;9;2.85;0.35;2
1000;5047;5.047;211;5.047;11;10.094;211;0.6909709550359572;996;0.2801184178065294;3.600478233744767;0;2.85;0.45;2
1000;5354;5.354;152;5.354;14;10.708;152;0.6759036431788031;997;0.3568437120826647;3.806174174174174;1;2.85;0.45;2
1000;4630;4.63;153;4.63;12;9.26;153;0.6640071018011209;989;0.33530194537735253;4.283982207142469;2;2.85;0.45;2
1000;5379;5.379;280;5.379;15;10.758;280;0.6724043224426274;987;0.28497656556638984;3.4027231996590976;3;2.85;0.45;2
1000;4892;4.892;98;4.892;14;9.784;98;0.670338624120022;989;0.3813322399075558;4.10984984984985;4;2.85;0.45;2
1000;4798;4.798;143;4.798;14;9.596;143;0.6737024644226566;985;0.394668319900806;4.344180839110518;5;2.85;0.45;2
1000;5171;5.171;97;5.171;13;10.342;97;0.6799495188218101;993;0.35896993486606565;3.800934934934935;6;2.85;0.45;2
1000;4899;4.899;97;4.899;14;9.798;97;0.6660536037600341;986;0.3651048313582498;4.045897601007821;7;2.85;0.45;2
1000;4637;4.637;69;4.637;13;9.274;69;0.6563063249885904;983;0.4244329350098281;4.9429291609172346;8;2.85;0.45;2
1000;4360;4.36;60;4.36;12;8.72;60;0.6526861955050629;991;0.4334649391091587;5.188644644644644;9;2.85;0.45;2
1000;6111;6.111;383;6.111;13;12.222;383;0.71758444777128;999;0.19167367363261623;3.0500921763446813;0;2.85;0.55;2
1000;6371;6.371;265;6.371;14;12.742;265;0.7009861500561294;999;0.30162253793994187;3.257725725725726;1;2.85;0.55;2
1000;5493;5.493;243;5.493;13;10.986;243;0.6858888569582193;996;0.2749231319270647;3.6144761996465404;2;2.85;0.55;2
1000;6567;6.567;534;6.567;17;13.134;534;0.7055357206985693;996;0.19796112985920747;2.771067067067067;3;2.85;0.55;2
1000;5764;5.764;164;5.764;15;11.528;164;0.6899373456583148;996;0.3252697409112776;3.5234574574574573;4;2.85;0.55;2
1000;5568;5.568;232;5.568;15;11.136;232;0.6943052033305225;996;0.3420308079220371;3.7157538299822868;5;2.85;0.55;2
1000;6173;6.173;150;6.173;14;12.346;150;0.7085708406719147;997;0.31571646281895976;3.339587587587588;6;2.85;0.55;2
1000;5814;5.814;167;5.814;15;11.628;167;0.694212949104816;997;0.31665653807009964;3.5073593593593593;7;2.85;0.55;2
1000;5341;5.341;99;5.341;13;10.682;99;0.6848142810221877;993;0.39067179689415177;4.274051875581275;8;2.85;0.55;2
1000;5032;5.032;90;5.032;13;10.064;90;0.6793601563100805;995;0.40050444542531055;4.458334334334334;9;2.85;0.55;2
1000;7643;7.643;716;7.643;15;15.286;716;0.754007011066596;1000;0.1199747552421919;2.4105605605605605;0;2.85;0.65;2
1000;7788;7.788;457;7.788;18;15.576;457;0.727789679177969;1000;0.23666769582173036;2.7715055055055053;1;2.85;0.65;2
1000;6731;6.731;443;6.731;16;13.462;443;0.7193988854440277;999;0.19598406248767208;2.8802982982982983;2;2.85;0.65;2
1000;8164;8.164;905;8.164;18;16.328;905;0.7506945499874252;999;0.13675843921976513;2.1395315315315315;3;2.85;0.65;2
1000;7059;7.059;286;7.059;17;14.118;286;0.724548208208391;1000;0.24761809593721534;2.9085965965965968;4;2.85;0.65;2
1000;6571;6.571;390;6.571;17;13.142;390;0.7112695007658482;999;0.27033025306635505;3.1335075075075074;5;2.85;0.65;2
1000;7492;7.492;229;7.492;16;14.984;229;0.7379736432447697;997;0.2711714348159481;2.96167967967968;6;2.85;0.65;2
1000;7102;7.102;265;7.102;17;14.204;265;0.7288900167960221;999;0.26247522755052394;3.0072972972972973;7;2.85;0.65;2
1000;6224;6.224;135;6.224;14;12.448;135;0.7029667854597238;995;0.3492996027597742;3.796028493423283;8;2.85;0.65;2
1000;5846;5.846;130;5.846;14;11.692;130;0.6974115360111292;999;0.35704195682882706;3.814832832832833;9;2.85;0.65;2
1000;9471;9.471;989;9.471;16;18.942;989;0.7873144847219428;1000;0.09628528026660974;1.9842322322322323;0;2.85;0.75;2
1000;9711;9.711;752;9.711;21;19.422;752;0.7569353121390834;1000;0.18466234542632737;2.3066486486486486;1;2.85;0.75;2
1000;8416;8.416;749;8.416;17;16.832;749;0.7545442903777213;1000;0.13322818574013082;2.2813573573573573;2;2.85;0.75;2
1000;9936;9.936;999;9.936;20;19.872;999;0.7691414459068846;1000;0.1426390332286832;1.980108108108108;3;2.85;0.75;2
1000;8784;8.784;483;8.784;20;17.568;483;0.7526970255589095;1000;0.18223254167850841;2.4713713713713714;4;2.85;0.75;2
1000;7881;7.881;656;7.881;17;15.762;656;0.728733549330125;1000;0.1955680290582369;2.5627227227227225;5;2.85;0.75;2
1000;9323;9.323;372;9.323;17;18.646;372;0.764387969335906;1000;0.22292803720404333;2.601931931931932;6;2.85;0.75;2
1000;8678;8.678;382;8.678;19;17.356;382;0.7513541466865661;1000;0.21265184018055808;2.5852472472472474;7;2.85;0.75;2
1000;7398;7.398;183;7.398;16;14.796;183;0.7189109588236009;999;0.303381191026361;3.3522142142142144;8;2.85;0.75;2
1000;6835;6.835;192;6.835;17;13.67;192;0.7121279441679204;1000;0.3136226992247244;3.3242722722722724;9;2.85;0.75;2
1000;11077;11.077;999;11.077;20;22.154;999;0.7854909086942918;1000;0.1115413679802606;1.977823823823824;0;2.85;0.85;2
1000;12053;12.053;995;12.053;24;24.106;995;0.7734128888205244;1000;0.15973530502387878;1.9808508508508509;1;2.85;0.85;2
1000;10490;10.49;989;10.49;20;20.98;989;0.7823944703000493;1000;0.10771063667556233;1.9860820820820821;2;2.85;0.85;2
1000;12232;12.232;999;12.232;25;24.464;999;0.7742373379779919;1000;0.14924295902114104;1.9755115115115116;3;2.85;0.85;2
1000;11375;11.375;775;11.375;24;22.75;775;0.7822179850094485;1000;0.13158196697019597;2.050798798798799;4;2.85;0.85;2
1000;9593;9.593;956;9.593;20;19.186;956;0.7427165409903013;1000;0.1537741415253904;2.05371971971972;5;2.85;0.85;2
1000;11867;11.867;586;11.867;21;23.734;586;0.7830909382126086;1000;0.17772861565829243;2.2394314314314316;6;2.85;0.85;2
1000;11123;11.123;630;11.123;22;22.246;630;0.7724993249750383;1000;0.16520313768791975;2.1814094094094094;7;2.85;0.85;2
1000;9002;9.002;309;9.002;19;18.004;309;0.7320279893958984;1000;0.24649857949488405;2.843029029029029;8;2.85;0.85;2
1000;8317;8.317;287;8.317;19;16.634;287;0.7249956711106361;1000;0.25741112241956454;2.8821721721721723;9;2.85;0.85;2
1000;13240;13.24;999;13.24;24;26.48;999;0.7729872176325273;1000;0.12401181997775454;1.9734934934934936;0;2.85;0.95;2
1000;15029;15.029;999;15.029;30;30.058;999;0.763570930701178;1000;0.15564637175270188;1.969911911911912;1;2.85;0.95;2
1000;12675;12.675;999;12.675;22;25.35;999;0.7874928305829336;1000;0.10824561762778506;1.9746246246246246;2;2.85;0.95;2
1000;15257;15.257;999;15.257;27;30.514;999;0.7700656212472486;1000;0.14253087705383405;1.9694554554554555;3;2.85;0.95;2
1000;14420;14.42;993;14.42;29;28.84;993;0.7973284827759868;1000;0.11266712961877591;1.971131131131131;4;2.85;0.95;2
1000;11402;11.402;999;11.402;23;22.804;999;0.7344763305056053;1000;0.16054694865422736;1.9771731731731732;5;2.85;0.95;2
1000;15470;15.47;899;15.47;28;30.94;899;0.7830921827133199;1000;0.1401848373024663;1.975207207207207;6;2.85;0.95;2
1000;14471;14.471;929;14.471;25;28.942;929;0.7851718418069374;1000;0.1268617453242064;1.9726026026026027;7;2.85;0.95;2
1000;11155;11.155;491;11.155;23;22.31;491;0.7327285374605829;1000;0.19444933234122994;2.389777777777778;8;2.85;0.95;2
1000;10208;10.208;444;10.208;20;20.416;444;0.7254721310217749;1000;0.20020584872773617;2.4215255255255257;9;2.85;0.95;2
1000;3114;3.114;25;3.114;9;6.228;26;0.5929771873783836;955;0.4580409041980624;6.408411383285302;0;3.0;0.05;2
1000;3333;3.333;30;3.333;11;6.666;32;0.5828917664221558;961;0.4457403126186122;5.922966803532534;1;3.0;0.05;2
1000;2934;2.934;21;2.934;10;5.868;24;0.5851639851667658;950;0.45904059040590406;7.054807124166456;2;3.0;0.05;2
1000;3295;3.295;29;3.295;13;6.59;29;0.5804483992524563;959;0.4486945309981734;5.9319617532191735;3;3.0;0.05;2
1000;3116;3.116;29;3.116;10;6.232;29;0.6051400677128983;956;0.4772391125718981;6.924478305460786;4;3.0;0.05;2
1000;3097;3.097;21;3.097;9;6.194;21;0.5792421240580911;942;0.4727021423635107;6.848831475572867;5;3.0;0.05;2
1000;3191;3.191;28;3.191;9;6.382;30;0.5875918308725089;950;0.4426229508196721;5.710509488949431;6;3.0;0.05;2
1000;3073;3.073;24;3.073;10;6.146;27;0.566120642914991;945;0.4470967741935484;6.073190825769055;7;3.0;0.05;2
1000;3058;3.058;21;3.058;10;6.116;22;0.5810989462528786;947;0.4789771978384078;7.362626207544558;8;3.0;0.05;2
1000;2959;2.959;25;2.959;10;5.918;25;0.5766579432635783;953;0.48452357849796235;7.755198980237958;9;3.0;0.05;2
1000;3435;3.435;35;3.435;11;6.87;36;0.615662284233453;971;0.44797345342498224;5.7769429476700775;0;3.0;0.15;2
1000;3730;3.73;41;3.73;11;7.46;42;0.607670401576319;971;0.4357519892854329;5.301813700310032;1;3.0;0.15;2
1000;3242;3.242;29;3.242;10;6.484;29;0.6033217299316905;962;0.45219954822160113;6.374674522650347;2;3.0;0.15;2
1000;3664;3.664;41;3.664;13;7.328;41;0.5986102820078378;966;0.4380039765823484;5.360327235959187;3;3.0;0.15;2
1000;3450;3.45;34;3.45;11;6.9;36;0.6118345973380085;964;0.4692818463125322;6.048870171326225;4;3.0;0.15;2
1000;3455;3.455;29;3.455;10;6.91;29;0.5989774447517652;958;0.4672665841501355;6.228246007100319;5;3.0;0.15;2
1000;3563;3.563;33;3.563;10;7.126;35;0.6071553846781464;971;0.43091606457943094;5.176066338536154;6;3.0;0.15;2
1000;3451;3.451;31;3.451;12;6.902;34;0.585517993680083;955;0.4351711943417457;5.423196540052964;7;3.0;0.15;2
1000;3380;3.38;27;3.38;11;6.76;27;0.5973359168002221;956;0.47588009759498084;6.885557346165195;8;3.0;0.15;2
1000;3271;3.271;32;3.271;11;6.542;32;0.5941599128742643;966;0.47959457903021463;6.734015596536832;9;3.0;0.15;2
1000;3877;3.877;60;3.877;11;7.754;60;0.631817636957139;982;0.42305144623537205;5.113504285848975;0;3.0;0.25;2
1000;4225;4.225;65;4.225;11;8.45;65;0.6280766236367685;986;0.4218567763004432;4.749192077849393;1;3.0;0.25;2
1000;3659;3.659;55;3.659;10;7.318;55;0.6180072201762192;974;0.423984813469792;5.4510819146512155;2;3.0;0.25;2
1000;4150;4.15;76;4.15;13;8.3;76;0.6193633896124112;975;0.4118623962040332;4.665764053904495;3;3.0;0.25;2
1000;3882;3.882;51;3.882;11;7.764;53;0.6327943894683756;972;0.4491228911042945;5.469781569295258;4;3.0;0.25;2
1000;3887;3.887;58;3.887;12;7.774;58;0.6229386171301894;969;0.45490107575415634;5.557318296252328;5;3.0;0.25;2
1000;4040;4.04;48;4.04;10;8.08;49;0.6243788534370275;981;0.41283148361314426;4.665471101987838;6;3.0;0.25;2
1000;3880;3.88;45;3.88;12;7.76;46;0.6150384499645585;965;0.42277001994870334;4.874611848311039;7;3.0;0.25;2
1000;3810;3.81;39;3.81;11;7.62;39;0.6136999752983527;966;0.4638253366453131;5.9561498486408375;8;3.0;0.25;2
1000;3626;3.626;36;3.626;11;7.252;36;0.6101633316802257;981;0.4719121462619924;6.201210880942174;9;3.0;0.25;2
1000;4494;4.494;114;4.494;11;8.988;115;0.6534157966477315;995;0.36500294144967027;4.418316111702885;0;3.0;0.35;2
1000;4833;4.833;108;4.833;12;9.666;108;0.6475377806557538;994;0.39006719015623736;4.236062062062062;1;3.0;0.35;2
1000;4177;4.177;100;4.177;11;8.354;100;0.6410682981249034;982;0.39097772462251457;4.790058946644693;2;3.0;0.35;2
1000;4779;4.779;155;4.779;13;9.558;155;0.6394499241864969;984;0.35651093817333773;3.906686040644992;3;3.0;0.35;2
1000;4455;4.455;69;4.455;14;8.91;70;0.6509082961450577;980;0.42335778705074706;4.611815365776043;4;3.0;0.35;2
1000;4405;4.405;86;4.405;13;8.81;86;0.6460784179823635;979;0.4352197327549764;4.846746652784003;5;3.0;0.35;2
1000;4625;4.625;67;4.625;12;9.25;67;0.6526580516336468;989;0.3902047735080895;4.18632933758034;6;3.0;0.35;2
1000;4434;4.434;64;4.434;13;8.868;64;0.6377295807321053;978;0.4000268903043646;4.424038079318323;7;3.0;0.35;2
1000;4278;4.278;46;4.278;12;8.556;47;0.6418469096431065;977;0.4494920490326158;5.438385979445074;8;3.0;0.35;2
1000;4080;4.08;51;4.08;11;8.16;51;0.6344137150435937;988;0.4563135372563226;5.612255542115261;9;3.0;0.35;2
1000;5293;5.293;218;5.293;11;10.586;218;0.6897159570356564;998;0.28289897780642786;3.5452486554690963;0;3.0;0.45;2
1000;5628;5.628;158;5.628;14;11.256;158;0.6794838482741021;998;0.35863260960594423;3.722962962962963;1;3.0;0.45;2
1000;4875;4.875;155;4.875;12;9.75;155;0.664116798946449;990;0.34197956978000904;4.183488340773825;2;3.0;0.45;2
1000;5691;5.691;294;5.691;15;11.382;294;0.6723862763042661;989;0.2867000387189557;3.302619280687755;3;3.0;0.45;2
1000;5142;5.142;104;5.142;14;10.284;106;0.6721394564791086;989;0.3803192386865994;4.016646646646647;4;3.0;0.45;2
1000;5052;5.052;148;5.052;14;10.104;148;0.6693464312967626;989;0.39685981308411217;4.221321278464653;5;3.0;0.45;2
1000;5438;5.438;100;5.438;13;10.876;100;0.6784915112709259;994;0.3602554213573653;3.7226886886886885;6;3.0;0.45;2
1000;5162;5.162;102;5.162;14;10.324;102;0.6680067428027052;988;0.3644117840036743;3.933237237237237;7;3.0;0.45;2
1000;4870;4.87;70;4.87;13;9.74;70;0.6651044741380532;987;0.4265309892983528;4.780488200240311;8;3.0;0.45;2
1000;4608;4.608;64;4.608;13;9.216;64;0.656307887720931;994;0.43756795182738145;5.060940940940941;9;3.0;0.45;2
1000;6413;6.413;400;6.413;14;12.826;400;0.7183991596141557;999;0.1931208299110006;2.9987161510207603;0;3.0;0.55;2
1000;6703;6.703;279;6.703;15;13.406;279;0.7010088880902752;999;0.30192158993542456;3.1802102102102103;1;3.0;0.55;2
1000;5798;5.798;258;5.798;13;11.596;258;0.6876637908628418;997;0.27668403783053463;3.550006006006006;2;3.0;0.55;2
1000;6891;6.891;552;6.891;17;13.782;552;0.7052911083362019;996;0.20083763450976322;2.72590990990991;3;3.0;0.55;2
1000;6054;6.054;168;6.054;15;12.108;168;0.6915550560760387;997;0.32594405691383876;3.458974974974975;4;3.0;0.55;2
1000;5849;5.849;245;5.849;15;11.698;245;0.6883362668015852;997;0.3419637411986472;3.6387289092699913;5;3.0;0.55;2
1000;6496;6.496;157;6.496;15;12.992;157;0.7092752010221028;997;0.3149775732168509;3.2657557557557557;6;3.0;0.55;2
1000;6133;6.133;182;6.133;15;12.266;182;0.6953810601259443;997;0.3125404677423532;3.4081401401401403;7;3.0;0.55;2
1000;5615;5.615;102;5.615;13;11.23;102;0.6840867454446715;994;0.38997286844080126;4.2052771541076135;8;3.0;0.55;2
1000;5317;5.317;98;5.317;14;10.634;98;0.67877323629956;998;0.4007396600278221;4.240770770770771;9;3.0;0.55;2
1000;8053;8.053;747;8.053;16;16.106;747;0.7538549250111976;1000;0.12140770117525938;2.3594974974974976;0;3.0;0.65;2
1000;8217;8.217;473;8.217;19;16.434;473;0.7299229011135692;1000;0.24032905449931108;2.7300480480480482;1;3.0;0.65;2
1000;7085;7.085;465;7.085;16;14.17;465;0.7190793675955748;999;0.19470500181578224;2.797073073073073;2;3.0;0.65;2
1000;8582;8.582;923;8.582;19;17.164;923;0.7497094831585938;1000;0.1413250375605546;2.1074274274274276;3;3.0;0.65;2
1000;7432;7.432;302;7.432;17;14.864;302;0.7240179447991427;1000;0.24655319531144743;2.8516796796796795;4;3.0;0.65;2
1000;6902;6.902;411;6.902;17;13.804;411;0.7119755396282693;1000;0.2698003605528477;3.063941941941942;5;3.0;0.65;2
1000;7875;7.875;244;7.875;16;15.75;244;0.7385964442646442;998;0.26973995429378567;2.905961961961962;6;3.0;0.65;2
1000;7452;7.452;273;7.452;17;14.904;273;0.7278467951155014;999;0.2651773446643937;2.945009009009009;7;3.0;0.65;2
1000;6538;6.538;139;6.538;14;13.076;139;0.70313198689543;996;0.3495937529638646;3.6824138768026544;8;3.0;0.65;2
1000;6142;6.142;135;6.142;14;12.284;135;0.6944967118582124;1000;0.3585025237092868;3.673109109109109;9;3.0;0.65;2
1000;9865;9.865;996;9.865;17;19.73;996;0.7838922796861362;1000;0.1012144079830457;1.9818578578578578;0;3.0;0.75;2
1000;10237;10.237;790;10.237;21;20.474;790;0.7584979974804487;1000;0.1857620155224644;2.250044044044044;1;3.0;0.75;2
1000;8841;8.841;779;8.841;18;17.682;779;0.7554895093760889;1000;0.13420605793634735;2.237245245245245;2;3.0;0.75;2
1000;10422;10.422;999;10.422;21;20.844;999;0.7675186889562925;1000;0.14974733016355082;1.9791351351351352;3;3.0;0.75;2
1000;9239;9.239;507;9.239;21;18.478;507;0.7540193055439649;1000;0.1816040428272135;2.424920920920921;4;3.0;0.75;2
1000;8304;8.304;690;8.304;18;16.608;690;0.7279279470565705;1000;0.1955243156549266;2.500044044044044;5;3.0;0.75;2
1000;9807;9.807;396;9.807;18;19.614;396;0.7646754237517014;1000;0.22266044801548954;2.555957957957958;6;3.0;0.75;2
1000;9165;9.165;401;9.165;19;18.33;401;0.7515931908149406;1000;0.21425485795252733;2.5424864864864865;7;3.0;0.75;2
1000;7780;7.78;195;7.78;16;15.56;195;0.7182283772037271;999;0.3030357177539962;3.2565865865865864;8;3.0;0.75;2
1000;7210;7.21;196;7.21;17;14.42;196;0.7117374001814265;1000;0.3155492820730469;3.263007007007007;9;3.0;0.75;2
1000;11591;11.591;999;11.591;20;23.182;999;0.7834631498343602;1000;0.1181130333803846;1.9767947947947948;0;3.0;0.85;2
1000;12636;12.636;998;12.636;25;25.272;998;0.7723100673914568;1000;0.1644985086847184;1.9758998998999;1;3.0;0.85;2
1000;10987;10.987;994;10.987;21;21.974;994;0.7821675985223628;1000;0.11150593389529725;1.9782542542542543;2;3.0;0.85;2
1000;12804;12.804;999;12.804;25;25.608;999;0.7734068214909602;1000;0.15321568771844357;1.9743663663663664;3;3.0;0.85;2
1000;11970;11.97;809;11.97;25;23.94;809;0.7823293167272057;1000;0.13308197848208056;2.030304304304304;4;3.0;0.85;2
1000;10047;10.047;968;10.047;21;20.094;968;0.7420583335112448;1000;0.15947131757766153;2.0314414414414412;5;3.0;0.85;2
1000;12510;12.51;618;12.51;22;25.02;618;0.7825299897809346;1000;0.178606521340123;2.1945885885885885;6;3.0;0.85;2
1000;11728;11.728;661;11.728;23;23.456;661;0.7733388040448431;1000;0.16505781266574732;2.134922922922923;7;3.0;0.85;2
1000;9478;9.478;325;9.478;20;18.956;325;0.7314286363011961;1000;0.24671589434324312;2.7601001001001;8;3.0;0.85;2
1000;8768;8.768;305;8.768;19;17.536;305;0.7233406574838309;1000;0.2556467929373321;2.807141141141141;9;3.0;0.85;2
1000;13832;13.832;999;13.832;25;27.664;999;0.7708924026426691;1000;0.12873799266744673;1.9723083083083084;0;3.0;0.95;2
1000;15767;15.767;999;15.767;30;31.534;999;0.7609991278360265;1000;0.1591939435804492;1.9684344344344344;1;3.0;0.95;2
1000;13239;13.239;999;13.239;23;26.478;999;0.7870176401342185;1000;0.11244640579532486;1.9734954954954955;2;3.0;0.95;2
1000;15970;15.97;999;15.97;27;31.94;999;0.7708479949249197;1000;0.14696479060654177;1.968028028028028;3;3.0;0.95;2
1000;15015;15.015;997;15.015;30;30.03;997;0.797569070069546;1000;0.11668519399753012;1.96993993993994;4;3.0;0.95;2
1000;11997;11.997;999;11.997;23;23.994;999;0.7334854528944138;1000;0.1677627123745316;1.975981981981982;5;3.0;0.95;2
1000;16225;16.225;919;16.225;29;32.45;919;0.7836789313921817;1000;0.14198977435565563;1.9696756756756757;6;3.0;0.95;2
1000;15106;15.106;942;15.106;26;30.212;942;0.7840249296846689;1000;0.12848002223600022;1.9702602602602604;7;3.0;0.95;2
1000;11770;11.77;527;11.77;23;23.54;527;0.729269781790605;1000;0.19426079792495152;2.3365665665665665;8;3.0;0.95;2
1000;10733;10.733;471;10.733;22;21.466;471;0.7234866488611367;1000;0.19914124567211172;2.360206206206206;9;3.0;0.95;2
