n_vertices;n_edges;indegree_mean;indegree_max;outdegree_mean;outdegree_max;total_degree_mean;total_degree_max;avg_local_clustering;vertices_degree_ge_2;global_clustering;avg_shortest_path_length;seed;beta;gamma;dim
200;9;0.045;1;0.045;2;0.09;2;0.0;1;0.0;1.1;0;0.05;0.05;2
200;8;0.04;2;0.04;2;0.08;3;0.7777777777777778;3;0.6;1.2;1;0.05;0.05;2
200;8;0.04;1;0.04;1;0.08;2;0.0;1;0.0;1.1111111111111112;2;0.05;0.05;2
200;9;0.045;2;0.045;1;0.09;2;0.0;2;0.0;1.1818181818181819;3;0.05;0.05;2
200;17;0.085;2;0.085;1;0.17;2;0.0;1;0.0;1.0555555555555556;4;0.05;0.05;2
200;15;0.075;2;0.075;2;0.15;2;1.0;6;1.0;1.0;5;0.05;0.05;2
200;11;0.055;1;0.055;1;0.11;1;0.0;0;0.0;1.0;6;0.05;0.05;2
200;10;0.05;2;0.05;2;0.1;2;1.0;3;1.0;1.0;7;0.05;0.05;2
200;9;0.045;1;0.045;1;0.09;1;0.0;0;0.0;1.0;8;0.05;0.05;2
200;12;0.06;1;0.06;1;0.12;1;0.0;0;0.0;1.0;9;0.05;0.05;2
200;10;0.05;1;0.05;2;0.1;2;0.0;1;0.0;1.0909090909090908;0;0.05;0.15;2
200;8;0.04;2;0.04;2;0.08;3;0.7777777777777778;3;0.6;1.2;1;0.05;0.15;2
200;9;0.045;1;0.045;1;0.09;2;0.0;1;0.0;1.1;2;0.05;0.15;2
200;9;0.045;2;0.045;1;0.09;2;0.0;2;0.0;1.1818181818181819;3;0.05;0.15;2
200;17;0.085;2;0.085;1;0.17;2;0.0;1;0.0;1.0555555555555556;4;0.05;0.15;2
200;16;0.08;3;0.08;2;0.16;3;0.8888888888888888;6;0.75;1.1111111111111112;5;0.05;0.15;2
200;12;0.06;2;0.06;1;0.12;2;0.0;1;0.0;1.0769230769230769;6;0.05;0.15;2
200;11;0.055;2;0.055;2;0.11;2;1.0;3;1.0;1.0;7;0.05;0.15;2
200;9;0.045;1;0.045;1;0.09;1;0.0;0;0.0;1.0;8;0.05;0.15;2
200;13;0.065;1;0.065;1;0.13;1;0.0;0;0.0;1.0;9;0.05;0.15;2
200;11;0.055;1;0.055;2;0.11;2;0.0;1;0.0;1.0833333333333333;0;0.05;0.25;2
200;9;0.045;2;0.045;2;0.09;3;0.5833333333333334;4;0.5;1.25;1;0.05;0.25;2
200;12;0.06;2;0.06;1;0.12;2;0.0;2;0.0;1.2666666666666666;2;0.05;0.25;2
200;10;0.05;2;0.05;1;0.1;2;0.0;3;0.0;1.2307692307692308;3;0.05;0.25;2
200;19;0.095;2;0.095;1;0.19;2;0.0;1;0.0;1.05;4;0.05;0.25;2
200;16;0.08;3;0.08;2;0.16;3;0.8888888888888888;6;0.75;1.1111111111111112;5;0.05;0.25;2
200;14;0.07;2;0.07;1;0.14;2;0.0;2;0.0;1.125;6;0.05;0.25;2
200;12;0.06;2;0.06;2;0.12;2;0.6;5;0.6;1.2666666666666666;7;0.05;0.25;2
200;9;0.045;1;0.045;1;0.09;1;0.0;0;0.0;1.0;8;0.05;0.25;2
200;16;0.08;2;0.08;1;0.16;2;0.0;1;0.0;1.0588235294117647;9;0.05;0.25;2
200;13;0.065;1;0.065;2;0.13;2;0.0;1;0.0;1.0714285714285714;0;0.05;0.35;2
200;10;0.05;2;0.05;2;0.1;3;0.5833333333333334;4;0.5;1.2307692307692308;1;0.05;0.35;2
200;13;0.065;2;0.065;1;0.13;2;0.0;3;0.0;1.2941176470588236;2;0.05;0.35;2
200;12;0.06;2;0.06;1;0.12;2;0.0;3;0.0;1.2;3;0.05;0.35;2
200;22;0.11;2;0.11;1;0.22;2;0.0;3;0.0;1.12;4;0.05;0.35;2
200;17;0.085;3;0.085;2;0.17;3;0.8888888888888888;6;0.75;1.105263157894737;5;0.05;0.35;2
200;15;0.075;2;0.075;1;0.15;2;0.0;2;0.0;1.1176470588235294;6;0.05;0.35;2
200;14;0.07;2;0.07;2;0.14;2;0.5;6;0.5;1.2777777777777777;7;0.05;0.35;2
200;11;0.055;1;0.055;1;0.11;1;0.0;0;0.0;1.0;8;0.05;0.35;2
200;20;0.1;3;0.1;1;0.2;3;0.0;2;0.0;1.1666666666666667;9;0.05;0.35;2
200;14;0.07;1;0.07;2;0.14;2;0.0;1;0.0;1.0666666666666667;0;0.05;0.45;2
200;12;0.06;3;0.06;2;0.12;3;0.6666666666666666;5;0.6666666666666666;1.1428571428571428;1;0.05;0.45;2
200;16;0.08;3;0.08;2;0.16;3;0.6;5;0.42857142857142855;1.3636363636363635;2;0.05;0.45;2
200;17;0.085;3;0.085;1;0.17;3;0.0;4;0.0;1.2608695652173914;3;0.05;0.45;2
200;26;0.13;2;0.13;2;0.26;2;0.5;6;0.5;1.103448275862069;4;0.05;0.45;2
200;20;0.1;4;0.1;2;0.2;4;0.8611111111111112;6;0.5454545454545454;1.2;5;0.05;0.45;2
200;20;0.1;3;0.1;1;0.2;3;0.0;4;0.0;1.2307692307692308;6;0.05;0.45;2
200;17;0.085;2;0.085;2;0.17;2;0.5;6;0.5;1.2380952380952381;7;0.05;0.45;2
200;13;0.065;1;0.065;1;0.13;1;0.0;0;0.0;1.0;8;0.05;0.45;2
200;22;0.11;3;0.11;1;0.22;3;0.0;2;0.0;1.1538461538461537;9;0.05;0.45;2
200;18;0.09;2;0.09;2;0.18;2;0.0;2;0.0;1.1;0;0.05;0.55;2
200;12;0.06;3;0.06;2;0.12;3;0.6666666666666666;5;0.6666666666666666;1.1428571428571428;1;0.05;0.55;2
200;17;0.085;3;0.085;2;0.17;3;0.4666666666666666;5;0.3333333333333333;1.4;2;0.05;0.55;2
200;20;0.1;3;0.1;1;0.2;3;0.0;4;0.0;1.2857142857142858;3;0.05;0.55;2
200;29;0.145;2;0.145;2;0.29;2;0.8181818181818182;11;0.8181818181818182;1.064516129032258;4;0.05;0.55;2
200;25;0.125;5;0.125;2;0.25;5;0.6375;8;0.2727272727272727;1.5;5;0.05;0.55;2
200;26;0.13;4;0.13;2;0.26;4;0.21428571428571427;7;0.16666666666666666;1.441860465116279;6;0.05;0.55;2
200;18;0.09;2;0.09;2;0.18;2;0.42857142857142855;7;0.42857142857142855;1.2608695652173914;7;0.05;0.55;2
200;17;0.085;1;0.085;1;0.17;1;0.0;0;0.0;1.0;8;0.05;0.55;2
200;27;0.135;3;0.135;1;0.27;3;0.0;4;0.0;1.1818181818181819;9;0.05;0.55;2
200;20;0.1;3;0.1;2;0.2;3;0.0;4;0.0;1.3571428571428572;0;0.05;0.65;2
200;17;0.085;3;0.085;2;0.17;3;0.5555555555555555;6;0.5;1.2272727272727273;1;0.05;0.65;2
200;24;0.12;4;0.12;2;0.24;4;0.3095238095238096;7;0.1875;1.435897435897436;2;0.05;0.65;2
200;25;0.125;5;0.125;2;0.25;5;0.35000000000000003;6;0.125;1.4565217391304348;3;0.05;0.65;2
200;33;0.165;2;0.165;2;0.33;2;0.8571428571428571;14;0.8571428571428571;1.0571428571428572;4;0.05;0.65;2
200;37;0.185;7;0.185;2;0.37;7;0.6036630036630037;13;0.24489795918367346;1.6075949367088607;5;0.05;0.65;2
200;36;0.18;9;0.18;2;0.36;9;0.4393939393939394;11;0.15789473684210525;1.7204301075268817;6;0.05;0.65;2
200;19;0.095;2;0.095;2;0.19;2;0.42857142857142855;7;0.42857142857142855;1.25;7;0.05;0.65;2
200;18;0.09;1;0.09;1;0.18;1;0.0;0;0.0;1.0;8;0.05;0.65;2
200;31;0.155;4;0.155;1;0.31;4;0.0;5;0.0;1.391304347826087;9;0.05;0.65;2
200;24;0.12;3;0.12;2;0.24;4;0.0;4;0.0;1.5813953488372092;0;0.05;0.75;2
200;22;0.11;5;0.11;2;0.22;5;0.47619047619047616;7;0.2727272727272727;1.4054054054054055;1;0.05;0.75;2
200;31;0.155;6;0.155;2;0.31;6;0.25833333333333336;8;0.09090909090909091;1.5396825396825398;2;0.05;0.75;2
200;31;0.155;6;0.155;2;0.31;6;0.25833333333333336;8;0.08333333333333333;1.6231884057971016;3;0.05;0.75;2
200;35;0.175;2;0.175;2;0.35;2;0.8571428571428571;14;0.8571428571428571;1.054054054054054;4;0.05;0.75;2
200;54;0.27;10;0.27;2;0.54;10;0.5105820105820106;21;0.17796610169491525;1.9947368421052631;5;0.05;0.75;2
200;48;0.24;15;0.24;3;0.48;15;0.5769230769230769;13;0.1232876712328767;1.8210526315789475;6;0.05;0.75;2
200;21;0.105;3;0.105;2;0.21;3;0.42857142857142855;7;0.3333333333333333;1.2857142857142858;7;0.05;0.75;2
200;21;0.105;2;0.105;2;0.21;2;0.75;4;0.75;1.0454545454545454;8;0.05;0.75;2
200;35;0.175;4;0.175;2;0.35;4;0.0;8;0.0;1.4259259259259258;9;0.05;0.75;2
200;28;0.14;4;0.14;2;0.28;4;0.19047619047619047;7;0.15789473684210525;1.5;0;0.05;0.85;2
200;30;0.15;8;0.15;2;0.3;8;0.41666666666666663;8;0.13636363636363635;1.5522388059701493;1;0.05;0.85;2
200;48;0.24;11;0.24;2;0.48;11;0.36037296037296035;13;0.08333333333333333;1.9273743016759777;2;0.05;0.85;2
200;42;0.21;12;0.21;2;0.42;12;0.43809523809523815;10;0.061855670103092786;1.7410071942446044;3;0.05;0.85;2
200;48;0.24;7;0.24;2;0.48;7;0.6137254901960785;17;0.25;1.565217391304348;4;0.05;0.85;2
200;71;0.355;16;0.355;2;0.71;16;0.5931776556776557;26;0.11956521739130435;1.9555555555555555;5;0.05;0.85;2
200;64;0.32;26;0.32;3;0.64;26;0.7513630229419703;19;0.07712082262210797;1.8483412322274881;6;0.05;0.85;2
200;25;0.125;3;0.125;2;0.25;3;0.3333333333333333;9;0.2727272727272727;1.2941176470588236;7;0.05;0.85;2
200;24;0.12;3;0.12;2;0.24;3;0.6;5;0.42857142857142855;1.1428571428571428;8;0.05;0.85;2
200;39;0.195;5;0.195;2;0.39;5;0.0;9;0.0;1.6216216216216217;9;0.05;0.85;2
200;37;0.185;8;0.185;2;0.37;8;0.2839285714285714;8;0.10909090909090909;1.7157894736842105;0;0.05;0.95;2
200;46;0.23;18;0.23;2;0.46;18;0.5757575757575757;11;0.05232558139534884;1.7788461538461537;1;0.05;0.95;2
200;61;0.305;18;0.305;2;0.61;18;0.5125635439360929;18;0.07114624505928854;1.865814696485623;2;0.05;0.95;2
200;61;0.305;21;0.305;3;0.61;21;0.5616461969403146;17;0.05732484076433121;2.5828877005347595;3;0.05;0.95;2
200;62;0.31;11;0.31;2;0.62;11;0.6268774703557313;23;0.17475728155339806;1.69375;4;0.05;0.95;2
200;104;0.52;25;0.52;3;1.04;25;0.718031746031746;35;0.10416666666666667;1.8808219178082193;5;0.05;0.95;2
200;109;0.545;59;0.545;3;1.09;59;0.7014660383450564;26;0.022888283378746595;1.9739130434782608;6;0.05;0.95;2
200;29;0.145;4;0.145;2;0.29;4;0.3333333333333333;9;0.1875;1.3488372093023255;7;0.05;0.95;2
200;25;0.125;4;0.125;2;0.25;4;0.6;5;0.3;1.21875;8;0.05;0.95;2
200;54;0.27;7;0.27;2;0.54;7;0.43571428571428567;14;0.1643835616438356;1.7076923076923076;9;0.05;0.95;2
200;59;0.295;3;0.295;3;0.59;3;0.2982456140350877;19;0.3103448275862069;1.308641975308642;0;0.25;0.05;2
200;40;0.2;3;0.2;3;0.4;3;0.3333333333333333;12;0.6;1.1666666666666667;1;0.25;0.05;2
200;55;0.275;4;0.275;2;0.55;4;0.14583333333333331;16;0.2;1.6344086021505377;2;0.25;0.05;2
200;57;0.285;3;0.285;2;0.57;4;0.49358974358974356;26;0.42857142857142855;1.4942528735632183;3;0.25;0.05;2
200;63;0.315;3;0.315;3;0.63;3;0.7666666666666667;30;0.7105263157894737;1.162162162162162;4;0.25;0.05;2
200;63;0.315;5;0.315;2;0.63;5;0.32023809523809527;28;0.3488372093023256;1.5865384615384615;5;0.25;0.05;2
200;46;0.23;4;0.23;3;0.46;5;0.3666666666666667;12;0.5;1.3174603174603174;6;0.25;0.05;2
200;36;0.18;3;0.18;2;0.36;3;0.4848484848484848;11;0.4;1.2765957446808511;7;0.25;0.05;2
200;49;0.245;2;0.245;2;0.49;3;0.35;20;0.34615384615384615;1.3333333333333333;8;0.25;0.05;2
200;64;0.32;3;0.32;3;0.64;3;0.46874999999999994;32;0.4772727272727273;1.6336633663366336;9;0.25;0.05;2
200;62;0.31;3;0.31;3;0.62;3;0.2833333333333333;20;0.2647058823529412;1.4791666666666667;0;0.25;0.15;2
200;42;0.21;3;0.21;3;0.42;3;0.3076923076923077;13;0.5714285714285714;1.1764705882352942;1;0.25;0.15;2
200;61;0.305;4;0.305;2;0.61;4;0.373015873015873;21;0.36585365853658536;1.6346153846153846;2;0.25;0.15;2
200;62;0.31;4;0.31;2;0.62;5;0.5149425287356322;29;0.3673469387755102;2.2913907284768213;3;0.25;0.15;2
200;67;0.335;3;0.335;3;0.67;3;0.7745098039215685;34;0.717391304347826;1.2098765432098766;4;0.25;0.15;2
200;77;0.385;6;0.385;2;0.77;6;0.3429824561403509;38;0.28378378378378377;2.430493273542601;5;0.25;0.15;2
200;51;0.255;4;0.255;3;0.51;5;0.4352941176470588;17;0.5121951219512195;1.3142857142857143;6;0.25;0.15;2
200;41;0.205;3;0.205;2;0.41;3;0.3555555555555555;15;0.3157894736842105;1.3333333333333333;7;0.25;0.15;2
200;55;0.275;2;0.275;2;0.55;3;0.31999999999999995;25;0.36363636363636365;1.4268292682926829;8;0.25;0.15;2
200;72;0.36;3;0.36;3;0.72;3;0.4705882352941176;34;0.4444444444444444;1.5565217391304347;9;0.25;0.15;2
200;73;0.365;4;0.365;3;0.73;5;0.43580246913580245;27;0.3050847457627119;1.9683544303797469;0;0.25;0.25;2
200;49;0.245;3;0.245;3;0.49;3;0.65;20;0.75;1.1578947368421053;1;0.25;0.25;2
200;67;0.335;4;0.335;2;0.67;4;0.3533333333333333;25;0.32727272727272727;1.8840579710144927;2;0.25;0.25;2
200;70;0.35;5;0.35;2;0.7;6;0.5151515151515151;33;0.31343283582089554;2.3402061855670104;3;0.25;0.25;2
200;76;0.38;3;0.38;3;0.76;3;0.6403508771929824;38;0.5689655172413793;1.4036697247706422;4;0.25;0.25;2
200;86;0.43;6;0.43;3;0.86;7;0.3797052154195011;42;0.3173076923076923;2.4676258992805757;5;0.25;0.25;2
200;59;0.295;5;0.295;3;0.59;5;0.42380952380952375;21;0.38095238095238093;2.0774647887323945;6;0.25;0.25;2
200;48;0.24;4;0.24;3;0.48;4;0.3157894736842105;19;0.32142857142857145;1.3714285714285714;7;0.25;0.25;2
200;60;0.3;3;0.3;2;0.6;3;0.3563218390804597;29;0.3488372093023256;1.5742574257425743;8;0.25;0.25;2
200;81;0.405;4;0.405;3;0.81;4;0.573170731707317;41;0.4520547945205479;1.6666666666666667;9;0.25;0.25;2
200;81;0.405;4;0.405;3;0.81;5;0.45483870967741935;31;0.3088235294117647;2.0327868852459017;0;0.25;0.35;2
200;58;0.29;3;0.29;3;0.58;3;0.6309523809523808;28;0.6428571428571429;1.3670886075949367;1;0.25;0.35;2
200;79;0.395;5;0.395;2;0.79;5;0.40215053763440856;31;0.3333333333333333;2.345;2;0.25;0.35;2
200;89;0.445;8;0.445;2;0.89;9;0.5221483942414175;43;0.27692307692307694;2.4096774193548387;3;0.25;0.35;2
200;85;0.425;3;0.425;3;0.85;4;0.5697674418604651;43;0.5;1.5507246376811594;4;0.25;0.35;2
200;102;0.51;8;0.51;3;1.02;9;0.4991285403050109;51;0.32;2.447513812154696;5;0.25;0.35;2
200;70;0.35;7;0.35;4;0.7;7;0.4807692307692308;26;0.42857142857142855;2.1732673267326734;6;0.25;0.35;2
200;58;0.29;5;0.29;3;0.58;5;0.2777777777777778;21;0.3191489361702128;1.6727272727272726;7;0.25;0.35;2
200;62;0.31;3;0.31;2;0.62;3;0.3444444444444444;30;0.32608695652173914;1.719298245614035;8;0.25;0.35;2
200;90;0.45;5;0.45;3;0.9;5;0.6118518518518518;45;0.4;2.1502145922746783;9;0.25;0.35;2
200;89;0.445;5;0.445;3;0.89;6;0.490625;32;0.358695652173913;1.9852941176470589;0;0.25;0.45;2
200;66;0.33;5;0.33;3;0.66;5;0.6860215053763441;31;0.559322033898305;1.3368421052631578;1;0.25;0.45;2
200;95;0.475;10;0.475;3;0.95;10;0.49012345679012337;36;0.2874251497005988;2.3246376811594205;2;0.25;0.45;2
200;104;0.52;13;0.52;3;1.04;13;0.49904064189778474;49;0.25675675675675674;2.2523584905660377;3;0.25;0.45;2
200;103;0.515;6;0.515;3;1.03;6;0.6078787878787878;55;0.48936170212765956;1.8144796380090498;4;0.25;0.45;2
200;131;0.655;12;0.655;3;1.31;13;0.5201391745509393;68;0.26443768996960487;2.823529411764706;5;0.25;0.45;2
200;87;0.435;13;0.435;4;0.87;13;0.5407670760611937;34;0.297029702970297;2.5207877461706785;6;0.25;0.45;2
200;62;0.31;6;0.31;3;0.62;6;0.3287878787878788;22;0.3442622950819672;1.65;7;0.25;0.45;2
200;77;0.385;5;0.385;2;0.77;5;0.419047619047619;42;0.35064935064935066;2.3627450980392157;8;0.25;0.45;2
200;98;0.49;5;0.49;3;0.98;5;0.5764705882352941;51;0.3923076923076923;2.3973509933774833;9;0.25;0.45;2
200;103;0.515;7;0.515;3;1.03;7;0.6273532668881505;43;0.38571428571428573;2.1099290780141846;0;0.25;0.55;2
200;81;0.405;9;0.405;3;0.81;9;0.6153116531165311;41;0.3559322033898305;2.2780082987551866;1;0.25;0.55;2
200;114;0.57;15;0.57;3;1.14;15;0.5327651515151515;48;0.22772277227722773;2.529780564263323;2;0.25;0.55;2
200;120;0.6;14;0.6;3;1.2;14;0.5689813217085944;55;0.2635135135135135;2.3506944444444446;3;0.25;0.55;2
200;116;0.58;10;0.58;3;1.16;10;0.6066451439332795;59;0.3696682464454976;2.3986486486486487;4;0.25;0.55;2
200;168;0.84;18;0.84;4;1.68;19;0.6769968672336182;85;0.26348228043143296;3.1516936671575846;5;0.25;0.55;2
200;115;0.575;24;0.575;4;1.15;24;0.6183394130599099;42;0.18637274549098196;3.15929203539823;6;0.25;0.55;2
200;74;0.37;6;0.37;3;0.74;6;0.5125;32;0.4639175257731959;1.6099290780141844;7;0.25;0.55;2
200;88;0.44;5;0.44;3;0.88;5;0.5432624113475177;47;0.4205607476635514;2.226086956521739;8;0.25;0.55;2
200;117;0.585;7;0.585;3;1.17;7;0.6645421245421246;65;0.4264705882352941;2.138418079096045;9;0.25;0.55;2
200;114;0.57;13;0.57;4;1.14;13;0.6093586152409681;51;0.3364485981308411;2.288056206088993;0;0.25;0.65;2
200;99;0.495;20;0.495;3;0.99;20;0.6505482456140351;48;0.19322033898305085;2.4;1;0.25;0.65;2
200;140;0.7;23;0.7;3;1.4;23;0.6871621677410832;59;0.1810344827586207;2.3565022421524664;2;0.25;0.65;2
200;144;0.72;22;0.72;3;1.44;22;0.707472868826675;68;0.24;2.4188210961737333;3;0.25;0.65;2
200;140;0.7;17;0.7;3;1.4;17;0.6526096474625886;74;0.3015075376884422;2.5707070707070705;4;0.25;0.65;2
200;200;1.0;27;1.0;4;2.0;28;0.740422385022385;100;0.2182741116751269;3.000829416643627;5;0.25;0.65;2
200;152;0.76;39;0.76;4;1.52;39;0.5923667787702875;54;0.10531053105310531;3.269785022442712;6;0.25;0.65;2
200;89;0.445;8;0.445;4;0.89;8;0.520436507936508;36;0.3931034482758621;1.7192118226600985;7;0.25;0.65;2
200;104;0.52;7;0.52;4;1.04;7;0.5433150183150184;52;0.39473684210526316;2.1194029850746268;8;0.25;0.65;2
200;143;0.715;13;0.715;3;1.43;13;0.6603279837046071;77;0.34806629834254144;2.1772805507745265;9;0.25;0.65;2
200;127;0.635;17;0.635;4;1.27;17;0.6079890289449114;56;0.2735562310030395;2.2698412698412698;0;0.25;0.75;2
200;124;0.62;33;0.62;3;1.24;33;0.6801993910044758;59;0.12053571428571429;2.3281703775411424;1;0.25;0.75;2
200;157;0.785;26;0.785;3;1.57;26;0.7305063409979377;70;0.18410041841004185;2.329245283018868;2;0.25;0.75;2
200;183;0.915;33;0.915;5;1.83;33;0.6730861931948888;84;0.19613259668508287;3.24024024024024;3;0.25;0.75;2
200;178;0.89;28;0.89;3;1.78;28;0.7094870062955169;94;0.21325301204819277;2.4285714285714284;4;0.25;0.75;2
200;271;1.355;46;1.355;4;2.71;47;0.7845054166006236;120;0.1574614065180103;2.71103191819027;5;0.25;0.75;2
200;221;1.105;84;1.105;5;2.21;84;0.7566958982083767;84;0.05630791161796151;2.853413654618474;6;0.25;0.75;2
200;100;0.5;10;0.5;4;1.0;10;0.5517384731670445;42;0.36;1.8084291187739463;7;0.25;0.75;2
200;120;0.6;9;0.6;5;1.2;10;0.4896296296296296;60;0.36401673640167365;3.9411764705882355;8;0.25;0.75;2
200;163;0.815;15;0.815;3;1.63;15;0.6908403361344538;85;0.32661290322580644;2.2720306513409962;9;0.25;0.75;2
200;143;0.715;23;0.715;4;1.43;23;0.6777461449398208;66;0.240234375;2.043887147335423;0;0.25;0.85;2
200;165;0.825;57;0.825;3;1.65;57;0.6913892713003165;71;0.07540983606557378;2.1548301720335243;1;0.25;0.85;2
200;199;0.995;45;0.995;3;1.99;45;0.7411465149837243;86;0.12089274643521389;2.262982372558361;2;0.25;0.85;2
200;235;1.175;52;1.175;5;2.35;52;0.6900585273163777;105;0.13058963197467352;3.2066468622354254;3;0.25;0.85;2
200;219;1.095;42;1.095;4;2.19;42;0.7741698169100656;107;0.17022574740695545;2.3734721593481214;4;0.25;0.85;2
200;387;1.935;87;1.935;6;3.87;87;0.8421935029625102;151;0.11015869338584501;2.8470939706681153;5;0.25;0.85;2
200;330;1.65;154;1.65;6;3.3;154;0.8885494784263595;129;0.044666120747413086;2.247463528846731;6;0.25;0.85;2
200;118;0.59;12;0.59;4;1.18;12;0.5412398921832884;53;0.3020833333333333;3.001503759398496;7;0.25;0.85;2
200;137;0.685;14;0.685;5;1.37;14;0.5196485332848969;66;0.32345013477088946;3.270731707317073;8;0.25;0.85;2
200;194;0.97;17;0.97;3;1.94;17;0.7460382101558574;100;0.2948207171314741;2.856241234221599;9;0.25;0.85;2
200;173;0.865;35;0.865;5;1.73;35;0.6968447979567061;82;0.19257773319959878;2.355731225296443;0;0.25;0.95;2
200;223;1.115;94;1.115;4;2.23;94;0.7531355816051094;98;0.04887218045112782;2.4526797578620996;1;0.25;0.95;2
200;287;1.435;95;1.435;4;2.87;95;0.7394210245365196;123;0.07274336283185841;3.1899321670831844;2;0.25;0.95;2
200;313;1.565;81;1.565;6;3.13;81;0.7179849370247847;129;0.09594425585134894;3.491291915778529;3;0.25;0.95;2
200;277;1.385;52;1.385;5;2.77;52;0.7728790400502279;122;0.14661274014155712;4.449991302835276;4;0.25;0.95;2
200;575;2.875;155;2.875;7;5.75;155;0.8851181185616405;191;0.08546438983756768;2.1936180904522615;5;0.25;0.95;2
200;434;2.17;199;2.17;7;4.34;199;0.9113277977859866;167;0.04637832204273059;1.9781909547738694;6;0.25;0.95;2
200;139;0.695;13;0.695;4;1.39;13;0.5049189316430696;58;0.2826086956521739;3.6734875444839856;7;0.25;0.95;2
200;168;0.84;17;0.84;5;1.68;17;0.5661338310072487;79;0.2894333843797856;3.4993243243243244;8;0.25;0.95;2
200;240;1.2;27;1.2;4;2.4;27;0.7000016948723461;118;0.2421630094043887;3.1617260787992496;9;0.25;0.95;2
200;103;0.515;3;0.515;3;1.03;4;0.6199999999999999;50;0.5294117647058824;1.854922279792746;0;0.45;0.05;2
200;76;0.38;4;0.38;3;0.76;4;0.45714285714285713;35;0.4576271186440678;1.5;1;0.45;0.05;2
200;97;0.485;4;0.485;3;0.97;4;0.4431818181818182;44;0.38613861386138615;2.1502145922746783;2;0.45;0.05;2
200;101;0.505;5;0.505;4;1.01;6;0.4604166666666667;48;0.5070422535211268;2.358267716535433;3;0.45;0.05;2
200;103;0.515;3;0.515;4;1.03;5;0.5748633879781422;61;0.5798319327731093;1.5895953757225434;4;0.45;0.05;2
200;115;0.575;7;0.575;3;1.15;7;0.5375744047619048;64;0.3987341772151899;3.2607003891050583;5;0.45;0.05;2
200;80;0.4;5;0.4;3;0.8;7;0.4583333333333333;32;0.47191011235955055;1.6666666666666667;6;0.45;0.05;2
200;83;0.415;4;0.415;3;0.83;5;0.3929824561403509;38;0.35294117647058826;2.2534562211981566;7;0.45;0.05;2
200;92;0.46;4;0.46;4;0.92;5;0.5078431372549019;51;0.45;2.132701421800948;8;0.45;0.05;2
200;114;0.57;4;0.57;3;1.14;5;0.5296875;64;0.4405594405594406;1.969811320754717;9;0.45;0.05;2
200;111;0.555;5;0.555;3;1.11;6;0.5923076923076923;52;0.48;2.0866141732283463;0;0.45;0.15;2
200;82;0.41;4;0.41;3;0.82;4;0.5333333333333334;40;0.5;1.4609375;1;0.45;0.15;2
200;113;0.565;5;0.565;3;1.13;5;0.37559523809523804;56;0.3669064748201439;2.237623762376238;2;0.45;0.15;2
200;116;0.58;7;0.58;5;1.16;8;0.5041125541125541;55;0.5384615384615384;2.5146198830409356;3;0.45;0.15;2
200;114;0.57;5;0.57;4;1.14;6;0.601010101010101;66;0.5686274509803921;1.881578947368421;4;0.45;0.15;2
200;135;0.675;7;0.675;3;1.35;8;0.5529523809523809;75;0.40611353711790393;3.2761087267525038;5;0.45;0.15;2
200;91;0.455;6;0.455;4;0.91;8;0.4718146718146718;37;0.47244094488188976;1.9441860465116279;6;0.45;0.15;2
200;88;0.44;4;0.44;3;0.88;5;0.41500000000000004;40;0.37894736842105264;2.1866666666666665;7;0.45;0.15;2
200;102;0.51;4;0.51;4;1.02;5;0.594047619047619;56;0.46153846153846156;2.4191176470588234;8;0.45;0.15;2
200;122;0.61;5;0.61;3;1.22;5;0.6215962441314553;71;0.4764705882352941;2.1298701298701297;9;0.45;0.15;2
200;119;0.595;7;0.595;3;1.19;8;0.6614718614718614;55;0.46706586826347307;1.9097472924187726;0;0.45;0.25;2
200;100;0.5;4;0.5;3;1.0;4;0.5723270440251573;53;0.46153846153846156;1.7487179487179487;1;0.45;0.25;2
200;130;0.65;8;0.65;3;1.3;8;0.47796674225245656;63;0.37320574162679426;2.4913419913419914;2;0.45;0.25;2
200;137;0.685;10;0.685;5;1.37;10;0.5277167277167277;65;0.4370860927152318;2.8059701492537314;3;0.45;0.25;2
200;123;0.615;5;0.615;4;1.23;6;0.6244131455399061;71;0.5581395348837209;2.1032028469750887;4;0.45;0.25;2
200;158;0.79;10;0.79;3;1.58;11;0.6161729656111679;89;0.35795454545454547;3.396327467482785;5;0.45;0.25;2
200;106;0.53;9;0.53;4;1.06;9;0.38228803716608595;41;0.3577981651376147;3.3356401384083045;6;0.45;0.25;2
200;95;0.475;5;0.475;4;0.95;6;0.42093023255813955;43;0.3893129770992366;2.1417624521072796;7;0.45;0.25;2
200;112;0.56;4;0.56;4;1.12;5;0.5433333333333332;60;0.44805194805194803;2.5225225225225225;8;0.45;0.25;2
200;134;0.67;6;0.67;3;1.34;6;0.6063291139240506;79;0.44651162790697674;2.321608040201005;9;0.45;0.25;2
200;128;0.64;7;0.64;3;1.28;8;0.6931868131868132;65;0.47692307692307695;2.0121951219512195;0;0.45;0.35;2
200;120;0.6;8;0.6;4;1.2;8;0.5775457875457874;65;0.4044943820224719;2.1478260869565218;1;0.45;0.35;2
200;146;0.73;11;0.73;3;1.46;11;0.510997450038546;73;0.3576158940397351;2.7113702623906706;2;0.45;0.35;2
200;151;0.755;14;0.755;5;1.51;14;0.5754364682936112;70;0.4;3.115052732502397;3;0.45;0.35;2
200;150;0.75;8;0.75;5;1.5;8;0.5975609756097561;82;0.4675324675324675;3.0043541364296082;4;0.45;0.35;2
200;186;0.93;15;0.93;3;1.86;16;0.6281580070415022;103;0.31605351170568563;3.738793103448276;5;0.45;0.35;2
200;124;0.62;14;0.62;4;1.24;14;0.5365417320774464;56;0.3191489361702128;3.295751633986928;6;0.45;0.35;2
200;116;0.58;6;0.58;4;1.16;7;0.4708894878706199;53;0.3939393939393939;2.3333333333333335;7;0.45;0.35;2
200;130;0.65;7;0.65;4;1.3;7;0.4881652661064426;68;0.37320574162679426;2.684931506849315;8;0.45;0.35;2
200;151;0.755;7;0.755;3;1.51;7;0.6243328100470958;91;0.4697508896797153;2.5444444444444443;9;0.45;0.35;2
200;139;0.695;7;0.695;3;1.39;9;0.684878306878307;75;0.47639484978540775;2.4098765432098768;0;0.45;0.45;2
200;139;0.695;12;0.695;4;1.39;12;0.5482535729111071;73;0.2903225806451613;2.60844250363901;1;0.45;0.45;2
200;168;0.84;17;0.84;3;1.68;17;0.5922233893557423;80;0.2982456140350877;2.6947261663286004;2;0.45;0.45;2
200;167;0.835;14;0.835;5;1.67;14;0.6209284049284048;75;0.41020408163265304;3.0303292894280762;3;0.45;0.45;2
200;174;0.87;16;0.87;5;1.74;16;0.6401177675371225;93;0.375;2.7677725118483414;4;0.45;0.45;2
200;216;1.08;21;1.08;4;2.16;22;0.6735086117439059;111;0.3054662379421222;3.2257824143070044;5;0.45;0.45;2
200;159;0.795;23;0.795;4;1.59;23;0.5842416765287521;73;0.22784810126582278;3.444101773323053;6;0.45;0.45;2
200;125;0.625;7;0.625;4;1.25;8;0.4813492063492063;60;0.4017857142857143;2.277227722772277;7;0.45;0.45;2
200;149;0.745;8;0.745;5;1.49;8;0.5809523809523809;75;0.416403785488959;2.5256849315068495;8;0.45;0.45;2
200;176;0.88;9;0.88;4;1.76;9;0.5830347320446331;101;0.4125;3.3326315789473684;9;0.45;0.45;2
200;155;0.775;14;0.775;5;1.55;14;0.6749068595222442;78;0.4309859154929577;2.598070739549839;0;0.45;0.55;2
200;164;0.82;20;0.82;4;1.64;20;0.5719976411617278;85;0.2551867219917012;2.666346153846154;1;0.45;0.55;2
200;195;0.975;24;0.975;3;1.95;24;0.6379622552954929;98;0.2610340479192938;2.697080291970803;2;0.45;0.55;2
200;208;1.04;24;1.04;5;2.08;24;0.6612810183934947;92;0.3170731707317073;3.7551459293394776;3;0.45;0.55;2
200;203;1.015;20;1.015;5;2.03;20;0.6695304943318846;106;0.3474114441416894;2.637379002233805;4;0.45;0.55;2
200;265;1.325;29;1.325;5;2.65;30;0.7460291194268434;124;0.2756052141527002;2.937966417910448;5;0.45;0.55;2
200;201;1.005;41;1.005;4;2.01;41;0.6215372414194009;89;0.14822546972860126;3.420148194860476;6;0.45;0.55;2
200;144;0.72;9;0.72;4;1.44;10;0.5278458049886622;70;0.3667711598746082;2.628440366972477;7;0.45;0.55;2
200;168;0.84;10;0.84;5;1.68;10;0.600392044367948;83;0.4421768707482993;2.860774818401937;8;0.45;0.55;2
200;204;1.02;15;1.02;4;2.04;15;0.63384779471736;115;0.357487922705314;4.283290488431876;9;0.45;0.55;2
200;180;0.9;20;0.9;5;1.8;20;0.6233713654766285;93;0.3441780821917808;3.121184919210054;0;0.45;0.65;2
200;194;0.97;37;0.97;4;1.94;37;0.6128931008931009;100;0.16395014381591563;2.5832466181061395;1;0.45;0.65;2
200;227;1.135;29;1.135;4;2.27;29;0.6914560994011579;110;0.24577702702702703;2.9788491446345255;2;0.45;0.65;2
200;244;1.22;35;1.22;6;2.44;35;0.7004738781615049;110;0.25364963503649635;3.363767419509851;3;0.45;0.65;2
200;239;1.195;32;1.195;6;2.39;32;0.7101005647766289;119;0.2676923076923077;2.689484536082474;4;0.45;0.65;2
200;350;1.75;48;1.75;5;3.5;49;0.7536646627981056;143;0.2081151832460733;3.3454046639231825;5;0.45;0.65;2
200;279;1.395;81;1.395;5;2.79;81;0.710183463054143;117;0.10029365258640163;2.9363636363636365;6;0.45;0.65;2
200;162;0.81;11;0.81;4;1.62;12;0.5366814619979177;79;0.3525;2.8422247446083997;7;0.45;0.65;2
200;197;0.985;18;0.985;7;1.97;18;0.5801478407740267;93;0.38016528925619836;3.304089709762533;8;0.45;0.65;2
200;229;1.145;16;1.145;4;2.29;16;0.6452329846079846;120;0.3479289940828402;3.4528650646950094;9;0.45;0.65;2
200;208;1.04;28;1.04;5;2.08;28;0.5944757447138399;105;0.28586723768736616;3.5101063829787233;0;0.45;0.75;2
200;243;1.215;63;1.215;4;2.43;63;0.6718147261887011;118;0.11829652996845426;3.1427402193485023;1;0.45;0.75;2
200;286;1.43;54;1.43;4;2.86;54;0.7381705814987806;131;0.1683093252463988;3.458929682638457;2;0.45;0.75;2
200;317;1.585;54;1.585;6;3.17;54;0.705804025449844;131;0.19253208868144692;4.0320120421475165;3;0.45;0.75;2
200;291;1.455;43;1.455;6;2.91;43;0.7517382797367742;137;0.22965244170699517;4.812627047710152;4;0.45;0.75;2
200;476;2.38;85;2.38;6;4.76;85;0.793939669613636;171;0.1430314120158585;2.808079683935229;5;0.45;0.75;2
200;400;2.0;146;2.0;6;4.0;146;0.8533345906971407;158;0.06986899563318777;2.3374097036573573;6;0.45;0.75;2
200;194;0.97;15;0.97;4;1.94;15;0.6121764682204243;91;0.3297709923664122;3.61895456765999;7;0.45;0.75;2
200;227;1.135;22;1.135;7;2.27;22;0.6187487654365059;107;0.3783251231527094;3.3976293103448274;8;0.45;0.75;2
200;283;1.415;22;1.415;4;2.83;22;0.6987700011914961;133;0.3157894736842105;3.5283993115318415;9;0.45;0.75;2
200;258;1.29;44;1.29;5;2.58;44;0.634686031517018;120;0.23039742212674544;3.211426726920594;0;0.45;0.85;2
200;311;1.555;101;1.555;5;3.11;101;0.7195328824990647;138;0.08864774624373957;3.246602234974328;1;0.45;0.85;2
200;386;1.93;105;1.93;5;3.86;105;0.7787497996416404;155;0.10981308411214953;2.955409878626598;2;0.45;0.85;2
200;420;2.1;88;2.1;7;4.2;88;0.7423484076910528;158;0.1454282711508145;3.6869696617459025;3;0.45;0.85;2
200;378;1.89;59;1.89;6;3.78;59;0.7695714413979691;151;0.1889103803997421;3.856090100111235;4;0.45;0.85;2
200;676;3.38;160;3.38;9;6.76;160;0.8691671851626086;197;0.10619175660245313;2.1307035175879396;5;0.45;0.85;2
200;535;2.675;198;2.675;7;5.35;198;0.8755423800816512;181;0.06837016574585636;1.9801507537688443;6;0.45;0.85;2
200;230;1.15;17;1.15;6;2.3;18;0.6483304581487973;102;0.32701421800947866;3.386407025582283;7;0.45;0.85;2
200;264;1.32;23;1.32;7;2.64;23;0.6675649970132981;119;0.36173285198555954;3.2783825816485224;8;0.45;0.85;2
200;343;1.715;38;1.715;6;3.43;38;0.7051513344931598;143;0.2652582159624413;4.949185228039727;9;0.45;0.85;2
200;337;1.685;77;1.685;6;3.37;77;0.718782617329387;137;0.15714285714285714;3.258991766575184;0;0.45;0.95;2
200;416;2.08;168;2.08;6;4.16;168;0.8330798852568145;169;0.06278979907264297;2.1799342491487614;1;0.45;0.95;2
200;520;2.6;157;2.6;6;5.2;157;0.7871752082236841;182;0.09203691254659903;2.3780545235728114;2;0.45;0.95;2
200;565;2.825;153;2.825;7;5.65;153;0.7970830683967589;177;0.09965774109120193;2.456304520222046;3;0.45;0.95;2
200;510;2.55;101;2.55;7;5.1;101;0.7773013354692522;173;0.1350387735092254;2.764365936102933;4;0.45;0.95;2
200;868;4.34;199;4.34;9;8.68;199;0.877655853726445;200;0.1020430200414651;1.9563819095477386;5;0.45;0.95;2
200;655;3.275;199;3.275;7;6.55;199;0.8663378931841536;193;0.08599361532322426;1.9670854271356784;6;0.45;0.95;2
200;272;1.36;25;1.36;7;2.72;25;0.6724840976224823;116;0.3075045759609518;4.674096848578017;7;0.45;0.95;2
200;312;1.56;29;1.56;7;3.12;29;0.6838905827603446;134;0.30053428317008013;5.762138570649209;8;0.45;0.95;2
200;441;2.205;60;2.205;7;4.41;60;0.7166258930133856;159;0.21602262016965126;4.044885656247953;9;0.45;0.95;2
200;134;0.67;6;0.67;3;1.34;7;0.6080026455026455;72;0.48128342245989303;2.1029411764705883;0;0.65;0.05;2
200;107;0.535;4;0.535;4;1.07;4;0.5480225988700564;59;0.4766355140186916;1.6458333333333333;1;0.65;0.05;2
200;141;0.705;5;0.705;4;1.41;6;0.47657657657657654;74;0.42290748898678415;2.5042372881355934;2;0.65;0.05;2
200;145;0.725;7;0.725;5;1.45;8;0.47173038229376263;71;0.4928571428571429;3.507712082262211;3;0.65;0.05;2
200;142;0.71;5;0.71;4;1.42;6;0.62375;80;0.5793991416309013;2.609254498714653;4;0.65;0.05;2
200;168;0.84;7;0.84;4;1.68;7;0.5750122729504173;97;0.4260869565217391;3.485294117647059;5;0.65;0.05;2
200;122;0.61;6;0.61;4;1.22;8;0.4358490566037736;53;0.4880382775119617;3.1172962226640157;6;0.65;0.05;2
200;129;0.645;5;0.645;4;1.29;7;0.4583882783882784;65;0.42857142857142855;2.3316195372750643;7;0.65;0.05;2
200;141;0.705;5;0.705;5;1.41;8;0.5062271062271062;78;0.45454545454545453;2.935114503816794;8;0.65;0.05;2
200;154;0.77;6;0.77;4;1.54;6;0.557347670250896;93;0.4398496240601504;3.470137825421133;9;0.65;0.05;2
200;147;0.735;7;0.735;3;1.47;8;0.5936701509872241;82;0.47639484978540775;2.5759637188208617;0;0.65;0.15;2
200;127;0.635;5;0.635;4;1.27;5;0.48826291079812195;71;0.40384615384615385;2.0573248407643314;1;0.65;0.15;2
200;157;0.785;8;0.785;4;1.57;8;0.5395760743321719;82;0.4155405405405405;2.5397350993377485;2;0.65;0.15;2
200;164;0.82;11;0.82;5;1.64;11;0.48771762148385517;77;0.4213075060532688;3.5391373801916934;3;0.65;0.15;2
200;160;0.8;6;0.8;4;1.6;7;0.5700602079912425;87;0.5121951219512195;3.0968188105117567;4;0.65;0.15;2
200;197;0.985;11;0.985;4;1.97;12;0.5599805393383375;109;0.4;3.703030303030303;5;0.65;0.15;2
200;135;0.675;7;0.675;4;1.35;8;0.4412320483749056;63;0.45627376425855515;3.7751295336787565;6;0.65;0.15;2
200;141;0.705;7;0.705;4;1.41;8;0.5279342723004695;71;0.45555555555555555;2.384782608695652;7;0.65;0.15;2
200;156;0.78;6;0.78;5;1.56;8;0.49122203098106704;83;0.416403785488959;3.3105263157894735;8;0.65;0.15;2
200;168;0.84;6;0.84;4;1.68;7;0.527047619047619;100;0.4078549848942598;5.485801995395242;9;0.65;0.15;2
200;162;0.81;7;0.81;4;1.62;8;0.6175762439807384;89;0.47474747474747475;2.859375;0;0.65;0.25;2
200;151;0.755;8;0.755;4;1.51;8;0.5384593837535013;85;0.38823529411764707;2.2219959266802443;1;0.65;0.25;2
200;172;0.86;12;0.86;4;1.72;12;0.5312460741872506;85;0.36428571428571427;3.523775727466288;2;0.65;0.25;2
200;181;0.905;13;0.905;5;1.81;13;0.5910142066768572;83;0.4326923076923077;3.2081727062451812;3;0.65;0.25;2
200;180;0.9;9;0.9;5;1.8;9;0.5900540357987166;94;0.5045454545454545;3.521531100478469;4;0.65;0.25;2
200;224;1.12;15;1.12;4;2.24;16;0.6557251390584724;117;0.3891891891891892;3.447141094199918;5;0.65;0.25;2
200;160;0.8;13;0.8;4;1.6;13;0.5211933251933253;75;0.37411764705882355;3.7434849259070004;6;0.65;0.25;2
200;154;0.77;7;0.77;4;1.54;8;0.628902953586498;79;0.4658385093167702;2.3448275862068964;7;0.65;0.25;2
200;178;0.89;7;0.89;5;1.78;10;0.5497602513227513;96;0.4503464203233256;5.109493302271404;8;0.65;0.25;2
200;187;0.935;8;0.935;4;1.87;8;0.5451308451308451;111;0.42042755344418054;5.43223647518126;9;0.65;0.25;2
200;178;0.89;7;0.89;4;1.78;9;0.6117596859532344;93;0.4699738903394256;2.86002886002886;0;0.65;0.35;2
200;171;0.855;11;0.855;4;1.71;11;0.5620552685068815;93;0.3557951482479784;2.629255989911728;1;0.65;0.35;2
200;200;1.0;16;1.0;4;2.0;16;0.5408771068564883;97;0.32061068702290074;4.771420011983223;2;0.65;0.35;2
200;206;1.03;14;1.03;5;2.06;14;0.5561721783371267;97;0.41033434650455924;4.359921542987904;3;0.65;0.35;2
200;212;1.06;16;1.06;6;2.12;16;0.6080908289241622;108;0.44011976047904194;3.093140339836375;4;0.65;0.35;2
200;267;1.335;21;1.335;4;2.67;22;0.7053368187368189;125;0.3792822185970636;3.060027758501041;5;0.65;0.35;2
200;187;0.935;17;0.935;4;1.87;17;0.5723277656050766;91;0.3209302325581395;3.9277794426131254;6;0.65;0.35;2
200;167;0.835;9;0.835;4;1.67;10;0.6030065359477125;85;0.42077922077922075;3.0390995260663507;7;0.65;0.35;2
200;193;0.965;10;0.965;6;1.93;11;0.547012695497544;99;0.44505494505494503;4.954622802041974;8;0.65;0.35;2
200;215;1.075;9;1.075;4;2.15;9;0.6138790502426866;121;0.4134453781512605;3.8661025385764063;9;0.65;0.35;2
200;201;1.005;14;1.005;5;2.01;14;0.5829626683995616;103;0.44869565217391305;3.1627906976744184;0;0.65;0.45;2
200;194;0.97;18;0.97;4;1.94;18;0.5889804810813214;105;0.3314917127071823;2.7050960735171263;1;0.65;0.45;2
200;235;1.175;24;1.175;4;2.35;24;0.6241273059687382;111;0.3171677982541222;4.62427890644595;2;0.65;0.45;2
200;245;1.225;23;1.225;5;2.45;23;0.581348814229249;112;0.3344594594594595;4.064402120557628;3;0.65;0.45;2
200;248;1.24;21;1.24;6;2.48;21;0.6434543851210519;126;0.38769230769230767;3.313031643416128;4;0.65;0.45;2
200;302;1.51;27;1.51;5;3.02;28;0.6952796074207558;132;0.3418160786581839;2.943258971871969;5;0.65;0.45;2
200;233;1.165;35;1.165;4;2.33;35;0.6080024792443093;108;0.22571219868517164;3.7586573511543135;6;0.65;0.45;2
200;185;0.925;11;0.925;4;1.85;12;0.6355357325054295;99;0.4077079107505071;3.165680473372781;7;0.65;0.45;2
200;219;1.095;15;1.095;7;2.19;15;0.5814148992033608;104;0.44331210191082804;5.2844656336909015;8;0.65;0.45;2
200;243;1.215;15;1.215;6;2.43;15;0.6328800973332224;128;0.3642611683848797;3.5742694805194803;9;0.65;0.45;2
200;220;1.1;19;1.1;5;2.2;19;0.577347866821551;111;0.398406374501992;4.3102885138813285;0;0.65;0.55;2
200;230;1.15;29;1.15;4;2.3;29;0.6323585732149892;122;0.2866043613707165;3.3376460767946576;1;0.65;0.55;2
200;261;1.305;29;1.305;4;2.61;29;0.6509685207663515;121;0.29088277858176553;4.146114980199372;2;0.65;0.55;2
200;285;1.425;31;1.425;6;2.85;31;0.5894884158917688;127;0.3011911514463982;4.119659492451012;3;0.65;0.55;2
200;294;1.47;31;1.47;6;2.94;31;0.7053076793503806;139;0.34355444305381727;2.9845580404685834;4;0.65;0.55;2
200;375;1.875;42;1.875;6;3.75;42;0.7134012425148023;149;0.26012058570198104;3.4347558833860203;5;0.65;0.55;2
200;295;1.475;62;1.475;5;2.95;62;0.6618099134364016;126;0.15839694656488548;3.2536561183177723;6;0.65;0.55;2
200;201;1.005;13;1.005;5;2.01;14;0.6413429427715142;105;0.411371237458194;4.428998505231689;7;0.65;0.55;2
200;245;1.225;21;1.225;7;2.45;21;0.578926049795615;115;0.4220532319391635;5.781625244345155;8;0.65;0.55;2
200;282;1.41;15;1.41;6;2.82;15;0.6604356019797197;136;0.3780487804878049;3.681954436450839;9;0.65;0.55;2
200;250;1.25;25;1.25;5;2.5;25;0.6122961335772902;118;0.35892857142857143;4.175137362637362;0;0.65;0.65;2
200;285;1.425;54;1.425;5;2.85;54;0.7027567437350806;135;0.19869281045751633;3.4673221515326778;1;0.65;0.65;2
200;329;1.645;45;1.645;5;3.29;45;0.6790330615311355;141;0.23746701846965698;3.971067482712026;2;0.65;0.65;2
200;370;1.85;55;1.85;6;3.7;55;0.7032332640428592;145;0.23336825563122054;3.7476606604284277;3;0.65;0.65;2
200;354;1.77;43;1.77;6;3.54;43;0.7513603515391812;154;0.30502793296089387;4.276410998552822;4;0.65;0.65;2
200;496;2.48;72;2.48;7;4.96;73;0.7661046090055182;171;0.18991097922848665;3.01226826608506;5;0.65;0.65;2
200;415;2.075;112;2.075;5;4.15;112;0.7572840583742214;159;0.1111734980348119;2.652974668835696;6;0.65;0.65;2
200;238;1.19;15;1.19;6;2.38;16;0.6744797109021248;116;0.39473684210526316;4.019051042415528;7;0.65;0.65;2
200;277;1.385;23;1.385;7;2.77;23;0.6438868600958608;126;0.4097881665449233;5.589583797017583;8;0.65;0.65;2
200;335;1.675;23;1.675;7;3.35;23;0.6889329387114684;149;0.3399168399168399;3.3740272373540856;9;0.65;0.65;2
200;300;1.5;41;1.5;5;3.0;41;0.6237227025709411;135;0.28700906344410876;4.707796072207895;0;0.65;0.75;2
200;348;1.74;84;1.74;5;3.48;84;0.7469857719431808;156;0.14282691493863733;3.1793369190013645;1;0.65;0.75;2
200;435;2.175;90;2.175;5;4.35;90;0.7102387187581549;167;0.16282894736842105;3.0862864077669903;2;0.65;0.75;2
200;460;2.3;80;2.3;7;4.6;80;0.738499121786717;169;0.18786529362649595;3.386703085953391;3;0.65;0.75;2
200;440;2.2;55;2.2;6;4.4;55;0.7565382003527952;168;0.2496439471007121;3.428875463407936;4;0.65;0.75;2
200;695;3.475;130;3.475;9;6.95;130;0.8341541618008994;198;0.14769098794262023;2.326430130450231;5;0.65;0.75;2
200;563;2.815;181;2.815;8;5.63;181;0.8471365477159762;183;0.09044520387622303;2.1023805898177756;6;0.65;0.75;2
200;275;1.375;17;1.375;7;2.75;18;0.6831226384831698;124;0.37281976744186046;3.8400833829660512;7;0.65;0.75;2
200;319;1.595;24;1.595;7;3.19;24;0.6640053827010349;135;0.3949489521762493;5.055545165513372;8;0.65;0.75;2
200;387;1.935;32;1.935;7;3.87;32;0.7012261266724477;156;0.3193481276005548;4.530454545454545;9;0.65;0.75;2
200;378;1.89;73;1.89;7;3.78;73;0.7080050885000532;151;0.19889502762430938;4.5245098039215685;0;0.65;0.85;2
200;452;2.26;150;2.26;7;4.52;150;0.8163497820355481;176;0.09071472205253513;2.239347234814143;1;0.65;0.85;2
200;574;2.87;140;2.87;6;5.74;140;0.7682537433058302;186;0.1312870074184986;2.574894675397188;2;0.65;0.85;2
200;606;3.03;129;3.03;8;6.06;129;0.7770831271785714;185;0.14346712211784798;2.5453055614294775;3;0.65;0.85;2
200;566;2.83;90;2.83;8;5.66;90;0.8072312314250724;180;0.19157303370786516;2.6782793588485445;4;0.65;0.85;2
200;910;4.55;189;4.55;10;9.1;189;0.861120585037453;200;0.12506113323552015;1.9722110552763819;5;0.65;0.85;2
200;700;3.5;199;3.5;8;7.0;199;0.8575238380955913;193;0.10229094309377505;1.964824120603015;6;0.65;0.85;2
200;336;1.68;25;1.68;9;3.36;25;0.7089117684285419;137;0.35080645161290325;4.295896975142258;7;0.65;0.85;2
200;378;1.89;29;1.89;7;3.78;29;0.7156227289100853;150;0.34912891986062716;5.063649635036496;8;0.65;0.85;2
200;484;2.42;54;2.42;8;4.84;54;0.7486860556834852;171;0.26696508504923905;4.035392;9;0.65;0.85;2
200;476;2.38;111;2.38;7;4.76;111;0.7518549113023087;163;0.1531051444968231;3.0914503612523414;0;0.65;0.95;2
200;542;2.71;195;2.71;7;5.42;195;0.8235383135520878;189;0.07796842827728209;2.021758793969849;1;0.65;0.95;2
200;732;3.66;193;3.66;7;7.32;193;0.8032325380133264;199;0.1147139462621093;2.000753768844221;2;0.65;0.95;2
200;778;3.89;184;3.89;9;7.78;184;0.8162388480620043;195;0.11966344655655968;2.089497487437186;3;0.65;0.95;2
200;750;3.75;153;3.75;8;7.5;153;0.8315765476727611;195;0.14270715554837668;2.1495355565707324;4;0.65;0.95;2
200;1084;5.42;199;5.42;11;10.84;199;0.850457796441412;200;0.13225938663863002;1.9455276381909548;5;0.65;0.95;2
200;866;4.33;199;4.33;10;8.66;199;0.8441167897807879;200;0.10832604223320486;1.9564824120603015;6;0.65;0.95;2
200;401;2.005;38;2.005;9;4.01;38;0.7096502819371756;150;0.3039003250270856;4.359198998748435;7;0.65;0.95;2
200;449;2.245;45;2.245;8;4.49;45;0.7484707783995325;161;0.31425996846136517;4.213061083828724;8;0.65;0.95;2
200;603;3.015;85;3.015;9;6.03;85;0.7363035205174491;182;0.21902328780583669;3.431161297006112;9;0.65;0.95;2
200;166;0.83;7;0.83;3;1.66;8;0.6261111111111112;90;0.48355263157894735;2.34375;0;0.85;0.05;2
200;162;0.81;6;0.81;4;1.62;6;0.5639175257731959;97;0.4846153846153846;2.607476635514019;1;0.85;0.05;2
200;179;0.895;9;0.895;4;1.79;9;0.48233486943164366;93;0.40253164556962023;3.527510917030568;2;0.85;0.05;2
200;190;0.95;9;0.95;5;1.9;9;0.4621158392434988;94;0.4225352112676056;6.872448979591836;3;0.85;0.05;2
200;186;0.93;6;0.93;4;1.86;7;0.5421904761904762;100;0.5223880597014925;3.1535532994923856;4;0.85;0.05;2
200;216;1.08;11;1.08;4;2.16;12;0.5794129720853859;116;0.4228187919463087;3.500281690140845;5;0.85;0.05;2
200;151;0.755;6;0.755;4;1.51;8;0.520054945054945;78;0.5;3.4658944658944657;6;0.85;0.05;2
200;161;0.805;6;0.805;5;1.61;8;0.5766386554621848;85;0.4835820895522388;2.3985374771480803;7;0.85;0.05;2
200;188;0.94;7;0.94;5;1.88;10;0.5389444444444444;100;0.48156182212581344;5.084975369458128;8;0.85;0.05;2
200;189;0.945;6;0.945;4;1.89;7;0.6143692564745197;114;0.46153846153846156;4.524625267665953;9;0.85;0.05;2
200;182;0.91;7;0.91;4;1.82;8;0.6160902255639098;95;0.49104859335038364;2.9527027027027026;0;0.85;0.15;2
200;181;0.905;8;0.905;4;1.81;8;0.5624771062271063;104;0.45689655172413796;2.6271186440677967;1;0.85;0.15;2
200;202;1.01;11;1.01;4;2.02;11;0.49154329004329006;100;0.3985239852398524;4.7746913580246915;2;0.85;0.15;2
200;218;1.09;12;1.09;5;2.18;12;0.49224902082044936;105;0.4113263785394933;5.178950307091011;3;0.85;0.15;2
200;207;1.035;7;1.035;5;2.07;7;0.5484927916120577;109;0.523719165085389;3.5746153846153845;4;0.85;0.15;2
200;241;1.205;12;1.205;5;2.41;13;0.584277186658139;126;0.4159178433889602;4.749564206856479;5;0.85;0.15;2
200;172;0.86;9;0.86;4;1.72;9;0.5019195275009228;86;0.41134751773049644;4.128521126760563;6;0.85;0.15;2
200;176;0.88;7;0.88;5;1.76;8;0.5771276595744681;94;0.4760705289672544;3.093251533742331;7;0.85;0.15;2
200;203;1.015;9;1.015;6;2.03;12;0.5371857309357309;104;0.4651567944250871;5.082435344827586;8;0.85;0.15;2
200;208;1.04;7;1.04;5;2.08;7;0.6221288515406163;119;0.44548872180451127;4.16683266932271;9;0.85;0.15;2
200;197;0.985;7;0.985;4;1.97;9;0.6332493894993895;104;0.5170212765957447;2.898876404494382;0;0.85;0.25;2
200;199;0.995;10;0.995;4;1.99;10;0.6061455260570304;113;0.4486607142857143;2.622754491017964;1;0.85;0.25;2
200;222;1.11;13;1.11;4;2.22;13;0.5298764436379115;109;0.3914956011730205;4.572032618544246;2;0.85;0.25;2
200;239;1.195;14;1.195;5;2.39;14;0.4951809658231676;109;0.4045346062052506;4.872861216730038;3;0.85;0.25;2
200;236;1.18;12;1.18;6;2.36;12;0.5920542420542421;117;0.49794238683127573;3.33935209771641;4;0.85;0.25;2
200;290;1.45;18;1.45;5;2.9;19;0.6119726895257138;134;0.38786911412609737;4.395896328293737;5;0.85;0.25;2
200;208;1.04;15;1.04;4;2.08;15;0.5174596101066689;102;0.35294117647058826;4.1013824884792625;6;0.85;0.25;2
200;191;0.955;8;0.955;5;1.91;9;0.5944288826641768;102;0.4759916492693111;3.3458110516934045;7;0.85;0.25;2
200;219;1.095;12;1.095;7;2.19;13;0.5518972118028721;106;0.4667609618104668;5.409920634920635;8;0.85;0.25;2
200;235;1.175;9;1.175;6;2.35;9;0.6136435235671877;131;0.414985590778098;4.11124031007752;9;0.85;0.25;2
200;218;1.09;12;1.09;5;2.18;12;0.6335338211444406;113;0.4991922455573506;2.968926553672316;0;0.85;0.35;2
200;220;1.1;13;1.1;4;2.2;13;0.6118845800663981;121;0.40609137055837563;3.9138533178114088;1;0.85;0.35;2
200;264;1.32;22;1.32;4;2.64;22;0.5976261346496641;125;0.3496932515337423;4.002198285337437;2;0.85;0.35;2
200;277;1.385;21;1.385;6;2.77;22;0.5245043184214884;122;0.37933693138010793;4.285234272913945;3;0.85;0.35;2
200;275;1.375;18;1.375;6;2.75;18;0.6252739054154358;133;0.45;7.0627518710420265;4;0.85;0.35;2
200;326;1.63;22;1.63;7;3.26;23;0.599557287880793;141;0.363013698630137;4.645234291799787;5;0.85;0.35;2
200;243;1.215;24;1.215;5;2.43;24;0.5493187195826947;112;0.3194444444444444;3.9878373242113265;6;0.85;0.35;2
200;206;1.03;10;1.03;5;2.06;11;0.6074735449735449;108;0.4631217838765009;3.6232650363516195;7;0.85;0.35;2
200;240;1.2;15;1.2;7;2.4;15;0.5728965478965479;116;0.4720982142857143;5.495610826627652;8;0.85;0.35;2
200;274;1.37;13;1.37;6;2.74;13;0.6204373800802372;140;0.39660056657223797;5.441735629613062;9;0.85;0.35;2
200;239;1.195;18;1.195;5;2.39;18;0.6052162685646849;117;0.43937575030012005;4.208690987124464;0;0.85;0.45;2
200;255;1.275;22;1.275;5;2.55;22;0.6596311956777073;129;0.375;3.5504166666666666;1;0.85;0.45;2
200;299;1.495;28;1.495;5;2.99;28;0.6137581542156707;135;0.33653846153846156;4.51588132635253;2;0.85;0.45;2
200;314;1.57;28;1.57;6;3.14;28;0.5645357983703847;133;0.33623503808487487;3.9440603394091767;3;0.85;0.45;2
200;320;1.6;27;1.6;6;3.2;27;0.6786873279976728;145;0.3991494532199271;4.339750994737518;4;0.85;0.45;2
200;391;1.955;32;1.955;8;3.91;33;0.6694508653695125;159;0.327817993795243;4.2503472222222225;5;0.85;0.45;2
200;307;1.535;45;1.535;5;3.07;45;0.6222273483452747;133;0.23322005097706033;3.8088528105376014;6;0.85;0.45;2
200;230;1.15;13;1.15;6;2.3;14;0.6358762181771029;113;0.4591439688715953;4.278688524590164;7;0.85;0.45;2
200;276;1.38;20;1.38;7;2.76;20;0.6198714721970536;129;0.4728;5.4433097669547;8;0.85;0.45;2
200;317;1.585;15;1.585;6;3.17;15;0.6479317866304167;146;0.40109140518417463;5.148614609571789;9;0.85;0.45;2
200;283;1.415;22;1.415;6;2.83;22;0.6157551589684553;133;0.4213075060532688;5.75774173161997;0;0.85;0.55;2
200;306;1.53;46;1.53;5;3.06;46;0.6878533210917018;145;0.2471632955106068;3.385558583106267;1;0.85;0.55;2
200;361;1.805;36;1.805;5;3.61;36;0.6126521091070459;153;0.294984076433121;4.121622679927951;2;0.85;0.55;2
200;390;1.95;46;1.95;6;3.9;46;0.6730422530642673;158;0.2763966071950863;3.8421895006402047;3;0.85;0.55;2
200;382;1.91;35;1.91;6;3.82;35;0.7230806887677111;162;0.3485714285714286;3.8093429158110883;4;0.85;0.55;2
200;503;2.515;59;2.515;8;5.03;60;0.7172290572983071;174;0.24528301886792453;3.4214786832164057;5;0.85;0.55;2
200;399;1.995;81;1.995;6;3.99;81;0.7172220971507475;156;0.1678884319685321;2.975134496785199;6;0.85;0.55;2
200;265;1.325;16;1.325;7;2.65;16;0.6397116234325537;129;0.43478260869565216;4.107106426385583;7;0.85;0.55;2
200;314;1.57;23;1.57;7;3.14;23;0.6345016624497388;139;0.4479297365119197;5.888176638176638;8;0.85;0.55;2
200;358;1.79;19;1.79;6;3.58;19;0.6998789204962421;157;0.375;4.525493945188018;9;0.85;0.55;2
200;326;1.63;32;1.63;6;3.26;32;0.6608073114037496;144;0.3754010695187166;4.6174509430367685;0;0.85;0.65;2
200;366;1.83;71;1.83;6;3.66;71;0.7525896425657209;160;0.19342507645259938;3.4135691368651693;1;0.85;0.65;2
200;452;2.26;67;2.26;6;4.52;67;0.6755091541143219;173;0.22346698113207547;3.2648122051344894;2;0.85;0.65;2
200;481;2.405;65;2.405;6;4.81;65;0.7155767982988869;169;0.24408797750950884;3.211348572974435;3;0.85;0.65;2
200;467;2.335;51;2.335;6;4.67;51;0.7558073288718449;173;0.29534005037783373;3.4690603514132925;4;0.85;0.65;2
200;657;3.285;97;3.285;9;6.57;97;0.7910841152561756;191;0.19434479848069214;2.631795340338054;5;0.85;0.65;2
200;537;2.685;141;2.685;7;5.37;141;0.7915514373784138;183;0.12090947726306843;2.44150043145018;6;0.85;0.65;2
200;307;1.535;17;1.535;8;3.07;17;0.6667933793906977;136;0.4250474383301708;5.163459871728202;7;0.85;0.65;2
200;366;1.83;24;1.83;8;3.66;24;0.6662934977939241;153;0.43526785714285715;6.036172814346852;8;0.85;0.65;2
200;426;2.13;30;2.13;7;4.26;30;0.706180268870158;161;0.35818125579956694;4.915348320843742;9;0.85;0.65;2
200;397;1.985;57;1.985;7;3.97;57;0.6881025704817124;156;0.29310800105624507;5.032548585874546;0;0.85;0.75;2
200;439;2.195;116;2.195;6;4.39;116;0.7914545784156238;174;0.12941176470588237;2.574673366834171;1;0.85;0.75;2
200;588;2.94;115;2.94;7;5.88;115;0.742209392889532;187;0.17650099061073304;2.832260764924397;2;0.85;0.75;2
200;608;3.04;105;3.04;8;6.08;105;0.7496178849394669;186;0.18488372093023256;2.7806384092098377;3;0.85;0.75;2
200;578;2.89;70;2.89;8;5.78;70;0.782760342239223;184;0.2580796803384652;2.889205040357703;4;0.85;0.75;2
200;870;4.35;163;4.35;11;8.7;163;0.8411405332450466;199;0.15429202318520563;2.088793969849246;5;0.85;0.75;2
200;719;3.595;197;3.595;8;7.19;197;0.8446459794344019;198;0.11350665821179455;1.9754773869346733;6;0.85;0.75;2
200;352;1.76;22;1.76;9;3.52;22;0.6579344703076954;145;0.3794940079893475;4.9457934755948;7;0.85;0.75;2
200;427;2.135;29;2.135;8;4.27;30;0.6933532700871942;168;0.3930332922318126;5.001844532279315;8;0.85;0.75;2
200;514;2.57;45;2.57;7;5.14;45;0.7517195587017822;174;0.3316355404640634;4.546236059479554;9;0.85;0.75;2
200;499;2.495;91;2.495;8;4.99;91;0.7149371779912876;170;0.21098229073767358;3.750457904376934;0;0.85;0.85;2
200;552;2.76;177;2.76;7;5.52;177;0.8136719543503411;190;0.09672762271414823;2.0576713194324774;1;0.85;0.85;2
200;744;3.72;172;3.72;7;7.44;172;0.7798490471436934;198;0.14217024041585444;2.183065326633166;2;0.85;0.85;2
200;761;3.805;164;3.805;9;7.61;164;0.7885952044851585;193;0.14440350069092583;2.2309527435155574;3;0.85;0.85;2
200;740;3.7;128;3.7;9;7.4;128;0.8067906552856181;193;0.18871811123435273;2.3752601390792347;4;0.85;0.85;2
200;1085;5.425;199;5.425;11;10.85;199;0.8566995170376701;200;0.14425730862389455;1.9454773869346733;5;0.85;0.85;2
200;860;4.3;199;4.3;10;8.6;199;0.8485870786416138;200;0.12745881976651208;1.95678391959799;6;0.85;0.85;2
200;421;2.105;35;2.105;9;4.21;35;0.6889054767814516;158;0.3264038876889849;4.413004394726328;7;0.85;0.85;2
200;498;2.49;41;2.49;9;4.98;41;0.6977354931207799;173;0.359211337030191;4.202226653373214;8;0.85;0.85;2
200;639;3.195;72;3.195;8;6.39;72;0.7595132213847383;184;0.2810199509228635;3.4782451051486585;9;0.85;0.85;2
200;625;3.125;150;3.125;11;6.25;150;0.7609473973726705;188;0.1465820594173637;2.6030973222147407;0;0.85;0.95;2
200;636;3.18;199;3.18;7;6.36;199;0.8109882227597346;197;0.09715698393077873;1.968040201005025;1;0.85;0.95;2
200;891;4.455;199;4.455;8;8.91;199;0.8044568013057123;200;0.14304031488549618;1.9552261306532663;2;0.85;0.95;2
200;950;4.75;198;4.75;11;9.5;198;0.8079126722611356;198;0.13238874846369686;1.9585427135678393;3;0.85;0.95;2
200;948;4.74;181;4.74;10;9.48;181;0.8184878573624463;199;0.15082698871094777;1.976683417085427;4;0.85;0.95;2
200;1289;6.445;199;6.445;13;12.89;199;0.8337792488936264;200;0.1593160517261834;1.9352261306532663;5;0.85;0.95;2
200;1073;5.365;199;5.365;13;10.73;199;0.850092762542974;200;0.13264326112474656;1.9460804020100502;6;0.85;0.95;2
200;500;2.5;46;2.5;9;5.0;47;0.6912688196846656;170;0.2933493727444578;5.322230113636364;7;0.85;0.95;2
200;593;2.965;55;2.965;10;5.93;55;0.7147903660126955;181;0.30625;3.9128980032379923;8;0.85;0.95;2
200;819;4.095;120;4.095;12;8.19;120;0.7622214080642591;194;0.22155369788616155;2.631236993046038;9;0.85;0.95;2
200;213;1.065;7;1.065;4;2.13;8;0.6611644657863145;119;0.5378486055776892;3.1096491228070176;0;1.05;0.05;2
200;195;0.975;8;0.975;4;1.95;8;0.5619472789115647;112;0.47911547911547914;3.3681377825618943;1;1.05;0.05;2
200;219;1.095;10;1.095;4;2.19;10;0.49687590187590186;110;0.41624365482233505;4.110062893081761;2;1.05;0.05;2
200;241;1.205;11;1.205;5;2.41;11;0.47243420296517646;113;0.41603053435114506;6.402718446601941;3;1.05;0.05;2
200;231;1.155;8;1.155;5;2.31;8;0.5510428964974419;121;0.5362095531587057;3.8836784409257006;4;1.05;0.05;2
200;265;1.325;12;1.325;6;2.65;13;0.5811945630127449;132;0.44157303370786516;4.996949669547535;5;1.05;0.05;2
200;196;0.98;8;0.98;4;1.96;9;0.47371705963938976;103;0.3979591836734694;4.339362618432386;6;1.05;0.05;2
200;193;0.965;7;0.965;5;1.93;8;0.5625915750915751;104;0.46652267818574517;3.4133448873483534;7;1.05;0.05;2
200;232;1.16;10;1.16;7;2.32;12;0.5304502633770927;123;0.48807854137447404;5.522603978300181;8;1.05;0.05;2
200;232;1.16;7;1.16;5;2.32;7;0.6033591731266149;129;0.4385692068429238;6.167240010584811;9;1.05;0.05;2
200;220;1.1;7;1.1;4;2.2;9;0.6555293191656828;121;0.532608695652174;3.0010493179433366;0;1.05;0.15;2
200;208;1.04;8;1.04;4;2.08;8;0.5972323972323972;117;0.46496815286624205;3.3029721955896454;1;1.05;0.15;2
200;241;1.205;12;1.205;5;2.41;12;0.5172304155355003;118;0.41073825503355704;4.639933628318584;2;1.05;0.15;2
200;261;1.305;13;1.305;5;2.61;14;0.4744962065474886;117;0.3971486761710794;6.006046511627907;3;1.05;0.15;2
200;262;1.31;12;1.31;6;2.62;12;0.590538682664667;127;0.5170068027210885;3.9208799691238903;4;1.05;0.15;2
200;294;1.47;13;1.47;6;2.94;14;0.5755867941582227;140;0.41739130434782606;4.8699633699633695;5;1.05;0.15;2
200;233;1.165;12;1.165;4;2.33;12;0.5110561114659476;122;0.37448559670781895;4.476016445865692;6;1.05;0.15;2
200;206;1.03;8;1.03;5;2.06;9;0.5770569389835445;109;0.4797794117647059;3.764126149802891;7;1.05;0.15;2
200;253;1.265;12;1.265;7;2.53;13;0.5148318172127696;126;0.4689655172413793;5.359186268277178;8;1.05;0.15;2
200;262;1.31;9;1.31;6;2.62;9;0.5863880324311979;139;0.4190919674039581;8.927442061944985;9;1.05;0.15;2
200;241;1.205;9;1.205;5;2.41;10;0.6262093726379441;126;0.5121951219512195;2.9713292788879238;0;1.05;0.25;2
200;243;1.215;11;1.215;5;2.43;11;0.5636251775786658;129;0.42547033285094066;4.890978753047719;1;1.05;0.25;2
200;280;1.4;15;1.4;5;2.8;15;0.5602560200216451;128;0.4293527803099362;4.426914713698961;2;1.05;0.25;2
200;291;1.455;15;1.455;6;2.91;16;0.5036427461427462;130;0.4088709677419355;5.7016671541386374;3;1.05;0.25;2
200;292;1.46;17;1.46;6;2.92;17;0.6039490644742745;140;0.4779220779220779;4.730442035029191;4;1.05;0.25;2
200;341;1.705;22;1.705;6;3.41;23;0.6042144148957952;152;0.38453038674033146;4.8418457648546145;5;1.05;0.25;2
200;269;1.345;18;1.345;5;2.69;18;0.5835079320031441;129;0.3820627802690583;4.079181855002025;6;1.05;0.25;2
200;217;1.085;10;1.085;5;2.17;11;0.5917703417703418;111;0.5008103727714749;3.684312459651388;7;1.05;0.25;2
200;280;1.4;13;1.4;7;2.8;14;0.538076577207012;138;0.4860335195530726;5.263235729074238;8;1.05;0.25;2
200;292;1.46;12;1.46;6;2.92;12;0.6149928838285003;146;0.4382326420198377;8.72562191665792;9;1.05;0.25;2
200;272;1.36;14;1.36;5;2.72;14;0.5959020146520146;136;0.48050579557428874;4.872900158478606;0;1.05;0.35;2
200;264;1.32;17;1.32;5;2.64;17;0.5881961940159688;141;0.4004602991944764;4.7573221757322175;1;1.05;0.35;2
200;321;1.605;26;1.605;6;3.21;26;0.6014059795158528;137;0.3783146729522687;3.844805403666774;2;1.05;0.35;2
200;327;1.635;25;1.635;6;3.27;25;0.5433874296256148;138;0.3618421052631579;5.252818035426731;3;1.05;0.35;2
200;342;1.71;22;1.71;6;3.42;22;0.6850109126083153;154;0.44568408690546096;4.387115979995237;4;1.05;0.35;2
200;394;1.97;28;1.97;8;3.94;29;0.6491511258014437;163;0.37809187279151946;4.7228035676662685;5;1.05;0.35;2
200;309;1.545;30;1.545;5;3.09;30;0.617463968232334;138;0.3187066974595843;4.685870947234584;6;1.05;0.35;2
200;246;1.23;13;1.23;6;2.46;14;0.632157596501859;122;0.4679860302677532;4.134803921568627;7;1.05;0.35;2
200;313;1.565;17;1.565;7;3.13;17;0.5781068581926425;144;0.4830508474576271;5.532852903772785;8;1.05;0.35;2
200;334;1.67;15;1.67;6;3.34;15;0.6346781853493262;149;0.4076923076923077;7.687038226790877;9;1.05;0.35;2
200;307;1.535;19;1.535;6;3.07;19;0.6112833377636009;144;0.46153846153846156;4.694886363636364;0;1.05;0.45;2
200;312;1.56;30;1.56;5;3.12;30;0.6464754879233071;151;0.3257372654155496;5.175974372664175;1;1.05;0.45;2
200;370;1.85;31;1.85;6;3.7;31;0.6038255842204338;153;0.3353015605229861;4.378486636078946;2;1.05;0.45;2
200;396;1.98;34;1.98;6;3.96;34;0.6180673345281079;155;0.33612565445026177;4.799057668060256;3;1.05;0.45;2
200;397;1.985;31;1.985;6;3.97;31;0.6980146259834054;162;0.401500197394394;4.162293236338443;4;1.05;0.45;2
200;473;2.365;42;2.365;8;4.73;43;0.7028766857251396;171;0.31511470985155193;3.8293226904566264;5;1.05;0.45;2
200;377;1.885;50;1.885;6;3.77;50;0.6879976354167291;151;0.2477983601579107;3.449100169779287;6;1.05;0.45;2
200;279;1.395;15;1.395;7;2.79;15;0.6010022013671649;137;0.44395796847635727;5.490905750505236;7;1.05;0.45;2
200;355;1.775;23;1.775;8;3.55;23;0.6305134471263504;155;0.4649919828968466;5.8542243310926585;8;1.05;0.45;2
200;378;1.89;19;1.89;6;3.78;19;0.6709021485337275;162;0.3867298578199052;7.013098530053849;9;1.05;0.45;2
200;349;1.745;26;1.745;6;3.49;26;0.6507000407000407;150;0.434549356223176;4.49534352486382;0;1.05;0.55;2
200;367;1.835;54;1.835;5;3.67;54;0.7138396398072273;161;0.25346400811084824;4.648297455968689;1;1.05;0.55;2
200;443;2.215;46;2.215;6;4.43;46;0.6624029832355182;168;0.293274244004171;3.801375805651958;2;1.05;0.55;2
200;483;2.415;54;2.415;7;4.83;54;0.6674238843363706;170;0.3;4.236688055836992;3;1.05;0.55;2
200;476;2.38;43;2.38;6;4.76;43;0.7406026533756788;175;0.34667298129291974;3.611606829199747;4;1.05;0.55;2
200;604;3.02;70;3.02;8;6.04;71;0.7424382557917462;184;0.2501622323166775;2.99420601958673;5;1.05;0.55;2
200;494;2.47;95;2.47;6;4.94;95;0.7462008379450609;176;0.17915904936014626;2.9353985644125427;6;1.05;0.55;2
200;320;1.6;16;1.6;7;3.2;16;0.6228326457493123;144;0.43241511851377323;5.159652333028363;7;1.05;0.55;2
200;400;2.0;24;2.0;8;4.0;24;0.6783423047142559;164;0.4561544650040225;5.5170550847457624;8;1.05;0.55;2
200;447;2.235;26;2.235;7;4.47;26;0.7144422537744589;167;0.3833690003057169;5.098071555442781;9;1.05;0.55;2
200;412;2.06;44;2.06;7;4.12;44;0.6905869163274677;164;0.3550519357884797;5.120803800919075;0;1.05;0.65;2
200;430;2.15;83;2.15;6;4.3;83;0.7407819411725701;174;0.1947765311752805;3.0230097294226264;1;1.05;0.65;2
200;555;2.775;80;2.775;7;5.55;80;0.6898747552874134;182;0.2351923332889658;3.161705375640606;2;1.05;0.65;2
200;586;2.93;80;2.93;7;5.86;80;0.7134989976426006;179;0.241798826852053;3.02895942408377;3;1.05;0.65;2
200;563;2.815;56;2.815;9;5.63;56;0.7430687567722457;182;0.32233273056057865;3.0971691390814278;4;1.05;0.65;2
200;800;4.0;123;4.0;10;8.0;123;0.8021321796571301;196;0.19395232353213987;2.364905334754581;5;1.05;0.65;2
200;659;3.295;159;3.295;8;6.59;159;0.8162019841295379;192;0.13782660027719315;2.2588442211055275;6;1.05;0.65;2
200;370;1.85;21;1.85;8;3.7;22;0.6232517295627946;154;0.39404553415061294;6.991009071204945;7;1.05;0.65;2
200;450;2.25;28;2.25;8;4.5;28;0.6936204962537141;170;0.44613050075872535;4.7196890700540335;8;1.05;0.65;2
200;516;2.58;36;2.58;8;5.16;36;0.7329178352566234;175;0.36658031088082904;4.644563130100816;9;1.05;0.65;2
200;505;2.525;74;2.525;9;5.05;74;0.712436730968293;171;0.2735069885641677;3.907529239766082;0;1.05;0.75;2
200;543;2.715;143;2.715;7;5.43;143;0.7679782131786149;188;0.133648861843588;2.417432316550288;1;1.05;0.75;2
200;704;3.52;132;3.52;7;7.04;132;0.7582842437610923;194;0.18959668300037694;2.557889447236181;2;1.05;0.75;2
200;733;3.665;124;3.665;9;7.33;124;0.7490530114283035;191;0.1949180875961217;2.554844931729354;3;1.05;0.75;2
200;704;3.52;94;3.52;10;7.04;94;0.7760983062931816;193;0.24474687803783743;2.621206030150754;4;1.05;0.75;2
200;1030;5.15;178;5.15;11;10.3;178;0.8407687786433061;200;0.16447276291835877;1.9945226130653266;5;1.05;0.75;2
200;815;4.075;199;4.075;10;8.15;199;0.8414612538405984;200;0.13102143366729738;1.9590452261306532;6;1.05;0.75;2
200;435;2.175;30;2.175;9;4.35;30;0.6732437873697227;165;0.369364161849711;6.373555179268203;7;1.05;0.75;2
200;532;2.66;36;2.66;9;5.32;36;0.7016068706797607;180;0.39544637507489516;4.230570959931266;8;1.05;0.75;2
200;647;3.235;58;3.235;9;6.47;58;0.7702802754650787;186;0.32646536412078153;3.8125588697017267;9;1.05;0.75;2
200;623;3.115;113;3.115;11;6.23;113;0.7547439230060156;183;0.21630711180378967;3.4304138395400634;0;1.05;0.85;2
200;647;3.235;194;3.235;7;6.47;194;0.7997735307981892;195;0.10719347219239854;2.0061013125512717;1;1.05;0.85;2
200;882;4.41;190;4.41;9;8.82;190;0.7991136668995655;199;0.15982786228983187;2.016180904522613;2;1.05;0.85;2
200;930;4.65;178;4.65;11;9.3;178;0.7859831048128884;197;0.16111482849911268;2.0860301507537686;3;1.05;0.85;2
200;901;4.505;150;4.505;10;9.01;150;0.8090832675248096;196;0.1896557861388958;2.1444723618090453;4;1.05;0.85;2
200;1240;6.2;199;6.2;12;12.4;199;0.8440591313428263;200;0.16625042848048577;1.9376884422110552;5;1.05;0.85;2
200;1001;5.005;199;5.005;11;10.01;199;0.8500996256276488;200;0.1420279222320523;1.9496984924623115;6;1.05;0.85;2
200;520;2.6;43;2.6;9;5.2;43;0.6983781928606495;179;0.33598265895953755;5.940249759846302;7;1.05;0.85;2
200;610;3.05;49;3.05;10;6.1;49;0.7216192048407098;184;0.356774822448127;4.237186477644493;8;1.05;0.85;2
200;804;4.02;99;4.02;12;8.04;99;0.7727298337676091;192;0.27288629737609327;2.7560804020100504;9;1.05;0.85;2
200;771;3.855;174;3.855;13;7.71;174;0.7869650765115844;194;0.15826193390452875;2.2407035175879395;0;1.05;0.95;2
200;734;3.67;199;3.67;9;7.34;199;0.7983020118227767;200;0.12200684150513112;1.9631155778894471;1;1.05;0.95;2
200;1043;5.215;199;5.215;9;10.43;199;0.7977979198018251;200;0.16660891946740583;1.9475879396984925;2;1.05;0.95;2
200;1126;5.63;199;5.63;12;11.26;199;0.8012697091856782;200;0.15804764671702498;1.9434170854271358;3;1.05;0.95;2
200;1114;5.57;189;5.57;11;11.14;189;0.8197123461672331;200;0.1655312512824722;1.9445226130653266;4;1.05;0.95;2
200;1481;7.405;199;7.405;15;14.81;199;0.8405248211735484;200;0.1799820913341956;1.9255778894472362;5;1.05;0.95;2
200;1225;6.125;199;6.125;14;12.25;199;0.855321275922821;200;0.1471736622592954;1.9384422110552764;6;1.05;0.95;2
200;609;3.045;58;3.045;9;6.09;58;0.6928320259301078;186;0.28691633088409574;4.264309007084224;7;1.05;0.95;2
200;735;3.675;69;3.675;10;7.35;69;0.7043560961499785;192;0.3030586236193713;3.2955276381909546;8;1.05;0.95;2
200;996;4.98;154;4.98;13;9.96;154;0.7592884842714271;198;0.2206238377600786;2.22286432160804;9;1.05;0.95;2
200;237;1.185;7;1.185;5;2.37;8;0.6031376891842009;129;0.507177033492823;3.033868092691622;0;1.25;0.05;2
200;228;1.14;8;1.14;4;2.28;8;0.5767904011998499;127;0.4767857142857143;3.6627666896077082;1;1.25;0.05;2
200;252;1.26;10;1.26;4;2.52;10;0.5125128008192524;124;0.4447334200260078;4.904676718630207;2;1.25;0.05;2
200;280;1.4;12;1.4;6;2.8;13;0.47987268807581307;128;0.40298507462686567;6.61668011294877;3;1.25;0.05;2
200;275;1.375;9;1.375;6;2.75;9;0.6130564506504357;133;0.5364238410596026;4.3237862382116665;4;1.25;0.05;2
200;309;1.545;12;1.545;6;3.09;13;0.5970474715441159;149;0.44717444717444715;5.17412771560237;5;1.25;0.05;2
200;236;1.18;8;1.18;4;2.36;9;0.5271743408107045;121;0.4316860465116279;4.267691322446366;6;1.25;0.05;2
200;220;1.1;7;1.1;5;2.2;9;0.5816171482838149;117;0.51010101010101;5.142228093350947;7;1.25;0.05;2
200;276;1.38;12;1.38;8;2.76;13;0.5020870877488525;136;0.47633136094674555;5.10387323943662;8;1.25;0.05;2
200;270;1.35;8;1.35;6;2.7;9;0.6054405337014033;138;0.44224422442244227;8.168832575265323;9;1.25;0.05;2
200;262;1.31;9;1.31;5;2.62;10;0.6125396825396826;135;0.5036764705882353;4.10845383759733;0;1.25;0.15;2
200;256;1.28;10;1.28;5;2.56;10;0.5666029428803152;137;0.44248985115020295;4.835094460454691;1;1.25;0.15;2
200;287;1.435;14;1.435;5;2.87;14;0.5206450956450955;132;0.4361602982292637;4.553579895685159;2;1.25;0.15;2
200;308;1.54;14;1.54;6;3.08;14;0.4993231018778464;137;0.41729323308270677;6.344934625152855;3;1.25;0.15;2
200;309;1.545;13;1.545;7;3.09;13;0.6348229235553179;142;0.5144987572493787;5.1965897693079235;4;1.25;0.15;2
200;342;1.71;18;1.71;6;3.42;19;0.6088737684431464;154;0.4169184290030212;8.555324314949706;5;1.25;0.15;2
200;273;1.365;14;1.365;5;2.73;14;0.577293444469017;131;0.3899430740037951;4.196848823294775;6;1.25;0.15;2
200;234;1.17;9;1.17;5;2.34;10;0.5790553619821913;123;0.504424778761062;4.864944961896698;7;1.25;0.15;2
200;302;1.51;13;1.51;8;3.02;14;0.5565653096903097;144;0.49232012934519;5.363805536171203;8;1.25;0.15;2
200;304;1.52;10;1.52;6;3.04;10;0.6113409961685824;145;0.4424552429667519;8.078942553969997;9;1.25;0.15;2
200;294;1.47;11;1.47;5;2.94;11;0.615450937950938;140;0.514526710402999;4.929870892018779;0;1.25;0.25;2
200;282;1.41;13;1.41;5;2.82;13;0.5907836011862858;149;0.42303552206673845;5.463480240016553;1;1.25;0.25;2
200;329;1.645;20;1.645;6;3.29;20;0.5523952810417729;142;0.4016189290161893;4.315163681284743;2;1.25;0.25;2
200;344;1.72;20;1.72;7;3.44;21;0.5003503132854874;147;0.3954154727793696;6.0493920398761425;3;1.25;0.25;2
200;345;1.725;18;1.725;7;3.45;18;0.6600793212635317;152;0.47779187817258884;4.936392993443586;4;1.25;0.25;2
200;395;1.975;23;1.975;8;3.95;24;0.6517486057806614;163;0.4074074074074074;4.758570492757842;5;1.25;0.25;2
200;299;1.495;19;1.495;5;2.99;19;0.6203481745815843;138;0.4004524886877828;4.541891301180242;6;1.25;0.25;2
200;261;1.305;12;1.305;6;2.61;12;0.6493381722705031;133;0.49268841394825647;4.553893233594016;7;1.25;0.25;2
200;336;1.68;16;1.68;8;3.36;16;0.6077072486012883;151;0.4839331619537275;5.127842655193608;8;1.25;0.25;2
200;337;1.685;13;1.685;6;3.37;13;0.6466592364551548;147;0.43529411764705883;7.655333911535125;9;1.25;0.25;2
200;323;1.615;17;1.615;6;3.23;17;0.6091760239500792;151;0.49581111957349583;4.796833130328867;0;1.25;0.35;2
200;316;1.58;20;1.58;5;3.16;20;0.6155155101024522;158;0.4031620553359684;5.358658346333853;1;1.25;0.35;2
200;374;1.87;28;1.87;6;3.74;28;0.5717491710069308;156;0.36038077969174975;4.659416445623342;2;1.25;0.35;2
200;402;2.01;27;2.01;8;4.02;27;0.5695258257725886;159;0.3816091954022989;5.012637133731427;3;1.25;0.35;2
200;407;2.035;24;2.035;7;4.07;24;0.6528870475759307;167;0.4358538657604078;4.416027990669777;4;1.25;0.35;2
200;458;2.29;33;2.29;8;4.58;34;0.6797581836948501;173;0.37736389684813754;4.404534393732566;5;1.25;0.35;2
200;364;1.82;40;1.82;6;3.64;40;0.6666308825569435;153;0.30439952437574314;4.272202166064982;6;1.25;0.35;2
200;291;1.455;13;1.455;7;2.91;14;0.6187716039828716;142;0.46940559440559443;5.598418573351279;7;1.25;0.35;2
200;378;1.89;23;1.89;8;3.78;23;0.6387525053094107;160;0.4871060171919771;5.525179856115108;8;1.25;0.35;2
200;392;1.96;17;1.96;7;3.92;18;0.6906838471380955;162;0.40771349862258954;4.824362606232294;9;1.25;0.35;2
200;367;1.835;22;1.835;7;3.67;22;0.6334761186481834;156;0.4630021141649049;5.534312696747114;0;1.25;0.45;2
200;377;1.885;40;1.885;5;3.77;40;0.6732204323065667;168;0.3192291579388354;4.7255582377791185;1;1.25;0.45;2
200;443;2.215;35;2.215;6;4.43;35;0.6256194012080946;169;0.3434065934065934;4.087233268671193;2;1.25;0.45;2
200;478;2.39;44;2.39;8;4.78;44;0.635393511432328;168;0.3474714518760196;4.172885182165925;3;1.25;0.45;2
200;473;2.365;36;2.365;7;4.73;36;0.7005258301435897;179;0.398989898989899;3.936888148302437;4;1.25;0.45;2
200;567;2.835;50;2.835;8;5.67;51;0.6998879937730059;183;0.3023897058823529;3.471665532939145;5;1.25;0.45;2
200;459;2.295;64;2.295;6;4.59;64;0.7037283017439385;166;0.246947617172115;3.285541822362748;6;1.25;0.45;2
200;336;1.68;16;1.68;7;3.36;17;0.6311659430748243;153;0.4539227895392279;4.877333722287048;7;1.25;0.45;2
200;416;2.08;24;2.08;8;4.16;24;0.6719631522816828;165;0.4733231707317073;5.579987368041144;8;1.25;0.45;2
200;459;2.295;24;2.295;8;4.59;24;0.7122472428124266;168;0.40239410681399634;4.798080541964622;9;1.25;0.45;2
200;418;2.09;32;2.09;8;4.18;32;0.6763697667164532;168;0.4282477341389728;5.172518267688469;0;1.25;0.55;2
200;428;2.14;66;2.14;6;4.28;66;0.664130807962471;177;0.244228432563791;3.6936031247998975;1;1.25;0.55;2
200;543;2.715;58;2.715;7;5.43;58;0.7002015122055985;183;0.2991079237362253;3.521469771416364;2;1.25;0.55;2
200;575;2.875;62;2.875;8;5.75;62;0.6880307203994128;179;0.30364715860899066;3.6593130708829658;3;1.25;0.55;2
200;559;2.795;52;2.795;8;5.59;52;0.7167773504900542;186;0.348159509202454;3.2309236947791167;4;1.25;0.55;2
200;708;3.54;83;3.54;9;7.08;83;0.7380899772126682;192;0.25029543843063107;2.7427034160702504;5;1.25;0.55;2
200;594;2.97;114;2.97;7;5.94;114;0.771693846322871;189;0.17995385798513203;2.610019795949444;6;1.25;0.55;2
200;392;1.96;19;1.96;8;3.92;20;0.6263796712187389;159;0.4302127659574468;5.448926291352293;7;1.25;0.55;2
200;460;2.3;26;2.3;8;4.6;26;0.6717821618262749;173;0.46026894865525675;5.434114603746963;8;1.25;0.55;2
200;524;2.62;29;2.62;8;5.24;29;0.7324395377834432;171;0.41074285714285713;4.464652460378702;9;1.25;0.55;2
200;493;2.465;53;2.465;9;4.93;53;0.7025815898717908;173;0.3568281938325991;5.057751343054489;0;1.25;0.65;2
200;508;2.54;98;2.54;7;5.08;98;0.6799754424603074;189;0.196327868852459;3.117157265157734;1;1.25;0.65;2
200;663;3.315;95;3.315;8;6.63;95;0.7340542439888071;191;0.24350469872857933;2.9204522613065325;2;1.25;0.65;2
200;703;3.515;93;3.515;10;7.03;93;0.7171819712518824;188;0.2489616982002769;2.8131150937532374;3;1.25;0.65;2
200;666;3.33;65;3.33;10;6.66;65;0.7358256705249774;192;0.31178052716514254;2.9590482356749757;4;1.25;0.65;2
200;929;4.645;140;4.645;12;9.29;140;0.8066142267635625;199;0.19821260910387037;2.2210040099487336;5;1.25;0.65;2
200;763;3.815;176;3.815;9;7.63;176;0.8135221502738466;198;0.1449867756672277;2.1062311557788944;6;1.25;0.65;2
200;445;2.225;23;2.225;9;4.45;23;0.6523210617494987;175;0.4195603695444409;6.06078673245614;7;1.25;0.65;2
200;538;2.69;33;2.69;9;5.38;34;0.6799882586946061;182;0.4230287859824781;4.481966719373541;8;1.25;0.65;2
200;630;3.15;46;3.15;9;6.3;46;0.7581370292635744;184;0.37070549978792594;3.962516521279408;9;1.25;0.65;2
200;601;3.005;85;3.005;10;6.01;85;0.7526712999145073;182;0.2813778990450205;3.812923898531375;0;1.25;0.75;2
200;634;3.17;162;3.17;7;6.34;162;0.7616304711337927;196;0.1390625;2.507080858839653;1;1.25;0.75;2
200;838;4.19;149;4.19;9;8.38;149;0.7632767763464728;199;0.20324253609307105;2.3328140703517586;2;1.25;0.75;2
200;874;4.37;150;4.37;10;8.74;150;0.7571535594100701;197;0.19546440544271346;2.3180041622252676;3;1.25;0.75;2
200;825;4.125;112;4.125;10;8.25;112;0.7771367512947498;195;0.23970826580226903;2.440100502512563;4;1.25;0.75;2
200;1170;5.85;190;5.85;12;11.7;190;0.8411429566051143;200;0.17664131885992918;1.9550251256281408;5;1.25;0.75;2
200;933;4.665;199;4.665;11;9.33;199;0.8303846189023025;200;0.1511735844052513;1.9531155778894473;6;1.25;0.75;2
200;524;2.62;39;2.62;9;5.24;39;0.7013687350047543;181;0.3778874629812438;5.244617498854787;7;1.25;0.75;2
200;610;3.05;45;3.05;9;6.1;45;0.7006820767411167;186;0.3827290506995637;4.387608373863396;8;1.25;0.75;2
200;769;3.845;76;3.845;12;7.69;76;0.7616766203336521;192;0.32377656945130995;2.970153799299528;9;1.25;0.75;2
200;733;3.665;135;3.665;11;7.33;135;0.7628424593478259;190;0.21269767170449905;2.6261977521106337;0;1.25;0.85;2
200;745;3.725;197;3.725;9;7.45;197;0.782397245788595;200;0.13036335901748347;1.9812562814070351;1;1.25;0.85;2
200;1020;5.1;196;5.1;9;10.2;196;0.7989021629971227;200;0.18081870692301252;1.961356783919598;2;1.25;0.85;2
200;1089;5.445;191;5.445;12;10.89;191;0.7890277987283002;197;0.17463348107739515;1.978643216080402;3;1.25;0.85;2
200;1037;5.185;172;5.185;11;10.37;172;0.8101629552672767;199;0.18637433551083019;2.0020100502512563;4;1.25;0.85;2
200;1408;7.04;199;7.04;14;14.08;199;0.8408692008580567;200;0.18779939802450293;1.929246231155779;5;1.25;0.85;2
200;1153;5.765;199;5.765;14;11.53;199;0.8411046549340722;200;0.15865358653586537;1.9420603015075377;6;1.25;0.85;2
200;613;3.065;51;3.065;9;6.13;51;0.7085677569837324;188;0.33455353640998825;4.665044733950714;7;1.25;0.85;2
200;721;3.605;58;3.605;10;7.21;58;0.7032719032717816;193;0.3436569386539607;3.523069894929191;8;1.25;0.85;2
200;944;4.72;119;4.72;12;9.44;119;0.76909306633823;196;0.2684276033743604;2.525929648241206;9;1.25;0.85;2
200;893;4.465;190;4.465;13;8.93;190;0.7977162917283052;197;0.16511158744168453;2.0409045226130655;0;1.25;0.95;2
200;839;4.195;199;4.195;9;8.39;199;0.7765109764266479;200;0.14685314685314685;1.9578391959798995;1;1.25;0.95;2
200;1195;5.975;199;5.975;11;11.95;199;0.7903357199344981;200;0.18527196652719666;1.9399497487437185;2;1.25;0.95;2
200;1268;6.34;199;6.34;12;12.68;199;0.7880699150922468;200;0.18087828311837503;1.936281407035176;3;1.25;0.95;2
200;1275;6.375;199;6.375;12;12.75;199;0.80841050427939;200;0.17517380319368528;1.935929648241206;4;1.25;0.95;2
200;1695;8.475;199;8.475;16;16.95;199;0.8319932307618427;200;0.1957580583447948;1.914824120603015;5;1.25;0.95;2
200;1377;6.885;199;6.885;15;13.77;199;0.8440300705790998;200;0.16551887288402903;1.9308040201005026;6;1.25;0.95;2
200;745;3.725;72;3.725;9;7.45;72;0.6802339983178841;198;0.2794649881982691;3.6174371859296484;7;1.25;0.95;2
200;858;4.29;80;4.29;11;8.58;80;0.6942482361443614;198;0.296298615895284;2.985829145728643;8;1.25;0.95;2
200;1142;5.71;173;5.71;13;11.42;173;0.7721909023156694;198;0.22479672636445766;2.055929648241206;9;1.25;0.95;2
200;281;1.405;9;1.405;5;2.81;10;0.594304717192041;142;0.5181518151815182;4.119585687382298;0;1.45;0.05;2
200;270;1.35;9;1.35;5;2.7;9;0.5669602087410307;146;0.45652173913043476;6.71732702542874;1;1.45;0.05;2
200;293;1.465;11;1.465;5;2.93;11;0.5115397984011123;137;0.4351145038167939;6.335067241816798;2;1.45;0.05;2
200;325;1.625;13;1.625;7;3.25;14;0.4863829093281148;146;0.4258741258741259;6.809004627813946;3;1.45;0.05;2
200;320;1.6;12;1.6;7;3.2;12;0.6117271234512613;145;0.5132530120481927;5.217056190949776;4;1.45;0.05;2
200;344;1.72;13;1.72;6;3.44;15;0.6208321785741141;155;0.4579560155239327;7.725664536445309;5;1.45;0.05;2
200;270;1.35;10;1.35;5;2.7;12;0.5344898565486801;136;0.42764578833693306;5.49682763482552;6;1.45;0.05;2
200;258;1.29;9;1.29;5;2.58;10;0.5651960784313725;136;0.49104859335038364;5.2379986477349565;7;1.45;0.05;2
200;313;1.565;12;1.565;8;3.13;13;0.5544914370256836;146;0.4887509697439876;5.279097387173397;8;1.45;0.05;2
200;324;1.62;9;1.62;6;3.24;10;0.6047192926387558;149;0.4523990860624524;5.659947183098591;9;1.45;0.05;2
200;310;1.55;10;1.55;6;3.1;11;0.5987469937469937;150;0.5270629991126885;8.513189790389276;0;1.45;0.15;2
200;292;1.46;10;1.46;5;2.92;10;0.5865182436611007;154;0.45855758880516684;6.3180695420862625;1;1.45;0.15;2
200;336;1.68;15;1.68;6;3.36;15;0.5385150752497692;147;0.41879194630872485;5.82895256916996;2;1.45;0.15;2
200;357;1.785;16;1.785;8;3.57;17;0.5086542424293972;152;0.42663656884875845;6.046334519572953;3;1.45;0.15;2
200;352;1.76;15;1.76;7;3.52;15;0.635217450677977;152;0.5019083969465649;5.070967741935484;4;1.45;0.15;2
200;404;2.02;19;2.02;7;4.04;20;0.6184168073641757;165;0.4415295686971988;5.216619318181818;5;1.45;0.15;2
200;307;1.535;15;1.535;5;3.07;15;0.5833292193432054;143;0.42213438735177866;4.979;6;1.45;0.15;2
200;274;1.37;10;1.37;6;2.74;11;0.5691305916305915;140;0.504424778761062;4.979259731971921;7;1.45;0.15;2
200;339;1.695;14;1.695;8;3.39;14;0.5947501300442477;153;0.5051813471502591;5.669969374887407;8;1.45;0.15;2
200;355;1.775;11;1.775;7;3.55;12;0.6284855130249868;152;0.45996275605214154;5.395162635529608;9;1.45;0.15;2
200;337;1.685;13;1.685;6;3.37;13;0.5912563020843276;157;0.5085501858736059;7.736857885268838;0;1.45;0.25;2
200;323;1.615;14;1.615;5;3.23;14;0.5854614369951794;163;0.4303691275167785;7.108939194931623;1;1.45;0.25;2
200;380;1.9;24;1.9;6;3.8;24;0.5554156711315392;157;0.3979739507959479;4.661483344767132;2;1.45;0.25;2
200;402;2.01;21;2.01;8;4.02;22;0.5485323082425014;158;0.4226932668329177;5.54202480152221;3;1.45;0.25;2
200;402;2.01;21;2.01;7;4.02;21;0.6562783267602544;166;0.4613233923578751;4.7576545114919195;4;1.45;0.25;2
200;450;2.25;24;2.25;8;4.5;25;0.6436823256943558;175;0.4251968503937008;4.754511492433356;5;1.45;0.25;2
200;351;1.755;25;1.755;5;3.51;25;0.6008319348054447;151;0.37299893276414087;4.538036915646024;6;1.45;0.25;2
200;311;1.555;13;1.555;7;3.11;14;0.5994157594828735;149;0.49474535165723527;5.673324043969655;7;1.45;0.25;2
200;382;1.91;18;1.91;8;3.82;18;0.6276750200371524;160;0.5031972454500738;5.231868793259103;8;1.45;0.25;2
200;402;2.01;16;2.01;7;4.02;17;0.6477068145592078;161;0.43568464730290457;5.338113158577731;9;1.45;0.25;2
200;375;1.875;18;1.875;7;3.75;18;0.6294788047984979;161;0.49888392857142855;6.985704626678258;0;1.45;0.35;2
200;373;1.865;26;1.865;5;3.73;26;0.6397172127807966;173;0.38057324840764334;5.14276476505245;1;1.45;0.35;2
200;449;2.245;29;2.245;6;4.49;29;0.6073961456553206;172;0.38461538461538464;4.575922935575478;2;1.45;0.35;2
200;474;2.37;29;2.37;8;4.74;29;0.6137771918746256;172;0.39840410373325735;4.644053081979412;3;1.45;0.35;2
200;467;2.335;28;2.335;7;4.67;28;0.6532829355780446;178;0.445243543641713;4.110015408320493;4;1.45;0.35;2
200;534;2.67;35;2.67;9;5.34;36;0.6708140203035257;182;0.3840255591054313;3.962256563451485;5;1.45;0.35;2
200;436;2.18;46;2.18;6;4.36;46;0.6571865184407747;169;0.30293706293706296;3.7051657760156296;6;1.45;0.35;2
200;349;1.745;15;1.745;7;3.49;16;0.5962308788258155;158;0.45676004872107184;6.108875859280227;7;1.45;0.35;2
200;422;2.11;25;2.11;8;4.22;25;0.6509833482732642;168;0.4876847290640394;4.902504998235917;8;1.45;0.35;2
200;450;2.25;20;2.25;7;4.5;21;0.6882201535175883;168;0.4235048678720445;4.982123816094838;9;1.45;0.35;2
200;427;2.135;26;2.135;8;4.27;26;0.6702925218494081;167;0.46737841043890865;4.994208322195491;0;1.45;0.45;2
200;424;2.12;46;2.12;6;4.24;46;0.6426932519150387;182;0.31711409395973156;4.60534243824061;1;1.45;0.45;2
200;534;2.67;38;2.67;7;5.34;38;0.6560744270157256;182;0.35788313120176407;3.9063317634746206;2;1.45;0.45;2
200;563;2.815;51;2.815;8;5.63;51;0.6717575879369643;178;0.34631288766368024;3.7517439243924393;3;1.45;0.45;2
200;536;2.68;40;2.68;7;5.36;40;0.6888198904735797;186;0.3905588484335309;3.4421535721624767;4;1.45;0.45;2
200;662;3.31;58;3.31;9;6.62;58;0.7030341036050831;188;0.31713992473486147;3.08521765882172;5;1.45;0.45;2
200;543;2.715;74;2.715;6;5.43;74;0.6960150086528165;179;0.24971198156682028;3.109338581861501;6;1.45;0.45;2
200;398;1.99;17;1.99;8;3.98;18;0.5942736244384011;166;0.44947735191637633;6.721834568978049;7;1.45;0.45;2
200;468;2.34;26;2.34;8;4.68;26;0.6565459286642557;173;0.47733580018501387;5.164305071622144;8;1.45;0.45;2
200;531;2.655;25;2.655;8;5.31;25;0.7158187827480094;173;0.4395941481831052;4.5021235286979735;9;1.45;0.45;2
200;485;2.425;37;2.425;9;4.85;37;0.6934515134039241;175;0.42446448703494927;5.271151358344114;0;1.45;0.55;2
200;497;2.485;73;2.485;7;4.97;73;0.678688491770286;189;0.257366654233495;3.4439275220372183;1;1.45;0.55;2
200;641;3.205;68;3.205;7;6.41;68;0.7020654076486716;188;0.3048472607927291;3.2160296431653217;2;1.45;0.55;2
200;663;3.315;69;3.315;9;6.63;69;0.7025265694757565;183;0.3125602312881465;3.116446771005822;3;1.45;0.55;2
200;627;3.135;53;3.135;9;6.27;53;0.712172685576323;190;0.3603855287051264;3.4304643135508295;4;1.45;0.55;2
200;832;4.16;94;4.16;10;8.32;95;0.769139319769139;195;0.26000343465567577;2.5414953555657074;5;1.45;0.55;2
200;680;3.4;128;3.4;8;6.8;128;0.769771613701888;197;0.18621652156576063;2.464595705801736;6;1.45;0.55;2
200;447;2.235;22;2.235;8;4.47;23;0.6235648413444544;177;0.42207578253706757;5.838197013289491;7;1.45;0.55;2
200;536;2.68;28;2.68;9;5.36;28;0.6541468002273816;180;0.46481778592711437;5.49604082350871;8;1.45;0.55;2
200;615;3.075;35;3.075;9;6.15;35;0.7211366752342555;180;0.4123128119800333;3.8246726557454056;9;1.45;0.55;2
200;582;2.91;65;2.91;10;5.82;65;0.7280918371775569;180;0.34796238244514105;3.929960602839097;0;1.45;0.65;2
200;597;2.985;115;2.985;8;5.97;115;0.7186805943195641;194;0.19986732373009855;2.8862208882218887;1;1.45;0.65;2
200;796;3.98;116;3.98;10;7.96;116;0.7475002509347763;197;0.25272739009747597;2.621206030150754;2;1.45;0.65;2
200;809;4.045;108;4.045;10;8.09;108;0.7334954036280875;196;0.2489553292919781;2.6238769605603776;3;1.45;0.65;2
200;754;3.77;77;3.77;10;7.54;77;0.7353103405797953;194;0.29792260692464356;2.7387581397733682;4;1.45;0.65;2
200;1055;5.275;150;5.275;12;10.55;150;0.8112091015388675;199;0.21039464807735553;2.12476524034313;5;1.45;0.65;2
200;866;4.33;186;4.33;11;8.66;186;0.8115071800117231;200;0.16222768443381932;2.033668341708543;6;1.45;0.65;2
200;520;2.6;28;2.6;9;5.2;28;0.6824624437156408;185;0.4118457300275482;5.161970416973428;7;1.45;0.65;2
200;609;3.045;37;3.045;9;6.09;37;0.6804159021363884;186;0.4198207171314741;4.550154897980985;8;1.45;0.65;2
200;735;3.675;54;3.675;10;7.35;54;0.7449066390494514;190;0.36853582554517134;3.2008895866038722;9;1.45;0.65;2
200;690;3.45;103;3.45;11;6.9;103;0.7516912218410896;189;0.2713301981860934;3.249443207126949;0;1.45;0.75;2
200;726;3.63;174;3.63;8;7.26;174;0.7547232295796116;198;0.15335187494005947;2.223819095477387;1;1.45;0.75;2
200;970;4.85;171;4.85;10;9.7;171;0.7838263936464597;199;0.2091491697057678;2.1414070351758796;2;1.45;0.75;2
200;1019;5.095;164;5.095;12;10.19;164;0.7687054293177885;197;0.2075684576446911;2.1534439876148417;3;1.45;0.75;2
200;940;4.7;135;4.7;11;9.4;135;0.7685584814388199;197;0.2295618834617996;2.2710552763819094;4;1.45;0.75;2
200;1312;6.56;196;6.56;12;13.12;196;0.8367622689471985;200;0.1896681626101484;1.934824120603015;5;1.45;0.75;2
200;1052;5.26;199;5.26;11;10.52;199;0.8260439657846987;200;0.1677940364439536;1.9471356783919598;6;1.45;0.75;2
200;601;3.005;46;3.005;9;6.01;46;0.6958583430300952;193;0.36836485661989016;5.169107123197182;7;1.45;0.75;2
200;706;3.53;49;3.53;10;7.06;49;0.6851993598747447;191;0.3865430827325781;4.0487284909395465;8;1.45;0.75;2
200;884;4.42;90;4.42;12;8.84;90;0.769842757696228;195;0.31613691931540344;2.7557286432160804;9;1.45;0.75;2
200;836;4.18;159;4.18;13;8.36;159;0.7746779716905196;195;0.20154802800365265;2.3092660693012896;0;1.45;0.85;2
200;835;4.175;199;4.175;9;8.35;199;0.7666320648289551;200;0.15155969881678022;1.958040201005025;1;1.45;0.85;2
200;1137;5.685;199;5.685;11;11.37;199;0.7958553518663742;200;0.1995162354320897;1.9428643216080401;2;1.45;0.85;2
200;1237;6.185;197;6.185;12;12.37;197;0.7812376541049967;199;0.19247120661668085;1.9490954773869347;3;1.45;0.85;2
200;1174;5.87;183;5.87;12;11.74;183;0.7954067445768229;199;0.19625497488092908;1.9584924623115578;4;1.45;0.85;2
200;1561;7.805;199;7.805;14;15.61;199;0.8315143917444178;200;0.20260304229007825;1.9215577889447235;5;1.45;0.85;2
200;1299;6.495;199;6.495;15;12.99;199;0.8315622512841782;200;0.17554839315329976;1.9347236180904523;6;1.45;0.85;2
200;709;3.545;57;3.545;9;7.09;57;0.6662786837886456;198;0.32140750933752704;3.832445053550581;7;1.45;0.85;2
200;839;4.195;71;4.195;11;8.39;71;0.697837419904755;196;0.33649529326574945;3.197386934673367;8;1.45;0.85;2
200;1074;5.37;136;5.37;12;10.74;136;0.759758179228799;198;0.27014521640091116;2.3002010050251256;9;1.45;0.85;2
200;1002;5.01;196;5.01;13;10.02;196;0.7961334722485501;198;0.17680408196322994;1.9734170854271358;0;1.45;0.95;2
200;944;4.72;199;4.72;10;9.44;199;0.7618460317098652;200;0.1699500334171414;1.9525628140703517;1;1.45;0.95;2
200;1342;6.71;199;6.71;13;13.42;199;0.7824488730273447;200;0.20438301354914976;1.9325628140703517;2;1.45;0.95;2
200;1435;7.175;199;7.175;13;14.35;199;0.7765422530275664;200;0.20810161877468825;1.927889447236181;3;1.45;0.95;2
200;1432;7.16;199;7.16;13;14.32;199;0.8073497008853618;200;0.19289441418836076;1.928040201005025;4;1.45;0.95;2
200;1869;9.345;199;9.345;18;18.69;199;0.8235830264153087;200;0.20825795947901593;1.9060804020100504;5;1.45;0.95;2
200;1517;7.585;199;7.585;15;15.17;199;0.8342885587544402;200;0.1785194914856687;1.9237688442211056;6;1.45;0.95;2
200;852;4.26;83;4.26;12;8.52;83;0.6848884400827774;200;0.27401463299504364;3.1715577889447237;7;1.45;0.95;2
200;1014;5.07;95;5.07;15;10.14;95;0.6918659994952199;199;0.2920460632029995;2.69713567839196;8;1.45;0.95;2
200;1279;6.395;181;6.395;14;12.79;181;0.7682600031274669;199;0.23372008861009366;1.9923618090452262;9;1.45;0.95;2
200;311;1.555;9;1.555;5;3.11;10;0.5953257060399917;154;0.5192307692307693;8.72306157354618;0;1.65;0.05;2
200;307;1.535;10;1.535;5;3.07;10;0.5523310372366976;159;0.44433399602385687;8.587230424364227;1;1.65;0.05;2
200;342;1.71;13;1.71;6;3.42;13;0.5028993005503073;149;0.42857142857142855;6.349243045715564;2;1.65;0.05;2
200;368;1.84;13;1.84;7;3.68;14;0.5238894652356191;156;0.429770565193061;5.996085687851399;3;1.65;0.05;2
200;364;1.82;13;1.82;7;3.64;13;0.5855058361551868;154;0.5151515151515151;5.503325740318907;4;1.65;0.05;2
200;393;1.965;13;1.965;6;3.93;17;0.5934148969108463;167;0.46236559139784944;5.372444897068451;5;1.65;0.05;2
200;318;1.59;11;1.59;5;3.18;13;0.5574676628367904;149;0.43030794165316044;5.1957452686835195;6;1.65;0.05;2
200;288;1.44;9;1.44;6;2.88;10;0.5623732363315697;144;0.48787878787878786;6.549538461538462;7;1.65;0.05;2
200;351;1.755;13;1.755;8;3.51;15;0.5879430726056493;163;0.5103969754253308;5.6532791052364;8;1.65;0.05;2
200;358;1.79;10;1.79;7;3.58;11;0.6042115292115292;156;0.45477230193387397;5.557110818962184;9;1.65;0.05;2
200;342;1.71;10;1.71;6;3.42;11;0.5980262445887445;160;0.5067873303167421;7.582514007823237;0;1.65;0.15;2
200;336;1.68;11;1.68;5;3.36;11;0.5643660730487078;167;0.4296;7.1251454333915065;1;1.65;0.15;2
200;386;1.93;16;1.93;6;3.86;16;0.5427321272257982;158;0.43431221020092736;6.000061345929698;2;1.65;0.15;2
200;412;2.06;18;2.06;8;4.12;18;0.5848820292342486;163;0.44013490725126475;5.2667445215360305;3;1.65;0.15;2
200;411;2.055;16;2.055;7;4.11;16;0.5884578603513516;169;0.4923153197818542;4.911277084701248;4;1.65;0.15;2
200;452;2.26;24;2.26;8;4.52;25;0.6527395469013966;173;0.45114345114345117;4.6845170454545455;5;1.65;0.15;2
200;356;1.78;18;1.78;5;3.56;18;0.5641811010202671;158;0.4184354154032747;5.757311863292803;6;1.65;0.15;2
200;315;1.575;11;1.575;7;3.15;12;0.5861920361920362;148;0.504739336492891;7.178898007033998;7;1.65;0.15;2
200;387;1.935;16;1.935;8;3.87;16;0.6077724651519831;166;0.5072536268134067;5.208326787117047;8;1.65;0.15;2
200;398;1.99;13;1.99;7;3.98;14;0.6276107572982573;160;0.45132743362831856;5.466639817425158;9;1.65;0.15;2
200;370;1.85;13;1.85;7;3.7;13;0.6012863336937412;162;0.506832298136646;6.009752800308999;0;1.65;0.25;2
200;376;1.88;17;1.88;6;3.76;17;0.6176406323548703;176;0.4232142857142857;5.827633280643771;1;1.65;0.25;2
200;443;2.215;26;2.215;6;4.43;26;0.594093349216632;167;0.4085432639649507;4.6073571771483435;2;1.65;0.25;2
200;472;2.36;25;2.36;8;4.72;25;0.6178614754407817;171;0.4133252939403075;4.822832692546199;3;1.65;0.25;2
200;462;2.31;22;2.31;7;4.62;22;0.6226838760737066;177;0.4683406113537118;4.367748046412503;4;1.65;0.25;2
200;513;2.565;28;2.565;9;5.13;29;0.663171064151923;183;0.4291297550807712;4.304279658556414;5;1.65;0.25;2
200;417;2.085;28;2.085;6;4.17;28;0.5982876610240055;168;0.38392508778774875;4.556742793401045;6;1.65;0.25;2
200;350;1.75;14;1.75;7;3.5;15;0.5843433645320437;159;0.4684572142410993;6.117184427841132;7;1.65;0.25;2
200;430;2.15;23;2.15;8;4.3;23;0.6342740595230837;171;0.49770114942528737;6.139094650205761;8;1.65;0.25;2
200;459;2.295;20;2.295;7;4.59;21;0.663004163334828;169;0.4355008787346221;4.749618141228998;9;1.65;0.25;2
200;429;2.145;22;2.145;9;4.29;22;0.6599362504687949;169;0.49261083743842365;5.046501128668171;0;1.65;0.35;2
200;428;2.14;30;2.14;6;4.28;30;0.6338247122434074;180;0.38483259378781765;4.530422435214767;1;1.65;0.35;2
200;516;2.58;31;2.58;7;5.16;31;0.6191289247042745;179;0.3975997912861988;4.230261723009814;2;1.65;0.35;2
200;540;2.7;36;2.7;8;5.4;36;0.6382819963484002;177;0.39737621667371986;4.100166152385474;3;1.65;0.35;2
200;518;2.59;31;2.59;7;5.18;31;0.6622791278102417;185;0.4409448818897638;3.7977971737323357;4;1.65;0.35;2
200;602;3.01;38;3.01;9;6.02;39;0.698754056957541;185;0.3927309439676931;3.745171037013057;5;1.65;0.35;2
200;494;2.47;46;2.47;6;4.94;46;0.6452010131228787;174;0.3192369570213744;3.5094020820842644;6;1.65;0.35;2
200;402;2.01;17;2.01;8;4.02;17;0.5947459966551814;171;0.4676030811055732;6.115260566966559;7;1.65;0.35;2
200;479;2.395;25;2.395;8;4.79;26;0.6332195243325802;176;0.4891404099112879;4.99595079838032;8;1.65;0.35;2
200;525;2.625;23;2.625;7;5.25;24;0.6847349896917412;174;0.43757913395796405;4.347666918472892;9;1.65;0.35;2
200;477;2.385;28;2.385;9;4.77;28;0.6605208398686659;175;0.4691478942213516;5.455423381939115;0;1.65;0.45;2
200;495;2.475;52;2.475;6;4.95;52;0.661369166535987;188;0.3305273582569943;3.974351126346719;1;1.65;0.45;2
200;609;3.045;45;3.045;7;6.09;45;0.6720987416009172;187;0.3636056718433491;3.5898579705686307;2;1.65;0.45;2
200;631;3.155;56;3.155;8;6.31;56;0.6847484891505045;183;0.3539908701065154;3.4856044014742804;3;1.65;0.45;2
200;604;3.02;44;3.02;8;6.04;44;0.6868941348891625;190;0.40452907874420996;3.4794040315512706;4;1.65;0.45;2
200;737;3.685;68;3.685;9;7.37;69;0.727419564774403;192;0.32106564130733317;2.9441652707984365;5;1.65;0.45;2
200;604;3.02;80;3.02;7;6.04;80;0.70333725683605;192;0.26133523741520887;3.0040607075782955;6;1.65;0.45;2
200;449;2.245;18;2.245;9;4.49;20;0.6120970343919917;177;0.4573041637261821;6.148738563903521;7;1.65;0.45;2
200;540;2.7;26;2.7;8;5.4;27;0.6431469562555195;182;0.47676056338028167;5.294811041345812;8;1.65;0.45;2
200;604;3.02;28;3.02;8;6.04;28;0.6869557790746601;180;0.44438264738598443;3.9855217730259493;9;1.65;0.45;2
200;552;2.76;45;2.76;10;5.52;45;0.6841226411583144;180;0.41476678519138255;4.550431219034803;0;1.65;0.55;2
200;569;2.845;77;2.845;8;5.69;77;0.6804275399290395;192;0.28028933092224234;3.4798931909212283;1;1.65;0.55;2
200;719;3.595;75;3.595;8;7.19;75;0.7023465085188593;194;0.31614213197969543;3.058743718592965;2;1.65;0.55;2
200;749;3.745;77;3.745;9;7.49;77;0.7063488936882225;191;0.30625741902662373;2.9012035583464155;3;1.65;0.55;2
200;710;3.55;58;3.55;10;7.1;58;0.7033827963829227;191;0.35804521276595747;3.1217687074829934;4;1.65;0.55;2
200;922;4.61;104;4.61;10;9.22;104;0.7721356270583294;198;0.2609674846337916;2.4451256281407034;5;1.65;0.55;2
200;776;3.88;140;3.88;9;7.76;140;0.7698055238429591;200;0.1992218728348345;2.3606030150753767;6;1.65;0.55;2
200;503;2.515;25;2.515;9;5.03;25;0.6547346904723402;185;0.43561001042752867;5.406083025071927;7;1.65;0.55;2
200;606;3.03;31;3.03;10;6.06;32;0.6617103020163133;187;0.46053584359160027;4.901719901719901;8;1.65;0.55;2
200;700;3.5;40;3.5;10;7.0;40;0.7206874372340787;185;0.4051398337112623;3.477980438805181;9;1.65;0.55;2
200;653;3.265;72;3.265;10;6.53;72;0.7092524188543146;187;0.34873646209386283;4.185735743512716;0;1.65;0.65;2
200;682;3.41;131;3.41;8;6.82;131;0.7124470418179307;197;0.20479906644300197;2.7113344500279175;1;1.65;0.65;2
200;886;4.43;126;4.43;10;8.86;126;0.7441521464289517;199;0.25758848860413824;2.4984924623115576;2;1.65;0.65;2
200;921;4.605;124;4.605;11;9.21;124;0.7356225981596008;196;0.2545951201444511;2.4402822191766917;3;1.65;0.65;2
200;855;4.275;93;4.275;11;8.55;93;0.7369255904509148;197;0.2931914631896181;2.577035175879397;4;1.65;0.65;2
200;1184;5.92;169;5.92;12;11.84;169;0.8150684645082065;200;0.2137849672164621;2.0213065326633166;5;1.65;0.65;2
200;969;4.845;195;4.845;11;9.69;195;0.8044020196081951;200;0.17311837227347185;1.9708542713567838;6;1.65;0.65;2
200;584;2.92;35;2.92;9;5.84;35;0.6838333874299457;191;0.41163675910821096;5.473104522445347;7;1.65;0.65;2
200;694;3.47;44;3.47;11;6.94;44;0.6643354548377961;193;0.41963943229766015;4.1306978413577395;8;1.65;0.65;2
200;834;4.17;66;4.17;12;8.34;66;0.7486194808391382;193;0.36981757877280264;2.9749782084807466;9;1.65;0.65;2
200;783;3.915;116;3.915;11;7.83;116;0.7464521864881776;194;0.2755081902506414;2.7890402444709173;0;1.65;0.75;2
200;816;4.08;183;4.08;9;8.16;183;0.7549522103868986;199;0.16987458090152738;2.119346733668342;1;1.65;0.75;2
200;1076;5.38;188;5.38;11;10.76;188;0.7868882616330464;200;0.21336432306798372;2.01356783919598;2;1.65;0.75;2
200;1146;5.73;175;5.73;12;11.46;175;0.7668862365966067;198;0.21792395282635219;2.0732663316582913;3;1.65;0.75;2
200;1065;5.325;145;5.325;11;10.65;145;0.7712592392255917;198;0.23782819270966096;2.1603015075376883;4;1.65;0.75;2
200;1439;7.195;199;7.195;13;14.39;199;0.8249164817871165;200;0.20307774023636338;1.9276884422110552;5;1.65;0.75;2
200;1180;5.9;199;5.9;12;11.8;199;0.8193370507421927;200;0.1831393607889326;1.9407035175879397;6;1.65;0.75;2
200;684;3.42;49;3.42;9;6.84;49;0.6697669031434108;196;0.3623256913259277;4.717939698492462;7;1.65;0.75;2
200;809;4.045;59;4.045;11;8.09;59;0.6822882162722194;196;0.38782669707068934;3.352361809045226;8;1.65;0.75;2
200;992;4.96;102;4.96;12;9.92;102;0.7544500189456831;195;0.3210623962503662;2.6082412060301507;9;1.65;0.75;2
200;945;4.725;174;4.725;13;9.45;174;0.7717442495515895;197;0.20731407714175412;2.1736683417085425;0;1.65;0.85;2
200;925;4.625;199;4.625;10;9.25;199;0.7563134843754565;200;0.17393765818569334;1.9535175879396984;1;1.65;0.85;2
200;1263;6.315;199;6.315;12;12.63;199;0.7891430354320721;200;0.2161645755047449;1.936532663316583;2;1.65;0.85;2
200;1380;6.9;199;6.9;12;13.8;199;0.7803954514041613;199;0.213524945217347;1.9306532663316582;3;1.65;0.85;2
200;1329;6.645;188;6.645;13;13.29;188;0.7991003890326474;200;0.2092096762615749;1.934321608040201;4;1.65;0.85;2
200;1720;8.6;199;8.6;16;17.2;199;0.8289373987389922;200;0.21875309743284765;1.9135678391959798;5;1.65;0.85;2
200;1430;7.15;199;7.15;15;14.3;199;0.8368876761571766;200;0.18430929416037775;1.928140703517588;6;1.65;0.85;2
200;802;4.01;70;4.01;11;8.02;70;0.6812784130464843;200;0.3160395143654325;3.3500502512562815;7;1.65;0.85;2
200;951;4.755;79;4.755;12;9.51;79;0.6994892087250074;199;0.3413510747185261;2.8844221105527637;8;1.65;0.85;2
200;1193;5.965;154;5.965;14;11.93;154;0.7617798932685581;198;0.2736920820270931;2.171608040201005;9;1.65;0.85;2
200;1117;5.585;198;5.585;13;11.17;198;0.7801103150312779;200;0.1888451258967506;1.9509045226130652;0;1.65;0.95;2
200;1050;5.25;199;5.25;11;10.5;199;0.7528320346026134;200;0.19547732835994872;1.9472361809045227;1;1.65;0.95;2
200;1478;7.39;199;7.39;13;14.78;199;0.7868596509390131;200;0.22132157755024648;1.9257286432160805;2;1.65;0.95;2
200;1600;8.0;199;8.0;16;16.0;199;0.7687520541059698;200;0.23121243523316062;1.9195979899497488;3;1.65;0.95;2
200;1587;7.935;199;7.935;14;15.87;199;0.8019678827911758;200;0.21048909543233107;1.9202512562814071;4;1.65;0.95;2
200;2039;10.195;199;10.195;19;20.39;199;0.8257607470423796;200;0.2224515262046458;1.897537688442211;5;1.65;0.95;2
200;1653;8.265;199;8.265;15;16.53;199;0.8243782909070149;200;0.19131731742395994;1.9169346733668342;6;1.65;0.95;2
200;989;4.945;100;4.945;13;9.89;100;0.6946558333841969;200;0.27310668637509783;2.7436180904522613;7;1.65;0.95;2
200;1144;5.72;105;5.72;16;11.44;105;0.7041887640128104;200;0.2967934115997897;2.466532663316583;8;1.65;0.95;2
200;1443;7.215;190;7.215;15;14.43;190;0.7660491027216092;199;0.24035022155784527;1.9476884422110552;9;1.65;0.95;2
200;351;1.755;10;1.755;6;3.51;12;0.5650232483565817;162;0.5054229934924078;8.662362637362637;0;1.85;0.05;2
200;348;1.74;10;1.74;6;3.48;11;0.5660701401772831;168;0.45180722891566266;7.134310134310135;1;1.85;0.05;2
200;386;1.93;15;1.93;6;3.86;15;0.5422935555011026;159;0.4451086956521739;5.901724361467652;2;1.85;0.05;2
200;417;2.085;16;2.085;8;4.17;16;0.5707447290269376;163;0.440169133192389;5.352953020134228;3;1.85;0.05;2
200;402;2.01;13;2.01;7;4.02;13;0.5745597775718257;166;0.5139186295503212;5.1623576357136916;4;1.85;0.05;2
200;441;2.205;16;2.205;8;4.41;20;0.615534482322141;174;0.4713603818615752;4.964914772727273;5;1.85;0.05;2
200;352;1.76;12;1.76;6;3.52;14;0.5646865519476985;157;0.43989431968295906;5.983418776033322;6;1.85;0.05;2
200;325;1.625;9;1.625;7;3.25;11;0.5362971451206745;153;0.5027407987470635;7.3524866688431825;7;1.85;0.05;2
200;395;1.975;15;1.975;8;3.95;17;0.5743501268040078;169;0.49560117302052786;4.572077528770442;8;1.85;0.05;2
200;397;1.985;12;1.985;7;3.97;13;0.6105329797876382;161;0.4616556627729812;5.387818641759097;9;1.85;0.05;2
200;377;1.885;10;1.885;7;3.77;12;0.5905162249674445;164;0.5147058823529411;6.853344623200678;0;1.85;0.15;2
200;380;1.9;12;1.9;6;3.8;12;0.5902467364676667;172;0.4480639213275968;6.282114975159688;1;1.85;0.15;2
200;438;2.19;18;2.19;6;4.38;18;0.5764912336340908;168;0.4510532837670384;5.745663424899051;2;1.85;0.15;2
200;461;2.305;20;2.305;8;4.61;21;0.5829259465518798;170;0.43239669421487603;4.9975267930750205;3;1.85;0.15;2
200;446;2.23;18;2.23;7;4.46;18;0.6137282139505122;172;0.49854590776900704;4.71904376012966;4;1.85;0.15;2
200;492;2.46;24;2.46;9;4.92;25;0.6373788158354577;181;0.4551223934723481;4.5367953898125455;5;1.85;0.15;2
200;403;2.015;19;2.015;6;4.03;19;0.6107924001947465;166;0.42979533555449784;5.332793209876543;6;1.85;0.15;2
200;367;1.835;13;1.835;7;3.67;13;0.5397460601728894;164;0.4717887154861945;6.129049922424021;7;1.85;0.15;2
200;438;2.19;19;2.19;8;4.38;21;0.6061989662998067;175;0.48866692278140605;5.1842779105496755;8;1.85;0.15;2
200;447;2.235;17;2.235;7;4.47;18;0.6294807015657855;168;0.45699961434631703;5.181545296271838;9;1.85;0.15;2
200;428;2.14;17;2.14;8;4.28;17;0.6190913231934904;171;0.513390830685429;7.10738512735185;0;1.85;0.25;2
200;426;2.13;19;2.13;6;4.26;19;0.624760890388647;179;0.4293527803099362;4.906545327266364;1;1.85;0.25;2
200;511;2.555;28;2.555;7;5.11;28;0.6080320954412163;178;0.4100418410041841;4.382170119956379;2;1.85;0.25;2
200;520;2.6;26;2.6;8;5.2;27;0.6329256056542149;179;0.41822255414488424;4.414326439012555;3;1.85;0.25;2
200;500;2.5;24;2.5;7;5.0;24;0.6301727827601655;180;0.4758942457231726;4.100007893282816;4;1.85;0.25;2
200;570;2.85;31;2.85;9;5.7;32;0.6813154741396698;188;0.43738080101716464;4.044981903831792;5;1.85;0.25;2
200;463;2.315;30;2.315;6;4.63;30;0.6135828683101701;173;0.3809827696234844;4.195860051749353;6;1.85;0.25;2
200;404;2.02;15;2.02;8;4.04;16;0.564361794275089;173;0.4796511627906977;6.722246696035242;7;1.85;0.25;2
200;477;2.385;25;2.385;9;4.77;27;0.6417681504848775;179;0.48952797749296656;5.301087801087801;8;1.85;0.25;2
200;520;2.6;20;2.6;7;5.2;22;0.6553842007389035;174;0.4534788540245566;4.454355279214364;9;1.85;0.25;2
200;470;2.35;23;2.35;9;4.7;23;0.645217926311094;175;0.4950530035335689;6.19699931018625;0;1.85;0.35;2
200;479;2.395;33;2.395;6;4.79;33;0.6498003950684217;186;0.3964110929853181;4.584499274310595;1;1.85;0.35;2
200;581;2.905;33;2.905;8;5.81;33;0.632963365168671;188;0.3976345840130506;3.9436962602299803;2;1.85;0.35;2
200;608;3.04;41;3.04;9;6.08;41;0.6470626619828321;183;0.40128682695563833;3.792652379627053;3;1.85;0.35;2
200;585;2.925;34;2.925;7;5.85;34;0.6482222199646152;187;0.43013809910641754;3.7864589574595566;4;1.85;0.35;2
200;675;3.375;45;3.375;9;6.75;46;0.693091107151548;192;0.38662712321380427;3.4064185400758262;5;1.85;0.35;2
200;553;2.765;48;2.765;7;5.53;48;0.6573505926493369;183;0.3255247376311844;3.3889971287940934;6;1.85;0.35;2
200;449;2.245;17;2.245;9;4.49;17;0.5892135651306173;178;0.47297297297297297;7.160587105963956;7;1.85;0.35;2
200;535;2.675;26;2.675;9;5.35;28;0.635480789686248;183;0.4831072749691739;5.074016408168154;8;1.85;0.35;2
200;597;2.985;23;2.985;8;5.97;25;0.6778945908367541;178;0.4585203982041772;4.045034574931722;9;1.85;0.35;2
200;535;2.675;33;2.675;10;5.35;33;0.6766300289557083;182;0.4682926829268293;5.0982551799345694;0;1.85;0.45;2
200;542;2.71;58;2.71;8;5.42;58;0.6645738815309765;192;0.3383043922369765;4.112549852385145;1;1.85;0.45;2
200;677;3.385;52;3.385;8;6.77;52;0.670511244791679;191;0.35892999733830183;3.3648038170651238;2;1.85;0.45;2
200;708;3.54;59;3.54;9;7.08;59;0.6787253221383812;191;0.36344969199178645;3.325080285921475;3;1.85;0.45;2
200;683;3.415;49;3.415;9;6.83;49;0.6822204484254069;191;0.39453595821615106;3.3997436171349213;4;1.85;0.45;2
200;816;4.08;71;4.08;9;8.16;72;0.7218873343624379;194;0.3226445273821312;2.814572864321608;5;1.85;0.45;2
200;670;3.35;84;3.35;7;6.7;84;0.7099821961412692;197;0.26756428426807044;2.8120100502512564;6;1.85;0.45;2
200;504;2.52;21;2.52;9;5.04;22;0.6095670319476517;184;0.450295691354548;6.874631350509153;7;1.85;0.45;2
200;601;3.005;28;3.005;10;6.01;29;0.6476120182490939;187;0.4742945496714341;4.940843730175513;8;1.85;0.45;2
200;672;3.36;30;3.36;9;6.72;31;0.6993577874712417;184;0.4410853856363368;3.70172282193872;9;1.85;0.45;2
200;614;3.07;48;3.07;10;6.14;48;0.6917247237951646;187;0.42080054738282585;4.5564857935220555;0;1.85;0.55;2
200;634;3.17;87;3.17;8;6.34;87;0.6785096862949306;196;0.28332337118948;3.292066392568905;1;1.85;0.55;2
200;801;4.005;82;4.005;11;8.01;82;0.6985879042829775;198;0.3196459306614212;2.9196482412060303;2;1.85;0.55;2
200;845;4.225;85;4.225;11;8.45;85;0.6944220270158524;197;0.31696551724137934;2.8005435061272625;3;1.85;0.55;2
200;785;3.925;64;3.925;10;7.85;64;0.7057998897262193;193;0.35727174305304943;2.957785144514659;4;1.85;0.55;2
200;1024;5.12;120;5.12;11;10.24;120;0.7745608413037521;198;0.2572584572734425;2.3321105527638193;5;1.85;0.55;2
200;865;4.325;147;4.325;9;8.65;147;0.773136327414058;200;0.21289615489999086;2.2821608040201005;6;1.85;0.55;2
200;565;2.825;26;2.825;9;5.65;26;0.6354553598166036;188;0.44191539617779685;6.28026104521676;7;1.85;0.55;2
200;680;3.4;35;3.4;10;6.8;36;0.6559236665491762;191;0.4422720137005851;4.2855185015989035;8;1.85;0.55;2
200;788;3.94;48;3.94;10;7.88;48;0.7166952899278678;193;0.40762812872467225;3.2268445839874413;9;1.85;0.55;2
200;742;3.71;84;3.71;11;7.42;84;0.7245619125375874;193;0.3448530770652375;3.3285336924431554;0;1.85;0.65;2
200;766;3.83;146;3.83;9;7.66;146;0.7246027540214754;198;0.20819691300280635;2.4682412060301506;1;1.85;0.65;2
200;981;4.905;136;4.905;12;9.81;136;0.75116283152146;200;0.2651911995809324;2.3889447236180903;2;1.85;0.65;2
200;1036;5.18;132;5.18;12;10.36;132;0.7290501655070728;197;0.26440329218106995;2.376180904522613;3;1.85;0.65;2
200;970;4.85;105;4.85;11;9.7;105;0.7437124121303615;198;0.2955004326507067;2.462713567839196;4;1.85;0.65;2
200;1289;6.445;174;6.445;13;12.89;174;0.8037710426782086;200;0.22342545439906605;1.9902010050251255;5;1.85;0.65;2
200;1066;5.33;198;5.33;12;10.66;198;0.8046154223160602;200;0.18905447332282183;1.9482412060301508;6;1.85;0.65;2
200;652;3.26;41;3.26;9;6.52;41;0.6649872900693717;195;0.40023354254853305;5.398456931120248;7;1.85;0.65;2
200;781;3.905;48;3.905;11;7.81;48;0.6657291845848854;194;0.42453403565640196;3.8635175879396986;8;1.85;0.65;2
200;935;4.675;75;4.675;12;9.35;75;0.7376340877845171;195;0.3723257850619292;2.813515869353433;9;1.85;0.65;2
200;854;4.27;127;4.27;11;8.54;127;0.7481832552613783;195;0.2677435144395497;2.588491220800746;0;1.85;0.75;2
200;904;4.52;194;4.52;10;9.04;194;0.7470375334131052;200;0.18011196440106222;2.001005025125628;1;1.85;0.75;2
200;1171;5.855;191;5.855;13;11.71;191;0.7828521541725161;200;0.228841349156777;1.9785427135678393;2;1.85;0.75;2
200;1285;6.425;184;6.425;12;12.85;184;0.7628251019952669;198;0.23331976781545183;2.016683417085427;3;1.85;0.75;2
200;1185;5.925;158;5.925;11;11.85;158;0.7689239794660793;199;0.24002198434923708;2.0684422110552765;4;1.85;0.75;2
200;1577;7.885;199;7.885;14;15.77;199;0.8160979899699038;200;0.2206052083471524;1.920753768844221;5;1.85;0.75;2
200;1290;6.45;199;6.45;15;12.9;199;0.8216178111771751;200;0.19644468028654816;1.9351758793969849;6;1.85;0.75;2
200;769;3.845;57;3.845;10;7.69;57;0.6831105759842098;198;0.3580269721041936;3.6646733668341707;7;1.85;0.75;2
200;905;4.525;68;4.525;12;9.05;68;0.6852699763166309;199;0.375775541155384;3.101959798994975;8;1.85;0.75;2
200;1117;5.585;115;5.585;13;11.17;115;0.7467140785513181;197;0.32119989134231053;2.4447236180904524;9;1.85;0.75;2
200;1033;5.165;187;5.165;13;10.33;187;0.7808421063638855;199;0.20423679628554847;2.0507035175879396;0;1.85;0.85;2
200;1024;5.12;199;5.12;10;10.24;199;0.7478476553134525;200;0.19515036326292878;1.9485427135678393;1;1.85;0.85;2
200;1397;6.985;199;6.985;13;13.97;199;0.7874102959358638;200;0.23247191633003153;1.9297989949748744;2;1.85;0.85;2
200;1506;7.53;199;7.53;15;15.06;199;0.7768876590167838;200;0.23427301547833654;1.924321608040201;3;1.85;0.85;2
200;1477;7.385;197;7.385;14;14.77;197;0.7960601146301959;200;0.21924165424058914;1.9257788944723617;4;1.85;0.85;2
200;1867;9.335;199;9.335;18;18.67;199;0.8212788209955272;200;0.2296549287480862;1.906180904522613;5;1.85;0.85;2
200;1533;7.665;199;7.665;15;15.33;199;0.8290468348297882;200;0.19612111863057324;1.922964824120603;6;1.85;0.85;2
200;928;4.64;78;4.64;11;9.28;78;0.6895747656380735;200;0.3147164639369539;3.0115577889447236;7;1.85;0.85;2
200;1074;5.37;88;5.37;15;10.74;88;0.6953885817050052;200;0.3432693616442085;2.6546231155778894;8;1.85;0.85;2
200;1336;6.68;169;6.68;15;13.36;169;0.7704441680357518;198;0.276843674733341;2.0539195979899496;9;1.85;0.85;2
200;1223;6.115;199;6.115;13;12.23;199;0.773904069964066;200;0.19428313463156383;1.9385427135678392;0;1.85;0.95;2
200;1162;5.81;199;5.81;13;11.62;199;0.7373750736142761;200;0.21271987055691843;1.941608040201005;1;1.85;0.95;2
200;1619;8.095;199;8.095;14;16.19;199;0.7779541975816621;200;0.2392330258067259;1.9186432160804021;2;1.85;0.95;2
200;1738;8.69;199;8.69;16;17.38;199;0.7695634930384639;200;0.24602285458211964;1.9126633165829146;3;1.85;0.95;2
200;1698;8.49;199;8.49;17;16.98;199;0.8031856995175238;200;0.2265671746858611;1.9146733668341709;4;1.85;0.95;2
200;2223;11.115;199;11.115;20;22.23;199;0.8231073342190588;200;0.23608388242871198;1.8882914572864322;5;1.85;0.95;2
200;1780;8.9;199;8.9;16;17.8;199;0.8202522143729095;200;0.20499764539675064;1.9105527638190956;6;1.85;0.95;2
200;1128;5.64;110;5.64;13;11.28;110;0.6936430756176287;200;0.27237552184095304;2.483316582914573;7;1.85;0.95;2
200;1303;6.515;121;6.515;19;13.03;121;0.6909752650427058;200;0.2980062101650596;2.246180904522613;8;1.85;0.95;2
200;1625;8.125;197;8.125;16;16.25;197;0.7761492586076361;200;0.2537942910513105;1.9214572864321608;9;1.85;0.95;2
200;386;1.93;10;1.93;7;3.86;12;0.5948056268415549;167;0.5192649673977475;7.639408376591055;0;2.05;0.05;2
200;383;1.915;11;1.915;6;3.83;11;0.5949834725997517;172;0.4550031466331026;6.428561309059998;1;2.05;0.05;2
200;426;2.13;15;2.13;6;4.26;15;0.5670601224172652;168;0.45433685176686556;5.882271786617613;2;2.05;0.05;2
200;452;2.26;16;2.26;8;4.52;18;0.5626698061646159;170;0.4428004330566582;5.3156079513388095;3;2.05;0.05;2
200;444;2.22;13;2.22;7;4.44;13;0.5742814033511708;172;0.5098554533508541;4.80672;4;2.05;0.05;2
200;488;2.44;20;2.44;8;4.88;23;0.6299253899691112;179;0.4622823984526112;4.613053613053613;5;2.05;0.05;2
200;395;1.975;13;1.975;6;3.95;14;0.5572396000539713;167;0.432661717921527;5.334120874933313;6;2.05;0.05;2
200;366;1.83;11;1.83;7;3.66;12;0.5229445974900521;165;0.489171974522293;6.831036715065199;7;2.05;0.05;2
200;433;2.165;16;2.165;8;4.33;18;0.597015115112701;173;0.49566294919454773;5.160914505956552;8;2.05;0.05;2
200;449;2.245;14;2.245;7;4.49;15;0.6097179275750704;168;0.47203219315895373;5.121774960380349;9;2.05;0.05;2
200;418;2.09;12;2.09;7;4.18;12;0.6279690593644082;172;0.5302954431647471;7.220882727211841;0;2.05;0.15;2
200;421;2.105;14;2.105;6;4.21;14;0.6103104365816231;177;0.4420109507217521;5.685400751788529;1;2.05;0.15;2
200;489;2.445;21;2.445;7;4.89;21;0.6125705582609782;178;0.4448742746615087;4.690056834168026;2;2.05;0.15;2
200;505;2.525;21;2.525;8;5.05;22;0.5757741138468261;179;0.4334763948497854;4.94123112659698;3;2.05;0.15;2
200;492;2.46;18;2.46;7;4.92;18;0.6029338598946443;180;0.4953560371517028;4.453899681066976;4;2.05;0.15;2
200;549;2.745;25;2.745;9;5.49;26;0.6435175617387757;188;0.4493655138094053;4.307117826161889;5;2.05;0.15;2
200;441;2.205;21;2.205;7;4.41;21;0.6040050272369212;173;0.4270504731861199;4.775807551615103;6;2.05;0.15;2
200;411;2.055;14;2.055;8;4.11;15;0.5388157385250408;172;0.4799420009666506;8.321422416269318;7;2.05;0.15;2
200;477;2.385;20;2.385;8;4.77;22;0.6326020494890291;178;0.5083415112855741;5.650662251655629;8;2.05;0.15;2
200;507;2.535;18;2.535;7;5.07;19;0.6235862402191003;174;0.4684385382059801;4.664252211601259;9;2.05;0.15;2
200;472;2.36;18;2.36;9;4.72;19;0.6488086020403504;179;0.514222386405615;6.536256611499744;0;2.05;0.25;2
200;464;2.32;24;2.32;6;4.64;24;0.6470738291808527;182;0.4240482472672446;4.802230750779564;1;2.05;0.25;2
200;553;2.765;29;2.765;7;5.53;29;0.6163798339361487;185;0.4163059163059163;4.166357688113413;2;2.05;0.25;2
200;580;2.9;30;2.9;8;5.8;30;0.6019500581349719;183;0.42565477418024333;4.105954368391764;3;2.05;0.25;2
200;555;2.775;25;2.775;8;5.55;25;0.6187473014160321;185;0.48431174089068824;4.5191132414619535;4;2.05;0.25;2
200;625;3.125;34;3.125;9;6.25;35;0.6726408259516702;192;0.430032292787944;3.909841372612496;5;2.05;0.25;2
200;512;2.56;33;2.56;7;5.12;33;0.6196602257873224;182;0.38369426751592356;3.90970386752252;6;2.05;0.25;2
200;450;2.25;15;2.25;8;4.5;17;0.5801556178026767;180;0.4765807962529274;7.8289843662130245;7;2.05;0.25;2
200;535;2.675;25;2.675;9;5.35;27;0.6313690539162508;184;0.49291139240506326;5.061727647201357;8;2.05;0.25;2
200;574;2.87;21;2.87;7;5.74;23;0.6679422314103407;180;0.46038592508513054;4.179177318150128;9;2.05;0.25;2
200;526;2.63;23;2.63;10;5.26;23;0.6824024147836567;183;0.5195965417867435;5.468628664678409;0;2.05;0.35;2
200;520;2.6;40;2.6;8;5.2;40;0.6542556987668606;190;0.3898170246618934;4.560596883431529;1;2.05;0.35;2
200;644;3.22;36;3.22;8;6.44;36;0.6458002355286339;191;0.3902676399026764;3.5858800372941055;2;2.05;0.35;2
200;679;3.395;45;3.395;9;6.79;45;0.6491748695655539;190;0.3976992604765818;3.4497495826377294;3;2.05;0.35;2
200;642;3.21;39;3.21;8;6.42;39;0.6621983496254339;190;0.4311377245508982;3.562552426602756;4;2.05;0.35;2
200;742;3.71;50;3.71;9;7.42;51;0.6821337009754374;194;0.3717391304347826;3.2920100502512564;5;2.05;0.35;2
200;610;3.05;53;3.05;7;6.1;53;0.6555301519715243;187;0.33553541250576124;3.2466673502871206;6;2.05;0.35;2
200;497;2.485;18;2.485;9;4.97;19;0.6074179850776319;182;0.480365296803653;7.163541260920372;7;2.05;0.35;2
200;592;2.96;26;2.96;10;5.92;28;0.6423799621813038;186;0.48227383863080686;5.094417424402622;8;2.05;0.35;2
200;662;3.31;27;3.31;9;6.62;29;0.6969168188477612;182;0.46875;3.8814653972495963;9;2.05;0.35;2
200;587;2.935;34;2.935;10;5.87;34;0.6923148979937656;186;0.4782608695652174;4.828504969338127;0;2.05;0.45;2
200;592;2.96;65;2.96;9;5.92;65;0.6703479841491848;193;0.32990545695803614;3.7778525923240274;1;2.05;0.45;2
200;740;3.7;55;3.7;10;7.4;55;0.6817613851091319;195;0.3663321682264066;3.2240201005025124;2;2.05;0.45;2
200;777;3.885;62;3.885;9;7.77;62;0.6702114722968128;192;0.35566143497757846;3.114956673332308;3;2.05;0.45;2
200;740;3.7;53;3.7;9;7.4;53;0.6807297100954879;191;0.39424912950690777;3.2017946800555497;4;2.05;0.45;2
200;903;4.515;76;4.515;10;9.03;77;0.7315446034004515;197;0.32481819876934553;2.6915577889447238;5;2.05;0.45;2
200;752;3.76;95;3.76;8;7.52;95;0.7274853583275384;197;0.26761458416077527;2.6680904522613065;6;2.05;0.45;2
200;555;2.775;22;2.775;9;5.55;23;0.6282194478089196;188;0.4685281590156176;6.134959528660316;7;2.05;0.45;2
200;656;3.28;31;3.28;10;6.56;32;0.6264574398369029;189;0.47458455522971654;4.771211022480058;8;2.05;0.45;2
200;749;3.745;32;3.745;10;7.49;33;0.6983705081969476;186;0.4439526259121905;3.449345892203035;9;2.05;0.45;2
200;686;3.43;58;3.43;11;6.86;58;0.7078993129693868;190;0.4095549738219895;3.9546278551820584;0;2.05;0.55;2
200;700;3.5;94;3.5;9;7.0;94;0.6872719281213457;196;0.28823178016726403;3.016242830313182;1;2.05;0.55;2
200;896;4.48;95;4.48;11;8.96;95;0.7204880460327415;200;0.31504221028396007;2.7044723618090454;2;2.05;0.55;2
200;949;4.745;94;4.745;11;9.49;94;0.6942314938519518;197;0.31562396557431316;2.6440034866430806;3;2.05;0.55;2
200;865;4.325;69;4.325;10;8.65;69;0.6990686338366029;195;0.3546446870126977;2.7681895093062607;4;2.05;0.55;2
200;1130;5.65;126;5.65;11;11.3;126;0.7701583226953446;199;0.265862761986793;2.266683417085427;5;2.05;0.55;2
200;943;4.715;156;4.715;10;9.43;156;0.7685362533055313;200;0.2189557855126999;2.2022613065326633;6;2.05;0.55;2
200;637;3.185;30;3.185;10;6.37;30;0.6609587195269386;194;0.432625290408231;5.277567721551769;7;2.05;0.55;2
200;752;3.76;40;3.76;11;7.52;40;0.6362012176860757;193;0.4424964936886395;3.934070351758794;8;2.05;0.55;2
200;868;4.34;51;4.34;10;8.68;51;0.7112509907214892;193;0.4142821597412292;3.09239604163462;9;2.05;0.55;2
200;797;3.985;93;3.985;12;7.97;93;0.7277123047175171;194;0.3362922230950511;3.0361008960480653;0;2.05;0.65;2
200;843;4.215;157;4.215;10;8.43;157;0.7117469945395787;198;0.21442350497106397;2.349346733668342;1;2.05;0.65;2
200;1071;5.355;147;5.355;12;10.71;147;0.7488879663307355;200;0.2709275598724698;2.278291457286432;2;2.05;0.65;2
200;1166;5.83;143;5.83;12;11.66;143;0.7279503126013078;197;0.27115473086949854;2.257437185929648;3;2.05;0.65;2
200;1061;5.305;114;5.305;11;10.61;114;0.7451433756605548;199;0.2965534039702838;2.3764824120603016;4;2.05;0.65;2
200;1411;7.055;179;7.055;13;14.11;179;0.7969438594560202;200;0.23202940404305591;1.9646231155778895;5;2.05;0.65;2
200;1162;5.81;199;5.81;12;11.62;199;0.7990056478132231;200;0.20241277674960587;1.941608040201005;6;2.05;0.65;2
200;730;3.65;49;3.65;10;7.3;49;0.6770207867657861;197;0.3944577488881286;4.048271661336988;7;2.05;0.65;2
200;853;4.265;53;4.265;11;8.53;53;0.6556772814294026;198;0.4183204783776757;3.527889447236181;8;2.05;0.65;2
200;1028;5.14;85;5.14;12;10.28;85;0.7345587631995614;195;0.37032556671750905;2.6887939698492462;9;2.05;0.65;2
200;943;4.715;143;4.715;12;9.43;143;0.7466458057354942;197;0.2574391738141082;2.4409928430028933;0;2.05;0.75;2
200;978;4.89;196;4.89;10;9.78;196;0.7381450684548804;200;0.19454369385915116;1.9776381909547738;1;2.05;0.75;2
200;1290;6.45;195;6.45;13;12.9;195;0.7755057267488101;200;0.24225799138517343;1.9494472361809045;2;2.05;0.75;2
200;1406;7.03;189;7.03;14;14.06;189;0.7560775196363105;198;0.24604983144691991;1.9647236180904522;3;2.05;0.75;2
200;1317;6.585;170;6.585;13;13.17;170;0.7775378966142625;200;0.24622128174123337;1.9906030150753768;4;2.05;0.75;2
200;1699;8.495;199;8.495;16;16.99;199;0.8169475167526653;200;0.2335952023988006;1.9146231155778894;5;2.05;0.75;2
200;1410;7.05;199;7.05;15;14.1;199;0.8157217468832785;200;0.2068420073196452;1.929145728643216;6;2.05;0.75;2
200;857;4.285;61;4.285;11;8.57;61;0.685723997497888;199;0.35897822319342926;3.277889447236181;7;2.05;0.75;2
200;1010;5.05;74;5.05;13;10.1;74;0.694252234674112;200;0.3797637619790506;2.8353266331658293;8;2.05;0.75;2
200;1230;6.15;130;6.15;15;12.3;130;0.755100607112906;198;0.32434227169238555;2.292361809045226;9;2.05;0.75;2
200;1143;5.715;192;5.715;14;11.43;192;0.7610697137069596;200;0.2154573891813535;1.9965829145728644;0;2.05;0.85;2
200;1110;5.55;199;5.55;11;11.1;199;0.7465735380688026;200;0.21566000627084342;1.9442211055276382;1;2.05;0.85;2
200;1500;7.5;199;7.5;13;15.0;199;0.7783446474626712;200;0.2466569372793918;1.9246231155778895;2;2.05;0.85;2
200;1629;8.145;199;8.145;17;16.29;199;0.7691541000237399;200;0.24845987169137954;1.918140703517588;3;2.05;0.85;2
200;1615;8.075;199;8.075;15;16.15;199;0.7942674606376058;200;0.2339024225656252;1.9188442211055277;4;2.05;0.85;2
200;2032;10.16;199;10.16;20;20.32;199;0.8199215501781251;200;0.24264993099138044;1.897889447236181;5;2.05;0.85;2
200;1653;8.265;199;8.265;16;16.53;199;0.8216428435942557;200;0.21073499415579952;1.9169346733668342;6;2.05;0.85;2
200;1024;5.12;88;5.12;12;10.24;88;0.686925601911512;200;0.3199924751916475;2.7933668341708544;7;2.05;0.85;2
200;1209;6.045;102;6.045;17;12.09;102;0.6911794662801652;200;0.33719338877776606;2.467386934673367;8;2.05;0.85;2
200;1476;7.38;176;7.38;15;14.76;176;0.7694787135263712;199;0.28310431585059026;1.9926633165829146;9;2.05;0.85;2
200;1321;6.605;199;6.605;14;13.21;199;0.7747022959871015;200;0.20604577568442745;1.9336180904522613;0;2.05;0.95;2
200;1264;6.32;199;6.32;13;12.64;199;0.731620229653627;200;0.22833474936278675;1.9364824120603015;1;2.05;0.95;2
200;1739;8.695;199;8.695;15;17.39;199;0.7716101326401078;200;0.2514791755288294;1.912613065326633;2;2.05;0.95;2
200;1891;9.455;199;9.455;18;18.91;199;0.7573696229591667;200;0.2646154546903824;1.9049748743718593;3;2.05;0.95;2
200;1829;9.145;199;9.145;17;18.29;199;0.7960526815668291;200;0.23950094566712518;1.9080904522613065;4;2.05;0.95;2
200;2374;11.87;199;11.87;21;23.74;199;0.8240021312157217;200;0.2505900942200027;1.8807035175879396;5;2.05;0.95;2
200;1906;9.53;199;9.53;17;19.06;199;0.8221250972086357;200;0.219959266802444;1.9042211055276381;6;2.05;0.95;2
200;1271;6.355;124;6.355;13;12.71;124;0.6982034360155374;200;0.2757995071623927;2.3229145728643217;7;2.05;0.95;2
200;1433;7.165;132;7.165;21;14.33;132;0.7001887601346846;200;0.30173526140155726;2.141859296482412;8;2.05;0.95;2
200;1748;8.74;198;8.74;17;17.48;198;0.7760327560725954;200;0.2602746845805018;1.9133165829145728;9;2.05;0.95;2
200;426;2.13;10;2.13;8;4.26;12;0.59671676177358;176;0.5267857142857143;7.4190123756369815;0;2.25;0.05;2
200;418;2.09;11;2.09;7;4.18;11;0.6128304145349599;176;0.46454640250260687;6.182914999393719;1;2.25;0.05;2
200;479;2.395;16;2.395;7;4.79;16;0.5684807898495049;179;0.44881038211968277;5.22401024555933;2;2.25;0.05;2
200;495;2.475;16;2.475;8;4.95;20;0.5638073856143332;177;0.4409302325581395;4.9496918109773995;3;2.25;0.05;2
200;476;2.38;15;2.38;7;4.76;15;0.5835781678638822;175;0.5126654064272211;4.736037667511771;4;2.25;0.05;2
200;537;2.685;21;2.685;8;5.37;23;0.623622006143044;186;0.4620425996723102;4.555150118430318;5;2.25;0.05;2
200;427;2.135;15;2.135;7;4.27;17;0.5715405461512728;170;0.4338952972493345;4.664507278408658;6;2.25;0.05;2
200;405;2.025;12;2.025;8;4.05;13;0.5580512510745069;172;0.501829587036069;8.417855256207078;7;2.25;0.05;2
200;472;2.36;18;2.36;8;4.72;20;0.5943800902810015;176;0.49949031600407745;5.605855245323936;8;2.25;0.05;2
200;501;2.505;16;2.505;7;5.01;17;0.6087141425048096;179;0.4766990291262136;5.046131924241525;9;2.25;0.05;2
200;466;2.33;13;2.33;9;4.66;14;0.6184332737405362;179;0.5253961804144657;6.165133923439476;0;2.25;0.15;2
200;460;2.3;15;2.3;7;4.6;15;0.6338791550330013;182;0.44215726636475916;5.326881962417014;1;2.25;0.15;2
200;535;2.675;23;2.675;8;5.35;23;0.5881509715437014;183;0.43207187585080314;4.406434023991276;2;2.25;0.15;2
200;549;2.745;21;2.745;9;5.49;22;0.5837752384293521;183;0.44652862362971985;4.550557279099161;3;2.25;0.15;2
200;533;2.665;21;2.665;7;5.33;21;0.5952660790896085;185;0.492472495657209;4.94035570992275;4;2.25;0.15;2
200;599;2.995;25;2.995;9;5.99;28;0.6504236053071838;192;0.4539219888555508;4.076777813747707;5;2.25;0.15;2
200;480;2.4;21;2.4;7;4.8;21;0.5984620885376718;179;0.42956810631229236;4.582947785855915;6;2.25;0.15;2
200;450;2.25;14;2.25;8;4.5;16;0.581726357288155;178;0.4967453213995118;7.961604807745813;7;2.25;0.15;2
200;524;2.62;23;2.62;9;5.24;25;0.6043544075331405;182;0.49892008639308855;4.7858940397350995;8;2.25;0.15;2
200;563;2.815;19;2.815;8;5.63;20;0.6432897558105941;182;0.4627344521224087;4.24097022376226;9;2.25;0.15;2
200;526;2.63;19;2.63;11;5.26;20;0.6520007198496901;184;0.5373134328358209;5.565398964307589;0;2.25;0.25;2
200;502;2.51;24;2.51;8;5.02;24;0.6431851250521328;185;0.429541047188106;4.720603128164735;1;2.25;0.25;2
200;616;3.08;30;3.08;8;6.16;30;0.6172419716461487;188;0.4163763066202091;3.9202346971138597;2;2.25;0.25;2
200;643;3.215;32;3.215;9;6.43;32;0.5988254112233883;190;0.4263881813550688;4.028833071690214;3;2.25;0.25;2
200;599;2.995;31;2.995;8;5.99;31;0.625150556881582;187;0.45901639344262296;3.9835319480208398;4;2.25;0.25;2
200;685;3.425;35;3.425;9;6.85;36;0.6762160293873322;193;0.4362017804154303;3.6149778784935793;5;2.25;0.25;2
200;574;2.87;35;2.87;7;5.74;35;0.601683670416804;187;0.37568278373457414;3.652327727645611;6;2.25;0.25;2
200;493;2.465;17;2.465;9;4.93;18;0.6049276618948749;183;0.49426793318047824;7.4625785988537086;7;2.25;0.25;2
200;584;2.92;25;2.92;10;5.84;27;0.6185463546434392;187;0.48517175165350973;4.752819903934373;8;2.25;0.25;2
200;642;3.21;25;3.21;9;6.42;27;0.6717475799200913;184;0.4681647940074906;3.9121738130819637;9;2.25;0.25;2
200;577;2.885;27;2.885;11;5.77;27;0.671849523735713;188;0.5111111111111111;4.8889428525174035;0;2.25;0.35;2
200;562;2.81;43;2.81;8;5.62;43;0.6498190490468834;192;0.38720614828209765;4.388863509466525;1;2.25;0.35;2
200;708;3.54;41;3.54;9;7.08;41;0.665495502832019;193;0.3938083006624307;3.443378508705142;2;2.25;0.35;2
200;737;3.685;51;3.685;10;7.37;51;0.6435172833640787;194;0.39934032277064435;3.5982156591293646;3;2.25;0.35;2
200;699;3.495;39;3.495;9;6.99;39;0.6545459729227392;190;0.4329545454545455;3.7210233949364384;4;2.25;0.35;2
200;814;4.07;53;4.07;9;8.14;54;0.6806797707364391;195;0.37954607601859447;3.0605527638190955;5;2.25;0.35;2
200;679;3.395;62;3.395;7;6.79;62;0.6594198068664262;192;0.3368433941471777;3.0718826907301064;6;2.25;0.35;2
200;545;2.725;19;2.725;9;5.45;21;0.6226172390034369;186;0.483530299220518;5.931556632344034;7;2.25;0.35;2
200;650;3.25;28;3.25;10;6.5;29;0.6101381542645946;188;0.4822439526505404;4.360118418270248;8;2.25;0.35;2
200;710;3.55;28;3.55;9;7.1;30;0.6830438069783817;186;0.46919831223628694;3.698584100049584;9;2.25;0.35;2
200;646;3.23;39;3.23;11;6.46;39;0.686684431251402;190;0.46804805850600734;4.374352663692766;0;2.25;0.45;2
200;659;3.295;68;3.295;9;6.59;68;0.676232551588631;197;0.3445692883895131;3.533475458098574;1;2.25;0.45;2
200;807;4.035;61;4.035;11;8.07;61;0.6867513892797986;198;0.3650523930897763;3.0749748743718595;2;2.25;0.45;2
200;862;4.31;66;4.31;10;8.62;66;0.660834402681055;196;0.36793796486785885;2.9769266266728196;3;2.25;0.45;2
200;813;4.065;56;4.065;9;8.13;56;0.6799205531708351;194;0.4020975656692004;3.062053247695017;4;2.25;0.45;2
200;983;4.915;83;4.915;11;9.83;84;0.7299465790299193;198;0.32413720759467113;2.605276381909548;5;2.25;0.45;2
200;837;4.185;107;4.185;9;8.37;107;0.729884607146031;200;0.2705503701319601;2.552713567839196;6;2.25;0.45;2
200;614;3.07;24;3.07;10;6.14;24;0.6377308863057636;190;0.46511627906976744;5.387113482156731;7;2.25;0.45;2
200;724;3.62;31;3.62;10;7.24;32;0.6372659323876317;193;0.4731433269388874;4.128994974874372;8;2.25;0.45;2
200;811;4.055;39;4.055;10;8.11;39;0.6798526855357064;191;0.4391299865993197;3.3363160648874937;9;2.25;0.45;2
200;755;3.775;63;3.775;12;7.55;63;0.69928042923521;195;0.40688324220006433;3.558956398152378;0;2.25;0.55;2
200;772;3.86;103;3.86;9;7.72;103;0.6756804205211536;198;0.29037086312988525;2.85070351758794;1;2.25;0.55;2
200;978;4.89;102;4.89;11;9.78;102;0.7246269086187779;200;0.3244710009867339;2.6220100502512564;2;2.25;0.55;2
200;1041;5.205;102;5.205;13;10.41;102;0.6903575775636517;197;0.32351437996561816;2.5416089832333486;3;2.25;0.55;2
200;968;4.84;77;4.84;10;9.68;77;0.7153673237518452;197;0.35585718501032754;2.6455002284148015;4;2.25;0.55;2
200;1244;6.22;139;6.22;13;12.44;139;0.7601960545180482;200;0.2658038825286212;2.180251256281407;5;2.25;0.55;2
200;1019;5.095;162;5.095;11;10.19;162;0.7642869328279693;200;0.2310648019939075;2.150954773869347;6;2.25;0.55;2
200;701;3.505;35;3.505;10;7.01;35;0.6693358444423668;195;0.4338602329450915;4.263531361682292;7;2.25;0.55;2
200;823;4.115;45;4.115;11;8.23;45;0.6496860093296225;197;0.4405921308920919;3.6404522613065327;8;2.25;0.55;2
200;948;4.74;62;4.74;11;9.48;62;0.7036035869489068;193;0.406905055487053;2.9248833512792904;9;2.25;0.55;2
200;863;4.315;101;4.315;12;8.63;101;0.7173203824816902;197;0.3298282976174631;2.8713770874574895;0;2.25;0.65;2
200;922;4.61;164;4.61;10;9.22;164;0.7203478792731556;199;0.22655298416565164;2.277788944723618;1;2.25;0.65;2
200;1169;5.845;155;5.845;12;11.69;155;0.7535900225806116;200;0.27993433758207803;2.2074874371859297;2;2.25;0.65;2
200;1269;6.345;153;6.345;13;12.69;153;0.7335438437768315;197;0.27742563320270375;2.164522613065327;3;2.25;0.65;2
200;1168;5.84;122;5.84;12;11.68;122;0.7427470400148951;200;0.3011194413063572;2.2976884422110553;4;2.25;0.65;2
200;1530;7.65;188;7.65;15;15.3;188;0.7927387424096233;200;0.23746049196097294;1.9354773869346733;5;2.25;0.65;2
200;1244;6.22;199;6.22;13;12.44;199;0.7909577467379998;200;0.21515081059373084;1.9374874371859296;6;2.25;0.65;2
200;805;4.025;51;4.025;10;8.05;51;0.6795175784666038;198;0.39217342342342343;3.468994974874372;7;2.25;0.65;2
200;937;4.685;56;4.685;13;9.37;56;0.6631798892030365;199;0.414536052858374;3.093467336683417;8;2.25;0.65;2
200;1123;5.615;95;5.615;13;11.23;95;0.738888383698523;196;0.36581853096495437;2.526834170854271;9;2.25;0.65;2
200;1033;5.165;156;5.165;13;10.33;156;0.7362778293248841;198;0.25567805953693495;2.2907035175879398;0;2.25;0.75;2
200;1070;5.35;198;5.35;11;10.7;198;0.739710879187841;200;0.21580947710415008;1.954824120603015;1;2.25;0.75;2
200;1395;6.975;196;6.975;13;13.95;196;0.774676910684152;200;0.25725172074729596;1.9389949748743718;2;2.25;0.75;2
200;1510;7.55;191;7.55;15;15.1;191;0.7590814702677414;199;0.25581434828370625;1.947537688442211;3;2.25;0.75;2
200;1432;7.16;176;7.16;15;14.32;176;0.7778457965071719;200;0.25493421052631576;1.9519597989949748;4;2.25;0.75;2
200;1821;9.105;199;9.105;18;18.21;199;0.811377168161971;200;0.24438635443896356;1.9084924623115578;5;2.25;0.75;2
200;1521;7.605;199;7.605;15;15.21;199;0.8181681460882436;200;0.21712801566688425;1.9235678391959798;6;2.25;0.75;2
200;952;4.76;69;4.76;11;9.52;69;0.6830880180357619;200;0.36168639053254437;3.078743718592965;7;2.25;0.75;2
200;1103;5.515;79;5.515;15;11.03;79;0.6920012730571304;200;0.38151102768653217;2.7053768844221104;8;2.25;0.75;2
200;1332;6.66;137;6.66;15;13.32;137;0.752027539323944;198;0.3275664152181043;2.217286432160804;9;2.25;0.75;2
200;1241;6.205;194;6.205;14;12.41;194;0.7608273406385263;200;0.22394022843212497;1.9724623115577888;0;2.25;0.85;2
200;1203;6.015;199;6.015;12;12.03;199;0.740598748117024;200;0.23469951828160784;1.9395477386934674;1;2.25;0.85;2
200;1619;8.095;199;8.095;13;16.19;199;0.7761946546322137;200;0.2570247057576079;1.9186432160804021;2;2.25;0.85;2
200;1753;8.765;199;8.765;17;17.53;199;0.7648933104138602;200;0.26341368584758945;1.9119095477386934;3;2.25;0.85;2
200;1728;8.64;199;8.64;15;17.28;199;0.7930956791761448;200;0.2435894298996819;1.9131658291457287;4;2.25;0.85;2
200;2180;10.9;199;10.9;20;21.8;199;0.818333862846989;200;0.2526147554469175;1.8904522613065327;5;2.25;0.85;2
200;1775;8.875;199;8.875;16;17.75;199;0.8183193121386272;200;0.22249539671911617;1.9108040201005025;6;2.25;0.85;2
200;1143;5.715;99;5.715;13;11.43;99;0.6965945636463805;200;0.31921700053317087;2.6039698492462313;7;2.25;0.85;2
200;1302;6.51;108;6.51;18;13.02;108;0.6914494245356109;200;0.34281581485053036;2.4072361809045226;8;2.25;0.85;2
200;1580;7.9;180;7.9;15;15.8;180;0.7673748254475694;199;0.2892536228120293;1.9689949748743718;9;2.25;0.85;2
200;1430;7.15;199;7.15;15;14.3;199;0.7704837307726791;200;0.21431734317343173;1.928140703517588;0;2.25;0.95;2
200;1377;6.885;199;6.885;14;13.77;199;0.7310538544436522;200;0.24045061020131428;1.9308040201005026;1;2.25;0.95;2
200;1869;9.345;199;9.345;16;18.69;199;0.7596094086601128;200;0.26385691517619975;1.9060804020100504;2;2.25;0.95;2
200;2017;10.085;199;10.085;19;20.17;199;0.7534046512304801;200;0.27632861379809054;1.898643216080402;3;2.25;0.95;2
200;1944;9.72;199;9.72;18;19.44;199;0.7869630300689923;200;0.2510491757193631;1.9023115577889447;4;2.25;0.95;2
200;2525;12.625;199;12.625;22;25.25;199;0.8207637587338199;200;0.261898046746077;1.8731155778894473;5;2.25;0.95;2
200;2020;10.1;199;10.1;17;20.2;199;0.8230636972672505;200;0.22953178460586085;1.8984924623115578;6;2.25;0.95;2
200;1379;6.895;128;6.895;14;13.79;128;0.7129637966093799;200;0.27504091841674544;2.214773869346734;7;2.25;0.95;2
200;1556;7.78;142;7.78;21;15.56;142;0.7009574826093068;200;0.2995617813401251;2.0486432160804022;8;2.25;0.95;2
200;1877;9.385;199;9.385;17;18.77;199;0.7675548749190506;200;0.2710851891127607;1.905678391959799;9;2.25;0.95;2
200;459;2.295;11;2.295;9;4.59;13;0.6178782204063102;178;0.5308379413015738;6.227515686730189;0;2.45;0.05;2
200;446;2.23;11;2.23;7;4.46;12;0.6224091746191194;181;0.46101231190150477;6.072273399294894;1;2.45;0.05;2
200;523;2.615;18;2.615;7;5.23;18;0.5944394353217882;185;0.45621301775147927;4.6751389563434245;2;2.45;0.05;2
200;533;2.665;19;2.665;8;5.33;20;0.5692596129024862;179;0.45151838039424613;4.740392430047603;3;2.45;0.05;2
200;522;2.61;15;2.61;8;5.22;15;0.578757652144749;186;0.5188257817485641;5.070363494820049;4;2.45;0.05;2
200;578;2.89;21;2.89;8;5.78;23;0.6205720105833775;189;0.46560342775529634;4.257118623530837;5;2.45;0.05;2
200;471;2.355;16;2.355;7;4.71;18;0.5922647943963211;178;0.4510022271714922;4.873753515724879;6;2.45;0.05;2
200;444;2.22;12;2.22;8;4.44;14;0.5737508745935712;178;0.5036876355748373;8.01529636711281;7;2.45;0.05;2
200;514;2.57;18;2.57;8;5.14;20;0.5740218041444654;184;0.49328271028037385;5.512415220140246;8;2.45;0.05;2
200;543;2.715;16;2.715;7;5.43;17;0.6191463451078835;182;0.4754685777287762;4.508370933270007;9;2.45;0.05;2
200;511;2.555;15;2.555;11;5.11;15;0.6357396701658997;183;0.5354691075514875;5.859067876830559;0;2.45;0.15;2
200;489;2.445;16;2.445;8;4.89;16;0.6373489861393088;186;0.448150833937636;5.131427928434793;1;2.45;0.15;2
200;596;2.98;25;2.98;8;5.96;25;0.5986719443990912;190;0.4299759667904741;4.21360608943863;2;2.45;0.15;2
200;605;3.025;23;3.025;9;6.05;23;0.5862824796624697;188;0.44954314720812183;4.36071900607983;3;2.45;0.15;2
200;581;2.905;22;2.905;8;5.81;22;0.6087770020967768;188;0.5014727540500736;4.633223595444978;4;2.45;0.15;2
200;647;3.235;27;3.235;9;6.47;29;0.6580185407208923;193;0.452367991290147;3.82971835545484;5;2.45;0.15;2
200;542;2.71;22;2.71;7;5.42;22;0.5988124501485207;187;0.4274611398963731;4.1818825966098;6;2.45;0.15;2
200;480;2.4;15;2.4;8;4.8;16;0.6075476721081117;182;0.5012576356449874;7.502754437705192;7;2.45;0.15;2
200;576;2.88;23;2.88;10;5.76;25;0.5867208266109775;187;0.48960429242119385;4.751868030808139;8;2.45;0.15;2
200;609;3.045;22;3.045;8;6.09;24;0.6534822247911596;184;0.4594370860927152;4.043281240922559;9;2.45;0.15;2
200;564;2.82;21;2.82;11;5.64;22;0.6725447309671909;187;0.5332122470160872;5.102678322846484;0;2.45;0.25;2
200;546;2.73;26;2.73;8;5.46;26;0.6377025901798491;194;0.4306930693069307;4.628089944672859;1;2.45;0.25;2
200;667;3.335;32;3.335;9;6.67;32;0.6389564439739828;192;0.42266009852216746;3.7258695422349084;2;2.45;0.25;2
200;697;3.485;35;3.485;9;6.97;35;0.6086922121867098;192;0.42648323301805674;3.8266342069822854;3;2.45;0.25;2
200;679;3.395;31;3.395;8;6.79;31;0.6397271177744652;190;0.4651729176814418;3.890118193102704;4;2.45;0.25;2
200;743;3.715;38;3.715;9;7.43;39;0.6646027063907235;194;0.4301290888582529;3.4620601270892295;5;2.45;0.25;2
200;625;3.125;43;3.125;7;6.25;43;0.6251695133322261;189;0.37644884931967076;3.411556603773585;6;2.45;0.25;2
200;527;2.635;18;2.635;9;5.27;18;0.612848936966584;185;0.49531116794543906;6.660405002354665;7;2.45;0.25;2
200;638;3.19;26;3.19;10;6.38;28;0.6057003946619184;188;0.48535871156661786;4.471637645550689;8;2.45;0.25;2
200;687;3.435;25;3.435;9;6.87;27;0.677438247333388;185;0.4714418030256252;3.7564845552242163;9;2.45;0.25;2
200;621;3.105;28;3.105;11;6.21;28;0.6731678041656836;191;0.5139641517298874;4.510048689526572;0;2.45;0.35;2
200;621;3.105;49;3.105;8;6.21;49;0.6472256721707271;195;0.39019896831245393;3.9815237805187556;1;2.45;0.35;2
200;761;3.805;42;3.805;10;7.61;42;0.6698909330844738;196;0.40125354777672656;3.356633165829146;2;2.45;0.35;2
200;802;4.01;57;4.01;10;8.02;57;0.6466136997582211;194;0.39478381594605316;3.251909962569861;3;2.45;0.35;2
200;764;3.82;42;3.82;9;7.64;42;0.6576568037254639;193;0.4384057971014493;3.375039246467818;4;2.45;0.35;2
200;879;4.395;57;4.395;10;8.79;58;0.693551981433175;196;0.37410514971903625;2.947386934673367;5;2.45;0.35;2
200;737;3.685;65;3.685;8;7.37;65;0.6675990627220365;198;0.3425561349366819;2.9917587939698493;6;2.45;0.35;2
200;591;2.955;21;2.955;10;5.91;21;0.6248139010429218;190;0.4780720798957881;4.990314393743202;7;2.45;0.35;2
200;705;3.525;29;3.525;11;7.05;31;0.6082753525694491;192;0.48576042278332354;4.1824303325391075;8;2.45;0.35;2
200;772;3.86;29;3.86;10;7.72;31;0.659193177312034;190;0.4591505234027193;3.5365171449290376;9;2.45;0.35;2
200;698;3.49;43;3.49;11;6.98;43;0.6678007053440713;192;0.45873039143820554;3.9868738142849818;0;2.45;0.45;2
200;730;3.65;72;3.65;9;7.3;72;0.6580861937138678;197;0.3556378791386895;3.2933861225318513;1;2.45;0.45;2
200;883;4.415;70;4.415;11;8.83;70;0.6941416575655558;199;0.3722662440570523;2.9644221105527637;2;2.45;0.45;2
200;944;4.72;70;4.72;11;9.44;70;0.6602789591990063;197;0.37196013289036545;2.8491514126031894;3;2.45;0.45;2
200;886;4.43;58;4.43;10;8.86;58;0.6907485836293132;195;0.4126237623762376;2.963379260333575;4;2.45;0.45;2
200;1073;5.365;91;5.365;11;10.73;92;0.7283045442316577;199;0.3206317263102634;2.5071859296482413;5;2.45;0.45;2
200;903;4.515;115;4.515;9;9.03;115;0.7233764735338855;200;0.278686687584043;2.4943718592964825;6;2.45;0.45;2
200;671;3.355;27;3.355;10;6.71;27;0.6534255795502643;194;0.4584476359528804;4.597025531698899;7;2.45;0.45;2
200;783;3.915;34;3.915;11;7.83;36;0.6205108114155213;195;0.46964078794901504;3.8438190954773868;8;2.45;0.45;2
200;880;4.4;42;4.4;11;8.8;42;0.6882654405285434;194;0.44335885925534724;3.155392106081011;9;2.45;0.45;2
200;810;4.05;71;4.05;12;8.1;71;0.701199104140387;195;0.395854259884942;3.294452058271154;0;2.45;0.55;2
200;838;4.19;117;4.19;11;8.38;117;0.6765407136785353;199;0.284679018253914;2.708442211055276;1;2.45;0.55;2
200;1052;5.26;111;5.26;11;10.52;111;0.7277407339544272;200;0.32475386779184245;2.528040201005025;2;2.45;0.55;2
200;1128;5.64;108;5.64;13;11.28;108;0.7026761906097643;197;0.32950329144225016;2.4756191355176127;3;2.45;0.55;2
200;1060;5.3;86;5.3;11;10.6;86;0.718390628789483;199;0.35736583915564146;2.5588548804629205;4;2.45;0.55;2
200;1337;6.685;147;6.685;13;13.37;147;0.7665761544405573;200;0.2685568652437082;2.1097989949748746;5;2.45;0.55;2
200;1106;5.53;174;5.53;12;11.06;174;0.7642969056053248;200;0.23233695652173914;2.075678391959799;6;2.45;0.55;2
200;755;3.775;41;3.775;10;7.55;41;0.658493591765407;197;0.42181478453812915;3.797827521445612;7;2.45;0.55;2
200;888;4.44;48;4.44;12;8.88;48;0.6539077866133228;198;0.4412362404741744;3.4263819095477386;8;2.45;0.55;2
200;1039;5.195;69;5.195;12;10.39;69;0.7177321849044942;195;0.40706509412565206;2.762499365514441;9;2.45;0.55;2
200;943;4.715;114;4.715;12;9.43;114;0.7034518689446768;198;0.32330161540163754;2.688797522968377;0;2.45;0.65;2
200;1004;5.02;168;5.02;12;10.04;168;0.712874676631536;200;0.24354895722870273;2.19678391959799;1;2.45;0.65;2
200;1269;6.345;171;6.345;12;12.69;171;0.75401729126963;200;0.2770940956914505;2.0947236180904523;2;2.45;0.65;2
200;1374;6.87;163;6.87;15;13.74;163;0.7312398865620543;197;0.28228542800537426;2.1001507537688444;3;2.45;0.65;2
200;1271;6.355;134;6.355;13;12.71;134;0.7496898998671554;200;0.30232424677187947;2.202010050251256;4;2.45;0.65;2
200;1634;8.17;193;8.17;15;16.34;193;0.79422929787204;200;0.24666096362933937;1.9201507537688443;5;2.45;0.65;2
200;1351;6.755;199;6.755;14;13.51;199;0.786247626880168;200;0.22829843080234907;1.9321105527638192;6;2.45;0.65;2
200;876;4.38;54;4.38;10;8.76;54;0.6768261243639274;199;0.3943036953364531;3.318492462311558;7;2.45;0.65;2
200;1024;5.12;62;5.12;13;10.24;62;0.6663155277636303;200;0.41208791208791207;2.9187437185929648;8;2.45;0.65;2
200;1220;6.1;100;6.1;14;12.2;100;0.7421343733345662;199;0.3675111773472429;2.4572361809045224;9;2.45;0.65;2
200;1126;5.63;168;5.63;14;11.26;168;0.7349161594534678;199;0.26130890546793845;2.1872361809045224;0;2.45;0.75;2
200;1150;5.75;199;5.75;12;11.5;199;0.7359964264677663;200;0.2326763603317051;1.9422110552763818;1;2.45;0.75;2
200;1493;7.465;198;7.465;13;14.93;198;0.7743248704505383;200;0.2677849748103859;1.9279899497487438;2;2.45;0.75;2
200;1611;8.055;195;8.055;16;16.11;195;0.7565778314846722;199;0.2670915862799794;1.9388944723618091;3;2.45;0.75;2
200;1554;7.77;183;7.77;15;15.54;183;0.7729820170814271;200;0.26390388993203834;1.9367336683417085;4;2.45;0.75;2
200;1949;9.745;199;9.745;19;19.49;199;0.8073837608465549;200;0.2579878452373789;1.9020603015075377;5;2.45;0.75;2
200;1626;8.13;199;8.13;16;16.26;199;0.8126099039646448;200;0.22871966569971758;1.9182914572864322;6;2.45;0.75;2
200;1055;5.275;78;5.275;11;10.55;78;0.6802082491965682;200;0.35721844293272864;2.861708542713568;7;2.45;0.75;2
200;1198;5.99;88;5.99;15;11.98;88;0.6870983139945275;200;0.3755171191048422;2.580402010050251;8;2.45;0.75;2
200;1430;7.15;147;7.15;15;14.3;147;0.7553218928674899;199;0.32391289026710834;2.1461306532663316;9;2.45;0.75;2
200;1340;6.7;197;6.7;14;13.4;197;0.7630247834726528;200;0.23547413006910808;1.946532663316583;0;2.45;0.85;2
200;1289;6.445;199;6.445;14;12.89;199;0.73307841800922;200;0.24901732421021983;1.9352261306532663;1;2.45;0.85;2
200;1735;8.675;199;8.675;14;17.35;199;0.7684560617564976;200;0.27078404631356284;1.9128140703517589;2;2.45;0.85;2
200;1883;9.415;199;9.415;18;18.83;199;0.7578406028846888;200;0.27560830860534125;1.9053768844221106;3;2.45;0.85;2
200;1838;9.19;199;9.19;15;18.38;199;0.7915081631060668;200;0.25563901269202055;1.907638190954774;4;2.45;0.85;2
200;2317;11.585;199;11.585;21;23.17;199;0.8133250807020014;200;0.2634713290943263;1.8835678391959798;5;2.45;0.85;2
200;1876;9.38;199;9.38;16;18.76;199;0.8171184571841943;200;0.22952476267283345;1.9057286432160805;6;2.45;0.85;2
200;1251;6.255;103;6.255;13;12.51;103;0.7021716970360089;200;0.3207480251491214;2.4468844221105526;7;2.45;0.85;2
200;1423;7.115;120;7.115;20;14.23;120;0.7062230794918323;200;0.34249787934733794;2.2569849246231155;8;2.45;0.85;2
200;1701;8.505;188;8.505;17;17.01;188;0.7722025298639988;200;0.292109427990052;1.9366331658291458;9;2.45;0.85;2
200;1527;7.635;199;7.635;15;15.27;199;0.769683221736682;200;0.22634068208948457;1.9232663316582914;0;2.45;0.95;2
200;1470;7.35;199;7.35;15;14.7;199;0.7263038991931748;200;0.2513317748055034;1.9261306532663316;1;2.45;0.95;2
200;1992;9.96;199;9.96;16;19.92;199;0.7538264406224842;200;0.27550854353132626;1.8998994974874372;2;2.45;0.95;2
200;2180;10.9;199;10.9;20;21.8;199;0.7524752258931113;200;0.2927718738425596;1.8904522613065327;3;2.45;0.95;2
200;2055;10.275;199;10.275;18;20.55;199;0.7878284595190297;200;0.26186538084158;1.8967336683417086;4;2.45;0.95;2
200;2681;13.405;199;13.405;22;26.81;199;0.8161991154699362;200;0.27601024616466413;1.8652763819095477;5;2.45;0.95;2
200;2145;10.725;199;10.725;19;21.45;199;0.8186759448199684;200;0.2382591590853209;1.892211055276382;6;2.45;0.95;2
200;1493;7.465;141;7.465;15;14.93;141;0.7138936424312703;200;0.28119232372144715;2.1377386934673366;7;2.45;0.95;2
200;1706;8.53;152;8.53;22;17.06;152;0.7094016503379663;200;0.2996452245355242;1.986532663316583;8;2.45;0.95;2
200;2010;10.05;199;10.05;18;20.1;199;0.7666979621358717;200;0.28067377017801315;1.898994974874372;9;2.45;0.95;2
200;501;2.505;12;2.505;10;5.01;14;0.6340958797002753;182;0.5360501567398119;5.814431791773181;0;2.65;0.05;2
200;489;2.445;12;2.445;8;4.89;13;0.6197054756837366;184;0.4647411852963241;5.389951614718128;1;2.65;0.05;2
200;563;2.815;18;2.815;7;5.63;19;0.5772765363728065;189;0.44887973216585114;4.490572878897752;2;2.65;0.05;2
200;582;2.91;19;2.91;9;5.82;22;0.586534990449369;183;0.4630917657617231;4.410193892952513;3;2.65;0.05;2
200;573;2.865;15;2.865;8;5.73;16;0.5910778051735498;188;0.5202863961813843;4.876625829780345;4;2.65;0.05;2
200;622;3.11;24;3.11;9;6.22;26;0.6455130480222392;192;0.47493403693931396;4.126632135534693;5;2.65;0.05;2
200;512;2.56;18;2.56;7;5.12;18;0.5785105302752362;185;0.4543155232374328;4.890393225093047;6;2.65;0.05;2
200;474;2.37;14;2.37;8;4.74;16;0.5688979394286657;179;0.49829351535836175;7.5435089738893835;7;2.65;0.05;2
200;560;2.8;20;2.8;9;5.6;22;0.5782405350003569;187;0.4986673128180276;5.258248074491321;8;2.65;0.05;2
200;582;2.91;17;2.91;7;5.82;19;0.6189799918489849;184;0.46983676366217175;4.252198402207023;9;2.65;0.05;2
200;556;2.78;16;2.78;11;5.56;17;0.6612050390750581;186;0.5482985729967069;5.257586725318782;0;2.65;0.15;2
200;528;2.64;17;2.64;8;5.28;17;0.6199023216026892;192;0.4526348808030113;5.0080198974671335;1;2.65;0.15;2
200;631;3.155;26;3.155;8;6.31;26;0.6015992355251266;191;0.42624223602484473;3.9977666108319374;2;2.65;0.15;2
200;661;3.305;25;3.305;9;6.61;26;0.5973856692341436;190;0.4491539907708084;4.164456645602403;3;2.65;0.15;2
200;636;3.18;24;3.18;8;6.36;24;0.6187961017479936;190;0.4993909866017052;4.360084192347132;4;2.65;0.15;2
200;686;3.43;28;3.43;10;6.86;30;0.6590767212704681;193;0.46087373979836777;3.7300636667745763;5;2.65;0.15;2
200;580;2.9;23;2.9;7;5.8;23;0.5845093598406285;191;0.42906415267877673;4.051271534044298;6;2.65;0.15;2
200;509;2.545;16;2.545;8;5.09;17;0.5874392037611172;182;0.497131931166348;6.462508502956412;7;2.65;0.15;2
200;629;3.145;25;3.145;10;6.29;27;0.6110109243578395;189;0.4973384030418251;4.535147515951355;8;2.65;0.15;2
200;667;3.335;24;3.335;8;6.67;26;0.6457060394676494;185;0.46775300171526585;3.804977174034072;9;2.65;0.15;2
200;611;3.055;21;3.055;11;6.11;22;0.6528494793819871;190;0.535810205908684;4.769706582077716;0;2.65;0.25;2
200;586;2.93;28;2.93;8;5.86;28;0.6371205768492003;194;0.44274077623382846;4.370590325364195;1;2.65;0.25;2
200;723;3.615;33;3.615;10;7.23;33;0.6293941331473942;194;0.4253196571589153;3.614892645043399;2;2.65;0.25;2
200;752;3.76;39;3.76;10;7.52;39;0.6257839311867673;194;0.42942271880819366;3.6092908783264113;3;2.65;0.25;2
200;723;3.615;33;3.615;8;7.23;33;0.6404615135871478;191;0.46077586206896554;3.7260976391411176;4;2.65;0.25;2
200;783;3.915;40;3.915;10;7.83;41;0.6574044737035337;196;0.4196566145718688;3.351809552814578;5;2.65;0.25;2
200;674;3.37;46;3.37;8;6.74;46;0.6393982045861955;193;0.3899518037096539;3.3206521739130435;6;2.65;0.25;2
200;574;2.87;19;2.87;9;5.74;20;0.6122553570720819;187;0.4873492551430598;5.1185704568049815;7;2.65;0.25;2
200;682;3.41;26;3.41;10;6.82;28;0.5983679215462178;192;0.4917952084017066;4.32574568288854;8;2.65;0.25;2
200;747;3.735;28;3.735;9;7.47;30;0.6556234672619563;186;0.47587025316455694;3.650318333872882;9;2.65;0.25;2
200;663;3.315;31;3.315;11;6.63;31;0.6615507783191166;191;0.5029972752043597;4.214285714285714;0;2.65;0.35;2
200;680;3.4;54;3.4;9;6.8;54;0.6404584560707736;196;0.39533097834434033;3.7498492462311557;1;2.65;0.35;2
200;813;4.065;46;4.065;11;8.13;46;0.6659117157298673;197;0.4081547742874974;3.2724120603015074;2;2.65;0.35;2
200;865;4.325;57;4.325;10;8.65;57;0.6480078779908383;197;0.401746347367511;3.120750653745578;3;2.65;0.35;2
200;821;4.105;44;4.105;10;8.21;44;0.6769389167786662;195;0.4456073580716778;3.2341759038640836;4;2.65;0.35;2
200;944;4.72;62;4.72;10;9.44;63;0.684738469883699;198;0.37343392159504246;2.8234170854271357;5;2.65;0.35;2
200;793;3.965;68;3.965;8;7.93;68;0.6793163189344517;199;0.3511119487372786;2.925075376884422;6;2.65;0.35;2
200;636;3.18;22;3.18;10;6.36;22;0.6082855795058428;193;0.47765202378668714;4.73843967311304;7;2.65;0.35;2
200;758;3.79;30;3.79;11;7.58;33;0.6118948531323523;195;0.4871233582281741;4.036934673366834;8;2.65;0.35;2
200;835;4.175;31;4.175;10;8.35;33;0.6642708654820674;192;0.46146674953387196;3.36532841101369;9;2.65;0.35;2
200;751;3.755;46;3.755;11;7.51;46;0.6588476009400246;195;0.45573979591836733;3.7688949799502565;0;2.65;0.45;2
200;785;3.925;77;3.925;10;7.85;77;0.652408935152787;198;0.35974563439991925;3.097035175879397;1;2.65;0.45;2
200;954;4.77;74;4.77;12;9.54;74;0.6932578318351434;199;0.37741214706479786;2.8585929648241204;2;2.65;0.45;2
200;1029;5.145;76;5.145;12;10.29;76;0.6664121571447649;197;0.3742667188111068;2.7440906527200943;3;2.65;0.45;2
200;948;4.74;61;4.74;10;9.48;61;0.6926351040109259;196;0.41006262146404665;2.888017228118751;4;2.65;0.45;2
200;1140;5.7;99;5.7;11;11.4;100;0.7229088250661326;200;0.3168290147460825;2.425175879396985;5;2.65;0.45;2
200;978;4.89;120;4.89;10;9.78;120;0.7192153266305013;200;0.2861995341614907;2.4320100502512565;6;2.65;0.45;2
200;725;3.625;30;3.625;10;7.25;30;0.6418562087300591;195;0.4475115014638227;4.076442820161413;7;2.65;0.45;2
200;846;4.23;37;4.23;11;8.46;39;0.6255343038834842;198;0.46376092136616365;3.6163819095477385;8;2.65;0.45;2
200;943;4.715;43;4.715;11;9.43;43;0.6888457618833402;198;0.44397316264363385;3.034353689176024;9;2.65;0.45;2
200;871;4.355;77;4.355;12;8.71;77;0.6842132418194647;197;0.3966489319463194;3.1008070656311864;0;2.65;0.55;2
200;911;4.555;126;4.555;12;9.11;126;0.6791297317424878;200;0.29015423866403806;2.5760804020100503;1;2.65;0.55;2
200;1146;5.73;119;5.73;12;11.46;119;0.7268945527474113;200;0.3329849246231156;2.435427135678392;2;2.65;0.55;2
200;1225;6.125;116;6.125;14;12.25;116;0.7044246425126202;197;0.33147537640621283;2.3905527638190955;3;2.65;0.55;2
200;1134;5.67;91;5.67;13;11.34;91;0.7240321676182262;199;0.36268325575325183;2.512664331759809;4;2.65;0.55;2
200;1421;7.105;152;7.105;13;14.21;152;0.76299737088998;200;0.275371248998706;2.0731658291457284;5;2.65;0.55;2
200;1192;5.96;179;5.96;13;11.92;179;0.7645104437518632;200;0.2391794173129323;2.0316582914572865;6;2.65;0.55;2
200;836;4.18;45;4.18;10;8.36;45;0.6563536109945073;198;0.4261715296198055;3.5151007563067864;7;2.65;0.55;2
200;959;4.795;53;4.795;12;9.59;53;0.6629200532144157;199;0.43462975170292245;3.1428140703517586;8;2.65;0.55;2
200;1119;5.595;76;5.595;13;11.19;76;0.7220031875346362;198;0.40279474275663263;2.6553768844221106;9;2.65;0.55;2
200;1026;5.13;119;5.13;12;10.26;119;0.7100950281310375;198;0.329426897241675;2.595527638190955;0;2.65;0.65;2
200;1075;5.375;176;5.375;12;10.75;176;0.7134679080738273;200;0.2523967291696038;2.130954773869347;1;2.65;0.65;2
200;1355;6.775;176;6.775;13;13.55;176;0.7518715162775345;200;0.28675446526742737;2.0517587939698494;2;2.65;0.65;2
200;1473;7.365;171;7.365;16;14.73;171;0.7314652094827244;197;0.2908238172920065;2.0659798994974876;3;2.65;0.65;2
200;1359;6.795;145;6.795;13;13.59;145;0.7495419885706472;200;0.2997822768337546;2.1258291457286433;4;2.65;0.65;2
200;1744;8.72;196;8.72;15;17.44;196;0.7918368694754732;200;0.25471059036053895;1.91286432160804;5;2.65;0.65;2
200;1435;7.175;199;7.175;16;14.35;199;0.7872801983696972;200;0.23609409247018623;1.927889447236181;6;2.65;0.65;2
200;971;4.855;58;4.855;10;9.71;58;0.6698972907688945;199;0.3986463847751793;3.1029145728643215;7;2.65;0.65;2
200;1101;5.505;77;5.505;13;11.01;77;0.6785158546601303;200;0.4079574252407501;2.782713567839196;8;2.65;0.65;2
200;1297;6.485;104;6.485;15;12.97;104;0.7395882006536777;199;0.3716682137647527;2.39678391959799;9;2.65;0.65;2
200;1216;6.08;176;6.08;14;12.16;176;0.7420263117529474;200;0.2638246641311188;2.1160804020100503;0;2.65;0.75;2
200;1235;6.175;199;6.175;13;12.35;199;0.7313774723872956;200;0.2507803819903709;1.9379396984924624;1;2.65;0.75;2
200;1598;7.99;199;7.99;13;15.98;199;0.7639870799416068;200;0.27874111469431173;1.9196984924623115;2;2.65;0.75;2
200;1735;8.675;199;8.675;16;17.35;199;0.7556638565821696;199;0.2808684999788789;1.9128140703517589;3;2.65;0.75;2
200;1680;8.4;188;8.4;15;16.8;188;0.7757819872430056;200;0.26879152373094795;1.9175879396984925;4;2.65;0.75;2
200;2073;10.365;199;10.365;20;20.73;199;0.8031429723792556;200;0.2665177467934927;1.8958291457286431;5;2.65;0.75;2
200;1707;8.535;199;8.535;16;17.07;199;0.8082355520390788;200;0.23303258980646083;1.9142211055276381;6;2.65;0.75;2
200;1132;5.66;84;5.66;12;11.32;84;0.6798918925470424;200;0.36012776151184456;2.7446231155778893;7;2.65;0.75;2
200;1292;6.46;97;6.46;17;12.92;97;0.6893902831544058;200;0.37587288735957897;2.501758793969849;8;2.65;0.75;2
200;1527;7.635;155;7.635;15;15.27;155;0.7557705038197434;199;0.3288940842483196;2.095929648241206;9;2.65;0.75;2
200;1424;7.12;197;7.12;16;14.24;197;0.7628311283519882;200;0.24350812064965197;1.9419597989949748;0;2.65;0.85;2
200;1378;6.89;199;6.89;15;13.78;199;0.7284589867942276;200;0.26212876265391405;1.9307537688442211;1;2.65;0.85;2
200;1837;9.185;199;9.185;15;18.37;199;0.7622178441046649;200;0.2785242628992629;1.9076884422110554;2;2.65;0.85;2
200;2009;10.045;199;10.045;19;20.09;199;0.7572752339557937;200;0.29146864813249773;1.8990452261306532;3;2.65;0.85;2
200;1932;9.66;199;9.66;17;19.32;199;0.7887565301333217;200;0.266180007236044;1.9029145728643215;4;2.65;0.85;2
200;2452;12.26;199;12.26;22;24.52;199;0.8146046254867568;200;0.27490943831853826;1.8767839195979898;5;2.65;0.85;2
200;1969;9.845;199;9.845;18;19.69;199;0.8137010418717349;200;0.23893538208259021;1.9010552763819095;6;2.65;0.85;2
200;1368;6.84;113;6.84;14;13.68;113;0.7074232901586082;200;0.3191303888419273;2.340954773869347;7;2.65;0.85;2
200;1535;7.675;127;7.675;21;15.35;127;0.7052286784483094;200;0.3407749550936618;2.1599497487437187;8;2.65;0.85;2
200;1847;9.235;192;9.235;18;18.47;192;0.7681408071973947;200;0.29949405781443517;1.917638190954774;9;2.65;0.85;2
200;1629;8.145;199;8.145;18;16.29;199;0.7701491035938512;200;0.23318281968283328;1.918140703517588;0;2.65;0.95;2
200;1582;7.91;199;7.91;16;15.82;199;0.7119468798953861;200;0.2614456364869329;1.9205025125628141;1;2.65;0.95;2
200;2121;10.605;199;10.605;18;21.21;199;0.7524165311469152;200;0.2858250342894627;1.8934170854271357;2;2.65;0.95;2
200;2301;11.505;199;11.505;21;23.01;199;0.7472818911979323;200;0.30510823126049225;1.8843718592964824;3;2.65;0.95;2
200;2165;10.825;199;10.825;18;21.65;199;0.7829693778342727;200;0.2711374855582397;1.8912060301507538;4;2.65;0.95;2
200;2842;14.21;199;14.21;23;28.42;199;0.8153880208467998;200;0.28901223274779453;1.8571859296482411;5;2.65;0.95;2
200;2258;11.29;199;11.29;19;22.58;199;0.8087573175436653;200;0.24710960716687275;1.8865326633165829;6;2.65;0.95;2
200;1600;8.0;150;8.0;16;16.0;150;0.7243791881964694;200;0.2826256837718156;2.0565829145728642;7;2.65;0.95;2
200;1850;9.25;160;9.25;23;18.5;160;0.7134316782443773;200;0.3089566848845746;1.9450251256281408;8;2.65;0.95;2
200;2156;10.78;199;10.78;21;21.56;199;0.7646884211766282;200;0.28824586936049995;1.8916582914572864;9;2.65;0.95;2
200;542;2.71;12;2.71;10;5.42;14;0.6434953030061726;184;0.5512744516893895;5.439117713256809;0;2.85;0.05;2
200;516;2.58;13;2.58;8;5.16;13;0.5931001868501868;192;0.4611434440260185;5.378542713567839;1;2.85;0.05;2
200;607;3.035;19;3.035;8;6.07;20;0.5780754088758815;190;0.44900662251655626;4.310413782495001;2;2.85;0.05;2
200;634;3.17;19;3.17;9;6.34;22;0.5876526197205346;189;0.46746476153697625;4.482791435368755;3;2.85;0.05;2
200;604;3.02;17;3.02;8;6.04;17;0.6085333158706125;188;0.5159325210871603;4.6559447352798315;4;2.85;0.05;2
200;652;3.26;24;3.26;10;6.52;27;0.6419276752248085;193;0.4690101757631822;3.947340023740153;5;2.85;0.05;2
200;545;2.725;19;2.725;7;5.45;19;0.5744044928396181;187;0.455749718151071;4.787223133716161;6;2.85;0.05;2
200;510;2.55;15;2.55;8;5.1;16;0.5725157240102893;184;0.49589221163325664;5.76735911255298;7;2.85;0.05;2
200;607;3.035;21;3.035;10;6.07;23;0.5942933576179629;189;0.491762252346194;4.814921255316703;8;2.85;0.05;2
200;628;3.14;18;3.14;8;6.28;20;0.6255936193707092;185;0.4714285714285714;4.042081575246132;9;2.85;0.05;2
200;595;2.975;18;2.975;11;5.95;20;0.6309342564981664;189;0.5453233950468863;4.852282021920497;0;2.85;0.15;2
200;574;2.87;19;2.87;8;5.74;19;0.6161828899409458;196;0.46166134185303515;4.858492462311558;1;2.85;0.15;2
200;682;3.41;27;3.41;11;6.82;27;0.613471601591986;191;0.4434914228052472;3.882950104055632;2;2.85;0.15;2
200;711;3.555;27;3.555;10;7.11;27;0.59600456515938;192;0.45053317535545023;3.946389723402051;3;2.85;0.15;2
200;682;3.41;27;3.41;9;6.82;27;0.614015996472677;191;0.48694900605012964;3.9905553456743483;4;2.85;0.15;2
200;724;3.62;29;3.62;10;7.24;32;0.6476802006123967;195;0.45889429962761386;3.7404951828447115;5;2.85;0.15;2
200;625;3.125;26;3.125;7;6.25;26;0.6086117514624254;192;0.43309240085954287;3.8086033634126335;6;2.85;0.15;2
200;562;2.81;17;2.81;9;5.62;18;0.5746240091478187;189;0.4830841856805665;5.185048454083987;7;2.85;0.15;2
200;672;3.36;25;3.36;10;6.72;27;0.59927054808717;190;0.4989754098360656;4.470015698587127;8;2.85;0.15;2
200;719;3.595;24;3.595;9;7.19;26;0.6511743029066958;187;0.4795155502392344;3.7273177987109567;9;2.85;0.15;2
200;644;3.22;23;3.22;11;6.44;23;0.6469036383256973;191;0.52916416115454;4.50071371927042;0;2.85;0.25;2
200;642;3.21;30;3.21;8;6.42;30;0.609331931958655;196;0.4449990017967658;4.181959798994975;1;2.85;0.25;2
200;769;3.845;35;3.845;11;7.69;35;0.6338918039726131;195;0.4235775381182596;3.4533780011166946;2;2.85;0.25;2
200;807;4.035;43;4.035;10;8.07;43;0.6302115937159084;195;0.43452768729641694;3.484181920730144;3;2.85;0.25;2
200;777;3.885;34;3.885;10;7.77;34;0.6539991348201422;194;0.46214491302715555;3.561172161172161;4;2.85;0.25;2
200;842;4.21;41;4.21;10;8.42;42;0.6534066312748142;196;0.41946177847113886;3.245929648241206;5;2.85;0.25;2
200;728;3.64;46;3.64;8;7.28;46;0.6519735760985707;196;0.4013209013209013;3.2380537325676784;6;2.85;0.25;2
200;620;3.1;19;3.1;10;6.2;21;0.593630339273115;193;0.48872180451127817;4.795467363995283;7;2.85;0.25;2
200;737;3.685;27;3.685;11;7.37;30;0.6033039576999878;193;0.4973419138220481;4.12418602266318;8;2.85;0.25;2
200;795;3.975;28;3.975;11;7.95;30;0.6468413065370872;191;0.4837562248043633;3.661966776045939;9;2.85;0.25;2
200;704;3.52;32;3.52;11;7.04;32;0.6543072485981691;194;0.4984719317999035;4.102351600538693;0;2.85;0.35;2
200;734;3.67;56;3.67;9;7.34;56;0.6350887373375815;197;0.4019062748212867;3.489145728643216;1;2.85;0.35;2
200;873;4.365;48;4.365;12;8.73;48;0.667464371674017;198;0.4168571167382759;3.1915577889447238;2;2.85;0.35;2
200;935;4.675;58;4.675;11;9.35;58;0.6531002815446293;197;0.40722263588979896;2.9994359842075577;3;2.85;0.35;2
200;894;4.47;50;4.47;10;8.94;50;0.681144740600128;196;0.4377952755905512;3.121212121212121;4;2.85;0.35;2
200;1002;5.01;66;5.01;10;10.02;67;0.6843497135917292;198;0.37184007649554773;2.7569849246231155;5;2.85;0.35;2
200;861;4.305;74;4.305;10;8.61;74;0.6748548136482851;199;0.3523386008099738;2.8299497487437186;6;2.85;0.35;2
200;696;3.48;23;3.48;10;6.96;25;0.6237297254177882;194;0.4797066014669927;4.328358966549922;7;2.85;0.35;2
200;808;4.04;31;4.04;11;8.08;34;0.6031507516433394;197;0.4875947622329428;3.846030150753769;8;2.85;0.35;2
200;890;4.45;33;4.45;11;8.9;35;0.6666083541737123;197;0.4655409745801597;3.2255434782608696;9;2.85;0.35;2
200;802;4.01;48;4.01;12;8.02;48;0.6629053426873616;195;0.4604324565314311;3.6305263692198366;0;2.85;0.45;2
200;833;4.165;81;4.165;11;8.33;81;0.6531276544256099;199;0.36208292112600055;3.0189447236180906;1;2.85;0.45;2
200;1019;5.095;78;5.095;12;10.19;78;0.6944224307331259;199;0.3831199904294772;2.7945226130653267;2;2.85;0.45;2
200;1099;5.495;82;5.495;14;10.99;82;0.6755470943700874;197;0.3796291742487582;2.6793826590780907;3;2.85;0.45;2
200;1026;5.13;64;5.13;11;10.26;64;0.6921561567382682;196;0.40647284695556773;2.7990452261306533;4;2.85;0.45;2
200;1211;6.055;106;6.055;12;12.11;107;0.7260724744697561;200;0.3207985778750171;2.3783417085427137;5;2.85;0.45;2
200;1042;5.21;128;5.21;11;10.42;128;0.7241803245962146;200;0.28849844343042347;2.3612060301507536;6;2.85;0.45;2
200;790;3.95;33;3.95;10;7.9;33;0.6399423851064492;199;0.4548958207876671;3.7694472361809046;7;2.85;0.45;2
200;905;4.525;42;4.525;12;9.05;42;0.6303891973668151;199;0.45508672016567436;3.428140703517588;8;2.85;0.45;2
200;1012;5.06;49;5.06;12;10.12;49;0.6903346647472487;198;0.44224620303756995;2.9183244462674325;9;2.85;0.45;2
200;932;4.66;87;4.66;12;9.32;87;0.6918391359179157;198;0.3869907565902088;2.9664824120603015;0;2.85;0.55;2
200;992;4.96;132;4.96;12;9.92;132;0.6815471311102915;200;0.3001510574018127;2.4946733668341707;1;2.85;0.55;2
200;1217;6.085;130;6.085;12;12.17;130;0.72211674353002;200;0.33236769589486326;2.3513065326633167;2;2.85;0.55;2
200;1297;6.485;125;6.485;15;12.97;125;0.7041707671225039;197;0.3319129508446203;2.340854271356784;3;2.85;0.55;2
200;1217;6.085;101;6.085;13;12.17;101;0.7185826689229299;200;0.353376987839102;2.4290954773869347;4;2.85;0.55;2
200;1514;7.57;160;7.57;14;15.14;160;0.7579102797244391;200;0.281381837021686;2.0327638190954773;5;2.85;0.55;2
200;1264;6.32;183;6.32;13;12.64;183;0.7588987285341837;200;0.24940239043824702;2.005175879396985;6;2.85;0.55;2
200;905;4.525;46;4.525;10;9.05;46;0.6496987337501208;199;0.428972678525832;3.26035175879397;7;2.85;0.55;2
200;1025;5.125;56;5.125;13;10.25;56;0.6571280547584004;199;0.43579516212043234;3.0359798994974874;8;2.85;0.55;2
200;1188;5.94;78;5.94;13;11.88;78;0.7178128089228578;200;0.40375504474469204;2.5952763819095477;9;2.85;0.55;2
200;1094;5.47;125;5.47;14;10.94;125;0.7115186286079571;199;0.32871885225270575;2.5102010050251256;0;2.85;0.65;2
200;1147;5.735;181;5.735;12;11.47;181;0.7088723440076066;200;0.26178535606820463;2.0868341708542713;1;2.85;0.65;2
200;1454;7.27;186;7.27;13;14.54;186;0.746807902421292;200;0.29170904841257816;1.9912060301507537;2;2.85;0.65;2
200;1573;7.865;174;7.865;16;15.73;174;0.7349703943624442;198;0.3016264993130083;2.0364824120603013;3;2.85;0.65;2
200;1463;7.315;149;7.315;13;14.63;149;0.7469706228201423;200;0.303531113692655;2.0787939698492464;4;2.85;0.65;2
200;1852;9.26;196;9.26;18;18.52;196;0.7894744070213491;200;0.26651060920352754;1.9073366834170855;5;2.85;0.65;2
200;1529;7.645;199;7.645;16;15.29;199;0.7867361986314233;200;0.24480384006023623;1.9231658291457285;6;2.85;0.65;2
200;1045;5.225;62;5.225;11;10.45;62;0.6636792113988134;199;0.39945462984451147;2.9979899497487437;7;2.85;0.65;2
200;1169;5.845;79;5.845;14;11.69;79;0.6787193064051533;200;0.4049817575784875;2.687638190954774;8;2.85;0.65;2
200;1385;6.925;115;6.925;15;13.85;115;0.7419018994180183;200;0.3694239930705933;2.330603015075377;9;2.85;0.65;2
200;1314;6.57;183;6.57;15;13.14;183;0.746219638750856;200;0.26642110266159696;2.0446231155778896;0;2.85;0.75;2
200;1302;6.51;199;6.51;14;13.02;199;0.7259745826605887;200;0.2654119067988526;1.934572864321608;1;2.85;0.75;2
200;1693;8.465;199;8.465;13;16.93;199;0.7610934719711696;200;0.2894540363975735;1.9149246231155779;2;2.85;0.75;2
200;1846;9.23;199;9.23;18;18.46;199;0.7527809797568407;199;0.2920024798512089;1.9072361809045226;3;2.85;0.75;2
200;1779;8.895;190;8.895;15;17.79;190;0.7734633249073883;200;0.2767160842138884;1.9115075376884423;4;2.85;0.75;2
200;2214;11.07;199;11.07;21;22.14;199;0.8003196429784731;200;0.2790569258056959;1.8887437185929647;5;2.85;0.75;2
200;1803;9.015;199;9.015;16;18.03;199;0.8018258703223486;200;0.24252970384820002;1.909396984924623;6;2.85;0.75;2
200;1224;6.12;89;6.12;13;12.24;89;0.6903232927788572;200;0.3572341705519627;2.582562814070352;7;2.85;0.75;2
200;1393;6.965;107;6.965;18;13.93;107;0.6941573420606595;200;0.3787001193352155;2.39321608040201;8;2.85;0.75;2
200;1662;8.31;166;8.31;17;16.62;166;0.7601616653371039;200;0.3293752862830767;2.023115577889447;9;2.85;0.75;2
200;1511;7.555;199;7.555;16;15.11;199;0.7598855694075343;200;0.2494199339486832;1.924070351758794;0;2.85;0.85;2
200;1467;7.335;199;7.335;15;14.67;199;0.7200994028343213;200;0.2724296948985054;1.926281407035176;1;2.85;0.85;2
200;1950;9.75;199;9.75;16;19.5;199;0.7579746649395489;200;0.29138588271393673;1.9020100502512562;2;2.85;0.85;2
200;2122;10.61;199;10.61;20;21.22;199;0.7532649079128043;200;0.3018577272680901;1.8933668341708543;3;2.85;0.85;2
200;2023;10.115;199;10.115;18;20.23;199;0.7861643038413682;200;0.27491681032754683;1.8983417085427137;4;2.85;0.85;2
200;2596;12.98;199;12.98;22;25.96;199;0.8116892806765179;200;0.28765652289291954;1.8695477386934674;5;2.85;0.85;2
200;2071;10.355;199;10.355;19;20.71;199;0.8114380253505827;200;0.24848713098407102;1.895929648241206;6;2.85;0.85;2
200;1461;7.305;122;7.305;16;14.61;122;0.7114133914768772;200;0.3218806088436167;2.273819095477387;7;2.85;0.85;2
200;1639;8.195;131;8.195;22;16.39;131;0.7024905710631114;200;0.3464213854555907;2.1170854271356783;8;2.85;0.85;2
200;1966;9.83;195;9.83;19;19.66;195;0.7638479165321129;200;0.30266925388674604;1.9050753768844222;9;2.85;0.85;2
200;1727;8.635;199;8.635;18;17.27;199;0.7718434114723804;200;0.24535778985507245;1.91321608040201;0;2.85;0.95;2
200;1687;8.435;199;8.435;16;16.87;199;0.7132516076041274;200;0.271949557998796;1.9152261306532663;1;2.85;0.95;2
200;2258;11.29;199;11.29;19;22.58;199;0.744635561440357;200;0.29349974280531715;1.8865326633165829;2;2.85;0.95;2
200;2421;12.105;199;12.105;22;24.21;199;0.7442793950774432;200;0.31454757705968556;1.8783417085427137;3;2.85;0.95;2
200;2257;11.285;199;11.285;19;22.57;199;0.7801700121094656;200;0.2811938211598642;1.8865829145728643;4;2.85;0.95;2
200;2973;14.865;199;14.865;23;29.73;199;0.8145125608324625;200;0.29867912136028607;1.850603015075377;5;2.85;0.95;2
200;2374;11.87;199;11.87;19;23.74;199;0.8104108772067076;200;0.2572049327900586;1.8807035175879396;6;2.85;0.95;2
200;1733;8.665;161;8.665;17;17.33;161;0.7372440152887784;200;0.2832321632796692;1.996281407035176;7;2.85;0.95;2
200;1995;9.975;173;9.975;24;19.95;173;0.7153606784084556;200;0.30829415479615463;1.9125125628140704;8;2.85;0.95;2
200;2292;11.46;199;11.46;21;22.92;199;0.7617553652635982;200;0.29825808128953984;1.8848241206030152;9;2.85;0.95;2
200;571;2.855;13;2.855;10;5.71;14;0.6336973900803688;188;0.5516778523489932;5.213806641583511;0;3.0;0.05;2
200;550;2.75;14;2.75;8;5.5;15;0.5975225120302841;193;0.47168141592920354;5.095175879396985;1;3.0;0.05;2
200;638;3.19;20;3.19;9;6.38;20;0.574059439633735;191;0.44903303787268334;4.1582833410244575;2;3.0;0.05;2
200;666;3.33;20;3.33;9;6.66;24;0.5868177560396354;190;0.4691618344754876;4.363565730860873;3;3.0;0.05;2
200;631;3.155;17;3.155;9;6.31;18;0.6023869445904927;189;0.5104880136986302;4.439203410869448;4;3.0;0.05;2
200;686;3.43;24;3.43;10;6.86;27;0.6341223533859421;194;0.46931894807821983;3.9305397285817882;5;3.0;0.05;2
200;582;2.91;20;2.91;7;5.82;20;0.5794731897402791;189;0.4559648694803611;4.3556706316652996;6;3.0;0.05;2
200;539;2.695;16;2.695;8;5.39;17;0.5726930977168169;186;0.4889018691588785;5.554222427318874;7;3.0;0.05;2
200;647;3.235;22;3.235;10;6.47;24;0.5829793622789422;190;0.5001852537977028;4.606265114448006;8;3.0;0.05;2
200;665;3.325;19;3.325;8;6.65;21;0.6178706893893641;188;0.46890570215906996;3.9134934473254965;9;3.0;0.05;2
200;624;3.12;18;3.12;11;6.24;20;0.6454832151155072;191;0.5495831505046073;4.717160150498937;0;3.0;0.15;2
200;608;3.04;21;3.04;8;6.08;21;0.6147963613291048;197;0.4604651162790698;4.4617587939698495;1;3.0;0.15;2
200;713;3.565;28;3.565;11;7.13;28;0.6041570190425575;194;0.43710740003064197;3.731637987919395;2;3.0;0.15;2
200;754;3.77;29;3.77;10;7.54;29;0.6098745906995781;194;0.4510891089108911;3.8107983387171203;3;3.0;0.15;2
200;715;3.575;27;3.575;9;7.15;27;0.616311444706659;192;0.47779695590773574;3.892254824213587;4;3.0;0.15;2
200;763;3.815;32;3.815;10;7.63;33;0.637740212032559;195;0.4530769230769231;3.61219310059049;5;3.0;0.15;2
200;659;3.295;28;3.295;7;6.59;28;0.6046222497251691;194;0.42744755244755245;3.6625307629204267;6;3.0;0.15;2
200;587;2.935;18;2.935;10;5.87;19;0.5749305524016295;190;0.4851985559566787;5.000355311913101;7;3.0;0.15;2
200;696;3.48;25;3.48;10;6.96;27;0.5932122932288548;191;0.5022450288646568;4.440950999689216;8;3.0;0.15;2
200;746;3.73;24;3.73;9;7.46;26;0.6402753117930661;189;0.48333333333333334;3.700512543835986;9;3.0;0.15;2
200;671;3.355;24;3.355;11;6.71;24;0.6542498775624526;193;0.5272895467160037;4.386926344141718;0;3.0;0.25;2
200;673;3.365;33;3.365;8;6.73;33;0.6111098744160852;197;0.44356719899515523;4.1247738693467335;1;3.0;0.25;2
200;806;4.03;36;4.03;12;8.06;36;0.6376188930798837;197;0.4259070871481858;3.3812060301507536;2;3.0;0.25;2
200;842;4.21;43;4.21;10;8.42;43;0.6357407994342806;196;0.4355226271525831;3.419318816303741;3;3.0;0.25;2
200;815;4.075;35;4.075;10;8.15;35;0.6534815250862558;195;0.4588675819811642;3.491103932728298;4;3.0;0.25;2
200;890;4.45;44;4.45;10;8.9;45;0.6447492137895928;197;0.4137033824804857;3.150753768844221;5;3.0;0.25;2
200;764;3.82;46;3.82;9;7.64;46;0.6496267551539561;197;0.40059031877213697;3.181962674323216;6;3.0;0.25;2
200;656;3.28;19;3.28;10;6.56;21;0.5833158599138595;195;0.48973774230330674;4.615125628140704;7;3.0;0.25;2
200;770;3.85;28;3.85;11;7.7;31;0.5891080087762266;196;0.5;4.078040201005025;8;3.0;0.25;2
200;829;4.145;28;4.145;11;8.29;30;0.641529165014257;194;0.47990751954200156;3.4877461033634125;9;3.0;0.25;2
200;741;3.705;33;3.705;11;7.41;33;0.6489142797273701;195;0.497309873491348;3.9975655236713976;0;3.0;0.35;2
200;772;3.86;57;3.86;10;7.72;57;0.6308050178583218;197;0.406570841889117;3.4445226130653266;1;3.0;0.35;2
200;905;4.525;50;4.525;12;9.05;50;0.6614966286337367;198;0.41895006402048657;3.149748743718593;2;3.0;0.35;2
200;985;4.925;59;4.925;11;9.85;59;0.6457376213183303;197;0.4119244873013717;2.955890563930765;3;3.0;0.35;2
200;933;4.665;51;4.665;10;9.33;51;0.6762004476517536;196;0.43477206595538315;3.0470026902187706;4;3.0;0.35;2
200;1049;5.245;70;5.245;10;10.49;71;0.6870828439437692;198;0.37344737415558943;2.703165829145729;5;3.0;0.35;2
200;902;4.51;76;4.51;10;9.02;76;0.6793299455052384;200;0.3560319767441861;2.798140703517588;6;3.0;0.35;2
200;734;3.67;23;3.67;10;7.34;25;0.6154315093116217;197;0.4799288994223078;4.0568341708542714;7;3.0;0.35;2
200;842;4.21;32;4.21;11;8.42;34;0.6015310544287805;198;0.4824644549763033;3.7255778894472362;8;3.0;0.35;2
200;930;4.65;36;4.65;11;9.3;36;0.66625466757612;197;0.46124779578470065;3.133408531583265;9;3.0;0.35;2
200;850;4.25;51;4.25;13;8.5;51;0.6579353373322269;197;0.45390840900118434;3.517537688442211;0;3.0;0.45;2
200;892;4.46;85;4.46;11;8.92;85;0.6559950769083421;199;0.37053783912422655;2.953718592964824;1;3.0;0.45;2
200;1080;5.4;82;5.4;12;10.8;82;0.6912705738804713;199;0.38431205371416394;2.7162814070351757;2;3.0;0.45;2
200;1147;5.735;84;5.735;14;11.47;84;0.6786063007163394;197;0.38330075905640654;2.656667174255114;3;3.0;0.45;2
200;1079;5.395;67;5.395;11;10.79;67;0.6894913226135657;196;0.40790131688614767;2.7467336683417085;4;3.0;0.45;2
200;1286;6.43;111;6.43;13;12.86;112;0.7189829019830184;200;0.32545907538986807;2.3369849246231156;5;3.0;0.45;2
200;1089;5.445;132;5.445;11;10.89;132;0.7217975363676901;200;0.29224086870681143;2.327638190954774;6;3.0;0.45;2
200;832;4.16;34;4.16;10;8.32;34;0.6382197842609941;199;0.45547683923705723;3.604924623115578;7;3.0;0.45;2
200;950;4.75;44;4.75;12;9.5;44;0.6365803575989323;199;0.45413168013811506;3.2889447236180906;8;3.0;0.45;2
200;1067;5.335;52;5.335;12;10.67;52;0.6894302894456883;199;0.4392462251813102;2.8721608040201003;9;3.0;0.45;2
200;986;4.93;90;4.93;14;9.86;90;0.6968881607621182;199;0.39695418799151166;2.914321608040201;0;3.0;0.55;2
200;1056;5.28;137;5.28;12;10.56;137;0.6903778849048918;200;0.3098745226404801;2.420954773869347;1;3.0;0.55;2
200;1280;6.4;135;6.4;12;12.8;135;0.7242717486466997;200;0.3374262786425602;2.3042211055276383;2;3.0;0.55;2
200;1384;6.92;131;6.92;16;13.84;131;0.7042887778470523;198;0.33864650201283863;2.2846231155778893;3;3.0;0.55;2
200;1266;6.33;107;6.33;13;12.66;107;0.7179476493453031;200;0.35070698730519145;2.385628140703518;4;3.0;0.55;2
200;1589;7.945;164;7.945;14;15.89;164;0.7546940271168452;200;0.2860154241645244;2.0058291457286432;5;3.0;0.55;2
200;1324;6.62;187;6.62;13;13.24;187;0.7562551341868027;200;0.2544751281820635;1.9775376884422111;6;3.0;0.55;2
200;946;4.73;52;4.73;10;9.46;52;0.6545978208089959;199;0.42510962381721673;3.1985427135678393;7;3.0;0.55;2
200;1075;5.375;59;5.375;13;10.75;59;0.6597789745137991;200;0.4388569416735125;2.931708542713568;8;3.0;0.55;2
200;1242;6.21;81;6.21;14;12.42;81;0.7139627612186148;200;0.40542826078202393;2.5554773869346734;9;3.0;0.55;2
200;1153;5.765;131;5.765;15;11.53;131;0.7145636979046276;200;0.3291899334506234;2.442110552763819;0;3.0;0.65;2
200;1209;6.045;184;6.045;13;12.09;184;0.7109578327711336;200;0.27455175531113457;2.0612060301507538;1;3.0;0.65;2
200;1526;7.63;189;7.63;13;15.26;189;0.7502046138108901;200;0.29669545922814805;1.9630150753768845;2;3.0;0.65;2
200;1629;8.145;178;8.145;16;16.29;178;0.7365837052377572;199;0.3028303857401476;2.000402010050251;3;3.0;0.65;2
200;1536;7.68;157;7.68;14;15.36;157;0.7474598685944255;200;0.3040868021620759;2.0348743718592965;4;3.0;0.65;2
200;1946;9.73;197;9.73;19;19.46;197;0.7856471812654016;200;0.27541483676957357;1.9023618090452261;5;3.0;0.65;2
200;1603;8.015;199;8.015;16;16.03;199;0.7828716477567272;200;0.25131143927705535;1.9194472361809045;6;3.0;0.65;2
200;1096;5.48;67;5.48;12;10.96;67;0.670400011649549;200;0.3939378211449629;2.90356783919598;7;3.0;0.65;2
200;1244;6.22;87;6.22;16;12.44;87;0.6808393763289574;200;0.40326662975559596;2.615427135678392;8;3.0;0.65;2
200;1459;7.295;122;7.295;17;14.59;122;0.7372678260353953;200;0.3685900756241583;2.275075376884422;9;3.0;0.65;2
200;1386;6.93;186;6.93;15;13.86;186;0.7403489407291847;200;0.2697025819806079;2.0166331658291456;0;3.0;0.75;2
200;1359;6.795;199;6.795;15;13.59;199;0.7229023449524896;200;0.27404154302670625;1.9317085427135678;1;3.0;0.75;2
200;1758;8.79;199;8.79;14;17.58;199;0.7620423218213778;200;0.29494542106878263;1.9116582914572864;2;3.0;0.75;2
200;1920;9.6;199;9.6;19;19.2;199;0.7511326653183216;200;0.2986220834098843;1.9035175879396984;3;3.0;0.75;2
200;1846;9.23;192;9.23;15;18.46;192;0.7750186030442389;200;0.2787416775981982;1.9075879396984925;4;3.0;0.75;2
200;2311;11.555;199;11.555;21;23.11;199;0.8004513624476534;200;0.2869706814767033;1.8838693467336682;5;3.0;0.75;2
200;1875;9.375;199;9.375;17;18.75;199;0.798254090830536;200;0.2503466452152376;1.9057788944723617;6;3.0;0.75;2
200;1290;6.45;100;6.45;14;12.9;100;0.6977284478215708;200;0.35576764307651665;2.5031658291457286;7;3.0;0.75;2
200;1473;7.365;109;7.365;19;14.73;109;0.6948853051877458;200;0.3827510803352944;2.343065326633166;8;3.0;0.75;2
200;1738;8.69;172;8.69;18;17.38;172;0.7528879327700391;200;0.3294620729870256;1.9872361809045227;9;3.0;0.75;2
200;1570;7.85;199;7.85;16;15.7;199;0.7585409934764281;200;0.25783400125537154;1.921105527638191;0;3.0;0.85;2
200;1542;7.71;199;7.71;15;15.42;199;0.7189439736655882;200;0.2796857978326931;1.9225125628140705;1;3.0;0.85;2
200;2034;10.17;199;10.17;17;20.34;199;0.7545088868785745;200;0.2989335703177072;1.897788944723618;2;3.0;0.85;2
200;2209;11.045;199;11.045;20;22.09;199;0.7494415155706912;200;0.3095863841342191;1.888994974874372;3;3.0;0.85;2
200;2085;10.425;199;10.425;18;20.85;199;0.7858728539753342;200;0.28065604660776605;1.8952261306532663;4;3.0;0.85;2
200;2696;13.48;199;13.48;23;26.96;199;0.8112664904337947;200;0.29543353886113416;1.8645226130653267;5;3.0;0.85;2
200;2153;10.765;199;10.765;19;21.53;199;0.8069326895062611;200;0.2569292442389513;1.8918090452261307;6;3.0;0.85;2
200;1533;7.665;125;7.665;16;15.33;125;0.7170350802328784;200;0.32195029004530634;2.202964824120603;7;3.0;0.85;2
200;1742;8.71;138;8.71;22;17.42;138;0.7043401271998101;200;0.3505804762795125;2.0621105527638193;8;3.0;0.85;2
200;2045;10.225;197;10.225;19;20.45;197;0.7615449854911333;200;0.306413855080825;1.89964824120603;9;3.0;0.85;2
200;1800;9.0;199;9.0;19;18.0;199;0.7714518450108039;200;0.25401538186370953;1.9095477386934674;0;3.0;0.95;2
200;1773;8.865;199;8.865;16;17.73;199;0.7114945008129581;200;0.2811613055818354;1.9109045226130654;1;3.0;0.95;2
200;2356;11.78;199;11.78;21;23.56;199;0.7395338464610216;200;0.3017940777519003;1.881608040201005;2;3.0;0.95;2
200;2529;12.645;199;12.645;22;25.29;199;0.7404859776124698;200;0.32323981603666774;1.8729145728643215;3;3.0;0.95;2
200;2339;11.695;199;11.695;21;23.39;199;0.780051022536903;200;0.28856977747520246;1.882462311557789;4;3.0;0.95;2
200;3082;15.41;199;15.41;24;30.82;199;0.8155061482354514;200;0.3079533758032659;1.8451256281407036;5;3.0;0.95;2
200;2485;12.425;199;12.425;19;24.85;199;0.8099569928064008;200;0.265284487300751;1.8751256281407036;6;3.0;0.95;2
200;1810;9.05;166;9.05;17;18.1;166;0.7404200522663277;200;0.2824664879356568;1.964572864321608;7;3.0;0.95;2
200;2109;10.545;179;10.545;25;21.09;179;0.7281160748008808;200;0.3171053743451073;1.9002010050251257;8;3.0;0.95;2
200;2375;11.875;199;11.875;21;23.75;199;0.7571842726875039;200;0.30509021418112325;1.8806532663316582;9;3.0;0.95;2
