n_vertices;n_edges;indegree_mean;indegree_max;outdegree_mean;outdegree_max;total_degree_mean;total_degree_max;avg_local_clustering;vertices_degree_ge_2;global_clustering;avg_shortest_path_length;seed;beta;gamma;dim
2000;117;0.0585;2;0.0585;2;0.117;2;0.4;15;0.4;1.0866141732283465;0;0.05;0.05;2
2000;96;0.048;2;0.048;2;0.096;3;0.5454545454545454;11;0.46153846153846156;1.0679611650485437;1;0.05;0.05;2
2000;112;0.056;2;0.056;1;0.112;2;0.0;8;0.0;1.0826446280991735;2;0.05;0.05;2
2000;116;0.058;3;0.058;3;0.116;3;0.5303030303030303;22;0.6176470588235294;1.1654135338345866;3;0.05;0.05;2
2000;130;0.065;2;0.065;2;0.13;2;0.2608695652173913;23;0.2608695652173913;1.1409395973154361;4;0.05;0.05;2
2000;127;0.0635;2;0.0635;2;0.127;2;0.6;15;0.6;1.0451127819548873;5;0.05;0.05;2
2000;101;0.0505;3;0.0505;2;0.101;3;0.41025641025641024;13;0.4;1.1415929203539823;6;0.05;0.05;2
2000;108;0.054;2;0.054;2;0.108;2;0.45;20;0.45;1.1239669421487604;7;0.05;0.05;2
2000;95;0.0475;2;0.0475;2;0.095;2;0.375;8;0.375;1.05;8;0.05;0.05;2
2000;105;0.0525;2;0.0525;2;0.105;2;0.5625;16;0.5625;1.0625;9;0.05;0.05;2
2000;131;0.0655;3;0.0655;2;0.131;3;0.39682539682539675;21;0.391304347826087;1.1224489795918366;0;0.05;0.15;2
2000;105;0.0525;2;0.0525;2;0.105;3;0.5;12;0.375;1.0869565217391304;1;0.05;0.15;2
2000;121;0.0605;2;0.0605;2;0.121;2;0.2;15;0.2;1.1185185185185185;2;0.05;0.15;2
2000;134;0.067;3;0.067;3;0.134;3;0.5357142857142857;28;0.6136363636363636;1.1623376623376624;3;0.05;0.15;2
2000;144;0.072;2;0.072;2;0.144;2;0.23076923076923078;26;0.23076923076923078;1.144578313253012;4;0.05;0.15;2
2000;138;0.069;3;0.069;2;0.138;3;0.4385964912280701;19;0.42857142857142855;1.0927152317880795;5;0.05;0.15;2
2000;112;0.056;3;0.056;2;0.112;3;0.3333333333333333;16;0.3333333333333333;1.1496062992125984;6;0.05;0.15;2
2000;115;0.0575;2;0.0575;2;0.115;3;0.5;24;0.46153846153846156;1.1654135338345866;7;0.05;0.15;2
2000;104;0.052;2;0.052;2;0.104;2;0.375;8;0.375;1.0458715596330275;8;0.05;0.15;2
2000;113;0.0565;2;0.0565;2;0.113;2;0.5294117647058824;17;0.5294117647058824;1.0661157024793388;9;0.05;0.15;2
2000;149;0.0745;3;0.0745;2;0.149;3;0.41025641025641024;26;0.4;1.1411764705882352;0;0.05;0.25;2
2000;116;0.058;2;0.058;2;0.116;3;0.6;15;0.47368421052631576;1.0793650793650793;1;0.05;0.25;2
2000;134;0.067;4;0.067;2;0.134;4;0.5;21;0.375;1.1772151898734178;2;0.05;0.25;2
2000;145;0.0725;3;0.0725;3;0.145;3;0.4838709677419355;31;0.574468085106383;1.1666666666666667;3;0.05;0.25;2
2000;162;0.081;4;0.081;2;0.162;4;0.16666666666666666;36;0.1276595744680851;1.407079646017699;4;0.05;0.25;2
2000;144;0.072;3;0.072;2;0.144;3;0.34848484848484845;22;0.34615384615384615;1.117283950617284;5;0.05;0.25;2
2000;129;0.0645;3;0.0645;3;0.129;3;0.30158730158730157;21;0.3333333333333333;1.185430463576159;6;0.05;0.25;2
2000;130;0.065;3;0.065;2;0.13;3;0.5357142857142857;28;0.46875;1.1895424836601307;7;0.05;0.25;2
2000;115;0.0575;2;0.0575;2;0.115;2;0.42857142857142855;14;0.42857142857142855;1.065040650406504;8;0.05;0.25;2
2000;127;0.0635;2;0.0635;2;0.127;2;0.42857142857142855;21;0.42857142857142855;1.0863309352517985;9;0.05;0.25;2
2000;172;0.086;4;0.086;2;0.172;4;0.4473684210526316;38;0.40384615384615385;1.2274881516587677;0;0.05;0.35;2
2000;135;0.0675;4;0.0675;2;0.135;4;0.4833333333333333;20;0.35294117647058826;1.2195121951219512;1;0.05;0.35;2
2000;154;0.077;4;0.077;2;0.154;4;0.3620689655172414;29;0.2727272727272727;1.2791878172588833;2;0.05;0.35;2
2000;163;0.0815;3;0.0815;3;0.163;4;0.4087301587301588;42;0.46153846153846156;1.3175355450236967;3;0.05;0.35;2
2000;191;0.0955;8;0.0955;2;0.191;8;0.35393772893772896;52;0.21875;1.7138461538461538;4;0.05;0.35;2
2000;163;0.0815;4;0.0815;2;0.163;4;0.41397849462365593;31;0.375;1.1526315789473685;5;0.05;0.35;2
2000;148;0.074;3;0.074;3;0.148;3;0.3928571428571428;28;0.375;1.192090395480226;6;0.05;0.35;2
2000;152;0.076;5;0.076;2;0.152;5;0.5495495495495496;37;0.42;1.256544502617801;7;0.05;0.35;2
2000;126;0.063;2;0.063;2;0.126;2;0.375;16;0.375;1.0735294117647058;8;0.05;0.35;2
2000;150;0.075;4;0.075;2;0.15;4;0.3777777777777777;30;0.3076923076923077;1.1731843575418994;9;0.05;0.35;2
2000;202;0.101;5;0.101;2;0.202;5;0.4839743589743589;52;0.3626373626373626;1.3025830258302582;0;0.05;0.45;2
2000;155;0.0775;8;0.0775;2;0.155;8;0.4565018315018315;26;0.22727272727272727;1.3590909090909091;1;0.05;0.45;2
2000;186;0.093;6;0.093;2;0.186;6;0.40793650793650793;42;0.2696629213483146;1.3473282442748091;2;0.05;0.45;2
2000;196;0.098;5;0.098;3;0.196;5;0.4103030303030303;55;0.39;1.4529616724738676;3;0.05;0.45;2
2000;219;0.1095;12;0.1095;2;0.219;12;0.44350649350649346;70;0.2236024844720497;1.8244803695150116;4;0.05;0.45;2
2000;191;0.0955;7;0.0955;3;0.191;7;0.47899877899877896;39;0.30337078651685395;1.2734375;5;0.05;0.45;2
2000;182;0.091;4;0.091;3;0.182;4;0.40151515151515144;44;0.42857142857142855;1.2300884955752212;6;0.05;0.45;2
2000;175;0.0875;6;0.0875;2;0.175;6;0.5530303030303031;44;0.375;1.311965811965812;7;0.05;0.45;2
2000;149;0.0745;4;0.0745;2;0.149;4;0.355072463768116;23;0.32142857142857145;1.1461988304093567;8;0.05;0.45;2
2000;170;0.085;5;0.085;2;0.17;5;0.5083333333333333;40;0.36923076923076925;1.2488479262672811;9;0.05;0.45;2
2000;243;0.1215;8;0.1215;3;0.243;8;0.4295093795093795;66;0.26666666666666666;1.501240694789082;0;0.05;0.55;2
2000;201;0.1005;15;0.1005;2;0.201;15;0.4192857142857143;40;0.12435233160621761;1.8333333333333333;1;0.05;0.55;2
2000;231;0.1155;17;0.1155;2;0.231;17;0.40134581105169337;55;0.11870503597122302;1.7958477508650519;2;0.05;0.55;2
2000;243;0.1215;7;0.1215;3;0.243;7;0.39555555555555555;75;0.3016759776536313;1.6112412177985949;3;0.05;0.55;2
2000;277;0.1385;22;0.1385;3;0.277;22;0.5350795272143587;89;0.16326530612244897;1.8826466916354556;4;0.05;0.55;2
2000;235;0.1175;12;0.1175;3;0.235;12;0.4886864032025322;62;0.19767441860465115;1.5899581589958158;5;0.05;0.55;2
2000;228;0.114;5;0.114;3;0.228;5;0.4209677419354839;62;0.37142857142857144;1.34185303514377;6;0.05;0.55;2
2000;210;0.105;6;0.105;2;0.21;6;0.4606060606060606;55;0.30303030303030304;1.37;7;0.05;0.55;2
2000;180;0.09;5;0.09;2;0.18;5;0.5485714285714286;35;0.4375;1.1304347826086956;8;0.05;0.55;2
2000;208;0.104;10;0.104;2;0.208;10;0.5298245614035086;57;0.23076923076923078;1.4264705882352942;9;0.05;0.55;2
2000;295;0.1475;11;0.1475;3;0.295;11;0.497882046269143;93;0.2582781456953642;1.6388888888888888;0;0.05;0.65;2
2000;260;0.13;26;0.13;3;0.26;26;0.403181789961451;59;0.08346972176759411;2.202350965575147;1;0.05;0.65;2
2000;316;0.158;36;0.158;3;0.316;36;0.5183910533910534;80;0.07708119218910586;2.035971223021583;2;0.05;0.65;2
2000;297;0.1485;10;0.1485;3;0.297;10;0.5067502986857826;93;0.2492836676217765;1.611842105263158;3;0.05;0.65;2
2000;366;0.183;47;0.183;3;0.366;47;0.5527888119007454;117;0.07648183556405354;2.1015164279696714;4;0.05;0.65;2
2000;299;0.1495;20;0.1495;3;0.299;20;0.49984634591376165;89;0.1192368839427663;1.791754756871036;5;0.05;0.65;2
2000;284;0.142;7;0.142;3;0.284;7;0.4712192569335426;91;0.30456852791878175;1.6326530612244898;6;0.05;0.65;2
2000;255;0.1275;8;0.1275;2;0.255;8;0.540878604963112;71;0.2947976878612717;1.457002457002457;7;0.05;0.65;2
2000;215;0.1075;8;0.1075;2;0.215;8;0.4424603174603175;48;0.22018348623853212;1.4417177914110428;8;0.05;0.65;2
2000;262;0.131;18;0.131;2;0.262;18;0.48272116358280404;71;0.12289156626506025;1.7958333333333334;9;0.05;0.65;2
2000;382;0.191;22;0.191;3;0.382;22;0.5501085184012013;123;0.16791044776119404;2.273638968481375;0;0.05;0.75;2
2000;360;0.18;48;0.18;3;0.36;48;0.5495748471931413;88;0.059506531204644414;2.1530815109343937;1;0.05;0.75;2
2000;455;0.2275;88;0.2275;3;0.455;88;0.5680122317378047;129;0.03254502061184639;2.1449699333658376;2;0.05;0.75;2
2000;412;0.206;27;0.206;3;0.412;27;0.5014629074629074;125;0.12640449438202248;1.9723723723723723;3;0.05;0.75;2
2000;517;0.2585;112;0.2585;4;0.517;112;0.6387974406186859;164;0.030686406460296096;2.1870928338762217;4;0.05;0.75;2
2000;412;0.206;43;0.206;3;0.412;43;0.5672951872289009;123;0.07186544342507645;2.366878628697816;5;0.05;0.75;2
2000;369;0.1845;15;0.1845;3;0.369;15;0.5548087083520153;127;0.19796954314720813;1.6622222222222223;6;0.05;0.75;2
2000;334;0.167;12;0.167;2;0.334;12;0.46343920106296344;101;0.1853932584269663;1.6125730994152048;7;0.05;0.75;2
2000;257;0.1285;13;0.1285;3;0.257;13;0.4048239895697523;59;0.14018691588785046;1.468131868131868;8;0.05;0.75;2
2000;345;0.1725;29;0.1725;4;0.345;29;0.558346131295579;103;0.10833333333333334;1.789085545722714;9;0.05;0.75;2
2000;512;0.256;52;0.256;3;0.512;52;0.5772793268559397;160;0.08188585607940446;2.092789267747345;0;0.05;0.85;2
2000;517;0.2585;86;0.2585;4;0.517;86;0.5986919356196918;139;0.0430622009569378;2.1033778262053935;1;0.05;0.85;2
2000;691;0.3455;220;0.3455;3;0.691;220;0.6723723966774743;187;0.011974423561325324;2.1318768096867595;2;0.05;0.85;2
2000;573;0.2865;37;0.2865;3;0.573;37;0.5900646345455088;183;0.10138248847926268;1.977025392986699;3;0.05;0.85;2
2000;817;0.4085;269;0.4085;4;0.817;269;0.7370184689095637;250;0.010571081409477521;2.127219057913774;4;0.05;0.85;2
2000;566;0.283;80;0.283;4;0.566;80;0.5841813357968206;164;0.033814891252579776;2.3926092282564313;5;0.05;0.85;2
2000;461;0.2305;25;0.2305;4;0.461;25;0.5959826965487344;159;0.14186046511627906;1.8057726999398678;6;0.05;0.85;2
2000;416;0.208;18;0.208;3;0.416;18;0.4569818478572531;127;0.14935988620199148;1.7618213660245183;7;0.05;0.85;2
2000;334;0.167;21;0.167;3;0.334;21;0.45831297653416236;79;0.07570977917981073;1.7998046875;8;0.05;0.85;2
2000;481;0.2405;64;0.2405;4;0.481;64;0.5581355993922735;138;0.04007772649987855;2.0348860257680874;9;0.05;0.85;2
2000;757;0.3785;100;0.3785;5;0.757;100;0.6708947106727596;240;0.051143583227446;2.3783098144918347;0;0.05;0.95;2
2000;821;0.4105;215;0.4105;4;0.821;215;0.7254646110725707;248;0.019857985317126008;2.0993100829166402;1;0.05;0.95;2
2000;1187;0.5935;497;0.5935;4;1.187;497;0.7886938517837734;353;0.006316082790222456;2.449741822637913;2;0.05;0.95;2
2000;814;0.407;54;0.407;4;0.814;54;0.618912223409253;260;0.06789858186506231;2.328353464717101;3;0.05;0.95;2
2000;1533;0.7665;732;0.7665;4;1.533;732;0.826295996204464;480;0.0037012571692198;2.731424277287509;4;0.05;0.95;2
2000;846;0.423;143;0.423;4;0.846;143;0.6772261556858239;270;0.02711284807034685;2.737114608319195;5;0.05;0.95;2
2000;607;0.3035;47;0.3035;4;0.607;47;0.5791271553899514;215;0.08863198458574181;2.7612979952429493;6;0.05;0.95;2
2000;589;0.2945;32;0.2945;4;0.589;32;0.5432277422977503;198;0.11022840119165839;1.8775029446407538;7;0.05;0.95;2
2000;454;0.227;44;0.227;3;0.454;44;0.5289909804912019;122;0.055232558139534885;2.054229934924078;8;0.05;0.95;2
2000;707;0.3535;136;0.3535;4;0.707;136;0.664191845603334;209;0.019711902956785442;2.0406159209761765;9;0.05;0.95;2
2000;531;0.2655;8;0.2655;3;0.531;8;0.5597773368606702;216;0.44715447154471544;1.5781990521327014;0;0.25;0.05;2
2000;477;0.2385;5;0.2385;4;0.477;5;0.49050279329608937;179;0.487012987012987;1.3621460506706409;1;0.25;0.05;2
2000;502;0.251;6;0.251;3;0.502;7;0.49321175278622087;188;0.42857142857142855;1.7251184834123223;2;0.25;0.05;2
2000;544;0.272;7;0.272;3;0.544;7;0.44494047619047616;208;0.4085106382978723;1.9766397124887691;3;0.25;0.05;2
2000;570;0.285;6;0.285;3;0.57;6;0.5025531914893617;235;0.42951541850220265;2.2085691188358934;4;0.25;0.05;2
2000;551;0.2755;6;0.2755;4;0.551;6;0.45486111111111116;192;0.4275184275184275;1.931201550387597;5;0.25;0.05;2
2000;557;0.2785;4;0.2785;4;0.557;5;0.5247496423462088;233;0.4657534246575342;1.803;6;0.25;0.05;2
2000;544;0.272;5;0.272;5;0.544;6;0.5415873015873015;210;0.5128805620608899;1.5005988023952095;7;0.25;0.05;2
2000;457;0.2285;4;0.2285;3;0.457;4;0.5519125683060109;183;0.5125;1.3360389610389611;8;0.25;0.05;2
2000;548;0.274;5;0.274;3;0.548;5;0.527524204702628;241;0.4794188861985472;1.5870307167235496;9;0.25;0.05;2
2000;603;0.3015;9;0.3015;3;0.603;9;0.5358666666666667;250;0.42613636363636365;1.871304347826087;0;0.25;0.15;2
2000;529;0.2645;5;0.2645;4;0.529;5;0.5465408805031446;212;0.518796992481203;1.416988416988417;1;0.25;0.15;2
2000;571;0.2855;8;0.2855;3;0.571;8;0.4992635189669088;236;0.4168421052631579;1.9579982126899016;2;0.25;0.15;2
2000;611;0.3055;8;0.3055;3;0.611;8;0.4493541546173125;247;0.35980551053484605;2.2462638076673165;3;0.25;0.15;2
2000;632;0.316;8;0.316;3;0.632;8;0.5088423355207807;283;0.42786069651741293;2.261437908496732;4;0.25;0.15;2
2000;617;0.3085;8;0.3085;4;0.617;8;0.4794902193242442;241;0.42391304347826086;2.1455742501828823;5;0.25;0.15;2
2000;622;0.311;7;0.311;4;0.622;8;0.539395536812511;271;0.44869565217391305;1.870204081632653;6;0.25;0.15;2
2000;611;0.3055;6;0.3055;5;0.611;7;0.5121734296831574;257;0.4933078393881453;1.5082474226804123;7;0.25;0.15;2
2000;520;0.26;5;0.26;3;0.52;6;0.5342592592592593;216;0.45348837209302323;1.6793981481481481;8;0.25;0.15;2
2000;611;0.3055;5;0.3055;3;0.611;6;0.5376498800959233;278;0.46875;1.9604043807919125;9;0.25;0.15;2
2000;680;0.34;12;0.34;4;0.68;12;0.5502291681952699;295;0.42448979591836733;1.7667173252279635;0;0.25;0.25;2
2000;609;0.3045;10;0.3045;4;0.609;10;0.5338846480067855;262;0.43147208121827413;1.9029202841357538;1;0.25;0.25;2
2000;659;0.3295;8;0.3295;3;0.659;9;0.5543650793650793;286;0.39111747851002865;2.166973603437692;2;0.25;0.25;2
2000;692;0.346;8;0.346;3;0.692;9;0.4446809088932377;292;0.33533653846153844;2.5901851054670684;3;0.25;0.25;2
2000;717;0.3585;15;0.3585;3;0.717;15;0.5518024032042724;321;0.3951701427003293;2.5172564438619482;4;0.25;0.25;2
2000;724;0.362;10;0.362;4;0.724;11;0.5243914400777147;306;0.4011834319526627;2.3986220472440944;5;0.25;0.25;2
2000;687;0.3435;7;0.3435;4;0.687;8;0.5231850117096019;305;0.44689655172413795;2.044921875;6;0.25;0.25;2
2000;689;0.3445;8;0.3445;5;0.689;8;0.5169733656174333;295;0.4540059347181009;1.6379170056956875;7;0.25;0.25;2
2000;576;0.288;6;0.288;3;0.576;7;0.5010274649278799;241;0.4009216589861751;2.111769686706181;8;0.25;0.25;2
2000;692;0.346;7;0.346;3;0.692;7;0.533672416334955;323;0.4205607476635514;2.476485788113695;9;0.25;0.25;2
2000;779;0.3895;15;0.3895;4;0.779;15;0.5222195423623995;350;0.38345864661654133;2.1904990403071016;0;0.25;0.35;2
2000;706;0.353;22;0.353;4;0.706;22;0.529844642951439;309;0.3125;2.6616516215312607;1;0.25;0.35;2
2000;764;0.382;12;0.382;3;0.764;12;0.5482872747407631;344;0.31327433628318585;2.8367469879518072;2;0.25;0.35;2
2000;824;0.412;13;0.412;3;0.824;13;0.4909218511782615;351;0.32229580573951433;2.6543949771689497;3;0.25;0.35;2
2000;843;0.4215;20;0.4215;3;0.843;20;0.5460270645654384;380;0.3361522198731501;2.8734394124847;4;0.25;0.35;2
2000;807;0.4035;16;0.4035;4;0.807;16;0.53873805431068;358;0.3320063694267516;3.0730421686746987;5;0.25;0.35;2
2000;803;0.4015;10;0.4015;4;0.803;11;0.5380788136885698;369;0.39575645756457567;2.2115559599636034;6;0.25;0.35;2
2000;785;0.3925;12;0.3925;5;0.785;12;0.5138688472021806;351;0.4117021276595745;1.9530463946338736;7;0.25;0.35;2
2000;659;0.3295;11;0.3295;3;0.659;12;0.5560764438813219;287;0.3929712460063898;2.1244329228775114;8;0.25;0.35;2
2000;818;0.409;13;0.409;4;0.818;14;0.5388805280278148;387;0.3768472906403941;2.556860114055686;9;0.25;0.35;2
2000;915;0.4575;21;0.4575;4;0.915;21;0.562761736811618;421;0.3265193370165746;2.9532790398628377;0;0.25;0.45;2
2000;841;0.4205;32;0.4205;4;0.841;32;0.5558853813087649;377;0.23233301064859632;2.827095413811281;1;0.25;0.45;2
2000;913;0.4565;39;0.4565;4;0.913;39;0.572278539883346;403;0.2243667068757539;3.738704177323103;2;0.25;0.45;2
2000;989;0.4945;21;0.4945;5;0.989;21;0.5369190842905797;428;0.29213973799126636;2.9567198177676537;3;0.25;0.45;2
2000;1018;0.509;45;0.509;4;1.018;45;0.5729055276901986;458;0.22400756143667297;3.4912839991860545;4;0.25;0.45;2
2000;971;0.4855;27;0.4855;5;0.971;27;0.5771218830085038;428;0.2684873949579832;3.4329396878954026;5;0.25;0.45;2
2000;939;0.4695;16;0.4695;4;0.939;16;0.5560356002022669;450;0.3321917808219178;3.0625381951517623;6;0.25;0.45;2
2000;924;0.462;14;0.462;5;0.924;14;0.5499291988875322;432;0.3662068965517241;2.252384196185286;7;0.25;0.45;2
2000;772;0.386;16;0.386;4;0.772;17;0.5444535221496005;342;0.33633633633633636;2.441897233201581;8;0.25;0.45;2
2000;945;0.4725;22;0.4725;4;0.945;23;0.553383842033366;443;0.30835734870317005;2.8839666041915146;9;0.25;0.45;2
2000;1121;0.5605;33;0.5605;4;1.121;33;0.5793086576187314;515;0.24319679175021483;3.382170412613217;0;0.25;0.55;2
2000;1034;0.517;50;0.517;4;1.034;50;0.5831889149807837;468;0.1629175187457396;3.3200821572914596;1;0.25;0.55;2
2000;1153;0.5765;91;0.5765;4;1.153;91;0.5952468647129614;508;0.1268352365415987;3.7139535954332015;2;0.25;0.55;2
2000;1246;0.623;34;0.623;5;1.246;34;0.5909859808589123;517;0.23205791106514995;3.210793190872872;3;0.25;0.55;2
2000;1265;0.6325;100;0.6325;4;1.265;100;0.6171289525995262;558;0.12316320807627594;3.5702834624513007;4;0.25;0.55;2
2000;1187;0.5935;54;0.5935;5;1.187;54;0.6125534494961786;520;0.1761791154340246;3.1461383270394703;5;0.25;0.55;2
2000;1129;0.5645;22;0.5645;5;1.129;22;0.5997389294985616;540;0.2931090262051116;3.188190218616182;6;0.25;0.55;2
2000;1117;0.5585;20;0.5585;5;1.117;20;0.5721403293611252;533;0.3208621390809272;2.6534653465346536;7;0.25;0.55;2
2000;914;0.457;22;0.457;4;0.914;23;0.5618040101080496;423;0.2931776275353411;2.5054945054945055;8;0.25;0.55;2
2000;1111;0.5555;38;0.5555;5;1.111;38;0.5924122356028796;519;0.2504118616144975;2.9633975970941604;9;0.25;0.55;2
2000;1405;0.7025;71;0.7025;5;1.405;71;0.5970621620921157;634;0.16185824625170378;3.4388615042137065;0;0.25;0.65;2
2000;1319;0.6595;100;0.6595;5;1.319;100;0.627926475333279;586;0.10683903252710591;3.851458834857968;1;0.25;0.65;2
2000;1552;0.776;204;0.776;6;1.552;204;0.6719094715295363;673;0.05942630344578748;3.5354126923566067;2;0.25;0.65;2
2000;1571;0.7855;54;0.7855;6;1.571;54;0.6448081472109966;660;0.18769454243619008;3.7122886764843237;3;0.25;0.65;2
2000;1706;0.853;227;0.853;5;1.706;227;0.671404637003205;717;0.052684354589555275;3.9812551761871036;4;0.25;0.65;2
2000;1491;0.7455;96;0.7455;6;1.491;96;0.6590329373910179;631;0.11540900443880786;3.075514974114769;5;0.25;0.65;2
2000;1355;0.6775;48;0.6775;5;1.355;48;0.6470881908837218;636;0.23105006954102922;3.4698116161352606;6;0.25;0.65;2
2000;1346;0.673;31;0.673;5;1.346;31;0.61661447137795;631;0.26043737574552683;2.8237918921484857;7;0.25;0.65;2
2000;1106;0.553;38;0.553;4;1.106;39;0.5945449107956223;507;0.21308079313406333;2.9226169943658733;8;0.25;0.65;2
2000;1385;0.6925;76;0.6925;5;1.385;76;0.6292671944240579;623;0.14263124604680583;3.182882286963274;9;0.25;0.65;2
2000;1844;0.922;139;0.922;7;1.844;139;0.6875310738671291;777;0.10772749157438613;3.1184219342561943;0;0.25;0.75;2
2000;1865;0.9325;238;0.9325;5;1.865;238;0.7074747236193435;802;0.05423440912399903;3.5545646848538235;1;0.25;0.75;2
2000;2232;1.116;458;1.116;6;2.232;458;0.7515101673570769;919;0.02705236810136077;3.040839889443021;2;0.25;0.75;2
2000;2035;1.0175;84;1.0175;6;2.035;84;0.7357025191670677;846;0.14321748878923768;3.682151162009221;3;0.25;0.75;2
2000;2562;1.281;624;1.281;6;2.562;624;0.7810371121487742;988;0.01854671582208067;3.0700635212935996;4;0.25;0.75;2
2000;1934;0.967;170;0.967;6;1.934;170;0.7003736234872783;802;0.07398044728764155;3.013523131672598;5;0.25;0.75;2
2000;1699;0.8495;81;0.8495;5;1.699;81;0.6906534299347807;768;0.1716911172013542;3.0782573887517515;6;0.25;0.75;2
2000;1697;0.8485;49;0.8485;5;1.697;49;0.6742013710819614;776;0.19422654534044556;2.811636791066706;7;0.25;0.75;2
2000;1389;0.6945;65;0.6945;4;1.389;66;0.6092254122188328;652;0.13486966377030601;2.8041709886990227;8;0.25;0.75;2
2000;1817;0.9085;164;0.9085;6;1.817;164;0.6823174483809801;779;0.07649235076492351;3.2325623549883993;9;0.25;0.75;2
2000;2582;1.291;268;1.291;8;2.582;268;0.758634848349162;1015;0.07293380965760848;3.0517522797597665;0;0.25;0.85;2
2000;2708;1.354;516;1.354;6;2.708;516;0.7796616516608634;1046;0.02846647366787588;3.301427397902294;1;0.25;0.85;2
2000;3506;1.753;1088;1.753;7;3.506;1088;0.8441934738890148;1339;0.012151440006351252;2.7780133483519505;2;0.25;0.85;2
2000;2727;1.3635;146;1.3635;7;2.727;146;0.7804166474072912;1095;0.10023332313341493;3.8961613517786104;3;0.25;0.85;2
2000;4010;2.005;1421;2.005;8;4.01;1421;0.8726946431414946;1440;0.008686329636841067;2.388390593059294;4;0.25;0.85;2
2000;2723;1.3615;325;1.3615;7;2.723;325;0.7748421776133055;1054;0.04581336004388162;4.76679231204391;5;0.25;0.85;2
2000;2224;1.112;168;1.112;5;2.224;168;0.7367300820008047;962;0.10845099853726976;3.4334625823962774;6;0.25;0.85;2
2000;2205;1.1025;80;1.1025;6;2.205;80;0.727217334702277;979;0.14326228158448448;4.6224677465498685;7;0.25;0.85;2
2000;1793;0.8965;112;0.8965;5;1.793;113;0.6944100336870306;825;0.09129692832764505;4.595359746434231;8;0.25;0.85;2
2000;2537;1.2685;363;1.2685;7;2.537;363;0.7629728553615682;1026;0.03732893034656499;4.123152169524568;9;0.25;0.85;2
2000;3651;1.8255;523;1.8255;9;3.651;523;0.7980565836759106;1308;0.04399185855298102;6.461289426950459;0;0.25;0.95;2
2000;4184;2.092;1089;2.092;9;4.184;1089;0.8423673255870324;1448;0.01533375527685435;3.8299769202248726;1;0.25;0.95;2
2000;5415;2.7075;1964;2.7075;8;5.415;1964;0.9034403777202004;1825;0.008291880344141168;2.0301542162472628;2;0.25;0.95;2
2000;3854;1.927;254;1.927;9;3.854;254;0.8050070503890647;1428;0.06689600350857958;6.096699585183205;3;0.25;0.95;2
2000;5759;2.8795;1999;2.8795;8;5.759;1999;0.9126087082385144;1793;0.008343715464502816;1.997119059529765;4;0.25;0.95;2
2000;4111;2.0555;641;2.0555;8;4.111;641;0.8113773778575649;1433;0.025978903331317263;3.462370573170161;5;0.25;0.95;2
2000;2992;1.496;301;1.496;7;2.992;301;0.7661261126977711;1183;0.07027145359019264;3.890749063458149;6;0.25;0.95;2
2000;3015;1.5075;146;1.5075;8;3.015;146;0.7590999069508781;1230;0.10350821744627055;7.215224072972437;7;0.25;0.95;2
2000;2365;1.1825;212;1.1825;5;2.365;213;0.7467787751135843;1033;0.05874608359442704;4.708627405607621;8;0.25;0.95;2
2000;3724;1.862;752;1.862;8;3.724;752;0.8293913499800217;1401;0.020356723599327563;3.160146927077572;9;0.25;0.95;2
2000;947;0.4735;10;0.4735;4;0.947;10;0.5217615012106538;472;0.44584382871536526;2.724027133166726;0;0.45;0.05;2
2000;861;0.4305;7;0.4305;4;0.861;7;0.505805609915199;438;0.4558189655172414;2.1978835978835978;1;0.45;0.05;2
2000;904;0.452;9;0.452;4;0.904;10;0.4902843768697427;451;0.41360294117647056;2.7404150545198736;2;0.45;0.05;2
2000;987;0.4935;8;0.4935;4;0.987;10;0.487940543449018;472;0.41685144124168516;3.1070552982838464;3;0.45;0.05;2
2000;1020;0.51;8;0.51;4;1.02;8;0.49874542124542126;520;0.4438241451500349;2.827920227920228;4;0.45;0.05;2
2000;968;0.484;8;0.484;4;0.968;9;0.5024706399972925;469;0.4474097331240188;3.631524279407946;5;0.45;0.05;2
2000;973;0.4865;7;0.4865;4;0.973;8;0.534062980030722;496;0.461003861003861;2.6345195729537365;6;0.45;0.05;2
2000;941;0.4705;7;0.4705;5;0.941;7;0.5136663620672149;469;0.4895287958115183;2.170967741935484;7;0.45;0.05;2
2000;841;0.4205;6;0.4205;3;0.841;7;0.5664209664209664;407;0.46545454545454545;1.8580917874396135;8;0.45;0.05;2
2000;984;0.492;7;0.492;4;0.984;8;0.5033722438391699;514;0.4613618974751339;2.7094821788836585;9;0.45;0.05;2
2000;1043;0.5215;12;0.5215;4;1.043;12;0.5374374152783243;528;0.4389763779527559;2.7613180515759312;0;0.45;0.15;2
2000;993;0.4965;10;0.4965;4;0.993;10;0.49952843273231623;515;0.4243119266055046;3.009591668950397;1;0.45;0.15;2
2000;1012;0.506;9;0.506;4;1.012;11;0.5116359562681629;503;0.41208791208791207;3.0401069518716577;2;0.45;0.15;2
2000;1119;0.5595;11;0.5595;4;1.119;13;0.49720117331228436;540;0.419082762256194;3.842637071393076;3;0.45;0.15;2
2000;1142;0.571;12;0.571;4;1.142;12;0.5068402762174389;578;0.41971383147853736;3.5996587560105477;4;0.45;0.15;2
2000;1077;0.5385;11;0.5385;4;1.077;12;0.5325732811818156;539;0.4295900178253119;3.5063913470993118;5;0.45;0.15;2
2000;1060;0.53;8;0.53;4;1.06;9;0.5458852035634485;547;0.45;3.30112145072775;6;0.45;0.15;2
2000;1066;0.533;8;0.533;5;1.066;8;0.4951207855404936;548;0.45271629778672035;2.420424403183024;7;0.45;0.15;2
2000;933;0.4665;7;0.4665;4;0.933;8;0.5587924058512294;459;0.46017699115044247;2.087793427230047;8;0.45;0.15;2
2000;1091;0.5455;9;0.5455;4;1.091;9;0.501990359843763;573;0.43337264150943394;2.887156817124244;9;0.45;0.15;2
2000;1197;0.5985;15;0.5985;5;1.197;16;0.5495313811211671;607;0.4116865869853918;3.349939975990396;0;0.45;0.25;2
2000;1131;0.5655;18;0.5655;4;1.131;18;0.5393490954636466;570;0.3851963746223565;3.4320969836917303;1;0.45;0.25;2
2000;1179;0.5895;13;0.5895;4;1.179;13;0.5389502719502719;600;0.3708754949406071;4.389571028908922;2;0.45;0.25;2
2000;1294;0.647;16;0.647;5;1.294;16;0.5186780370948384;619;0.384928716904277;4.282088008275642;3;0.45;0.25;2
2000;1289;0.6445;17;0.6445;4;1.289;17;0.5468475167320349;652;0.39702683103698333;4.173346001036449;4;0.45;0.25;2
2000;1214;0.607;16;0.607;6;1.214;16;0.5438531165803893;605;0.38964241676942046;3.526262168892914;5;0.45;0.25;2
2000;1208;0.604;12;0.604;5;1.208;13;0.5558257550371115;634;0.4315068493150685;3.6022652659225214;6;0.45;0.25;2
2000;1210;0.605;12;0.605;5;1.21;12;0.5257096279248177;632;0.43209279845335913;3.271297006907137;7;0.45;0.25;2
2000;1043;0.5215;12;0.5215;4;1.043;13;0.5393846153846155;525;0.4263848396501458;2.427831715210356;8;0.45;0.25;2
2000;1235;0.6175;13;0.6175;4;1.235;14;0.5534505945443445;640;0.4158541754980924;3.248204538925596;9;0.45;0.25;2
2000;1398;0.699;21;0.699;5;1.398;22;0.5631547751516792;703;0.3705109489051095;3.5451505016722407;0;0.45;0.35;2
2000;1332;0.666;31;0.666;5;1.332;31;0.5811802766830176;664;0.33045729076790337;3.609785292137353;1;0.45;0.35;2
2000;1380;0.69;35;0.69;5;1.38;35;0.5653434987185203;682;0.3153409090909091;4.372719189044994;2;0.45;0.35;2
2000;1521;0.7605;24;0.7605;5;1.521;24;0.552142713709962;714;0.3555652744369123;4.1326341764342995;3;0.45;0.35;2
2000;1503;0.7515;37;0.7515;4;1.503;37;0.5970983708400927;755;0.3240979381443299;4.836668919270156;4;0.45;0.35;2
2000;1423;0.7115;27;0.7115;6;1.423;27;0.5992537041318747;710;0.33350025037556336;4.029826139088729;5;0.45;0.35;2
2000;1402;0.701;17;0.701;5;1.402;17;0.5736240039132802;729;0.38944494995450407;4.036307227905417;6;0.45;0.35;2
2000;1398;0.699;16;0.699;5;1.398;17;0.5445739892116462;707;0.403921568627451;4.0127916403927575;7;0.45;0.35;2
2000;1183;0.5915;16;0.5915;5;1.183;17;0.5812462933738088;608;0.40150375939849625;2.4582361175921603;8;0.45;0.35;2
2000;1415;0.7075;19;0.7075;4;1.415;20;0.581798859416209;718;0.389326334208224;3.2352244696595953;9;0.45;0.35;2
2000;1647;0.8235;33;0.8235;6;1.647;34;0.6198955042832702;799;0.30537707135610415;4.152282915490619;0;0.45;0.45;2
2000;1578;0.789;44;0.789;5;1.578;44;0.6072564443121319;788;0.279057859703021;4.597389260366508;1;0.45;0.45;2
2000;1662;0.831;73;0.831;5;1.662;73;0.6067506622190615;791;0.2286710673807448;4.3157598964935895;2;0.45;0.45;2
2000;1811;0.9055;35;0.9055;6;1.811;35;0.6039570532689876;833;0.2939908722109533;4.070097693624736;3;0.45;0.45;2
2000;1783;0.8915;80;0.8915;5;1.783;80;0.6231476471382545;857;0.22665828355862935;4.8764204818582115;4;0.45;0.45;2
2000;1690;0.845;49;0.845;6;1.69;49;0.62766036578245;827;0.2552847717786455;4.558152608065328;5;0.45;0.45;2
2000;1656;0.828;25;0.828;5;1.656;25;0.616671342414023;836;0.3514479127491538;3.896019325701082;6;0.45;0.45;2
2000;1623;0.8115;23;0.8115;5;1.623;23;0.5856243977802945;804;0.36215978928884984;4.299474940334129;7;0.45;0.45;2
2000;1374;0.687;22;0.687;5;1.374;23;0.5923003065284278;701;0.355;3.41750305997552;8;0.45;0.45;2
2000;1632;0.816;39;0.816;5;1.632;39;0.5963753807712241;821;0.31965065502183404;4.050912013418128;9;0.45;0.45;2
2000;2005;1.0025;63;1.0025;6;2.005;63;0.6511780261934128;963;0.23734257459217312;4.131292670117788;0;0.45;0.55;2
2000;1935;0.9675;94;0.9675;6;1.935;94;0.6437413918766665;921;0.18862400669176077;4.280210359032265;1;0.45;0.55;2
2000;2113;1.0565;158;1.0565;6;2.113;158;0.6660156977762997;951;0.1312961284474945;4.168361111111111;2;0.45;0.55;2
2000;2217;1.1085;54;1.1085;6;2.217;54;0.6438046725654578;973;0.2502102607232969;3.866422305011417;3;0.45;0.55;2
2000;2231;1.1155;175;1.1155;6;2.231;175;0.6652195204372487;998;0.1182976677085838;4.718067635867726;4;0.45;0.55;2
2000;2075;1.0375;91;1.0375;6;2.075;91;0.6457681849488198;966;0.173868560423688;4.6153786454135695;5;0.45;0.55;2
2000;1984;0.992;47;0.992;5;1.984;47;0.6384682127621796;955;0.28815228093206435;3.7042812412809623;6;0.45;0.55;2
2000;1927;0.9635;31;0.9635;6;1.927;32;0.6220369531319833;922;0.30625;5.279852172804894;7;0.45;0.55;2
2000;1610;0.805;38;0.805;5;1.61;39;0.6055461259939408;796;0.2692878338278932;3.886056352564764;8;0.45;0.55;2
2000;1997;0.9985;75;0.9985;6;1.997;75;0.6304998153575477;951;0.21821210438645197;4.651937099182992;9;0.45;0.55;2
2000;2530;1.265;129;1.265;8;2.53;129;0.6878418205489453;1119;0.15931464386688013;4.456540978708772;0;0.45;0.65;2
2000;2507;1.2535;198;1.2535;6;2.507;198;0.6984490592235687;1098;0.10733794610342316;4.246224237596258;1;0.45;0.65;2
2000;2796;1.398;363;1.398;7;2.796;363;0.7108270712617455;1157;0.057173125174240315;3.6436910965349663;2;0.45;0.65;2
2000;2793;1.3965;81;1.3965;7;2.793;82;0.7101969596078955;1165;0.2017193408004566;4.088203600789413;3;0.45;0.65;2
2000;3078;1.539;477;1.539;7;3.078;477;0.731396217290175;1208;0.04302020493480872;3.4954740677675984;4;0.45;0.65;2
2000;2617;1.3085;153;1.3085;7;2.617;153;0.7041137186042808;1126;0.12156716417910447;4.568473345538971;5;0.45;0.65;2
2000;2402;1.201;79;1.201;6;2.402;79;0.6934686001018131;1094;0.23274806043282972;3.8141245370769097;6;0.45;0.65;2
2000;2389;1.1945;50;1.1945;6;2.389;51;0.6895370649098439;1096;0.2471156426079957;5.598319152762135;7;0.45;0.65;2
2000;1988;0.994;64;0.994;5;1.988;65;0.6576454073155186;967;0.19128370357809055;4.456575648196622;8;0.45;0.65;2
2000;2524;1.262;152;1.262;6;2.524;152;0.6681937673387252;1133;0.1344201210992082;4.725296548762815;9;0.45;0.65;2
2000;3335;1.6675;244;1.6675;8;3.335;244;0.7447519618310724;1327;0.10952180082064655;7.3461262428739955;0;0.45;0.75;2
2000;3373;1.6865;441;1.6865;7;3.373;441;0.7621411161435746;1307;0.052906018643775976;5.395816435674787;1;0.45;0.75;2
2000;4010;2.005;827;2.005;7;4.01;827;0.7973570331650645;1487;0.026155657083574407;3.154788824805071;2;0.45;0.75;2
2000;3588;1.794;142;1.794;8;3.588;142;0.7650302486028772;1404;0.14392597279341982;7.013190159599407;3;0.45;0.75;2
2000;4504;2.252;1092;2.252;7;4.504;1092;0.8137411945045108;1552;0.019125757016695326;2.752366634354117;4;0.45;0.75;2
2000;3487;1.7435;294;1.7435;7;3.487;294;0.7561047185599561;1342;0.07418887001201674;4.382017052548964;5;0.45;0.75;2
2000;3056;1.528;171;1.528;7;3.056;171;0.7249510780577906;1266;0.1526989787647917;5.435232423784552;6;0.45;0.75;2
2000;3064;1.532;85;1.532;8;3.064;86;0.7268870767797708;1315;0.18756872327428223;6.3758881353415635;7;0.45;0.75;2
2000;2472;1.236;114;1.236;6;2.472;115;0.705662418560778;1145;0.13724604966139956;4.423236816093959;8;0.45;0.75;2
2000;3343;1.6715;337;1.6715;8;3.343;337;0.7467773922679336;1333;0.06801931186212797;3.85987670961525;9;0.45;0.75;2
2000;4574;2.287;470;2.287;9;4.574;470;0.7899389850791378;1572;0.06930745015739768;5.68179552355018;0;0.45;0.85;2
2000;4825;2.4125;895;2.4125;9;4.825;895;0.8174458481326926;1594;0.02821340024494429;3.4353230834343944;1;0.45;0.85;2
2000;6153;3.0765;1782;3.0765;10;6.153;1782;0.882612493975062;1863;0.013753971390003632;2.1900905421065366;2;0.45;0.85;2
2000;4891;2.4455;256;2.4455;10;4.891;256;0.8044938808979089;1653;0.09969668520257095;5.52388433902836;3;0.45;0.85;2
2000;6650;3.325;1952;3.325;10;6.65;1952;0.8830793560001163;1880;0.012596798232357447;2.026434638740792;4;0.45;0.85;2
2000;4889;2.4445;572;2.4445;8;4.889;572;0.8130269385088909;1613;0.04349839659743205;3.4557080617535147;5;0.45;0.85;2
2000;3984;1.992;289;1.992;9;3.984;289;0.765743537612995;1476;0.10634471400039755;11.068544554633;6;0.45;0.85;2
2000;4010;2.005;151;2.005;9;4.01;151;0.7628877467358849;1527;0.14289852019590288;8.209227958680135;7;0.45;0.85;2
2000;3176;1.588;203;1.588;6;3.176;204;0.7417185943569782;1357;0.0934966027029045;9.46822541446682;8;0.45;0.85;2
2000;4534;2.267;658;2.267;9;4.534;658;0.8088055942665724;1588;0.038092710310140276;3.2497655508997236;9;0.45;0.85;2
2000;6552;3.276;927;3.276;12;6.552;927;0.822308177660112;1833;0.042435584603817834;3.459305320754516;0;0.45;0.95;2
2000;7359;3.6795;1791;3.6795;12;7.359;1791;0.8757371527213478;1917;0.015579408199138837;2.2404952278658223;1;0.45;0.95;2
2000;8176;4.088;1999;4.088;10;8.176;1999;0.8881319414341985;1981;0.017245472837022133;1.9959099549774888;2;0.45;0.95;2
2000;6941;3.4705;488;3.4705;12;6.941;488;0.7949020009772444;1861;0.06610314369835692;4.754622937083608;3;0.45;0.95;2
2000;8770;4.385;1999;4.385;10;8.77;1999;0.8901501056990885;1959;0.014516010876450589;1.9956128064032017;4;0.45;0.95;2
2000;7404;3.702;1156;3.702;11;7.404;1156;0.855354065404134;1896;0.024985492917679052;2.6411148527951323;5;0.45;0.95;2
2000;5421;2.7105;527;2.7105;10;5.421;527;0.7895231195714496;1706;0.06957556167500191;6.549257603068959;6;0.45;0.95;2
2000;5456;2.728;271;2.728;10;5.456;271;0.7591711821831073;1727;0.09922648563661127;6.434830933339964;7;0.45;0.95;2
2000;4238;2.119;378;2.119;8;4.238;378;0.7824158553986779;1578;0.059493540583663594;6.973949366890199;8;0.45;0.95;2
2000;6735;3.3675;1429;3.3675;10;6.735;1429;0.8561733610748141;1867;0.01884431953141031;2.576433567086551;9;0.45;0.95;2
2000;1384;0.692;11;0.692;5;1.384;12;0.5378487094845933;758;0.44022391043582565;3.8078244779275705;0;0.65;0.05;2
2000;1311;0.6555;10;0.6555;5;1.311;10;0.5222808441558442;704;0.4578426754592558;3.4044316644113666;1;0.65;0.05;2
2000;1292;0.646;9;0.646;5;1.292;10;0.5320838773219726;693;0.41796516956920254;4.59841059602649;2;0.65;0.05;2
2000;1443;0.7215;12;0.7215;5;1.443;15;0.5083995982910502;737;0.4416445623342175;4.520739955993807;3;0.65;0.05;2
2000;1437;0.7185;10;0.7185;5;1.437;10;0.5059383386382076;763;0.41493924231594;5.591996477667433;4;0.65;0.05;2
2000;1382;0.691;10;0.691;5;1.382;10;0.5175758353655927;742;0.44772545889864324;5.305982676425166;5;0.65;0.05;2
2000;1388;0.694;8;0.694;5;1.388;9;0.5382175032175032;740;0.4518779342723005;3.5380607814761214;6;0.65;0.05;2
2000;1351;0.6755;8;0.6755;5;1.351;9;0.4947502042077842;719;0.4488392089423904;3.691135119135711;7;0.65;0.05;2
2000;1208;0.604;7;0.604;4;1.208;9;0.5020783198424852;653;0.44525547445255476;2.7223131478450626;8;0.65;0.05;2
2000;1398;0.699;10;0.699;5;1.398;10;0.5426309729418538;772;0.460990099009901;3.5301773455377576;9;0.65;0.05;2
2000;1549;0.7745;13;0.7745;5;1.549;14;0.5355588190917532;835;0.4250229990800368;4.264249113125739;0;0.65;0.15;2
2000;1489;0.7445;14;0.7445;5;1.489;14;0.5253076876651022;789;0.43953488372093025;3.4549921589127024;1;0.65;0.15;2
2000;1472;0.736;12;0.736;5;1.472;13;0.5432659334341093;773;0.4007561436672968;6.575264204248195;2;0.65;0.15;2
2000;1629;0.8145;14;0.8145;6;1.629;15;0.5197925687095363;831;0.4266666666666667;5.563372774757489;3;0.65;0.15;2
2000;1619;0.8095;15;0.8095;5;1.619;15;0.5288516382488013;846;0.4038010934652434;5.6904754833536275;4;0.65;0.15;2
2000;1548;0.774;15;0.774;6;1.548;15;0.539063958424634;829;0.4302120141342756;5.9162301587301585;5;0.65;0.15;2
2000;1557;0.7785;12;0.7785;5;1.557;13;0.539537210756723;820;0.4316226638979531;4.297552742616034;6;0.65;0.15;2
2000;1534;0.767;11;0.767;6;1.534;12;0.5496946000622471;816;0.44625;5.168392441107947;7;0.65;0.15;2
2000;1328;0.664;12;0.664;4;1.328;13;0.5375706344937115;715;0.4447592067988669;3.2298348832795596;8;0.65;0.15;2
2000;1566;0.783;11;0.783;5;1.566;11;0.5680539823908999;837;0.4431314623338257;3.945449683572511;9;0.65;0.15;2
2000;1764;0.882;19;0.882;6;1.764;20;0.5590995514820934;934;0.401665598975016;4.323818661549533;0;0.65;0.25;2
2000;1690;0.845;24;0.845;5;1.69;24;0.5636719485651773;874;0.3951187335092348;5.2188664794485575;1;0.65;0.25;2
2000;1669;0.8345;22;0.8345;5;1.669;22;0.5791281332970641;866;0.37303321678321677;6.025811777655476;2;0.65;0.25;2
2000;1860;0.93;20;0.93;6;1.86;21;0.550688987070982;921;0.38946662193894666;5.951097590585143;3;0.65;0.25;2
2000;1835;0.9175;24;0.9175;5;1.835;25;0.5681878616722461;923;0.38217928073000534;5.611801039249649;4;0.65;0.25;2
2000;1782;0.891;21;0.891;6;1.782;21;0.587847840163433;945;0.3993660855784469;5.75419009020787;5;0.65;0.25;2
2000;1767;0.8835;14;0.8835;5;1.767;15;0.577869291880281;910;0.4188727583262169;4.189009837592409;6;0.65;0.25;2
2000;1745;0.8725;15;0.8725;6;1.745;16;0.5465305977106196;911;0.41403184860373876;6.198246039934454;7;0.65;0.25;2
2000;1496;0.748;15;0.748;5;1.496;16;0.556308829197028;805;0.4170450576318547;3.383640402456553;8;0.65;0.25;2
2000;1760;0.88;17;0.88;5;1.76;18;0.57412423790566;929;0.4177297297297297;4.204741493358735;9;0.65;0.25;2
2000;2020;1.01;30;1.01;6;2.02;31;0.5988166791803117;1041;0.36684782608695654;5.243528845550231;0;0.65;0.35;2
2000;1940;0.97;37;0.97;5;1.94;37;0.5930080506551094;975;0.35132781889420983;6.306634517990047;1;0.65;0.35;2
2000;1967;0.9835;47;0.9835;5;1.967;47;0.6067109789109474;972;0.31063504208110176;6.519003242094602;2;0.65;0.35;2
2000;2173;1.0865;31;1.0865;6;2.173;31;0.5827008338419103;1034;0.3462905136211909;5.84635914806106;3;0.65;0.35;2
2000;2123;1.0615;50;1.0615;6;2.123;50;0.604263312674887;1017;0.328203412512546;6.730460394170857;4;0.65;0.35;2
2000;2048;1.024;36;1.024;6;2.048;37;0.6078798282708419;1029;0.3349496456546065;6.06124458448208;5;0.65;0.35;2
2000;2037;1.0185;22;1.0185;5;2.037;24;0.6113146318647906;1010;0.39206279982555603;4.3281657438828365;6;0.65;0.35;2
2000;2004;1.002;19;1.002;6;2.004;19;0.5716015372892949;1009;0.38865201705477204;7.008076637211991;7;0.65;0.35;2
2000;1694;0.847;18;0.847;5;1.694;19;0.5767926699064598;895;0.39483486466352125;4.509017018034036;8;0.65;0.35;2
2000;2024;1.012;31;1.012;6;2.024;31;0.6070050454555599;1026;0.3794617563739377;5.626089324618737;9;0.65;0.35;2
2000;2373;1.1865;50;1.1865;6;2.373;50;0.6236224071942056;1151;0.30306071249372807;7.903958274414253;0;0.65;0.45;2
2000;2291;1.1455;65;1.1455;6;2.291;65;0.630442902160866;1104;0.27610536218250237;5.300809847748623;1;0.65;0.45;2
2000;2384;1.192;102;1.192;6;2.384;102;0.6322496481961402;1110;0.21850041721301705;5.324680005651624;2;0.65;0.45;2
2000;2621;1.3105;48;1.3105;8;2.621;48;0.6281420617868146;1190;0.2975175047740293;6.711101975588855;3;0.65;0.45;2
2000;2549;1.2745;112;1.2745;6;2.549;112;0.6330300547976931;1161;0.22005115089514066;5.710556635083314;4;0.65;0.45;2
2000;2435;1.2175;73;1.2175;6;2.435;73;0.6457928224488181;1166;0.25565522620904835;5.8829615646542965;5;0.65;0.45;2
2000;2382;1.191;33;1.191;6;2.382;33;0.6364647266842286;1121;0.3577668059248006;4.370251705697953;6;0.65;0.45;2
2000;2340;1.17;28;1.17;6;2.34;29;0.6143113124327623;1134;0.3579058699101005;6.23980969372584;7;0.65;0.45;2
2000;1984;0.992;31;0.992;5;1.984;32;0.5986099454200774;1020;0.32678244972577697;4.6518957286746145;8;0.65;0.45;2
2000;2402;1.201;51;1.201;6;2.402;51;0.6513097523356998;1153;0.31876543209876546;5.502282450365307;9;0.65;0.45;2
2000;2895;1.4475;99;1.4475;7;2.895;99;0.669233804076593;1293;0.22938584302671802;8.299297097700075;0;0.65;0.55;2
2000;2800;1.4;135;1.4;6;2.8;135;0.6747260657410229;1252;0.18365102639296188;5.593034304718401;1;0.65;0.55;2
2000;3007;1.5035;236;1.5035;7;3.007;236;0.6801778746951478;1276;0.11847233047544817;4.476647946716227;2;0.65;0.55;2
2000;3187;1.5935;66;1.5935;8;3.187;66;0.6753800075434964;1336;0.26013235557145414;7.0474816194552945;3;0.65;0.55;2
2000;3298;1.649;269;1.649;8;3.298;269;0.6821875122717266;1350;0.1125584553886994;4.66754213024876;4;0.65;0.55;2
2000;2959;1.4795;122;1.4795;7;2.959;122;0.6844189978094475;1300;0.1836172881044872;5.2136183346245835;5;0.65;0.55;2
2000;2811;1.4055;63;1.4055;7;2.811;63;0.6699829444106228;1251;0.2962283044058745;4.671044978673905;6;0.65;0.55;2
2000;2839;1.4195;44;1.4195;7;2.839;45;0.6617500374938349;1304;0.2958000360511927;6.561697219649441;7;0.65;0.55;2
2000;2372;1.186;53;1.186;5;2.372;54;0.6261373060603217;1166;0.25868852459016395;5.323126154051819;8;0.65;0.55;2
2000;2873;1.4365;98;1.4365;7;2.873;99;0.6757125207890045;1278;0.22945275253657146;5.186643422615322;9;0.65;0.55;2
2000;3688;1.844;188;1.844;8;3.688;188;0.7140880161120172;1491;0.15909992069785883;8.529142280095472;0;0.65;0.65;2
2000;3580;1.79;305;1.79;7;3.58;305;0.718753324015194;1422;0.09784187809243078;5.0502935871358945;1;0.65;0.65;2
2000;4053;2.0265;519;2.0265;7;4.053;519;0.7499822115164815;1530;0.05761247646283162;4.2332203236695864;2;0.65;0.65;2
2000;3944;1.972;117;1.972;9;3.944;117;0.7244272528342515;1514;0.20010866612333605;6.412594014482336;3;0.65;0.65;2
2000;4451;2.2255;683;2.2255;9;4.451;683;0.7504723243073164;1569;0.04418564147390629;3.768397428337604;4;0.65;0.65;2
2000;3743;1.8715;214;1.8715;8;3.743;214;0.725969385542454;1470;0.12445017442742302;4.963551150511718;5;0.65;0.65;2
2000;3452;1.726;129;1.726;8;3.452;129;0.7054898658958311;1399;0.22022182928789583;6.117230237238173;6;0.65;0.65;2
2000;3509;1.7545;74;1.7545;8;3.509;75;0.6995334206238896;1462;0.2417498081350729;10.450895785994945;7;0.65;0.65;2
2000;2870;1.435;90;1.435;7;2.87;91;0.681912809197524;1322;0.20125812192194678;7.054686527927106;8;0.65;0.65;2
2000;3625;1.8125;225;1.8125;8;3.625;225;0.7255456468565021;1442;0.13287149089117234;4.743733060888567;9;0.65;0.65;2
2000;4847;2.4235;350;2.4235;9;4.847;350;0.7585443263948062;1661;0.1065515433023674;5.668388338913292;0;0.65;0.75;2
2000;4818;2.409;637;2.409;8;4.818;637;0.7773411219051064;1620;0.05043560877671017;3.8332541018257813;1;0.65;0.75;2
2000;5845;2.9225;1185;2.9225;10;5.845;1185;0.8201717727000122;1789;0.027326475851891924;2.8955061070096377;2;0.65;0.75;2
2000;5159;2.5795;205;2.5795;10;5.159;205;0.7715715492561573;1697;0.14417706681376266;5.956923395922694;3;0.65;0.75;2
2000;6410;3.205;1469;3.205;9;6.41;1469;0.8303645021380549;1836;0.02129607475513861;2.4254968643691295;4;0.65;0.75;2
2000;5002;2.501;428;2.501;8;5.002;428;0.7725458192917841;1676;0.07212788340232405;4.581616764842426;5;0.65;0.75;2
2000;4376;2.188;239;2.188;8;4.376;239;0.743337007224089;1571;0.15285834070364457;11.458159786013264;6;0.65;0.75;2
2000;4455;2.2275;122;2.2275;9;4.455;122;0.7373879402025447;1647;0.18672983068798213;7.867387162472899;7;0.65;0.75;2
2000;3552;1.776;168;1.776;7;3.552;169;0.719965853336579;1487;0.1401768578142096;7.822100674518743;8;0.65;0.75;2
2000;4700;2.35;451;2.35;10;4.7;451;0.7699655376751878;1636;0.07225449748814235;4.913962550274628;9;0.65;0.75;2
2000;6544;3.272;661;3.272;12;6.544;661;0.8114062979831249;1842;0.06845384237662656;3.9157903148899442;0;0.65;0.85;2
2000;6939;3.4695;1298;3.4695;12;6.939;1298;0.837265565516251;1848;0.026929019820203237;2.7261439558463474;1;0.65;0.85;2
2000;8282;4.141;1978;4.141;11;8.282;1978;0.8743196861653629;1976;0.019706297885857572;2.0149484742371184;2;0.65;0.85;2
2000;7050;3.525;372;3.525;12;7.05;372;0.8137571078363991;1870;0.1005296491182595;4.905089716372327;3;0.65;0.85;2
2000;8776;4.388;1999;4.388;10;8.776;1999;0.8732246072608131;1964;0.01853981059803147;1.9956098049024513;4;0.65;0.85;2
2000;7145;3.5725;842;3.5725;11;7.145;842;0.8236048276940954;1864;0.042379649572152046;3.0916873843694335;5;0.65;0.85;2
2000;5770;2.885;410;2.885;11;5.77;410;0.7727117307631193;1749;0.10867312647025877;6.402808242949612;6;0.65;0.85;2
2000;5847;2.9235;219;2.9235;10;5.847;219;0.767995561118507;1805;0.13931531084142898;6.2343941007821595;7;0.65;0.85;2
2000;4625;2.3125;301;2.3125;8;4.625;302;0.7660012541381611;1671;0.09499296498728287;7.820304394009645;8;0.65;0.85;2
2000;6438;3.219;954;3.219;11;6.438;954;0.8200027076279044;1837;0.03604494189590123;3.205003415346651;9;0.65;0.85;2
2000;9441;4.7205;1351;4.7205;13;9.441;1351;0.8292412420345018;1968;0.0397118397674043;2.7100420169332153;0;0.65;0.95;2
2000;9984;4.992;1980;4.992;14;9.984;1980;0.872900022826881;1985;0.019414801885206664;2.011975487743872;1;0.65;0.95;2
2000;10942;5.471;1999;5.471;12;10.942;1999;0.8705959887816984;1996;0.02600707908835187;1.994526263131566;2;0.65;0.95;2
2000;10044;5.022;667;5.022;14;10.044;667;0.7999387103914828;1967;0.06698823550794515;3.3535552612783435;3;0.65;0.95;2
2000;11375;5.6875;1999;5.6875;12;11.375;1999;0.8732644474098632;1999;0.02089341521115126;1.9943096548274137;4;0.65;0.95;2
2000;10700;5.35;1647;5.35;14;10.7;1647;0.8681556434058785;1989;0.02502841338246001;2.1067238619309654;5;0.65;0.95;2
2000;7800;3.9;750;3.9;12;7.8;750;0.7879175746469876;1933;0.06765196418032997;4.040875791929547;6;0.65;0.95;2
2000;7944;3.972;402;3.972;13;7.944;402;0.7623569618482522;1922;0.09745226218368395;4.953315022805379;7;0.65;0.95;2
2000;6166;3.083;553;3.083;11;6.166;553;0.7701175297337053;1838;0.06314150529832359;5.341452285187103;8;0.65;0.95;2
2000;9413;4.7065;1848;4.7065;12;9.413;1848;0.8621429994848021;1990;0.020721892970158466;2.0628689344672337;9;0.65;0.95;2
2000;1811;0.9055;12;0.9055;5;1.811;13;0.5078171405582573;985;0.42836778332145403;6.0747064691888575;0;0.85;0.05;2
2000;1718;0.859;10;0.859;5;1.718;11;0.5403947407169749;931;0.4592572802564788;4.799560711872044;1;0.85;0.05;2
2000;1717;0.8585;11;0.8585;5;1.717;12;0.5401473867784028;935;0.4156954156954157;6.617760488839174;2;0.85;0.05;2
2000;1874;0.937;13;0.937;6;1.874;15;0.5268294156391816;983;0.43945550589191384;7.447611307031078;3;0.85;0.05;2
2000;1880;0.94;12;0.94;5;1.88;13;0.5299522476406899;995;0.42954545454545456;8.751088186228452;4;0.85;0.05;2
2000;1811;0.9055;12;0.9055;6;1.811;12;0.533045821828518;994;0.4453125;6.220274960865718;5;0.85;0.05;2
2000;1806;0.903;10;0.903;5;1.806;11;0.5361560193350317;972;0.4437574316290131;4.7344891569059495;6;0.85;0.05;2
2000;1811;0.9055;11;0.9055;6;1.811;11;0.5216667904357108;991;0.4508335346702102;5.963139548860131;7;0.85;0.05;2
2000;1550;0.775;9;0.775;5;1.55;10;0.5383930841596746;874;0.4564748201438849;3.4154281670205235;8;0.85;0.05;2
2000;1837;0.9185;10;0.9185;6;1.837;11;0.5707792932918561;995;0.46293800539083557;4.818001772033147;9;0.85;0.05;2
2000;2022;1.011;15;1.011;6;2.022;16;0.535390471952103;1079;0.4187192118226601;6.329781184324391;0;0.85;0.15;2
2000;1918;0.959;18;0.959;6;1.918;18;0.5510737764010587;1011;0.43310069790628114;6.27902658540315;1;0.85;0.15;2
2000;1921;0.9605;15;0.9605;6;1.921;16;0.5615771139510012;1011;0.40888295844452915;6.281081856661166;2;0.85;0.15;2
2000;2126;1.063;18;1.063;6;2.126;19;0.5450937775843576;1078;0.4117647058823529;8.19425007701351;3;0.85;0.15;2
2000;2100;1.05;18;1.05;5;2.1;18;0.5678393048406255;1069;0.42783505154639173;9.18865677425237;4;0.85;0.15;2
2000;2051;1.0255;19;1.0255;6;2.051;19;0.5666456594737226;1081;0.4201937786843447;6.346578161506445;5;0.85;0.15;2
2000;2014;1.007;13;1.007;6;2.014;15;0.5546600455258877;1051;0.43428159884767736;5.604074170801776;6;0.85;0.15;2
2000;2015;1.0075;15;1.0075;6;2.015;16;0.5291208608642819;1064;0.4276824438996794;7.601574177435529;7;0.85;0.15;2
2000;1739;0.8695;14;0.8695;5;1.739;15;0.5460647460647461;962;0.44300727566693615;4.174079504724666;8;0.85;0.15;2
2000;2032;1.016;13;1.016;6;2.032;14;0.5890502972116481;1066;0.4535245335176227;6.393560207383152;9;0.85;0.15;2
2000;2304;1.152;22;1.152;6;2.304;23;0.5715990718788079;1187;0.4046875;9.76199338436564;0;0.85;0.25;2
2000;2188;1.094;32;1.094;6;2.188;32;0.5751255683919912;1108;0.3934092758340114;6.380485262060469;1;0.85;0.25;2
2000;2224;1.112;36;1.112;6;2.224;36;0.5843849426687514;1119;0.3675889328063241;7.344099819132815;2;0.85;0.25;2
2000;2423;1.2115;25;1.2115;7;2.423;25;0.5518264082909;1168;0.38445186759793504;10.109301877987498;3;0.85;0.25;2
2000;2407;1.2035;33;1.2035;6;2.407;33;0.5939839640704834;1172;0.380446221848032;8.05155734094693;4;0.85;0.25;2
2000;2320;1.16;32;1.16;6;2.32;33;0.5921814535874995;1165;0.3811433153854966;6.303707425043322;5;0.85;0.25;2
2000;2287;1.1435;19;1.1435;6;2.287;20;0.587667047496701;1139;0.4175416133162612;5.220788779620126;6;0.85;0.25;2
2000;2265;1.1325;17;1.1325;6;2.265;18;0.5632279909747202;1142;0.4049334811529933;7.430977061914943;7;0.85;0.25;2
2000;1966;0.983;18;0.983;5;1.966;19;0.5503654902383465;1068;0.412711182622687;5.412450868517814;8;0.85;0.25;2
2000;2293;1.1465;19;1.1465;6;2.293;20;0.6032617379494605;1161;0.42457466918714554;6.543752631424347;9;0.85;0.25;2
2000;2648;1.324;36;1.324;6;2.648;36;0.6003326634147308;1287;0.360881310146885;9.428727564961157;0;0.85;0.35;2
2000;2498;1.249;46;1.249;6;2.498;46;0.6040373148694991;1213;0.34784179158389017;6.273328347201014;1;0.85;0.35;2
2000;2605;1.3025;67;1.3025;6;2.605;67;0.610452116316087;1228;0.3010984277406849;6.134461570992671;2;0.85;0.35;2
2000;2846;1.423;40;1.423;8;2.846;40;0.6171422554257061;1285;0.3428898353569385;7.89485153001386;3;0.85;0.35;2
2000;2786;1.393;66;1.393;7;2.786;66;0.6174448253634138;1274;0.32901840889871853;6.886106745849786;4;0.85;0.35;2
2000;2715;1.3575;54;1.3575;6;2.715;54;0.6214676529095402;1296;0.328516787080323;6.070199859084738;5;0.85;0.35;2
2000;2652;1.326;27;1.326;6;2.652;28;0.6022150702880402;1252;0.39072092615330645;6.5569305884342235;6;0.85;0.35;2
2000;2631;1.3155;27;1.3155;7;2.631;27;0.5904343329072945;1277;0.3854225751559841;7.034498188120372;7;0.85;0.35;2
2000;2261;1.1305;24;1.1305;5;2.261;25;0.5711981292990891;1177;0.3786487597642867;8.04881722252031;8;0.85;0.35;2
2000;2681;1.3405;41;1.3405;6;2.681;41;0.6329191587641485;1273;0.3895188725093148;6.576422661369905;9;0.85;0.35;2
2000;3132;1.566;69;1.566;7;3.132;69;0.6405694358838729;1402;0.29967131901109895;10.110850810311037;0;0.85;0.45;2
2000;2962;1.481;91;1.481;6;2.962;91;0.6489127124631175;1336;0.275230653360949;6.083346785956028;1;0.85;0.45;2
2000;3134;1.567;138;1.567;7;3.134;138;0.6428254384082503;1388;0.2125554066591073;5.557486751492002;2;0.85;0.45;2
2000;3413;1.7065;61;1.7065;8;3.413;61;0.6616274597087614;1413;0.30907927426033277;6.957936848998301;3;0.85;0.45;2
2000;3422;1.711;158;1.711;7;3.422;158;0.6515584635398961;1414;0.21236046828205826;5.713574275875794;4;0.85;0.45;2
2000;3169;1.5845;91;1.5845;7;3.169;91;0.657837056057353;1406;0.26337943475646425;5.808444116725779;5;0.85;0.45;2
2000;3076;1.538;47;1.538;7;3.076;47;0.6450386212581274;1353;0.34712708746108123;6.334711392254371;6;0.85;0.45;2
2000;3100;1.55;38;1.55;7;3.1;39;0.6247236098537375;1399;0.34051294090028755;9.57749023474155;7;0.85;0.45;2
2000;2611;1.3055;40;1.3055;6;2.611;41;0.6054537946452193;1276;0.3268933539412674;10.316347286157798;8;0.85;0.45;2
2000;3117;1.5585;66;1.5585;7;3.117;66;0.6566271646339193;1379;0.3240242759165145;6.2433086856183495;9;0.85;0.45;2
2000;3858;1.929;131;1.929;8;3.858;131;0.6829840268418992;1548;0.22799184043517678;8.932366304556338;0;0.85;0.55;2
2000;3628;1.814;173;1.814;7;3.628;173;0.6823705152045978;1482;0.17848236551478447;5.033190487886242;1;0.85;0.55;2
2000;3968;1.984;301;1.984;8;3.968;301;0.7054451247019439;1533;0.1209812567598084;4.820766910135205;2;0.85;0.55;2
2000;4098;2.049;89;2.049;8;4.098;89;0.6984752594776567;1547;0.2598244694786482;5.69795923948965;3;0.85;0.55;2
2000;4334;2.167;360;2.167;8;4.334;360;0.7071505807367902;1575;0.11284572833435771;4.598116875989777;4;0.85;0.55;2
2000;3851;1.9255;150;1.9255;7;3.851;150;0.6890935803040102;1543;0.1891585915763216;6.3649669110889855;5;0.85;0.55;2
2000;3667;1.8335;84;1.8335;8;3.667;84;0.6818345876117677;1471;0.2943675216446707;15.234919571045577;6;0.85;0.55;2
2000;3721;1.8605;61;1.8605;8;3.721;62;0.6703187102296525;1540;0.29277939287404503;8.575082932011581;7;0.85;0.55;2
2000;3102;1.551;69;1.551;7;3.102;70;0.6514175718969069;1420;0.2694507184391369;10.455207530682767;8;0.85;0.55;2
2000;3772;1.886;142;1.886;9;3.772;142;0.685171796834907;1501;0.2272396709240489;6.004875158888045;9;0.85;0.55;2
2000;4870;2.435;242;2.435;9;4.87;242;0.7325985090272071;1690;0.15682588510068643;6.03762208259686;0;0.85;0.65;2
2000;4622;2.311;403;2.311;9;4.622;403;0.7270945176984961;1617;0.09463036963036962;5.504030757136796;1;0.85;0.65;2
2000;5318;2.659;663;2.659;9;5.318;663;0.7638790658905621;1747;0.0605150467896466;3.6239459119407944;2;0.85;0.65;2
2000;5132;2.566;155;2.566;9;5.132;155;0.7331699870895525;1714;0.1946881039865769;5.676664669628465;3;0.85;0.65;2
2000;5791;2.8955;859;2.8955;9;5.791;859;0.7683851187834814;1763;0.0465309123588162;3.141978657456503;4;0.85;0.65;2
2000;4880;2.44;289;2.44;9;4.88;289;0.7328335427252054;1694;0.12179359932949557;6.491714207725782;5;0.85;0.65;2
2000;4532;2.266;174;2.266;9;4.532;174;0.7127172879423369;1607;0.21574933382339428;9.885477004624368;6;0.85;0.65;2
2000;4619;2.3095;99;2.3095;9;4.619;100;0.7040830092915333;1704;0.23450232078390923;7.485642217383736;7;0.85;0.65;2
2000;3762;1.881;126;1.881;7;3.762;127;0.6853591050331078;1565;0.20201177508163898;8.747963060761924;8;0.85;0.65;2
2000;4711;2.3555;308;2.3555;10;4.711;308;0.7309044122734586;1651;0.12740638752981093;4.9871622147967445;9;0.85;0.65;2
2000;6292;3.146;445;3.146;12;6.292;445;0.7751139303784094;1824;0.1088693544884032;4.554115699520286;0;0.85;0.75;2
2000;6291;3.1455;821;3.1455;12;6.291;821;0.79000836292321;1811;0.05024998395252801;3.818710847455375;1;0.85;0.75;2
2000;7555;3.7775;1500;3.7775;11;7.555;1500;0.8304220831969653;1913;0.02832429894032515;2.4948211687641475;2;0.85;0.75;2
2000;6786;3.393;277;3.393;12;6.786;277;0.7810163429295961;1851;0.14207868797707826;4.575122032153716;3;0.85;0.75;2
2000;8238;4.119;1763;4.119;11;8.238;1763;0.8368739591034223;1946;0.023786299494404948;2.1692115211819525;4;0.85;0.75;2
2000;6594;3.297;543;3.297;10;6.594;543;0.7768390259858298;1837;0.07431123275831023;3.945826566482586;5;0.85;0.75;2
2000;5748;2.874;292;2.874;11;5.748;292;0.7517866348810043;1755;0.1602383780292138;6.8296036406307055;6;0.85;0.75;2
2000;5833;2.9165;165;2.9165;10;5.833;165;0.7439100469900943;1832;0.18249158805876373;6.132519198306168;7;0.85;0.75;2
2000;4719;2.3595;215;2.3595;8;4.719;215;0.7219993473336893;1707;0.1460823784453391;8.192006458263744;8;0.85;0.75;2
2000;6055;3.0275;594;3.0275;12;6.055;594;0.7799661710598229;1805;0.07086327562720258;4.063897518123348;9;0.85;0.75;2
2000;8549;4.2745;861;4.2745;13;8.549;861;0.8172498117241341;1943;0.06772236413555838;3.2199818316329867;0;0.85;0.85;2
2000;9059;4.5295;1640;4.5295;15;9.059;1640;0.8387387246562641;1955;0.027545872128026495;2.340209550848854;1;0.85;0.85;2
2000;10208;5.104;1999;5.104;12;10.208;1999;0.8640749264974998;1995;0.02711798682507371;1.9948934467233617;2;0.85;0.85;2
2000;9256;4.628;494;4.628;14;9.256;494;0.8174480306433503;1960;0.09936315902396511;3.5812692607439933;3;0.85;0.85;2
2000;10790;5.395;1999;5.395;13;10.79;1999;0.8577004565931649;1989;0.024273345372287237;1.9946023011505754;4;0.85;0.85;2
2000;9347;4.6735;1093;4.6735;14;9.347;1093;0.828584290286646;1956;0.04152019872915631;2.592471486627205;5;0.85;0.85;2
2000;7484;3.742;521;3.742;12;7.484;521;0.7833332909523691;1887;0.10761629815421131;4.649717996745555;6;0.85;0.85;2
2000;7677;3.8385;296;3.8385;11;7.677;296;0.77446622764308;1917;0.13757425068607992;5.005007756138228;7;0.85;0.85;2
2000;6069;3.0345;400;3.0345;10;6.069;400;0.7589382131158922;1845;0.09803779508543138;5.6585998536369075;8;0.85;0.85;2
2000;8464;4.232;1284;4.232;12;8.464;1284;0.8297984104538638;1942;0.03491478865776433;2.5234459553229787;9;0.85;0.85;2
2000;12285;6.1425;1715;6.1425;15;12.285;1715;0.8350773200268488;1991;0.04058901554746862;2.1807533766883442;0;0.85;0.95;2
2000;12426;6.213;1999;6.213;15;12.426;1999;0.8647460543678959;1997;0.024359287773026404;1.993783891945973;1;0.85;0.95;2
2000;13763;6.8815;1999;6.8815;15;13.763;1999;0.8558889271177751;1999;0.032621784058742824;1.9931150575287644;2;0.85;0.95;2
2000;13121;6.5605;894;6.5605;17;13.121;894;0.8170377563658722;1994;0.06759773230284882;2.6499987205263205;3;0.85;0.95;2
2000;13777;6.8885;1999;6.8885;15;13.777;1999;0.8571951840205242;2000;0.028283463732654352;1.9931080540270134;4;0.85;0.95;2
2000;13739;6.8695;1880;6.8695;16;13.739;1880;0.86445844678247;2000;0.02705973937567275;2.00847923961981;5;0.85;0.95;2
2000;10165;5.0825;964;5.0825;14;10.165;964;0.7842170095676902;1984;0.0672045744879942;3.2169898763195413;6;0.85;0.95;2
2000;10420;5.21;520;5.21;15;10.42;520;0.7714927977570395;1969;0.09930136921277817;3.9392668064109695;7;0.85;0.95;2
2000;8152;4.076;724;4.076;12;8.152;724;0.7785949252700357;1948;0.06434259234600123;4.137005566979747;8;0.85;0.95;2
2000;11784;5.892;1978;5.892;14;11.784;1978;0.8541519019350452;2000;0.02452381238293479;1.9965222611305653;9;0.85;0.95;2
2000;2237;1.1185;12;1.1185;6;2.237;15;0.5393583807975868;1209;0.431391429947039;12.577953076429663;0;1.05;0.05;2
2000;2115;1.0575;13;1.0575;6;2.115;13;0.5466548180960993;1124;0.4539158231220032;8.587322109907596;1;1.05;0.05;2
2000;2119;1.0595;13;1.0595;6;2.119;15;0.5376451625788495;1131;0.4204564666103128;7.945533453887884;2;1.05;0.05;2
2000;2321;1.1605;16;1.1605;7;2.321;18;0.5400446729796181;1180;0.43795620437956206;9.681664825613757;3;1.05;0.05;2
2000;2288;1.144;14;1.144;6;2.288;15;0.5652833207162579;1178;0.44383213225943197;9.83650719925685;4;1.05;0.05;2
2000;2238;1.119;17;1.119;6;2.238;17;0.5471492656242392;1167;0.4506163445442094;7.342902765896778;5;1.05;0.05;2
2000;2227;1.1135;12;1.1135;6;2.227;14;0.5528039140942367;1147;0.4552076875387477;6.472488309801607;6;1.05;0.05;2
2000;2220;1.11;13;1.11;6;2.22;14;0.5400027697981662;1173;0.4340712223291627;8.79621717048958;7;1.05;0.05;2
2000;1977;0.9885;11;0.9885;5;1.977;12;0.5401907780627349;1109;0.45462497266564617;6.550982603092783;8;1.05;0.05;2
2000;2242;1.121;11;1.121;6;2.242;13;0.5649873535770972;1170;0.4639035418236624;9.596680179686643;9;1.05;0.05;2
2000;2526;1.263;20;1.263;6;2.526;21;0.5635236773081586;1288;0.42555190230155004;11.122120494153782;0;1.05;0.15;2
2000;2370;1.185;22;1.185;6;2.37;22;0.5645533866087007;1213;0.4283476898981989;7.367208235148208;1;1.05;0.15;2
2000;2371;1.1855;18;1.1855;6;2.371;19;0.5563621683586872;1206;0.40432175868098924;7.691600561410039;2;1.05;0.15;2
2000;2615;1.3075;22;1.3075;7;2.615;24;0.553722340705784;1258;0.4134679493285075;10.227920320182264;3;1.05;0.15;2
2000;2580;1.29;21;1.29;6;2.58;22;0.5907711770122555;1261;0.4279552223477457;8.334802075190108;4;1.05;0.15;2
2000;2515;1.2575;22;1.2575;6;2.515;23;0.568738033080929;1245;0.4290450928381963;8.435555555555556;5;1.05;0.15;2
2000;2510;1.255;16;1.255;6;2.51;17;0.5620429566206826;1237;0.4374637765155906;7.397459100326245;6;1.05;0.15;2
2000;2497;1.2485;16;1.2485;7;2.497;17;0.5512257753448098;1272;0.41761570147807126;13.130461808575316;7;1.05;0.15;2
2000;2205;1.1025;16;1.1025;5;2.205;17;0.5578607098470553;1189;0.4383954154727794;7.3933071757337965;8;1.05;0.15;2
2000;2525;1.2625;17;1.2625;6;2.525;18;0.5817244894326004;1267;0.4465713320572008;10.16448134023113;9;1.05;0.15;2
2000;2829;1.4145;29;1.4145;7;2.829;30;0.5948077203524811;1370;0.407973077918716;12.539411923797294;0;1.05;0.25;2
2000;2684;1.342;36;1.342;6;2.684;36;0.5959459449567726;1304;0.394122493820379;8.297890885406689;1;1.05;0.25;2
2000;2749;1.3745;40;1.3745;6;2.749;40;0.5752226489170853;1317;0.36667491953453824;7.765524625267666;2;1.05;0.25;2
2000;2990;1.495;34;1.495;8;2.99;34;0.5811751803213304;1361;0.3863620958449129;8.770554633366896;3;1.05;0.25;2
2000;2925;1.4625;40;1.4625;8;2.925;40;0.6068668586476127;1350;0.3957538682979489;7.994718037568887;4;1.05;0.25;2
2000;2864;1.432;35;1.432;7;2.864;36;0.6027478451801506;1351;0.39008289837273563;7.984027322998129;5;1.05;0.25;2
2000;2837;1.4185;23;1.4185;6;2.837;25;0.5848553226566208;1333;0.4189406099518459;7.081198552800913;6;1.05;0.25;2
2000;2817;1.4085;20;1.4085;7;2.817;21;0.5833121282850753;1367;0.40632843313015415;13.458511302568736;7;1.05;0.25;2
2000;2452;1.226;20;1.226;5;2.452;21;0.5638218665865725;1275;0.41824507151140317;11.40734358509579;8;1.05;0.25;2
2000;2858;1.429;24;1.429;7;2.858;24;0.6017840335524153;1365;0.42892685354121746;9.345815816372353;9;1.05;0.25;2
2000;3282;1.641;47;1.641;8;3.282;47;0.6264360413310797;1459;0.3624850527231221;8.838672115483721;0;1.05;0.35;2
2000;3102;1.551;55;1.551;6;3.102;55;0.6263960566357879;1407;0.34857870665200025;7.945412377323197;1;1.05;0.35;2
2000;3228;1.614;82;1.614;6;3.228;82;0.6206494198793481;1445;0.3033788298176959;6.435333695885872;2;1.05;0.35;2
2000;3550;1.775;51;1.775;8;3.55;51;0.6349749826185299;1499;0.3470158443477547;8.397187327038223;3;1.05;0.35;2
2000;3479;1.7395;81;1.7395;8;3.479;81;0.6309485964348631;1467;0.3318071074519029;7.794498852580885;4;1.05;0.35;2
2000;3299;1.6495;65;1.6495;7;3.299;65;0.6317251903532141;1465;0.338001179245283;7.991917206235298;5;1.05;0.35;2
2000;3258;1.629;33;1.629;7;3.258;33;0.6126220304454542;1420;0.3971771841828998;9.630973791688797;6;1.05;0.35;2
2000;3264;1.632;32;1.632;7;3.264;32;0.6035543857401451;1477;0.37124105011933173;9.405253902987834;7;1.05;0.35;2
2000;2826;1.413;30;1.413;6;2.826;31;0.590338353632653;1378;0.3748082495312766;12.371524484989337;8;1.05;0.35;2
2000;3280;1.64;46;1.64;8;3.28;46;0.6291310539895414;1447;0.39320950228738355;10.278346486003574;9;1.05;0.35;2
2000;3902;1.951;85;1.951;8;3.902;85;0.6621900527761746;1584;0.3016291981432602;9.230235292278891;0;1.05;0.45;2
2000;3657;1.8285;104;1.8285;8;3.657;104;0.6473956393418541;1520;0.2742602709445164;6.8392000269991655;1;1.05;0.45;2
2000;3893;1.9465;161;1.9465;7;3.893;161;0.6556447205375606;1562;0.2188986926594909;5.5329099292448625;2;1.05;0.45;2
2000;4182;2.091;70;2.091;9;4.182;70;0.6678035379701427;1593;0.3122391485809683;7.152294360871219;3;1.05;0.45;2
2000;4251;2.1255;190;2.1255;8;4.251;190;0.6655574973588216;1598;0.2206713619317662;5.4800855679906615;4;1.05;0.45;2
2000;3908;1.954;108;1.954;7;3.908;108;0.6638133039637776;1587;0.26520320379709283;7.835369558234054;5;1.05;0.45;2
2000;3797;1.8985;60;1.8985;8;3.797;60;0.6589929140731747;1512;0.34802604952352917;15.161380257276685;6;1.05;0.45;2
2000;3863;1.9315;47;1.9315;7;3.863;48;0.6482806671821847;1604;0.33262236605008644;8.290871324146122;7;1.05;0.45;2
2000;3260;1.63;52;1.63;7;3.26;53;0.6201475610801366;1494;0.32800658978583197;12.543814435913172;8;1.05;0.45;2
2000;3848;1.924;87;1.924;10;3.848;87;0.6611037805331357;1551;0.32408968039433933;8.891355557915313;9;1.05;0.45;2
2000;4775;2.3875;161;2.3875;10;4.775;161;0.6970348933120777;1706;0.227921498661909;6.789692209833861;0;1.05;0.55;2
2000;4492;2.246;232;2.246;8;4.492;232;0.6906646166170013;1634;0.17070986041651115;6.96044707822268;1;1.05;0.55;2
2000;4955;2.4775;378;2.4775;8;4.955;378;0.7223210933044709;1733;0.12053602159995716;4.540161994557995;2;1.05;0.55;2
2000;5093;2.5465;113;2.5465;10;5.093;113;0.7010405359419076;1717;0.25512882700373785;5.924735322778891;3;1.05;0.55;2
2000;5332;2.666;456;2.666;10;5.332;456;0.7126634841124944;1722;0.10939109002819183;4.337937508053794;4;1.05;0.55;2
2000;4776;2.388;175;2.388;8;4.776;175;0.7031428674417429;1703;0.19518359806009597;6.807601498759144;5;1.05;0.55;2
2000;4556;2.278;114;2.278;9;4.556;114;0.6770472909688768;1632;0.29037098791162985;9.727520670059524;6;1.05;0.55;2
2000;4644;2.322;77;2.322;9;4.644;78;0.6740672965052678;1717;0.28350199649293306;7.231819732877074;7;1.05;0.55;2
2000;3877;1.9385;91;1.9385;8;3.877;92;0.6596000793094957;1605;0.2747481010696016;10.037432190526753;8;1.05;0.55;2
2000;4645;2.3225;173;2.3225;10;4.645;173;0.6962749148921918;1652;0.22697040239441305;7.110287616986922;9;1.05;0.55;2
2000;5965;2.9825;293;2.9825;11;5.965;293;0.736998796230716;1818;0.15962498950048137;5.022708330394301;0;1.05;0.65;2
2000;5744;2.872;475;2.872;10;5.744;475;0.7333816569530214;1773;0.0972008103252768;4.685349886611415;1;1.05;0.65;2
2000;6580;3.29;819;3.29;10;6.58;819;0.7676724405158633;1877;0.06096514193011219;3.31890368440951;2;1.05;0.65;2
2000;6404;3.202;186;3.202;11;6.404;186;0.7406064557519055;1825;0.19601158907197533;4.8528677592978875;3;1.05;0.65;2
2000;7150;3.575;1053;3.575;11;7.15;1053;0.7750556174681061;1871;0.047332353585956596;3.0003410002952564;4;1.05;0.65;2
2000;6062;3.031;343;3.031;9;6.062;343;0.7292177365194947;1831;0.12337147887323943;4.489268291834768;5;1.05;0.65;2
2000;5634;2.817;211;2.817;10;5.634;211;0.7223706920936593;1777;0.2199677055723121;7.008384096303949;6;1.05;0.65;2
2000;5679;2.8395;118;2.8395;10;5.679;119;0.7158571031650018;1843;0.23351736095268513;6.157152598098077;7;1.05;0.65;2
2000;4717;2.3585;153;2.3585;8;4.717;154;0.7004234646206905;1728;0.21289515157133587;9.501337024507967;8;1.05;0.65;2
2000;5754;2.877;366;2.877;12;5.754;366;0.7410491988103127;1780;0.1319224346522169;5.468902312145803;9;1.05;0.65;2
2000;7711;3.8555;553;3.8555;12;7.711;553;0.7770128638769985;1905;0.10662667372227809;3.6935079688596346;0;1.05;0.75;2
2000;7715;3.8575;965;3.8575;13;7.715;965;0.7908686002121692;1891;0.053339147957112136;3.488545007963939;1;1.05;0.75;2
2000;9205;4.6025;1738;4.6025;11;9.205;1738;0.8305230066600516;1969;0.031069450849905283;2.2417655512297476;2;1.05;0.75;2
2000;8396;4.198;332;4.198;13;8.396;332;0.7924609909632594;1944;0.14315706600183703;3.963772725038125;3;1.05;0.75;2
2000;9840;4.92;1909;4.92;12;9.84;1909;0.8338918419831759;1978;0.02755230464417889;2.0516748374187093;4;1.05;0.75;2
2000;8149;4.0745;666;4.0745;12;8.149;666;0.7824109037360127;1928;0.07368743661117412;3.3533685165462015;5;1.05;0.75;2
2000;7104;3.552;351;3.552;12;7.104;351;0.7648930810860457;1877;0.16206559367512732;5.231598306110103;6;1.05;0.75;2
2000;7270;3.635;211;3.635;11;7.27;211;0.7546216302843286;1911;0.18286317486924325;5.220887301258732;7;1.05;0.75;2
2000;5925;2.9625;278;2.9625;10;5.925;279;0.7409387849114338;1860;0.1478820858127153;6.101490268068058;8;1.05;0.75;2
2000;7495;3.7475;736;3.7475;12;7.495;736;0.7758091045704743;1902;0.06990849174301356;3.485595320166345;9;1.05;0.75;2
2000;10565;5.2825;1083;5.2825;15;10.565;1083;0.8175745634987786;1976;0.06641140578686303;2.766611470159882;0;1.05;0.85;2
2000;11004;5.502;1826;5.502;15;11.004;1826;0.8438179578965241;1984;0.03014593374920696;2.1577470416890128;1;1.05;0.85;2
2000;12171;6.0855;1999;6.0855;14;12.171;1999;0.8537697153090432;1998;0.034647266079766766;1.9939114557278639;2;1.05;0.85;2
2000;11440;5.72;596;5.72;15;11.44;596;0.8205300853874444;1982;0.10038712132862607;3.178421300572092;3;1.05;0.85;2
2000;12760;6.38;1999;6.38;16;12.76;1999;0.851795940018146;1996;0.029317982297283975;1.993616808404202;4;1.05;0.85;2
2000;11553;5.7765;1318;5.7765;16;11.553;1318;0.8314363166675702;1982;0.04215577402057157;2.333728838782594;5;1.05;0.85;2
2000;9260;4.63;650;4.63;15;9.26;650;0.7841833447415173;1955;0.10629582033824661;3.711935309754472;6;1.05;0.85;2
2000;9540;4.77;374;4.77;14;9.54;374;0.7761022553886544;1967;0.13843747404556905;4.274814390965684;7;1.05;0.85;2
2000;7594;3.797;485;3.797;12;7.594;485;0.7614410109802289;1940;0.10122945342776961;4.759867341563221;8;1.05;0.85;2
2000;10424;5.212;1563;5.212;15;10.424;1563;0.8218420129844242;1987;0.035346892882053386;2.2612321886232754;9;1.05;0.85;2
2000;14863;7.4315;1883;7.4315;17;14.863;1883;0.8316590450761017;1997;0.044956539063916924;2.0505702851425713;0;1.05;0.95;2
2000;14499;7.2495;1999;7.2495;18;14.499;1999;0.8583151423961849;1999;0.02940494210376228;1.9927468734367184;1;1.05;0.95;2
2000;16467;8.2335;1999;8.2335;19;16.467;1999;0.8479452151710918;2000;0.03769473974237798;1.9917623811905953;2;1.05;0.95;2
2000;16214;8.107;1101;8.107;18;16.214;1101;0.8135941129223865;1999;0.06753270240023111;2.3682771385692845;3;1.05;0.95;2
2000;16055;8.0275;1999;8.0275;19;16.055;1999;0.8464659535714469;2000;0.03642714518849968;1.991968484242121;4;1.05;0.95;2
2000;16462;8.231;1976;8.231;16;16.462;1976;0.8592980390350258;2000;0.0299925120512279;1.9929384692346173;5;1.05;0.95;2
2000;12500;6.25;1194;6.25;16;12.5;1194;0.7870038366646814;1998;0.06742160769444336;2.7285827913956977;6;1.05;0.95;2
2000;12903;6.4515;656;6.4515;16;12.903;656;0.7776935498010478;1991;0.10130255303413353;3.28914905022231;7;1.05;0.95;2
2000;10124;5.062;889;5.062;14;10.124;889;0.7751300437409411;1984;0.06472433403402961;3.3494899573583257;8;1.05;0.95;2
2000;13869;6.9345;1999;6.9345;17;13.869;1999;0.8419794999087298;2000;0.029749270519183788;1.9930620310155078;9;1.05;0.95;2
2000;2679;1.3395;16;1.3395;6;2.679;17;0.5697790782210613;1349;0.44021559784402153;12.777521876519202;0;1.25;0.05;2
2000;2512;1.256;14;1.256;6;2.512;15;0.5462282529154167;1301;0.4439204690288045;10.847417633898694;1;1.25;0.05;2
2000;2517;1.2585;14;1.2585;6;2.517;16;0.5454534611963857;1272;0.4236144578313253;8.343267245675234;2;1.25;0.05;2
2000;2789;1.3945;18;1.3945;7;2.789;21;0.5437064108998345;1345;0.43155388700668434;10.962139712549908;3;1.25;0.05;2
2000;2766;1.383;14;1.383;8;2.766;16;0.5703854503742396;1338;0.4462713995550827;9.419637102092723;4;1.25;0.05;2
2000;2676;1.338;19;1.338;7;2.676;19;0.5518585642674102;1328;0.45094480623465355;11.772022754670651;5;1.25;0.05;2
2000;2665;1.3325;13;1.3325;6;2.665;15;0.5485922671277363;1311;0.45794799260145796;9.16881448064194;6;1.25;0.05;2
2000;2641;1.3205;17;1.3205;7;2.641;18;0.5436898379593871;1336;0.42679928475637013;11.235524623623055;7;1.25;0.05;2
2000;2382;1.191;14;1.191;6;2.382;15;0.5317690951978877;1292;0.45100426049908704;10.486261634953696;8;1.25;0.05;2
2000;2657;1.3285;13;1.3285;6;2.657;15;0.5754667821534839;1331;0.4551612903225806;7.980329955914692;9;1.25;0.05;2
2000;2982;1.491;23;1.491;6;2.982;24;0.5892716463823433;1428;0.43733626299332373;14.772132660067518;0;1.25;0.15;2
2000;2817;1.4085;23;1.4085;6;2.817;23;0.5691123231027287;1379;0.42638297872340425;9.974729384090288;1;1.25;0.15;2
2000;2848;1.424;20;1.424;6;2.848;22;0.5608893771145806;1377;0.3985646770523368;7.897955901833437;2;1.25;0.15;2
2000;3120;1.56;26;1.56;7;3.12;27;0.5712628441745524;1420;0.40804597701149425;10.085900874660453;3;1.25;0.15;2
2000;3111;1.5555;24;1.5555;8;3.111;25;0.58526135482099;1421;0.42222694432639185;8.512647354807878;4;1.25;0.15;2
2000;3004;1.502;26;1.502;7;3.004;27;0.5828356750889548;1419;0.4267108690504381;10.232355711018432;5;1.25;0.15;2
2000;2975;1.4875;18;1.4875;8;2.975;20;0.5718361204245562;1390;0.4432495036399735;12.25289139101164;6;1.25;0.15;2
2000;2966;1.483;19;1.483;7;2.966;20;0.5637680019221823;1417;0.4171966420758077;10.31234000331504;7;1.25;0.15;2
2000;2625;1.3125;16;1.3125;6;2.625;17;0.5523630269751796;1365;0.44349397590361445;11.73603445200418;8;1.25;0.15;2
2000;3007;1.5035;19;1.5035;7;3.007;21;0.5864717705625108;1417;0.4423930269413629;10.936068687312625;9;1.25;0.15;2
2000;3371;1.6855;33;1.6855;7;3.371;34;0.606344326437709;1511;0.40867374482634516;11.714411095240681;0;1.25;0.25;2
2000;3209;1.6045;39;1.6045;7;3.209;39;0.6043846541210159;1459;0.398061368596739;9.18236310470758;1;1.25;0.25;2
2000;3294;1.647;44;1.647;6;3.294;44;0.6013177981988451;1471;0.3717301514456173;7.581047950637729;2;1.25;0.25;2
2000;3596;1.798;42;1.798;9;3.596;42;0.5996630708499846;1511;0.38370158084496625;8.442992342472394;3;1.25;0.25;2
2000;3558;1.779;44;1.779;9;3.558;44;0.6098116772742672;1519;0.3966096668973016;8.53933401156604;4;1.25;0.25;2
2000;3383;1.6915;41;1.6915;7;3.383;41;0.6105147049981683;1498;0.3933080102781812;9.370597058630189;5;1.25;0.25;2
2000;3356;1.678;26;1.678;8;3.356;28;0.5970244434890143;1464;0.4264041899945819;12.394136461107909;6;1.25;0.25;2
2000;3364;1.682;25;1.682;7;3.364;26;0.5850005746645494;1520;0.4014359101318314;9.47353693449523;7;1.25;0.25;2
2000;2953;1.4765;22;1.4765;6;2.953;23;0.5748272775880228;1449;0.4121876370013152;12.789717510656175;8;1.25;0.25;2
2000;3412;1.706;38;1.706;8;3.412;38;0.6094611576807211;1502;0.42640631208491797;11.443963506336907;9;1.25;0.25;2
2000;3879;1.9395;54;1.9395;8;3.879;54;0.6335280666188416;1594;0.36404810245197566;9.479299239379582;0;1.25;0.35;2
2000;3681;1.8405;69;1.8405;8;3.681;69;0.6345500809643607;1558;0.3439845073832002;7.794172393493321;1;1.25;0.35;2
2000;3840;1.92;92;1.92;7;3.84;92;0.624057029203388;1576;0.30670138413046455;7.8821570952067965;2;1.25;0.35;2
2000;4195;2.0975;58;2.0975;9;4.195;58;0.6382895406655293;1612;0.356460776018373;7.8756149751917;3;1.25;0.35;2
2000;4172;2.086;97;2.086;9;4.172;97;0.6210839712778403;1634;0.3255418365252075;7.030772891435455;4;1.25;0.35;2
2000;3910;1.955;75;1.955;7;3.91;75;0.6295222308506968;1606;0.33696999752045625;8.355810644282949;5;1.25;0.35;2
2000;3879;1.9395;37;1.9395;9;3.879;38;0.6230379495220029;1560;0.3936448598130841;12.367382372966526;6;1.25;0.35;2
2000;3881;1.9405;37;1.9405;7;3.881;38;0.6207037676348302;1604;0.376960066903617;8.490465115784534;7;1.25;0.35;2
2000;3378;1.689;36;1.689;6;3.378;37;0.6017729643167609;1541;0.3853995994902603;13.08111400482834;8;1.25;0.35;2
2000;3901;1.9505;53;1.9505;9;3.901;54;0.6393853096162381;1573;0.39473684210526316;11.00443536409415;9;1.25;0.35;2
2000;4653;2.3265;106;2.3265;9;4.653;106;0.6671762893738513;1697;0.29670259853025266;7.075556368342571;0;1.25;0.45;2
2000;4357;2.1785;122;2.1785;8;4.357;122;0.658190491050864;1652;0.272111883112531;8.436331040374068;1;1.25;0.45;2
2000;4649;2.3245;202;2.3245;8;4.649;202;0.6700564056484029;1689;0.21571376805885967;5.537944926005323;2;1.25;0.45;2
2000;4902;2.451;79;2.451;9;4.902;79;0.6773994555146159;1704;0.31505710917418783;6.276195907773544;3;1.25;0.45;2
2000;5060;2.53;220;2.53;10;5.06;220;0.6711016294653936;1727;0.22460687928651524;5.581082508174782;4;1.25;0.45;2
2000;4659;2.3295;124;2.3295;8;4.659;124;0.6661503103526525;1708;0.2652044823292788;7.273147796160006;5;1.25;0.45;2
2000;4521;2.2605;71;2.2605;9;4.521;71;0.6538454697348998;1642;0.35177604648091904;8.860570557263381;6;1.25;0.45;2
2000;4585;2.2925;58;2.2925;8;4.585;59;0.655912640149983;1725;0.3313557573256294;7.5398797377621944;7;1.25;0.45;2
2000;3936;1.968;63;1.968;8;3.936;64;0.6398981056063276;1634;0.3346020373894548;11.367256505443406;8;1.25;0.45;2
2000;4596;2.298;97;2.298;10;4.596;98;0.6619187338472915;1662;0.32584650878740584;8.34606050265418;9;1.25;0.45;2
2000;5653;2.8265;187;2.8265;10;5.653;187;0.7009065366555193;1799;0.22507288013857787;5.462563151902138;0;1.25;0.55;2
2000;5363;2.6815;274;2.6815;9;5.363;274;0.7011955129155066;1766;0.17273478968285721;6.007729134102031;1;1.25;0.55;2
2000;5867;2.9335;436;2.9335;10;5.867;436;0.719148571800727;1825;0.12440592360950972;4.145749336519421;2;1.25;0.55;2
2000;5955;2.9775;132;2.9775;11;5.955;132;0.712134492803482;1801;0.25408067050811944;5.100350404857715;3;1.25;0.55;2
2000;6351;3.1755;565;3.1755;11;6.351;565;0.7172530274022825;1836;0.10426309007312294;3.9856538730094377;4;1.25;0.55;2
2000;5635;2.8175;219;2.8175;9;5.635;219;0.695366832426573;1813;0.1959718137934861;5.846110994446778;5;1.25;0.55;2
2000;5420;2.71;141;2.71;10;5.42;141;0.6879934084474283;1768;0.2871538731160182;7.0528713216008585;6;1.25;0.55;2
2000;5496;2.748;91;2.748;9;5.496;92;0.6885158449201755;1824;0.2850358450043861;6.2974792561394155;7;1.25;0.55;2
2000;4649;2.3245;106;2.3245;9;4.649;107;0.6767172366042482;1748;0.28011071227781864;9.429237202288201;8;1.25;0.55;2
2000;5504;2.752;206;2.752;11;5.504;206;0.699453844046423;1764;0.22206811198361215;6.28198037676467;9;1.25;0.55;2
2000;7056;3.528;346;3.528;12;7.056;346;0.7410782613143132;1878;0.1624100062726447;4.283046576538984;0;1.25;0.65;2
2000;6843;3.4215;561;3.4215;11;6.843;561;0.7445049588149381;1859;0.099490097703468;4.1347020305438384;1;1.25;0.65;2
2000;7810;3.905;966;3.905;10;7.81;966;0.7731082683664825;1929;0.062137308755788795;3.0287478453266097;2;1.25;0.65;2
2000;7592;3.796;225;3.796;12;7.592;225;0.7579092778558054;1896;0.19430947690960823;4.262572128950062;3;1.25;0.65;2
2000;8434;4.217;1186;4.217;12;8.434;1186;0.7782253069882887;1932;0.05031773235831127;2.77013508705599;4;1.25;0.65;2
2000;7266;3.633;411;3.633;10;7.266;411;0.7384419769964098;1902;0.12353359523164455;4.14111777891033;5;1.25;0.65;2
2000;6691;3.3455;248;3.3455;13;6.691;248;0.7304899181752572;1866;0.2189196789754905;5.718750873826921;6;1.25;0.65;2
2000;6772;3.386;146;3.386;11;6.772;146;0.7254557081262301;1907;0.23737357469561296;5.429328386759703;7;1.25;0.65;2
2000;5666;2.833;185;2.833;10;5.666;186;0.7111307033890109;1834;0.2127218810465214;6.548831635710006;8;1.25;0.65;2
2000;6849;3.4245;434;3.4245;12;6.849;434;0.7381239353569643;1868;0.1301441725371369;4.215509274746028;9;1.25;0.65;2
2000;9160;4.58;640;4.58;14;9.16;640;0.7772711360820892;1946;0.1078070711400093;3.247632477793915;0;1.25;0.75;2
2000;9227;4.6135;1154;4.6135;15;9.227;1154;0.7914225758623039;1944;0.05257896404895217;3.060777546722256;1;1.25;0.75;2
2000;10771;5.3855;1866;5.3855;13;10.771;1866;0.8303912119299466;1994;0.035485577795938375;2.114782891445723;2;1.25;0.75;2
2000;9944;4.972;390;4.972;14;9.944;390;0.7973716384926038;1972;0.14219748479908764;3.536958205988184;3;1.25;0.75;2
2000;11395;5.6975;1978;5.6975;14;11.395;1978;0.827008142704425;1990;0.03236901174371837;2.0045262631315657;4;1.25;0.75;2
2000;9747;4.8735;799;4.8735;14;9.747;799;0.7819410275939577;1960;0.07267394868715793;2.9135202097405903;5;1.25;0.75;2
2000;8440;4.22;422;4.22;13;8.44;422;0.7628488625352042;1932;0.15973506811551974;4.281928244689956;6;1.25;0.75;2
2000;8656;4.328;247;4.328;13;8.656;247;0.7574700475802283;1957;0.18623023548962234;4.507895281862402;7;1.25;0.75;2
2000;7035;3.5175;323;3.5175;11;7.035;323;0.7409529318420429;1923;0.15049524536193182;5.214612898853789;8;1.25;0.75;2
2000;8900;4.45;871;4.45;14;8.9;871;0.7745579968365867;1954;0.06871776442660539;2.967607277318942;9;1.25;0.75;2
2000;12579;6.2895;1292;6.2895;15;12.579;1292;0.8151266528420874;1990;0.06595776147657359;2.5013878533230707;0;1.25;0.85;2
2000;12784;6.392;1940;6.392;18;12.784;1940;0.8439710812329518;1996;0.03344759248363534;2.0461090545272635;1;1.25;0.85;2
2000;14149;7.0745;1999;7.0745;16;14.149;1999;0.8479975636606817;2000;0.04153093103672047;1.9929219609804902;2;1.25;0.85;2
2000;13616;6.808;702;6.808;16;13.616;702;0.8200338095796761;1994;0.0998785041190067;2.82756028014007;3;1.25;0.85;2
2000;14701;7.3505;1999;7.3505;18;14.701;1999;0.8464238133684615;1999;0.03550644052920554;1.9926458229114556;4;1.25;0.85;2
2000;13760;6.88;1555;6.88;16;13.76;1555;0.8314881655318708;1996;0.04239410502428224;2.1557861012588377;5;1.25;0.85;2
2000;11022;5.511;769;5.511;16;11.022;769;0.7903509092858759;1985;0.10552634820207311;3.214255316909298;6;1.25;0.85;2
2000;11453;5.7265;453;5.7265;15;11.453;453;0.7828267855696944;1989;0.13957897250189025;3.72135385349221;7;1.25;0.85;2
2000;9038;4.519;589;4.519;13;9.038;589;0.7692599514413854;1972;0.10123115407508985;3.964329450199541;8;1.25;0.85;2
2000;12335;6.1675;1768;6.1675;15;12.335;1768;0.8207901140083979;1998;0.0371425348892113;2.111285642821411;9;1.25;0.85;2
2000;17424;8.712;1960;8.712;17;17.424;1960;0.8252870186973804;1999;0.049811114459731284;2.0040985492746373;0;1.25;0.95;2
2000;16543;8.2715;1999;8.2715;20;16.543;1999;0.8487186814769803;2000;0.034523937494632215;1.9917243621810905;1;1.25;0.95;2
2000;19097;9.5485;1999;9.5485;20;19.097;1999;0.8445139464662754;2000;0.04348738269991709;1.990446723361681;2;1.25;0.95;2
2000;19189;9.5945;1313;9.5945;20;19.189;1313;0.8137828914264514;2000;0.06683339470391333;2.186872936468234;3;1.25;0.95;2
2000;18315;9.1575;1999;9.1575;21;18.315;1999;0.8352206930111695;2000;0.04422531043370342;1.9908379189594798;4;1.25;0.95;2
2000;18853;9.4265;1999;9.4265;19;18.853;1999;0.8548974851875636;2000;0.03414693516676089;1.9905687843921962;5;1.25;0.95;2
2000;14854;7.427;1414;7.427;17;14.854;1414;0.7912188077564712;2000;0.06730208472230197;2.4444502251125564;6;1.25;0.95;2
2000;15302;7.651;761;7.651;18;15.302;761;0.7802754292627325;1997;0.10359081787399602;2.9917622790307394;7;1.25;0.95;2
2000;12023;6.0115;1061;6.0115;15;12.023;1061;0.7853932949701374;1993;0.06483083049817906;2.79288051195913;8;1.25;0.95;2
2000;15866;7.933;1999;7.933;18;15.866;1999;0.8304626678482875;2000;0.03520130314685336;1.992063031515758;9;1.25;0.95;2
2000;3116;1.558;17;1.558;7;3.116;18;0.575290190093647;1477;0.4485867446393762;11.659637324334044;0;1.45;0.05;2
2000;2923;1.4615;16;1.4615;6;2.923;17;0.5706904216074739;1424;0.44445484323818435;10.25591585677243;1;1.45;0.05;2
2000;2950;1.475;19;1.475;6;2.95;20;0.5446907704436851;1421;0.4178214348359937;8.818761718181356;2;1.45;0.05;2
2000;3190;1.595;25;1.595;7;3.19;25;0.5558086100524652;1444;0.43101648925067837;10.395103290299218;3;1.45;0.05;2
2000;3201;1.6005;17;1.6005;8;3.201;19;0.5614775038343149;1464;0.441049293744595;10.001254851344932;4;1.45;0.05;2
2000;3127;1.5635;21;1.5635;7;3.127;24;0.5773675455574409;1468;0.4531225543903584;11.442851598131927;5;1.45;0.05;2
2000;3095;1.5475;15;1.5475;8;3.095;15;0.5514583265450719;1441;0.45841768564256213;14.383220797227036;6;1.45;0.05;2
2000;3096;1.548;17;1.548;7;3.096;18;0.5518510640132804;1465;0.42972840314136124;10.791926187288995;7;1.45;0.05;2
2000;2745;1.3725;16;1.3725;6;2.745;17;0.5407839191175278;1424;0.4490852606144287;21.040009877398397;8;1.45;0.05;2
2000;3132;1.566;18;1.566;8;3.132;20;0.5630957161107883;1458;0.44628482972136224;14.012576201628763;9;1.45;0.05;2
2000;3460;1.73;27;1.73;7;3.46;28;0.5927710221113031;1557;0.43839113380237843;10.014141354414887;0;1.45;0.15;2
2000;3268;1.634;28;1.634;6;3.268;28;0.5985333395732719;1492;0.42993762993762996;9.55240096224519;1;1.45;0.15;2
2000;3314;1.657;23;1.657;6;3.314;24;0.5713974625353209;1500;0.4035778868509429;8.369286770862743;2;1.45;0.15;2
2000;3597;1.7985;33;1.7985;9;3.597;33;0.5771252153241027;1528;0.4133115056018826;8.917622968984071;3;1.45;0.15;2
2000;3620;1.81;28;1.81;9;3.62;29;0.5896112311896127;1551;0.4282064928153273;9.252820402532242;4;1.45;0.15;2
2000;3503;1.7515;28;1.7515;7;3.503;29;0.6003634760206702;1545;0.43284457478005867;10.169782690304158;5;1.45;0.15;2
2000;3466;1.733;22;1.733;9;3.466;23;0.5720374639831105;1515;0.4397829135922922;16.231417297747715;6;1.45;0.15;2
2000;3455;1.7275;20;1.7275;7;3.455;21;0.5796573769058687;1556;0.4184235517568851;10.243996033047402;7;1.45;0.15;2
2000;3018;1.509;19;1.509;6;3.018;20;0.5562015113900397;1481;0.4326949015376315;16.16549283412096;8;1.45;0.15;2
2000;3515;1.7575;21;1.7575;9;3.515;23;0.5881034430104826;1541;0.4466282217253148;12.465465844872035;9;1.45;0.15;2
2000;3899;1.9495;36;1.9495;8;3.899;36;0.6036768031516194;1623;0.4016411720108817;9.04384458988346;0;1.45;0.25;2
2000;3709;1.8545;43;1.8545;7;3.709;43;0.6247597812799089;1585;0.3993020212301876;8.36448938374124;1;1.45;0.25;2
2000;3828;1.914;58;1.914;7;3.828;58;0.6065556188135681;1588;0.3648066858011143;9.090225254450498;2;1.45;0.25;2
2000;4152;2.076;47;2.076;9;4.152;47;0.6163273028875412;1615;0.3828825744608011;7.983340511893115;3;1.45;0.25;2
2000;4133;2.0665;51;2.0665;9;4.133;51;0.6020103467033263;1632;0.4008735564110157;8.592486408699804;4;1.45;0.25;2
2000;3946;1.973;49;1.973;8;3.946;49;0.6187204753904685;1627;0.4010186190197879;9.920840455684223;5;1.45;0.25;2
2000;3920;1.96;29;1.96;10;3.92;31;0.6051469325277374;1586;0.4269543214808896;10.808895842646402;6;1.45;0.25;2
2000;3912;1.956;29;1.956;8;3.912;30;0.6008834437108842;1632;0.4025344251795599;8.542650907591453;7;1.45;0.25;2
2000;3453;1.7265;24;1.7265;6;3.453;25;0.5873895805839372;1576;0.41406349611118193;13.195737053157675;8;1.45;0.25;2
2000;3981;1.9905;40;1.9905;9;3.981;40;0.617872552773613;1603;0.43404849562015996;11.142658705940804;9;1.45;0.25;2
2000;4548;2.274;63;2.274;9;4.548;63;0.6295579482200068;1717;0.3592829705505762;7.419786248692394;0;1.45;0.35;2
2000;4284;2.142;80;2.142;8;4.284;80;0.643623917087639;1663;0.3472709669611521;8.73585038038243;1;1.45;0.35;2
2000;4448;2.224;105;2.224;8;4.448;105;0.6263951827549159;1687;0.3118811881188119;6.86838327041589;2;1.45;0.35;2
2000;4773;2.3865;64;2.3865;10;4.773;64;0.6572595095032912;1696;0.35815462161342265;6.442379626100894;3;1.45;0.35;2
2000;4869;2.4345;123;2.4345;9;4.869;123;0.6336224398921714;1722;0.32324598830311985;6.139929471248206;4;1.45;0.35;2
2000;4519;2.2595;81;2.2595;8;4.519;81;0.6457334053738633;1710;0.345697927586485;7.8914569680524265;5;1.45;0.35;2
2000;4496;2.248;45;2.248;10;4.496;45;0.6365380345988997;1671;0.3979117610608502;8.769454943150377;6;1.45;0.35;2
2000;4524;2.262;45;2.262;8;4.524;46;0.6285077101187112;1721;0.3679725877857966;7.733423957838394;7;1.45;0.35;2
2000;3902;1.951;40;1.951;8;3.902;40;0.6095390725666177;1645;0.3895377903013226;12.097541594201479;8;1.45;0.35;2
2000;4546;2.273;59;2.273;10;4.546;60;0.6270219881495792;1679;0.3961566671556403;9.243138910006751;9;1.45;0.35;2
2000;5417;2.7085;119;2.7085;10;5.417;119;0.6599962450308993;1799;0.2965072253423361;6.251944984280323;0;1.45;0.45;2
2000;5087;2.5435;147;2.5435;9;5.087;147;0.6781490224278006;1746;0.26944395915061226;7.649518826242621;1;1.45;0.45;2
2000;5430;2.715;240;2.715;8;5.43;240;0.6696213018107638;1795;0.213307554142022;5.197943511811533;2;1.45;0.45;2
2000;5653;2.8265;96;2.8265;10;5.653;96;0.6899251536616642;1780;0.30993751604896;5.537739869014241;3;1.45;0.45;2
2000;5846;2.923;258;2.923;11;5.846;258;0.674483396043682;1820;0.22341079672447953;5.00302842358337;4;1.45;0.45;2
2000;5364;2.682;136;2.682;9;5.364;136;0.6678534078542311;1801;0.2751144266777626;6.701968978984215;5;1.45;0.45;2
2000;5234;2.617;80;2.617;11;5.234;80;0.6569981853063706;1760;0.3531609536235322;7.539808976585355;6;1.45;0.45;2
2000;5349;2.6745;66;2.6745;9;5.349;67;0.6536049517148556;1816;0.3295082907797349;6.6437938426602;7;1.45;0.45;2
2000;4595;2.2975;78;2.2975;8;4.595;79;0.643859552966905;1748;0.3368626588196469;9.274619479048027;8;1.45;0.45;2
2000;5333;2.6665;117;2.6665;11;5.333;117;0.6651711421638047;1759;0.32148951119140823;7.485131203243844;9;1.45;0.45;2
2000;6544;3.272;213;3.272;11;6.544;213;0.7005762095213656;1868;0.22391929477207373;4.910019404677479;0;1.45;0.55;2
2000;6210;3.105;322;3.105;10;6.21;322;0.7051193307450345;1839;0.17231478432663813;5.331466180433621;1;1.45;0.55;2
2000;6812;3.406;490;3.406;10;6.812;490;0.7201165691752429;1892;0.12946637540958028;3.8395460768453993;2;1.45;0.55;2
2000;6912;3.456;154;3.456;11;6.912;154;0.718811594317504;1866;0.2519618682397693;4.690259386646086;3;1.45;0.55;2
2000;7361;3.6805;641;3.6805;11;7.361;641;0.7223288157867138;1898;0.10624682284934134;3.6247155922134517;4;1.45;0.55;2
2000;6546;3.273;251;3.273;10;6.546;251;0.7070081064502312;1883;0.197816331187465;4.933371107887924;5;1.45;0.55;2
2000;6292;3.146;165;3.146;12;6.292;165;0.6979313173357082;1855;0.2844039681248984;5.9692573964191284;6;1.45;0.55;2
2000;6410;3.205;106;3.205;10;6.41;107;0.6929363689415139;1903;0.2848869709098227;5.702340674730007;7;1.45;0.55;2
2000;5411;2.7055;122;2.7055;9;5.411;123;0.6798675964889188;1830;0.28213330786860197;7.244000502852807;8;1.45;0.55;2
2000;6365;3.1825;252;3.1825;11;6.365;252;0.6970805262278681;1839;0.21903981022281308;5.416017363316864;9;1.45;0.55;2
2000;8130;4.065;394;4.065;12;8.13;394;0.7345938320776966;1924;0.16281321917122887;3.866998576424748;0;1.45;0.65;2
2000;7923;3.9615;671;3.9615;13;7.923;671;0.750600941351093;1910;0.09745211166030501;3.954664385445629;1;1.45;0.65;2
2000;9104;4.552;1110;4.552;12;9.104;1110;0.7753346593344164;1970;0.0637955371981281;2.9018334975657036;2;1.45;0.65;2
2000;8787;4.3935;258;4.3935;14;8.787;258;0.7566660013374965;1942;0.1951373990466637;3.9857971832274695;3;1.45;0.65;2
2000;9737;4.8685;1351;4.8685;13;9.737;1351;0.7797976884773032;1971;0.05109204399025779;2.5358143996392593;4;1.45;0.65;2
2000;8439;4.2195;474;4.2195;12;8.439;474;0.7395092111359034;1947;0.12653082161039228;3.768869046464552;5;1.45;0.65;2
2000;7752;3.876;277;3.876;13;7.752;277;0.7366080416051086;1915;0.2212139698032637;4.828058877693106;6;1.45;0.65;2
2000;7945;3.9725;174;3.9725;13;7.945;174;0.730311640518516;1943;0.23407360588387394;4.914922496430757;7;1.45;0.65;2
2000;6555;3.2775;210;3.2775;11;6.555;211;0.7085722026992295;1905;0.2162785133195087;5.912411400397727;8;1.45;0.65;2
2000;7866;3.933;493;3.933;13;7.866;493;0.7320707515223998;1922;0.1302354020177316;3.935584247109662;9;1.45;0.65;2
2000;10631;5.3155;738;5.3155;14;10.631;738;0.7778917758074017;1975;0.10841164492453775;3.052559082163701;0;1.45;0.75;2
2000;10675;5.3375;1320;5.3375;15;10.675;1320;0.7924424357112859;1973;0.05277002779450778;2.71895349106667;1;1.45;0.75;2
2000;12251;6.1255;1935;6.1255;15;12.251;1935;0.8266722119104528;1999;0.040730770963854;2.0504827413706854;2;1.45;0.75;2
2000;11567;5.7835;456;5.7835;16;11.567;456;0.796994074070415;1986;0.14111329824173863;3.255383447852736;3;1.45;0.75;2
2000;12897;6.4485;1994;6.4485;16;12.897;1994;0.8235703627248547;1997;0.03812069347970321;1.9955147573786893;4;1.45;0.75;2
2000;11287;5.6435;922;5.6435;16;11.287;922;0.7871533613930735;1984;0.07262455236772451;2.723719766169545;5;1.45;0.75;2
2000;9742;4.871;487;4.871;15;9.742;487;0.7621434268518088;1963;0.15902126348228043;3.7248336271540574;6;1.45;0.75;2
2000;10150;5.075;299;5.075;14;10.15;299;0.7590175072249133;1985;0.18539266000420615;4.105656158769795;7;1.45;0.75;2
2000;8183;4.0915;386;4.0915;12;8.183;386;0.7391429176512938;1959;0.15087829033098776;4.415270267533467;8;1.45;0.75;2
2000;10368;5.184;1036;5.184;14;10.368;1036;0.7738456902356848;1981;0.06734883686901619;2.733371734268871;9;1.45;0.75;2
2000;14568;7.284;1488;7.284;16;14.568;1488;0.8158473827777429;1996;0.06594229065643;2.3182907770201417;0;1.45;0.85;2
2000;14504;7.252;1977;7.252;18;14.504;1977;0.8422914042365317;2000;0.037048695828331216;2.0114997498749374;1;1.45;0.85;2
2000;16016;8.008;1999;8.008;18;16.016;1999;0.8439067777467065;2000;0.04698113867018318;1.9919879939969984;2;1.45;0.85;2
2000;15778;7.889;820;7.889;18;15.778;820;0.8219219803246173;1997;0.09890943339247728;2.6210765382691346;3;1.45;0.85;2
2000;16524;8.262;1999;8.262;20;16.524;1999;0.8408865478675002;2000;0.04173981715446275;1.9917338669334668;4;1.45;0.85;2
2000;15803;7.9015;1724;7.9015;17;15.803;1724;0.8335850006357625;1999;0.04325611577767072;2.0565082541270634;5;1.45;0.85;2
2000;12691;6.3455;891;6.3455;17;12.691;891;0.7940627206739221;1995;0.10575582494736213;2.925456728364182;6;1.45;0.85;2
2000;13230;6.615;511;6.615;16;13.23;511;0.784347928309504;1995;0.141583411830177;3.454486526856454;7;1.45;0.85;2
2000;10478;5.239;689;5.239;14;10.478;689;0.771055246418496;1987;0.10223079725977291;3.455474001793481;8;1.45;0.85;2
2000;14052;7.026;1873;7.026;17;14.052;1873;0.8192563491208098;2000;0.040042955423731916;2.0367783891945974;9;1.45;0.85;2
2000;19914;9.957;1997;9.957;19;19.914;1997;0.8243557692264718;2000;0.05434934008049601;1.9905332666333166;0;1.45;0.95;2
2000;18506;9.253;1999;9.253;22;18.506;1999;0.8424340062276933;2000;0.03987854635554353;1.9907423711855927;1;1.45;0.95;2
2000;21561;10.7805;1999;10.7805;21;21.561;1999;0.8360722580011073;2000;0.04841587581181409;1.9892141070535267;2;1.45;0.95;2
2000;22200;11.1;1500;11.1;21;22.2;1500;0.816268794726718;2000;0.06672733864460893;2.0790290145072534;3;1.45;0.95;2
2000;20583;10.2915;1999;10.2915;22;20.583;1999;0.8265580966146522;2000;0.0520140744394743;1.989703351675838;4;1.45;0.95;2
2000;21092;10.546;1999;10.546;21;21.092;1999;0.8474117783911713;2000;0.03851071961566958;1.989448724362181;5;1.45;0.95;2
2000;17212;8.606;1618;8.606;19;17.212;1618;0.7983568124015696;2000;0.06834340476507388;2.2075952976488242;6;1.45;0.95;2
2000;17729;8.8645;888;8.8645;19;17.729;888;0.7837318739940982;1999;0.1035226598362469;2.7475372686343174;7;1.45;0.95;2
2000;13951;6.9755;1198;6.9755;15;13.951;1198;0.7837809719170501;1998;0.0660338621682386;2.567909954977489;8;1.45;0.95;2
2000;17785;8.8925;1999;8.8925;20;17.785;1999;0.8240507550819584;2000;0.040942831083050316;1.9911030515257628;9;1.45;0.95;2
2000;3553;1.7765;19;1.7765;7;3.553;21;0.5743810426114992;1600;0.44922122324933517;11.146782852775049;0;1.65;0.05;2
2000;3320;1.66;19;1.66;6;3.32;22;0.5836562943951916;1523;0.4434577096612476;10.164253621255954;1;1.65;0.05;2
2000;3350;1.675;22;1.675;6;3.35;23;0.5533638536209462;1529;0.4194837748120046;9.285598313393788;2;1.65;0.05;2
2000;3587;1.7935;25;1.7935;8;3.587;25;0.5679934500992901;1554;0.4286893364146583;8.925783524255682;3;1.65;0.05;2
2000;3658;1.829;20;1.829;8;3.658;20;0.5712022763798954;1569;0.44211227719473595;9.479492696666378;4;1.65;0.05;2
2000;3542;1.771;23;1.771;7;3.542;26;0.5808833509199423;1575;0.4579180509413068;11.893445386339277;5;1.65;0.05;2
2000;3520;1.76;17;1.76;10;3.52;18;0.5574754918666166;1539;0.4582815220094504;11.594296685486588;6;1.65;0.05;2
2000;3519;1.7595;20;1.7595;7;3.519;21;0.5609336721972749;1573;0.4246913580246914;10.25680535650133;7;1.65;0.05;2
2000;3125;1.5625;16;1.5625;6;3.125;17;0.5356355318421044;1534;0.4432208615980971;18.433746078756112;8;1.65;0.05;2
2000;3596;1.798;22;1.798;9;3.596;24;0.5655968461182818;1567;0.45712435995527045;12.655562351731858;9;1.65;0.05;2
2000;3943;1.9715;28;1.9715;7;3.943;29;0.5850220392310065;1645;0.43312346806363244;9.614521552182092;0;1.65;0.15;2
2000;3705;1.8525;31;1.8525;7;3.705;31;0.6096140540022638;1598;0.42976804123711343;8.728874718722844;1;1.65;0.15;2
2000;3812;1.906;31;1.906;7;3.812;31;0.5844086862062291;1610;0.4029742298004263;8.48132624053415;2;1.65;0.15;2
2000;4070;2.035;36;2.035;9;4.07;36;0.5945940069501117;1635;0.4147774979009236;7.9907488119020735;3;1.65;0.15;2
2000;4121;2.0605;32;2.0605;9;4.121;33;0.5895728499990017;1655;0.4318013343217198;9.136105920824546;4;1.65;0.15;2
2000;3954;1.977;36;1.977;8;3.954;37;0.6019348669854642;1649;0.43859568186012177;10.280990444659862;5;1.65;0.15;2
2000;3910;1.955;24;1.955;10;3.91;26;0.5890805853760953;1606;0.4461993605955051;10.834458965350251;6;1.65;0.15;2
2000;3926;1.963;24;1.963;8;3.926;25;0.5816071482623751;1645;0.4205852380259135;9.07756357152841;7;1.65;0.15;2
2000;3505;1.7525;21;1.7525;6;3.505;22;0.567233741857685;1606;0.4392237655346581;13.752626082635516;8;1.65;0.15;2
2000;4004;2.002;23;2.002;9;4.004;25;0.5911439387576133;1629;0.4534582329134646;11.175334056129588;9;1.65;0.15;2
2000;4476;2.238;42;2.238;8;4.476;42;0.6051997653269087;1717;0.40230157387036725;8.166286593060333;0;1.65;0.25;2
2000;4207;2.1035;47;2.1035;9;4.207;47;0.6308782672346461;1673;0.40142899895256623;9.0823182125769;1;1.65;0.25;2
2000;4341;2.1705;63;2.1705;7;4.341;63;0.6092245016824454;1677;0.37041322314049585;7.427092396752604;2;1.65;0.25;2
2000;4680;2.34;50;2.34;10;4.68;50;0.6263827143080318;1700;0.38336927223719675;6.837329614908929;3;1.65;0.25;2
2000;4689;2.3445;59;2.3445;10;4.689;59;0.6068525710224154;1727;0.40280821127897587;7.707233546356623;4;1.65;0.25;2
2000;4447;2.2235;57;2.2235;8;4.447;57;0.6254419393701859;1730;0.4016851180562359;8.807248661998496;5;1.65;0.25;2
2000;4415;2.2075;32;2.2075;10;4.415;34;0.6198234548091579;1676;0.42689199118295373;9.692599262464379;6;1.65;0.25;2
2000;4477;2.2385;33;2.2385;8;4.477;34;0.596360470838339;1721;0.4002612042892494;7.894523941705451;7;1.65;0.25;2
2000;3930;1.965;29;1.965;8;3.93;30;0.5885628725271711;1662;0.42243295303007855;11.908312519561925;8;1.65;0.25;2
2000;4516;2.258;44;2.258;9;4.516;44;0.6127761436142182;1693;0.4347782760338814;10.627154520504329;9;1.65;0.25;2
2000;5195;2.5975;74;2.5975;10;5.195;74;0.6318999429862919;1786;0.3543075315146215;6.636185087591547;0;1.65;0.35;2
2000;4858;2.429;86;2.429;9;4.858;86;0.6505715601718581;1749;0.3526563167639937;8.594165063064338;1;1.65;0.35;2
2000;5062;2.531;120;2.531;8;5.062;120;0.6424797331886288;1775;0.3138355019696789;6.354828358393163;2;1.65;0.35;2
2000;5394;2.697;72;2.697;10;5.394;72;0.6576762979625176;1769;0.3520855143534079;5.915654424890045;3;1.65;0.35;2
2000;5532;2.766;146;2.766;11;5.532;146;0.643445237059269;1806;0.31562223346401924;5.8349850399641126;4;1.65;0.35;2
2000;5155;2.5775;92;2.5775;10;5.155;92;0.6456958389219163;1805;0.3511760274545911;7.561301418407287;5;1.65;0.35;2
2000;5058;2.529;58;2.529;10;5.058;58;0.6429716108743533;1744;0.3944749776045324;7.863468693441466;6;1.65;0.35;2
2000;5214;2.607;51;2.607;10;5.214;52;0.6283663901623068;1809;0.3681583008078424;7.063738292519924;7;1.65;0.35;2
2000;4495;2.2475;47;2.2475;8;4.495;48;0.6150846220930707;1747;0.3927630903929683;8.861476512157004;8;1.65;0.35;2
2000;5162;2.581;68;2.581;10;5.162;68;0.6361801485817081;1771;0.39786460699681964;8.148003306396772;9;1.65;0.35;2
2000;6131;3.0655;134;3.0655;11;6.131;134;0.6656662631610749;1849;0.2955435367823406;5.495206857944732;0;1.65;0.45;2
2000;5740;2.87;163;2.87;10;5.74;163;0.6768673897084557;1815;0.27047886335730575;6.654377464544828;1;1.65;0.45;2
2000;6180;3.09;270;3.09;9;6.18;270;0.6782709602158432;1853;0.21539987135506003;4.741488260477074;2;1.65;0.45;2
2000;6404;3.202;104;3.202;11;6.404;104;0.6903627730434511;1841;0.3086923844885414;5.134221232524092;3;1.65;0.45;2
2000;6601;3.3005;296;3.3005;11;6.601;296;0.68230681745153;1879;0.2201650323435964;4.477781830765921;4;1.65;0.45;2
2000;6090;3.045;150;3.045;10;6.09;150;0.6752651655304336;1870;0.27793709528214616;6.072305927921139;5;1.65;0.45;2
2000;5929;2.9645;95;2.9645;11;5.929;95;0.6710173694267945;1831;0.3502094756946584;6.4617425015303;6;1.65;0.45;2
2000;6103;3.0515;75;3.0515;10;6.103;76;0.6577559762430358;1882;0.3333774192126262;6.04226514583382;7;1.65;0.45;2
2000;5254;2.627;87;2.627;9;5.254;88;0.6577748747723453;1815;0.3413245116308285;7.832498225892184;8;1.65;0.45;2
2000;6014;3.007;138;3.007;11;6.014;138;0.6617997873591356;1840;0.3157109386248511;6.349821214759542;9;1.65;0.45;2
2000;7417;3.7085;247;3.7085;12;7.417;247;0.7076298595017406;1910;0.22513793649440336;4.451608659433808;0;1.65;0.55;2
2000;7018;3.509;370;3.509;11;7.018;370;0.7084892893434147;1896;0.17165836138710105;4.793981815909213;1;1.65;0.55;2
2000;7746;3.873;562;3.873;11;7.746;562;0.7263972015904997;1935;0.12838640684410646;3.6572690883913586;2;1.65;0.55;2
2000;7894;3.947;169;3.947;12;7.894;169;0.7219519774435912;1909;0.2527249546589093;4.430321718680414;3;1.65;0.55;2
2000;8345;4.1725;713;4.1725;12;8.345;713;0.7334210515424027;1935;0.10822051227606963;3.338340821758145;4;1.65;0.55;2
2000;7499;3.7495;281;3.7495;12;7.499;281;0.7049520116088529;1926;0.1990382187052782;4.600254652984575;5;1.65;0.55;2
2000;7129;3.5645;182;3.5645;13;7.129;182;0.7010437076952368;1900;0.28639940243271;5.533030733722824;6;1.65;0.55;2
2000;7324;3.662;116;3.662;11;7.324;117;0.6973308114359925;1938;0.29115244070601215;5.234438274784133;7;1.65;0.55;2
2000;6187;3.0935;138;3.0935;9;6.187;139;0.6871905860422671;1879;0.2853162678086942;6.379921238975577;8;1.65;0.55;2
2000;7203;3.6015;297;3.6015;12;7.203;297;0.6958692391936201;1898;0.21154951847060516;4.9698854328627196;9;1.65;0.55;2
2000;9240;4.62;441;4.62;14;9.24;441;0.7411973443528109;1949;0.1652242788060697;3.619326737178455;0;1.65;0.65;2
2000;8978;4.489;748;4.489;15;8.978;748;0.750623903927437;1958;0.0981371254303235;3.610279940585202;1;1.65;0.65;2
2000;10280;5.14;1257;5.14;13;10.28;1257;0.7790064382682789;1981;0.06371876106322566;2.669662788031871;2;1.65;0.65;2
2000;9989;4.9945;300;4.9945;15;9.989;300;0.7624414131773107;1968;0.19200709340486222;3.6801823288002096;3;1.65;0.65;2
2000;10994;5.497;1483;5.497;15;10.994;1483;0.78191301697981;1985;0.05285320289728418;2.3820622860751244;4;1.65;0.65;2
2000;9566;4.783;535;4.783;13;9.566;535;0.7414283017568905;1969;0.12663809951272137;3.4262205951830547;5;1.65;0.65;2
2000;8783;4.3915;306;4.3915;13;8.783;306;0.7379703240848923;1943;0.22220653178597105;4.272924872378486;6;1.65;0.65;2
2000;9093;4.5465;195;4.5465;14;9.093;195;0.7316134389141328;1969;0.23515599234878964;4.421380731974511;7;1.65;0.65;2
2000;7530;3.765;244;3.765;11;7.53;244;0.7128938128389979;1946;0.2175287391057333;5.043905137282345;8;1.65;0.65;2
2000;8914;4.457;561;4.457;13;8.914;561;0.7335788118383754;1955;0.1300825336308299;3.5666132173819705;9;1.65;0.65;2
2000;12128;6.064;838;6.064;16;12.128;838;0.780526319546561;1985;0.10841213750518507;2.8571202328790886;0;1.65;0.75;2
2000;12060;6.03;1467;6.03;18;12.06;1467;0.7988445066352705;1989;0.053059352986806606;2.5120307901698595;1;1.65;0.75;2
2000;13693;6.8465;1974;6.8465;16;13.693;1974;0.8225443195318867;2000;0.04650827115187755;2.014600300150075;2;1.65;0.75;2
2000;13129;6.5645;512;6.5645;16;13.129;512;0.7980471860525425;1993;0.14225692622411956;3.080831915957979;3;1.65;0.75;2
2000;14436;7.218;1999;7.218;19;14.436;1999;0.8185510003781733;1999;0.04411231058869124;1.9927783891945974;4;1.65;0.75;2
2000;12841;6.4205;1028;6.4205;17;12.841;1028;0.7873258365249725;1991;0.07337083645209581;2.56866813245921;5;1.65;0.75;2
2000;11054;5.527;549;5.527;16;11.054;549;0.7662013693639228;1985;0.1582118297520408;3.399401905661295;6;1.65;0.75;2
2000;11585;5.7925;344;5.7925;14;11.585;344;0.7601939985542229;1990;0.18654622710683927;3.8355262759382387;7;1.65;0.75;2
2000;9342;4.671;438;4.671;12;9.342;438;0.7435765040744284;1981;0.15188532353082812;3.9931746316870096;8;1.65;0.75;2
2000;11814;5.907;1189;5.907;16;11.814;1189;0.7744001212772779;1995;0.06717940822439325;2.5490447926666038;9;1.65;0.75;2
2000;16593;8.2965;1661;8.2965;17;16.593;1661;0.8181647137282597;1997;0.06757267118417053;2.191088044022011;0;1.65;0.85;2
2000;16132;8.066;1994;8.066;20;16.132;1994;0.838301763152344;2000;0.04070145943987678;1.9960680340170085;1;1.65;0.85;2
2000;18070;9.035;1999;9.035;19;18.07;1999;0.8397338189768287;2000;0.05253262997761677;1.99096048024012;2;1.65;0.85;2
2000;17849;8.9245;935;8.9245;19;17.849;935;0.8218519112939289;2000;0.0990876106605204;2.4710020010005;3;1.65;0.85;2
2000;18194;9.097;1999;9.097;21;18.194;1999;0.834495549417224;2000;0.047715561855784946;1.9908984492246122;4;1.65;0.85;2
2000;17854;8.927;1848;8.927;17;17.854;1848;0.8332228448365065;2000;0.045112438724787714;2.0132921460730366;5;1.65;0.85;2
2000;14385;7.1925;1004;7.1925;17;14.385;1004;0.7933408133119438;2000;0.10522012760888168;2.721870935467734;6;1.65;0.85;2
2000;15064;7.532;592;7.532;17;15.064;592;0.7837913233392826;1996;0.14144169870307205;3.187343547214086;7;1.65;0.85;2
2000;11946;5.973;793;5.973;15;11.946;793;0.769660296338502;1995;0.10244852645849328;3.1065372686343173;8;1.65;0.85;2
2000;15769;7.8845;1947;7.8845;18;15.769;1947;0.8141130007581378;2000;0.0436266316710235;2.000295647823912;9;1.65;0.85;2
2000;22433;11.2165;1999;11.2165;21;22.433;1999;0.8205751438252223;2000;0.058480957402364475;1.9887778889444723;0;1.65;0.95;2
2000;20473;10.2365;1999;10.2365;23;20.473;1999;0.8378170515223295;2000;0.044715499151716936;1.9897583791895948;1;1.65;0.95;2
2000;24152;12.076;1999;12.076;22;24.152;1999;0.8292866310496558;2000;0.053324219433915306;1.9879179589794898;2;1.65;0.95;2
2000;25256;12.628;1664;12.628;24;25.256;1664;0.8250184922595754;2000;0.06863648153981794;2.0171805902951476;3;1.65;0.95;2
2000;22859;11.4295;1999;11.4295;25;22.859;1999;0.8206588798458734;2000;0.059387982641966104;1.9885647823911956;4;1.65;0.95;2
2000;23249;11.6245;1999;11.6245;22;23.249;1999;0.844444933469753;2000;0.04317121890315699;1.9883696848424213;5;1.65;0.95;2
2000;19501;9.7505;1763;9.7505;20;19.501;1763;0.7965079963242813;2000;0.07069317399640565;2.1061575787893947;6;1.65;0.95;2
2000;20154;10.077;993;10.077;19;20.154;993;0.7795636140977126;2000;0.10336682065598976;2.5702836418209105;7;1.65;0.95;2
2000;15947;7.9735;1335;7.9735;18;15.947;1335;0.7812627685431385;2000;0.06652613848321176;2.391222111055528;8;1.65;0.95;2
2000;19786;9.893;1999;9.893;21;19.786;1999;0.814647925443445;2000;0.04684644594442119;1.9901020510255127;9;1.65;0.95;2
2000;3972;1.986;21;1.986;8;3.972;24;0.5722761052512209;1657;0.4511606873681037;10.28985364706714;0;1.85;0.05;2
2000;3719;1.8595;21;1.8595;7;3.719;23;0.5870055306443813;1623;0.4443174675732815;12.525420640569395;1;1.85;0.05;2
2000;3792;1.896;22;1.896;7;3.792;23;0.5640923765954843;1627;0.42123724489795916;8.930972004580521;2;1.85;0.05;2
2000;4029;2.0145;27;2.0145;9;4.029;27;0.5667308539426216;1653;0.42622231966673974;8.178973222336452;3;1.85;0.05;2
2000;4116;2.058;22;2.058;9;4.116;23;0.5779697905186404;1662;0.44656438211632304;9.801818813868882;4;1.85;0.05;2
2000;3976;1.988;24;1.988;7;3.976;28;0.5888665971768947;1670;0.4565882067459355;11.523351231731839;5;1.85;0.05;2
2000;3914;1.957;19;1.957;10;3.914;21;0.5726578057215953;1629;0.45727309156481666;11.49929707806206;6;1.85;0.05;2
2000;3954;1.977;20;1.977;8;3.954;21;0.5612732419176496;1670;0.4283121597096189;9.088174324480605;7;1.85;0.05;2
2000;3556;1.778;18;1.778;6;3.556;19;0.5543535280975471;1628;0.4506994661079949;15.884345677590977;8;1.85;0.05;2
2000;4037;2.0185;22;2.0185;9;4.037;24;0.5722701732152262;1660;0.4601573912633712;12.79377195194174;9;1.85;0.05;2
2000;4396;2.198;32;2.198;8;4.396;33;0.5889390839524344;1710;0.432655727625562;8.714229325392425;0;1.85;0.15;2
2000;4157;2.0785;35;2.0785;8;4.157;35;0.6107645102258034;1681;0.42909909144943537;10.98522232889591;1;1.85;0.15;2
2000;4276;2.138;38;2.138;8;4.276;38;0.5894776548284305;1681;0.4080818924203504;8.15706276508803;2;1.85;0.15;2
2000;4542;2.271;39;2.271;9;4.542;39;0.592004750052047;1704;0.4086014613511088;7.152449900983473;3;1.85;0.15;2
2000;4597;2.2985;34;2.2985;9;4.597;35;0.5962883769791807;1734;0.4323187493789951;8.719405703019945;4;1.85;0.15;2
2000;4386;2.193;38;2.193;9;4.386;39;0.6051979055933651;1726;0.43662661493841576;9.957211119804445;5;1.85;0.15;2
2000;4352;2.176;26;2.176;10;4.352;28;0.5910595054045868;1693;0.4457734330074756;10.611668703773349;6;1.85;0.15;2
2000;4411;2.2055;26;2.2055;9;4.411;27;0.5850877169188489;1733;0.42034285714285713;8.1358700905371;7;1.85;0.15;2
2000;3959;1.9795;23;1.9795;7;3.959;24;0.5796485126639692;1678;0.44519340454215495;11.79233787388353;8;1.85;0.15;2
2000;4472;2.236;24;2.236;9;4.472;26;0.6028396767725146;1710;0.4574841113302652;10.61863162326484;9;1.85;0.15;2
2000;4989;2.4945;48;2.4945;9;4.989;48;0.6060520044250947;1777;0.39994073754815074;7.37733137914188;0;1.85;0.25;2
2000;4720;2.36;51;2.36;9;4.72;51;0.6283775222371165;1747;0.4031793195661863;8.949714121343222;1;1.85;0.25;2
2000;4854;2.427;68;2.427;9;4.854;68;0.6072527953446861;1751;0.3768671619138909;7.155831957269234;2;1.85;0.25;2
2000;5224;2.612;55;2.612;10;5.224;55;0.6239514047351189;1768;0.38431921596079804;6.417203494408837;3;1.85;0.25;2
2000;5269;2.6345;69;2.6345;10;5.269;69;0.618180561975545;1787;0.39733170797778683;7.180323619463521;4;1.85;0.25;2
2000;4969;2.4845;60;2.4845;9;4.969;60;0.6194984773114187;1797;0.4042445410190098;8.175516358931551;5;1.85;0.25;2
2000;4932;2.466;33;2.466;10;4.932;35;0.6235504146272253;1758;0.4260955333239397;8.402666432603713;6;1.85;0.25;2
2000;5049;2.5245;36;2.5245;10;5.049;37;0.6029178825596924;1800;0.39948938457403926;7.209632482587702;7;1.85;0.25;2
2000;4441;2.2205;34;2.2205;8;4.441;35;0.5980275562029009;1737;0.42622057965376386;10.245392225653916;8;1.85;0.25;2
2000;5039;2.5195;47;2.5195;10;5.039;47;0.6207682139853492;1770;0.43724434876210977;8.461093929453911;9;1.85;0.25;2
2000;5803;2.9015;82;2.9015;10;5.803;82;0.638039923769256;1843;0.3569683822147823;6.083163667977607;0;1.85;0.35;2
2000;5408;2.704;97;2.704;10;5.408;97;0.6494506885312719;1806;0.35133848672937057;7.82557170055787;1;1.85;0.35;2
2000;5711;2.8555;141;2.8555;9;5.711;141;0.6422341065813882;1831;0.31002478104942355;5.683004147690699;2;1.85;0.35;2
2000;6052;3.026;75;3.026;10;6.052;75;0.6615526989308366;1825;0.3578729979496627;5.559423244136565;3;1.85;0.35;2
2000;6169;3.0845;156;3.0845;11;6.169;156;0.6530459777298542;1864;0.3221008962467222;5.576478721727372;4;1.85;0.35;2
2000;5776;2.888;102;2.888;10;5.776;102;0.6464239441569859;1856;0.34897027085807975;6.754557081372711;5;1.85;0.35;2
2000;5655;2.8275;62;2.8275;11;5.655;62;0.6422844227900292;1817;0.3920859110540446;7.120298763999733;6;1.85;0.35;2
2000;5846;2.923;56;2.923;10;5.846;57;0.6349121776778913;1872;0.37069293995971914;6.519542875069566;7;1.85;0.35;2
2000;5113;2.5565;54;2.5565;9;5.113;55;0.6322040910560783;1810;0.39539402851815864;8.363676264491213;8;1.85;0.35;2
2000;5738;2.869;76;2.869;10;5.738;76;0.639313180988456;1824;0.393536017529444;7.18017811620741;9;1.85;0.35;2
2000;6844;3.422;148;3.422;12;6.844;148;0.6717528383446488;1887;0.2933026978084566;5.07846993660327;0;1.85;0.45;2
2000;6404;3.202;189;3.202;10;6.404;189;0.6751541828598061;1887;0.2683114649171934;6.249808714208498;1;1.85;0.45;2
2000;6913;3.4565;295;3.4565;10;6.913;295;0.6804781933216499;1903;0.21974626724282414;4.371154989566212;2;1.85;0.45;2
2000;7187;3.5935;116;3.5935;12;7.187;116;0.6903008088687879;1883;0.30754175715166626;4.876220192774045;3;1.85;0.45;2
2000;7386;3.693;337;3.693;11;7.386;337;0.684001942200725;1919;0.2183639459479042;4.23175784168434;4;1.85;0.45;2
2000;6838;3.419;167;3.419;10;6.838;167;0.6716911557117392;1914;0.28064344960482585;5.270963635574388;5;1.85;0.45;2
2000;6664;3.332;113;3.332;11;6.664;113;0.6694562276224298;1884;0.3480675066522484;5.997907540365535;6;1.85;0.45;2
2000;6858;3.429;86;3.429;11;6.858;87;0.6653127958201863;1926;0.3336152072931991;5.594838874664547;7;1.85;0.45;2
2000;5902;2.951;97;2.951;9;5.902;98;0.6630770208157017;1868;0.3466900395243844;6.9479545038857635;8;1.85;0.45;2
2000;6689;3.3445;158;3.3445;11;6.689;158;0.6663098314458067;1880;0.31275480489225393;5.815564791091919;9;1.85;0.45;2
2000;8315;4.1575;272;4.1575;13;8.315;272;0.7067781909918662;1943;0.22955348920115268;4.231633501784185;0;1.85;0.55;2
2000;7850;3.925;419;3.925;11;7.85;419;0.708519753417791;1932;0.17011556686947957;4.452661753673167;1;1.85;0.55;2
2000;8725;4.3625;621;4.3625;12;8.725;621;0.7262165763802897;1955;0.13192131764505763;3.418454556111601;2;1.85;0.55;2
2000;8864;4.432;188;4.432;13;8.864;188;0.7255913271841369;1944;0.2509130079418699;4.105639458310962;3;1.85;0.55;2
2000;9308;4.654;784;4.654;15;9.308;784;0.7293324426813622;1958;0.10965031327045305;3.17303024374413;4;1.85;0.55;2
2000;8462;4.231;316;4.231;13;8.462;316;0.7041432519319528;1951;0.1990376239266603;4.21753762913406;5;1.85;0.55;2
2000;8025;4.0125;211;4.0125;13;8.025;211;0.70443957089597;1934;0.28218256874625475;4.831386538785767;6;1.85;0.55;2
2000;8239;4.1195;131;4.1195;12;8.239;132;0.7024027782000374;1957;0.2910182559076171;4.87302199315818;7;1.85;0.55;2
2000;7006;3.503;158;3.503;10;7.006;159;0.6825673352820266;1931;0.2904840921952483;5.839993269447142;8;1.85;0.55;2
2000;8095;4.0475;334;4.0475;13;8.095;334;0.7027184197282711;1940;0.2120907353298665;4.3635974334671115;9;1.85;0.55;2
2000;10435;5.2175;498;5.2175;15;10.435;498;0.7367866043853936;1971;0.16433899728025606;3.370190268764526;0;1.85;0.65;2
2000;10002;5.001;822;5.001;15;10.002;822;0.7497985962482734;1973;0.09903618457923703;3.4365913234215686;1;1.85;0.65;2
2000;11503;5.7515;1370;5.7515;16;11.503;1370;0.7776635876454498;1990;0.06640104646150935;2.5554967483741873;2;1.85;0.65;2
2000;11200;5.6;327;5.6;15;11.2;327;0.7644342377743253;1983;0.19387647211005252;3.4544456795579332;3;1.85;0.65;2
2000;12295;6.1475;1598;6.1475;17;12.295;1598;0.7795820395494252;1990;0.055675757691931796;2.2819055243793227;4;1.85;0.65;2
2000;10762;5.381;594;5.381;14;10.762;594;0.743080635664888;1984;0.1264080440900187;3.2082665165937483;5;1.85;0.65;2
2000;9879;4.9395;342;4.9395;15;9.879;342;0.736086245171231;1965;0.21958940615453895;3.8523064398555387;6;1.85;0.65;2
2000;10205;5.1025;222;5.1025;15;10.205;222;0.7318628456579079;1984;0.23847833744276153;4.216481472059098;7;1.85;0.65;2
2000;8468;4.234;275;4.234;12;8.468;276;0.7148083447462042;1970;0.2165321140244338;4.5519118437376;8;1.85;0.65;2
2000;10080;5.04;628;5.04;14;10.08;628;0.7331174520583916;1976;0.1305641414620271;3.300524206044065;9;1.85;0.65;2
2000;13646;6.823;950;6.823;17;13.646;950;0.7793551715351522;1993;0.10857380424056942;2.7340830885606966;0;1.85;0.75;2
2000;13471;6.7355;1601;6.7355;19;13.471;1601;0.8011684394893138;1994;0.05400433039088824;2.351793396698349;1;1.85;0.75;2
2000;15239;7.6195;1994;7.6195;18;15.239;1994;0.818772269740876;2000;0.05301705519838472;1.9965167583791896;2;1.85;0.75;2
2000;14680;7.34;572;7.34;17;14.68;572;0.795969164014668;1995;0.1420468768590125;2.9372766383191595;3;1.85;0.75;2
2000;15919;7.9595;1999;7.9595;19;15.919;1999;0.8138497171309967;2000;0.04909730017396593;1.9920365182591295;4;1.85;0.75;2
2000;14370;7.185;1141;7.185;17;14.37;1141;0.789578137351323;1994;0.07324533103127147;2.449558606446744;5;1.85;0.75;2
2000;12422;6.211;624;6.211;16;12.422;624;0.7658074886920373;1995;0.15693221392659476;3.206910455227614;6;1.85;0.75;2
2000;12957;6.4785;385;6.4785;15;12.957;385;0.7626186976038402;1994;0.1874943685613885;3.6316650184253128;7;1.85;0.75;2
2000;10478;5.239;484;5.239;13;10.478;484;0.7441405362553094;1991;0.1539294275330567;3.6786130803139305;8;1.85;0.75;2
2000;13255;6.6275;1322;6.6275;17;13.255;1322;0.7743597058691453;1997;0.06814715764351424;2.4199552228566734;9;1.85;0.75;2
2000;18486;9.243;1791;9.243;18;18.486;1791;0.8177074650652576;1998;0.06962495943519788;2.1033626813406703;0;1.85;0.85;2
2000;17716;8.858;1999;8.858;21;17.716;1999;0.8328682896180203;2000;0.045122995953742064;1.9911375687843922;1;1.85;0.85;2
2000;20019;10.0095;1999;10.0095;20;20.019;1999;0.8380160037914243;2000;0.057579177976008464;1.9899854927463732;2;1.85;0.85;2
2000;20026;10.013;1055;10.013;21;20.026;1055;0.8211959393421661;2000;0.09882683108691902;2.3571255627813907;3;1.85;0.85;2
2000;20005;10.0025;1999;10.0025;22;20.005;1999;0.8279602366789287;2000;0.05459090208835799;1.9899924962481241;4;1.85;0.85;2
2000;19802;9.901;1903;9.901;20;19.802;1903;0.8340105653763583;2000;0.04759046994622918;1.999104052026013;5;1.85;0.85;2
2000;16139;8.0695;1114;8.0695;19;16.139;1114;0.7904799732778158;2000;0.10620911928972111;2.566698349174587;6;1.85;0.85;2
2000;16880;8.44;660;8.44;19;16.88;660;0.7837183593265838;1999;0.1421032675365228;3.0175482741370687;7;1.85;0.85;2
2000;13441;6.7205;877;6.7205;15;13.441;877;0.7697673703945601;1999;0.10354735510878964;2.9623866933466734;8;1.85;0.85;2
2000;17463;8.7315;1975;8.7315;20;17.463;1975;0.8105048813036282;2000;0.04807894046385294;1.9931810905452727;9;1.85;0.85;2
2000;24917;12.4585;1999;12.4585;23;24.917;1999;0.8184375041614739;2000;0.06141132090032647;1.987535267633817;0;1.85;0.95;2
2000;22529;11.2645;1999;11.2645;24;22.529;1999;0.830159362097077;2000;0.04941364001889713;1.9887298649324663;1;1.85;0.95;2
2000;26659;13.3295;1999;13.3295;24;26.659;1999;0.826862055126387;2000;0.0580280809536107;1.986663831915958;2;1.85;0.95;2
2000;28222;14.111;1781;14.111;25;28.222;1781;0.8267140856192157;2000;0.07007327932381129;1.992040020010005;3;1.85;0.95;2
2000;25140;12.57;1999;12.57;25;25.14;1999;0.8171145157908793;2000;0.06618644556252364;1.987423711855928;4;1.85;0.95;2
2000;25380;12.69;1999;12.69;23;25.38;1999;0.8399612356025592;2000;0.048006395159274885;1.987303651825913;5;1.85;0.95;2
2000;21771;10.8855;1850;10.8855;21;21.771;1850;0.796761108026242;2000;0.07417337636882962;2.0482426213106555;6;1.85;0.95;2
2000;22593;11.2965;1100;11.2965;22;22.593;1100;0.7801439446814044;2000;0.10395364613962199;2.424565282641321;7;1.85;0.95;2
2000;17882;8.941;1479;8.941;20;17.882;1479;0.7842850760585169;2000;0.06676982427877991;2.2476348174087044;8;1.85;0.95;2
2000;21647;10.8235;1999;10.8235;23;21.647;1999;0.8112865091661119;2000;0.052290801385411735;1.9891710855427713;9;1.85;0.95;2
2000;4375;2.1875;23;2.1875;8;4.375;25;0.578423206459373;1720;0.44960636378546825;9.647309161021015;0;2.05;0.05;2
2000;4106;2.053;23;2.053;7;4.106;24;0.5922208714265875;1687;0.44597240350550066;11.474579384248955;1;2.05;0.05;2
2000;4215;2.1075;24;2.1075;8;4.215;25;0.5626912495702281;1698;0.42207320719258534;8.654938888627811;2;2.05;0.05;2
2000;4472;2.236;29;2.236;9;4.472;29;0.5761146374122574;1720;0.42545687720423214;7.616086793394077;3;2.05;0.05;2
2000;4527;2.2635;23;2.2635;9;4.527;24;0.5810456657229717;1724;0.4489106753812636;8.857713234015666;4;2.05;0.05;2
2000;4367;2.1835;25;2.1835;8;4.367;28;0.5864872776992234;1721;0.4589516129032258;9.562920230419131;5;2.05;0.05;2
2000;4324;2.162;22;2.162;10;4.324;24;0.5710559814230359;1702;0.4580096189419164;10.577295322691747;6;2.05;0.05;2
2000;4401;2.2005;21;2.2005;9;4.401;23;0.5599187373583243;1757;0.42960009763638585;8.405453504824415;7;2.05;0.05;2
2000;3950;1.975;20;1.975;7;3.95;21;0.5604101131211536;1689;0.45276554087126775;12.043915121381279;8;2.05;0.05;2
2000;4452;2.226;23;2.226;9;4.452;25;0.5796095077781731;1729;0.4612984010787902;10.50742369861237;9;2.05;0.05;2
2000;4860;2.43;33;2.43;9;4.86;34;0.5928806626289668;1772;0.43247815054976035;7.840193223810686;0;2.05;0.15;2
2000;4606;2.303;40;2.303;8;4.606;40;0.6113368584505161;1753;0.42874646880637146;9.314233773229194;1;2.05;0.15;2
2000;4721;2.3605;42;2.3605;9;4.721;42;0.5875630632570842;1760;0.4088418666162857;7.785281264696096;2;2.05;0.15;2
2000;5039;2.5195;42;2.5195;10;5.039;42;0.6003955570477103;1767;0.4096561432779791;6.83735469154258;3;2.05;0.15;2
2000;5084;2.542;36;2.542;9;5.084;37;0.5989815716231308;1786;0.43373298768632534;8.058817343137541;4;2.05;0.15;2
2000;4866;2.433;42;2.433;9;4.866;43;0.600342256489999;1783;0.43693180067182347;8.687009396818427;5;2.05;0.15;2
2000;4817;2.4085;28;2.4085;10;4.817;30;0.5964623039140668;1765;0.44716013423668716;8.884069917951992;6;2.05;0.15;2
2000;4924;2.462;28;2.462;9;4.924;29;0.5782437144075985;1805;0.4235588198987779;7.591045931581519;7;2.05;0.15;2
2000;4401;2.2005;25;2.2005;8;4.401;26;0.5762368855182878;1737;0.44466750313676284;10.670468194251796;8;2.05;0.15;2
2000;4956;2.478;27;2.478;9;4.956;28;0.5977467314327671;1773;0.4571599045346062;9.48300745368881;9;2.05;0.15;2
2000;5558;2.779;51;2.779;9;5.558;51;0.6158832975629174;1829;0.40176245876020145;6.50206652135015;0;2.05;0.25;2
2000;5179;2.5895;54;2.5895;9;5.179;55;0.6272227837508207;1798;0.4036663203206175;8.816319110167216;1;2.05;0.25;2
2000;5409;2.7045;74;2.7045;10;5.409;74;0.6106050494727723;1817;0.37659931934691765;6.554513866842406;2;2.05;0.25;2
2000;5767;2.8835;57;2.8835;10;5.767;57;0.6323824536994932;1823;0.38984938384299406;6.056408867029295;3;2.05;0.25;2
2000;5819;2.9095;74;2.9095;12;5.819;74;0.6224858543768359;1845;0.3989717128220358;6.572464609670658;4;2.05;0.25;2
2000;5522;2.761;68;2.761;9;5.522;68;0.6171692808726918;1843;0.4036729187519039;7.304091233443009;5;2.05;0.25;2
2000;5450;2.725;41;2.725;10;5.45;41;0.6188943555341597;1819;0.4254341997901853;7.528963619538737;6;2.05;0.25;2
2000;5607;2.8035;41;2.8035;10;5.607;42;0.606033635484678;1850;0.4000481484723803;6.912226059547022;7;2.05;0.25;2
2000;4951;2.4755;37;2.4755;8;4.951;38;0.6060893634232923;1797;0.429771087335158;9.573964559771152;8;2.05;0.25;2
2000;5558;2.779;49;2.779;10;5.558;49;0.6192773155933736;1825;0.4374077582219089;7.763173789148577;9;2.05;0.25;2
2000;6448;3.224;90;3.224;11;6.448;90;0.6441783790551214;1878;0.3582645654513841;5.7520127610208815;0;2.05;0.35;2
2000;5976;2.988;109;2.988;10;5.976;109;0.6512801998692862;1863;0.3491543832428239;7.3144947071151325;1;2.05;0.35;2
2000;6360;3.18;151;3.18;10;6.36;151;0.6403784498956422;1877;0.31003210373127804;5.232277181748669;2;2.05;0.35;2
2000;6700;3.35;85;3.35;11;6.7;85;0.6624246817048188;1874;0.35390167000347666;5.278360548464746;3;2.05;0.35;2
2000;6802;3.401;173;3.401;12;6.802;173;0.6522791428575745;1903;0.3196062311150023;5.046394562787548;4;2.05;0.35;2
2000;6415;3.2075;109;3.2075;10;6.415;109;0.6445593180829389;1893;0.3502465078060805;6.284310998735777;5;2.05;0.35;2
2000;6307;3.1535;75;3.1535;11;6.307;75;0.6418305511417188;1881;0.3926666981265632;6.251888705208012;6;2.05;0.35;2
2000;6497;3.2485;62;3.2485;10;6.497;63;0.6353943992321041;1908;0.3735025606769094;6.006718503784454;7;2.05;0.35;2
2000;5694;2.847;63;2.847;9;5.694;64;0.6316229385108282;1863;0.3934189002139172;7.383824254072815;8;2.05;0.35;2
2000;6319;3.1595;87;3.1595;11;6.319;87;0.6402268296004611;1872;0.39005239509784895;6.606355975818492;9;2.05;0.35;2
2000;7598;3.799;162;3.799;12;7.598;162;0.676300272323163;1924;0.29692816446870396;4.806984601100263;0;2.05;0.45;2
2000;7099;3.5495;214;3.5495;10;7.099;214;0.6807297470494824;1915;0.26764847899565425;5.878176609859293;1;2.05;0.45;2
2000;7689;3.8445;319;3.8445;10;7.689;319;0.6842693364308827;1927;0.2237856626671524;4.082027424975983;2;2.05;0.45;2
2000;7983;3.9915;123;3.9915;12;7.983;123;0.6888092815277463;1919;0.3078383864841857;4.603071058287243;3;2.05;0.45;2
2000;8198;4.099;377;4.099;13;8.198;377;0.6831337699786867;1939;0.21584184456231095;3.9756919428591835;4;2.05;0.45;2
2000;7595;3.7975;186;3.7975;11;7.595;186;0.6725584630052077;1933;0.2795382099607388;4.887083270919303;5;2.05;0.45;2
2000;7399;3.6995;131;3.6995;11;7.399;131;0.6678734294300168;1925;0.3436912041392286;5.312288860008036;6;2.05;0.45;2
2000;7588;3.794;95;3.794;11;7.588;96;0.6699041283355421;1945;0.3389019428047453;5.3136175474055785;7;2.05;0.45;2
2000;6585;3.2925;106;3.2925;9;6.585;107;0.6573463210656728;1915;0.35208578739997565;6.335398573928509;8;2.05;0.45;2
2000;7456;3.728;175;3.728;12;7.456;175;0.6609897901274651;1917;0.3112844705507747;5.247121738398115;9;2.05;0.45;2
2000;9187;4.5935;297;4.5935;14;9.187;297;0.7103544109570129;1968;0.23320938308816302;4.000927741399583;0;2.05;0.55;2
2000;8659;4.3295;451;4.3295;12;8.659;451;0.710833678031199;1949;0.17101134443639873;4.15207943446799;1;2.05;0.55;2
2000;9698;4.849;680;4.849;13;9.698;680;0.7312536548158887;1969;0.13379839690364423;3.251746299682087;2;2.05;0.55;2
2000;9766;4.883;205;4.883;15;9.766;205;0.7240788809909519;1960;0.2513605044960878;3.9071164524134097;3;2.05;0.55;2
2000;10296;5.148;852;5.148;15;10.296;852;0.7316748096599223;1976;0.11247567097712914;3.09302080725269;4;2.05;0.55;2
2000;9368;4.684;351;4.684;13;9.368;351;0.7056253138470435;1970;0.199937835373039;3.855555527511995;5;2.05;0.55;2
2000;8933;4.4665;227;4.4665;14;8.933;227;0.702322964683949;1959;0.2828465772087843;4.5309268661422415;6;2.05;0.55;2
2000;9137;4.5685;144;4.5685;14;9.137;144;0.7012676105236775;1973;0.29146371029953055;4.561480999053691;7;2.05;0.55;2
2000;7799;3.8995;172;3.8995;11;7.799;173;0.6817007303853294;1958;0.28952467710930807;5.2870040125393745;8;2.05;0.55;2
2000;8984;4.492;370;4.492;14;8.984;370;0.7055228462029329;1966;0.2118371552114391;4.03065298327767;9;2.05;0.55;2
2000;11528;5.764;547;5.764;15;11.528;547;0.7404335814603276;1985;0.16494393691076964;3.213408413902017;0;2.05;0.65;2
2000;11063;5.5315;889;5.5315;17;11.063;889;0.7507542549750645;1988;0.10024547407180116;3.2098024012006;1;2.05;0.65;2
2000;12772;6.386;1486;6.386;17;12.772;1486;0.7778887790312963;1996;0.06871930347012052;2.4442111055527764;2;2.05;0.65;2
2000;12382;6.191;352;6.191;16;12.382;352;0.7639483445535307;1988;0.19379674075380401;3.3340135067533767;3;2.05;0.65;2
2000;13536;6.768;1690;6.768;18;13.536;1690;0.7806942544865828;1994;0.05922203188230275;2.206567283641821;4;2.05;0.65;2
2000;11938;5.969;656;5.969;15;11.938;656;0.7453566691182154;1989;0.12620790171890325;3.045533090499569;5;2.05;0.65;2
2000;10890;5.445;379;5.445;15;10.89;379;0.7367777896715714;1981;0.21869917576728196;3.6627300670444543;6;2.05;0.65;2
2000;11325;5.6625;254;5.6625;15;11.325;254;0.7347644826945305;1991;0.23886923979412697;4.0170456084929;7;2.05;0.65;2
2000;9367;4.6835;308;4.6835;12;9.367;308;0.7151777086335339;1978;0.21702286601379664;4.263691834047368;8;2.05;0.65;2
2000;11190;5.595;704;5.595;15;11.19;704;0.733925991624555;1989;0.1293039499110133;3.1162248726903066;9;2.05;0.65;2
2000;15097;7.5485;1060;7.5485;18;15.097;1060;0.7812327783676472;1996;0.10825717791344244;2.6192381662482873;0;2.05;0.75;2
2000;14860;7.43;1705;7.43;20;14.86;1705;0.7981872212171307;1997;0.056203501982233395;2.251206103051526;1;2.05;0.75;2
2000;16710;8.355;1999;8.355;18;16.71;1999;0.8160757928312469;2000;0.05934949936508743;1.9916408204102052;2;2.05;0.75;2
2000;16304;8.152;630;8.152;18;16.304;630;0.7974619784362632;1997;0.14116959883395655;2.792925962981491;3;2.05;0.75;2
2000;17337;8.6685;1999;8.6685;20;17.337;1999;0.813734030384901;2000;0.05417331895224854;1.9913271635817908;4;2.05;0.75;2
2000;15926;7.963;1238;7.963;18;15.926;1238;0.7932508693461673;1995;0.07452127735242375;2.3587388694347173;5;2.05;0.75;2
2000;13673;6.8365;679;6.8365;17;13.673;679;0.7651951365973253;1996;0.15815102887431262;3.0582041020510253;6;2.05;0.75;2
2000;14352;7.176;439;7.176;16;14.352;439;0.7620820889547762;1998;0.18667433987813134;3.458431715857929;7;2.05;0.75;2
2000;11616;5.808;541;5.808;14;11.616;541;0.7447767340089858;1994;0.15422846365207707;3.46651775887944;8;2.05;0.75;2
2000;14611;7.3055;1438;7.3055;17;14.611;1438;0.7756931962447094;1999;0.06921405512206243;2.31962377585189;9;2.05;0.75;2
2000;20335;10.1675;1857;10.1675;20;20.335;1857;0.8156272547351116;2000;0.07350107398969093;2.056074537268634;0;2.05;0.85;2
2000;19253;9.6265;1999;9.6265;23;19.253;1999;0.8280013197107189;2000;0.049384763128622854;1.990368684342171;1;2.05;0.85;2
2000;21989;10.9945;1999;10.9945;21;21.989;1999;0.8364139598197903;2000;0.06222396753812346;1.989;2;2.05;0.85;2
2000;22112;11.056;1160;11.056;21;22.112;1160;0.8221544850993876;2000;0.09930604675491414;2.274804902451226;3;2.05;0.85;2
2000;21718;10.859;1999;10.859;22;21.718;1999;0.8253652782764921;2000;0.06134138163063753;1.989135567783892;4;2.05;0.85;2
2000;21680;10.84;1950;10.84;21;21.68;1950;0.8325827459289179;2000;0.05051374608951742;1.9922736368184093;5;2.05;0.85;2
2000;17941;8.9705;1243;8.9705;19;17.941;1243;0.7920326520720012;2000;0.10606649349674702;2.4472756378189096;6;2.05;0.85;2
2000;18645;9.3225;726;9.3225;21;18.645;726;0.7855487397088531;1999;0.14306283084004603;2.843250625312656;7;2.05;0.85;2
2000;14940;7.47;950;7.47;17;14.94;950;0.7684930645843812;1999;0.10420734555153534;2.800577788894447;8;2.05;0.85;2
2000;19051;9.5255;1988;9.5255;23;19.051;1988;0.807099157006233;2000;0.05287111528480575;1.9909789894947474;9;2.05;0.85;2
2000;27319;13.6595;1999;13.6595;24;27.319;1999;0.8219285237835248;2000;0.06412692569929646;1.9863336668334166;0;2.05;0.95;2
2000;24473;12.2365;1999;12.2365;25;24.473;1999;0.8260497336932947;2000;0.05337275704678596;1.9877573786893448;1;2.05;0.95;2
2000;29149;14.5745;1999;14.5745;26;29.149;1999;0.8293614116430186;2000;0.0624354715978138;1.9854182091045522;2;2.05;0.95;2
2000;30858;15.429;1855;15.429;27;30.858;1855;0.8269138793185948;2000;0.07234139203768636;1.9858029014507255;3;2.05;0.95;2
2000;27372;13.686;1999;13.686;26;27.372;1999;0.8130044678551007;2000;0.07241399049745263;1.9863071535767884;4;2.05;0.95;2
2000;27446;13.723;1999;13.723;24;27.446;1999;0.8338411376124282;2000;0.05284033489615848;1.9862701350675338;5;2.05;0.95;2
2000;23935;11.9675;1922;11.9675;23;23.935;1922;0.7967870782672093;2000;0.07746985599672762;2.0132686343171584;6;2.05;0.95;2
2000;24991;12.4955;1227;12.4955;24;24.991;1227;0.7797954344276611;2000;0.10316940998297056;2.3065022511255626;7;2.05;0.95;2
2000;19903;9.9515;1616;9.9515;21;19.903;1616;0.7839615379821687;2000;0.06768529352537113;2.1404462231115557;8;2.05;0.95;2
2000;23587;11.7935;1999;11.7935;25;23.587;1999;0.8062180638087447;2000;0.05734511498664607;1.98820060030015;9;2.05;0.95;2
2000;4793;2.3965;27;2.3965;8;4.793;28;0.576487912365082;1774;0.44931394634446037;8.963683043037259;0;2.25;0.05;2
2000;4499;2.2495;26;2.2495;8;4.499;27;0.596013580664348;1755;0.4482878297084683;10.621004983930582;1;2.25;0.05;2
2000;4634;2.317;28;2.317;9;4.634;29;0.5636949889142583;1775;0.42662956223910947;8.314352822235486;2;2.25;0.05;2
2000;4856;2.428;31;2.428;9;4.856;31;0.5766978427461741;1765;0.4250325156528841;7.197806245136896;3;2.25;0.05;2
2000;4962;2.481;24;2.481;10;4.962;27;0.5860188960063857;1783;0.45314443466917453;8.805749802461627;4;2.25;0.05;2
2000;4785;2.3925;26;2.3925;9;4.785;29;0.57990194257819;1783;0.4577505727866498;9.036122698823645;5;2.25;0.05;2
2000;4734;2.367;23;2.367;10;4.734;26;0.5740460947921169;1777;0.45757450331125826;9.338917460185263;6;2.25;0.05;2
2000;4827;2.4135;26;2.4135;9;4.827;27;0.5716434510902646;1809;0.4316336799731634;7.89180762761695;7;2.25;0.05;2
2000;4390;2.195;21;2.195;7;4.39;22;0.5583958204961142;1760;0.4550606570441867;11.268157537222857;8;2.25;0.05;2
2000;4866;2.433;23;2.433;9;4.866;25;0.5804793031943583;1779;0.46184440276789757;10.089985077999229;9;2.25;0.05;2
2000;5329;2.6645;34;2.6645;9;5.329;35;0.5895252338503837;1818;0.4302352849214414;7.55296798370921;0;2.25;0.15;2
2000;5046;2.523;41;2.523;8;5.046;41;0.6136974247032976;1799;0.4322576970180285;8.949735012356665;1;2.25;0.15;2
2000;5221;2.6105;42;2.6105;10;5.221;42;0.5860544442204471;1822;0.4094362777096008;7.205600243536545;2;2.25;0.15;2
2000;5538;2.769;45;2.769;10;5.538;45;0.6045696228958829;1817;0.4074977532417512;6.389346118734189;3;2.25;0.15;2
2000;5610;2.805;40;2.805;11;5.61;41;0.5987587296721743;1844;0.43253234750462105;7.608253183164934;4;2.25;0.15;2
2000;5356;2.678;44;2.678;9;5.356;45;0.5957177844379381;1827;0.43907141755360174;7.906424475504278;5;2.25;0.15;2
2000;5309;2.6545;30;2.6545;10;5.309;32;0.5991486000214383;1817;0.44556783446978604;7.8166018528918215;6;2.25;0.15;2
2000;5400;2.7;33;2.7;9;5.4;34;0.5851510014434333;1843;0.4219072099356119;7.235713266391635;7;2.25;0.15;2
2000;4873;2.4365;26;2.4365;8;4.873;27;0.5854032155466427;1799;0.4484844319197196;10.27230406526524;8;2.25;0.15;2
2000;5388;2.694;33;2.694;10;5.388;33;0.5946603046208309;1821;0.4560685315745584;8.980635507338807;9;2.25;0.15;2
2000;6077;3.0385;58;3.0385;9;6.077;58;0.6138428632472016;1872;0.3992770471554167;6.23037532753535;0;2.25;0.25;2
2000;5682;2.841;64;2.841;10;5.682;65;0.6276964294083488;1846;0.4018250857422832;7.813789014270379;1;2.25;0.25;2
2000;5984;2.992;81;2.992;10;5.984;81;0.6158666283916858;1863;0.37664210470780646;6.047420623150555;2;2.25;0.25;2
2000;6334;3.167;60;3.167;11;6.334;60;0.6362669855322344;1863;0.3886727913910793;5.675109908293561;3;2.25;0.25;2
2000;6371;3.1855;85;3.1855;12;6.371;85;0.6221481410746724;1887;0.3943233654333502;6.12957860212915;4;2.25;0.25;2
2000;6072;3.036;71;3.036;10;6.072;71;0.6159051409023553;1881;0.4069602272727273;6.790746724130866;5;2.25;0.25;2
2000;6008;3.004;43;3.004;10;6.008;43;0.6209357850289664;1869;0.4250439554069981;6.702161817326896;6;2.25;0.25;2
2000;6169;3.0845;46;3.0845;11;6.169;47;0.6101957640974343;1890;0.4020310633213859;6.478470221951466;7;2.25;0.25;2
2000;5494;2.747;41;2.747;8;5.494;42;0.6055082349340761;1859;0.4311235526148365;8.09944189093243;8;2.25;0.25;2
2000;6053;3.0265;53;3.0265;11;6.053;53;0.6161159415957692;1863;0.4344042838018742;7.14052910818066;9;2.25;0.25;2
2000;7043;3.5215;100;3.5215;12;7.043;100;0.6443301806521402;1904;0.3599497306166145;5.420413163651175;0;2.25;0.35;2
2000;6577;3.2885;117;3.2885;10;6.577;117;0.6531402992909411;1901;0.3504879643997589;6.41078519270824;1;2.25;0.35;2
2000;7021;3.5105;157;3.5105;10;7.021;157;0.6454590190038793;1910;0.3147232944554847;4.938868031194735;2;2.25;0.35;2
2000;7323;3.6615;89;3.6615;11;7.323;89;0.6650845221818987;1894;0.35456951359243977;5.109327349884348;3;2.25;0.35;2
2000;7487;3.7435;183;3.7435;12;7.487;183;0.6583649428848004;1924;0.3240710160580554;4.8096176009046285;4;2.25;0.35;2
2000;7033;3.5165;117;3.5165;10;7.033;117;0.6456544755510539;1924;0.34980528305334446;5.596860846208946;5;2.25;0.35;2
2000;6932;3.466;77;3.466;11;6.932;77;0.6401558578482109;1914;0.39134706067274444;5.753189880563619;6;2.25;0.35;2
2000;7130;3.565;68;3.565;11;7.13;69;0.6377922497046863;1926;0.3759638196915777;5.724016505154938;7;2.25;0.35;2
2000;6253;3.1265;71;3.1265;9;6.253;72;0.6379547500534778;1897;0.3915971610630472;6.781971239131737;8;2.25;0.35;2
2000;6965;3.4825;97;3.4825;12;6.965;97;0.6371166694982303;1906;0.38987992291347534;6.084112583218525;9;2.25;0.35;2
2000;8357;4.1785;176;4.1785;13;8.357;176;0.6803138195209005;1952;0.3001054467560201;4.608091275283;0;2.25;0.45;2
2000;7776;3.888;236;3.888;11;7.776;236;0.6774489243670792;1943;0.26965082503334664;4.93844369374402;1;2.25;0.45;2
2000;8482;4.241;353;4.241;11;8.482;353;0.6870262698346019;1946;0.22269935952866;3.8906620961086777;2;2.25;0.45;2
2000;8736;4.368;136;4.368;12;8.736;136;0.6888655209101806;1946;0.30747619885560334;4.388414766193798;3;2.25;0.45;2
2000;8989;4.4945;415;4.4945;15;8.989;415;0.6850637100807297;1963;0.21473340324272;3.9167322996268803;4;2.25;0.45;2
2000;8362;4.181;200;4.181;12;8.362;200;0.6730502382960737;1957;0.28453354380426205;4.673584841202706;5;2.25;0.45;2
2000;8151;4.0755;145;4.0755;13;8.151;145;0.6703713940684453;1942;0.34335232093079626;5.020354109292087;6;2.25;0.45;2
2000;8326;4.163;102;4.163;12;8.326;103;0.6743837917793729;1963;0.34034710246958505;4.990930021769566;7;2.25;0.45;2
2000;7223;3.6115;110;3.6115;10;7.223;111;0.6542587732143703;1943;0.35273937705920316;5.95472889891946;8;2.25;0.45;2
2000;8165;4.0825;192;4.0825;13;8.165;192;0.6682563328236143;1943;0.3126577029316053;4.932067185273437;9;2.25;0.45;2
2000;10070;5.035;321;5.035;14;10.07;321;0.7056465529257687;1973;0.23413107056061291;3.830140829571434;0;2.25;0.55;2
2000;9491;4.7455;491;4.7455;13;9.491;491;0.7059557410272274;1968;0.17250563118899545;3.8961542487659937;1;2.25;0.55;2
2000;10673;5.3365;752;5.3365;15;10.673;752;0.7304249614080904;1984;0.13334205588046047;3.1302549419725185;2;2.25;0.55;2
2000;10734;5.367;227;5.367;15;10.734;227;0.727642309901021;1974;0.25038821747894946;3.73798050844393;3;2.25;0.55;2
2000;11304;5.652;926;5.652;17;11.304;926;0.7304356499115279;1985;0.11387229519920579;2.955373905706149;4;2.25;0.55;2
2000;10287;5.1435;373;5.1435;14;10.287;373;0.708168110533948;1981;0.2016420088235041;3.6729910107061463;5;2.25;0.55;2
2000;9771;4.8855;250;4.8855;15;9.771;250;0.7063919088771399;1971;0.2812085323030538;4.227538497309038;6;2.25;0.55;2
2000;10045;5.0225;159;5.0225;15;10.045;159;0.7054348881723677;1982;0.2909360962179394;4.363392784567633;7;2.25;0.55;2
2000;8590;4.295;192;4.295;12;8.59;193;0.6811583267116145;1969;0.2873634471721625;4.806749703713887;8;2.25;0.55;2
2000;9842;4.921;399;4.921;15;9.842;399;0.7006636109998041;1976;0.21615203482466103;3.854472353227759;9;2.25;0.55;2
2000;12635;6.3175;600;6.3175;15;12.635;600;0.7425232645594607;1990;0.16441421458421995;3.0885123186160195;0;2.25;0.65;2
2000;12139;6.0695;951;6.0695;19;12.139;951;0.7490078173588386;1993;0.10282863508669961;3.0394937468734367;1;2.25;0.65;2
2000;14014;7.007;1580;7.007;18;14.014;1580;0.7791365599744206;1999;0.07168661146627585;2.34611755877939;2;2.25;0.65;2
2000;13608;6.804;395;6.804;18;13.608;395;0.7661154523291664;1994;0.19326096095503614;3.2067493746873437;3;2.25;0.65;2
2000;14789;7.3945;1781;7.3945;18;14.789;1781;0.7800488804126096;1997;0.06258638906978908;2.1347578789394697;4;2.25;0.65;2
2000;13103;6.5515;706;6.5515;16;13.103;706;0.7436210490528847;1992;0.125576908343198;2.918857243781504;5;2.25;0.65;2
2000;11933;5.9665;419;5.9665;16;11.933;419;0.7343319973262548;1986;0.22016579822180712;3.482007503751876;6;2.25;0.65;2
2000;12430;6.215;275;6.215;16;12.43;275;0.7349832156253978;1994;0.23853349213597397;3.7872054145190712;7;2.25;0.65;2
2000;10273;5.1365;337;5.1365;12;10.273;337;0.7140840806520123;1986;0.21792505166445517;3.9424577153441587;8;2.25;0.65;2
2000;12287;6.1435;766;6.1435;16;12.287;766;0.7333164804684303;1995;0.12908744596644503;2.9572293654334674;9;2.25;0.65;2
2000;16572;8.286;1160;8.286;19;16.572;1160;0.7816059324671998;1998;0.10784899718076145;2.5261738823581306;0;2.25;0.75;2
2000;16222;8.111;1785;8.111;22;16.222;1785;0.7969636570422796;1998;0.05884418479692153;2.178920460230115;1;2.25;0.75;2
2000;18146;9.073;1999;9.073;18;18.146;1999;0.8143014180295103;2000;0.06505786508520521;1.9909224612306153;2;2.25;0.75;2
2000;17916;8.958;698;8.958;19;17.916;698;0.7966195577736116;2000;0.1405109640089161;2.687901950975488;3;2.25;0.75;2
2000;18812;9.406;1999;9.406;21;18.812;1999;0.8110346989725451;2000;0.05915134623252741;1.9905892946473236;4;2.25;0.75;2
2000;17435;8.7175;1344;8.7175;18;17.435;1344;0.7923569716157045;1999;0.07523133373266429;2.280688344172086;5;2.25;0.75;2
2000;15029;7.5145;747;7.5145;18;15.029;747;0.7660288067420723;1998;0.1573162511234646;2.881526263131566;6;2.25;0.75;2
2000;15764;7.882;473;7.882;17;15.764;473;0.7646114400782984;1999;0.18796437489332024;3.255029514757379;7;2.25;0.75;2
2000;12759;6.3795;600;6.3795;15;12.759;600;0.7468314068157328;1995;0.15540021184993819;3.3091345672836416;8;2.25;0.75;2
2000;15985;7.9925;1549;7.9925;20;15.985;1549;0.7746755672301567;1999;0.07069576467067928;2.234072491701306;9;2.25;0.75;2
2000;22194;11.097;1902;11.097;21;22.194;1902;0.8135311097324783;2000;0.0768849807148298;2.026448224112056;0;2.25;0.85;2
2000;20843;10.4215;1999;10.4215;24;20.843;1999;0.8238642768609421;2000;0.053870844686064;1.9895732866433216;1;2.25;0.85;2
2000;23859;11.9295;1999;11.9295;23;23.859;1999;0.835590674318476;2000;0.06665513944478046;1.988064532266133;2;2.25;0.85;2
2000;24318;12.159;1297;12.159;22;24.318;1297;0.8221374526129014;2000;0.0987845271478402;2.1871810905452724;3;2.25;0.85;2
2000;23403;11.7015;1999;11.7015;23;23.403;1999;0.8222863671827404;2000;0.06768633797338044;1.9882926463231616;4;2.25;0.85;2
2000;23450;11.725;1979;11.725;22;23.45;1979;0.831001087014607;2000;0.05373823481247273;1.98903951975988;5;2.25;0.85;2
2000;19714;9.857;1346;9.857;21;19.714;1346;0.7909883670299842;2000;0.10756162384699568;2.365967483741871;6;2.25;0.85;2
2000;20408;10.204;785;10.204;21;20.408;785;0.785531747905846;2000;0.14447381142735455;2.694017008504252;7;2.25;0.85;2
2000;16407;8.2035;1033;8.2035;17;16.407;1033;0.7696710433297447;2000;0.10526387045316082;2.657501250625313;8;2.25;0.85;2
2000;20569;10.2845;1998;10.2845;23;20.569;1998;0.8045402446417433;2000;0.05755617028407233;1.9897393696848424;9;2.25;0.85;2
2000;29695;14.8475;1999;14.8475;27;29.695;1999;0.823763421308902;2000;0.06648014525524337;1.985145072536268;0;2.25;0.95;2
2000;26503;13.2515;1999;13.2515;28;26.503;1999;0.8237194299237335;2000;0.057709252055013975;1.9867418709354678;1;2.25;0.95;2
2000;31681;15.8405;1999;15.8405;28;31.681;1999;0.8296821861493067;2000;0.0662753508917729;1.984151575787894;2;2.25;0.95;2
2000;33533;16.7665;1908;16.7665;29;33.533;1908;0.8264587619996246;2000;0.07576009333859457;1.9833351675837918;3;2.25;0.95;2
2000;29667;14.8335;1999;14.8335;29;29.667;1999;0.8086972703258658;2000;0.07798623408133404;1.9851590795397698;4;2.25;0.95;2
2000;29457;14.7285;1999;14.7285;26;29.457;1999;0.8300507061176374;2000;0.05762258124006961;1.985264132066033;5;2.25;0.95;2
2000;26153;13.0765;1962;13.0765;25;26.153;1962;0.7930417766653075;2000;0.0807512158422907;1.9966503251625813;6;2.25;0.95;2
2000;27490;13.745;1340;13.745;24;27.49;1340;0.7801013845125858;2000;0.10359508984883646;2.2069074537268634;7;2.25;0.95;2
2000;21784;10.892;1723;10.892;25;21.784;1723;0.7856694811644778;2000;0.06980124778253671;2.0825717858929464;8;2.25;0.95;2
2000;25456;12.728;1999;12.728;26;25.456;1999;0.8016440693949728;2000;0.06245009632156892;1.9872656328164082;9;2.25;0.95;2
2000;5172;2.586;28;2.586;9;5.172;29;0.5767645447685981;1825;0.4495850256048031;8.178483424878374;0;2.45;0.05;2
2000;4910;2.455;26;2.455;8;4.91;28;0.5955183206448365;1797;0.44972790878465924;9.814424881873462;1;2.45;0.05;2
2000;5044;2.522;32;2.522;10;5.044;33;0.5654789572941421;1822;0.42975953715422166;7.868344110049726;2;2.45;0.05;2
2000;5305;2.6525;34;2.6525;10;5.305;34;0.5795948337647363;1808;0.4247029077117573;6.995128282495043;3;2.45;0.05;2
2000;5393;2.6965;24;2.6965;11;5.393;27;0.5820992150567875;1824;0.4517614194816616;8.21435564133569;4;2.45;0.05;2
2000;5218;2.609;29;2.609;9;5.218;30;0.5727234621389267;1829;0.45856113859238046;8.257879411327353;5;2.45;0.05;2
2000;5141;2.5705;25;2.5705;10;5.141;28;0.5832745213900113;1807;0.45789012273524254;8.450943510369427;6;2.45;0.05;2
2000;5245;2.6225;26;2.6225;10;5.245;27;0.5701438082930848;1848;0.4332745778131574;7.5498720624412075;7;2.45;0.05;2
2000;4785;2.3925;21;2.3925;8;4.785;22;0.5641673400175741;1803;0.45603560170591506;10.598253605984487;8;2.45;0.05;2
2000;5281;2.6405;23;2.6405;9;5.281;25;0.5819486605668248;1824;0.4639132707811683;9.47967267892075;9;2.45;0.05;2
2000;5824;2.912;38;2.912;9;5.824;38;0.6018152223358858;1867;0.4272238365789131;6.862053575241951;0;2.45;0.15;2
2000;5463;2.7315;43;2.7315;9;5.463;43;0.6077210767652244;1838;0.4279544179009785;8.230952527347222;1;2.45;0.15;2
2000;5676;2.838;48;2.838;10;5.676;48;0.5928408270321078;1856;0.4086175074705572;6.667428333468387;2;2.45;0.15;2
2000;6064;3.032;50;3.032;11;6.064;50;0.6144991773830576;1850;0.41074430415966234;6.177132019496816;3;2.45;0.15;2
2000;6064;3.032;42;3.032;11;6.064;43;0.5975785038135369;1876;0.4331526215972874;6.985330211844095;4;2.45;0.15;2
2000;5826;2.913;46;2.913;10;5.826;46;0.5985436174476519;1865;0.4372781709308655;7.057497532040367;5;2.45;0.15;2
2000;5781;2.8905;32;2.8905;10;5.781;33;0.6034210200070167;1857;0.44419513928999865;7.1465616635895275;6;2.45;0.15;2
2000;5904;2.952;35;2.952;10;5.904;36;0.5899664676161259;1880;0.4215383303851154;6.794454583468896;7;2.45;0.15;2
2000;5313;2.6565;28;2.6565;8;5.313;29;0.5862467489609313;1847;0.4476061296932268;9.272901015072753;8;2.45;0.15;2
2000;5861;2.9305;38;2.9305;11;5.861;38;0.597362165343223;1859;0.4586456531488244;7.86616225452707;9;2.45;0.15;2
2000;6623;3.3115;58;3.3115;10;6.623;58;0.6187557366634571;1904;0.40405486537662216;6.026519431693081;0;2.45;0.25;2
2000;6188;3.094;72;3.094;10;6.188;72;0.6278777042360193;1883;0.4005092015105172;7.101067510078529;1;2.45;0.25;2
2000;6511;3.2555;87;3.2555;10;6.511;87;0.6204818298634902;1893;0.3732428717130061;5.548111989099109;2;2.45;0.25;2
2000;6849;3.4245;63;3.4245;11;6.849;63;0.6418659019156998;1891;0.39061379373296645;5.571093155630191;3;2.45;0.25;2
2000;6965;3.4825;94;3.4825;12;6.965;94;0.6268409051305562;1918;0.3916044585335924;5.704883182074305;4;2.45;0.25;2
2000;6633;3.3165;77;3.3165;10;6.633;77;0.6182310844943804;1910;0.40269250011370356;6.151208445439939;5;2.45;0.25;2
2000;6569;3.2845;48;3.2845;10;6.569;48;0.6241719221162093;1906;0.4208775951696749;6.239499196009141;6;2.45;0.25;2
2000;6728;3.364;53;3.364;11;6.728;54;0.615356696533011;1917;0.4034655722754218;6.058077582559967;7;2.45;0.25;2
2000;5972;2.986;45;2.986;9;5.972;46;0.6049884264355149;1891;0.42908770193817625;7.566227491297536;8;2.45;0.25;2
2000;6584;3.292;56;3.292;11;6.584;56;0.6159035475823729;1900;0.4372289593616451;6.814995337206509;9;2.45;0.25;2
2000;7655;3.8275;111;3.8275;12;7.655;111;0.6471269499265635;1937;0.35877817494313313;5.204163744246886;0;2.45;0.35;2
2000;7144;3.572;125;3.572;10;7.144;125;0.6493464782504467;1934;0.35345743806633284;6.033515096718326;1;2.45;0.35;2
2000;7648;3.824;175;3.824;11;7.648;175;0.6483942693817657;1935;0.316291902088163;4.764918096275515;2;2.45;0.35;2
2000;7960;3.98;94;3.98;12;7.96;94;0.6678232814152445;1926;0.3572904330085841;4.87728038480577;3;2.45;0.35;2
2000;8140;4.07;192;4.07;13;8.14;192;0.6536995836217467;1947;0.3275985553845451;4.6090561181043235;4;2.45;0.35;2
2000;7677;3.8385;125;3.8385;11;7.677;125;0.6501225115919799;1942;0.35126255873476714;5.350714319826104;5;2.45;0.35;2
2000;7547;3.7735;82;3.7735;11;7.547;82;0.6452700968677255;1937;0.3896815959836174;5.4978759488463025;6;2.45;0.35;2
2000;7739;3.8695;74;3.8695;12;7.739;75;0.6405390948316334;1940;0.3752099533437014;5.366074569027996;7;2.45;0.35;2
2000;6842;3.421;81;3.421;9;6.842;82;0.6314022196295279;1932;0.39196219543917454;6.451077967196564;8;2.45;0.35;2
2000;7544;3.772;104;3.772;13;7.544;104;0.6386082862812695;1931;0.3904139892552407;5.709296633562095;9;2.45;0.35;2
2000;9040;4.52;194;4.52;13;9.04;194;0.6802541349850234;1966;0.30035355710173833;4.368008956482604;0;2.45;0.45;2
2000;8438;4.219;257;4.219;13;8.438;257;0.6730498344901653;1959;0.267765089910176;4.6372571532621505;1;2.45;0.45;2
2000;9262;4.631;388;4.631;12;9.262;388;0.6891609270828878;1971;0.22312807264692233;3.7412397805018545;2;2.45;0.45;2
2000;9511;4.7555;147;4.7555;13;9.511;147;0.6909788893259766;1958;0.3079584419850933;4.189619295604814;3;2.45;0.45;2
2000;9749;4.8745;448;4.8745;15;9.749;448;0.6845792224013264;1973;0.2153825528272505;3.7951083556741474;4;2.45;0.45;2
2000;9135;4.5675;221;4.5675;12;9.135;221;0.6769468003019585;1968;0.287092094565512;4.416100363281353;5;2.45;0.45;2
2000;8870;4.435;160;4.435;14;8.87;160;0.6742389700132322;1961;0.3433062914923958;4.795464113402717;6;2.45;0.45;2
2000;9064;4.532;112;4.532;14;9.064;113;0.6780277737730931;1971;0.3392841770685031;4.677655211234015;7;2.45;0.45;2
2000;7905;3.9525;114;3.9525;10;7.905;115;0.6504200381344398;1961;0.35411608497723823;5.54453864401981;8;2.45;0.45;2
2000;8890;4.445;210;4.445;15;8.89;210;0.6664828398102572;1959;0.31320273283334726;4.710474084614079;9;2.45;0.45;2
2000;10927;5.4635;350;5.4635;16;10.927;350;0.707384807580049;1982;0.2334110700591323;3.6765526270276356;0;2.45;0.55;2
2000;10357;5.1785;526;5.1785;14;10.357;526;0.7054711731277092;1982;0.17375681729763168;3.7333467668970926;1;2.45;0.55;2
2000;11617;5.8085;817;5.8085;17;11.617;817;0.7309358436170308;1994;0.13403089567004034;3.021900339559169;2;2.45;0.55;2
2000;11730;5.865;243;5.865;16;11.73;243;0.7271199401351297;1987;0.2494006407499785;3.5653726539615955;3;2.45;0.55;2
2000;12249;6.1245;995;6.1245;17;12.249;995;0.7317866853675573;1986;0.11465485778794343;2.8488832301193865;4;2.45;0.55;2
2000;11224;5.612;409;5.612;14;11.224;409;0.7083665354087831;1986;0.20094793788676635;3.5182746233688533;5;2.45;0.55;2
2000;10613;5.3065;270;5.3065;15;10.613;270;0.7051116624149996;1980;0.2811697542186354;3.9825832115358537;6;2.45;0.55;2
2000;10957;5.4785;176;5.4785;15;10.957;176;0.7057812423858079;1987;0.29245272239044734;4.149578722438012;7;2.45;0.55;2
2000;9302;4.651;208;4.651;12;9.302;209;0.6856377783428805;1977;0.29042124512485235;4.591659761915145;8;2.45;0.55;2
2000;10654;5.327;430;5.327;15;10.654;430;0.7030920035778665;1984;0.21764766732181648;3.6974978980981983;9;2.45;0.55;2
2000;13809;6.9045;645;6.9045;16;13.809;645;0.7427607746410908;1994;0.16635093203333953;3.0036893999870546;0;2.45;0.65;2
2000;13229;6.6145;1036;6.6145;20;13.229;1036;0.7473075977150461;1995;0.10265370438613139;2.9048669334667334;1;2.45;0.65;2
2000;15220;7.61;1677;7.61;18;15.22;1677;0.7781303752088515;2000;0.07384742108426814;2.2639319659829913;2;2.45;0.65;2
2000;14872;7.436;427;7.436;18;14.872;427;0.7641415031340822;1997;0.19369682591623036;3.0727388694347173;3;2.45;0.65;2
2000;15997;7.9985;1843;7.9985;19;15.997;1843;0.7812042193524404;1997;0.06651970851537907;2.0880580290145074;4;2.45;0.65;2
2000;14301;7.1505;759;7.1505;17;14.301;759;0.746752604568092;1993;0.12652491965908144;2.8216675905520328;5;2.45;0.65;2
2000;12960;6.48;446;6.48;17;12.96;446;0.736932028605934;1993;0.22275495427585248;3.3619294647323663;6;2.45;0.65;2
2000;13533;6.7665;300;6.7665;16;13.533;300;0.7368944575711541;1995;0.2393244705672104;3.632339693370209;7;2.45;0.65;2
2000;11189;5.5945;364;5.5945;13;11.189;364;0.7177711985662084;1990;0.21985080413436978;3.7650361717395233;8;2.45;0.65;2
2000;13387;6.6935;834;6.6935;16;13.387;834;0.7367781923550016;1998;0.12872808229955643;2.8557371778982583;9;2.45;0.65;2
2000;18047;9.0235;1256;9.0235;20;18.047;1256;0.7812143683540396;1998;0.10810511111344785;2.446053240996008;0;2.45;0.75;2
2000;17540;8.77;1846;8.77;23;17.54;1846;0.79623051378952;2000;0.06150330662474252;2.1219544772386194;1;2.45;0.75;2
2000;19598;9.799;1999;9.799;20;19.598;1999;0.8112066648221785;2000;0.0706405598347862;1.9901960980490245;2;2.45;0.75;2
2000;19506;9.753;749;9.753;19;19.506;749;0.7968929687975842;2000;0.14102111821344768;2.6054112056028016;3;2.45;0.75;2
2000;20219;10.1095;1999;10.1095;21;20.219;1999;0.808736216964661;2000;0.06392966262028404;1.9898854427213606;4;2.45;0.75;2
2000;18973;9.4865;1445;9.4865;20;18.973;1445;0.7942708222402718;2000;0.07605092697386985;2.206625312656328;5;2.45;0.75;2
2000;16393;8.1965;819;8.1965;20;16.393;819;0.7643913508339416;1998;0.15707528214718142;2.7764607303651827;6;2.45;0.75;2
2000;17216;8.608;514;8.608;18;17.216;514;0.7646408112004909;1999;0.18788532281054138;3.0849639819909953;7;2.45;0.75;2
2000;13894;6.947;643;6.947;16;13.894;643;0.7453665814658975;1997;0.1576241211767699;3.1855222611305654;8;2.45;0.75;2
2000;17412;8.706;1646;8.706;21;17.412;1646;0.7765612701686623;1999;0.07226265509956287;2.1663264064464665;9;2.45;0.75;2
2000;23932;11.966;1937;11.966;23;23.932;1937;0.8133994029030175;2000;0.08014910394611306;2.0063066533266634;0;2.45;0.85;2
2000;22389;11.1945;1999;11.1945;25;22.389;1999;0.8197028867284218;2000;0.0582842668559553;1.988799899949975;1;2.45;0.85;2
2000;25662;12.831;1999;12.831;24;25.662;1999;0.8327017751454016;2000;0.07091936919619232;1.9871625812906453;2;2.45;0.85;2
2000;26437;13.2185;1383;13.2185;24;26.437;1383;0.8230795171713411;2000;0.10011697455620597;2.1312121060530265;3;2.45;0.85;2
2000;25162;12.581;1999;12.581;25;25.162;1999;0.8189611470793886;2000;0.07432103368444515;1.9874127063531766;4;2.45;0.85;2
2000;25231;12.6155;1990;12.6155;23;25.231;1990;0.8294139309808214;2000;0.05741201036951789;1.9875807903951976;5;2.45;0.85;2
2000;21478;10.739;1457;10.739;21;21.478;1457;0.7923929500011491;2000;0.10821255566090535;2.284499249624812;6;2.45;0.85;2
2000;22223;11.1115;848;11.1115;21;22.223;848;0.7841118173995894;2000;0.14491160893230726;2.5975327663831917;7;2.45;0.85;2
2000;17906;8.953;1132;8.953;19;17.906;1132;0.7697696285531357;2000;0.1050628261796703;2.511655327663832;8;2.45;0.85;2
2000;22066;11.033;1999;11.033;23;22.066;1999;0.8013404413584029;2000;0.06240877068597775;1.9889614807403702;9;2.45;0.85;2
2000;32104;16.052;1999;16.052;29;32.104;1999;0.8230259909943354;2000;0.06836254059704001;1.9839399699849924;0;2.45;0.95;2
2000;28343;14.1715;1999;14.1715;29;28.343;1999;0.8222280039897327;2000;0.061444540075333426;1.9858214107053527;1;2.45;0.95;2
2000;34063;17.0315;1999;17.0315;30;34.063;1999;0.8273764385093056;2000;0.06962891886901028;1.982959979989995;2;2.45;0.95;2
2000;36305;18.1525;1946;18.1525;31;36.305;1946;0.8250532199044882;2000;0.07903008110357695;1.98183891945973;3;2.45;0.95;2
2000;32003;16.0015;1999;16.0015;30;32.003;1999;0.8050443906626007;2000;0.08313875959101653;1.9839904952476237;4;2.45;0.95;2
2000;31422;15.711;1999;15.711;30;31.422;1999;0.826873019400795;2000;0.062312190350793994;1.9842811405702852;5;2.45;0.95;2
2000;28336;14.168;1986;14.168;26;28.336;1986;0.7917584716496089;2000;0.08392228692551824;1.9889654827413707;6;2.45;0.95;2
2000;29962;14.981;1482;14.981;28;29.962;1482;0.7797730142917563;2000;0.10360296543875316;2.1360180090045024;7;2.45;0.95;2
2000;23521;11.7605;1784;11.7605;26;23.521;1784;0.7870191608034797;2000;0.07292104740942217;2.0463251625812906;8;2.45;0.95;2
2000;27308;13.654;1999;13.654;27;27.308;1999;0.7990290917413393;2000;0.06750155573753193;1.9863391695847923;9;2.45;0.95;2
2000;5617;2.8085;30;2.8085;9;5.617;31;0.5839192726954278;1860;0.4473258907481539;7.512956919498365;0;2.65;0.05;2
2000;5275;2.6375;30;2.6375;8;5.275;30;0.5898960591116961;1838;0.4479114242576749;8.595737766496306;1;2.65;0.05;2
2000;5478;2.739;34;2.739;10;5.478;35;0.5736808937784925;1860;0.4282429877893016;7.203588675592579;2;2.65;0.05;2
2000;5802;2.901;38;2.901;10;5.802;38;0.5878937223713671;1842;0.42508968136737707;6.661237765156407;3;2.65;0.05;2
2000;5833;2.9165;28;2.9165;11;5.833;30;0.5763276831908887;1868;0.44789532809092714;7.527531282548102;4;2.65;0.05;2
2000;5630;2.815;33;2.815;9;5.63;34;0.5776329510408466;1863;0.4541147874398532;7.649988399677667;5;2.65;0.05;2
2000;5576;2.788;25;2.788;10;5.576;28;0.589182879962316;1844;0.45441418114823484;7.538905324160427;6;2.65;0.05;2
2000;5707;2.8535;28;2.8535;10;5.707;29;0.5759437182178211;1880;0.4360105490290098;7.083460363429749;7;2.65;0.05;2
2000;5187;2.5935;21;2.5935;8;5.187;22;0.5636857889071696;1846;0.45792079207920794;9.98071533558768;8;2.65;0.05;2
2000;5690;2.845;26;2.845;11;5.69;29;0.581448956221376;1850;0.4673381158249798;8.922667349024286;9;2.65;0.05;2
2000;6304;3.152;39;3.152;10;6.304;39;0.5984166325051812;1894;0.4273326910249759;6.393203272962069;0;2.65;0.15;2
2000;5931;2.9655;46;2.9655;10;5.931;46;0.6056767187512118;1882;0.4296831227043516;7.691331660907135;1;2.65;0.15;2
2000;6184;3.092;51;3.092;10;6.184;51;0.597081470853869;1884;0.4091770740410348;6.247570249002551;2;2.65;0.15;2
2000;6531;3.2655;51;3.2655;11;6.531;51;0.617714227448439;1885;0.4116198001394376;5.956600587133884;3;2.65;0.15;2
2000;6540;3.27;46;3.27;11;6.54;47;0.5985947244989507;1905;0.4302498975829578;6.61321973637429;4;2.65;0.15;2
2000;6298;3.149;49;3.149;10;6.298;49;0.5993290277783171;1900;0.4361877624475105;6.713220811825768;5;2.65;0.15;2
2000;6255;3.1275;33;3.1275;10;6.255;36;0.6058439892646534;1888;0.43967372833352214;6.595991495480126;6;2.65;0.15;2
2000;6396;3.198;37;3.198;11;6.396;38;0.5969729733784361;1908;0.42472571387052244;6.4907677356656945;7;2.65;0.15;2
2000;5755;2.8775;29;2.8775;8;5.755;30;0.5842194667784468;1879;0.4493939168587789;8.650172266068891;8;2.65;0.15;2
2000;6323;3.1615;41;3.1615;12;6.323;41;0.601570341303199;1890;0.45979623250018326;7.538576516129032;9;2.65;0.15;2
2000;7192;3.596;59;3.596;12;7.192;59;0.6232489103280685;1919;0.40450960905535693;5.726711353507523;0;2.65;0.25;2
2000;6690;3.345;76;3.345;10;6.69;76;0.6251707327574874;1917;0.4070313773733122;6.62726326742976;1;2.65;0.25;2
2000;7085;3.5425;95;3.5425;10;7.085;95;0.6204649633229747;1915;0.37580303808247656;5.340460145165028;2;2.65;0.25;2
2000;7379;3.6895;66;3.6895;11;7.379;66;0.6429269670350852;1916;0.3930545664190999;5.412584679656715;3;2.65;0.25;2
2000;7520;3.76;99;3.76;12;7.52;99;0.6268851414974255;1944;0.39257443778359224;5.4658341147924965;4;2.65;0.25;2
2000;7191;3.5955;82;3.5955;10;7.191;82;0.6244251561697857;1931;0.4035241495765607;5.9063963566005615;5;2.65;0.25;2
2000;7103;3.5515;55;3.5515;11;7.103;55;0.6273131566235377;1924;0.41908308825550394;5.8667904007505625;6;2.65;0.25;2
2000;7281;3.6405;55;3.6405;11;7.281;56;0.6202938093365924;1934;0.4044817128489593;5.7938999685397174;7;2.65;0.25;2
2000;6500;3.25;47;3.25;9;6.5;48;0.6042859315464071;1922;0.42912923227100996;6.978225904516272;8;2.65;0.25;2
2000;7120;3.56;57;3.56;12;7.12;57;0.6116974267213829;1925;0.4379007007603996;6.488306012825564;9;2.65;0.25;2
2000;8288;4.144;117;4.144;12;8.288;117;0.653359799512205;1953;0.3581823954016843;4.947117120548467;0;2.65;0.35;2
2000;7728;3.864;132;3.864;12;7.728;132;0.6426236261239447;1953;0.3537590401973426;5.692901904176997;1;2.65;0.35;2
2000;8264;4.132;188;4.132;11;8.264;188;0.6535268179188509;1955;0.3171188874612652;4.555760590745355;2;2.65;0.35;2
2000;8623;4.3115;103;4.3115;12;8.623;103;0.6629520724551834;1947;0.35662256797828834;4.695750450469246;3;2.65;0.35;2
2000;8769;4.3845;211;4.3845;14;8.769;211;0.653698032406057;1964;0.3257341576506955;4.482087033857226;4;2.65;0.35;2
2000;8334;4.167;134;4.167;11;8.334;134;0.649721446219185;1956;0.3510069939127056;5.049247608111719;5;2.65;0.35;2
2000;8171;4.0855;89;4.0855;12;8.171;89;0.6485593193277751;1953;0.3942954448701575;5.29584208686582;6;2.65;0.35;2
2000;8354;4.177;79;4.177;13;8.354;80;0.6444386802981782;1961;0.37745919167438874;5.137875992705632;7;2.65;0.35;2
2000;7399;3.6995;87;3.6995;10;7.399;88;0.6295566892107517;1951;0.39613323266205397;6.053126740604726;8;2.65;0.35;2
2000;8181;4.0905;112;4.0905;13;8.181;112;0.6393029801236693;1948;0.3928138877674606;5.426444889543924;9;2.65;0.35;2
2000;9752;4.876;209;4.876;14;9.752;209;0.6813825339021027;1975;0.300559261309021;4.197524619765613;0;2.65;0.45;2
2000;9096;4.548;276;4.548;13;9.096;276;0.6703427338310443;1971;0.2689632394887757;4.445141020079294;1;2.65;0.45;2
2000;10016;5.008;418;5.008;13;10.016;418;0.6881899990980216;1983;0.22360628740934665;3.6283275894000275;2;2.65;0.45;2
2000;10300;5.15;158;5.15;14;10.3;158;0.6891972908647866;1974;0.3069106667773375;4.029687316545961;3;2.65;0.45;2
2000;10486;5.243;484;5.243;17;10.486;484;0.6836270800845217;1980;0.21547327165023175;3.63364931888397;4;2.65;0.45;2
2000;9892;4.946;235;4.946;13;9.892;235;0.6803088392176475;1980;0.2875845228296902;4.22036858191232;5;2.65;0.45;2
2000;9573;4.7865;165;4.7865;15;9.573;165;0.6772438459622755;1972;0.3425612240704099;4.495010847077573;6;2.65;0.45;2
2000;9842;4.921;121;4.921;15;9.842;122;0.6776483748880814;1977;0.34091139926194264;4.483024414818195;7;2.65;0.45;2
2000;8541;4.2705;125;4.2705;12;8.541;126;0.656113071283973;1969;0.35524363247135526;5.285437623427866;8;2.65;0.45;2
2000;9576;4.788;228;4.788;15;9.576;228;0.6680782505378711;1970;0.3112113899365568;4.511841409408702;9;2.65;0.45;2
2000;11867;5.9335;373;5.9335;16;11.867;373;0.7079474825977913;1989;0.23413286468533812;3.5065776243127256;0;2.65;0.55;2
2000;11185;5.5925;564;5.5925;14;11.185;564;0.7038521572003893;1990;0.17526449069700709;3.5796171735080096;1;2.65;0.55;2
2000;12548;6.274;865;6.274;17;12.548;865;0.7309353431715269;1997;0.13760760888661736;2.953633816908454;2;2.65;0.55;2
2000;12650;6.325;258;6.325;17;12.65;258;0.7253604055854185;1992;0.2521240099061998;3.4925307653826914;3;2.65;0.55;2
2000;13231;6.6155;1071;6.6155;17;13.231;1071;0.7303358091911203;1992;0.11478586346569708;2.7495045172969874;4;2.65;0.55;2
2000;12107;6.0535;442;6.0535;14;12.107;442;0.7094936592443853;1990;0.20141053932018743;3.3990394409249145;5;2.65;0.55;2
2000;11470;5.735;280;5.735;16;11.47;280;0.70733621530657;1987;0.28342420291572834;3.8116132013400232;6;2.65;0.55;2
2000;11877;5.9385;193;5.9385;15;11.877;193;0.7057339022275607;1991;0.2915001306481114;3.9764126307397945;7;2.65;0.55;2
2000;10043;5.0215;225;5.0215;12;10.043;226;0.6882324138400842;1985;0.2910281622203258;4.291789536156086;8;2.65;0.55;2
2000;11505;5.7525;454;5.7525;16;11.505;454;0.702420302387978;1988;0.22014186737050478;3.584663703222983;9;2.65;0.55;2
2000;14968;7.484;695;7.484;18;14.968;695;0.744933652762427;1995;0.16734987649878136;2.9318081567756256;0;2.65;0.65;2
2000;14275;7.1375;1125;7.1375;22;14.275;1125;0.7488549464441584;1999;0.10115641827685942;2.7875167583791898;1;2.65;0.65;2
2000;16352;8.176;1747;8.176;18;16.352;1747;0.7761641270089534;2000;0.07687594580357535;2.202928964482241;2;2.65;0.65;2
2000;16098;8.049;462;8.049;18;16.098;463;0.7628506509088911;1998;0.19312376717504398;2.981873436718359;3;2.65;0.65;2
2000;17188;8.594;1891;8.594;20;17.188;1891;0.7779123974527258;1999;0.07037923889979822;2.0508579289644824;4;2.65;0.65;2
2000;15484;7.742;831;7.742;17;15.484;831;0.7503901297217008;1995;0.12633686708613717;2.734400700350175;5;2.65;0.65;2
2000;13996;6.998;486;6.998;17;13.996;486;0.7346697617002979;1996;0.22164985187372108;3.215472236118059;6;2.65;0.65;2
2000;14748;7.374;322;7.374;17;14.748;322;0.7368590049084129;1997;0.24123605880496085;3.4849774887443723;7;2.65;0.65;2
2000;12088;6.044;395;6.044;14;12.088;395;0.7166744304236823;1994;0.22076894367095484;3.6340675337668835;8;2.65;0.65;2
2000;14471;7.2355;903;7.2355;17;14.471;903;0.7366671893428587;1999;0.1291895570471272;2.7699485378324797;9;2.65;0.65;2
2000;19482;9.741;1355;9.741;22;19.482;1355;0.7834596084349925;1999;0.10789332509306165;2.3766108054027013;0;2.65;0.75;2
2000;18818;9.409;1900;9.409;23;18.818;1900;0.7947649582536614;2000;0.06410576725058045;2.0740630315157578;1;2.65;0.75;2
2000;20993;10.4965;1999;10.4965;21;20.993;1999;0.809516319831311;2000;0.07568685069694037;1.9894982491245623;2;2.65;0.75;2
2000;21096;10.548;807;10.548;21;21.096;807;0.7972987382464043;2000;0.14137335996557102;2.5329864932466233;3;2.65;0.75;2
2000;21602;10.801;1999;10.801;23;21.602;1999;0.8060372437705098;2000;0.06886141286120843;1.9891935967983991;4;2.65;0.75;2
2000;20504;10.252;1552;10.252;20;20.504;1552;0.7953286423399486;2000;0.07720066845168544;2.1432276138069035;5;2.65;0.75;2
2000;17766;8.883;884;8.883;22;17.766;884;0.7680614410555583;2000;0.15835417733227294;2.703383691845923;6;2.65;0.75;2
2000;18572;9.286;551;9.286;19;18.572;551;0.766124145053019;2000;0.18855570951177766;2.9731405702851426;7;2.65;0.75;2
2000;15048;7.524;689;7.524;16;15.048;689;0.7430958984987335;1999;0.15944200282277898;3.074559779889945;8;2.65;0.75;2
2000;18766;9.383;1728;9.383;22;18.766;1728;0.7772780050806403;2000;0.0746654857701769;2.117431215607804;9;2.65;0.75;2
2000;25738;12.869;1963;12.869;25;25.738;1963;0.81399919476788;2000;0.08288435766555789;1.995287643821911;0;2.65;0.85;2
2000;23922;11.961;1999;11.961;26;23.922;1999;0.8172268148539412;2000;0.06269056962655596;1.988033016508254;1;2.65;0.85;2
2000;27568;13.784;1999;13.784;26;27.568;1999;0.830526701033415;2000;0.07480333656981444;1.986209104552276;2;2.65;0.85;2
2000;28519;14.2595;1475;14.2595;26;28.519;1475;0.8240304419017476;2000;0.10031378269033053;2.0800725362681343;3;2.65;0.85;2
2000;26913;13.4565;1999;13.4565;26;26.913;1999;0.8151483663451172;2000;0.08068181781371403;1.9865367683841921;4;2.65;0.85;2
2000;26935;13.4675;1999;13.4675;24;26.935;1999;0.8264304182198488;2000;0.061403887670272925;1.9865257628814408;5;2.65;0.85;2
2000;23163;11.5815;1555;11.5815;24;23.163;1555;0.7928273776169544;2000;0.10900437255736563;2.215991995997999;6;2.65;0.85;2
2000;24067;12.0335;914;12.0335;22;24.067;914;0.7854709463509435;2000;0.1445583435141745;2.5135317658829415;7;2.65;0.85;2
2000;19344;9.672;1204;9.672;21;19.344;1204;0.7700899893637013;2000;0.10611718474139;2.4269394697348674;8;2.65;0.85;2
2000;23605;11.8025;1999;11.8025;24;23.605;1999;0.7987280302751641;2000;0.06721267956162948;1.988191595797899;9;2.65;0.85;2
2000;34476;17.238;1999;17.238;31;34.476;1999;0.8261760169001446;2000;0.0709795501110643;1.9827533766883443;0;2.65;0.95;2
2000;30213;15.1065;1999;15.1065;31;30.213;1999;0.818697843701771;2000;0.06513571814052051;1.9848859429714858;1;2.65;0.95;2
2000;36558;18.279;1999;18.279;31;36.558;1999;0.825906134029179;2000;0.07253651579455837;1.981711855927964;2;2.65;0.95;2
2000;38984;19.492;1972;19.492;32;38.984;1972;0.823539285024277;2000;0.08237465046104336;1.9804982491245622;3;2.65;0.95;2
2000;34307;17.1535;1999;17.1535;31;34.307;1999;0.8029100473729529;2000;0.08777724258698226;1.9828379189594798;4;2.65;0.95;2
2000;33404;16.702;1999;16.702;30;33.404;1999;0.8242666727270443;2000;0.06721562917477417;1.983289644822411;5;2.65;0.95;2
2000;30485;15.2425;1996;15.2425;30;30.485;1996;0.7924003717008269;2000;0.08742931672029296;1.9854207103551775;6;2.65;0.95;2
2000;32384;16.192;1598;16.192;29;32.384;1598;0.7827538361816273;2000;0.103599629327518;2.0779564782391198;7;2.65;0.95;2
2000;25266;12.633;1849;12.633;28;25.266;1849;0.7863223894380423;2000;0.07570188471243482;2.0194862431215608;8;2.65;0.95;2
2000;29140;14.57;1999;14.57;30;29.14;1999;0.7963189257497775;2000;0.07206207200127031;1.985422711355678;9;2.65;0.95;2
2000;6035;3.0175;31;3.0175;9;6.035;32;0.5795860523915041;1884;0.4448818897637795;6.983319438578063;0;2.85;0.05;2
2000;5694;2.847;31;2.847;9;5.694;31;0.581095926886402;1874;0.44594692139265174;8.339738313255836;1;2.85;0.05;2
2000;5929;2.9645;37;2.9645;10;5.929;39;0.5760679415749133;1882;0.42866458007303077;6.804138021207882;2;2.85;0.05;2
2000;6195;3.0975;38;3.0975;11;6.195;38;0.5970943160896144;1877;0.4302488737907097;6.457098734234689;3;2.85;0.05;2
2000;6260;3.13;33;3.13;11;6.26;34;0.5773575733809647;1899;0.4459575605936169;7.186915402946102;4;2.85;0.05;2
2000;6050;3.025;34;3.025;9;6.05;35;0.5793339608005609;1892;0.45372035091519547;7.272062283373595;5;2.85;0.05;2
2000;5990;2.995;28;2.995;10;5.99;30;0.589954927143774;1883;0.45278487038559745;7.140908240271332;6;2.85;0.05;2
2000;6170;3.085;28;3.085;10;6.17;29;0.5775047917042391;1902;0.4384115523465704;6.793490008849655;7;2.85;0.05;2
2000;5611;2.8055;23;2.8055;8;5.611;24;0.5695438322491789;1874;0.4581750081424384;9.005085345008625;8;2.85;0.05;2
2000;6098;3.049;30;3.049;12;6.098;33;0.5828840644294537;1884;0.4689473032641439;8.557113012971273;9;2.85;0.05;2
2000;6754;3.377;41;3.377;11;6.754;41;0.6042248527480921;1906;0.42758698236257914;6.1715612626166605;0;2.85;0.15;2
2000;6376;3.188;46;3.188;10;6.376;46;0.6017200907198179;1905;0.4334176300578035;7.353632009824201;1;2.85;0.15;2
2000;6648;3.324;54;3.324;10;6.648;54;0.5996981775565512;1909;0.41037324285021815;6.010402934646401;2;2.85;0.15;2
2000;6994;3.497;52;3.497;11;6.994;52;0.6174984812898497;1911;0.4136524894996534;5.7618532026143106;3;2.85;0.15;2
2000;7033;3.5165;47;3.5165;12;7.033;48;0.6050171059070957;1929;0.43025732788002724;6.359354241125727;4;2.85;0.15;2
2000;6778;3.389;51;3.389;10;6.778;51;0.601060869668078;1918;0.43585579211423425;6.387845079055847;5;2.85;0.15;2
2000;6728;3.364;36;3.364;10;6.728;38;0.6079262609753613;1913;0.4402372112888918;6.361587418417863;6;2.85;0.15;2
2000;6919;3.4595;39;3.4595;11;6.919;40;0.5997157494745027;1928;0.4264056178207692;6.172040890149619;7;2.85;0.15;2
2000;6225;3.1125;31;3.1125;8;6.225;32;0.5868743402812568;1903;0.4492039664249318;7.579327762013383;8;2.85;0.15;2
2000;6772;3.386;44;3.386;12;6.772;44;0.5989576482686432;1919;0.45901428387594906;7.0570933687454875;9;2.85;0.15;2
2000;7697;3.8485;63;3.8485;12;7.697;63;0.6263396771858158;1930;0.40388579151883763;5.5189269585385174;0;2.85;0.25;2
2000;7166;3.583;79;3.583;10;7.166;79;0.6190217859065865;1938;0.40666527969209165;6.351880170219028;1;2.85;0.25;2
2000;7632;3.816;97;3.816;11;7.632;97;0.6236876136389913;1941;0.3818653360034142;5.211221402858733;2;2.85;0.25;2
2000;7957;3.9785;75;3.9785;12;7.957;75;0.6352145876964157;1939;0.39157452519181957;5.191264928502699;3;2.85;0.25;2
2000;8067;4.0335;108;4.0335;13;8.067;108;0.6289898913012215;1956;0.38970812666921023;5.233866701964761;4;2.85;0.25;2
2000;7748;3.874;86;3.874;11;7.748;86;0.628294059069761;1941;0.40573056300268096;5.6477572769165505;5;2.85;0.25;2
2000;7648;3.824;58;3.824;11;7.648;58;0.6262445461854952;1944;0.42297575548387867;5.626912997890309;6;2.85;0.25;2
2000;7855;3.9275;60;3.9275;13;7.855;61;0.6232518339140488;1946;0.4053218027606852;5.537587898855957;7;2.85;0.25;2
2000;6990;3.495;49;3.495;10;6.99;50;0.6063382232724062;1936;0.42671752174519745;6.543436940653406;8;2.85;0.25;2
2000;7627;3.8135;60;3.8135;13;7.627;60;0.615172396725006;1944;0.4384225392060697;6.208129344642043;9;2.85;0.25;2
2000;8917;4.4585;125;4.4585;14;8.917;125;0.6569647508737081;1965;0.3582415680505376;4.76213791115135;0;2.85;0.35;2
2000;8271;4.1355;144;4.1355;12;8.271;144;0.6398556202845517;1965;0.3514206610422809;5.387046035276313;1;2.85;0.35;2
2000;8925;4.4625;209;4.4625;12;8.925;209;0.6545085457602816;1964;0.3166260115383126;4.3422524803658815;2;2.85;0.35;2
2000;9247;4.6235;111;4.6235;13;9.247;111;0.6592371542093223;1960;0.356066568132522;4.487988322148466;3;2.85;0.35;2
2000;9420;4.71;232;4.71;15;9.42;232;0.6572787011920384;1968;0.3249189805666279;4.311892718178189;4;2.85;0.35;2
2000;8937;4.4685;143;4.4685;11;8.937;143;0.6516027663039623;1971;0.3542077990577267;4.825688556959767;5;2.85;0.35;2
2000;8777;4.3885;93;4.3885;13;8.777;93;0.652941198162195;1966;0.39494667760459395;5.0375600846378985;6;2.85;0.35;2
2000;9007;4.5035;87;4.5035;13;9.007;88;0.6484766797371958;1971;0.37937868731563423;4.930380619900044;7;2.85;0.35;2
2000;7949;3.9745;91;3.9745;11;7.949;92;0.6327607387567227;1962;0.39608629022751385;5.731900723153324;8;2.85;0.35;2
2000;8817;4.4085;122;4.4085;14;8.817;122;0.6429526662746927;1962;0.3891737322335903;5.100491345368701;9;2.85;0.35;2
2000;10540;5.27;221;5.27;16;10.54;221;0.682240415067289;1984;0.3012228277840462;4.0634590169209295;0;2.85;0.45;2
2000;9781;4.8905;296;4.8905;14;9.781;296;0.6671044761143137;1979;0.269486685818343;4.262195385858838;1;2.85;0.45;2
2000;10753;5.3765;434;5.3765;14;10.753;434;0.6908238062485276;1984;0.22837987643864283;3.5057349908346733;2;2.85;0.45;2
2000;11120;5.56;174;5.56;15;11.12;174;0.6890066989404601;1984;0.3080834562443181;3.9105098094592843;3;2.85;0.45;2
2000;11313;5.6565;528;5.6565;17;11.313;528;0.6875711309370793;1984;0.21353103598658205;3.505945726038543;4;2.85;0.45;2
2000;10669;5.3345;254;5.3345;14;10.669;254;0.6769943079183988;1988;0.2848931972205542;3.989022154584859;5;2.85;0.45;2
2000;10321;5.1605;180;5.1605;15;10.321;180;0.6801546885974354;1981;0.340583769293095;4.305437615340847;6;2.85;0.45;2
2000;10613;5.3065;124;5.3065;15;10.613;125;0.6769938622391798;1988;0.34395063787209207;4.344653718464498;7;2.85;0.45;2
2000;9181;4.5905;138;4.5905;12;9.181;139;0.6607769049653235;1975;0.3533572591077912;4.922900569930055;8;2.85;0.45;2
2000;10311;5.1555;245;5.1555;16;10.311;245;0.672398268089992;1980;0.3123581319758774;4.175233792572627;9;2.85;0.45;2
2000;12792;6.396;396;6.396;17;12.792;396;0.7112233537390731;1992;0.2368467240591028;3.4056070006644865;0;2.85;0.55;2
2000;11995;5.9975;602;5.9975;17;11.995;602;0.7037233718733712;1995;0.17604485275140438;3.4896893446723363;1;2.85;0.55;2
2000;13514;6.757;928;6.757;17;13.514;928;0.7325050817758001;1998;0.13771965062494979;2.867711855927964;2;2.85;0.55;2
2000;13607;6.8035;285;6.8035;18;13.607;285;0.7274392120907546;1994;0.2517126390952916;3.3724047023511754;3;2.85;0.55;2
2000;14239;7.1195;1117;7.1195;17;14.239;1117;0.7303592615024799;1994;0.11903636975422827;2.68434784308595;4;2.85;0.55;2
2000;12998;6.499;469;6.499;15;12.998;469;0.710126938950088;1993;0.20226391857137682;3.3075318683731303;5;2.85;0.55;2
2000;12314;6.157;303;6.157;17;12.314;303;0.7083573170615899;1991;0.2857889072253713;3.668801500549122;6;2.85;0.55;2
2000;12846;6.423;210;6.423;16;12.846;210;0.7060370346501925;1992;0.2915666625427853;3.8215303848120254;7;2.85;0.55;2
2000;10773;5.3865;242;5.3865;13;10.773;242;0.6894254717760716;1988;0.29091605979302415;4.100076564808931;8;2.85;0.55;2
2000;12391;6.1955;476;6.1955;16;12.391;476;0.7031267712538473;1991;0.22158282768969792;3.4359361863113738;9;2.85;0.55;2
2000;16038;8.019;743;8.019;20;16.038;743;0.74544359721705;1996;0.1668505124542842;2.846284017475654;0;2.85;0.65;2
2000;15378;7.689;1202;7.689;22;15.378;1202;0.7478903554745557;2000;0.10177969548955615;2.702217608804402;1;2.85;0.65;2
2000;17476;8.738;1800;8.738;19;17.476;1800;0.776551415834999;2000;0.0805284419988121;2.15731915957979;2;2.85;0.65;2
2000;17295;8.6475;489;8.6475;18;17.295;490;0.7629139692744297;1998;0.19361810900622;2.9169059529764882;3;2.85;0.65;2
2000;18392;9.196;1927;9.196;21;18.392;1927;0.777745775464537;2000;0.07485870104594598;2.0259739869934967;4;2.85;0.65;2
2000;16659;8.3295;894;8.3295;18;16.659;894;0.752289511791609;1998;0.12667959110784016;2.6600125062531266;5;2.85;0.65;2
2000;15065;7.5325;526;7.5325;19;15.065;526;0.7354605978542728;1998;0.22133600077215335;3.1153556778389193;6;2.85;0.65;2
2000;15831;7.9155;357;7.9155;17;15.831;357;0.7359455772339399;1999;0.23952359562322015;3.3595972986493248;7;2.85;0.65;2
2000;13036;6.518;426;6.518;16;13.036;426;0.7162958255772084;1997;0.2225472846489837;3.5271890945472735;8;2.85;0.65;2
2000;15483;7.7415;963;7.7415;19;15.483;963;0.7378477300004463;1999;0.13054952278454093;2.7038599379769965;9;2.85;0.65;2
2000;20872;10.436;1428;10.436;23;20.872;1428;0.7841309126841909;2000;0.10942864768496405;2.3205802901450725;0;2.85;0.75;2
2000;20079;10.0395;1936;10.0395;23;20.079;1936;0.7934063148017882;2000;0.06684930587111107;2.042408204102051;1;2.85;0.75;2
2000;22465;11.2325;1999;11.2325;21;22.465;1999;0.8066822444103242;2000;0.08045454418538418;1.9887618809404701;2;2.85;0.75;2
2000;22651;11.3255;882;11.3255;22;22.651;882;0.7970182786732937;2000;0.14171941265734764;2.472088544272136;3;2.85;0.75;2
2000;23011;11.5055;1999;11.5055;23;23.011;1999;0.8037832508488095;2000;0.0740976288224919;1.9884887443721861;4;2.85;0.75;2
2000;21984;10.992;1633;10.992;21;21.984;1633;0.7954863849510604;2000;0.07852254461459443;2.0927963981990994;5;2.85;0.75;2
2000;19152;9.576;942;9.576;22;19.152;942;0.7684885543670144;2000;0.1590687240075064;2.6379789894947474;6;2.85;0.75;2
2000;19968;9.984;589;9.984;19;19.968;589;0.7651092212043715;2000;0.18983241676813212;2.8887008504252125;7;2.85;0.75;2
2000;16241;8.1205;752;8.1205;17;16.241;752;0.7443645631357583;2000;0.15932547722468018;2.9068299149574788;8;2.85;0.75;2
2000;20105;10.0525;1801;10.0525;23;20.105;1801;0.778417591935012;2000;0.07666147499221797;2.0721565782891447;9;2.85;0.75;2
2000;27561;13.7805;1980;13.7805;25;27.561;1980;0.8140595882929265;2000;0.08596963194763604;1.9893876938469235;0;2.85;0.85;2
2000;25411;12.7055;1999;12.7055;27;25.411;1999;0.8134005304620705;2000;0.0666891383242885;1.987288144072036;1;2.85;0.85;2
2000;29391;14.6955;1999;14.6955;26;29.391;1999;0.8286490337424405;2000;0.07830172394581052;1.9852971485742872;2;2.85;0.85;2
2000;30574;15.287;1548;15.287;27;30.574;1548;0.8228606724394583;2000;0.10146933190717962;2.045102551275638;3;2.85;0.85;2
2000;28638;14.319;1999;14.319;29;28.638;1999;0.8140632272380895;2000;0.08656820228419557;1.9856738369184592;4;2.85;0.85;2
2000;28535;14.2675;1999;14.2675;26;28.535;1999;0.8243593965877283;2000;0.06520857519998728;1.9857253626813407;5;2.85;0.85;2
2000;24859;12.4295;1645;12.4295;25;24.859;1645;0.7924987336199707;2000;0.1106514692675536;2.157527763881941;6;2.85;0.85;2
2000;25889;12.9445;976;12.9445;24;25.889;976;0.7845936578739302;2000;0.14494249929140737;2.448317658829415;7;2.85;0.85;2
2000;20827;10.4135;1280;10.4135;22;20.827;1280;0.7701440892489202;2000;0.10667876541065195;2.3557648824412207;8;2.85;0.85;2
2000;25126;12.563;1999;12.563;26;25.126;1999;0.7962683431797278;2000;0.07227802619713858;1.987430715357679;9;2.85;0.85;2
2000;36701;18.3505;1999;18.3505;32;36.701;1999;0.8249412569791813;2000;0.07321342084366161;1.98164032016008;0;2.85;0.95;2
2000;32186;16.093;1999;16.093;32;32.186;1999;0.8153388493056606;2000;0.06875112546673912;1.9838989494747374;1;2.85;0.95;2
2000;38888;19.444;1999;19.444;32;38.888;1999;0.8266000413234535;2000;0.0750322011947404;1.9805462731365684;2;2.85;0.95;2
2000;41520;20.76;1991;20.76;34;41.52;1991;0.8218242133749315;2000;0.08548083166942347;1.9792296148074038;3;2.85;0.95;2
2000;36658;18.329;1999;18.329;34;36.658;1999;0.7996423360845586;2000;0.0916097844503605;1.9816618309154577;4;2.85;0.95;2
2000;35349;17.6745;1999;17.6745;31;35.349;1999;0.8207046650438181;2000;0.07177096676782865;1.9823166583291645;5;2.85;0.95;2
2000;32655;16.3275;1999;16.3275;32;32.655;1999;0.7943488612058586;2000;0.09036501774276756;1.983664332166083;6;2.85;0.95;2
2000;34788;17.394;1693;17.394;29;34.788;1693;0.7843823648104024;2000;0.10414573582816204;2.0436458229114556;7;2.85;0.95;2
2000;27026;13.513;1893;13.513;28;27.026;1893;0.7858641253735368;2000;0.07901647016326471;2.0020920460230114;8;2.85;0.95;2
2000;30920;15.46;1999;15.46;32;30.92;1999;0.7934324566736162;2000;0.07667185707991987;1.9845322661330664;9;2.85;0.95;2
2000;6307;3.1535;31;3.1535;11;6.307;32;0.5864429890332581;1896;0.4446698707847463;6.832668254757729;0;3.0;0.05;2
2000;6012;3.006;33;3.006;10;6.012;33;0.582930129615768;1895;0.4461518511314271;7.944587638359878;1;3.0;0.05;2
2000;6257;3.1285;38;3.1285;10;6.257;40;0.5788213376981041;1897;0.4273497598500527;6.608456536693776;2;3.0;0.05;2
2000;6525;3.2625;39;3.2625;11;6.525;39;0.5948794079595638;1899;0.43076306026270933;6.206363162728175;3;3.0;0.05;2
2000;6576;3.288;34;3.288;11;6.576;35;0.5860307332673609;1913;0.44522309484767414;7.014499600658718;4;3.0;0.05;2
2000;6396;3.198;38;3.198;11;6.396;39;0.5813020348786113;1910;0.4527020490296616;6.948859891714219;5;3.0;0.05;2
2000;6307;3.1535;30;3.1535;11;6.307;31;0.58637572447962;1899;0.4516678412027249;6.798012717276036;6;3.0;0.05;2
2000;6464;3.232;30;3.232;10;6.464;31;0.5784299939888587;1917;0.4368713828173288;6.614075487194415;7;3.0;0.05;2
2000;5905;2.9525;24;2.9525;9;5.905;25;0.5694993171208796;1887;0.4582894640190005;8.168496865203762;8;3.0;0.05;2
2000;6402;3.201;31;3.201;12;6.402;34;0.585178043733441;1901;0.4699862676122576;8.120431932657857;9;3.0;0.05;2
2000;7132;3.566;42;3.566;11;7.132;44;0.6080507121389458;1918;0.42857142857142855;6.02555315814062;0;3.0;0.15;2
2000;6685;3.3425;48;3.3425;10;6.685;48;0.6007942630372811;1926;0.43567560427948754;7.078810299992804;1;3.0;0.15;2
2000;7028;3.514;58;3.514;11;7.028;58;0.6004738402416401;1927;0.4136796061844062;5.852884578734995;2;3.0;0.15;2
2000;7357;3.6785;54;3.6785;12;7.357;54;0.6142572407128203;1923;0.4149085794655415;5.614396299379301;3;3.0;0.15;2
2000;7399;3.6995;50;3.6995;13;7.399;50;0.608720746796381;1938;0.43043778978917435;6.166161414004135;4;3.0;0.15;2
2000;7158;3.579;52;3.579;11;7.158;52;0.6022656073420418;1934;0.4381929649115179;6.174748090863109;5;3.0;0.15;2
2000;7080;3.54;38;3.54;11;7.08;39;0.6109951622111166;1928;0.4432609342457602;6.162955066963222;6;3.0;0.15;2
2000;7281;3.6405;43;3.6405;12;7.281;44;0.600164482136547;1940;0.425027448473309;6.008329581384487;7;3.0;0.15;2
2000;6553;3.2765;32;3.2765;9;6.553;33;0.5899632851169516;1922;0.4491506099646563;7.308929819757668;8;3.0;0.15;2
2000;7106;3.553;45;3.553;12;7.106;45;0.6017743675594251;1931;0.4597014054936724;6.745120384747904;9;3.0;0.15;2
2000;8077;4.0385;70;4.0385;12;8.077;70;0.6292227769410249;1944;0.4029974086392295;5.37921596421101;0;3.0;0.25;2
2000;7543;3.7715;83;3.7715;12;7.543;83;0.6173143974912562;1954;0.40553997194950914;6.1226618668610895;1;3.0;0.25;2
2000;7995;3.9975;99;3.9975;11;7.995;99;0.6227952569581205;1949;0.3828954891516957;5.05160341127588;2;3.0;0.25;2
2000;8384;4.192;79;4.192;12;8.384;79;0.6386447071338366;1947;0.3911092450205999;5.004938564199795;3;3.0;0.25;2
2000;8516;4.258;117;4.258;14;8.516;117;0.6307162486720289;1958;0.38841750153342874;5.025994574463099;4;3.0;0.25;2
2000;8150;4.075;89;4.075;11;8.15;89;0.6244406101829197;1951;0.404433701797146;5.427213429178966;5;3.0;0.25;2
2000;8033;4.0165;62;4.0165;11;8.033;62;0.6284332286914459;1953;0.42425881843756763;5.513015900871189;6;3.0;0.25;2
2000;8243;4.1215;64;4.1215;13;8.243;65;0.6238938047799821;1960;0.40622361596912315;5.377295173711056;7;3.0;0.25;2
2000;7351;3.6755;54;3.6755;11;7.351;55;0.6114778431101539;1948;0.42735102097513544;6.349480453988908;8;3.0;0.25;2
2000;8028;4.014;63;4.014;13;8.028;63;0.620237588236089;1949;0.439258230012826;5.924273171245943;9;3.0;0.25;2
2000;9358;4.679;128;4.679;14;9.358;128;0.6567381883052025;1972;0.3574733874178453;4.568368603462555;0;3.0;0.35;2
2000;8705;4.3525;150;4.3525;13;8.705;150;0.6425043765155505;1973;0.3516910572716573;5.23105909283945;1;3.0;0.35;2
2000;9400;4.7;217;4.7;12;9.4;217;0.6564136018511836;1973;0.3168084277599809;4.184074195035055;2;3.0;0.35;2
2000;9776;4.888;113;4.888;14;9.776;113;0.6587456197877987;1968;0.358499176800208;4.3983306874367445;3;3.0;0.35;2
2000;9919;4.9595;240;4.9595;16;9.919;240;0.6578503256090878;1976;0.3255239876726821;4.208604189584289;4;3.0;0.35;2
2000;9445;4.7225;150;4.7225;12;9.445;150;0.6488130933307078;1977;0.3542056851377179;4.7045996755415596;5;3.0;0.35;2
2000;9232;4.616;101;4.616;14;9.232;101;0.6537458871053714;1972;0.39453785250422563;4.865286964907258;6;3.0;0.35;2
2000;9506;4.753;89;4.753;14;9.506;90;0.6510283228010493;1976;0.37845760052844524;4.705632115432521;7;3.0;0.35;2
2000;8362;4.181;92;4.181;11;8.362;93;0.6349377208917555;1967;0.39908565412771596;5.6135169813640005;8;3.0;0.35;2
2000;9256;4.628;131;4.628;14;9.256;131;0.6430422626431122;1969;0.3857300264027775;4.965589144327614;9;3.0;0.35;2
2000;11067;5.5335;236;5.5335;17;11.067;236;0.6834355394927968;1987;0.30140739393388205;3.9635241747678247;0;3.0;0.45;2
2000;10321;5.1605;318;5.1605;15;10.321;318;0.6677636355045916;1985;0.26841131418488995;4.114683179149501;1;3.0;0.45;2
2000;11297;5.6485;455;5.6485;15;11.297;455;0.6905039465978514;1991;0.22852446351689312;3.4287613284545437;2;3.0;0.45;2
2000;11695;5.8475;180;5.8475;15;11.695;180;0.6883323884969054;1986;0.30846445176586507;3.8194878219890724;3;3.0;0.45;2
2000;11901;5.9505;559;5.9505;17;11.901;559;0.689755885351291;1989;0.21207325293303214;3.4290604243037905;4;3.0;0.45;2
2000;11213;5.6065;264;5.6065;16;11.213;264;0.6784204642889623;1994;0.2844544201336114;3.867532260314319;5;3.0;0.45;2
2000;10879;5.4395;192;5.4395;15;10.879;192;0.68080523539135;1986;0.3397643216959508;4.174683446591309;6;3.0;0.45;2
2000;11175;5.5875;132;5.5875;15;11.175;133;0.6767553591439999;1989;0.3424335292902023;4.201012049160979;7;3.0;0.45;2
2000;9714;4.857;152;4.857;12;9.714;153;0.6614134051444339;1982;0.35125927203726065;4.630485267440701;8;3.0;0.45;2
2000;10849;5.4245;257;5.4245;16;10.849;257;0.6737848102270394;1984;0.3135381485249237;4.095494444070916;9;3.0;0.45;2
2000;13446;6.723;414;6.723;19;13.446;414;0.7124250346659212;1995;0.23590881912719286;3.3366302771005123;0;3.0;0.55;2
2000;12649;6.3245;635;6.3245;18;12.649;635;0.707094837824133;1998;0.1746678030259656;3.3943486743371687;1;3.0;0.55;2
2000;14158;7.079;964;7.079;17;14.158;964;0.7299777608587303;1999;0.1393432313339682;2.8333721860930465;2;3.0;0.55;2
2000;14361;7.1805;303;7.1805;18;14.361;303;0.7259125903275092;1995;0.25197005587400323;3.289450225112556;3;3.0;0.55;2
2000;14970;7.485;1160;7.485;17;14.97;1160;0.7302785564782774;1995;0.12116344291672358;2.6419719859929964;4;3.0;0.55;2
2000;13697;6.8485;490;6.8485;16;13.697;490;0.7094090225621553;1996;0.2024205541640576;3.2265380052060073;5;3.0;0.55;2
2000;12999;6.4995;315;6.4995;18;12.999;315;0.7075876699899105;1992;0.2860416204875484;3.5584898869826262;6;3.0;0.55;2
2000;13519;6.7595;221;6.7595;16;13.519;221;0.7065212217278902;1992;0.2919311037535806;3.7090056539781404;7;3.0;0.55;2
2000;11349;5.6745;258;5.6745;14;11.349;258;0.6898420353319338;1991;0.29155093727194503;3.9789924992526293;8;3.0;0.55;2
2000;13096;6.548;502;6.548;18;13.096;502;0.7048232278334802;1994;0.22123455639500678;3.343931725622571;9;3.0;0.55;2
2000;16846;8.423;779;8.423;21;16.846;779;0.7465108486501305;1998;0.16660331144281346;2.804303651825913;0;3.0;0.65;2
2000;16188;8.094;1258;8.094;23;16.188;1258;0.7482731030398122;2000;0.10224991614564974;2.6282756378189096;1;3.0;0.65;2
2000;18300;9.15;1836;9.15;19;18.3;1836;0.7748602594927989;2000;0.08308865706218244;2.1254442221110557;2;3.0;0.65;2
2000;18223;9.1115;511;9.1115;19;18.223;512;0.7627850196738811;2000;0.19501866645567825;2.866008004002001;3;3.0;0.65;2
2000;19192;9.596;1949;9.596;22;19.192;1949;0.7780014067311286;2000;0.07778244649567265;2.0137008504252125;4;3.0;0.65;2
2000;17537;8.7685;935;8.7685;19;17.537;935;0.7527808449936697;1999;0.127491640194976;2.617266133066533;5;3.0;0.65;2
2000;15892;7.946;558;7.946;20;15.892;558;0.7353799590657073;1999;0.22195189383466962;3.060425712856428;6;3.0;0.65;2
2000;16621;8.3105;373;8.3105;17;16.621;373;0.7366649470159274;1999;0.24004645601689692;3.2819709854927464;7;3.0;0.65;2
2000;13764;6.882;449;6.882;16;13.764;449;0.7160788042459943;1998;0.22309788396706598;3.4230710355177587;8;3.0;0.65;2
2000;16330;8.165;1018;8.165;20;16.33;1018;0.7389785624388691;1999;0.1300759538168522;2.641603083824194;9;3.0;0.65;2
2000;21950;10.975;1494;10.975;23;21.95;1494;0.7850852944372445;2000;0.11009447200426903;2.271903451725863;0;3.0;0.75;2
2000;21085;10.5425;1956;10.5425;24;21.085;1956;0.7922530024853549;2000;0.06939558118706018;2.024128064032016;1;3.0;0.75;2
2000;23551;11.7755;1999;11.7755;22;23.551;1999;0.8061215789515604;2000;0.08345850159275467;1.9882186093046523;2;3.0;0.75;2
2000;23809;11.9045;929;11.9045;23;23.809;929;0.7966679752534167;2000;0.14190621816332816;2.431065032516258;3;3.0;0.75;2
2000;24083;12.0415;1999;12.0415;23;24.083;1999;0.8028845145042733;2000;0.07802835337186269;1.987952476238119;4;3.0;0.75;2
2000;23065;11.5325;1690;11.5325;23;23.065;1690;0.7956917984038853;2000;0.07947329017869667;2.062702351175588;5;3.0;0.75;2
2000;20120;10.06;981;10.06;22;20.12;981;0.7687389541323644;2000;0.15998847948659503;2.603976488244122;6;3.0;0.75;2
2000;20954;10.477;617;10.477;20;20.954;617;0.7648707574903864;2000;0.1903750747276807;2.8332091045522763;7;3.0;0.75;2
2000;17155;8.5775;790;8.5775;19;17.155;790;0.7445830636192122;2000;0.1598411637222162;2.844105552776388;8;3.0;0.75;2
2000;21118;10.559;1834;10.559;23;21.118;1834;0.7783144452642853;2000;0.07904351164576401;2.0497698849424713;9;3.0;0.75;2
2000;28893;14.4465;1991;14.4465;26;28.893;1991;0.814295527844545;2000;0.08795494453035713;1.9867068534267134;0;3.0;0.85;2
2000;26548;13.274;1999;13.274;27;26.548;1999;0.8116524530741208;2000;0.06975449516750896;1.9867193596798398;1;3.0;0.85;2
2000;30814;15.407;1999;15.407;27;30.814;1999;0.827545515786163;2000;0.0810126729823464;1.9845852926463232;2;3.0;0.85;2
2000;32206;16.103;1616;16.103;27;32.206;1616;0.8229178060472268;2000;0.10200070196058993;2.0229854927463733;3;3.0;0.85;2
2000;29863;14.9315;1999;14.9315;29;29.863;1999;0.8119120041568576;2000;0.09051512517819611;1.9850610305152576;4;3.0;0.85;2
2000;29759;14.8795;1999;14.8795;27;29.759;1999;0.8222904984915504;2000;0.06817876604862247;1.9851130565282642;5;3.0;0.85;2
2000;26109;13.0545;1709;13.0545;25;26.109;1709;0.7920773546935541;2000;0.1117544930465104;2.1177938969484744;6;3.0;0.85;2
2000;27205;13.6025;1027;13.6025;25;27.205;1027;0.7854320526387134;2000;0.1439820683150212;2.391392196098049;7;3.0;0.85;2
2000;21937;10.9685;1328;10.9685;25;21.937;1328;0.7702297198794402;2000;0.10727900602421737;2.3069744872436218;8;3.0;0.85;2
2000;26236;13.118;1999;13.118;27;26.236;1999;0.7950931179862758;2000;0.07599142228156547;1.9868754377188593;9;3.0;0.85;2
2000;38443;19.2215;1999;19.2215;33;38.443;1999;0.8275617106164952;2000;0.07530338155221473;1.980768884442221;0;3.0;0.95;2
2000;33632;16.816;1999;16.816;34;33.632;1999;0.8127464001559525;2000;0.07098523339346856;1.983175587793897;1;3.0;0.95;2
2000;40670;20.335;1999;20.335;33;40.67;1999;0.8260914570479678;2000;0.07698526795030296;1.979654827413707;2;3.0;0.95;2
2000;43408;21.704;1997;21.704;37;43.408;1997;0.8215827711907269;2000;0.08811385614475342;1.9782851425712857;3;3.0;0.95;2
2000;38390;19.195;1999;19.195;35;38.39;1999;0.7996210003747745;2000;0.0946019842579073;1.9807953976988495;4;3.0;0.95;2
2000;36737;18.3685;1999;18.3685;32;36.737;1999;0.817499698763895;2000;0.07497086740139207;1.9816223111555777;5;3.0;0.95;2
2000;34302;17.151;1999;17.151;32;34.302;1999;0.7949770094765165;2000;0.09217843642645267;1.982840420210105;6;3.0;0.95;2
2000;36575;18.2875;1743;18.2875;31;36.575;1743;0.784443186257572;2000;0.10459781453559946;2.024362181090545;7;3.0;0.95;2
2000;28296;14.148;1914;14.148;29;28.296;1914;0.7849417182619616;2000;0.08139202138586635;1.994607803901951;8;3.0;0.95;2
2000;32282;16.141;1999;16.141;33;32.282;1999;0.7933512414001752;2000;0.08022676414226451;1.9838509254627315;9;3.0;0.95;2
