n_vertices;n_edges;degree_mean;degree_max;degree_min;avg_local_clustering;global_clustering;avg_shortest_path_length;powerlaw_alpha;powerlaw_k_min;powerlaw_n_tail;powerlaw_ks;powerlaw_valid;powerlaw_reason;seed;beta;gamma;dim
100;118;2.36;7;0;0.3878571428571428;0.4349442379182156;7.860892388451443;3.967009776199462;2;74;0.43243243243243246;True;ok;0;0.01;0.0;2
100;190;3.8;12;0;0.4543989898989898;0.4033333333333333;4.45643153526971;2.4493833722842058;2;80;0.219382063626517;True;ok;1;0.01;0.0;2
100;177;3.54;9;0;0.43120634920634926;0.5506849315068493;6.530210016155089;2.418966444608131;2;75;0.2374871962075294;True;ok;2;0.01;0.0;2
100;129;2.58;8;0;0.3594523809523809;0.49014084507042255;3.715527950310559;3.210314922957965;2;70;0.34285714285714286;True;ok;3;0.01;0.0;2
100;121;2.42;8;0;0.3563571428571428;0.47181008902077154;3.6117511520737327;5.382990700091253;4;23;0.34782608695652173;True;ok;4;0.01;0.0;2
100;153;3.06;9;0;0.4467857142857142;0.47184466019417476;5.443776520509194;2.889886922238635;2;77;0.3116883116883117;True;ok;5;0.01;0.0;2
100;140;2.8;10;0;0.41734920634920647;0.44766146993318484;4.189902034664657;3.2252160225275004;2;73;0.3835616438356164;True;ok;6;0.01;0.0;2
100;128;2.56;9;0;0.4125238095238095;0.5447570332480819;3.9607843137254903;4.414546330360832;4;23;0.2723675979184446;True;ok;7;0.01;0.0;2
100;132;2.64;8;0;0.40119047619047604;0.4405594405594406;4.68035343035343;4.010331929412157;4;25;0.2891790580680665;True;ok;8;0.01;0.0;2
100;147;2.94;10;0;0.5049682539682541;0.5074946466809421;5.171059431524548;2.915974155796498;2;77;0.29339939212475574;True;ok;9;0.01;0.0;2
100;135;2.7;8;0;0.43273809523809526;0.4087193460490463;7.25;3.3811557890148065;2;78;0.3333333333333333;True;ok;0;0.01;0.1;2
100;205;4.1;12;0;0.47404040404040393;0.3930254476908577;4.139923591212989;2.351705476214119;2;82;0.23900842921827864;True;ok;1;0.01;0.1;2
100;188;3.76;9;0;0.43090476190476196;0.543451652386781;6.455344070278184;2.3363946104087194;2;76;0.24728282609653404;True;ok;2;0.01;0.1;2
100;141;2.82;9;0;0.40609523809523806;0.5057736720554272;5.405901116427432;2.936510495681215;2;72;0.266188006353996;True;ok;3;0.01;0.1;2
100;133;2.66;8;0;0.4137619047619048;0.48120300751879697;3.8313953488372094;4.862703708424065;4;25;0.32;True;ok;4;0.01;0.1;2
100;181;3.62;19;0;0.46981563757879535;0.42160278745644597;4.217323812480596;2.612034244691942;2;80;0.2625;True;ok;5;0.01;0.1;2
100;155;3.1;11;0;0.4247784992784995;0.44727272727272727;5.638480392156863;2.926737929985184;2;77;0.2727272727272727;True;ok;6;0.01;0.1;2
100;142;2.84;9;0;0.47384920634920646;0.5605749486652978;4.864035087719298;2.9014382398342815;2;73;0.2876712328767123;True;ok;7;0.01;0.1;2
100;145;2.9;9;0;0.41585714285714276;0.42105263157894735;4.788132218239745;3.812723822837819;4;28;0.25186471510903885;True;ok;8;0.01;0.1;2
100;162;3.24;11;0;0.5136580086580087;0.4930795847750865;5.316621673736984;2.804313202199091;2;81;0.25925925925925924;True;ok;9;0.01;0.1;2
100;165;3.3;20;0;0.48060484544695065;0.3605150214592275;4.595130102649797;2.869006760678041;2;82;0.2804878048780488;True;ok;0;0.01;0.2;2
100;224;4.48;14;0;0.5255214785214785;0.3951104100946372;3.79847182425979;4.322407380266736;7;20;0.2;True;ok;1;0.01;0.2;2
100;199;3.98;11;0;0.43444660894660897;0.5301724137931034;5.9421487603305785;2.877950881049621;3;64;0.21059107581468406;True;ok;2;0.01;0.2;2
100;160;3.2;13;0;0.4444542124542123;0.48743718592964824;5.444696539988656;2.699785360245506;2;76;0.27434013365561716;True;ok;3;0.01;0.2;2
100;158;3.16;12;0;0.43726046176046174;0.45454545454545453;6.515004286939125;2.872451210369112;2;79;0.31645569620253167;True;ok;4;0.01;0.2;2
100;222;4.44;47;0;0.6078369723092202;0.27889447236180903;3.1469800041228613;2.460702816376867;2;89;0.23595505617977527;True;ok;5;0.01;0.2;2
100;171;3.42;12;0;0.4611277056277058;0.4297752808988764;4.341911764705882;2.818431385139553;2;82;0.3048780487804878;True;ok;6;0.01;0.2;2
100;161;3.22;11;0;0.5254357864357865;0.555379746835443;4.403422982885085;5.0937118674928765;5;24;0.25;True;ok;7;0.01;0.2;2
100;158;3.16;12;0;0.42242496392496376;0.4351851851851852;4.542160278745644;3.5714086363676523;4;32;0.21875;True;ok;8;0.01;0.2;2
100;181;3.62;12;0;0.5222582972582973;0.4714285714285714;4.540488431876606;2.5818287282179404;2;82;0.23911255622870137;True;ok;9;0.01;0.2;2
100;198;3.96;35;0;0.5581952720482132;0.30663615560640733;3.8538495971351834;2.5967508453650527;2;87;0.23522983088806007;True;ok;0;0.01;0.3;2
100;255;5.1;18;0;0.5715901320901322;0.4092548076923077;3.6699507389162562;3.2296753222345074;5;42;0.16666666666666666;True;ok;1;0.01;0.3;2
100;225;4.5;12;0;0.4705158730158731;0.5032258064516129;4.059434968017057;3.3100339387002373;4;57;0.21052631578947367;True;ok;2;0.01;0.3;2
100;180;3.6;15;0;0.49303696303696315;0.457002457002457;4.797319932998325;2.548977521761405;2;80;0.2538720140471167;True;ok;3;0.01;0.3;2
100;172;3.44;16;0;0.4553055555555556;0.4251968503937008;5.966067864271457;2.6508590122006552;2;79;0.25316455696202533;True;ok;4;0.01;0.3;2
100;300;6.0;95;1;0.7264131032695356;0.17557766908416259;2.0090909090909093;2.7653603501007957;3;86;0.22093023255813954;True;ok;5;0.01;0.3;2
100;198;3.96;18;0;0.5342737425972719;0.4054878048780488;4.128070593846887;3.6278021042031665;4;41;0.24390243902439024;True;ok;6;0.01;0.3;2
100;178;3.56;11;0;0.5618282828282828;0.5280612244897959;5.833612975391499;2.5544117891212297;2;80;0.2375;True;ok;7;0.01;0.3;2
100;183;3.66;15;0;0.5072541902541902;0.41287458379578246;3.9901019796040793;3.8907521646504937;5;28;0.25;True;ok;8;0.01;0.3;2
100;201;4.02;16;0;0.5385119602619602;0.43852855759922554;4.154139156932453;3.1161026582906923;3;67;0.22388059701492538;True;ok;9;0.01;0.3;2
100;240;4.8;63;1;0.6111567751245169;0.2093987560469938;2.7181818181818183;3.099488353166911;3;77;0.22077922077922077;True;ok;0;0.01;0.4;2
100;283;5.66;20;0;0.6097590081057574;0.41219158200290273;3.3850118101782263;2.5613351560263258;3;82;0.17891437691564444;True;ok;1;0.01;0.4;2
100;244;4.88;15;0;0.53295781995782;0.499001996007984;3.6180703624733477;3.0446695152489682;4;58;0.18422249721974093;True;ok;2;0.01;0.4;2
100;204;4.08;19;0;0.5571168362081675;0.43992932862190814;4.296761585706309;3.0705408396701177;3;67;0.22388059701492538;True;ok;3;0.01;0.4;2
100;194;3.88;25;0;0.5093226551226553;0.39892183288409705;4.641187470780738;2.4773825222014345;2;82;0.21951219512195122;True;ok;4;0.01;0.4;2
100;327;6.54;99;1;0.7544051266194125;0.19066846119336026;1.9339393939393938;2.616758429966765;3;90;0.18888888888888888;True;ok;5;0.01;0.4;2
100;231;4.62;25;0;0.5415250527250527;0.38969072164948454;3.6421837316377985;3.946922623114461;5;38;0.2631578947368421;True;ok;6;0.01;0.4;2
100;193;3.86;13;0;0.5792652902652903;0.5114754098360655;5.233635929288103;3.048523754456228;3;64;0.2421726187941068;True;ok;7;0.01;0.4;2
100;215;4.3;17;0;0.5531866270983916;0.4162244124336619;3.4045549895115372;3.845854448072385;6;26;0.23076923076923078;True;ok;8;0.01;0.4;2
100;232;4.64;20;0;0.5755713763360822;0.42164441321152496;3.675689098584554;2.905517249961761;3;76;0.2114746906532241;True;ok;9;0.01;0.4;2
100;285;5.7;92;1;0.708245276462668;0.16422341807385415;2.0814141414141414;2.890359825376957;3;88;0.24902058214172826;True;ok;0;0.01;0.5;2
100;324;6.48;24;1;0.635933162069082;0.41792656587473004;3.2018181818181817;3.8579687113176386;9;22;0.18181818181818182;True;ok;1;0.01;0.5;2
100;275;5.5;22;0;0.5764876234876235;0.4908005967180507;3.302366127023661;2.8043268125137724;4;62;0.2024042382619523;True;ok;2;0.01;0.5;2
100;236;4.72;24;0;0.5826539391270849;0.41504854368932037;3.728623629719854;2.8029991142856927;3;73;0.21291960848610358;True;ok;3;0.01;0.5;2
100;230;4.6;41;0;0.5953040238893899;0.3152;3.384020618556701;2.963065435642183;3;73;0.2328767123287671;True;ok;4;0.01;0.5;2
100;365;7.3;99;2;0.7965744231613796;0.22180248246087425;1.9262626262626263;2.8446322007784084;4;79;0.16455696202531644;True;ok;5;0.01;0.5;2
100;275;5.5;32;0;0.5879663042842285;0.38696629213483147;3.15961411971059;2.742703652992585;3;86;0.19767441860465115;True;ok;6;0.01;0.5;2
100;223;4.46;14;0;0.5939877899877899;0.5061124694376528;4.8494960806271;2.6818267819275263;3;68;0.25122994645512087;True;ok;7;0.01;0.5;2
100;240;4.8;18;0;0.5831666519754756;0.4148191365227538;3.689149560117302;3.37381451131866;6;28;0.15784044644154027;True;ok;8;0.01;0.5;2
100;276;5.52;29;0;0.6463245190757934;0.39233817701453105;3.3597196454339313;2.57954727247178;3;80;0.22767596763606718;True;ok;9;0.01;0.5;2
100;323;6.46;99;1;0.7527662337662336;0.18334108887854816;1.9347474747474747;2.636896877003117;3;93;0.23577870989416772;True;ok;0;0.01;0.6;2
100;380;7.6;32;1;0.6294030439888297;0.41431451612903225;2.8519191919191917;3.4442942802983905;10;22;0.10609498791176969;True;ok;1;0.01;0.6;2
100;322;6.44;32;1;0.6344624615386497;0.4312829525483304;3.0472727272727274;2.7386348718699463;4;72;0.1687862424892257;True;ok;2;0.01;0.6;2
100;278;5.56;34;0;0.6293065850981652;0.3717117804041174;3.1220209723546235;2.6679826275617997;3;83;0.20040008706709492;True;ok;3;0.01;0.6;2
100;263;5.26;58;0;0.6064089302895485;0.26482345103264493;2.8998527245949925;2.7384162327591497;3;78;0.21404959393468007;True;ok;4;0.01;0.6;2
100;402;8.04;99;2;0.795387682685228;0.24374319912948858;1.9187878787878787;2.723733093879392;4;86;0.15651360811918907;True;ok;5;0.01;0.6;2
100;324;6.48;45;0;0.6395014707514711;0.3788059701492537;2.8251906823335395;2.4508290734672133;3;90;0.21900560091629107;True;ok;6;0.01;0.6;2
100;262;5.24;22;0;0.6035891330891331;0.47055492638731594;3.7875;3.6155354341893404;5;49;0.20408163265306123;True;ok;7;0.01;0.6;2
100;276;5.52;24;0;0.6055405744851161;0.3949685534591195;3.4544607500582343;2.5208551280240794;3;74;0.1891891891891892;True;ok;8;0.01;0.6;2
100;322;6.44;44;0;0.743434674565388;0.3825962910128388;2.9053803339517623;3.1596875439533663;5;57;0.16758772044457554;True;ok;9;0.01;0.6;2
100;348;6.96;99;1;0.7495184691592253;0.20292825768667644;1.9296969696969697;3.4625007199262194;8;21;0.19047619047619047;True;ok;0;0.01;0.7;2
100;438;8.76;37;2;0.6690742675494948;0.41135811694376984;2.642020202020202;3.339590726647353;11;23;0.08695652173913043;True;ok;1;0.01;0.7;2
100;382;7.64;54;1;0.6571666080661639;0.3766505973590442;2.584848484848485;3.0984082084717075;6;54;0.1383864144616302;True;ok;2;0.01;0.7;2
100;322;6.44;43;0;0.6451380867801234;0.31719445171421096;2.740053597196454;2.5223629129150797;3;90;0.21020171191062692;True;ok;3;0.01;0.7;2
100;319;6.38;88;1;0.7017275588396278;0.2093755466153577;2.1193939393939396;3.0608415925688113;4;73;0.21794525425015948;True;ok;4;0.01;0.7;2
100;447;8.94;99;2;0.7761700999427326;0.2615027437737442;1.9096969696969697;3.2228208485283876;8;36;0.16666666666666666;True;ok;5;0.01;0.7;2
100;384;7.68;58;0;0.701788992894799;0.36739659367396593;2.4982477839620696;2.701281664456547;4;87;0.16091954022988506;True;ok;6;0.01;0.7;2
100;306;6.12;27;0;0.6148381197405963;0.4439901880621423;3.2224283652855084;2.887660121718544;4;74;0.18159159036841843;True;ok;7;0.01;0.7;2
100;332;6.64;36;1;0.6829855474732713;0.38289150040994807;2.9997979797979797;2.3504057335168222;3;82;0.17557685234557932;True;ok;8;0.01;0.7;2
100;380;7.6;64;1;0.7910869725418023;0.3182211455269078;2.3723232323232324;2.7489726861066006;4;83;0.1686746987951807;True;ok;9;0.01;0.7;2
100;373;7.46;99;1;0.7561020254501015;0.22523763603802177;1.9246464646464647;2.99860462651303;4;90;0.18888888888888888;True;ok;0;0.01;0.8;2
100;534;10.68;48;3;0.6877977918134291;0.3901896511355654;2.302020202020202;3.1604060213741305;12;26;0.11538461538461539;True;ok;1;0.01;0.8;2
100;447;8.94;71;1;0.6778202312297826;0.3389806173725772;2.26;2.836812656373435;5;83;0.1477452387166276;True;ok;2;0.01;0.8;2
100;407;8.14;71;1;0.7437366403683917;0.24932144241954246;2.1098989898989897;2.7220344990670746;4;87;0.18111521799410252;True;ok;3;0.01;0.8;2
100;361;7.22;99;1;0.7695586237684863;0.21784989858012171;1.9270707070707072;3.3626428917194526;5;67;0.17088110137619314;True;ok;4;0.01;0.8;2
100;509;10.18;99;3;0.7755311977630938;0.28159779138987145;1.897171717171717;2.7507729549025983;5;88;0.13690882799463533;True;ok;5;0.01;0.8;2
100;448;8.96;85;1;0.7288039600379079;0.3218405537041784;2.11010101010101;2.8674075428338393;5;82;0.15853658536585366;True;ok;6;0.01;0.8;2
100;337;6.74;29;1;0.6248554338235085;0.42972699696663297;3.0272727272727273;3.1777028108764616;5;66;0.1761791723707644;True;ok;7;0.01;0.8;2
100;405;8.1;58;1;0.7063641217624085;0.34636408812324004;2.4894949494949494;2.7997641319088746;5;68;0.16176470588235295;True;ok;8;0.01;0.8;2
100;446;8.92;84;3;0.7900968727290949;0.28623979767789404;2.089292929292929;3.287789251277314;6;66;0.16666666666666666;True;ok;9;0.01;0.8;2
100;415;8.3;99;1;0.7331797017634084;0.24940971790729463;1.9161616161616162;3.3569754010531194;5;85;0.21176470588235294;True;ok;0;0.01;0.9;2
100;640;12.8;56;4;0.6936725779734548;0.3777636896743007;2.0668686868686867;2.848110431287127;12;31;0.11213012694959903;True;ok;1;0.01;0.9;2
100;516;10.32;86;3;0.6921555956535557;0.3199095952332032;2.033939393939394;3.0517549987408708;6;84;0.15476190476190477;True;ok;2;0.01;0.9;2
100;501;10.02;86;3;0.7757221067278046;0.23696645140967082;1.9141414141414141;3.3188609014391126;6;76;0.14473684210526316;True;ok;3;0.01;0.9;2
100;401;8.02;99;1;0.739092989307938;0.23783587509077705;1.918989898989899;3.1246121741285964;5;74;0.17250644965501052;True;ok;4;0.01;0.9;2
100;595;11.9;99;4;0.7728243017347515;0.28520385376124546;1.8797979797979798;2.869863606805268;6;89;0.1348314606741573;True;ok;5;0.01;0.9;2
100;501;10.02;97;3;0.7335949032409042;0.31766482133870155;1.9290909090909092;3.3030470369012868;10;32;0.125;True;ok;6;0.01;0.9;2
100;408;8.16;45;1;0.6305085673512597;0.3844856661045531;2.6313131313131315;3.6125672727899296;9;30;0.14062642959703006;True;ok;7;0.01;0.9;2
100;473;9.46;76;1;0.7306847616805524;0.322244623655914;2.132929292929293;2.3940292484375534;4;89;0.15497686322216925;True;ok;8;0.01;0.9;2
100;528;10.56;97;3;0.7854937621610483;0.2777511961722488;1.907878787878788;3.3704419852869827;7;68;0.1499406309241258;True;ok;9;0.01;0.9;2
100;463;9.26;99;2;0.7251673393899937;0.26807393634474463;1.9064646464646464;2.952749926246521;5;89;0.18718772695364266;True;ok;0;0.01;1.0;2
100;802;16.04;75;6;0.6992178671863418;0.36126027657653376;1.87010101010101;2.6931765599508672;13;34;0.09984936243346798;True;ok;1;0.01;1.0;2
100;585;11.7;97;3;0.7011424155075139;0.3048227059456965;1.9038383838383839;3.254437190961477;7;85;0.13053868686854062;True;ok;2;0.01;1.0;2
100;573;11.46;97;3;0.7897845541947253;0.2367911804374597;1.8842424242424243;3.492898547961769;7;77;0.14028679936997462;True;ok;3;0.01;1.0;2
100;466;9.32;99;2;0.7529306703172678;0.25594607607125663;1.905858585858586;3.213813489935133;6;71;0.16119776541388703;True;ok;4;0.01;1.0;2
100;706;14.12;99;5;0.7664301395282288;0.2961978449708074;1.8573737373737373;3.2828908404277066;8;86;0.14736017999788142;True;ok;5;0.01;1.0;2
100;563;11.26;99;3;0.7180247511548342;0.3288084464555053;1.8862626262626263;2.9954807256226736;7;73;0.12432379157564433;True;ok;6;0.01;1.0;2
100;479;9.58;64;2;0.6512264796124417;0.3488857938718663;2.3016161616161614;2.979712583043039;6;75;0.15420746773784622;True;ok;7;0.01;1.0;2
100;549;10.98;91;2;0.7224217320786542;0.29882202099527205;1.9436363636363636;2.543341832310051;5;87;0.15218462776328767;True;ok;8;0.01;1.0;2
100;619;12.38;99;3;0.7759377093863853;0.2840487546369899;1.874949494949495;3.0318083241443565;7;79;0.11392405063291139;True;ok;9;0.01;1.0;2
100;1427;28.54;49;12;0.6056863407202164;0.5605188319345218;1.828080808080808;4.457181929700687;24;70;0.11316345947666451;True;ok;0;0.11;0.0;2
100;1748;34.96;60;12;0.645131301199787;0.6079732746005233;1.72;2.6910204755916647;19;93;0.14705058505004787;True;ok;1;0.11;0.0;2
100;1801;36.02;61;15;0.649475894884662;0.6012722217541495;1.6943434343434343;14.177826983722564;48;27;0.1111111111111111;True;ok;2;0.11;0.0;2
100;1473;29.46;47;9;0.6034692227825817;0.5630130688907861;1.802828282828283;5.574076533465512;29;51;0.1272514142014533;True;ok;3;0.11;0.0;2
100;1350;27.0;51;9;0.5941979931076381;0.5564719358533792;1.8565656565656565;9.749533482464487;34;31;0.10321314424527978;True;ok;4;0.11;0.0;2
100;1616;32.32;54;11;0.6268185780447848;0.578295524218271;1.7535353535353535;4.501053269747333;30;57;0.14824866411121385;True;ok;5;0.11;0.0;2
100;1621;32.42;54;13;0.6160372328089183;0.585391231964484;1.752929292929293;3.1581018646858032;22;79;0.15884269499941717;True;ok;6;0.11;0.0;2
100;1540;30.8;52;13;0.6107479298617363;0.5655271206783073;1.7741414141414142;2.92036555068326;18;93;0.13539358651412714;True;ok;7;0.11;0.0;2
100;1451;29.02;52;11;0.5981314223715786;0.5585116848479549;1.8129292929292928;9.731583401476657;38;27;0.11457241293649556;True;ok;8;0.11;0.0;2
100;1590;31.8;53;12;0.6232868450531235;0.5751431384705153;1.755959595959596;8.86502419438554;40;31;0.11647640049155328;True;ok;9;0.11;0.0;2
100;1565;31.3;68;13;0.6227739958865337;0.5696662377961099;1.7505050505050506;4.360988628017408;26;70;0.10078749771881101;True;ok;0;0.11;0.1;2
100;1934;38.68;64;15;0.6686844895949663;0.6250090612540775;1.6551515151515153;20.1337045399303;55;22;0.13636363636363635;True;ok;1;0.11;0.1;2
100;1959;39.18;69;16;0.6694853043999731;0.6175863786193649;1.632929292929293;8.7346310627083;49;30;0.13514197240837839;True;ok;2;0.11;0.1;2
100;1606;32.12;57;13;0.61961032463888;0.5735793277126903;1.742020202020202;5.356661267062044;32;46;0.10721262147459187;True;ok;3;0.11;0.1;2
100;1481;29.62;56;11;0.6158320218416885;0.5694705219677056;1.786868686868687;9.265204626178402;39;25;0.09856685049998404;True;ok;4;0.11;0.1;2
100;1809;36.18;89;13;0.6592058618496182;0.5981620374186104;1.6537373737373737;4.2109853145931355;33;55;0.13611223887935764;True;ok;5;0.11;0.1;2
100;1757;35.14;67;15;0.6372866457134906;0.6001496742384222;1.6983838383838383;2.9947633932321858;22;85;0.1432259159042561;True;ok;6;0.11;0.1;2
100;1647;32.94;56;15;0.6239682617363853;0.5763516927741283;1.7292929292929293;3.036295882348701;20;91;0.13058434192130786;True;ok;7;0.11;0.1;2
100;1617;32.34;56;11;0.6215665882109013;0.5764208106978688;1.734949494949495;3.1927768978961684;21;86;0.11639802318393822;True;ok;8;0.11;0.1;2
100;1733;34.66;63;12;0.644663315935004;0.5898423870997103;1.6933333333333334;3.621448663183381;25;82;0.11506988760508863;True;ok;9;0.11;0.1;2
100;1726;34.52;92;13;0.6487147123853438;0.581692056167586;1.6654545454545455;4.449166056718665;29;68;0.07945647932661215;True;ok;0;0.11;0.2;2
100;2135;42.7;70;16;0.6909996046865804;0.6424013517542988;1.5874747474747475;17.529722896389824;60;22;0.13636363636363635;True;ok;1;0.11;0.2;2
100;2112;42.24;81;17;0.6914621790465758;0.6349243377013266;1.585050505050505;8.821621505046986;54;27;0.08575833887535284;True;ok;2;0.11;0.2;2
100;1746;34.92;79;15;0.6411412529849649;0.5821520716345424;1.677979797979798;4.876888664931505;32;56;0.08171172737998333;True;ok;3;0.11;0.2;2
100;1619;32.38;76;14;0.6385020076937601;0.5787569652807544;1.7066666666666668;7.548405070440776;42;26;0.08354860098847139;True;ok;4;0.11;0.2;2
100;1984;39.68;99;14;0.6801064106335732;0.6113544589692698;1.5991919191919193;7.558524687934452;53;20;0.11567836558966701;True;ok;5;0.11;0.2;2
100;1916;38.32;80;16;0.6551140978788044;0.611103581681308;1.6402020202020202;9.89643019767073;52;23;0.1319905275980217;True;ok;6;0.11;0.2;2
100;1805;36.1;69;16;0.6445823478011353;0.5894585422398503;1.6648484848484848;3.0009453569613007;21;97;0.1277592062359858;True;ok;7;0.11;0.2;2
100;1777;35.54;68;13;0.646420647780558;0.5908530819268132;1.6682828282828284;5.323606923836911;40;35;0.11067276647518043;True;ok;8;0.11;0.2;2
100;1881;37.62;75;13;0.6648111446264524;0.6027930110955235;1.6363636363636365;3.421848065425812;26;83;0.11031287404493972;True;ok;9;0.11;0.2;2
100;1887;37.74;99;13;0.6697416427471622;0.5962818103316909;1.6187878787878789;4.267140924369283;31;68;0.07004954285539133;True;ok;0;0.11;0.3;2
100;2363;47.26;82;20;0.7199329287355445;0.6616827434023186;1.5236363636363637;7.12422106959164;57;34;0.1312161685465021;True;ok;1;0.11;0.3;2
100;2305;46.1;92;19;0.7143658567835165;0.6545170728378529;1.535959595959596;8.12382219702899;59;25;0.08018293891086814;True;ok;2;0.11;0.3;2
100;1921;38.42;89;16;0.6694394615965849;0.598381454473788;1.6177777777777778;4.475390212075785;32;69;0.09138220780413941;True;ok;3;0.11;0.3;2
100;1795;35.9;93;16;0.6637315259379138;0.5923085396414507;1.6404040404040403;5.938280526873822;43;30;0.1027423646813106;True;ok;4;0.11;0.3;2
100;2149;42.98;99;19;0.702471553508924;0.6254298861709857;1.5658585858585858;7.2309594411869105;57;22;0.09251999623003693;True;ok;5;0.11;0.3;2
100;2130;42.6;94;17;0.6845032056700734;0.6290192806269929;1.5705050505050504;3.702432169141886;33;70;0.1210122609505514;True;ok;6;0.11;0.3;2
100;1974;39.48;82;20;0.6694139278340149;0.6061410422848664;1.607878787878788;7.535533304798994;51;26;0.08181082950617935;True;ok;7;0.11;0.3;2
100;1956;39.12;82;15;0.6756936835457;0.606998308742054;1.60989898989899;4.658067463061514;42;35;0.09133840902554169;True;ok;8;0.11;0.3;2
100;2057;41.14;92;14;0.6927740176910545;0.6201083684527393;1.5872727272727272;3.665098023116292;30;79;0.08559190830150187;True;ok;9;0.11;0.3;2
100;2071;41.42;99;18;0.6908247232204681;0.6143302769637962;1.5816161616161617;4.315959904057983;34;68;0.07352941176470588;True;ok;0;0.11;0.4;2
100;2616;52.32;95;23;0.7577482130327605;0.687157827839822;1.4715151515151514;5.485668986727801;58;36;0.11584930253375614;True;ok;1;0.11;0.4;2
100;2487;49.74;97;25;0.7373182175715415;0.6713698127065736;1.4975757575757576;7.190687219560132;61;28;0.10467684819850864;True;ok;2;0.11;0.4;2
100;2094;41.88;98;20;0.6964493965255873;0.6146248305885252;1.576969696969697;4.220908545042661;33;74;0.07055746189448042;True;ok;3;0.11;0.4;2
100;1949;38.98;99;16;0.6854986050256622;0.6071606858841149;1.6062626262626263;5.161795427503082;47;24;0.07017812796631617;True;ok;4;0.11;0.4;2
100;2345;46.9;99;22;0.7287774496423347;0.6462372859271807;1.5262626262626262;4.001022723159025;39;61;0.08294562093406682;True;ok;5;0.11;0.4;2
100;2348;46.96;99;19;0.7170652239527153;0.6512275146093827;1.5256565656565657;3.4742227343567103;32;86;0.08290432218752297;True;ok;6;0.11;0.4;2
100;2157;43.14;89;20;0.6949591968450304;0.6241717696602083;1.5642424242424242;6.644055752234841;55;25;0.09805935473028005;True;ok;7;0.11;0.4;2
100;2131;42.62;98;21;0.7061757044640494;0.6208820093457944;1.5694949494949495;3.600262093766362;30;81;0.06992073675216509;True;ok;8;0.11;0.4;2
100;2239;44.78;99;18;0.7142316484998206;0.634247491638796;1.5476767676767678;6.062846742715504;57;23;0.061112513898453846;True;ok;9;0.11;0.4;2
100;2251;45.02;99;22;0.7188820607438459;0.6346102945068907;1.5452525252525253;4.074600142210526;35;73;0.06054187673842387;True;ok;0;0.11;0.5;2
100;2838;56.76;99;28;0.7846586382830015;0.7117171637190415;1.4266666666666667;3.4703671641479077;38;89;0.09973257429330173;True;ok;1;0.11;0.5;2
100;2644;52.88;99;27;0.7526169891852935;0.6855271500754986;1.4658585858585857;5.755501664615332;60;31;0.09619115034134629;True;ok;2;0.11;0.5;2
100;2255;45.1;99;22;0.7190338208138809;0.6333133348626282;1.5444444444444445;4.298637002410597;36;73;0.0547945205479452;True;ok;3;0.11;0.5;2
100;2100;42.0;99;21;0.7044945924406758;0.6181029571961104;1.5757575757575757;4.417825968409899;42;39;0.06210348069450994;True;ok;4;0.11;0.5;2
100;2519;50.38;99;26;0.7480703085425097;0.6644690252953007;1.491111111111111;3.6381185361064485;35;85;0.07073251267068692;True;ok;5;0.11;0.5;2
100;2533;50.66;99;25;0.7415101318179583;0.6678021576670226;1.4882828282828282;3.6355757704188045;35;87;0.07190548758361892;True;ok;6;0.11;0.5;2
100;2374;47.48;97;25;0.7280120592453402;0.6468780522667175;1.5204040404040404;3.4024370076419332;31;90;0.08791031606336025;True;ok;7;0.11;0.5;2
100;2347;46.94;99;26;0.7407515827728693;0.6436212219111207;1.5258585858585858;3.645186703879171;34;75;0.05918613577507603;True;ok;8;0.11;0.5;2
100;2409;48.18;99;21;0.7324419937415702;0.6524491578483586;1.5133333333333334;3.743022597636974;34;86;0.05978598087895459;True;ok;9;0.11;0.5;2
100;2445;48.9;99;27;0.7454260344728225;0.6546303815008232;1.506060606060606;3.94039128789758;36;80;0.07221123919665545;True;ok;0;0.11;0.6;2
100;3026;60.52;99;31;0.802304112699677;0.7320554710674115;1.3886868686868687;3.7528041356364654;43;85;0.10069917280319685;True;ok;1;0.11;0.6;2
100;2823;56.46;99;31;0.7686908364816358;0.7038901734104046;1.4296969696969697;4.077836285980013;45;70;0.0903577248021814;True;ok;2;0.11;0.6;2
100;2387;47.74;99;22;0.7320651603409938;0.6484121148874605;1.5177777777777777;4.384880688795228;41;59;0.08358296739576854;True;ok;3;0.11;0.6;2
100;2247;44.94;99;23;0.7235049704623229;0.6321521356904801;1.5460606060606061;4.194688510240875;39;56;0.05357142857142857;True;ok;4;0.11;0.6;2
100;2712;54.24;99;29;0.7669791981895725;0.6859758911594764;1.4521212121212121;3.976019882372022;42;71;0.07794210759919074;True;ok;5;0.11;0.6;2
100;2707;54.14;99;31;0.7608977879906417;0.6861081522950779;1.453131313131313;3.7326856348404216;37;92;0.07885557952641942;True;ok;6;0.11;0.6;2
100;2564;51.28;99;29;0.7532144401973748;0.6673617073469889;1.482020202020202;3.5653353761581923;34;92;0.07111184624750799;True;ok;7;0.11;0.6;2
100;2498;49.96;99;28;0.7589445438587493;0.6592181927327943;1.4953535353535354;3.7096955880567126;34;90;0.06570589767724982;True;ok;8;0.11;0.6;2
100;2611;52.22;99;26;0.7551230092438714;0.6749270847800639;1.4725252525252526;3.8291213290707233;38;81;0.0666047763635016;True;ok;9;0.11;0.6;2
100;2613;52.26;99;29;0.7655113261859893;0.6745212295806462;1.4721212121212122;3.8813201835245783;37;87;0.06334169937106682;True;ok;0;0.11;0.7;2
100;3193;63.86;99;34;0.8173628558125682;0.7525814445176984;1.354949494949495;3.782817713387341;44;93;0.1046984495194222;True;ok;1;0.11;0.7;2
100;2966;59.32;99;32;0.7800864517476669;0.7199961985417184;1.4008080808080807;3.921584895402969;43;86;0.08893497766974984;True;ok;2;0.11;0.7;2
100;2533;50.66;99;25;0.7455241537780901;0.6650404896887201;1.4882828282828282;4.280955420641428;40;74;0.07303522352183378;True;ok;3;0.11;0.7;2
100;2372;47.44;99;26;0.7359902156920368;0.6440848944336299;1.5208080808080808;3.9689870357487513;38;65;0.05947419501728046;True;ok;4;0.11;0.7;2
100;2860;57.2;99;33;0.7811669779904278;0.7037057660717766;1.4222222222222223;3.9000415610200894;41;86;0.07757382542058522;True;ok;5;0.11;0.7;2
100;2887;57.74;99;34;0.7804391939079678;0.7075201736689765;1.4167676767676767;3.8712382837493244;40;93;0.07412279869286842;True;ok;6;0.11;0.7;2
100;2741;54.82;99;32;0.773338938129904;0.6870525596287369;1.4462626262626264;3.6434823277082673;36;97;0.06896548391110424;True;ok;7;0.11;0.7;2
100;2608;52.16;99;31;0.7684381855797097;0.6711171608886226;1.473131313131313;3.78884357416403;42;58;0.09151113965352131;True;ok;8;0.11;0.7;2
100;2777;55.54;99;31;0.7745573917499929;0.6945957686617982;1.438989898989899;3.8909787648575986;40;84;0.07280856054769036;True;ok;9;0.11;0.7;2
100;2760;55.2;99;31;0.782399919715386;0.6919935410871717;1.4424242424242424;3.860878978405058;38;93;0.07693974267504361;True;ok;0;0.11;0.8;2
100;3348;66.96;99;42;0.8297197232284652;0.7705657323315548;1.3236363636363637;3.9226881074236766;47;93;0.11334471474846508;True;ok;1;0.11;0.8;2
100;3132;62.64;99;37;0.7926256079968372;0.7385215421235266;1.3672727272727272;4.156616074655409;47;83;0.09521751485391428;True;ok;2;0.11;0.8;2
100;2694;53.88;99;30;0.7642672430916448;0.6840409223164283;1.4557575757575758;4.23168350037778;41;81;0.07744916667338075;True;ok;3;0.11;0.8;2
100;2501;50.02;99;29;0.7436783420756311;0.6573200034325924;1.4947474747474747;3.8920583150646393;39;68;0.06760180129860371;True;ok;4;0.11;0.8;2
100;3000;60.0;99;35;0.7916157747402133;0.7199105739194349;1.393939393939394;4.007591850360647;43;89;0.08142359385613951;True;ok;5;0.11;0.8;2
100;3017;60.34;99;36;0.7920941412296726;0.7238538790618647;1.3905050505050505;4.055962520401232;44;86;0.08389641906425671;True;ok;6;0.11;0.8;2
100;2872;57.44;99;34;0.7836781186594667;0.701372846676787;1.4197979797979798;3.8002936665113607;45;62;0.11772773522239471;True;ok;7;0.11;0.8;2
100;2729;54.58;99;33;0.7767051767261343;0.6857081138166501;1.4486868686868686;3.829053872243631;38;89;0.06660907865045651;True;ok;8;0.11;0.8;2
100;2905;58.1;99;33;0.786385039707096;0.7101137909442273;1.4131313131313132;3.8291439001043357;40;93;0.07700503355429988;True;ok;9;0.11;0.8;2
100;2881;57.62;99;32;0.7946689347799551;0.706853157497051;1.417979797979798;3.7537690444227434;39;94;0.09574858255283147;True;ok;0;0.11;0.9;2
100;3463;69.26;99;45;0.8384621115509084;0.7845526859260772;1.3004040404040405;4.008256191848929;49;94;0.12054824507652873;True;ok;1;0.11;0.9;2
100;3278;65.56;99;44;0.7995024818162887;0.753504734698196;1.3377777777777777;4.490532108724906;49;92;0.08825345567430165;True;ok;2;0.11;0.9;2
100;2816;56.32;99;30;0.7770499143878611;0.6986658232215769;1.431111111111111;4.279162048185764;43;81;0.09000827495740793;True;ok;3;0.11;0.9;2
100;2650;53.0;99;30;0.7536302032065956;0.6715474316553696;1.4646464646464648;3.8111399095920673;37;89;0.0709821706977003;True;ok;4;0.11;0.9;2
100;3105;62.1;99;36;0.801235810008742;0.7332854474931763;1.3727272727272728;4.106624891838827;45;89;0.08634181548971687;True;ok;5;0.11;0.9;2
100;3146;62.92;99;40;0.8031335219913188;0.7386840134780981;1.3644444444444443;3.8887103308144413;44;92;0.09608303695008458;True;ok;6;0.11;0.9;2
100;3021;60.42;99;37;0.7992303985762989;0.7205625572238371;1.3896969696969697;3.9500977852414163;42;94;0.09788339166291049;True;ok;7;0.11;0.9;2
100;2833;56.66;99;34;0.7825042249675007;0.6972407519708914;1.4276767676767677;3.869234324035246;39;93;0.06905453157974606;True;ok;8;0.11;0.9;2
100;3034;60.68;99;37;0.7962984026583807;0.7253285287203726;1.3870707070707071;4.024536170095848;43;92;0.08028115245018141;True;ok;9;0.11;0.9;2
100;2972;59.44;99;32;0.8020224556651008;0.7182264794754261;1.3995959595959595;3.723160078172757;40;95;0.10507648968158591;True;ok;0;0.11;1.0;2
100;3566;71.32;99;47;0.8473730400740476;0.7972772811516103;1.2795959595959596;3.8656481125794007;49;98;0.13550863381260325;True;ok;1;0.11;1.0;2
100;3418;68.36;99;47;0.8103431392589496;0.770287161472162;1.3094949494949495;4.434765847951505;51;92;0.10246230285193891;True;ok;2;0.11;1.0;2
100;2919;58.38;99;34;0.788581995986058;0.7101782016758038;1.4103030303030304;4.00547086325083;42;88;0.08001857110236466;True;ok;3;0.11;1.0;2
100;2783;55.66;99;33;0.7633889287797544;0.686385975638433;1.4377777777777778;3.901510190554923;41;79;0.08132494028352197;True;ok;4;0.11;1.0;2
100;3220;64.4;99;39;0.8063030815563117;0.7467149936593307;1.3494949494949495;4.058340439215634;46;92;0.09592851017845472;True;ok;5;0.11;1.0;2
100;3267;65.34;99;44;0.8141277244381001;0.7542675092429924;1.34;3.9075469806430685;45;97;0.10101595366930716;True;ok;6;0.11;1.0;2
100;3126;62.52;99;40;0.8064447573739133;0.7324217923210431;1.3684848484848484;3.9758920844145096;43;98;0.10650120776281241;True;ok;7;0.11;1.0;2
100;2923;58.46;99;37;0.7905422500854218;0.7093865115340927;1.4094949494949496;3.9078048816687767;41;90;0.08568249924798832;True;ok;8;0.11;1.0;2
100;3127;62.54;99;39;0.8028784023325699;0.7366803908314385;1.3682828282828283;3.9477762911898973;44;92;0.09158929644452318;True;ok;9;0.11;1.0;2
100;2511;50.22;73;27;0.6665185728462936;0.6497546636863982;1.494949494949495;17.68386797108617;61;25;0.11760339779859919;True;ok;0;0.21;0.0;2
100;2840;56.8;78;26;0.7175777797343246;0.7054644095161213;1.4276767676767677;23.56261640483884;69;30;0.18387188613427163;True;ok;1;0.21;0.0;2
100;3018;60.36;82;25;0.7446461607703994;0.7357087577652743;1.392121212121212;26.341616528377397;71;44;0.1590909090909091;True;ok;2;0.21;0.0;2
100;2583;51.66;74;25;0.6684382000544066;0.6524230386567804;1.4802020202020203;6.850380852897262;50;59;0.1286141964309988;True;ok;3;0.21;0.0;2
100;2464;49.28;69;26;0.660003209380231;0.6517743352674367;1.506868686868687;12.521221077910933;58;33;0.13796532565183484;True;ok;4;0.21;0.0;2
100;2780;55.6;79;29;0.7003917861867305;0.6882918467729915;1.44;18.468393864116223;66;33;0.10980576183456958;True;ok;5;0.21;0.0;2
100;2728;54.56;76;27;0.6906452428489556;0.6824084243168164;1.4505050505050505;17.150544310383896;66;26;0.15177114849872836;True;ok;6;0.21;0.0;2
100;2633;52.66;70;28;0.674219179807071;0.6676253595098162;1.4692929292929293;3.4531649456615874;35;94;0.182609668065425;True;ok;7;0.21;0.0;2
100;2632;52.64;74;27;0.6679663295495787;0.6622594142259414;1.4692929292929293;3.9056831717828007;39;85;0.18465359555001354;True;ok;8;0.21;0.0;2
100;2746;54.92;75;25;0.6939092130902719;0.6831605523889676;1.4472727272727273;28.040329346782418;68;22;0.14433761303012055;True;ok;9;0.21;0.0;2
100;2734;54.68;92;29;0.7013095686086568;0.6802136150687308;1.4476767676767677;10.26166905274129;61;40;0.10560922698165232;True;ok;0;0.21;0.1;2
100;3089;61.78;82;29;0.7479042926637276;0.7351203837753038;1.3761616161616161;31.231209535834925;76;24;0.16666666666666666;True;ok;1;0.21;0.1;2
100;3215;64.3;89;30;0.7662210231048967;0.756187061053101;1.3505050505050504;18.38826112993371;73;46;0.1122558637617071;True;ok;2;0.21;0.1;2
100;2780;55.6;86;27;0.6982802936642762;0.68094061728009;1.4387878787878787;12.469867811917327;65;28;0.09301776677654117;True;ok;3;0.21;0.1;2
100;2642;52.84;80;29;0.6854846655059755;0.673616878169976;1.4676767676767677;3.5883529867574135;36;93;0.16394872175423109;True;ok;4;0.21;0.1;2
100;3030;60.6;99;33;0.7358036661586601;0.7198849165173097;1.387878787878788;15.559664283328578;72;27;0.12178373939525355;True;ok;5;0.21;0.1;2
100;2967;59.34;84;29;0.7242442338080748;0.713952127572309;1.4008080808080807;11.187056015100781;66;42;0.13547805428466558;True;ok;6;0.21;0.1;2
100;2818;56.36;81;31;0.7002269581391855;0.6896829922234219;1.4313131313131313;25.774522628982993;70;25;0.16641911225916584;True;ok;7;0.21;0.1;2
100;2851;57.02;80;28;0.702195036361332;0.6925636994631151;1.424040404040404;14.949866073281244;67;34;0.09847546475964498;True;ok;8;0.21;0.1;2
100;2957;59.14;84;27;0.7244456954701571;0.7119625592573446;1.403030303030303;15.02744321772825;69;34;0.10519998290302146;True;ok;9;0.21;0.1;2
100;2955;59.1;99;35;0.7301564334382779;0.7075298969072165;1.403030303030303;11.190044696494608;70;26;0.06980429986459324;True;ok;0;0.21;0.2;2
100;3349;66.98;94;36;0.7862663823802113;0.7691253828954001;1.3234343434343434;13.774563470458768;77;34;0.10285718726343854;True;ok;1;0.21;0.2;2
100;3451;69.02;97;38;0.798902343009636;0.7841098625500675;1.302828282828283;15.051233116225596;79;30;0.096226794143292;True;ok;2;0.21;0.2;2
100;2981;59.62;95;34;0.7318968699256553;0.7099025525061413;1.3977777777777778;10.487288374455199;69;28;0.07142857142857142;True;ok;3;0.21;0.2;2
100;2848;56.96;94;31;0.7163753167116964;0.6976871824228225;1.4246464646464647;14.09309970819237;72;20;0.10732596933766558;True;ok;4;0.21;0.2;2
100;3268;65.36;99;38;0.768262580884862;0.750054277029961;1.3397979797979798;10.909809291567841;72;41;0.09025282039955795;True;ok;5;0.21;0.2;2
100;3206;64.12;97;34;0.7602090584518176;0.7442731960215266;1.3523232323232324;14.587781974834396;78;21;0.11547357160817806;True;ok;6;0.21;0.2;2
100;3074;61.48;91;35;0.741474878207088;0.7239386666259;1.378989898989899;13.41907573075481;73;31;0.13550465293072378;True;ok;7;0.21;0.2;2
100;3069;61.38;94;30;0.7392220047842248;0.7223959770643609;1.38;8.462692984551268;67;38;0.1444537190048087;True;ok;8;0.21;0.2;2
100;3179;63.58;96;31;0.7589143793329645;0.7423518597019333;1.3577777777777778;14.956232348764285;76;26;0.15023339786515744;True;ok;9;0.21;0.2;2
100;3175;63.5;99;37;0.7609002266143945;0.7366296958855099;1.3585858585858586;6.527324969560108;62;54;0.09452422810819416;True;ok;0;0.21;0.3;2
100;3582;71.64;99;43;0.8200845143377687;0.7995408003086548;1.2763636363636364;11.316550020561806;80;36;0.1115216500031514;True;ok;1;0.21;0.3;2
100;3603;72.06;98;42;0.8178609643568047;0.8020064286542858;1.2721212121212122;12.752235302315134;78;46;0.08695652173913043;True;ok;2;0.21;0.3;2
100;3161;63.22;99;35;0.75980435713091;0.7352260565213619;1.3614141414141414;6.183397220833534;59;61;0.09260701182658937;True;ok;3;0.21;0.3;2
100;3022;60.44;99;33;0.7428346807592202;0.7194651985843492;1.3894949494949496;10.904415632471402;75;20;0.08338657083718076;True;ok;4;0.21;0.3;2
100;3476;69.52;99;44;0.797627145444385;0.7784229166164743;1.2977777777777777;9.30498535270813;74;43;0.13457556963189443;True;ok;5;0.21;0.3;2
100;3416;68.32;99;40;0.7933292131765944;0.7735927306810217;1.30989898989899;6.636366360884739;66;56;0.1376357527545048;True;ok;6;0.21;0.3;2
100;3276;65.52;97;38;0.7724385314181803;0.7512038956309043;1.3381818181818181;4.15352601981561;48;92;0.1357691472732147;True;ok;7;0.21;0.3;2
100;3270;65.4;99;35;0.7736358904152965;0.750796164018784;1.3393939393939394;6.795031676216921;67;43;0.10408596139028481;True;ok;8;0.21;0.3;2
100;3376;67.52;99;35;0.7879185269609679;0.7684231026511655;1.317979797979798;7.670853156472714;70;45;0.12442422958744029;True;ok;9;0.21;0.3;2
100;3369;67.38;99;42;0.79206493823169;0.7652604259433602;1.3193939393939393;5.670461809409475;62;59;0.12683513786404588;True;ok;0;0.21;0.4;2
100;3780;75.6;99;49;0.8451187754526616;0.8255078243707895;1.2363636363636363;5.024796642761568;62;80;0.1520499294648332;True;ok;1;0.21;0.4;2
100;3779;75.58;99;47;0.8378078674970406;0.8224093299731551;1.2365656565656566;12.77523393648095;82;41;0.11219248199477977;True;ok;2;0.21;0.4;2
100;3336;66.72;99;39;0.7840804169426303;0.7591511452767372;1.3260606060606062;6.254636526218518;62;61;0.08815487797018429;True;ok;3;0.21;0.4;2
100;3191;63.82;99;39;0.7659325015315547;0.7404210764615994;1.3553535353535353;7.4821768362532355;68;40;0.09630436635301916;True;ok;4;0.21;0.4;2
100;3654;73.08;99;45;0.8213747771215529;0.8027478062811172;1.2618181818181817;7.2759692407730485;71;56;0.13282532069055897;True;ok;5;0.21;0.4;2
100;3610;72.2;99;48;0.8196218520197291;0.7988507462686567;1.2707070707070707;6.004536912713078;66;63;0.13323157495588622;True;ok;6;0.21;0.4;2
100;3467;69.34;99;46;0.8012446964697386;0.7770228685210885;1.2995959595959596;4.416949998867418;52;92;0.12100888023657086;True;ok;7;0.21;0.4;2
100;3439;68.78;99;39;0.7979187217575887;0.7742362143008769;1.3052525252525253;4.665596301512879;53;91;0.1043864745294828;True;ok;8;0.21;0.4;2
100;3571;71.42;99;42;0.814179378819473;0.7931144660116622;1.2785858585858585;5.146712971432476;60;76;0.1357388297442076;True;ok;9;0.21;0.4;2
100;3509;70.18;99;45;0.8124318561515064;0.7850651947216973;1.291111111111111;5.365477227723404;61;68;0.12075823085638548;True;ok;0;0.21;0.5;2
100;3933;78.66;99;55;0.8645611889173689;0.8463741304375372;1.2054545454545456;4.9995840652741315;63;86;0.1640223633336706;True;ok;1;0.21;0.5;2
100;3936;78.72;99;51;0.8576146744977704;0.8432113453576358;1.2048484848484848;8.441203907719757;78;55;0.17078083934483929;True;ok;2;0.21;0.5;2
100;3473;69.46;99;43;0.803559690498235;0.7788078353941175;1.2983838383838384;5.999851051177075;63;64;0.10436527267699824;True;ok;3;0.21;0.5;2
100;3323;66.46;99;40;0.7858993844233697;0.759136899965591;1.3286868686868687;4.283085327613506;49;93;0.10761721408634928;True;ok;4;0.21;0.5;2
100;3797;75.94;99;50;0.8403549725852126;0.8227267791456843;1.232929292929293;5.815034906785799;65;79;0.13188274319926008;True;ok;5;0.21;0.5;2
100;3746;74.92;99;51;0.8375692906726951;0.8174469904775811;1.2432323232323232;4.9081626326061585;59;89;0.1322850494290707;True;ok;6;0.21;0.5;2
100;3632;72.64;99;49;0.8236606430662852;0.8000456382360086;1.2662626262626262;4.7839782572279965;56;92;0.11578846539083842;True;ok;7;0.21;0.5;2
100;3569;71.38;99;43;0.8146102535367459;0.7919568046391635;1.278989898989899;5.117007653991587;57;89;0.10301603957392402;True;ok;8;0.21;0.5;2
100;3703;74.06;99;44;0.8321856619704481;0.8118610495825523;1.2519191919191919;4.986204922048609;60;83;0.14335406024057817;True;ok;9;0.21;0.5;2
100;3607;72.14;99;49;0.8240845746235701;0.7980292815849133;1.2713131313131314;4.8775219147297015;57;87;0.12097872049631048;True;ok;0;0.21;0.6;2
100;4033;80.66;99;59;0.8773280992811924;0.8602877867369165;1.1852525252525252;5.286989486681347;65;89;0.1646923405756474;True;ok;1;0.21;0.6;2
100;4062;81.24;99;56;0.8732744779240691;0.860453709380748;1.1793939393939394;4.879391986024794;63;95;0.1731793585617325;True;ok;2;0.21;0.6;2
100;3611;72.22;99;47;0.8206600534545773;0.7970360104611396;1.2705050505050506;5.341929041101713;60;80;0.11368420959604453;True;ok;3;0.21;0.6;2
100;3463;69.26;99;42;0.8044270037540749;0.7779404548343242;1.3004040404040405;4.765219954880606;56;78;0.11703263593957014;True;ok;4;0.21;0.6;2
100;3916;78.32;99;55;0.8541990397060271;0.838786791213369;1.208888888888889;5.942237637300072;67;80;0.14520857027395462;True;ok;5;0.21;0.6;2
100;3863;77.26;99;56;0.8518875936495673;0.8333978582115016;1.2195959595959596;5.383370192174714;63;86;0.13790115498093125;True;ok;6;0.21;0.6;2
100;3757;75.14;99;52;0.8393842583332759;0.8174503455274731;1.2410101010101011;4.836238699427579;57;99;0.1202879460439682;True;ok;7;0.21;0.6;2
100;3676;73.52;99;48;0.8262147581612815;0.8052846523956323;1.2573737373737375;5.128100095303242;59;87;0.11805177489154328;True;ok;8;0.21;0.6;2
100;3826;76.52;99;49;0.8479474114108146;0.8286900593773885;1.227070707070707;5.170594597178316;62;86;0.14202138242485596;True;ok;9;0.21;0.6;2
100;3699;73.98;99;50;0.8354439415213494;0.8108113866871218;1.2527272727272727;5.291113779410725;61;81;0.12518600308859773;True;ok;0;0.21;0.7;2
100;4124;82.48;99;63;0.8875824718131028;0.8727492562759869;1.1668686868686868;4.902049445435226;63;100;0.171414907541397;True;ok;1;0.21;0.7;2
100;4169;83.38;99;61;0.8862441452766232;0.875488044686369;1.1577777777777778;5.005000477918149;65;96;0.18543809265889188;True;ok;2;0.21;0.7;2
100;3708;74.16;99;50;0.8320724668400539;0.8103291211030963;1.250909090909091;5.08426220859765;59;89;0.12076095552306298;True;ok;3;0.21;0.7;2
100;3606;72.12;99;44;0.8242564082841279;0.798029281792617;1.2715151515151515;4.692396212135362;56;88;0.12199078211207293;True;ok;4;0.21;0.7;2
100;4014;80.28;99;57;0.8658769188717986;0.8524928247526146;1.1890909090909092;6.5498318034287895;71;75;0.1580275434675632;True;ok;5;0.21;0.7;2
100;3961;79.22;99;58;0.8643239807160061;0.847472907236632;1.1997979797979799;5.371655234517189;64;89;0.14851389665336023;True;ok;6;0.21;0.7;2
100;3870;77.4;99;57;0.8531128157374542;0.8332946881990824;1.2181818181818183;5.36323674344704;61;97;0.12702315070223602;True;ok;7;0.21;0.7;2
100;3779;75.58;99;51;0.8382601193167392;0.8191615291453126;1.2365656565656566;5.454040624325968;62;85;0.1243784589666811;True;ok;8;0.21;0.7;2
100;3916;78.32;99;55;0.8593490071006271;0.8414318408469073;1.208888888888889;5.015931093305834;62;90;0.15268208724712407;True;ok;9;0.21;0.7;2
100;3789;75.78;99;52;0.8445361810513748;0.8224094510133125;1.2345454545454546;5.273813800104191;62;83;0.13532408620091607;True;ok;0;0.21;0.8;2
100;4181;83.62;99;63;0.8946636484001982;0.8809334716338014;1.1553535353535354;5.302798173801089;66;97;0.17470882871103255;True;ok;1;0.21;0.8;2
100;4269;85.38;99;64;0.8985368428923127;0.8896156299927477;1.1375757575757577;5.667884546693308;69;96;0.1854131655483835;True;ok;2;0.21;0.8;2
100;3814;76.28;99;53;0.8432248404131752;0.8243350996719657;1.2294949494949494;5.65013796593277;64;81;0.1315246291065283;True;ok;3;0.21;0.8;2
100;3713;74.26;99;50;0.838391925692875;0.813251994765061;1.2498989898989898;4.825059791049759;58;89;0.12935808333869547;True;ok;4;0.21;0.8;2
100;4092;81.84;99;60;0.8748075718189097;0.8633100535975312;1.1733333333333333;6.584213998396201;72;77;0.16892274763499382;True;ok;5;0.21;0.8;2
100;4040;80.8;99;62;0.872372574005137;0.8576125648759545;1.183838383838384;5.354412441972496;64;96;0.1496352212647909;True;ok;6;0.21;0.8;2
100;3960;79.2;99;60;0.8642192275313206;0.84598012505513;1.2;5.313894366232172;62;99;0.14288897903911446;True;ok;7;0.21;0.8;2
100;3884;77.68;99;57;0.849721055319042;0.8330687865107141;1.2153535353535354;5.52471576743627;63;90;0.12936670718800536;True;ok;8;0.21;0.8;2
100;3977;79.54;99;57;0.8664056968763616;0.8498852081631132;1.1965656565656566;5.123550607189925;63;92;0.15508475090637552;True;ok;9;0.21;0.8;2
100;3859;77.18;99;53;0.8521866481857947;0.832024627758138;1.2204040404040404;5.3844594433141975;63;86;0.13783327946169788;True;ok;0;0.21;0.9;2
100;4237;84.74;99;65;0.9005198288911318;0.8885118357887767;1.144040404040404;5.411720334389824;67;99;0.17862694519414146;True;ok;1;0.21;0.9;2
100;4337;86.74;99;66;0.9074416791859865;0.8995069432865683;1.1238383838383839;5.735403681457144;70;98;0.19370721804707236;True;ok;2;0.21;0.9;2
100;3884;77.68;99;55;0.850805007065662;0.8336152605007027;1.2153535353535354;5.049151174202937;61;93;0.1407478619258009;True;ok;3;0.21;0.9;2
100;3795;75.9;99;50;0.8487499402612501;0.8246389337150497;1.2333333333333334;4.89586399113713;59;92;0.13312980372194538;True;ok;4;0.21;0.9;2
100;4180;83.6;99;62;0.8849320946449386;0.8753367607940883;1.1555555555555554;7.25021743755184;75;76;0.17635456769974722;True;ok;5;0.21;0.9;2
100;4106;82.12;99;63;0.8795847049595538;0.8665098043812046;1.1705050505050505;5.172238986339526;64;99;0.16201213395255099;True;ok;6;0.21;0.9;2
100;4027;80.54;99;62;0.8717969218380085;0.8552516650289332;1.1864646464646464;5.043474761217539;62;100;0.1581637907390291;True;ok;7;0.21;0.9;2
100;3962;79.24;99;59;0.8598515018787452;0.844179358824156;1.1995959595959595;5.326400818397806;63;94;0.14149812551002072;True;ok;8;0.21;0.9;2
100;4054;81.08;99;59;0.8744725464430811;0.8600092375428137;1.181010101010101;5.4734507821432095;66;89;0.16302883287767767;True;ok;9;0.21;0.9;2
100;3916;78.32;99;56;0.8583287994763809;0.8396220381798996;1.208888888888889;5.219742168403797;63;88;0.1484865813428553;True;ok;0;0.21;1.0;2
100;4289;85.78;99;66;0.9063676471099644;0.8958008450111427;1.1335353535353536;5.695457488836386;69;98;0.1858461145874294;True;ok;1;0.21;1.0;2
100;4391;87.82;99;70;0.9142799424124286;0.9074249858390645;1.1129292929292929;6.108787746792385;72;98;0.1988948164371933;True;ok;2;0.21;1.0;2
100;3955;79.1;99;58;0.8588363297236355;0.8431982535992778;1.201010101010101;6.303109837948381;69;76;0.14741649127936574;True;ok;3;0.21;1.0;2
100;3850;77.0;99;54;0.8546379830265494;0.8317326818939526;1.2222222222222223;4.80669446775752;59;95;0.13941808110935594;True;ok;4;0.21;1.0;2
100;4257;85.14;99;66;0.8939521718346723;0.885944833264718;1.14;7.898360824837609;77;78;0.1766371577305207;True;ok;5;0.21;1.0;2
100;4178;83.56;99;65;0.8882584770813408;0.8766887003886635;1.1559595959595959;6.005018335197322;69;92;0.16416579549768573;True;ok;6;0.21;1.0;2
100;4080;81.6;99;63;0.878142357286572;0.8627954748613273;1.1757575757575758;5.07654601663204;63;100;0.15841483387722943;True;ok;7;0.21;1.0;2
100;4035;80.7;99;62;0.8680876463395069;0.8541185235887201;1.1848484848484848;5.757702281110748;66;91;0.14528146651778395;True;ok;8;0.21;1.0;2
100;4130;82.6;99;62;0.883430589837307;0.870766082871311;1.1656565656565656;5.95139479926794;69;87;0.16737481143726274;True;ok;9;0.21;1.0;2
100;3425;68.5;86;46;0.7614225911226505;0.7578255991326601;1.3080808080808082;18.16762090664712;74;49;0.127173107156833;True;ok;0;0.31;0.0;2
100;3641;72.82;88;45;0.7969851603443666;0.79573613126465;1.2644444444444445;25.90493995843248;80;42;0.17165213228234127;True;ok;1;0.31;0.0;2
100;3816;76.32;91;42;0.8302632790777515;0.8281226247783127;1.229090909090909;39.50167924367816;84;44;0.18414388343399873;True;ok;2;0.31;0.0;2
100;3494;69.88;87;38;0.7709297871377326;0.7679986402376346;1.294141414141414;24.198520834061835;77;36;0.1388888888888889;True;ok;3;0.31;0.0;2
100;3292;65.84;83;42;0.7406335158187471;0.7383035219016268;1.3349494949494949;37.40201768736306;77;25;0.17481643668525187;True;ok;4;0.31;0.0;2
100;3686;73.72;92;45;0.7996490806677636;0.7988587887449949;1.2553535353535354;28.32314084911282;82;34;0.16901177322048477;True;ok;5;0.31;0.0;2
100;3619;72.38;89;42;0.7956489662491733;0.7927562820493541;1.268888888888889;36.975330164590495;82;30;0.16666666666666666;True;ok;6;0.31;0.0;2
100;3546;70.92;85;48;0.7721183661058485;0.7710207428314635;1.2836363636363637;4.542780555965558;54;94;0.2257868043369365;True;ok;7;0.31;0.0;2
100;3513;70.26;86;39;0.7691242290074808;0.7684002628036665;1.2903030303030303;28.459075263985465;78;38;0.18523767702996008;True;ok;8;0.31;0.0;2
100;3654;73.08;88;34;0.7993273435407745;0.7979679475827873;1.2618181818181817;41.64589491915225;82;36;0.2223487466308107;True;ok;9;0.31;0.0;2
100;3670;73.4;97;51;0.8015604452936449;0.7957722993253123;1.2585858585858587;14.946816159736494;78;47;0.13362707787482753;True;ok;0;0.31;0.1;2
100;3924;78.48;95;50;0.8406235563102364;0.836999584831213;1.2072727272727273;25.642849920667295;86;35;0.13361851719705292;True;ok;1;0.31;0.1;2
100;4006;80.12;96;48;0.8573940758258246;0.8538174960479972;1.1907070707070706;29.79103006911391;86;52;0.13797173140521757;True;ok;2;0.31;0.1;2
100;3721;74.42;95;45;0.8059593100588122;0.8017701963308658;1.2482828282828282;25.678932512916703;84;23;0.13043478260869565;True;ok;3;0.31;0.1;2
100;3508;70.16;91;46;0.7764664342064627;0.7716808842965277;1.2913131313131314;16.24395855844587;77;39;0.12956590845870603;True;ok;4;0.31;0.1;2
100;3933;78.66;99;53;0.8381232022364173;0.8348193381612454;1.2054545454545456;26.351181453028605;85;46;0.15217391304347827;True;ok;5;0.31;0.1;2
100;3837;76.74;97;46;0.8282753090547205;0.8232490174342437;1.2248484848484849;19.847641113339304;82;50;0.12;True;ok;6;0.31;0.1;2
100;3776;75.52;94;53;0.809908806928791;0.8071323130056959;1.2371717171717171;27.274126407257942;83;39;0.14505321709521668;True;ok;7;0.31;0.1;2
100;3766;75.32;93;45;0.8114063231394671;0.8084495144478808;1.2391919191919192;17.999155122647476;81;43;0.13551535543179904;True;ok;8;0.31;0.1;2
100;3861;77.22;96;41;0.8327106514626827;0.8291808104381033;1.22;26.339161367949494;84;45;0.16023375067556134;True;ok;9;0.31;0.1;2
100;3873;77.46;99;56;0.8345567975909032;0.8273995646150801;1.2175757575757575;12.34165737381621;80;50;0.1449862498819623;True;ok;0;0.31;0.2;2
100;4141;82.82;99;59;0.8744968337854605;0.8693081943437273;1.1634343434343435;29.05286163341432;91;33;0.1553806739081427;True;ok;1;0.31;0.2;2
100;4203;84.06;98;57;0.8838492022569912;0.879820529286511;1.1509090909090909;29.18036896326827;89;52;0.15260411871387458;True;ok;2;0.31;0.2;2
100;3908;78.16;99;52;0.8355418426951977;0.8300288901815629;1.2105050505050505;22.674336059171747;87;27;0.1111111111111111;True;ok;3;0.31;0.2;2
100;3714;74.28;99;51;0.8106118542236078;0.8033952528010477;1.2496969696969698;16.48082176080615;83;29;0.07215015643324327;True;ok;4;0.31;0.2;2
100;4097;81.94;99;55;0.8643671543849031;0.8603571968316339;1.1723232323232324;21.30385318513845;87;46;0.15225303176103153;True;ok;5;0.31;0.2;2
100;4035;80.7;99;55;0.8587893119362348;0.8525702579860445;1.1848484848484848;15.556550319321891;84;51;0.13900655629773612;True;ok;6;0.31;0.2;2
100;3989;79.78;98;60;0.8456949413711417;0.841065853254534;1.1941414141414142;17.314880447919364;85;42;0.15045014765278153;True;ok;7;0.31;0.2;2
100;3966;79.32;99;51;0.8447066827771417;0.8396914534498533;1.1987878787878787;19.89463672348956;88;27;0.10801689046223795;True;ok;8;0.31;0.2;2
100;4063;81.26;99;52;0.8630300430052312;0.8579055589625194;1.1791919191919191;23.643319701048206;89;31;0.1373460003971888;True;ok;9;0.31;0.2;2
100;4013;80.26;99;58;0.8568253517650577;0.8489619888441505;1.1892929292929293;11.194408255949279;82;48;0.14891581607027116;True;ok;0;0.31;0.3;2
100;4284;85.68;99;64;0.896199387322246;0.891081118535285;1.1345454545454545;6.568354668984183;73;90;0.19021306021047024;True;ok;1;0.31;0.3;2
100;4366;87.32;99;64;0.9070905439928632;0.9034158820692403;1.117979797979798;45.09360364536506;94;35;0.2;True;ok;2;0.31;0.3;2
100;4075;81.5;99;58;0.8621998335674382;0.8565396674242901;1.1767676767676767;12.428829157231243;82;56;0.125748684405733;True;ok;3;0.31;0.3;2
100;3873;77.46;99;52;0.8358905263389939;0.827894143475939;1.2175757575757575;15.793630435567021;84;40;0.1;True;ok;4;0.31;0.3;2
100;4228;84.56;99;58;0.8848784437686973;0.8807173637162341;1.145858585858586;15.60661620089427;87;49;0.15485137352070738;True;ok;5;0.31;0.3;2
100;4185;83.7;99;62;0.881549190939475;0.8752884998010346;1.1545454545454545;31.00395091802696;93;28;0.1532234872729501;True;ok;6;0.31;0.3;2
100;4147;82.94;99;64;0.8722609924453798;0.8668680788693881;1.1622222222222223;6.617876058272948;71;87;0.15449298848417037;True;ok;7;0.31;0.3;2
100;4107;82.14;99;56;0.8670582728595122;0.8616081039236793;1.1703030303030304;18.483083797687243;89;33;0.16087229849638957;True;ok;8;0.31;0.3;2
100;4192;83.84;99;57;0.8809849750188503;0.8758555019936916;1.1531313131313132;26.352695065009666;92;30;0.15580572424056016;True;ok;9;0.31;0.3;2
100;4119;82.38;99;60;0.8733932429043285;0.8654361207948787;1.167878787878788;5.243688159769321;65;97;0.17332546204042054;True;ok;0;0.31;0.4;2
100;4388;87.76;99;67;0.9113645081537097;0.9068111897189589;1.1135353535353536;7.873759224653601;78;84;0.19421684786445548;True;ok;1;0.31;0.4;2
100;4465;89.3;99;69;0.9212914826293787;0.9181676796253351;1.097979797979798;15.900962388064645;89;62;0.23463304042000865;True;ok;2;0.31;0.4;2
100;4172;83.44;99;62;0.8769874555937541;0.8716172127206538;1.157171717171717;12.28748674009483;83;59;0.13838450854436435;True;ok;3;0.31;0.4;2
100;4013;80.26;99;57;0.8584720160793112;0.8497733716274808;1.1892929292929293;6.287561367787951;69;82;0.151347425353351;True;ok;4;0.31;0.4;2
100;4345;86.9;99;64;0.9027380084588359;0.8987889616835418;1.1222222222222222;16.18465485889675;89;49;0.1985101794937678;True;ok;5;0.31;0.4;2
100;4312;86.24;99;65;0.9011839243814108;0.8954299928354652;1.1288888888888888;5.778280029322389;70;97;0.20010066829433137;True;ok;6;0.31;0.4;2
100;4251;85.02;99;68;0.8887028037415544;0.8835214172702196;1.1412121212121211;6.685999200389938;72;92;0.16353509546758938;True;ok;7;0.31;0.4;2
100;4208;84.16;99;58;0.8827806362603537;0.8774969820951717;1.14989898989899;6.066640775971225;70;92;0.18042983458350326;True;ok;8;0.31;0.4;2
100;4309;86.18;99;62;0.8987346653745689;0.8938840699731658;1.1294949494949496;12.031505895820068;85;59;0.18600937752956603;True;ok;9;0.31;0.4;2
100;4205;84.1;99;62;0.8859668059275932;0.8788339285262011;1.1505050505050505;5.4599266144663625;67;98;0.17644478851259876;True;ok;0;0.31;0.5;2
100;4464;89.28;99;69;0.9226032192155192;0.9186911989385654;1.0981818181818181;7.781259064824806;78;91;0.1985474997777108;True;ok;1;0.31;0.5;2
100;4553;91.06;99;75;0.934536476796486;0.9320773353863138;1.0802020202020202;10.62365234999388;85;79;0.25459558757725337;True;ok;2;0.31;0.5;2
100;4261;85.22;99;64;0.8901357454059624;0.8854282627876868;1.139191919191919;12.363904768794685;84;62;0.15456752422908338;True;ok;3;0.31;0.5;2
100;4118;82.36;99;61;0.8747949814786172;0.8663195003144976;1.168080808080808;7.129459387990219;73;79;0.15452434781739588;True;ok;4;0.31;0.5;2
100;4447;88.94;99;69;0.917954351482784;0.9146856653682307;1.1016161616161617;7.2195504222763605;77;90;0.22708204864609288;True;ok;5;0.31;0.5;2
100;4376;87.52;99;68;0.9108513493169177;0.9054911688982448;1.115959595959596;6.584804504851;74;92;0.1976243936951183;True;ok;6;0.31;0.5;2
100;4337;86.74;99;71;0.9021524616431393;0.8974720668164937;1.1238383838383839;6.944752263181233;74;92;0.17724037356543199;True;ok;7;0.31;0.5;2
100;4286;85.72;99;63;0.8934319824763918;0.8887176476344244;1.1341414141414141;6.273446300441559;71;97;0.1824450497098497;True;ok;8;0.31;0.5;2
100;4379;87.58;99;64;0.908863174039883;0.9046533703294182;1.1153535353535353;8.414727751212212;79;82;0.1876275451975371;True;ok;9;0.31;0.5;2
100;4267;85.34;99;62;0.8943795313416076;0.8880518364207247;1.1379797979797979;6.242637097137749;71;94;0.17501875567596137;True;ok;0;0.31;0.6;2
100;4507;90.14;99;71;0.929016429630593;0.9254791559748924;1.0894949494949495;7.593992173856842;78;94;0.20761281033929346;True;ok;1;0.31;0.6;2
100;4616;92.32;99;77;0.9441178450384718;0.9421308088526632;1.0674747474747475;6.97657821741639;78;99;0.25159223241411693;True;ok;2;0.31;0.6;2
100;4342;86.84;99;68;0.9019107648463232;0.8977253741317994;1.1228282828282827;12.164439637007687;85;62;0.19043257547030124;True;ok;3;0.31;0.6;2
100;4196;83.92;99;64;0.8863391371786942;0.8782761335767886;1.1523232323232324;6.836872796258893;73;83;0.1689311483459266;True;ok;4;0.31;0.6;2
100;4516;90.32;99;72;0.9280916001015919;0.9254337847876459;1.0876767676767676;7.3799522063692695;78;93;0.22493304139129777;True;ok;5;0.31;0.6;2
100;4443;88.86;99;73;0.9201614261432475;0.915618884416098;1.1024242424242425;6.5688208449025876;74;99;0.19773415590260457;True;ok;6;0.31;0.6;2
100;4390;87.8;99;74;0.9094789430287465;0.9054093700102553;1.1131313131313132;7.427482488626303;75;98;0.16788549232506988;True;ok;7;0.31;0.6;2
100;4350;87.0;99;65;0.9026938244887139;0.8984882236826459;1.121212121212121;6.585326718711561;73;96;0.18716570104060404;True;ok;8;0.31;0.6;2
100;4446;88.92;99;68;0.9180349989628519;0.9146317357985646;1.1018181818181818;7.939742958746324;78;91;0.20164028319952537;True;ok;9;0.31;0.6;2
100;4319;86.38;99;65;0.9011044292369076;0.8955987060211756;1.1274747474747475;6.879938894489344;74;90;0.1806156139599283;True;ok;0;0.31;0.7;2
100;4543;90.86;99;71;0.9344938466277922;0.9313306389876519;1.0822222222222222;7.388049528101167;78;96;0.21806078477579383;True;ok;1;0.31;0.7;2
100;4656;93.12;99;79;0.9502935054286743;0.9486292550859196;1.0593939393939393;7.177392476049927;79;100;0.2597893064364535;True;ok;2;0.31;0.7;2
100;4406;88.12;99;70;0.9111655342621481;0.9075985897875655;1.10989898989899;9.057812660432125;81;76;0.20090466546379823;True;ok;3;0.31;0.7;2
100;4267;85.34;99;66;0.8962945268322575;0.889035291544791;1.1379797979797979;6.59296423574242;73;87;0.1819624791807416;True;ok;4;0.31;0.7;2
100;4568;91.36;99;74;0.9359191572444036;0.9337190774873999;1.0771717171717172;7.612060644269311;79;95;0.225798524776617;True;ok;5;0.31;0.7;2
100;4491;89.82;99;75;0.9275014408606073;0.9233583077339519;1.0927272727272728;6.698291657814852;75;100;0.2055580899978705;True;ok;6;0.31;0.7;2
100;4446;88.92;99;76;0.9183252703212007;0.914561099455745;1.1018181818181818;7.570424614101912;76;100;0.179187106617529;True;ok;7;0.31;0.7;2
100;4413;88.26;99;71;0.9120409362890863;0.9084013822325524;1.1084848484848484;7.096387728648829;75;97;0.18404946755808804;True;ok;8;0.31;0.7;2
100;4507;90.14;99;70;0.9272042171079384;0.9242472876677152;1.0894949494949495;8.705995886346615;80;92;0.19357399398574293;True;ok;9;0.31;0.7;2
100;4377;87.54;99;69;0.9092880295841398;0.9044190723626034;1.1157575757575757;6.477811305582877;73;97;0.18845948427905324;True;ok;0;0.31;0.8;2
100;4571;91.42;99;71;0.9387292600941152;0.9358548483560193;1.0765656565656565;7.661538277350973;79;96;0.22239000690668465;True;ok;1;0.31;0.8;2
100;4701;94.02;99;81;0.9572206283811446;0.9559410755735155;1.0503030303030303;7.8006007253759595;81;100;0.2591788701507377;True;ok;2;0.31;0.8;2
100;4449;88.98;99;71;0.9175724841197002;0.9143858245589163;1.1012121212121213;7.564717453935436;77;94;0.1920867446825506;True;ok;3;0.31;0.8;2
100;4322;86.44;99;69;0.903901991786816;0.8973382609971848;1.1268686868686868;5.589809168238925;69;100;0.19071361707102985;True;ok;4;0.31;0.8;2
100;4608;92.16;99;76;0.9421758624991936;0.94030444260871;1.069090909090909;7.86559713956441;80;96;0.23162469190981677;True;ok;5;0.31;0.8;2
100;4520;90.4;99;76;0.9318757585539476;0.9280834435169126;1.0868686868686868;6.9163604313289;76;100;0.20925411895293666;True;ok;6;0.31;0.8;2
100;4479;89.58;99;76;0.9233391149612306;0.9198875772906127;1.0951515151515152;7.733401946652312;77;99;0.1876397788465023;True;ok;7;0.31;0.8;2
100;4454;89.08;99;74;0.9180628991814914;0.9147636407733877;1.1002020202020202;7.334676344389187;76;98;0.18734508850259846;True;ok;8;0.31;0.8;2
100;4556;91.12;99;73;0.9344566320603094;0.9320389054045228;1.0795959595959597;8.351368408946733;80;95;0.21049953029059076;True;ok;9;0.31;0.8;2
100;4422;88.44;99;69;0.9161308887729862;0.9117259619442746;1.1066666666666667;6.932393073880302;75;96;0.19262295704103716;True;ok;0;0.31;0.9;2
100;4602;92.04;99;76;0.9427430941424704;0.9403601069267571;1.0703030303030303;8.027968579460785;80;97;0.22366353712766074;True;ok;1;0.31;0.9;2
100;4727;94.54;99;83;0.9612896925119653;0.9602331509869022;1.045050505050505;8.785413108739814;83;100;0.2805100487370937;True;ok;2;0.31;0.9;2
100;4485;89.7;99;73;0.9228693158712536;0.9200322114989068;1.093939393939394;8.590216511140893;80;88;0.19840921425307267;True;ok;3;0.31;0.9;2
100;4365;87.3;99;69;0.9098158960371631;0.9038885120358706;1.1181818181818182;5.947273826147763;71;99;0.19307596284371342;True;ok;4;0.31;0.9;2
100;4640;92.8;99;76;0.9474857277670542;0.9457627593680807;1.0626262626262626;8.726895743280885;82;95;0.2332249556370536;True;ok;5;0.31;0.9;2
100;4547;90.94;99;76;0.9359309292804285;0.9324169947100727;1.0814141414141414;7.097112839736775;77;99;0.21977393207212648;True;ok;6;0.31;0.9;2
100;4522;90.44;99;77;0.929241755287872;0.9263816025165998;1.0864646464646464;8.435014530659927;79;98;0.1907889214257753;True;ok;7;0.31;0.9;2
100;4486;89.72;99;76;0.9230185963330844;0.9199503614493859;1.0937373737373737;7.651179932422982;77;99;0.1941248921172321;True;ok;8;0.31;0.9;2
100;4601;92.02;99;76;0.9411653634407571;0.9391719926686356;1.0705050505050504;8.019656224852802;80;97;0.2240600648584109;True;ok;9;0.31;0.9;2
100;4463;89.26;99;70;0.9221955707791928;0.918177774091639;1.0983838383838385;7.7795533339683605;78;91;0.20126856122856107;True;ok;0;0.31;1.0;2
100;4620;92.4;99;76;0.9455092689211158;0.9432901951459534;1.0666666666666667;7.902006457619547;80;98;0.229748338583039;True;ok;1;0.31;1.0;2
100;4744;94.88;99;84;0.9640755480240425;0.963132835951193;1.0416161616161617;9.318276615453495;84;100;0.2807180748559538;True;ok;2;0.31;1.0;2
100;4523;90.46;99;74;0.9288152494838876;0.9262851885924563;1.0862626262626263;7.999987639786341;79;94;0.2060366539305405;True;ok;3;0.31;1.0;2
100;4408;88.16;99;71;0.9154610795501965;0.9101594240164567;1.1094949494949495;6.298300106029203;73;97;0.19905337438418202;True;ok;4;0.31;1.0;2
100;4672;93.44;99;79;0.9525892172970716;0.951132481686206;1.056161616161616;7.466246090274442;80;99;0.26161275821783975;True;ok;5;0.31;1.0;2
100;4581;91.62;99;76;0.9410564317465367;0.9379532981814269;1.0745454545454545;6.815872130887096;77;99;0.2318620770601374;True;ok;6;0.31;1.0;2
100;4550;91.0;99;79;0.9336882808693114;0.9310798882573186;1.0808080808080809;8.251746971198052;79;100;0.20047114084043505;True;ok;7;0.31;1.0;2
100;4524;90.48;99;77;0.9289085238922787;0.9261732130553437;1.0860606060606062;7.347007382180122;77;100;0.20848279986065837;True;ok;8;0.31;1.0;2
100;4625;92.5;99;78;0.944666618206503;0.9429371398748863;1.0656565656565657;8.389703564587094;81;97;0.23766400843508062;True;ok;9;0.31;1.0;2
100;4143;82.86;95;60;0.8591130208355813;0.8586323723813108;1.163030303030303;34.03272781847014;87;47;0.1702127659574468;True;ok;0;0.41;0.0;2
100;4230;84.6;95;60;0.8777936405447925;0.8772683417928604;1.1454545454545455;42.42483562952564;89;48;0.20588259822239147;True;ok;1;0.41;0.0;2
100;4377;87.54;97;61;0.9042536860429655;0.9037701186671441;1.1157575757575757;50.473893008762616;91;61;0.23733379477989577;True;ok;2;0.41;0.0;2
100;4191;83.82;96;59;0.8660703474676571;0.8658845692755609;1.1533333333333333;31.972827986052494;87;50;0.17811031406692301;True;ok;3;0.41;0.0;2
100;4005;80.1;92;58;0.8353431385367059;0.8350553113918994;1.190909090909091;24.882241239626964;83;53;0.17549410212031502;True;ok;4;0.41;0.0;2
100;4267;85.34;96;59;0.8832852438482862;0.8826610286920852;1.1379797979797979;23.425644550303957;87;62;0.22600547672898935;True;ok;5;0.41;0.0;2
100;4256;85.12;96;59;0.8822772918372711;0.8810992801937174;1.1402020202020202;38.49481246262045;89;52;0.19230769230769232;True;ok;6;0.41;0.0;2
100;4227;84.54;95;65;0.8705314409763433;0.8702977307722568;1.146060606060606;40.42700834054199;88;51;0.24185390294792167;True;ok;7;0.41;0.0;2
100;4239;84.78;97;53;0.8747062123965774;0.8744896905634263;1.1436363636363636;37.88957753707728;88;55;0.19541632744966336;True;ok;8;0.41;0.0;2
100;4258;85.16;95;55;0.8807650030219552;0.8808495479424061;1.1397979797979798;41.384953729429604;89;53;0.1961782205710575;True;ok;9;0.41;0.0;2
100;4295;85.9;99;66;0.885901297257147;0.8849878901716035;1.1323232323232324;35.81656373651225;90;46;0.17391304347826086;True;ok;0;0.41;0.1;2
100;4448;88.96;99;68;0.9139709343487807;0.9127364054948819;1.1014141414141414;47.81293576253939;93;46;0.1956521739130435;True;ok;1;0.41;0.1;2
100;4523;90.46;98;67;0.9264869524167222;0.9256663851185448;1.0862626262626263;47.885431532223066;93;60;0.19435013813741703;True;ok;2;0.41;0.1;2
100;4364;87.28;98;66;0.8964989861001758;0.8957805517841372;1.1183838383838385;36.52604802972657;91;42;0.1809243227100255;True;ok;3;0.41;0.1;2
100;4223;84.46;97;63;0.8735546349196881;0.8721624447667555;1.1468686868686868;17.67865300755346;85;57;0.17064752860655652;True;ok;4;0.41;0.1;2
100;4452;89.04;99;64;0.9137778312810836;0.9129047290999717;1.1006060606060606;47.240426670715316;93;44;0.2170498758076404;True;ok;5;0.41;0.1;2
100;4425;88.5;99;65;0.9105302045728036;0.9090596932696127;1.106060606060606;38.24869610835994;92;50;0.19737106997558962;True;ok;6;0.41;0.1;2
100;4403;88.06;98;71;0.9019896449750546;0.9013136233657483;1.1105050505050504;24.80078371219564;89;60;0.19438359654621962;True;ok;7;0.41;0.1;2
100;4404;88.08;99;59;0.9035404235536835;0.9027172871665536;1.1103030303030303;31.24637902229944;91;45;0.15555555555555556;True;ok;8;0.41;0.1;2
100;4452;89.04;99;67;0.9126644790540989;0.9119139996401446;1.1006060606060606;38.27839064523071;92;52;0.18605713056758072;True;ok;9;0.41;0.1;2
100;4435;88.7;99;72;0.9101227602142372;0.9087438879597595;1.104040404040404;37.50109774923995;94;32;0.19540524505285206;True;ok;0;0.41;0.2;2
100;4563;91.26;99;72;0.933027306529259;0.9318637855223221;1.0781818181818181;30.131270551252715;93;56;0.21196822046360908;True;ok;1;0.41;0.2;2
100;4630;92.6;99;74;0.9438295237753445;0.9430201302893362;1.0646464646464646;40.66321678559922;94;63;0.2010660822253572;True;ok;2;0.41;0.2;2
100;4485;89.7;99;70;0.917877637166209;0.9169490254872563;1.093939393939394;19.916376443394263;89;66;0.17653694593929;True;ok;3;0.41;0.2;2
100;4350;87.0;99;70;0.8960618828785277;0.8943464968220424;1.121212121212121;15.841335826490385;86;62;0.17303444877942734;True;ok;4;0.41;0.2;2
100;4555;91.1;99;69;0.9307339838170909;0.9298840407614293;1.0797979797979798;57.43977253383702;95;41;0.22671334244309368;True;ok;5;0.41;0.2;2
100;4551;91.02;99;71;0.931668669391009;0.9302239240580048;1.0806060606060606;34.88756154817808;94;47;0.21624117439159551;True;ok;6;0.41;0.2;2
100;4528;90.56;99;76;0.9240496526968889;0.9231732069535082;1.0852525252525254;16.605811834754558;88;71;0.19042009798102294;True;ok;7;0.41;0.2;2
100;4499;89.98;99;67;0.9197617589257608;0.9189520826450798;1.0911111111111111;33.73570184689217;93;42;0.17634729556608789;True;ok;8;0.41;0.2;2
100;4567;91.34;99;71;0.9322495165034609;0.9314054868857401;1.0773737373737373;46.9639022375031;95;40;0.1911931829611319;True;ok;9;0.41;0.2;2
100;4509;90.18;99;74;0.9231740571453328;0.9217911480799417;1.089090909090909;20.813347576566642;91;53;0.18834507844581483;True;ok;0;0.41;0.3;2
100;4647;92.94;99;78;0.9468533632732958;0.94582686416852;1.0612121212121213;12.655505037286634;87;84;0.2301480352827711;True;ok;1;0.41;0.3;2
100;4717;94.34;99;79;0.9582158678116971;0.9576697287601239;1.047070707070707;42.20107328774849;95;67;0.23287111475259525;True;ok;2;0.41;0.3;2
100;4571;91.42;99;72;0.9326991574428124;0.9318590080089384;1.0765656565656565;19.334273988711626;90;68;0.2112064771565917;True;ok;3;0.41;0.3;2
100;4450;89.0;99;73;0.9140027196964857;0.9121670960021095;1.101010101010101;14.896051088624835;87;65;0.17613528730262762;True;ok;4;0.41;0.3;2
100;4641;92.82;99;75;0.9453498219429827;0.9445268951655312;1.0624242424242425;43.32121859532054;95;53;0.22744096963121513;True;ok;5;0.41;0.3;2
100;4635;92.7;99;77;0.9455909386682986;0.9443839370410708;1.0636363636363637;10.007744225339435;84;91;0.23757927668998574;True;ok;6;0.41;0.3;2
100;4608;92.16;99;77;0.938577148268029;0.9377289724723218;1.069090909090909;13.624157453428376;87;81;0.19847599583281111;True;ok;7;0.41;0.3;2
100;4572;91.44;99;72;0.931701282702069;0.9310242690157058;1.0763636363636364;39.373016596496925;94;46;0.17391304347826086;True;ok;8;0.41;0.3;2
100;4636;92.72;99;74;0.9441038193701672;0.9433677616737374;1.0634343434343434;31.68992559603464;94;54;0.21666945468577276;True;ok;9;0.41;0.3;2
100;4587;91.74;99;75;0.9362211267652296;0.9351377846852771;1.0733333333333333;11.701514026287693;85;87;0.19560757532957418;True;ok;0;0.41;0.4;2
100;4699;93.98;99;79;0.9555328788177205;0.9547455047809829;1.0507070707070707;12.418596929980358;87;91;0.23816056248875256;True;ok;1;0.41;0.4;2
100;4770;95.4;99;84;0.9673826874658851;0.9669747340425532;1.0363636363636364;36.47053354317765;95;73;0.30322882453485445;True;ok;2;0.41;0.4;2
100;4621;92.42;99;73;0.9414399084530497;0.9406736508595084;1.0664646464646466;23.72353534160444;92;64;0.20518601206326936;True;ok;3;0.41;0.4;2
100;4512;90.24;99;75;0.9248580695913076;0.9230888819793008;1.0884848484848484;14.053836356654397;87;71;0.18692445864711466;True;ok;4;0.41;0.4;2
100;4698;93.96;99;77;0.9550368108480528;0.9543711481396941;1.050909090909091;24.52121296806771;93;68;0.2613983564302446;True;ok;5;0.41;0.4;2
100;4670;93.4;99;79;0.9512463360100297;0.9501831856997417;1.0565656565656565;9.729300853880979;84;93;0.23829383500740142;True;ok;6;0.41;0.4;2
100;4665;93.3;99;81;0.9480878384318889;0.9474561671621885;1.0575757575757576;14.84946593138169;88;86;0.2055076791870052;True;ok;7;0.41;0.4;2
100;4634;92.68;99;77;0.9423682666446712;0.9417513765105253;1.0638383838383838;23.34114707700097;92;62;0.19430916442434132;True;ok;8;0.41;0.4;2
100;4699;93.98;99;77;0.9548574655497744;0.9542790767728125;1.0507070707070707;13.819884433502144;88;89;0.23361028116477794;True;ok;9;0.41;0.4;2
100;4636;92.72;99;76;0.9444034499849323;0.9435552442769369;1.0634343434343434;13.20663422954505;87;85;0.21117686205776687;True;ok;0;0.41;0.5;2
100;4733;94.66;99;81;0.9612696001083242;0.9606312322257821;1.0438383838383838;11.993123422890735;87;94;0.25688320136550785;True;ok;1;0.41;0.5;2
100;4808;96.16;99;87;0.9741023230937391;0.9737816109011235;1.0286868686868686;11.067932413590306;87;100;0.32755963795752363;True;ok;2;0.41;0.5;2
100;4657;93.14;99;77;0.9475589554424956;0.9468374889404421;1.0591919191919192;19.387725497828455;91;71;0.22610907597889557;True;ok;3;0.41;0.5;2
100;4566;91.32;99;76;0.9340423873538926;0.932422852678636;1.0775757575757576;10.0028399763761;83;88;0.20453548251368892;True;ok;4;0.41;0.5;2
100;4743;94.86;99;81;0.9627695394859527;0.9622423347457912;1.0418181818181818;12.973089041851454;88;92;0.28515882725904734;True;ok;5;0.41;0.5;2
100;4705;94.1;99;81;0.9570161066275351;0.9561158986285223;1.0494949494949495;10.142181575404484;85;93;0.2489200194996876;True;ok;6;0.41;0.5;2
100;4698;93.96;99;82;0.9540604250285177;0.9534707393662575;1.050909090909091;14.216871331377497;88;89;0.2114588727777576;True;ok;7;0.41;0.5;2
100;4675;93.5;99;78;0.9498459007266484;0.9492521207397859;1.0555555555555556;14.733222921194436;88;88;0.22078787426318613;True;ok;8;0.41;0.5;2
100;4728;94.56;99;81;0.9595522204897169;0.9590941997117786;1.044848484848485;14.823611272855036;89;88;0.23480579223226855;True;ok;9;0.41;0.5;2
100;4674;93.48;99;78;0.9511147806503734;0.9503474159354871;1.0557575757575757;12.730511800320086;87;89;0.21965003683406603;True;ok;0;0.41;0.6;2
100;4752;95.04;99;82;0.964381309923891;0.9638336064585556;1.04;13.17810047457675;88;95;0.24289080226140441;True;ok;1;0.41;0.6;2
100;4827;96.54;99;87;0.9775665464455164;0.977285818849587;1.024848484848485;11.753948188633425;88;99;0.3286118601621059;True;ok;2;0.41;0.6;2
100;4697;93.94;99;79;0.9544513214730032;0.953863687753093;1.051111111111111;20.994901680130248;92;71;0.23078895623585383;True;ok;3;0.41;0.6;2
100;4603;92.06;99;77;0.9403126880043647;0.9388601405241169;1.07010101010101;11.702789810610188;86;80;0.22164926024415;True;ok;4;0.41;0.6;2
100;4774;95.48;99;81;0.9681658716869515;0.967742149608808;1.0355555555555556;15.124590769083346;90;88;0.2840501992931336;True;ok;5;0.41;0.6;2
100;4724;94.48;99;83;0.9602886367578742;0.9594589407756446;1.0456565656565657;10.73203032418747;86;92;0.25527939256921645;True;ok;6;0.41;0.6;2
100;4716;94.32;99;85;0.957065234078216;0.956556630078481;1.0472727272727274;13.995517868972101;88;91;0.21639463063631237;True;ok;7;0.41;0.6;2
100;4712;94.24;99;81;0.9565379652516129;0.9559944056452125;1.0480808080808082;14.113405101112122;88;92;0.23291264357727864;True;ok;8;0.41;0.6;2
100;4766;95.32;99;83;0.9664181891708762;0.9660217670279703;1.0371717171717172;11.640860738009025;87;97;0.2573159488645185;True;ok;9;0.41;0.6;2
100;4702;94.04;99;80;0.9559085023165944;0.9552356146215741;1.0501010101010102;13.594082389553046;88;89;0.2268720095383312;True;ok;0;0.41;0.7;2
100;4772;95.44;99;83;0.9677343857949654;0.9672796609043437;1.035959595959596;12.616324962487042;88;95;0.2562789115603228;True;ok;1;0.41;0.7;2
100;4844;96.88;99;89;0.9805375492017044;0.9803116074193882;1.0214141414141413;12.864175685187446;89;100;0.3398390559013021;True;ok;2;0.41;0.7;2
100;4720;94.4;99;81;0.9582353522491179;0.9577347835038951;1.0464646464646465;23.562068304949406;93;68;0.24890210286536227;True;ok;3;0.41;0.7;2
100;4631;92.62;99;79;0.9446483993397501;0.9433766148446042;1.0644444444444445;11.123644792277748;85;89;0.22901980378604947;True;ok;4;0.41;0.7;2
100;4789;95.78;99;82;0.9707700014296328;0.9703924436185303;1.0325252525252526;15.154986995517572;90;91;0.3040460999357842;True;ok;5;0.41;0.7;2
100;4744;94.88;99;83;0.9634782214521665;0.9627785728202958;1.0416161616161617;10.932573894990215;86;97;0.25228272375484584;True;ok;6;0.41;0.7;2
100;4739;94.78;99;86;0.9610910021227683;0.9606556125427779;1.0426262626262626;12.681407791588878;87;99;0.22104810601516345;True;ok;7;0.41;0.7;2
100;4736;94.72;99;83;0.960800379799531;0.9603226343073209;1.0432323232323233;14.952764659146872;89;90;0.2263350303755507;True;ok;8;0.41;0.7;2
100;4786;95.72;99;83;0.9698530062084947;0.9695227901875673;1.0331313131313131;12.673297701026899;88;98;0.2607492990564594;True;ok;9;0.41;0.7;2
100;4728;94.56;99;82;0.9602979573663837;0.9597059108669136;1.044848484848485;13.197979673540617;88;91;0.2377073283544079;True;ok;0;0.41;0.8;2
100;4791;95.82;99;84;0.9712121933561287;0.9708036414695083;1.0321212121212122;13.726567438428901;89;95;0.26442018647658255;True;ok;1;0.41;0.8;2
100;4855;97.1;99;89;0.9824890778578292;0.9822977582585123;1.0191919191919192;12.543622668689883;89;100;0.3411027782245218;True;ok;2;0.41;0.8;2
100;4744;94.88;99;84;0.9622554938230821;0.9618320610687023;1.0416161616161617;28.142675308960396;94;68;0.2697484894092848;True;ok;3;0.41;0.8;2
100;4653;93.06;99;80;0.9482377787745484;0.9470666601566587;1.06;10.178262458151815;84;94;0.22134858167729787;True;ok;4;0.41;0.8;2
100;4811;96.22;99;82;0.9745438867531759;0.9742398151579222;1.0280808080808082;16.90081765090315;91;92;0.2900483382814605;True;ok;5;0.41;0.8;2
100;4762;95.24;99;85;0.966305634263005;0.9657331400467801;1.037979797979798;10.797394957886455;86;99;0.2555896634751275;True;ok;6;0.41;0.8;2
100;4751;95.02;99;87;0.963174665920311;0.9627838693603206;1.0402020202020201;13.586225620610406;88;96;0.22708205272799697;True;ok;7;0.41;0.8;2
100;4754;95.08;99;85;0.9637930174951745;0.9633991216324782;1.0395959595959596;14.890095830893374;89;93;0.23128239771445275;True;ok;8;0.41;0.8;2
100;4801;96.02;99;86;0.9724255564027706;0.9721476759814202;1.0301010101010102;12.284369156486745;88;98;0.27897613320348136;True;ok;9;0.41;0.8;2
100;4745;94.9;99;82;0.9631176232701564;0.9625946831877588;1.0414141414141413;14.090368748198367;89;88;0.24810381189344533;True;ok;0;0.41;0.9;2
100;4806;96.12;99;86;0.9735951463312676;0.9732844936045293;1.029090909090909;13.596332196154169;89;97;0.2803927252648257;True;ok;1;0.41;0.9;2
100;4863;97.26;99;90;0.9838127500563293;0.9836600958408487;1.0175757575757576;13.957716048445944;90;100;0.34827557495258327;True;ok;2;0.41;0.9;2
100;4772;95.44;99;85;0.9672937401341111;0.9669267724366144;1.035959595959596;11.771991277433123;87;99;0.26889489601222416;True;ok;3;0.41;0.9;2
100;4670;93.4;99;80;0.951100868471334;0.9499995382725854;1.0565656565656565;11.54397988677569;86;89;0.22666027311303394;True;ok;4;0.41;0.9;2
100;4826;96.52;99;82;0.977332481413735;0.9770575122024139;1.025050505050505;18.928454492906326;92;91;0.313967356794674;True;ok;5;0.41;0.9;2
100;4777;95.54;99;86;0.9688313847287597;0.9683343314718602;1.0349494949494948;10.597209339966163;86;100;0.26499143671089137;True;ok;6;0.41;0.9;2
100;4765;95.3;99;87;0.965687132424573;0.9653347552237811;1.0373737373737373;13.394650250516708;88;98;0.23226425336046974;True;ok;7;0.41;0.9;2
100;4771;95.42;99;86;0.9669251778992741;0.9665489212331803;1.036161616161616;14.918048262820308;89;97;0.239004687321129;True;ok;8;0.41;0.9;2
100;4806;96.12;99;86;0.9733008624558012;0.9730385089259967;1.029090909090909;13.752516430387063;89;98;0.27868670185862215;True;ok;9;0.41;0.9;2
100;4757;95.14;99;82;0.9651705160206938;0.9646846236628618;1.038989898989899;14.058715690802503;89;90;0.2491002222432256;True;ok;0;0.41;1.0;2
100;4812;96.24;99;86;0.9745795849328797;0.974298576670647;1.0278787878787878;13.550963271175037;89;98;0.28213581486492323;True;ok;1;0.41;1.0;2
100;4872;97.44;99;90;0.9853890524594937;0.9852691892949587;1.0157575757575759;13.644341593617519;90;100;0.35930390566137343;True;ok;2;0.41;1.0;2
100;4787;95.74;99;86;0.9699407618420713;0.9696247897642718;1.032929292929293;15.752529455108295;90;93;0.2807868817942908;True;ok;3;0.41;1.0;2
100;4693;93.86;99;81;0.954872553077731;0.9539149008182438;1.051919191919192;11.414703981272547;86;92;0.23082291195823879;True;ok;4;0.41;1.0;2
100;4841;96.82;99;82;0.979954349378975;0.9797365972987873;1.022020202020202;18.674343225621044;92;94;0.3159117908876313;True;ok;5;0.41;1.0;2
100;4787;95.74;99;86;0.9705055823077329;0.9700664041607698;1.032929292929293;11.428912825906744;87;99;0.264338589630428;True;ok;6;0.41;1.0;2
100;4775;95.5;99;87;0.9674726845509519;0.9671513789074946;1.0353535353535352;14.805408721839292;89;97;0.23400306963588735;True;ok;7;0.41;1.0;2
100;4786;95.72;99;86;0.9696935532697072;0.9693513255177305;1.0331313131313131;14.32666397097052;89;97;0.2612255196621691;True;ok;8;0.41;1.0;2
100;4812;96.24;99;86;0.9744061109981204;0.9741504425935853;1.0278787878787878;12.113010223506599;88;99;0.2701105175688516;True;ok;9;0.41;1.0;2
100;4558;91.16;98;74;0.9265650757186363;0.9265194857479622;1.0791919191919193;43.82907926826821;93;48;0.20216192077063838;True;ok;0;0.51;0.0;2
100;4626;92.52;98;77;0.9399065522222122;0.9398685669750391;1.0654545454545454;66.13476455429486;94;65;0.26153846153846155;True;ok;1;0.51;0.0;2
100;4683;93.66;98;76;0.9501261301778127;0.9500726450141612;1.053939393939394;32.481023927298295;93;74;0.29409193756244556;True;ok;2;0.51;0.0;2
100;4612;92.24;99;76;0.9363238965254389;0.9362700489136617;1.0682828282828283;48.646708749002066;93;67;0.19402985074626866;True;ok;3;0.51;0.0;2
100;4491;89.82;97;73;0.9134630520497814;0.9133025379924402;1.0927272727272728;38.38090597218041;91;58;0.2287376527376349;True;ok;4;0.51;0.0;2
100;4621;92.42;99;75;0.9386829635582692;0.9387190179184572;1.0664646464646466;52.41544970758972;94;55;0.23780860424969602;True;ok;5;0.51;0.0;2
100;4642;92.84;99;73;0.9426434052346585;0.9424689960376679;1.0622222222222222;49.9548138329393;94;60;0.24323062980546195;True;ok;6;0.51;0.0;2
100;4635;92.7;99;78;0.9403322523341724;0.9402051838134334;1.0636363636363637;60.78172592014073;94;59;0.24846105882641564;True;ok;7;0.51;0.0;2
100;4612;92.24;98;75;0.9357028181274677;0.9356340585722481;1.0682828282828283;47.52043777560203;93;64;0.22211158143059695;True;ok;8;0.51;0.0;2
100;4661;93.22;99;74;0.9455712087335294;0.9455350988551416;1.0583838383838384;39.2244060132982;93;73;0.21414884987162536;True;ok;9;0.51;0.0;2
100;4668;93.36;99;77;0.9472487000962166;0.9470575305699841;1.056969696969697;40.52198075595108;94;59;0.1750229524411902;True;ok;0;0.51;0.1;2
100;4743;94.86;99;84;0.9614017454241985;0.9612080175776871;1.0418181818181818;45.96901301600497;95;69;0.24583592414124672;True;ok;1;0.51;0.1;2
100;4769;95.38;99;82;0.9656940565852828;0.96562136019257;1.0365656565656565;70.00003096583438;96;69;0.3079252977693059;True;ok;2;0.51;0.1;2
100;4701;94.02;99;80;0.9529556993709412;0.9528303393942437;1.0503030303030303;52.78007774390381;95;57;0.26064039294521474;True;ok;3;0.51;0.1;2
100;4621;92.42;99;80;0.9380928780767845;0.9377895089738928;1.0664646464646466;45.30919261733756;94;51;0.2144160666155835;True;ok;4;0.51;0.1;2
100;4731;94.62;99;81;0.9586364704448481;0.958563398946168;1.0442424242424242;53.04889743316296;95;67;0.24106511124877814;True;ok;5;0.51;0.1;2
100;4751;95.02;99;81;0.9625421047774076;0.9623489128879988;1.0402020202020201;65.06391686657348;96;60;0.2351505376430978;True;ok;6;0.51;0.1;2
100;4728;94.56;99;82;0.9577818662156871;0.9576467614419871;1.044848484848485;54.05368673267195;95;65;0.24162287934372784;True;ok;7;0.51;0.1;2
100;4689;93.78;99;78;0.9505322228187951;0.9503946816051533;1.0527272727272727;42.98369188305452;94;65;0.2356346874125803;True;ok;8;0.51;0.1;2
100;4763;95.26;99;79;0.9646050676291094;0.9644815913670473;1.0377777777777777;64.70767271017205;96;61;0.25373816762246904;True;ok;9;0.51;0.1;2
100;4741;94.82;99;80;0.9609226805179655;0.96072491281927;1.0422222222222222;41.210416622746195;95;62;0.21461395774713865;True;ok;0;0.51;0.2;2
100;4798;95.96;99;86;0.971471746988066;0.9712937958124365;1.0307070707070707;48.91957627995279;96;66;0.29437121162009544;True;ok;1;0.51;0.2;2
100;4834;96.68;99;87;0.9777867684122558;0.9777182965320129;1.0234343434343434;35.03279931371494;95;81;0.34739090142993284;True;ok;2;0.51;0.2;2
100;4759;95.18;99;83;0.9637285056222004;0.963614246853675;1.0385858585858585;22.516491607322294;92;85;0.27510912309617175;True;ok;3;0.51;0.2;2
100;4708;94.16;99;81;0.9546850343553634;0.9543893898335165;1.048888888888889;23.54432478635875;92;75;0.2167203030028647;True;ok;4;0.51;0.2;2
100;4790;95.8;99;86;0.9695317035358291;0.9694212203796942;1.0323232323232323;39.005579447349405;95;72;0.2691988429683714;True;ok;5;0.51;0.2;2
100;4805;96.1;99;85;0.9725817564335361;0.9724182252183721;1.0292929292929294;48.9424706885861;96;67;0.2696712964240136;True;ok;6;0.51;0.2;2
100;4783;95.66;99;85;0.9681663449347184;0.9680124244155649;1.0337373737373738;40.33434523826915;95;70;0.23077451633887341;True;ok;7;0.51;0.2;2
100;4738;94.76;99;81;0.9598490542950013;0.9596593858787624;1.0428282828282829;35.08073598663177;94;70;0.2143699363392898;True;ok;8;0.51;0.2;2
100;4815;96.3;99;80;0.97461767557478;0.9744837764533276;1.0272727272727273;52.10285823290781;96;72;0.2861407196984336;True;ok;9;0.51;0.2;2
100;4769;95.38;99;80;0.966331979150093;0.966131243096496;1.0365656565656565;31.298374215266342;94;76;0.23474857581820704;True;ok;0;0.51;0.3;2
100;4831;96.62;99;87;0.9775117658285615;0.9773865162561448;1.024040404040404;19.33062172186701;92;93;0.29837442088107763;True;ok;1;0.51;0.3;2
100;4872;97.44;99;90;0.9849341901952312;0.9848834562554113;1.0157575757575759;18.239640100809236;92;99;0.33579961714533235;True;ok;2;0.51;0.3;2
100;4799;95.98;99;85;0.9710784779853366;0.9709784738385472;1.0305050505050506;15.989453581270029;90;97;0.27972280120126725;True;ok;3;0.51;0.3;2
100;4746;94.92;99;84;0.9620768972655385;0.9617622163404049;1.0412121212121213;21.48517083947009;92;79;0.24126288613695251;True;ok;4;0.51;0.3;2
100;4831;96.62;99;88;0.9771735163911554;0.9770890158356604;1.024040404040404;27.643663861802636;94;84;0.29320131026871155;True;ok;5;0.51;0.3;2
100;4831;96.62;99;86;0.9774608092244604;0.977325273323024;1.024040404040404;27.319843633804833;94;84;0.2970206993611779;True;ok;6;0.51;0.3;2
100;4815;96.3;99;88;0.9741018057476731;0.9739898363097182;1.0272727272727273;30.94186118983113;94;86;0.2491645382722777;True;ok;7;0.51;0.3;2
100;4794;95.88;99;87;0.970283144580406;0.9701251301151161;1.0315151515151515;37.32395158436305;95;71;0.2542159906160265;True;ok;8;0.51;0.3;2
100;4840;96.8;99;84;0.9790954919539034;0.978993914527557;1.0222222222222221;34.746589697586245;95;82;0.2976244470553182;True;ok;9;0.51;0.3;2
100;4799;95.98;99;85;0.9716296527200429;0.9714719550913358;1.0305050505050506;20.593644831106957;92;90;0.2767582230191169;True;ok;0;0.51;0.4;2
100;4849;96.98;99;88;0.9808100356463382;0.9807068017863277;1.0204040404040404;33.39723583736009;95;83;0.3215246923110139;True;ok;1;0.51;0.4;2
100;4889;97.78;99;92;0.9881650191787809;0.9881265013531986;1.0123232323232323;17.459508524691103;92;100;0.3565077331431738;True;ok;2;0.51;0.4;2
100;4826;96.52;99;88;0.9761370188168992;0.9760483974101923;1.025050505050505;24.495540886643415;93;92;0.2695165880786286;True;ok;3;0.51;0.4;2
100;4763;95.26;99;85;0.9651121537366142;0.9648301212133341;1.0377777777777777;16.73720404163336;90;92;0.23599890880958269;True;ok;4;0.51;0.4;2
100;4858;97.16;99;90;0.9822764556732426;0.9822129609622202;1.0185858585858585;32.74973617770216;95;83;0.3152366701644873;True;ok;5;0.51;0.4;2
100;4845;96.9;99;88;0.9800481562697928;0.9799311396368594;1.0212121212121212;26.45740846754106;94;86;0.2869887703798989;True;ok;6;0.51;0.4;2
100;4835;96.7;99;88;0.9778620641346653;0.9777734105893761;1.0232323232323233;19.790355021058758;92;95;0.2873829357270508;True;ok;7;0.51;0.4;2
100;4823;96.46;99;89;0.975690944330874;0.9755730756961217;1.0256565656565657;36.712216725101904;95;79;0.2842993332453469;True;ok;8;0.51;0.4;2
100;4861;97.22;99;86;0.9830700266104574;0.9829841785336567;1.017979797979798;26.22688411444718;94;91;0.3318258688958998;True;ok;9;0.51;0.4;2
100;4827;96.54;99;88;0.9767989192793507;0.9766698293453255;1.024848484848485;23.23605816507333;93;90;0.27462746410732225;True;ok;0;0.51;0.5;2
100;4869;97.38;99;91;0.9845790896946819;0.9844958929023987;1.0163636363636364;30.817739334865465;95;85;0.34545751231779004;True;ok;1;0.51;0.5;2
100;4898;97.96;99;93;0.9898530845839182;0.9898239933984367;1.0105050505050506;20.29630909517024;93;100;0.3559663007354301;True;ok;2;0.51;0.5;2
100;4849;96.98;99;88;0.9805355761347185;0.9804639857076598;1.0204040404040404;19.28226233257031;92;97;0.2994810307904961;True;ok;3;0.51;0.5;2
100;4778;95.56;99;86;0.9678363580293743;0.9675832408803002;1.0347474747474747;20.5657968134032;92;83;0.24938558751708553;True;ok;4;0.51;0.5;2
100;4868;97.36;99;90;0.9842339721578288;0.9841732504921888;1.0165656565656567;26.153795340055318;94;92;0.32887125392364835;True;ok;5;0.51;0.5;2
100;4858;97.16;99;90;0.9823944217748388;0.9823036111586514;1.0185858585858585;18.91870808716772;92;98;0.3090643375088976;True;ok;6;0.51;0.5;2
100;4850;97.0;99;90;0.9807080087175304;0.9806305378116629;1.02020202020202;27.969907234281646;94;90;0.27499306425481784;True;ok;7;0.51;0.5;2
100;4843;96.86;99;90;0.9794729665853658;0.9793749192819321;1.0216161616161616;19.580258917152314;92;96;0.29259651263718905;True;ok;8;0.51;0.5;2
100;4874;97.48;99;87;0.9854934695465141;0.9854239860233497;1.0153535353535355;32.0962882832998;95;89;0.33076988375728766;True;ok;9;0.51;0.5;2
100;4842;96.84;99;88;0.9796621570453001;0.9795467561155199;1.0218181818181817;21.896505694373744;93;90;0.3071441818625169;True;ok;0;0.51;0.6;2
100;4879;97.58;99;91;0.9865207650609689;0.9864423172777734;1.0143434343434343;15.380034910114382;91;100;0.36075754748701017;True;ok;1;0.51;0.6;2
100;4905;98.1;99;94;0.9912115056220274;0.9911878182818135;1.009090909090909;24.487406840996258;94;100;0.3639528223772737;True;ok;2;0.51;0.6;2
100;4859;97.18;99;89;0.9824483695372653;0.982382528806426;1.0183838383838384;18.840699056963885;92;98;0.30751314768083593;True;ok;3;0.51;0.6;2
100;4798;95.96;99;87;0.9714974022573237;0.9712849019960281;1.0307070707070707;15.706880299490804;90;95;0.2537542385247911;True;ok;4;0.51;0.6;2
100;4879;97.58;99;90;0.9863429240553946;0.9862928269612584;1.0143434343434343;25.714087885813424;94;95;0.3399511662233951;True;ok;5;0.51;0.6;2
100;4866;97.32;99;91;0.9838747857645234;0.9837979499011628;1.016969696969697;21.48671099696071;93;94;0.32924060949462675;True;ok;6;0.51;0.6;2
100;4859;97.18;99;91;0.9823793341067018;0.9823178047387771;1.0183838383838384;27.864959133230375;94;93;0.2757190809117144;True;ok;7;0.51;0.6;2
100;4864;97.28;99;92;0.9834106632258307;0.9833445735408362;1.0173737373737373;19.006242461882433;92;100;0.3094171780142666;True;ok;8;0.51;0.6;2
100;4878;97.56;99;87;0.9862677999936355;0.9862030916787795;1.0145454545454546;43.50254229134232;96;86;0.33425678409006726;True;ok;9;0.51;0.6;2
100;4853;97.06;99;89;0.98169187255098;0.9815967488875743;1.0195959595959596;24.848883182881;94;85;0.3272748766686156;True;ok;0;0.51;0.7;2
100;4889;97.78;99;93;0.9883040557376042;0.9882497591644274;1.0123232323232323;21.034856274394798;93;100;0.3797769575137948;True;ok;1;0.51;0.7;2
100;4909;98.18;99;94;0.9919767231759998;0.9919564752679428;1.0082828282828282;24.03873282433641;94;100;0.387140086744024;True;ok;2;0.51;0.7;2
100;4868;97.36;99;90;0.9841353968035769;0.9840787539153225;1.0165656565656567;22.035041753138437;93;97;0.3016154625432287;True;ok;3;0.51;0.7;2
100;4807;96.14;99;87;0.9732288457594656;0.9730204279518325;1.028888888888889;17.331953429109067;91;92;0.2673260167998896;True;ok;4;0.51;0.7;2
100;4891;97.82;99;91;0.9885761085469922;0.9885415853058709;1.0119191919191919;31.749392334468254;95;94;0.34962143284473557;True;ok;5;0.51;0.7;2
100;4873;97.46;99;91;0.9852318600629869;0.9851581255010196;1.0155555555555555;21.11300620465868;93;95;0.33510655528421907;True;ok;6;0.51;0.7;2
100;4865;97.3;99;91;0.9835255770149643;0.9834702633280069;1.0171717171717172;27.28236750129063;94;94;0.27578881967580715;True;ok;7;0.51;0.7;2
100;4875;97.5;99;92;0.9855081138955335;0.9854542209530609;1.0151515151515151;21.74531001920882;93;98;0.32745852747108867;True;ok;8;0.51;0.7;2
100;4886;97.72;99;87;0.9877874436570945;0.9877281927955481;1.012929292929293;25.25019291742954;94;97;0.3373211163084815;True;ok;9;0.51;0.7;2
100;4861;97.22;99;89;0.9831035756907452;0.9830229636529899;1.017979797979798;24.58154458215906;94;86;0.3372413396645788;True;ok;0;0.51;0.8;2
100;4894;97.88;99;93;0.989256905163083;0.9892053264967068;1.0113131313131314;20.625505048590387;93;100;0.3721882125310423;True;ok;1;0.51;0.8;2
100;4910;98.2;99;94;0.9921724784612119;0.9921524593220445;1.0080808080808081;23.929783504934086;94;100;0.3853978695810172;True;ok;2;0.51;0.8;2
100;4873;97.46;99;92;0.9850593586327484;0.9850081657650301;1.0155555555555555;22.185482356012955;93;99;0.2965194011746423;True;ok;3;0.51;0.8;2
100;4822;96.44;99;87;0.9759547565462147;0.9757762033757033;1.0258585858585858;15.17552143933871;90;98;0.293307728803636;True;ok;4;0.51;0.8;2
100;4898;97.96;99;91;0.9899560402829941;0.9899255467169618;1.0105050505050506;19.802013993220772;93;98;0.3836973575871758;True;ok;5;0.51;0.8;2
100;4878;97.56;99;91;0.9861661916428172;0.9861005303019049;1.0145454545454546;21.181208666062776;93;97;0.32876093695291714;True;ok;6;0.51;0.8;2
100;4873;97.46;99;91;0.9850082446794747;0.98496531602608;1.0155555555555555;34.85837851706713;95;92;0.2959968237218568;True;ok;7;0.51;0.8;2
100;4878;97.56;99;92;0.9860848370614583;0.9860321502466974;1.0145454545454546;21.729972246193874;93;99;0.3196645959405865;True;ok;8;0.51;0.8;2
100;4891;97.82;99;87;0.988732502595253;0.9886816986317563;1.0119191919191919;31.33589758375;95;94;0.34464749041383524;True;ok;9;0.51;0.8;2
100;4872;97.44;99;89;0.9851244058912942;0.9850591973998238;1.0157575757575759;24.536662020280883;94;89;0.3428399133701021;True;ok;0;0.51;0.9;2
100;4896;97.92;99;93;0.9896338150950702;0.9895847816469696;1.010909090909091;20.46627423643439;93;100;0.38919208991305876;True;ok;1;0.51;0.9;2
100;4914;98.28;99;94;0.992947718248398;0.9929306154547622;1.0072727272727273;23.50357194548073;94;100;0.38850577773827877;True;ok;2;0.51;0.9;2
100;4882;97.64;99;93;0.986767585915643;0.986723760570035;1.0137373737373738;21.617626959292455;93;100;0.3003411904783792;True;ok;3;0.51;0.9;2
100;4833;96.66;99;89;0.9778962798858326;0.9777418093099745;1.0236363636363637;19.700307915445467;92;94;0.2934958828102702;True;ok;4;0.51;0.9;2
100;4904;98.08;99;91;0.9910899189044657;0.991066985012946;1.0092929292929294;30.23629089249084;95;96;0.38872901825929673;True;ok;5;0.51;0.9;2
100;4880;97.6;99;91;0.9865426285063452;0.9864806985255141;1.0141414141414142;21.007243760778163;93;97;0.3322689681572551;True;ok;6;0.51;0.9;2
100;4876;97.52;99;91;0.9855724692271537;0.9855315027526677;1.014949494949495;34.22343756350324;95;92;0.3003000304305611;True;ok;7;0.51;0.9;2
100;4883;97.66;99;92;0.987054113474008;0.9870050383008283;1.0135353535353535;21.288672911483577;93;99;0.3210679409405565;True;ok;8;0.51;0.9;2
100;4898;97.96;99;89;0.9900032154856545;0.9899636265660784;1.0105050505050506;30.36190103918914;95;94;0.36184276544159544;True;ok;9;0.51;0.9;2
100;4874;97.48;99;89;0.9855064450004221;0.985441113021596;1.0153535353535355;21.15073796453468;93;96;0.3532266404867721;True;ok;0;0.51;1.0;2
100;4899;97.98;99;93;0.990193921507049;0.9901485917241437;1.0103030303030303;20.23178477631194;93;100;0.3847341471802044;True;ok;1;0.51;1.0;2
100;4918;98.36;99;95;0.9936979968243986;0.9936853183651991;1.0064646464646465;29.829533708942;95;100;0.4154790105427941;True;ok;2;0.51;1.0;2
100;4884;97.68;99;93;0.9871400151120915;0.9870985771174402;1.0133333333333334;21.44105503365471;93;100;0.307148158448046;True;ok;3;0.51;1.0;2
100;4840;96.8;99;89;0.9791159571090313;0.9789852043081193;1.0222222222222221;19.470901451792212;92;95;0.2812304400893995;True;ok;4;0.51;1.0;2
100;4908;98.16;99;91;0.9918429055700301;0.9918234879742377;1.0084848484848485;30.086529358816563;95;97;0.3889962621568564;True;ok;5;0.51;1.0;2
100;4886;97.72;99;91;0.9876828861066624;0.9876260398885709;1.012929292929293;24.754042314847712;94;94;0.3450132093150392;True;ok;6;0.51;1.0;2
100;4885;97.7;99;92;0.9872846044393775;0.9872516840093708;1.013131313131313;26.20987085299285;94;98;0.30216323527786976;True;ok;7;0.51;1.0;2
100;4886;97.72;99;92;0.9876108204997608;0.9875664459030403;1.012929292929293;21.03071659312592;93;99;0.3264687023295307;True;ok;8;0.51;1.0;2
100;4905;98.1;99;90;0.9912829614262202;0.9912552844026683;1.009090909090909;30.444990607523717;95;97;0.3629052832949212;True;ok;9;0.51;1.0;2
100;4776;95.52;99;82;0.9664165283147911;0.9663658772974097;1.0351515151515152;51.22948326781421;95;75;0.22216353603014322;True;ok;0;0.61;0.0;2
100;4810;96.2;99;87;0.9728933479159022;0.9728650540473313;1.0282828282828282;65.44702645632266;96;77;0.26641125995701787;True;ok;1;0.61;0.0;2
100;4831;96.62;99;85;0.9769650327591544;0.9769577378261274;1.024040404040404;110.7561851518111;97;73;0.34681223598200805;True;ok;2;0.61;0.0;2
100;4795;95.9;99;86;0.970035053448544;0.9699787915113354;1.0313131313131314;33.30225359046748;94;85;0.3198830755968918;True;ok;3;0.61;0.0;2
100;4744;94.88;99;85;0.9599564414174622;0.9598856181665265;1.0416161616161617;55.74834649786368;95;66;0.2848148757152521;True;ok;4;0.61;0.0;2
100;4795;95.9;99;82;0.9702113156575934;0.970192700306898;1.0313131313131314;70.85752290957458;96;72;0.30681808170473446;True;ok;5;0.61;0.0;2
100;4828;96.56;99;87;0.9765546091296884;0.9765063606949336;1.0246464646464646;56.62888862182559;96;79;0.28622314856302655;True;ok;6;0.61;0.0;2
100;4809;96.18;99;86;0.972595714312201;0.9725598574946298;1.0284848484848486;68.62012887120981;96;76;0.3195680309720549;True;ok;7;0.61;0.0;2
100;4789;95.78;99;84;0.9685235355397539;0.9684994650852562;1.0325252525252526;49.16302984617999;95;76;0.2908264974322401;True;ok;8;0.61;0.0;2
100;4832;96.64;99;82;0.977223635463196;0.9771794056785527;1.0238383838383838;58.690942289428705;96;79;0.31076056510819694;True;ok;9;0.61;0.0;2
100;4848;96.96;99;84;0.9803265576022736;0.9802929633376941;1.0206060606060605;38.0711110402168;95;89;0.30211532928461515;True;ok;0;0.61;0.1;2
100;4866;97.32;99;90;0.9837321555614045;0.9836947597610726;1.016969696969697;33.59584353229526;95;89;0.36736302015300515;True;ok;1;0.61;0.1;2
100;4888;97.76;99;91;0.9878777874959013;0.9878634158714055;1.0125252525252526;72.92817870154434;97;86;0.3822675803991056;True;ok;2;0.61;0.1;2
100;4844;96.88;99;89;0.9794590831136163;0.9793988350249929;1.0214141414141413;50.22525069437189;96;78;0.32990148683609566;True;ok;3;0.61;0.1;2
100;4826;96.52;99;88;0.9759821768525652;0.9759080021243619;1.025050505050505;53.98576598223109;96;73;0.26737235780389274;True;ok;4;0.61;0.1;2
100;4860;97.2;99;89;0.982417113114659;0.9823880654450765;1.018181818181818;86.62787341223415;97;77;0.2987730967228065;True;ok;5;0.61;0.1;2
100;4875;97.5;99;92;0.985399115924899;0.9853643300165098;1.0151515151515151;70.16544181988807;97;77;0.3276728320999533;True;ok;6;0.61;0.1;2
100;4867;97.34;99;90;0.9837191524534248;0.9836869740957165;1.0167676767676768;78.2868701715256;97;75;0.29404233923950757;True;ok;7;0.61;0.1;2
100;4855;97.1;99;90;0.9813943846009592;0.9813575443888394;1.0191919191919192;53.688152047071384;96;84;0.28161591220464;True;ok;8;0.61;0.1;2
100;4886;97.72;99;86;0.9876555052490582;0.9876217832923687;1.012929292929293;74.21619779225531;97;86;0.3104691067934004;True;ok;9;0.61;0.1;2
100;4877;97.54;99;90;0.9858722124718368;0.9858353873295501;1.0147474747474747;26.089387230577273;94;96;0.33701017685569645;True;ok;0;0.61;0.2;2
100;4896;97.92;99;91;0.9895013371620824;0.9894704242799628;1.010909090909091;24.51956157911251;94;97;0.36771948427978174;True;ok;1;0.61;0.2;2
100;4912;98.24;99;94;0.992510506921974;0.9924977288046186;1.0076767676767677;40.877373582660795;96;95;0.38160776644317795;True;ok;2;0.61;0.2;2
100;4882;97.64;99;90;0.986818977877348;0.9867792128546731;1.0137373737373738;66.55120568163316;97;79;0.35023974237854183;True;ok;3;0.61;0.2;2
100;4845;96.9;99;88;0.9798087201326333;0.9797312846674825;1.0212121212121212;48.43016042733381;96;78;0.2777746936447497;True;ok;4;0.61;0.2;2
100;4888;97.76;99;93;0.987855462754457;0.9878293916598148;1.0125252525252526;67.0858879138857;97;81;0.35646979110906;True;ok;5;0.61;0.2;2
100;4898;97.96;99;92;0.989885303928766;0.9898578456447468;1.0105050505050506;41.833701657972924;96;91;0.36034437676899156;True;ok;6;0.61;0.2;2
100;4885;97.7;99;91;0.9872430877704467;0.9872176075339929;1.013131313131313;46.38070147927213;96;90;0.296584687920314;True;ok;7;0.61;0.2;2
100;4890;97.8;99;93;0.9881483393835719;0.9881301877626882;1.0121212121212122;71.03200804337462;97;83;0.36783310661017876;True;ok;8;0.61;0.2;2
100;4902;98.04;99;89;0.9906506738444303;0.9906265893815651;1.0096969696969698;67.52861035539965;97;89;0.36074475407362633;True;ok;9;0.61;0.2;2
100;4892;97.84;99;91;0.9887672194660468;0.9887361390996086;1.0117171717171718;67.06066646934822;97;85;0.36382824350980414;True;ok;0;0.61;0.3;2
100;4907;98.14;99;94;0.9916035439678869;0.9915808814276006;1.0086868686868686;24.262153064845823;94;100;0.39068817021000246;True;ok;1;0.61;0.3;2
100;4922;98.44;99;94;0.9944623581201394;0.9944543358337469;1.0056565656565657;39.64748328504649;96;98;0.4098353352601355;True;ok;2;0.61;0.3;2
100;4889;97.78;99;91;0.9881417713954428;0.9881052484798803;1.0123232323232323;20.49295227713593;93;98;0.3558728787547041;True;ok;3;0.61;0.3;2
100;4856;97.12;99;88;0.9819150314714059;0.9818431747037739;1.018989898989899;47.37385477029497;96;81;0.29466009607943955;True;ok;4;0.61;0.3;2
100;4901;98.02;99;93;0.9903765056143391;0.9903575243269611;1.0098989898989899;31.173023145798624;95;96;0.3586280933942294;True;ok;5;0.61;0.3;2
100;4908;98.16;99;93;0.9917735825977526;0.9917561221066756;1.0084848484848485;41.57617876166527;96;95;0.36684163701872635;True;ok;6;0.61;0.3;2
100;4899;97.98;99;93;0.9899705491135478;0.9899498121902718;1.0103030303030303;41.94060054551887;96;90;0.3478620196853054;True;ok;7;0.61;0.3;2
100;4908;98.16;99;94;0.9916921216232377;0.9916803301030314;1.0084848484848485;62.73025396455948;97;87;0.3771219589321402;True;ok;8;0.61;0.3;2
100;4910;98.2;99;91;0.9921652742092413;0.9921482530491509;1.0080808080808081;64.1980080491847;97;91;0.37302581485699765;True;ok;9;0.61;0.3;2
100;4900;98.0;99;91;0.9903035864440656;0.9902784584352566;1.0101010101010102;65.31189831878189;97;88;0.3785898802717509;True;ok;0;0.61;0.4;2
100;4915;98.3;99;94;0.9931389930955017;0.9931216156885702;1.007070707070707;23.399091131868765;94;100;0.3867974967541814;True;ok;1;0.61;0.4;2
100;4925;98.5;99;94;0.9950552816719999;0.995048267934932;1.005050505050505;38.73172119478424;96;98;0.42154221018075305;True;ok;2;0.61;0.4;2
100;4899;97.98;99;93;0.9900700921096574;0.9900386334368608;1.0103030303030303;24.289006259203056;94;97;0.3633804410494079;True;ok;3;0.61;0.4;2
100;4872;97.44;99;91;0.9849368803683259;0.9848791695030633;1.0157575757575759;43.7514629961814;96;83;0.3448768848749434;True;ok;4;0.61;0.4;2
100;4916;98.32;99;95;0.9932943852733587;0.9932831064065455;1.006868686868687;30.173843374403365;95;100;0.39627927612448993;True;ok;5;0.61;0.4;2
100;4910;98.2;99;93;0.9921649883522415;0.9921482530491509;1.0080808080808081;29.514432027197717;95;96;0.37958364115153553;True;ok;6;0.61;0.4;2
100;4907;98.14;99;94;0.9915054218276902;0.991492414279152;1.0086868686868686;42.042567499797634;96;94;0.35822122674261136;True;ok;7;0.61;0.4;2
100;4916;98.32;99;95;0.9932355026554819;0.9932285854013317;1.006868686868687;61.780562433898794;97;90;0.3885274258984767;True;ok;8;0.61;0.4;2
100;4917;98.34;99;91;0.9935464309273095;0.9935324973208746;1.0066666666666666;60.66823046728343;97;92;0.41062988706626274;True;ok;9;0.61;0.4;2
100;4907;98.14;99;91;0.9916201216773746;0.991601943885716;1.0086868686868686;62.81351092521243;97;89;0.390940903459187;True;ok;0;0.61;0.5;2
100;4920;98.4;99;95;0.9940818076908826;0.9940701359779164;1.006060606060606;29.489982496590457;95;100;0.40118446879480246;True;ok;1;0.61;0.5;2
100;4927;98.54;99;95;0.9954366328019079;0.9954309112585592;1.0046464646464646;38.28992400835753;96;98;0.4274599775905242;True;ok;2;0.61;0.5;2
100;4905;98.1;99;93;0.9912371399739669;0.9912089019313967;1.009090909090909;19.773772213518455;93;100;0.36642354438944197;True;ok;3;0.61;0.5;2
100;4881;97.62;99;91;0.9866433837614601;0.9865958732076432;1.013939393939394;31.10075254539663;95;88;0.3463840809375618;True;ok;4;0.61;0.5;2
100;4925;98.5;99;95;0.9950642397836696;0.9950566177603605;1.005050505050505;28.6802383427011;95;100;0.4206970442004252;True;ok;5;0.61;0.5;2
100;4914;98.28;99;93;0.9929366960224328;0.992922219712371;1.0072727272727273;40.040351428395546;96;95;0.39394486778685006;True;ok;6;0.61;0.5;2
100;4911;98.22;99;94;0.9922666415058714;0.99225578931056;1.0078787878787878;42.179994032615845;96;96;0.3537910583675223;True;ok;7;0.61;0.5;2
100;4920;98.4;99;95;0.9940175265240906;0.9940115387424231;1.006060606060606;41.00280316248435;96;99;0.400074027263566;True;ok;8;0.61;0.5;2
100;4923;98.46;99;93;0.994675060181001;0.9946650105970395;1.0054545454545454;39.18256324815131;96;98;0.412273849767981;True;ok;9;0.61;0.5;2
100;4915;98.3;99;94;0.9931227507198384;0.9931090283019065;1.007070707070707;39.304857430922226;96;94;0.41841341182655434;True;ok;0;0.61;0.6;2
100;4924;98.48;99;95;0.9948461854642254;0.9948379194190472;1.0052525252525253;28.834169935845306;95;100;0.4127177480283881;True;ok;1;0.61;0.6;2
100;4930;98.6;99;95;0.9960277161087054;0.996022468687851;1.004040404040404;27.91217126456443;95;100;0.436869063940727;True;ok;2;0.61;0.6;2
100;4911;98.22;99;93;0.9924018470112571;0.992377713607247;1.0078787878787878;23.542562556840284;94;99;0.3860653046779334;True;ok;3;0.61;0.6;2
100;4889;97.78;99;92;0.9881467898666552;0.9881094990904654;1.0123232323232323;42.12275397333442;96;87;0.35330511813085;True;ok;4;0.61;0.6;2
100;4930;98.6;99;95;0.9960579879748657;0.9960516198748987;1.004040404040404;27.917561916030056;95;100;0.45049372787516884;True;ok;5;0.61;0.6;2
100;4917;98.34;99;94;0.9935077371135282;0.9934947732571257;1.0066666666666666;29.249551401180963;95;98;0.39218862589541037;True;ok;6;0.61;0.6;2
100;4916;98.32;99;95;0.9932592848796914;0.9932495553693204;1.006868686868687;40.61488567320419;96;96;0.39150360679368346;True;ok;7;0.61;0.6;2
100;4924;98.48;99;95;0.9948141321074683;0.9948086794213719;1.0052525252525253;60.39304950850291;97;94;0.4152076623256229;True;ok;8;0.61;0.6;2
100;4932;98.64;99;94;0.9964565934944342;0.9964493281755153;1.0036363636363637;27.284026640600867;95;99;0.46741805445011797;True;ok;9;0.61;0.6;2
100;4919;98.38;99;94;0.9939011055132538;0.9938882731240568;1.0062626262626262;38.92622818069854;96;95;0.4161994894479743;True;ok;0;0.61;0.7;2
100;4930;98.6;99;96;0.9960236016750056;0.9960183041633244;1.004040404040404;38.47039320698638;96;100;0.4643199725884305;True;ok;1;0.61;0.7;2
100;4932;98.64;99;95;0.9964294735094356;0.996424366633236;1.0036363636363637;27.61973953605403;95;100;0.45642141822554994;True;ok;2;0.61;0.7;2
100;4912;98.24;99;94;0.9925827211168852;0.9925607604183891;1.0076767676767677;23.71721070153612;94;100;0.3819757435281216;True;ok;3;0.61;0.7;2
100;4893;97.86;99;92;0.9889035398405006;0.9888711470354348;1.0115151515151515;30.889430895168935;95;92;0.36603165560832557;True;ok;4;0.61;0.7;2
100;4933;98.66;99;95;0.9966248003645772;0.9966209133911874;1.0034343434343433;27.475171668944913;95;100;0.45442654589505693;True;ok;5;0.61;0.7;2
100;4921;98.42;99;94;0.9942781212694544;0.9942685879828058;1.0058585858585858;39.24994723309964;96;97;0.4031426607367342;True;ok;6;0.61;0.7;2
100;4918;98.36;99;95;0.9936522619905613;0.9936434218604476;1.0064646464646465;39.95367289729913;96;96;0.3958552329203744;True;ok;7;0.61;0.7;2
100;4928;98.56;99;95;0.9955987819104893;0.9955949060641796;1.0044444444444445;60.37257205002557;97;97;0.4136575289705272;True;ok;8;0.61;0.7;2
100;4933;98.66;99;94;0.9966615407250878;0.9966541786444442;1.0034343434343433;21.68474900076014;94;100;0.47767886259097947;True;ok;9;0.61;0.7;2
100;4922;98.44;99;95;0.9944675120962064;0.9944585170591362;1.0056565656565657;38.70624586775656;96;96;0.41576941780110194;True;ok;0;0.61;0.8;2
100;4931;98.62;99;96;0.9962288815491666;0.9962234990589907;1.0038383838383838;38.187461073536326;96;100;0.481559571403765;True;ok;1;0.61;0.8;2
100;4932;98.64;99;95;0.9964294735094356;0.996424366633236;1.0036363636363637;27.61973953605403;95;100;0.45642141822554994;True;ok;2;0.61;0.8;2
100;4916;98.32;99;94;0.9933240695990161;0.9933082689482363;1.006868686868687;23.295026240523356;94;100;0.3950814509250475;True;ok;3;0.61;0.8;2
100;4898;97.96;99;93;0.989842627290075;0.9898155301587034;1.0105050505050506;20.29563316940711;93;100;0.37628276322363224;True;ok;4;0.61;0.8;2
100;4935;98.7;99;95;0.9970211555279542;0.9970176864879214;1.003030303030303;27.191395566016535;95;100;0.4704759996572642;True;ok;5;0.61;0.8;2
100;4926;98.52;99;94;0.9952493771928953;0.9952417526835391;1.0048484848484849;28.167254374517654;95;99;0.41877535174497005;True;ok;6;0.61;0.8;2
100;4921;98.42;99;95;0.9942426441266131;0.9942351211271131;1.0058585858585858;39.558677158185844;96;97;0.4041125477838731;True;ok;7;0.61;0.8;2
100;4928;98.56;99;95;0.9955987819104893;0.9955949060641796;1.0044444444444445;60.37257205002557;97;97;0.4136575289705272;True;ok;8;0.61;0.8;2
100;4936;98.72;99;95;0.9972533185574117;0.9972469722914395;1.0028282828282828;27.057159115550043;95;100;0.5085910771540367;True;ok;9;0.61;0.8;2
100;4924;98.48;99;95;0.9948446924349349;0.9948379194190472;1.0052525252525253;38.64096877989861;96;97;0.4161051551283659;True;ok;0;0.61;0.9;2
100;4933;98.66;99;96;0.9966123117574374;0.9966084386364014;1.0034343434343433;37.62578348463785;96;100;0.47600788755500284;True;ok;1;0.61;0.9;2
100;4933;98.66;99;95;0.9966300515798416;0.9966250716082592;1.0034343434343433;27.47590156329553;95;100;0.4644366475115183;True;ok;2;0.61;0.9;2
100;4922;98.44;99;94;0.9944876462991271;0.9944752417863524;1.0056565656565657;22.696540031575775;94;100;0.40516069320625947;True;ok;3;0.61;0.9;2
100;4904;98.08;99;94;0.9910112187039576;0.9909868288421477;1.0092929292929294;24.601214429726486;94;100;0.38601000887168324;True;ok;4;0.61;0.9;2
100;4935;98.7;99;95;0.9970211555279542;0.9970176864879214;1.003030303030303;27.191395566016535;95;100;0.4704759996572642;True;ok;5;0.61;0.9;2
100;4928;98.56;99;94;0.9956524498064357;0.9956449308367598;1.0044444444444445;27.866322789459364;95;99;0.43493808327893596;True;ok;6;0.61;0.9;2
100;4924;98.48;99;95;0.9948366105174382;0.9948295652210142;1.0052525252525253;38.63786405135574;96;97;0.40759208400266667;True;ok;7;0.61;0.9;2
100;4932;98.64;99;95;0.9964029643559792;0.9963994044689745;1.0036363636363637;57.54702294253171;97;97;0.437223783386975;True;ok;8;0.61;0.9;2
100;4939;98.78;99;96;0.9978301494408583;0.9978258979041655;1.0022222222222221;36.05884483410976;96;100;0.5300031093245341;True;ok;9;0.61;0.9;2
100;4927;98.54;99;95;0.9954416271132746;0.9954350820395238;1.0046464646464646;38.29143219155043;96;98;0.4274747093226941;True;ok;0;0.61;1.0;2
100;4935;98.7;99;97;0.996999666080114;0.9969969160318642;1.003030303030303;58.63122069973499;97;100;0.4915477365498671;True;ok;1;0.61;1.0;2
100;4934;98.68;99;96;0.9968171759899138;0.9968131457736835;1.0032323232323233;37.35547362011225;96;100;0.47330171991779896;True;ok;2;0.61;1.0;2
100;4925;98.5;99;95;0.9950752947144241;0.9950649675162418;1.005050505050505;28.68183409376305;95;100;0.4407180579523696;True;ok;3;0.61;1.0;2
100;4908;98.16;99;94;0.9917728498935559;0.9917519115898851;1.0084848484848485;24.1476784519749;94;100;0.39887435316683195;True;ok;4;0.61;1.0;2
100;4935;98.7;99;95;0.9970211555279542;0.9970176864879214;1.003030303030303;27.191395566016535;95;100;0.4704759996572642;True;ok;5;0.61;1.0;2
100;4928;98.56;99;94;0.9956524498064357;0.9956449308367598;1.0044444444444445;27.866322789459364;95;99;0.43493808327893596;True;ok;6;0.61;1.0;2
100;4927;98.54;99;95;0.9954105844899062;0.9954058862082956;1.0046464646464646;38.811947099278804;96;99;0.4047921689077924;True;ok;7;0.61;1.0;2
100;4934;98.68;99;96;0.9967995501148544;0.996796520988597;1.0032323232323233;37.34996929210316;96;100;0.4574021467405332;True;ok;8;0.61;1.0;2
100;4940;98.8;99;96;0.9980338886109363;0.9980296137463417;1.002020202020202;35.811038684602494;96;100;0.5474005848675928;True;ok;9;0.61;1.0;2
100;4889;97.78;99;89;0.9880963178942159;0.9880754937028718;1.0123232323232323;78.76601876675863;97;89;0.33611144113979596;True;ok;0;0.71;0.0;2
100;4893;97.86;99;92;0.9887014815056842;0.9886929611573683;1.0115151515151515;75.03473300071136;97;87;0.3596097318860957;True;ok;1;0.71;0.0;2
100;4909;98.18;99;94;0.9918166626377222;0.9918133802816902;1.0082828282828282;67.45883232423104;97;91;0.4172875852783114;True;ok;2;0.71;0.0;2
100;4889;97.78;99;93;0.9878146025473287;0.9878076610994658;1.0123232323232323;33.67066146468028;95;96;0.3982859530171551;True;ok;3;0.71;0.0;2
100;4875;97.5;99;90;0.9850451092049605;0.9850346612716075;1.0151515151515151;52.752691058460094;96;90;0.3337743304814999;True;ok;4;0.71;0.0;2
100;4887;97.74;99;91;0.9875538061473889;0.9875405218516662;1.0127272727272727;25.7904876810274;94;98;0.38899119000361665;True;ok;5;0.71;0.0;2
100;4908;98.16;99;93;0.9917115620755713;0.9917013840112213;1.0084848484848485;65.32223154080626;97;90;0.3607822105573836;True;ok;6;0.71;0.0;2
100;4902;98.04;99;93;0.9904696253207813;0.990461877988545;1.0096969696969698;70.90133267642217;97;90;0.3895352582266107;True;ok;7;0.71;0.0;2
100;4907;98.14;99;93;0.991497683878152;0.991488201363398;1.0086868686868686;66.75851989290322;97;90;0.35723128956380945;True;ok;8;0.71;0.0;2
100;4910;98.2;99;91;0.9922117839919529;0.9921945210817061;1.0080808080808081;63.55131457483207;97;92;0.38657170895340615;True;ok;9;0.71;0.0;2
100;4915;98.3;99;92;0.9931393319117363;0.9931258114490363;1.007070707070707;64.0452303765037;97;94;0.3727505255299718;True;ok;0;0.71;0.1;2
100;4928;98.56;99;95;0.9955981599350586;0.9955949060641796;1.0044444444444445;59.39019522201213;97;96;0.4046221241294437;True;ok;1;0.71;0.1;2
100;4933;98.66;99;96;0.9965724484091484;0.9965710134398837;1.0034343434343433;59.052998778659166;97;99;0.41136322021508237;True;ok;2;0.71;0.1;2
100;4925;98.5;99;95;0.9949981352853391;0.994993992374376;1.005050505050505;61.65274090056346;97;96;0.3974940976044008;True;ok;3;0.71;0.1;2
100;4910;98.2;99;94;0.9920067544195086;0.9920010223942042;1.0080808080808081;68.71179181074923;97;92;0.37023418121298823;True;ok;4;0.71;0.1;2
100;4920;98.4;99;94;0.9940436339405453;0.9940366522625459;1.006060606060606;60.66823046728343;97;92;0.41062988706626274;True;ok;5;0.71;0.1;2
100;4923;98.46;99;94;0.9946804990668302;0.9946733687191702;1.0054545454545454;58.28383989319978;97;93;0.43128863150076957;True;ok;6;0.71;0.1;2
100;4925;98.5;99;95;0.9950196419066107;0.9950148679377295;1.005050505050505;60.2607140192731;97;95;0.41742644152498865;True;ok;7;0.71;0.1;2
100;4931;98.62;99;96;0.9961841467707292;0.9961818740807831;1.0038383838383838;59.52252967726865;97;98;0.42159774232533986;True;ok;8;0.71;0.1;2
100;4924;98.48;99;92;0.9949343156183975;0.9949214575708403;1.0052525252525253;37.907952214539925;96;97;0.4297155416015205;True;ok;9;0.71;0.1;2
100;4928;98.56;99;94;0.9956381080597518;0.9956324248777079;1.0044444444444445;37.85546623795062;96;98;0.44046571095014264;True;ok;0;0.71;0.2;2
100;4932;98.64;99;96;0.9964067799368546;0.9964035648728788;1.0036363636363637;37.90029000086036;96;100;0.4427345079505203;True;ok;1;0.71;0.2;2
100;4941;98.82;99;97;0.9981885483809276;0.9981876074556367;1.0018181818181817;54.82617756620608;97;100;0.5066397521398545;True;ok;2;0.71;0.2;2
100;4938;98.76;99;96;0.9975816584489072;0.9975805382473817;1.0024242424242424;55.781653657447166;97;99;0.46095615645834764;True;ok;3;0.71;0.2;2
100;4923;98.46;99;95;0.9945931910464992;0.9945897843624761;1.0054545454545454;61.78877417176439;97;95;0.41129281535673584;True;ok;4;0.71;0.2;2
100;4936;98.72;99;96;0.9972037399530435;0.9972013010840294;1.0028282828282828;36.81982969168868;96;100;0.4678722426442032;True;ok;5;0.71;0.2;2
100;4933;98.66;99;95;0.9966288983637821;0.9966250716082592;1.0034343434343433;27.47591669146727;95;100;0.4609543096843495;True;ok;6;0.71;0.2;2
100;4933;98.66;99;96;0.9965989715021487;0.9965959637262574;1.0034343434343433;37.62162241082945;96;100;0.43596639993059816;True;ok;7;0.71;0.2;2
100;4936;98.72;99;96;0.9971863644584762;0.9971846928557954;1.0028282828282828;57.050876392944154;97;99;0.4592148159377565;True;ok;8;0.71;0.2;2
100;4931;98.62;99;94;0.9962590323587078;0.9962526355147953;1.0038383838383838;27.42798695431203;95;99;0.4592894710267401;True;ok;9;0.71;0.2;2
100;4931;98.62;99;94;0.9962281328414382;0.9962234990589907;1.0038383838383838;37.52985439402059;96;99;0.4382427228950144;True;ok;0;0.71;0.3;2
100;4938;98.76;99;97;0.9975816549675167;0.9975805382473817;1.0024242424242424;56.654071512180764;97;100;0.4688467325929322;True;ok;1;0.71;0.3;2
100;4943;98.86;99;97;0.9985865745079654;0.9985859851280365;1.0014141414141413;53.66900626613706;97;100;0.5186732290024881;True;ok;2;0.71;0.3;2
100;4940;98.8;99;97;0.9979764295596391;0.9979757462107335;1.002020202020202;55.414791616629635;97;100;0.4706204339271018;True;ok;3;0.71;0.3;2
100;4930;98.6;99;96;0.99597870655686;0.995976657966051;1.004040404040404;59.27139480985816;97;97;0.4086658414570635;True;ok;4;0.71;0.3;2
100;4938;98.76;99;97;0.9975947567405602;0.9975929819473646;1.0024242424242424;56.6637489660311;97;100;0.4989101559988813;True;ok;5;0.71;0.3;2
100;4933;98.66;99;95;0.9966288983637821;0.9966250716082592;1.0034343434343433;27.47591669146727;95;100;0.4609543096843495;True;ok;6;0.71;0.3;2
100;4936;98.72;99;97;0.9971908119699;0.997188844938677;1.0028282828282828;57.95449293147329;97;100;0.47725807054216596;True;ok;7;0.71;0.3;2
100;4940;98.8;99;97;0.9979850817240353;0.9979840337125861;1.002020202020202;55.4209587538876;97;100;0.4906618884509026;True;ok;8;0.71;0.3;2
100;4937;98.74;99;94;0.9974526950103463;0.9974470183785665;1.0026262626262625;21.34038494469803;94;100;0.5015086362001645;True;ok;9;0.71;0.3;2
100;4935;98.7;99;95;0.9970167092299452;0.9970135324311713;1.003030303030303;36.592420511307175;96;99;0.463519740141072;True;ok;0;0.71;0.4;2
100;4938;98.76;99;97;0.9975816549675167;0.9975805382473817;1.0024242424242424;56.654071512180764;97;100;0.4688467325929322;True;ok;1;0.71;0.4;2
100;4944;98.88;99;97;0.9987896161276144;0.9987890685540115;1.0012121212121212;53.11170770086049;97;100;0.5347688730094055;True;ok;2;0.71;0.4;2
100;4941;98.82;99;98;0.9981756976455073;0.9981751824817519;1.0018181818181817;121.12091947621828;98;100;0.5146257832291625;True;ok;3;0.71;0.4;2
100;4932;98.64;99;96;0.9963890697254582;0.9963869231535931;1.0036363636363637;57.88368426728791;97;97;0.4290738338976321;True;ok;4;0.71;0.4;2
100;4941;98.82;99;97;0.9981928319594009;0.9981917490793231;1.0018181818181817;54.829194611856146;97;100;0.5166602779976209;True;ok;5;0.71;0.4;2
100;4936;98.72;99;95;0.9972164967730222;0.9972137570744449;1.0028282828282828;36.333167449091796;96;99;0.47094187469862436;True;ok;6;0.71;0.4;2
100;4939;98.78;99;97;0.9977900068962292;0.9977885863724741;1.0022222222222221;56.035338682541024;97;100;0.4947656118732979;True;ok;7;0.71;0.4;2
100;4942;98.84;99;97;0.9983876477801364;0.9983868766208788;1.0016161616161616;54.24130503365953;97;100;0.5126367243419935;True;ok;8;0.71;0.4;2
100;4939;98.78;99;95;0.9978252490401736;0.9978217522470945;1.0022222222222221;26.64379287303031;95;100;0.5127206869633814;True;ok;9;0.71;0.4;2
100;4937;98.74;99;95;0.9974120970980384;0.9974096700126822;1.0026262626262625;36.076342884512755;96;99;0.47836794752638806;True;ok;0;0.71;0.5;2
100;4940;98.8;99;97;0.9979892763103365;0.9979881774377826;1.002020202020202;55.42404284676381;97;100;0.5006826172797317;True;ok;1;0.71;0.5;2
100;4945;98.9;99;97;0.998992487732361;0.998991987540305;1.001010101010101;52.566079368632906;97;100;0.5509030125412346;True;ok;2;0.71;0.5;2
100;4941;98.82;99;98;0.9981756976455073;0.9981751824817519;1.0018181818181817;121.12091947621828;98;100;0.5146257832291625;True;ok;3;0.71;0.5;2
100;4933;98.66;99;96;0.996593996287413;0.9965918053883516;1.0034343434343433;57.21432317537933;97;97;0.44538451667822027;True;ok;4;0.71;0.5;2
100;4942;98.84;99;97;0.9983919326868512;0.9983910161622219;1.0016161616161616;54.24425686759897;97;100;0.5226570477080265;True;ok;5;0.71;0.5;2
100;4939;98.78;99;96;0.9978116002143311;0.9978093151728736;1.0022222222222221;36.05369958514353;96;100;0.4999492740878496;True;ok;6;0.71;0.5;2
100;4941;98.82;99;97;0.998184264802454;0.9981834658148129;1.0018181818181817;54.82316085873883;97;100;0.4966192273191503;True;ok;7;0.71;0.5;2
100;4943;98.86;99;97;0.9985908607429217;0.9985901225890476;1.0014141414141413;53.67189498001144;97;100;0.5286933514624391;True;ok;8;0.71;0.5;2
100;4942;98.84;99;96;0.9984229056681282;0.9984199924722155;1.0016161616161616;35.32083151872566;96;100;0.5621934736774691;True;ok;9;0.71;0.5;2
100;4938;98.76;99;96;0.9976033242750069;0.9976012776614321;1.0024242424242424;36.30366030684875;96;100;0.4825548109419813;True;ok;0;0.71;0.6;2
100;4941;98.82;99;97;0.9981885483809275;0.9981876074556367;1.0018181818181817;54.826177566206084;97;100;0.5066397521398545;True;ok;1;0.71;0.6;2
100;4946;98.92;99;97;0.9991951893222157;0.9991947422865602;1.0008080808080808;52.031758493233085;97;100;0.5670753172763564;True;ok;2;0.71;0.6;2
100;4942;98.84;99;98;0.9983790779667068;0.9983785974868261;1.0016161616161616;118.26089758392737;98;100;0.5259235687151685;True;ok;3;0.71;0.6;2
100;4936;98.72;99;96;0.9971949217025482;0.9971929970043432;1.0028282828282828;36.81715782311072;96;100;0.4621814704850456;True;ok;4;0.71;0.6;2
100;4942;98.84;99;97;0.9983919326868512;0.9983910161622219;1.0016161616161616;54.24425686759897;97;100;0.5226570477080265;True;ok;5;0.71;0.6;2
100;4939;98.78;99;96;0.9978116002143311;0.9978093151728736;1.0022222222222221;36.05369958514353;96;100;0.4999492740878496;True;ok;6;0.71;0.6;2
100;4943;98.86;99;97;0.9985908607429217;0.9985901225890476;1.0014141414141413;53.671894980011444;97;100;0.5286933514624392;True;ok;7;0.71;0.6;2
100;4943;98.86;99;97;0.9985908607429217;0.9985901225890476;1.0014141414141413;53.67189498001144;97;100;0.5286933514624391;True;ok;8;0.71;0.6;2
100;4942;98.84;99;96;0.9984229056681282;0.9984199924722155;1.0016161616161616;35.32083151872566;96;100;0.5621934736774691;True;ok;9;0.71;0.6;2
100;4938;98.76;99;96;0.9976033242750069;0.9976012776614321;1.0024242424242424;36.30366030684875;96;100;0.4825548109419813;True;ok;0;0.71;0.7;2
100;4943;98.86;99;97;0.9985908607429217;0.9985901225890476;1.0014141414141413;53.67189498001144;97;100;0.5286933514624391;True;ok;1;0.71;0.7;2
100;4946;98.92;99;97;0.9991951893222157;0.9991947422865602;1.0008080808080808;52.031758493233085;97;100;0.5670753172763564;True;ok;2;0.71;0.7;2
100;4943;98.86;99;98;0.9985822882730092;0.998581847649919;1.0014141414141413;115.5338999656965;98;100;0.5373874446939333;True;ok;3;0.71;0.7;2
100;4939;98.78;99;96;0.9977942927397039;0.997792732166891;1.0022222222222221;36.048529335284485;96;100;0.4798951686778857;True;ok;4;0.71;0.7;2
100;4942;98.84;99;97;0.9983919326868512;0.9983910161622219;1.0016161616161616;54.24425686759897;97;100;0.5226570477080265;True;ok;5;0.71;0.7;2
100;4940;98.8;99;96;0.998006676873712;0.9980047521670379;1.002020202020202;35.803417005716135;96;100;0.5073202250208485;True;ok;6;0.71;0.7;2
100;4944;98.88;99;97;0.9987896161276144;0.9987890685540115;1.0012121212121212;53.11170770086049;97;100;0.5347688730094055;True;ok;7;0.71;0.7;2
100;4943;98.86;99;97;0.9985908607429217;0.9985901225890476;1.0014141414141413;53.67189498001144;97;100;0.5286933514624391;True;ok;8;0.71;0.7;2
100;4942;98.84;99;96;0.9984229056681282;0.9984199924722155;1.0016161616161616;35.32083151872566;96;100;0.5621934736774691;True;ok;9;0.71;0.7;2
100;4941;98.82;99;96;0.9982015780933797;0.9982000322752833;1.0018181818181817;35.55668311205869;96;100;0.5147085573924709;True;ok;0;0.71;0.8;2
100;4944;98.88;99;97;0.9987939036908122;0.9987932039196076;1.0012121212121212;53.11453560469644;97;100;0.5447887972163813;True;ok;1;0.71;0.8;2
100;4946;98.92;99;97;0.9991951893222157;0.9991947422865602;1.0008080808080808;52.031758493233085;97;100;0.5670753172763564;True;ok;2;0.71;0.8;2
100;4944;98.88;99;98;0.9987853285644167;0.9987849331713244;1.0012121212121212;112.93085678465795;98;100;0.5490158828512494;True;ok;3;0.71;0.8;2
100;4941;98.82;99;97;0.9981885483809275;0.9981876074556367;1.0018181818181817;54.82617756620608;97;100;0.5066397521398545;True;ok;4;0.71;0.8;2
100;4942;98.84;99;97;0.9983919326868512;0.9983910161622219;1.0016161616161616;54.24425686759897;97;100;0.5226570477080265;True;ok;5;0.71;0.8;2
100;4940;98.8;99;96;0.998006676873712;0.9980047521670379;1.002020202020202;35.803417005716135;96;100;0.5073202250208485;True;ok;6;0.71;0.8;2
100;4944;98.88;99;97;0.9987896161276144;0.9987890685540115;1.0012121212121212;53.11170770086049;97;100;0.5347688730094055;True;ok;7;0.71;0.8;2
100;4945;98.9;99;97;0.998992487732361;0.998991987540305;1.001010101010101;52.566079368632906;97;100;0.5509030125412346;True;ok;8;0.71;0.8;2
100;4944;98.88;99;96;0.9988115865124735;0.9988097452110842;1.0012121212121212;34.84426349725512;96;100;0.5670553821021787;True;ok;9;0.71;0.8;2
100;4941;98.82;99;96;0.9982015780933797;0.9982000322752833;1.0018181818181817;35.55668311205869;96;100;0.5147085573924709;True;ok;0;0.71;0.9;2
100;4944;98.88;99;97;0.9987939036908122;0.9987932039196076;1.0012121212121212;53.11453560469644;97;100;0.5447887972163813;True;ok;1;0.71;0.9;2
100;4947;98.94;99;98;0.9993934293492481;0.9993932038834952;1.0006060606060605;105.78633401116913;98;100;0.5848685041694515;True;ok;2;0.71;0.9;2
100;4944;98.88;99;98;0.9987853285644167;0.9987849331713244;1.0012121212121212;112.93085678465795;98;100;0.5490158828512494;True;ok;3;0.71;0.9;2
100;4942;98.84;99;97;0.9983876477801364;0.9983868766208788;1.0016161616161616;54.24130503365953;97;100;0.5126367243419935;True;ok;4;0.71;0.9;2
100;4942;98.84;99;97;0.9983919326868512;0.9983910161622219;1.0016161616161616;54.24425686759897;97;100;0.5226570477080265;True;ok;5;0.71;0.9;2
100;4942;98.84;99;96;0.9983962212986606;0.9983951556864432;1.0016161616161616;35.31344837224301;96;100;0.5121144459573151;True;ok;6;0.71;0.9;2
100;4945;98.9;99;98;0.9989881988409219;0.9989878542510121;1.001010101010101;110.44350441166554;98;100;0.5608070121920964;True;ok;7;0.71;0.9;2
100;4945;98.9;99;97;0.998992487732361;0.998991987540305;1.001010101010101;52.566079368632906;97;100;0.5509030125412346;True;ok;8;0.71;0.9;2
100;4944;98.88;99;96;0.9988115865124735;0.9988097452110842;1.0012121212121212;34.84426349725512;96;100;0.5670553821021787;True;ok;9;0.71;0.9;2
100;4941;98.82;99;96;0.9982015780933797;0.9982000322752833;1.0018181818181817;35.55668311205869;96;100;0.5147085573924709;True;ok;0;0.71;1.0;2
100;4945;98.9;99;97;0.9989967766238003;0.9989961208125224;1.001010101010101;52.56884836257264;97;100;0.560922740167375;True;ok;1;0.71;1.0;2
100;4947;98.94;99;98;0.9993934293492481;0.9993932038834952;1.0006060606060605;105.78633401116913;98;100;0.5848685041694515;True;ok;2;0.71;1.0;2
100;4945;98.9;99;98;0.9989881988409219;0.9989878542510121;1.001010101010101;110.44350441166554;98;100;0.5608070121920964;True;ok;3;0.71;1.0;2
100;4943;98.86;99;97;0.9985908607429217;0.9985901225890476;1.0014141414141413;53.67189498001144;97;100;0.5286933514624391;True;ok;4;0.71;1.0;2
100;4943;98.86;99;97;0.9985951469778779;0.9985942600329522;1.0014141414141413;53.67478401077524;97;100;0.538713474943319;True;ok;5;0.71;1.0;2
100;4942;98.84;99;96;0.9983962212986606;0.9983951556864432;1.0016161616161616;35.31344837224301;96;100;0.5121144459573151;True;ok;6;0.71;1.0;2
100;4945;98.9;99;98;0.9989881988409219;0.9989878542510121;1.001010101010101;110.44350441166554;98;100;0.5608070121920964;True;ok;7;0.71;1.0;2
100;4946;98.92;99;97;0.9991951893222157;0.9991947422865602;1.0008080808080808;52.031758493233085;97;100;0.5670753172763564;True;ok;8;0.71;1.0;2
100;4944;98.88;99;96;0.9988115865124735;0.9988097452110842;1.0012121212121212;34.84426349725512;96;100;0.5670553821021787;True;ok;9;0.71;1.0;2
100;4935;98.7;99;95;0.9970077094577873;0.9970052242659793;1.003030303030303;36.58972820247081;96;99;0.4593294481149525;True;ok;0;0.81;0.0;2
100;4934;98.68;99;97;0.9967729206646723;0.996771583293566;1.0032323232323233;59.29589994075434;97;100;0.42570374786880194;True;ok;1;0.81;0.0;2
100;4941;98.82;99;97;0.9981885483809276;0.9981876074556367;1.0018181818181817;54.82617756620608;97;100;0.5066397521398545;True;ok;2;0.81;0.0;2
100;4941;98.82;99;97;0.9981885483809276;0.9981876074556367;1.0018181818181817;54.82617756620608;97;100;0.5066397521398545;True;ok;3;0.81;0.0;2
100;4938;98.76;99;96;0.9975903053003381;0.9975888340645546;1.0024242424242424;36.29974042450189;96;100;0.4670564404034246;True;ok;4;0.81;0.0;2
100;4930;98.6;99;95;0.996008965582065;0.9960058104858904;1.004040404040404;58.57273602655531;97;97;0.4231381090935597;True;ok;5;0.81;0.0;2
100;4935;98.7;99;94;0.9970340232532148;0.9970301485547898;1.003030303030303;55.85410609275383;97;98;0.47968287182048897;True;ok;6;0.81;0.0;2
100;4945;98.9;99;96;0.999001069388112;0.9990002540676646;1.001010101010101;34.609744264521304;96;100;0.5544991285425457;True;ok;7;0.81;0.0;2
100;4943;98.86;99;96;0.9985951507388979;0.9985942600329522;1.0014141414141413;35.07482280959486;96;100;0.5195505539177349;True;ok;8;0.81;0.0;2
100;4941;98.82;99;96;0.9982056899931586;0.9982041738475576;1.0018181818181817;35.55795239856682;96;100;0.5147220435399346;True;ok;9;0.81;0.0;2
100;4941;98.82;99;96;0.9981971191870431;0.9981958906858719;1.0018181818181817;35.555439688952326;96;100;0.5046953455324467;True;ok;0;0.81;0.1;2
100;4940;98.8;99;97;0.9979849940601035;0.9979840337125861;1.002020202020202;55.420958753887604;97;100;0.4906618884509026;True;ok;1;0.81;0.1;2
100;4947;98.94;99;98;0.9993934293492481;0.9993932038834952;1.0006060606060605;105.78633401116915;98;100;0.5848685041694517;True;ok;2;0.81;0.1;2
100;4946;98.92;99;97;0.9991951893222157;0.9991947422865602;1.0008080808080808;52.031758493233085;97;100;0.5670753172763564;True;ok;3;0.81;0.1;2
100;4941;98.82;99;97;0.9981885483809275;0.9981876074556367;1.0018181818181817;54.826177566206084;97;100;0.5066397521398545;True;ok;4;0.81;0.1;2
100;4944;98.88;99;97;0.9987939036908122;0.9987932039196076;1.0012121212121212;53.11453560469644;97;100;0.5447887972163813;True;ok;5;0.81;0.1;2
100;4939;98.78;99;95;0.9978203446636891;0.9978176065728555;1.0022222222222221;26.643108136679732;95;100;0.5027108794650818;True;ok;6;0.81;0.1;2
100;4948;98.96;99;98;0.9995957895810619;0.9995956328346138;1.0004040404040404;103.60328538593646;98;100;0.597133918541153;True;ok;7;0.81;0.1;2
100;4947;98.94;99;97;0.9993977208971697;0.9993973329920972;1.0006060606060605;51.50839718039135;97;100;0.5832854491024155;True;ok;8;0.81;0.1;2
100;4947;98.94;99;97;0.9993977208971697;0.9993973329920972;1.0006060606060605;51.50839718039135;97;100;0.5832854491024155;True;ok;9;0.81;0.1;2
100;4943;98.86;99;97;0.9985951469778778;0.9985942600329522;1.0014141414141413;53.67478401077524;97;100;0.538713474943319;True;ok;0;0.81;0.2;2
100;4945;98.9;99;98;0.9989881988409219;0.9989878542510121;1.001010101010101;110.44350441166554;98;100;0.5608070121920964;True;ok;1;0.81;0.2;2
100;4947;98.94;99;98;0.9993934293492481;0.9993932038834952;1.0006060606060605;105.78633401116915;98;100;0.5848685041694517;True;ok;2;0.81;0.2;2
100;4947;98.94;99;98;0.9993934293492481;0.9993932038834952;1.0006060606060605;105.78633401116915;98;100;0.5848685041694517;True;ok;3;0.81;0.2;2
100;4942;98.84;99;97;0.9983876477801362;0.9983868766208788;1.0016161616161616;54.24130503365953;97;100;0.5126367243419935;True;ok;4;0.81;0.2;2
100;4945;98.9;99;97;0.998992487732361;0.998991987540305;1.001010101010101;52.566079368632906;97;100;0.5509030125412346;True;ok;5;0.81;0.2;2
100;4943;98.86;99;96;0.9985951507388982;0.9985942600329522;1.0014141414141413;35.07482280959486;96;100;0.5195505539177349;True;ok;6;0.81;0.2;2
100;4949;98.98;99;98;0.9997979797979812;0.9997978981406629;1.00020202020202;101.50934078622346;98;100;0.609552211402181;True;ok;7;0.81;0.2;2
100;4949;98.98;99;98;0.9997979797979812;0.9997978981406629;1.00020202020202;101.50934078622346;98;100;0.609552211402181;True;ok;8;0.81;0.2;2
100;4947;98.94;99;97;0.9993977208971697;0.9993973329920972;1.0006060606060605;51.50839718039135;97;100;0.5832854491024155;True;ok;9;0.81;0.2;2
100;4944;98.88;99;97;0.9987939036908122;0.9987932039196076;1.0012121212121212;53.11453560469644;97;100;0.5447887972163813;True;ok;0;0.81;0.3;2
100;4948;98.96;99;98;0.9995957895810619;0.9995956328346138;1.0004040404040404;103.60328538593646;98;100;0.597133918541153;True;ok;1;0.81;0.3;2
100;4948;98.96;99;98;0.9995957895810619;0.9995956328346138;1.0004040404040404;103.60328538593646;98;100;0.597133918541153;True;ok;2;0.81;0.3;2
100;4947;98.94;99;98;0.9993934293492481;0.9993932038834952;1.0006060606060605;105.78633401116915;98;100;0.5848685041694517;True;ok;3;0.81;0.3;2
100;4943;98.86;99;97;0.9985865745079653;0.9985859851280365;1.0014141414141413;53.66900626613706;97;100;0.5186732290024881;True;ok;4;0.81;0.3;2
100;4946;98.92;99;97;0.9991951893222157;0.9991947422865602;1.0008080808080808;52.031758493233085;97;100;0.5670753172763564;True;ok;5;0.81;0.3;2
100;4947;98.94;99;97;0.9993977208971698;0.9993973329920972;1.0006060606060605;51.50839718039135;97;100;0.5832854491024155;True;ok;6;0.81;0.3;2
100;4950;99.0;99;99;1.0;1.0;1.0;nan;;0;nan;False;no_valid_tail_candidate;7;0.81;0.3;2
100;4949;98.98;99;98;0.9997979797979812;0.9997978981406629;1.00020202020202;101.50934078622346;98;100;0.609552211402181;True;ok;8;0.81;0.3;2
100;4948;98.96;99;97;0.9996000824572251;0.9995997598559135;1.0004040404040404;50.995661662419636;97;100;0.5995330630853318;True;ok;9;0.81;0.3;2
100;4946;98.92;99;98;0.9991908991025349;0.9991906110886281;1.0008080808080808;108.06429779402063;98;100;0.5727586799764781;True;ok;0;0.81;0.4;2
100;4950;99.0;99;99;1.0;1.0;1.0;nan;;0;nan;False;no_valid_tail_candidate;1;0.81;0.4;2
100;4948;98.96;99;98;0.9995957895810619;0.9995956328346138;1.0004040404040404;103.60328538593646;98;100;0.597133918541153;True;ok;2;0.81;0.4;2
100;4947;98.94;99;98;0.9993934293492481;0.9993932038834952;1.0006060606060605;105.78633401116915;98;100;0.5848685041694517;True;ok;3;0.81;0.4;2
100;4944;98.88;99;97;0.9987896161276144;0.9987890685540115;1.0012121212121212;53.11170770086049;97;100;0.5347688730094055;True;ok;4;0.81;0.4;2
100;4948;98.96;99;98;0.9995957895810619;0.9995956328346138;1.0004040404040404;103.60328538593646;98;100;0.597133918541153;True;ok;5;0.81;0.4;2
100;4948;98.96;99;97;0.9996000824572251;0.9995997598559135;1.0004040404040404;50.995661662419636;97;100;0.5995330630853318;True;ok;6;0.81;0.4;2
100;4950;99.0;99;99;1.0;1.0;1.0;nan;;0;nan;False;no_valid_tail_candidate;7;0.81;0.4;2
100;4949;98.98;99;98;0.9997979797979812;0.9997978981406629;1.00020202020202;101.50934078622346;98;100;0.609552211402181;True;ok;8;0.81;0.4;2
100;4948;98.96;99;97;0.9996000824572251;0.9995997598559135;1.0004040404040404;50.995661662419636;97;100;0.5995330630853318;True;ok;9;0.81;0.4;2
100;4947;98.94;99;98;0.9993934293492481;0.9993932038834952;1.0006060606060605;105.78633401116915;98;100;0.5848685041694517;True;ok;0;0.81;0.5;2
100;4950;99.0;99;99;1.0;1.0;1.0;nan;;0;nan;False;no_valid_tail_candidate;1;0.81;0.5;2
100;4948;98.96;99;98;0.9995957895810619;0.9995956328346138;1.0004040404040404;103.60328538593646;98;100;0.597133918541153;True;ok;2;0.81;0.5;2
100;4947;98.94;99;98;0.9993934293492481;0.9993932038834952;1.0006060606060605;105.78633401116915;98;100;0.5848685041694517;True;ok;3;0.81;0.5;2
100;4945;98.9;99;97;0.998992487732361;0.998991987540305;1.001010101010101;52.566079368632906;97;100;0.5509030125412346;True;ok;4;0.81;0.5;2
100;4948;98.96;99;98;0.9995957895810619;0.9995956328346138;1.0004040404040404;103.60328538593646;98;100;0.597133918541153;True;ok;5;0.81;0.5;2
100;4949;98.98;99;98;0.9997979797979812;0.9997978981406629;1.00020202020202;101.50934078622346;98;100;0.609552211402181;True;ok;6;0.81;0.5;2
100;4950;99.0;99;99;1.0;1.0;1.0;nan;;0;nan;False;no_valid_tail_candidate;7;0.81;0.5;2
100;4949;98.98;99;98;0.9997979797979812;0.9997978981406629;1.00020202020202;101.50934078622346;98;100;0.609552211402181;True;ok;8;0.81;0.5;2
100;4949;98.98;99;98;0.9997979797979812;0.9997978981406629;1.00020202020202;101.50934078622346;98;100;0.609552211402181;True;ok;9;0.81;0.5;2
100;4948;98.96;99;98;0.9995957895810619;0.9995956328346138;1.0004040404040404;103.60328538593646;98;100;0.597133918541153;True;ok;0;0.81;0.6;2
100;4950;99.0;99;99;1.0;1.0;1.0;nan;;0;nan;False;no_valid_tail_candidate;1;0.81;0.6;2
100;4950;99.0;99;99;1.0;1.0;1.0;nan;;0;nan;False;no_valid_tail_candidate;2;0.81;0.6;2
100;4948;98.96;99;98;0.9995957895810619;0.9995956328346138;1.0004040404040404;103.60328538593645;98;100;0.597133918541153;True;ok;3;0.81;0.6;2
100;4946;98.92;99;98;0.9991908991025349;0.9991906110886281;1.0008080808080808;108.06429779402063;98;100;0.5727586799764781;True;ok;4;0.81;0.6;2
100;4948;98.96;99;98;0.9995957895810619;0.9995956328346138;1.0004040404040404;103.60328538593646;98;100;0.597133918541153;True;ok;5;0.81;0.6;2
100;4949;98.98;99;98;0.9997979797979812;0.9997978981406629;1.00020202020202;101.50934078622346;98;100;0.609552211402181;True;ok;6;0.81;0.6;2
100;4950;99.0;99;99;1.0;1.0;1.0;nan;;0;nan;False;no_valid_tail_candidate;7;0.81;0.6;2
100;4949;98.98;99;98;0.9997979797979812;0.9997978981406629;1.00020202020202;101.50934078622346;98;100;0.609552211402181;True;ok;8;0.81;0.6;2
100;4949;98.98;99;98;0.9997979797979812;0.9997978981406629;1.00020202020202;101.50934078622346;98;100;0.609552211402181;True;ok;9;0.81;0.6;2
100;4948;98.96;99;98;0.9995957895810619;0.9995956328346138;1.0004040404040404;103.60328538593646;98;100;0.597133918541153;True;ok;0;0.81;0.7;2
100;4950;99.0;99;99;1.0;1.0;1.0;nan;;0;nan;False;no_valid_tail_candidate;1;0.81;0.7;2
100;4950;99.0;99;99;1.0;1.0;1.0;nan;;0;nan;False;no_valid_tail_candidate;2;0.81;0.7;2
100;4948;98.96;99;98;0.9995957895810619;0.9995956328346138;1.0004040404040404;103.60328538593645;98;100;0.597133918541153;True;ok;3;0.81;0.7;2
100;4947;98.94;99;98;0.9993934293492481;0.9993932038834952;1.0006060606060605;105.78633401116913;98;100;0.5848685041694515;True;ok;4;0.81;0.7;2
100;4949;98.98;99;98;0.9997979797979812;0.9997978981406629;1.00020202020202;101.50934078622346;98;100;0.609552211402181;True;ok;5;0.81;0.7;2
100;4949;98.98;99;98;0.9997979797979812;0.9997978981406629;1.00020202020202;101.50934078622346;98;100;0.609552211402181;True;ok;6;0.81;0.7;2
100;4950;99.0;99;99;1.0;1.0;1.0;nan;;0;nan;False;no_valid_tail_candidate;7;0.81;0.7;2
100;4949;98.98;99;98;0.9997979797979812;0.9997978981406629;1.00020202020202;101.50934078622346;98;100;0.609552211402181;True;ok;8;0.81;0.7;2
100;4949;98.98;99;98;0.9997979797979812;0.9997978981406629;1.00020202020202;101.50934078622346;98;100;0.609552211402181;True;ok;9;0.81;0.7;2
100;4948;98.96;99;98;0.9995957895810619;0.9995956328346138;1.0004040404040404;103.60328538593646;98;100;0.597133918541153;True;ok;0;0.81;0.8;2
100;4950;99.0;99;99;1.0;1.0;1.0;nan;;0;nan;False;no_valid_tail_candidate;1;0.81;0.8;2
100;4950;99.0;99;99;1.0;1.0;1.0;nan;;0;nan;False;no_valid_tail_candidate;2;0.81;0.8;2
100;4948;98.96;99;98;0.9995957895810619;0.9995956328346138;1.0004040404040404;103.60328538593645;98;100;0.597133918541153;True;ok;3;0.81;0.8;2
100;4947;98.94;99;98;0.9993934293492481;0.9993932038834952;1.0006060606060605;105.78633401116913;98;100;0.5848685041694515;True;ok;4;0.81;0.8;2
100;4949;98.98;99;98;0.9997979797979812;0.9997978981406629;1.00020202020202;101.50934078622346;98;100;0.609552211402181;True;ok;5;0.81;0.8;2
100;4949;98.98;99;98;0.9997979797979812;0.9997978981406629;1.00020202020202;101.50934078622346;98;100;0.609552211402181;True;ok;6;0.81;0.8;2
100;4950;99.0;99;99;1.0;1.0;1.0;nan;;0;nan;False;no_valid_tail_candidate;7;0.81;0.8;2
100;4949;98.98;99;98;0.9997979797979812;0.9997978981406629;1.00020202020202;101.50934078622346;98;100;0.609552211402181;True;ok;8;0.81;0.8;2
100;4949;98.98;99;98;0.9997979797979812;0.9997978981406629;1.00020202020202;101.50934078622346;98;100;0.609552211402181;True;ok;9;0.81;0.8;2
100;4948;98.96;99;98;0.9995957895810619;0.9995956328346138;1.0004040404040404;103.60328538593646;98;100;0.597133918541153;True;ok;0;0.81;0.9;2
100;4950;99.0;99;99;1.0;1.0;1.0;nan;;0;nan;False;no_valid_tail_candidate;1;0.81;0.9;2
100;4950;99.0;99;99;1.0;1.0;1.0;nan;;0;nan;False;no_valid_tail_candidate;2;0.81;0.9;2
100;4949;98.98;99;98;0.9997979797979812;0.9997978981406629;1.00020202020202;101.50934078622346;98;100;0.609552211402181;True;ok;3;0.81;0.9;2
100;4947;98.94;99;98;0.9993934293492481;0.9993932038834952;1.0006060606060605;105.78633401116913;98;100;0.5848685041694515;True;ok;4;0.81;0.9;2
100;4949;98.98;99;98;0.9997979797979812;0.9997978981406629;1.00020202020202;101.50934078622346;98;100;0.609552211402181;True;ok;5;0.81;0.9;2
100;4949;98.98;99;98;0.9997979797979812;0.9997978981406629;1.00020202020202;101.50934078622346;98;100;0.609552211402181;True;ok;6;0.81;0.9;2
100;4950;99.0;99;99;1.0;1.0;1.0;nan;;0;nan;False;no_valid_tail_candidate;7;0.81;0.9;2
100;4949;98.98;99;98;0.9997979797979812;0.9997978981406629;1.00020202020202;101.50934078622346;98;100;0.609552211402181;True;ok;8;0.81;0.9;2
100;4949;98.98;99;98;0.9997979797979812;0.9997978981406629;1.00020202020202;101.50934078622346;98;100;0.609552211402181;True;ok;9;0.81;0.9;2
100;4948;98.96;99;98;0.9995957895810619;0.9995956328346138;1.0004040404040404;103.60328538593646;98;100;0.597133918541153;True;ok;0;0.81;1.0;2
100;4950;99.0;99;99;1.0;1.0;1.0;nan;;0;nan;False;no_valid_tail_candidate;1;0.81;1.0;2
100;4950;99.0;99;99;1.0;1.0;1.0;nan;;0;nan;False;no_valid_tail_candidate;2;0.81;1.0;2
100;4949;98.98;99;98;0.9997979797979812;0.9997978981406629;1.00020202020202;101.50934078622346;98;100;0.609552211402181;True;ok;3;0.81;1.0;2
100;4948;98.96;99;98;0.9995957895810619;0.9995956328346138;1.0004040404040404;103.60328538593645;98;100;0.597133918541153;True;ok;4;0.81;1.0;2
100;4949;98.98;99;98;0.9997979797979812;0.9997978981406629;1.00020202020202;101.50934078622346;98;100;0.609552211402181;True;ok;5;0.81;1.0;2
100;4950;99.0;99;99;1.0;1.0;1.0;nan;;0;nan;False;no_valid_tail_candidate;6;0.81;1.0;2
100;4950;99.0;99;99;1.0;1.0;1.0;nan;;0;nan;False;no_valid_tail_candidate;7;0.81;1.0;2
100;4949;98.98;99;98;0.9997979797979812;0.9997978981406629;1.00020202020202;101.50934078622346;98;100;0.609552211402181;True;ok;8;0.81;1.0;2
100;4949;98.98;99;98;0.9997979797979812;0.9997978981406629;1.00020202020202;101.50934078622346;98;100;0.609552211402181;True;ok;9;0.81;1.0;2
