n_vertices;n_edges;degree_mean;degree_max;degree_min;avg_local_clustering;global_clustering;avg_shortest_path_length;powerlaw_alpha;powerlaw_k_min;powerlaw_n_tail;powerlaw_ks;powerlaw_valid;powerlaw_reason;seed;beta;gamma;dim
100;118;2.36;7;0;0.3878571428571428;0.4349442379182156;7.860892388451443;3.967009776199462;2;74;0.43243243243243246;True;ok;0;0.01;0.0;2
100;190;3.8;12;0;0.4543989898989898;0.4033333333333333;4.45643153526971;2.4493833722842058;2;80;0.219382063626517;True;ok;1;0.01;0.0;2
100;177;3.54;9;0;0.43120634920634926;0.5506849315068493;6.530210016155089;2.418966444608131;2;75;0.2374871962075294;True;ok;2;0.01;0.0;2
100;129;2.58;8;0;0.3594523809523809;0.49014084507042255;3.715527950310559;3.210314922957965;2;70;0.34285714285714286;True;ok;3;0.01;0.0;2
100;121;2.42;8;0;0.3563571428571428;0.47181008902077154;3.6117511520737327;5.382990700091253;4;23;0.34782608695652173;True;ok;4;0.01;0.0;2
100;153;3.06;9;0;0.4467857142857142;0.47184466019417476;5.443776520509194;2.889886922238635;2;77;0.3116883116883117;True;ok;5;0.01;0.0;2
100;140;2.8;10;0;0.41734920634920647;0.44766146993318484;4.189902034664657;3.2252160225275004;2;73;0.3835616438356164;True;ok;6;0.01;0.0;2
100;128;2.56;9;0;0.4125238095238095;0.5447570332480819;3.9607843137254903;4.414546330360832;4;23;0.2723675979184446;True;ok;7;0.01;0.0;2
100;132;2.64;8;0;0.40119047619047604;0.4405594405594406;4.68035343035343;4.010331929412157;4;25;0.2891790580680665;True;ok;8;0.01;0.0;2
100;147;2.94;10;0;0.5049682539682541;0.5074946466809421;5.171059431524548;2.915974155796498;2;77;0.29339939212475574;True;ok;9;0.01;0.0;2
100;125;2.5;7;0;0.4023333333333332;0.4131147540983607;7.45083932853717;3.7117089668693906;2;77;0.38961038961038963;True;ok;0;0.01;0.05;2
100;196;3.92;12;0;0.4750497835497834;0.4059917355371901;4.362460336831828;2.4156140359014486;2;81;0.21449983900420078;True;ok;1;0.01;0.05;2
100;183;3.66;9;0;0.4297380952380953;0.5478927203065134;6.605342136854742;3.059203218267135;3;62;0.22580645161290322;True;ok;2;0.01;0.05;2
100;136;2.72;9;0;0.39305555555555555;0.49385749385749383;5.507211538461538;4.11460619848663;3;47;0.2978723404255319;True;ok;3;0.01;0.05;2
100;128;2.56;8;0;0.3943333333333333;0.48517520215633425;3.8353909465020575;4.998569219548464;4;24;0.2916666666666667;True;ok;4;0.01;0.05;2
100;165;3.3;11;0;0.4497157287157286;0.45641838351822506;4.884958791208791;2.768692208725663;2;79;0.2911392405063291;True;ok;5;0.01;0.05;2
100;150;3.0;11;0;0.4124769119769121;0.45714285714285713;4.072409488139825;4.069119799670101;4;27;0.2962962962962963;True;ok;6;0.01;0.05;2
100;135;2.7;9;0;0.4340952380952382;0.5473441108545035;5.006088280060883;2.94837978368695;2;70;0.2857142857142857;True;ok;7;0.01;0.05;2
100;136;2.72;8;0;0.41790476190476183;0.436241610738255;4.714494875549049;4.001821767914372;4;26;0.2959004014629296;True;ok;8;0.01;0.05;2
100;151;3.02;10;0;0.5052063492063493;0.5020408163265306;5.0370942812983;2.88497973457615;2;78;0.2907474563759569;True;ok;9;0.01;0.05;2
100;135;2.7;8;0;0.43273809523809526;0.4087193460490463;7.25;3.3811557890148065;2;78;0.3333333333333333;True;ok;0;0.01;0.1;2
100;205;4.1;12;0;0.47404040404040393;0.3930254476908577;4.139923591212989;2.351705476214119;2;82;0.23900842921827864;True;ok;1;0.01;0.1;2
100;188;3.76;9;0;0.43090476190476196;0.543451652386781;6.455344070278184;2.3363946104087194;2;76;0.24728282609653404;True;ok;2;0.01;0.1;2
100;141;2.82;9;0;0.40609523809523806;0.5057736720554272;5.405901116427432;2.936510495681215;2;72;0.266188006353996;True;ok;3;0.01;0.1;2
100;133;2.66;8;0;0.4137619047619048;0.48120300751879697;3.8313953488372094;4.862703708424065;4;25;0.32;True;ok;4;0.01;0.1;2
100;181;3.62;19;0;0.46981563757879535;0.42160278745644597;4.217323812480596;2.612034244691942;2;80;0.2625;True;ok;5;0.01;0.1;2
100;155;3.1;11;0;0.4247784992784995;0.44727272727272727;5.638480392156863;2.926737929985184;2;77;0.2727272727272727;True;ok;6;0.01;0.1;2
100;142;2.84;9;0;0.47384920634920646;0.5605749486652978;4.864035087719298;2.9014382398342815;2;73;0.2876712328767123;True;ok;7;0.01;0.1;2
100;145;2.9;9;0;0.41585714285714276;0.42105263157894735;4.788132218239745;3.812723822837819;4;28;0.25186471510903885;True;ok;8;0.01;0.1;2
100;162;3.24;11;0;0.5136580086580087;0.4930795847750865;5.316621673736984;2.804313202199091;2;81;0.25925925925925924;True;ok;9;0.01;0.1;2
100;145;2.9;14;0;0.43078754578754586;0.3582089552238806;6.508730779254626;3.253418335836513;2;80;0.3375;True;ok;0;0.01;0.15;2
100;212;4.24;13;0;0.4875944055944055;0.3882978723404255;4.023400191021968;2.3456923052385203;2;85;0.24405355312841717;True;ok;1;0.01;0.15;2
100;190;3.8;9;0;0.43695238095238104;0.5490430622009569;6.416105417276721;3.0136735046994287;3;64;0.21875;True;ok;2;0.01;0.15;2
100;151;3.02;11;0;0.41878932178932177;0.4932301740812379;5.2642089093702;2.7559702738044702;2;73;0.27645387745455646;True;ok;3;0.01;0.15;2
100;147;2.94;12;0;0.4351558441558442;0.4624277456647399;6.412052730696798;3.0244565080411925;2;77;0.33766233766233766;True;ok;4;0.01;0.15;2
100;199;3.98;29;0;0.5443358805945012;0.3743801652892562;3.896276036187671;2.5233317288772232;2;84;0.25;True;ok;5;0.01;0.15;2
100;163;3.26;11;0;0.4248174603174604;0.4410339256865913;5.293811274509804;2.83617632342267;2;79;0.27848101265822783;True;ok;6;0.01;0.15;2
100;149;2.98;9;0;0.5053650793650795;0.5687732342007435;4.777263714474554;2.803990457600465;2;75;0.26666666666666666;True;ok;7;0.01;0.15;2
100;153;3.06;10;0;0.411111111111111;0.4227504244482173;4.590592334494773;3.755960178515946;4;31;0.22580645161290322;True;ok;8;0.01;0.15;2
100;172;3.44;11;0;0.5190541125541125;0.484304932735426;5.0029663810151614;2.6967923555488102;2;82;0.25609756097560976;True;ok;9;0.01;0.15;2
100;165;3.3;20;0;0.48060484544695065;0.3605150214592275;4.595130102649797;2.869006760678041;2;82;0.2804878048780488;True;ok;0;0.01;0.2;2
100;224;4.48;14;0;0.5255214785214785;0.3951104100946372;3.79847182425979;4.322407380266736;7;20;0.2;True;ok;1;0.01;0.2;2
100;199;3.98;11;0;0.43444660894660897;0.5301724137931034;5.9421487603305785;2.877950881049621;3;64;0.21059107581468406;True;ok;2;0.01;0.2;2
100;160;3.2;13;0;0.4444542124542123;0.48743718592964824;5.444696539988656;2.699785360245506;2;76;0.27434013365561716;True;ok;3;0.01;0.2;2
100;158;3.16;12;0;0.43726046176046174;0.45454545454545453;6.515004286939125;2.872451210369112;2;79;0.31645569620253167;True;ok;4;0.01;0.2;2
100;222;4.44;47;0;0.6078369723092202;0.27889447236180903;3.1469800041228613;2.460702816376867;2;89;0.23595505617977527;True;ok;5;0.01;0.2;2
100;171;3.42;12;0;0.4611277056277058;0.4297752808988764;4.341911764705882;2.818431385139553;2;82;0.3048780487804878;True;ok;6;0.01;0.2;2
100;161;3.22;11;0;0.5254357864357865;0.555379746835443;4.403422982885085;5.0937118674928765;5;24;0.25;True;ok;7;0.01;0.2;2
100;158;3.16;12;0;0.42242496392496376;0.4351851851851852;4.542160278745644;3.5714086363676523;4;32;0.21875;True;ok;8;0.01;0.2;2
100;181;3.62;12;0;0.5222582972582973;0.4714285714285714;4.540488431876606;2.5818287282179404;2;82;0.23911255622870137;True;ok;9;0.01;0.2;2
100;181;3.62;27;0;0.5323644688644688;0.3333333333333333;4.339963420210334;2.7387881047274902;2;85;0.27058823529411763;True;ok;0;0.01;0.25;2
100;242;4.84;16;0;0.5521672771672772;0.4036144578313253;3.7612076852698992;3.338522417169738;5;40;0.175;True;ok;1;0.01;0.25;2
100;218;4.36;12;0;0.45146392496392507;0.5116279069767442;4.248134328358209;2.6834921588346106;3;66;0.21318925345172668;True;ok;2;0.01;0.25;2
100;170;3.4;14;0;0.48744327894327893;0.49067431850789095;5.39162201656113;2.6410328014417583;2;79;0.25807455067638096;True;ok;3;0.01;0.25;2
100;164;3.28;13;0;0.4350340770340771;0.44157814871016693;6.447111359196204;2.7721672940866355;2;79;0.27848101265822783;True;ok;4;0.01;0.25;2
100;267;5.34;75;1;0.6768378729378729;0.2001516300227445;2.4185858585858586;2.8226827917240174;3;78;0.20293366679590868;True;ok;5;0.01;0.25;2
100;181;3.62;13;0;0.5042548562548564;0.42;4.269461077844311;2.74767927456299;2;86;0.2558139534883721;True;ok;6;0.01;0.25;2
100;165;3.3;11;0;0.5583881673881674;0.5405405405405406;4.125916870415648;3.3533545391771495;3;56;0.26785714285714285;True;ok;7;0.01;0.25;2
100;172;3.44;15;0;0.4538564213564213;0.42317380352644834;4.159735349716446;2.9655723933180353;3;50;0.24;True;ok;8;0.01;0.25;2
100;191;3.82;15;0;0.5456863691863691;0.45494505494505494;4.1303666562206205;2.492077218870011;2;82;0.229865529335252;True;ok;9;0.01;0.25;2
100;198;3.96;35;0;0.5581952720482132;0.30663615560640733;3.8538495971351834;2.5967508453650527;2;87;0.23522983088806007;True;ok;0;0.01;0.3;2
100;255;5.1;18;0;0.5715901320901322;0.4092548076923077;3.6699507389162562;3.2296753222345074;5;42;0.16666666666666666;True;ok;1;0.01;0.3;2
100;225;4.5;12;0;0.4705158730158731;0.5032258064516129;4.059434968017057;3.3100339387002373;4;57;0.21052631578947367;True;ok;2;0.01;0.3;2
100;180;3.6;15;0;0.49303696303696315;0.457002457002457;4.797319932998325;2.548977521761405;2;80;0.2538720140471167;True;ok;3;0.01;0.3;2
100;172;3.44;16;0;0.4553055555555556;0.4251968503937008;5.966067864271457;2.6508590122006552;2;79;0.25316455696202533;True;ok;4;0.01;0.3;2
100;300;6.0;95;1;0.7264131032695356;0.17557766908416259;2.0090909090909093;2.7653603501007957;3;86;0.22093023255813954;True;ok;5;0.01;0.3;2
100;198;3.96;18;0;0.5342737425972719;0.4054878048780488;4.128070593846887;3.6278021042031665;4;41;0.24390243902439024;True;ok;6;0.01;0.3;2
100;178;3.56;11;0;0.5618282828282828;0.5280612244897959;5.833612975391499;2.5544117891212297;2;80;0.2375;True;ok;7;0.01;0.3;2
100;183;3.66;15;0;0.5072541902541902;0.41287458379578246;3.9901019796040793;3.8907521646504937;5;28;0.25;True;ok;8;0.01;0.3;2
100;201;4.02;16;0;0.5385119602619602;0.43852855759922554;4.154139156932453;3.1161026582906923;3;67;0.22388059701492538;True;ok;9;0.01;0.3;2
100;214;4.28;44;0;0.5810818316050874;0.27025495750708217;3.299938157081014;2.473398943196756;2;88;0.24522066931189637;True;ok;0;0.01;0.35;2
100;270;5.4;19;0;0.585621136173768;0.4065040650406504;3.5514279579128196;3.8766092398719114;7;28;0.14285714285714285;True;ok;1;0.01;0.35;2
100;236;4.72;14;0;0.49703529803529806;0.5;3.7955756929637525;3.145423460132007;4;58;0.19077967261744916;True;ok;2;0.01;0.35;2
100;194;3.88;17;0;0.5519219930396402;0.4451219512195122;4.44751535455053;2.524146964809261;2;85;0.23529411764705882;True;ok;3;0.01;0.35;2
100;180;3.6;19;0;0.45874279813753494;0.4122905027932961;5.279940119760479;2.5633889702484653;2;79;0.24050632911392406;True;ok;4;0.01;0.35;2
100;315;6.3;99;1;0.7614083973915907;0.18138240296891914;1.9363636363636363;2.6681633848679622;3;88;0.19318181818181818;True;ok;5;0.01;0.35;2
100;219;4.38;23;0;0.5398922768053204;0.3923257635082224;3.838193378645034;2.3922415261181844;2;90;0.25358087277212926;True;ok;6;0.01;0.35;2
100;181;3.62;12;0;0.5610317460317461;0.5226993865030675;5.521532438478747;2.5171851502337557;2;80;0.2375;True;ok;7;0.01;0.35;2
100;201;4.02;17;0;0.5575998217468805;0.42857142857142855;3.634701827989212;3.910266960292687;6;23;0.21739130434782608;True;ok;8;0.01;0.35;2
100;218;4.36;17;0;0.5310247791424262;0.4206730769230769;3.7973677675689097;2.938149166735669;3;71;0.23021855203384287;True;ok;9;0.01;0.35;2
100;240;4.8;63;1;0.6111567751245169;0.2093987560469938;2.7181818181818183;3.099488353166911;3;77;0.22077922077922077;True;ok;0;0.01;0.4;2
100;283;5.66;20;0;0.6097590081057574;0.41219158200290273;3.3850118101782263;2.5613351560263258;3;82;0.17891437691564444;True;ok;1;0.01;0.4;2
100;244;4.88;15;0;0.53295781995782;0.499001996007984;3.6180703624733477;3.0446695152489682;4;58;0.18422249721974093;True;ok;2;0.01;0.4;2
100;204;4.08;19;0;0.5571168362081675;0.43992932862190814;4.296761585706309;3.0705408396701177;3;67;0.22388059701492538;True;ok;3;0.01;0.4;2
100;194;3.88;25;0;0.5093226551226553;0.39892183288409705;4.641187470780738;2.4773825222014345;2;82;0.21951219512195122;True;ok;4;0.01;0.4;2
100;327;6.54;99;1;0.7544051266194125;0.19066846119336026;1.9339393939393938;2.616758429966765;3;90;0.18888888888888888;True;ok;5;0.01;0.4;2
100;231;4.62;25;0;0.5415250527250527;0.38969072164948454;3.6421837316377985;3.946922623114461;5;38;0.2631578947368421;True;ok;6;0.01;0.4;2
100;193;3.86;13;0;0.5792652902652903;0.5114754098360655;5.233635929288103;3.048523754456228;3;64;0.2421726187941068;True;ok;7;0.01;0.4;2
100;215;4.3;17;0;0.5531866270983916;0.4162244124336619;3.4045549895115372;3.845854448072385;6;26;0.23076923076923078;True;ok;8;0.01;0.4;2
100;232;4.64;20;0;0.5755713763360822;0.42164441321152496;3.675689098584554;2.905517249961761;3;76;0.2114746906532241;True;ok;9;0.01;0.4;2
100;267;5.34;84;1;0.6858180821855523;0.16981132075471697;2.2232323232323234;3.0278503863027013;3;85;0.23022406992006775;True;ok;0;0.01;0.45;2
100;305;6.1;21;0;0.6162510819933421;0.4162271805273834;3.2110800944814257;2.4440041514415403;3;84;0.1851712093987936;True;ok;1;0.01;0.45;2
100;258;5.16;19;0;0.5445244248355704;0.4973913043478261;3.3852565772336547;2.908179634784929;4;60;0.2300850354850076;True;ok;2;0.01;0.45;2
100;223;4.46;23;0;0.5747019489536652;0.42491103202846975;4.154647227284562;2.984411730526542;3;73;0.2328767123287671;True;ok;3;0.01;0.45;2
100;211;4.22;31;0;0.5496558835429805;0.37446808510638296;4.123312743079387;2.371065657245304;2;84;0.22407427991030188;True;ok;4;0.01;0.45;2
100;345;6.9;99;1;0.7698682845794648;0.2075740318906606;1.9303030303030304;2.4881206680386985;3;90;0.18159077084758465;True;ok;5;0.01;0.45;2
100;253;5.06;29;0;0.570433465959328;0.37682728749323224;3.2944529708397283;2.9189156971483627;3;83;0.25301204819277107;True;ok;6;0.01;0.45;2
100;210;4.2;14;0;0.5961000111000111;0.5004633920296571;5.066117593228094;2.8977401193978123;3;68;0.21482402491030655;True;ok;7;0.01;0.45;2
100;226;4.52;18;0;0.584583782230841;0.4071573261309926;3.632742155525239;3.542436769750888;6;26;0.19230769230769232;True;ok;8;0.01;0.45;2
100;254;5.08;21;0;0.6072305968884917;0.4103291713961407;3.599957053897359;2.7196806873313357;3;79;0.2257022220823781;True;ok;9;0.01;0.45;2
100;285;5.7;92;1;0.708245276462668;0.16422341807385415;2.0814141414141414;2.890359825376957;3;88;0.24902058214172826;True;ok;0;0.01;0.5;2
100;324;6.48;24;1;0.635933162069082;0.41792656587473004;3.2018181818181817;3.8579687113176386;9;22;0.18181818181818182;True;ok;1;0.01;0.5;2
100;275;5.5;22;0;0.5764876234876235;0.4908005967180507;3.302366127023661;2.8043268125137724;4;62;0.2024042382619523;True;ok;2;0.01;0.5;2
100;236;4.72;24;0;0.5826539391270849;0.41504854368932037;3.728623629719854;2.8029991142856927;3;73;0.21291960848610358;True;ok;3;0.01;0.5;2
100;230;4.6;41;0;0.5953040238893899;0.3152;3.384020618556701;2.963065435642183;3;73;0.2328767123287671;True;ok;4;0.01;0.5;2
100;365;7.3;99;2;0.7965744231613796;0.22180248246087425;1.9262626262626263;2.8446322007784084;4;79;0.16455696202531644;True;ok;5;0.01;0.5;2
100;275;5.5;32;0;0.5879663042842285;0.38696629213483147;3.15961411971059;2.742703652992585;3;86;0.19767441860465115;True;ok;6;0.01;0.5;2
100;223;4.46;14;0;0.5939877899877899;0.5061124694376528;4.8494960806271;2.6818267819275263;3;68;0.25122994645512087;True;ok;7;0.01;0.5;2
100;240;4.8;18;0;0.5831666519754756;0.4148191365227538;3.689149560117302;3.37381451131866;6;28;0.15784044644154027;True;ok;8;0.01;0.5;2
100;276;5.52;29;0;0.6463245190757934;0.39233817701453105;3.3597196454339313;2.57954727247178;3;80;0.22767596763606718;True;ok;9;0.01;0.5;2
100;308;6.16;98;1;0.7554859185978481;0.17137293086660174;1.9543434343434343;2.732329274925415;3;91;0.26060572818829075;True;ok;0;0.01;0.55;2
100;348;6.96;28;1;0.6318147939017504;0.4160316976531545;3.077979797979798;3.5211075734296617;9;24;0.125;True;ok;1;0.01;0.55;2
100;297;5.94;24;1;0.6166670611996699;0.4721984602224123;3.269187737748937;3.591865139293138;6;44;0.1590909090909091;True;ok;2;0.01;0.55;2
100;258;5.16;30;0;0.5993815601441842;0.38632075471698113;3.4332697807435655;2.746158127352068;3;79;0.21767079799724037;True;ok;3;0.01;0.55;2
100;241;4.82;48;0;0.6048302247397992;0.2949512843224092;3.274914089347079;2.9083459890820587;3;76;0.22510275665150964;True;ok;4;0.01;0.55;2
100;376;7.52;99;2;0.7965463236126376;0.23098039215686275;1.924040404040404;2.7774743281517633;4;80;0.175;True;ok;5;0.01;0.55;2
100;300;6.0;37;0;0.6231823091559935;0.38872620790629575;2.9182196886647667;2.6162374515064797;3;90;0.1829524753032501;True;ok;6;0.01;0.55;2
100;242;4.84;18;0;0.5967924395865574;0.488231338264963;4.395833333333333;3.8572041345788035;5;47;0.2127659574468085;True;ok;7;0.01;0.55;2
100;254;5.08;21;0;0.602016217442688;0.4014300306435138;3.59588327253778;2.2209071365261734;2;89;0.19101123595505617;True;ok;8;0.01;0.55;2
100;303;6.06;39;0;0.7289224583408794;0.3863789615643965;3.0606060606060606;3.3662300965135485;5;55;0.2;True;ok;9;0.01;0.55;2
100;323;6.46;99;1;0.7527662337662336;0.18334108887854816;1.9347474747474747;2.636896877003117;3;93;0.23577870989416772;True;ok;0;0.01;0.6;2
100;380;7.6;32;1;0.6294030439888297;0.41431451612903225;2.8519191919191917;3.4442942802983905;10;22;0.10609498791176969;True;ok;1;0.01;0.6;2
100;322;6.44;32;1;0.6344624615386497;0.4312829525483304;3.0472727272727274;2.7386348718699463;4;72;0.1687862424892257;True;ok;2;0.01;0.6;2
100;278;5.56;34;0;0.6293065850981652;0.3717117804041174;3.1220209723546235;2.6679826275617997;3;83;0.20040008706709492;True;ok;3;0.01;0.6;2
100;263;5.26;58;0;0.6064089302895485;0.26482345103264493;2.8998527245949925;2.7384162327591497;3;78;0.21404959393468007;True;ok;4;0.01;0.6;2
100;402;8.04;99;2;0.795387682685228;0.24374319912948858;1.9187878787878787;2.723733093879392;4;86;0.15651360811918907;True;ok;5;0.01;0.6;2
100;324;6.48;45;0;0.6395014707514711;0.3788059701492537;2.8251906823335395;2.4508290734672133;3;90;0.21900560091629107;True;ok;6;0.01;0.6;2
100;262;5.24;22;0;0.6035891330891331;0.47055492638731594;3.7875;3.6155354341893404;5;49;0.20408163265306123;True;ok;7;0.01;0.6;2
100;276;5.52;24;0;0.6055405744851161;0.3949685534591195;3.4544607500582343;2.5208551280240794;3;74;0.1891891891891892;True;ok;8;0.01;0.6;2
100;322;6.44;44;0;0.743434674565388;0.3825962910128388;2.9053803339517623;3.1596875439533663;5;57;0.16758772044457554;True;ok;9;0.01;0.6;2
100;334;6.68;99;1;0.745649271363557;0.1937244201909959;1.9325252525252525;2.5408273152924736;3;93;0.23978553848529127;True;ok;0;0.01;0.65;2
100;401;8.02;34;1;0.6433350512232863;0.418510158013544;2.7703030303030305;3.635679583752263;11;21;0.14285714285714285;True;ok;1;0.01;0.65;2
100;351;7.02;43;1;0.6426638272446331;0.3991311430898724;2.841010101010101;3.3741049476151455;6;52;0.15384615384615385;True;ok;2;0.01;0.65;2
100;297;5.94;41;0;0.6206211929545613;0.3408239700374532;2.982388316151203;2.6234323888547504;3;87;0.18923217050498053;True;ok;3;0.01;0.65;2
100;289;5.78;75;0;0.6587903428877112;0.22178447276940905;2.343022057307772;2.7095651172943516;3;84;0.2014720166135444;True;ok;4;0.01;0.65;2
100;424;8.48;99;2;0.7803894032720319;0.25273856578204407;1.9143434343434342;2.7373662320085135;4;93;0.17204301075268819;True;ok;5;0.01;0.65;2
100;348;6.96;52;0;0.6783234823162807;0.36971830985915494;2.647701504844362;2.8635890979937315;4;82;0.18292682926829268;True;ok;6;0.01;0.65;2
100;287;5.74;25;0;0.6073325857321212;0.4545882352941176;3.4219748505462793;2.942536097194128;4;69;0.17782758841216417;True;ok;7;0.01;0.65;2
100;297;5.94;27;0;0.6401652231211054;0.4025695931477516;3.3116701607267647;3.0853826243099207;6;36;0.19444444444444445;True;ok;8;0.01;0.65;2
100;359;7.18;57;0;0.7595421268571421;0.3328600405679513;2.494537208822923;3.4280065156450323;6;50;0.2;True;ok;9;0.01;0.65;2
100;348;6.96;99;1;0.7495184691592253;0.20292825768667644;1.9296969696969697;3.4625007199262194;8;21;0.19047619047619047;True;ok;0;0.01;0.7;2
100;438;8.76;37;2;0.6690742675494948;0.41135811694376984;2.642020202020202;3.339590726647353;11;23;0.08695652173913043;True;ok;1;0.01;0.7;2
100;382;7.64;54;1;0.6571666080661639;0.3766505973590442;2.584848484848485;3.0984082084717075;6;54;0.1383864144616302;True;ok;2;0.01;0.7;2
100;322;6.44;43;0;0.6451380867801234;0.31719445171421096;2.740053597196454;2.5223629129150797;3;90;0.21020171191062692;True;ok;3;0.01;0.7;2
100;319;6.38;88;1;0.7017275588396278;0.2093755466153577;2.1193939393939396;3.0608415925688113;4;73;0.21794525425015948;True;ok;4;0.01;0.7;2
100;447;8.94;99;2;0.7761700999427326;0.2615027437737442;1.9096969696969697;3.2228208485283876;8;36;0.16666666666666666;True;ok;5;0.01;0.7;2
100;384;7.68;58;0;0.701788992894799;0.36739659367396593;2.4982477839620696;2.701281664456547;4;87;0.16091954022988506;True;ok;6;0.01;0.7;2
100;306;6.12;27;0;0.6148381197405963;0.4439901880621423;3.2224283652855084;2.887660121718544;4;74;0.18159159036841843;True;ok;7;0.01;0.7;2
100;332;6.64;36;1;0.6829855474732713;0.38289150040994807;2.9997979797979797;2.3504057335168222;3;82;0.17557685234557932;True;ok;8;0.01;0.7;2
100;380;7.6;64;1;0.7910869725418023;0.3182211455269078;2.3723232323232324;2.7489726861066006;4;83;0.1686746987951807;True;ok;9;0.01;0.7;2
100;359;7.18;99;1;0.7504957833949429;0.21220764403879064;1.9274747474747476;3.2875388322333;8;21;0.19047619047619047;True;ok;0;0.01;0.75;2
100;488;9.76;43;3;0.678941753992162;0.39177025289327044;2.430909090909091;3.070905041880649;11;25;0.08;True;ok;1;0.01;0.75;2
100;413;8.26;59;1;0.6525312048532984;0.36519434628975267;2.442828282828283;3.546505428621401;9;30;0.13333333333333333;True;ok;2;0.01;0.75;2
100;364;7.28;54;0;0.7148728382681651;0.2783674963396779;2.3046794475365906;2.9252832301835325;4;84;0.17066868135993854;True;ok;3;0.01;0.75;2
100;338;6.76;93;1;0.7482492820683998;0.21163939487496142;2.025050505050505;2.875816623137884;4;73;0.21872945973493046;True;ok;4;0.01;0.75;2
100;479;9.58;99;3;0.7766716256757931;0.2706339429546101;1.9032323232323232;2.8970701375026398;5;86;0.1744186046511628;True;ok;5;0.01;0.75;2
100;409;8.18;69;0;0.714620856523414;0.348790658882402;2.3366316223459083;2.6050691399374566;4;89;0.16620788579667234;True;ok;6;0.01;0.75;2
100;316;6.32;29;1;0.6273168225171266;0.43623905595736584;3.151111111111111;2.8576060904048504;4;76;0.18703472987481534;True;ok;7;0.01;0.75;2
100;367;7.34;50;1;0.6896731823004275;0.34818652849740933;2.693939393939394;3.0212253059191463;8;28;0.13250537729991085;True;ok;8;0.01;0.75;2
100;418;8.36;76;2;0.7832432499214943;0.2978257896895939;2.1937373737373735;3.107145701518449;5;78;0.1794871794871795;True;ok;9;0.01;0.75;2
100;373;7.46;99;1;0.7561020254501015;0.22523763603802177;1.9246464646464647;2.99860462651303;4;90;0.18888888888888888;True;ok;0;0.01;0.8;2
100;534;10.68;48;3;0.6877977918134291;0.3901896511355654;2.302020202020202;3.1604060213741305;12;26;0.11538461538461539;True;ok;1;0.01;0.8;2
100;447;8.94;71;1;0.6778202312297826;0.3389806173725772;2.26;2.836812656373435;5;83;0.1477452387166276;True;ok;2;0.01;0.8;2
100;407;8.14;71;1;0.7437366403683917;0.24932144241954246;2.1098989898989897;2.7220344990670746;4;87;0.18111521799410252;True;ok;3;0.01;0.8;2
100;361;7.22;99;1;0.7695586237684863;0.21784989858012171;1.9270707070707072;3.3626428917194526;5;67;0.17088110137619314;True;ok;4;0.01;0.8;2
100;509;10.18;99;3;0.7755311977630938;0.28159779138987145;1.897171717171717;2.7507729549025983;5;88;0.13690882799463533;True;ok;5;0.01;0.8;2
100;448;8.96;85;1;0.7288039600379079;0.3218405537041784;2.11010101010101;2.8674075428338393;5;82;0.15853658536585366;True;ok;6;0.01;0.8;2
100;337;6.74;29;1;0.6248554338235085;0.42972699696663297;3.0272727272727273;3.1777028108764616;5;66;0.1761791723707644;True;ok;7;0.01;0.8;2
100;405;8.1;58;1;0.7063641217624085;0.34636408812324004;2.4894949494949494;2.7997641319088746;5;68;0.16176470588235295;True;ok;8;0.01;0.8;2
100;446;8.92;84;3;0.7900968727290949;0.28623979767789404;2.089292929292929;3.287789251277314;6;66;0.16666666666666666;True;ok;9;0.01;0.8;2
100;395;7.9;99;1;0.7398304210041274;0.23907354095786443;1.9202020202020202;2.8052338388031064;4;91;0.1893639763034904;True;ok;0;0.01;0.85;2
100;584;11.68;53;4;0.6906076791147118;0.38404613166746754;2.17979797979798;3.055565155898975;12;29;0.11487224932902834;True;ok;1;0.01;0.85;2
100;477;9.54;79;1;0.687243391052172;0.3321533203125;2.138989898989899;3.498188590030813;9;38;0.14528794586507432;True;ok;2;0.01;0.85;2
100;453;9.06;81;1;0.7458329824301845;0.24021893371173728;1.9987878787878788;3.4325635064070013;6;68;0.16176470588235295;True;ok;3;0.01;0.85;2
100;382;7.64;99;1;0.7573261456004943;0.23041592242919112;1.9228282828282828;3.2243457552695602;5;71;0.19254230928032648;True;ok;4;0.01;0.85;2
100;542;10.84;99;4;0.7743216780883541;0.2818438525528505;1.8905050505050505;2.662149381853461;5;92;0.16360854249711243;True;ok;5;0.01;0.85;2
100;469;9.38;92;2;0.7442287454985798;0.3146016186025305;2.002020202020202;2.7608854046118734;5;83;0.14584592889837128;True;ok;6;0.01;0.85;2
100;369;7.38;34;1;0.6158397081533302;0.41060319177711657;2.825050505050505;2.993370538050103;5;70;0.1618585345121732;True;ok;7;0.01;0.85;2
100;438;8.76;67;1;0.7244001411220975;0.33223684210526316;2.3222222222222224;2.6831593812824686;5;71;0.14084507042253522;True;ok;8;0.01;0.85;2
100;485;9.7;92;3;0.7896262452680202;0.2832901926948519;1.9757575757575758;3.224309228659351;6;75;0.14666666666666667;True;ok;9;0.01;0.85;2
100;415;8.3;99;1;0.7331797017634084;0.24940971790729463;1.9161616161616162;3.3569754010531194;5;85;0.21176470588235294;True;ok;0;0.01;0.9;2
100;640;12.8;56;4;0.6936725779734548;0.3777636896743007;2.0668686868686867;2.848110431287127;12;31;0.11213012694959903;True;ok;1;0.01;0.9;2
100;516;10.32;86;3;0.6921555956535557;0.3199095952332032;2.033939393939394;3.0517549987408708;6;84;0.15476190476190477;True;ok;2;0.01;0.9;2
100;501;10.02;86;3;0.7757221067278046;0.23696645140967082;1.9141414141414141;3.3188609014391126;6;76;0.14473684210526316;True;ok;3;0.01;0.9;2
100;401;8.02;99;1;0.739092989307938;0.23783587509077705;1.918989898989899;3.1246121741285964;5;74;0.17250644965501052;True;ok;4;0.01;0.9;2
100;595;11.9;99;4;0.7728243017347515;0.28520385376124546;1.8797979797979798;2.869863606805268;6;89;0.1348314606741573;True;ok;5;0.01;0.9;2
100;501;10.02;97;3;0.7335949032409042;0.31766482133870155;1.9290909090909092;3.3030470369012868;10;32;0.125;True;ok;6;0.01;0.9;2
100;408;8.16;45;1;0.6305085673512597;0.3844856661045531;2.6313131313131315;3.6125672727899296;9;30;0.14062642959703006;True;ok;7;0.01;0.9;2
100;473;9.46;76;1;0.7306847616805524;0.322244623655914;2.132929292929293;2.3940292484375534;4;89;0.15497686322216925;True;ok;8;0.01;0.9;2
100;528;10.56;97;3;0.7854937621610483;0.2777511961722488;1.907878787878788;3.3704419852869827;7;68;0.1499406309241258;True;ok;9;0.01;0.9;2
100;440;8.8;99;1;0.7282655790802022;0.2600673088081699;1.9111111111111112;3.17465599510205;5;89;0.16853932584269662;True;ok;0;0.01;0.95;2
100;718;14.36;68;6;0.7001816194421124;0.36306540250015096;1.9264646464646464;2.7565056169911273;13;30;0.09795111224878161;True;ok;1;0.01;0.95;2
100;547;10.94;93;3;0.6982192055327403;0.3070572569906791;1.9496969696969697;3.2714763250662253;7;76;0.13005339473394337;True;ok;2;0.01;0.95;2
100;532;10.64;93;3;0.7824453196116452;0.23415336120057562;1.898989898989899;2.8107428328066835;5;94;0.17965370848094625;True;ok;3;0.01;0.95;2
100;439;8.78;99;1;0.7276078733899961;0.2515777088458659;1.9113131313131313;2.89556378411685;5;78;0.18964186349351095;True;ok;4;0.01;0.95;2
100;653;13.06;99;4;0.7610327375906685;0.2897292604850524;1.868080808080808;3.0307476163423637;7;87;0.12256950858800061;True;ok;5;0.01;0.95;2
100;533;10.66;98;3;0.7241407535973906;0.32557711763082864;1.9032323232323232;3.0602705971449384;7;68;0.11764705882352941;True;ok;6;0.01;0.95;2
100;442;8.84;54;2;0.6352788198786837;0.3638088666551665;2.458787878787879;3.4208596509640237;9;33;0.10441793986528525;True;ok;7;0.01;0.95;2
100;505;10.1;85;2;0.7395495520224991;0.30118778280542985;2.011111111111111;2.667534036794999;5;83;0.13253012048192772;True;ok;8;0.01;0.95;2
100;569;11.38;99;3;0.7791996174207989;0.2793246037215713;1.885050505050505;2.972999726820575;6;88;0.14772727272727273;True;ok;9;0.01;0.95;2
100;463;9.26;99;2;0.7251673393899937;0.26807393634474463;1.9064646464646464;2.952749926246521;5;89;0.18718772695364266;True;ok;0;0.01;1.0;2
100;802;16.04;75;6;0.6992178671863418;0.36126027657653376;1.87010101010101;2.6931765599508672;13;34;0.09984936243346798;True;ok;1;0.01;1.0;2
100;585;11.7;97;3;0.7011424155075139;0.3048227059456965;1.9038383838383839;3.254437190961477;7;85;0.13053868686854062;True;ok;2;0.01;1.0;2
100;573;11.46;97;3;0.7897845541947253;0.2367911804374597;1.8842424242424243;3.492898547961769;7;77;0.14028679936997462;True;ok;3;0.01;1.0;2
100;466;9.32;99;2;0.7529306703172678;0.25594607607125663;1.905858585858586;3.213813489935133;6;71;0.16119776541388703;True;ok;4;0.01;1.0;2
100;706;14.12;99;5;0.7664301395282288;0.2961978449708074;1.8573737373737373;3.2828908404277066;8;86;0.14736017999788142;True;ok;5;0.01;1.0;2
100;563;11.26;99;3;0.7180247511548342;0.3288084464555053;1.8862626262626263;2.9954807256226736;7;73;0.12432379157564433;True;ok;6;0.01;1.0;2
100;479;9.58;64;2;0.6512264796124417;0.3488857938718663;2.3016161616161614;2.979712583043039;6;75;0.15420746773784622;True;ok;7;0.01;1.0;2
100;549;10.98;91;2;0.7224217320786542;0.29882202099527205;1.9436363636363636;2.543341832310051;5;87;0.15218462776328767;True;ok;8;0.01;1.0;2
100;619;12.38;99;3;0.7759377093863853;0.2840487546369899;1.874949494949495;3.0318083241443565;7;79;0.11392405063291139;True;ok;9;0.01;1.0;2
100;828;16.56;36;4;0.5824976990996938;0.5107021404280856;2.2288888888888887;6.702734843737309;22;21;0.10941570507692205;True;ok;0;0.06;0.0;2
100;1052;21.04;41;4;0.6074940006300943;0.538558786346397;2.0476767676767675;2.5973405356172377;11;90;0.12332301896075726;True;ok;1;0.06;0.0;2
100;1019;20.38;35;7;0.6054681245045184;0.5307984458899027;2.076363636363636;5.198388799144963;21;51;0.14650643592044;True;ok;2;0.06;0.0;2
100;802;16.04;28;5;0.5602548078405395;0.5119706718539578;2.286868686868687;4.27793202192942;13;75;0.12508738700591948;True;ok;3;0.06;0.0;2
100;749;14.98;36;5;0.5729228935111776;0.5101941747572816;2.344646464646465;6.507903422088655;18;33;0.12121212121212122;True;ok;4;0.06;0.0;2
100;926;18.52;37;7;0.6048395190392973;0.5256504022568175;2.1335353535353536;5.658939485680499;22;34;0.14546774596215573;True;ok;5;0.06;0.0;2
100;911;18.22;38;5;0.6052299181097569;0.5164659049785452;2.1486868686868688;4.997615542735183;22;33;0.11249217499451347;True;ok;6;0.06;0.0;2
100;861;17.22;35;5;0.590503033145967;0.5083387738144697;2.16969696969697;3.0445370355515236;11;82;0.10198231620189968;True;ok;7;0.06;0.0;2
100;823;16.46;36;5;0.5632442222924186;0.5134744314447219;2.247878787878788;3.53464225971982;13;65;0.12595365699604233;True;ok;8;0.06;0.0;2
100;911;18.22;35;4;0.5916401491596396;0.5173741045653801;2.1694949494949496;7.1743712549995315;24;29;0.11934596355585068;True;ok;9;0.06;0.0;2
100;874;17.48;37;4;0.5994277916649223;0.520040258125629;2.178989898989899;4.188634282301937;15;64;0.109375;True;ok;0;0.06;0.05;2
100;1108;22.16;43;4;0.6188404859175748;0.5439093484419264;2.0167676767676768;2.687730785668381;12;90;0.12033098255308439;True;ok;1;0.06;0.05;2
100;1063;21.26;38;8;0.6125922085001817;0.5343520635302611;2.041010101010101;4.974185181946609;22;47;0.13450827988963;True;ok;2;0.06;0.05;2
100;842;16.84;31;5;0.5700191669431943;0.5128016578648306;2.2274747474747474;3.991707247889981;13;78;0.14021977383142337;True;ok;3;0.06;0.05;2
100;790;15.8;36;5;0.5833377506663017;0.5185695633251124;2.2862626262626264;7.758868935372205;21;23;0.164992920078112;True;ok;4;0.06;0.05;2
100;986;19.72;44;7;0.6148200172921754;0.5276566757493188;2.0743434343434344;2.859359409862451;12;83;0.1433053635330464;True;ok;5;0.06;0.05;2
100;949;18.98;39;5;0.6059026567962191;0.5207423580786026;2.117979797979798;2.875642532384256;12;78;0.1335196904018333;True;ok;6;0.06;0.05;2
100;890;17.8;36;7;0.5978418740046498;0.5155362512529235;2.14969696969697;3.00288092744358;11;85;0.11249359133845166;True;ok;7;0.06;0.05;2
100;868;17.36;37;5;0.574988334419967;0.5160647279549718;2.1929292929292927;3.1478741414723688;12;74;0.12401680717177171;True;ok;8;0.06;0.05;2
100;945;18.9;39;4;0.6007952154567762;0.5227317651709824;2.13979797979798;3.268037050444611;14;70;0.14010268762737044;True;ok;9;0.06;0.05;2
100;914;18.28;43;5;0.609792827922418;0.5216125902770292;2.128282828282828;4.228934377841965;16;60;0.1;True;ok;0;0.06;0.1;2
100;1169;23.38;47;5;0.6314193008016438;0.5479231246125232;1.972929292929293;2.628986442485835;12;94;0.1167991684454891;True;ok;1;0.06;0.1;2
100;1112;22.24;42;8;0.6189192562755393;0.5357142857142857;1.998989898989899;4.975591526598514;23;47;0.1340124947299386;True;ok;2;0.06;0.1;2
100;886;17.72;36;5;0.5810498977302319;0.5173830217883081;2.1765656565656566;4.6031105844862505;16;58;0.11679501482712606;True;ok;3;0.06;0.1;2
100;826;16.52;39;5;0.5868769193714184;0.5153543307086614;2.212727272727273;5.173493607375621;18;41;0.12829621751893938;True;ok;4;0.06;0.1;2
100;1058;21.16;71;7;0.6329663048995962;0.5250630396576755;1.9591919191919192;6.075887683010881;28;24;0.0815806161875462;True;ok;5;0.06;0.1;2
100;991;19.82;45;5;0.6122599800802666;0.5247336047821191;2.0814141414141414;6.291141258770479;28;23;0.1277139925435734;True;ok;6;0.06;0.1;2
100;925;18.5;39;8;0.6025786437343523;0.5167788683899481;2.113131313131313;3.1601741198968716;12;83;0.11134174892341009;True;ok;7;0.06;0.1;2
100;917;18.34;40;5;0.5842003828042288;0.5163511187607573;2.133737373737374;3.2699444459635694;13;73;0.12171195652678202;True;ok;8;0.06;0.1;2
100;1002;20.04;44;5;0.6165138994785344;0.5267690975979226;2.064040404040404;6.829331568537181;27;26;0.11665776872881695;True;ok;9;0.06;0.1;2
100;962;19.24;55;5;0.6165632202054254;0.5185628169553153;2.0624242424242425;3.82446633363352;15;72;0.09692060603943153;True;ok;0;0.06;0.15;2
100;1231;24.62;49;7;0.6410680724547627;0.5524706013798497;1.931111111111111;2.692032131552874;13;93;0.11552934971300333;True;ok;1;0.06;0.15;2
100;1183;23.66;48;8;0.634022310684637;0.5434221840068788;1.9393939393939394;5.092006524659877;25;45;0.10383041920947716;True;ok;2;0.06;0.15;2
100;938;18.76;44;5;0.5941649874738677;0.5188251835650679;2.1125252525252525;3.8374990033856045;14;80;0.09903228316424895;True;ok;3;0.06;0.15;2
100;870;17.4;45;5;0.5984175740415801;0.5177416535570705;2.1547474747474746;7.036251947095609;22;31;0.13900284250182837;True;ok;4;0.06;0.15;2
100;1140;22.8;91;8;0.6571035283611631;0.520433535224737;1.818989898989899;3.7916246513379868;20;53;0.09663830367843279;True;ok;5;0.06;0.15;2
100;1049;20.98;51;5;0.6236391464333636;0.5319099826889786;2.033939393939394;5.087222425550925;26;31;0.1256173316131527;True;ok;6;0.06;0.15;2
100;968;19.36;40;8;0.6106606852282078;0.5196133370692071;2.0785858585858588;3.0271632325377085;12;85;0.1262501585094792;True;ok;7;0.06;0.15;2
100;967;19.34;44;5;0.5941725016759531;0.5194533537860828;2.083838383838384;3.3157505764721384;14;71;0.09960444129858181;True;ok;8;0.06;0.15;2
100;1059;21.18;48;5;0.6295167881377814;0.5328726402347218;2.0082828282828284;3.4364925851557415;16;70;0.11428571428571428;True;ok;9;0.06;0.15;2
100;1022;20.44;74;6;0.6340805807461689;0.5163538873994639;1.956969696969697;3.9522504910652;18;53;0.09499041830257327;True;ok;0;0.06;0.2;2
100;1301;26.02;52;7;0.6537506909767328;0.559044725570276;1.8844444444444444;2.5855368943671975;13;95;0.11908017505202351;True;ok;1;0.06;0.2;2
100;1241;24.82;58;9;0.6444500925051613;0.5481687555568302;1.8896969696969697;5.920287295056584;30;31;0.07981763722079116;True;ok;2;0.06;0.2;2
100;988;19.76;50;5;0.6044256186749519;0.5169514884233738;2.052929292929293;3.5733869648698806;14;82;0.10212846377411089;True;ok;3;0.06;0.2;2
100;914;18.28;55;6;0.6080649376415612;0.5152397794653074;2.0898989898989897;5.949998806682887;22;33;0.12121212121212122;True;ok;4;0.06;0.2;2
100;1191;23.82;99;8;0.6662570574315455;0.5171699741156169;1.7593939393939393;3.6088879182001183;20;55;0.10909090909090909;True;ok;5;0.06;0.2;2
100;1101;22.02;56;5;0.6300616795869636;0.5344163282307612;1.9852525252525253;2.806291201524182;13;84;0.11518814485389883;True;ok;6;0.06;0.2;2
100;1015;20.3;45;9;0.6196503686625312;0.5234566855787959;2.041010101010101;3.1624475939761725;13;84;0.10345888844744122;True;ok;7;0.06;0.2;2
100;1026;20.52;50;6;0.6057688896610035;0.5249725241177189;2.0268686868686867;3.420329272791614;15;72;0.0776064926364134;True;ok;8;0.06;0.2;2
100;1112;22.24;54;5;0.6357859186266367;0.5351108948063686;1.9563636363636363;5.9342716134216005;29;27;0.10105209568344675;True;ok;9;0.06;0.2;2
100;1065;21.3;91;6;0.6512037849490092;0.5117322545053329;1.85010101010101;3.995343406100007;18;59;0.08857033337050935;True;ok;0;0.06;0.25;2
100;1390;27.8;57;8;0.6648763710930125;0.5637781213929481;1.8288888888888888;2.5883695719912954;14;94;0.12901993010451468;True;ok;1;0.06;0.25;2
100;1291;25.82;64;10;0.6528339600932904;0.551673176396073;1.85010101010101;5.832439408455417;31;31;0.10200035729484958;True;ok;2;0.06;0.25;2
100;1041;20.82;55;7;0.6148380209347295;0.5192827315155981;1.9901010101010101;4.9510919133024816;22;38;0.10208370767105984;True;ok;3;0.06;0.25;2
100;966;19.32;58;6;0.6188032392270388;0.5193319184276091;2.040808080808081;5.93877363101567;24;30;0.09273374211679841;True;ok;4;0.06;0.25;2
100;1246;24.92;99;9;0.6701113959731532;0.5240254092095206;1.7482828282828282;3.6219072658378395;22;49;0.08936830014363945;True;ok;5;0.06;0.25;2
100;1164;23.28;62;6;0.634606414589717;0.5388156065614285;1.9341414141414142;4.535239360180457;27;34;0.10139292697274771;True;ok;6;0.06;0.25;2
100;1072;21.44;49;9;0.630550472526375;0.5273732926966926;1.9901010101010101;3.0127490667532486;13;87;0.09259236125403908;True;ok;7;0.06;0.25;2
100;1072;21.44;51;7;0.6184814796097824;0.5273037542662116;1.9775757575757575;3.5527156193426905;20;42;0.10959209073976706;True;ok;8;0.06;0.25;2
100;1167;23.34;64;5;0.6480581946867457;0.536157893098403;1.9;5.615251619291478;30;27;0.08352728239807439;True;ok;9;0.06;0.25;2
100;1111;22.22;95;7;0.6500086126786044;0.5122690093910937;1.8080808080808082;3.9193207200586153;19;55;0.07911224999588487;True;ok;0;0.06;0.3;2
100;1455;29.1;62;8;0.6745987847255617;0.5693956534682941;1.797979797979798;2.805557988483733;17;84;0.1234819057997627;True;ok;1;0.06;0.3;2
100;1369;27.38;73;10;0.6606242608558577;0.5571917888016403;1.7953535353535353;4.7917636400649535;30;35;0.07118858448076115;True;ok;2;0.06;0.3;2
100;1107;22.14;65;9;0.6263728903360853;0.5159527274017816;1.9064646464646464;3.6549338271103124;17;67;0.0967196569765319;True;ok;3;0.06;0.3;2
100;1026;20.52;69;7;0.6279224163848849;0.5182963407318536;1.957979797979798;5.095170096329857;24;33;0.09090909090909091;True;ok;4;0.06;0.3;2
100;1291;25.82;99;9;0.6746768849765301;0.5296767681740971;1.7391919191919192;3.385133585962664;19;69;0.07613601180535196;True;ok;5;0.06;0.3;2
100;1225;24.5;74;6;0.6421591194706777;0.5404567474048443;1.8727272727272728;2.8762169667075232;15;82;0.11173630636340712;True;ok;6;0.06;0.3;2
100;1125;22.5;52;10;0.6361681622447329;0.5304013866702919;1.9426262626262627;3.110699988407653;14;86;0.09053982948105554;True;ok;7;0.06;0.3;2
100;1134;22.68;59;8;0.6298971981441222;0.5278407411057455;1.9139393939393938;3.4023326558432143;16;76;0.082980016244807;True;ok;8;0.06;0.3;2
100;1232;24.64;68;5;0.6604794781253271;0.5386772545535318;1.8456565656565656;3.3730281532110022;18;71;0.08918744543391677;True;ok;9;0.06;0.3;2
100;1164;23.28;99;7;0.6548397869485646;0.5142097543087643;1.7648484848484849;3.8007030543777534;19;59;0.07521560918687442;True;ok;0;0.06;0.35;2
100;1527;30.54;66;9;0.6841289452049178;0.5722193173827597;1.7507070707070707;2.8577850198783636;18;85;0.11740944664383524;True;ok;1;0.06;0.35;2
100;1445;28.9;80;12;0.6719637202538263;0.5613915416098226;1.7523232323232323;5.09430490445277;35;26;0.06514598350264428;True;ok;2;0.06;0.35;2
100;1171;23.42;79;9;0.6449618358452206;0.5150917219053491;1.8258585858585858;3.500893505890641;16;83;0.09248879530207403;True;ok;3;0.06;0.35;2
100;1082;21.64;84;8;0.6462087582512684;0.5160050321498463;1.8565656565656565;4.106890413953368;21;46;0.11389192941516524;True;ok;4;0.06;0.35;2
100;1375;27.5;99;9;0.6827657563390591;0.5359946370261445;1.7222222222222223;4.322050888243014;32;28;0.06103006280170431;True;ok;5;0.06;0.35;2
100;1291;25.82;81;8;0.6509386668321904;0.541829204661217;1.8183838383838384;2.938621753063168;16;82;0.09891812490525564;True;ok;6;0.06;0.35;2
100;1175;23.5;59;11;0.6457120726418596;0.5310285059890433;1.8872727272727272;3.0394411891847786;14;90;0.07260809755289921;True;ok;7;0.06;0.35;2
100;1203;24.06;66;8;0.6450771210753359;0.5326486330102705;1.8581818181818182;3.3295970261745955;17;73;0.06987701130843971;True;ok;8;0.06;0.35;2
100;1297;25.94;79;6;0.6707975091464686;0.5391468347519667;1.7842424242424242;3.2980059555030774;18;76;0.06743635662863023;True;ok;9;0.06;0.35;2
100;1207;24.14;99;8;0.66143943735157;0.519111085850692;1.7561616161616163;3.4355141706854786;16;87;0.07697108975509315;True;ok;0;0.06;0.4;2
100;1633;32.66;72;10;0.699622455065153;0.5813310285220398;1.6955555555555555;2.817507677533722;19;85;0.09448426318794245;True;ok;1;0.06;0.4;2
100;1518;30.36;84;12;0.6793328820366444;0.5645678092399404;1.7163636363636363;4.634932239902217;34;31;0.07106607495369138;True;ok;2;0.06;0.4;2
100;1242;24.84;85;10;0.662035760393972;0.517791872715545;1.776161616161616;3.8524835699717186;20;61;0.07973175336105465;True;ok;3;0.06;0.4;2
100;1127;22.54;89;8;0.655081659403974;0.5144172367495684;1.8076767676767678;3.949982966149494;21;48;0.09242947981251937;True;ok;4;0.06;0.4;2
100;1454;29.08;99;11;0.692777088461485;0.5400553016628903;1.7062626262626264;4.379816801804475;37;22;0.06427694036377293;True;ok;5;0.06;0.4;2
100;1358;27.16;88;8;0.6620039053393775;0.5422010340428389;1.7597979797979797;4.121799478371355;29;37;0.0942627223008381;True;ok;6;0.06;0.4;2
100;1238;24.76;69;11;0.6558899929808328;0.5336750242415848;1.8397979797979798;5.288927123014303;33;24;0.07896697873231895;True;ok;7;0.06;0.4;2
100;1273;25.46;74;8;0.6594727138928813;0.5360559140882075;1.8062626262626262;3.4154548683134447;18;75;0.06666666666666667;True;ok;8;0.06;0.4;2
100;1370;27.4;87;8;0.6834165990466518;0.5415136252666769;1.7442424242424241;4.539392692325942;33;26;0.053623732343460184;True;ok;9;0.06;0.4;2
100;1269;25.38;99;10;0.6662669708832047;0.5234666323775234;1.7436363636363637;3.5040489831107915;17;86;0.08031209026850555;True;ok;0;0.06;0.45;2
100;1737;34.74;77;11;0.713395173513223;0.5878398048158365;1.6561616161616162;2.8253141005959685;20;87;0.10956666272002169;True;ok;1;0.06;0.45;2
100;1588;31.76;93;15;0.6882157834534349;0.5673164788303381;1.6848484848484848;3.940268158883595;27;59;0.0761225069264918;True;ok;2;0.06;0.45;2
100;1312;26.24;90;10;0.6771341132195491;0.520297555791711;1.7442424242424241;3.4271053095226502;17;89;0.07875869881256042;True;ok;3;0.06;0.45;2
100;1201;24.02;98;9;0.6692609095405246;0.5196542840521898;1.7591919191919192;4.15209639991465;23;47;0.07785666581885092;True;ok;4;0.06;0.45;2
100;1538;30.76;99;11;0.7049251481900005;0.548905960628301;1.6892929292929293;3.6326190938332696;28;44;0.06540567450586765;True;ok;5;0.06;0.45;2
100;1433;28.66;96;10;0.6711937749277993;0.5426300578034682;1.715151515151515;3.9685760862246005;29;40;0.09195670115823751;True;ok;6;0.06;0.45;2
100;1298;25.96;74;13;0.6652841991347614;0.5351084763494159;1.7917171717171718;4.373114810960191;30;31;0.08884174787117721;True;ok;7;0.06;0.45;2
100;1368;27.36;80;11;0.6697875243441177;0.5384936136593074;1.753131313131313;3.4547880018354427;19;78;0.07692307692307693;True;ok;8;0.06;0.45;2
100;1451;29.02;94;8;0.6967643977930374;0.5466079500261897;1.7153535353535354;4.143768828368735;33;28;0.06627589573232384;True;ok;9;0.06;0.45;2
100;1332;26.64;99;11;0.6745139534267882;0.5280681738806492;1.730909090909091;3.314553770814867;17;88;0.08577060189816954;True;ok;0;0.06;0.5;2
100;1847;36.94;85;14;0.7229434257356308;0.5945491375606163;1.6286868686868687;2.9334949216536694;22;86;0.08565994091096218;True;ok;1;0.06;0.5;2
100;1647;32.94;97;15;0.70025691304525;0.5737466585377292;1.6684848484848485;3.9703661017309764;28;59;0.07150025315852448;True;ok;2;0.06;0.5;2
100;1374;27.48;95;11;0.6897808863222137;0.5229615745079662;1.7224242424242424;3.6322045989926885;19;82;0.07317073170731707;True;ok;3;0.06;0.5;2
100;1260;25.2;99;9;0.678344269483129;0.5248514925934281;1.7454545454545454;4.128594874724724;24;47;0.06383558822581215;True;ok;4;0.06;0.5;2
100;1624;32.48;99;13;0.7176623341877212;0.5561512935537393;1.671919191919192;3.3954104134311938;23;72;0.05555555555555555;True;ok;5;0.06;0.5;2
100;1519;30.38;98;10;0.6838432998247319;0.5488891655845889;1.6933333333333334;3.1746116724628735;20;79;0.07960457937524634;True;ok;6;0.06;0.5;2
100;1371;27.42;82;13;0.6745888784111688;0.5355013909127037;1.7472727272727273;3.096285195620174;17;84;0.07702129655935305;True;ok;7;0.06;0.5;2
100;1464;29.28;91;11;0.6880866981062952;0.5408245755860954;1.7135353535353535;3.2936707864110013;26;40;0.08197874244858805;True;ok;8;0.06;0.5;2
100;1523;30.46;96;9;0.7032350029806297;0.5511011820996341;1.6927272727272726;3.50857164569869;25;53;0.0684836537410094;True;ok;9;0.06;0.5;2
100;1390;27.8;99;11;0.6814893713842081;0.5299399291036063;1.7191919191919192;3.4423249702791505;18;89;0.07865168539325842;True;ok;0;0.06;0.55;2
100;1960;39.2;93;15;0.7418934460761267;0.6023652831172216;1.604040404040404;3.004021150102363;23;91;0.06937716070240973;True;ok;1;0.06;0.55;2
100;1730;34.6;97;17;0.7086933200212645;0.5784373278334205;1.6507070707070708;3.9053502723598528;29;59;0.0792480315475117;True;ok;2;0.06;0.55;2
100;1432;28.64;98;13;0.6999405862523785;0.5238178531864032;1.7107070707070706;3.8356414203847664;26;42;0.06754183301201988;True;ok;3;0.06;0.55;2
100;1335;26.7;99;10;0.6864039286297366;0.530304042766455;1.7303030303030302;3.9318840616508837;24;51;0.0719180136194289;True;ok;4;0.06;0.55;2
100;1701;34.02;99;16;0.7261962988561098;0.563294513820682;1.6563636363636363;3.3375491647537707;27;53;0.059272623721130624;True;ok;5;0.06;0.55;2
100;1607;32.14;99;11;0.6927596284043157;0.5551553997239453;1.6753535353535354;3.280389355640054;24;62;0.06451612903225806;True;ok;6;0.06;0.55;2
100;1456;29.12;88;14;0.6846851105969906;0.5409893511398368;1.7135353535353535;3.1981659764217305;19;79;0.0759493670886076;True;ok;7;0.06;0.55;2
100;1550;31.0;97;13;0.7084936359038303;0.5431915104631558;1.687878787878788;3.2864717608110405;28;38;0.07889881545998381;True;ok;8;0.06;0.55;2
100;1594;31.88;99;12;0.7136388656155935;0.5545771271495238;1.677979797979798;3.361976674093559;21;84;0.05643858644484051;True;ok;9;0.06;0.55;2
100;1465;29.3;99;13;0.6901303774413309;0.534219952747504;1.704040404040404;3.4612423252118845;20;79;0.09517413591134377;True;ok;0;0.06;0.6;2
100;2093;41.86;97;15;0.7555349385008812;0.6141811300558147;1.5771717171717172;3.1202994600726734;25;93;0.07176253550658052;True;ok;1;0.06;0.6;2
100;1814;36.28;98;17;0.7188239238968187;0.5844559585492228;1.6335353535353536;3.98697151042714;31;57;0.07062285156681625;True;ok;2;0.06;0.6;2
100;1500;30.0;99;14;0.7080965691410096;0.5281794717674928;1.696969696969697;3.6212081121990427;21;77;0.06493506493506493;True;ok;3;0.06;0.6;2
100;1402;28.04;99;11;0.6965256844229156;0.5342341616657941;1.7167676767676767;3.9719947768361474;25;52;0.08110757040955197;True;ok;4;0.06;0.6;2
100;1773;35.46;99;16;0.733340411706761;0.5691371895703382;1.6418181818181818;3.299633003620342;29;48;0.07053134967314312;True;ok;5;0.06;0.6;2
100;1711;34.22;99;11;0.7092522036779191;0.563538918896286;1.6543434343434344;3.229331091048047;22;83;0.07738092129692281;True;ok;6;0.06;0.6;2
100;1535;30.7;91;15;0.692252660292531;0.5446590750314377;1.6925252525252525;3.2424082330175823;22;65;0.06939909360888397;True;ok;7;0.06;0.6;2
100;1633;32.66;98;14;0.7222908070483457;0.5494047707292485;1.67010101010101;3.261268588011262;26;49;0.07365185762850723;True;ok;8;0.06;0.6;2
100;1671;33.42;99;12;0.7213646537925226;0.5592858077554996;1.6624242424242424;3.43074738668209;26;57;0.06537500993282053;True;ok;9;0.06;0.6;2
100;1568;31.36;99;13;0.7039441169508693;0.5403640680648991;1.6832323232323232;3.389171673233678;20;89;0.09128717681120796;True;ok;0;0.06;0.65;2
100;2193;43.86;99;19;0.7658185181707273;0.6223792697290931;1.556969696969697;3.2168925695320905;27;91;0.056113952302106807;True;ok;1;0.06;0.65;2
100;1891;37.82;99;18;0.7265596192195486;0.5916135881104034;1.617979797979798;3.893531653476258;31;61;0.05912702406910558;True;ok;2;0.06;0.65;2
100;1549;30.98;99;15;0.712260820451129;0.5326404568999867;1.6870707070707072;3.642509935235393;21;84;0.07142857142857142;True;ok;3;0.06;0.65;2
100;1464;29.28;99;13;0.7044606272013767;0.535806825073047;1.7042424242424243;3.689912758411498;24;58;0.07074098058446099;True;ok;4;0.06;0.65;2
100;1856;37.12;99;18;0.7404234498113483;0.5774085355013807;1.625050505050505;3.428644261215412;25;80;0.075;True;ok;5;0.06;0.65;2
100;1807;36.14;99;11;0.7256358846947089;0.5719783299084625;1.634949494949495;3.3104612308553953;26;66;0.0547543546566259;True;ok;6;0.06;0.65;2
100;1628;32.56;95;17;0.7023944998076652;0.5493225392803621;1.6711111111111112;4.124758790947024;41;22;0.07238545564375876;True;ok;7;0.06;0.65;2
100;1720;34.4;99;14;0.7368951881787704;0.5554064289795756;1.6525252525252525;3.378744938880131;22;86;0.0678609855506433;True;ok;8;0.06;0.65;2
100;1729;34.58;99;12;0.7265365186866505;0.5641342924355122;1.6507070707070708;3.535419607802807;32;39;0.06264985305157317;True;ok;9;0.06;0.65;2
100;1629;32.58;99;14;0.7107638974358175;0.5444034852546917;1.670909090909091;3.277266173864217;20;92;0.11152741474519126;True;ok;0;0.06;0.7;2
100;2281;45.62;99;20;0.7734858613336608;0.6322406497738436;1.5391919191919192;3.315286977067178;29;89;0.06646104511889961;True;ok;1;0.06;0.7;2
100;1966;39.32;99;20;0.7344653088103696;0.5998686442997099;1.602828282828283;3.89091773986049;32;61;0.04918032786885246;True;ok;2;0.06;0.7;2
100;1606;32.12;99;16;0.7123716196426594;0.5381251750645794;1.6755555555555555;3.673561349244473;22;83;0.0628963345670499;True;ok;3;0.06;0.7;2
100;1528;30.56;99;13;0.712088710456366;0.540922267916133;1.6913131313131313;3.756836411182019;26;53;0.06079949471429419;True;ok;4;0.06;0.7;2
100;1929;38.58;99;20;0.7457940189000608;0.5835894385512707;1.6103030303030303;3.249500997429104;31;48;0.07338989342966928;True;ok;5;0.06;0.7;2
100;1912;38.24;99;13;0.7392416440989313;0.5811390828626073;1.6137373737373737;3.3243621806583903;25;82;0.059210234606700135;True;ok;6;0.06;0.7;2
100;1705;34.1;98;17;0.7102546954259695;0.556180725949742;1.6555555555555554;3.244581689572238;21;90;0.05897589130770392;True;ok;7;0.06;0.7;2
100;1797;35.94;99;15;0.7515347110940828;0.5640327968417856;1.636969696969697;3.3836576303800805;23;86;0.06736561907219019;True;ok;8;0.06;0.7;2
100;1811;36.22;99;15;0.7331231700180093;0.5713467191470281;1.6341414141414141;3.426319546811879;28;57;0.0565909326246537;True;ok;9;0.06;0.7;2
100;1710;34.2;99;15;0.719060194399027;0.549497788616542;1.6545454545454545;3.4445025249116243;22;88;0.10468613873842014;True;ok;0;0.06;0.75;2
100;2391;47.82;99;22;0.7831317526742388;0.6460153325013371;1.516969696969697;3.411828361698986;31;89;0.07208751569638039;True;ok;1;0.06;0.75;2
100;2038;40.76;99;20;0.7381862846327252;0.6066584084929515;1.5882828282828283;3.9680902173233252;36;49;0.055819565068657706;True;ok;2;0.06;0.75;2
100;1666;33.32;99;16;0.7174530111866967;0.544190089829035;1.6634343434343435;3.7644721842644917;23;84;0.08101520376053506;True;ok;3;0.06;0.75;2
100;1584;31.68;99;14;0.718728475508949;0.5437941314922329;1.68;3.696152669354693;26;56;0.06114650204432914;True;ok;4;0.06;0.75;2
100;2010;40.2;99;21;0.7495983159767716;0.5904175627057493;1.593939393939394;3.300221715787101;33;46;0.07989421405804187;True;ok;5;0.06;0.75;2
100;1998;39.96;99;20;0.7512290545562216;0.5897200269558291;1.5963636363636364;3.294162586795448;25;89;0.04949291720839882;True;ok;6;0.06;0.75;2
100;1795;35.9;99;19;0.7179175865432995;0.5630925680497503;1.6373737373737374;3.2987484028308396;29;49;0.06297730723804207;True;ok;7;0.06;0.75;2
100;1872;37.44;99;17;0.7619822408067007;0.5706718924972004;1.6218181818181818;3.3692971831575322;24;85;0.06686485892612799;True;ok;8;0.06;0.75;2
100;1875;37.5;99;15;0.7365161414283514;0.5769419060052219;1.621212121212121;3.4775043462131827;25;84;0.06878827623875908;True;ok;9;0.06;0.75;2
100;1802;36.04;99;18;0.731392441120469;0.5576456611058859;1.635959595959596;3.391923983463127;23;87;0.10035288274435507;True;ok;0;0.06;0.8;2
100;2478;49.56;99;24;0.7900543375223288;0.6549864104934624;1.4993939393939395;3.428241209939554;32;90;0.06956927130541152;True;ok;1;0.06;0.8;2
100;2124;42.48;99;23;0.7460989550127457;0.6142483647792806;1.5709090909090908;3.7976421715045077;34;60;0.05662044377793796;True;ok;2;0.06;0.8;2
100;1721;34.42;99;17;0.7185525160059665;0.5504342474184504;1.6523232323232324;3.618900997625025;23;87;0.0677406541797114;True;ok;3;0.06;0.8;2
100;1650;33.0;99;16;0.72210562646365;0.5484514175932934;1.6666666666666667;3.6468157325469646;27;55;0.07418856263057544;True;ok;4;0.06;0.8;2
100;2096;41.92;99;22;0.7546891869897279;0.6000963418435296;1.5765656565656565;3.513634246440571;27;91;0.08127755928006486;True;ok;5;0.06;0.8;2
100;2068;41.36;99;21;0.7560945955677006;0.5958072081558416;1.5822222222222222;3.384301568012063;27;84;0.07167833038364757;True;ok;6;0.06;0.8;2
100;1887;37.74;99;21;0.7263317587020554;0.5713444621458752;1.6187878787878789;3.4032362620872156;24;89;0.061545454746159856;True;ok;7;0.06;0.8;2
100;1936;38.72;99;19;0.7687826261296578;0.5747906030840837;1.6088888888888888;3.3451065905198254;24;90;0.07600380669144435;True;ok;8;0.06;0.8;2
100;1948;38.96;99;15;0.7440341428802648;0.5840432432432432;1.6064646464646464;3.379142380704629;25;88;0.06504345100660548;True;ok;9;0.06;0.8;2
100;1899;37.98;99;19;0.747527041145952;0.5679284346179821;1.6163636363636364;3.3102120184676216;23;94;0.09387549727040789;True;ok;0;0.06;0.85;2
100;2555;51.1;99;25;0.7929275440393733;0.6629804779092131;1.4838383838383837;3.5497497482996545;34;88;0.07338739232559777;True;ok;1;0.06;0.85;2
100;2180;43.6;99;24;0.7513340247350748;0.6193998366291752;1.5595959595959596;3.803187657399166;34;64;0.057622205381297364;True;ok;2;0.06;0.85;2
100;1784;35.68;99;17;0.7232754623339339;0.5561408655501843;1.6395959595959595;3.6280887150410464;24;86;0.06976744186046512;True;ok;3;0.06;0.85;2
100;1698;33.96;99;16;0.7248880009844632;0.5513703346646467;1.656969696969697;3.610176317555522;27;58;0.07262193975934084;True;ok;4;0.06;0.85;2
100;2176;43.52;99;23;0.7614298755046173;0.6091617161716172;1.5604040404040405;3.47286740646526;28;90;0.10029602733323552;True;ok;5;0.06;0.85;2
100;2159;43.18;99;22;0.7659189997487081;0.6037926875434689;1.5638383838383838;3.392100597853421;29;78;0.06813580222529553;True;ok;6;0.06;0.85;2
100;1977;39.54;99;22;0.7325702295851582;0.5775030824191458;1.6006060606060606;3.3523969344454785;24;97;0.06853461180578421;True;ok;7;0.06;0.85;2
100;1995;39.9;99;20;0.7739452601782298;0.5797628004593514;1.596969696969697;3.37302767905105;25;89;0.0959829706584362;True;ok;8;0.06;0.85;2
100;2035;40.7;99;15;0.7509456403608457;0.5927974263756777;1.5888888888888888;3.591671277382637;28;81;0.0793612590446422;True;ok;9;0.06;0.85;2
100;1983;39.66;99;20;0.7577892126608358;0.576857508168774;1.5993939393939394;3.256894365318186;24;92;0.10005342357418275;True;ok;0;0.06;0.9;2
100;2624;52.48;99;26;0.7957449512431825;0.6701172832522533;1.4698989898989898;3.5367333769667275;35;87;0.09327848892710361;True;ok;1;0.06;0.9;2
100;2255;45.1;99;26;0.7491747601803247;0.6259080621508676;1.5444444444444445;3.850625486431432;34;71;0.06153440628188431;True;ok;2;0.06;0.9;2
100;1832;36.64;99;18;0.7229381446621723;0.5614144147438476;1.62989898989899;3.618548647684021;25;83;0.08106123869058934;True;ok;3;0.06;0.9;2
100;1757;35.14;99;17;0.7304665925002078;0.5577912781023875;1.645050505050505;3.625615217911131;28;58;0.07569056994220211;True;ok;4;0.06;0.9;2
100;2229;44.58;99;24;0.7660893694400331;0.6143846832094723;1.5496969696969698;3.5139777982668083;29;89;0.09563565832163243;True;ok;5;0.06;0.9;2
100;2213;44.26;99;22;0.7704064966608949;0.6106541159037139;1.5529292929292928;3.3201096841029045;27;95;0.0731387046326687;True;ok;6;0.06;0.9;2
100;2064;41.28;99;23;0.740061887438645;0.5847711310244611;1.583030303030303;3.3652058288931115;25;98;0.07980696358480566;True;ok;7;0.06;0.9;2
100;2051;41.02;99;22;0.7756061478283597;0.5851569126378287;1.5856565656565658;3.3316077906261463;25;93;0.10317699321542007;True;ok;8;0.06;0.9;2
100;2118;42.36;99;17;0.758408558651914;0.6011914064295498;1.572121212121212;3.405496426820656;27;90;0.06904292132381352;True;ok;9;0.06;0.9;2
100;2055;41.1;99;22;0.7673256328997421;0.5871779792844406;1.584848484848485;3.2546695219302038;25;91;0.10546562867004439;True;ok;0;0.06;0.95;2
100;2707;54.14;99;27;0.800787084314134;0.6795005079278327;1.453131313131313;3.536672514777252;36;88;0.10307897898532298;True;ok;1;0.06;0.95;2
100;2316;46.32;99;27;0.7547469444234735;0.6320816306792079;1.5321212121212122;3.803035397557172;33;81;0.06172839506172839;True;ok;2;0.06;0.95;2
100;1902;38.04;99;18;0.7252241056364451;0.5692963752665245;1.6157575757575757;3.676924341767455;27;77;0.08319806296923918;True;ok;3;0.06;0.95;2
100;1811;36.22;99;17;0.7333892324205401;0.5633844016234597;1.6341414141414141;3.7016548628886996;29;59;0.05806877988832704;True;ok;4;0.06;0.95;2
100;2295;45.9;99;24;0.7696260023886481;0.622122899686895;1.5363636363636364;3.5576843830448395;30;90;0.08895190865601965;True;ok;5;0.06;0.95;2
100;2268;45.36;99;24;0.7723755024153907;0.6166431480062896;1.5418181818181818;3.3796755856008778;28;95;0.05906176154437588;True;ok;6;0.06;0.95;2
100;2158;43.16;99;24;0.7467983260824905;0.5934350859372912;1.5640404040404041;3.517592753444516;27;97;0.08261819217669031;True;ok;7;0.06;0.95;2
100;2100;42.0;99;22;0.7787728554766287;0.5923729273276314;1.5757575757575757;3.3836746075014332;26;92;0.10105280348981027;True;ok;8;0.06;0.95;2
100;2186;43.72;99;17;0.7652123501377258;0.6078194137168141;1.5583838383838384;3.3433291116732367;27;94;0.08374400116136724;True;ok;9;0.06;0.95;2
100;2118;42.36;99;24;0.772104271758758;0.5938430626816404;1.572121212121212;3.246556702654024;25;97;0.118592332417877;True;ok;0;0.06;1.0;2
100;2774;55.48;99;30;0.804002663596664;0.6874338398497525;1.4395959595959595;3.572087277680171;37;89;0.09221821593112156;True;ok;1;0.06;1.0;2
100;2383;47.66;99;30;0.7523436914613897;0.6378696951767698;1.5185858585858585;3.8255339481051154;34;81;0.06210205938569874;True;ok;2;0.06;1.0;2
100;1942;38.84;99;20;0.7294567678469673;0.5739190387077711;1.6076767676767676;3.6041839841669954;27;79;0.08576834126078359;True;ok;3;0.06;1.0;2
100;1857;37.14;99;17;0.7326418499334616;0.5674643941162736;1.6248484848484848;3.6136240849671135;29;61;0.05360619513070897;True;ok;4;0.06;1.0;2
100;2360;47.2;99;26;0.7727864305066479;0.6287731311402147;1.5232323232323233;3.492112936632059;30;94;0.09440054724804481;True;ok;5;0.06;1.0;2
100;2335;46.7;99;26;0.7729770794314151;0.6234029017942685;1.5282828282828282;3.400368977928075;29;95;0.062489986342410986;True;ok;6;0.06;1.0;2
100;2231;44.62;99;25;0.7503967543710455;0.601041701613715;1.5492929292929294;3.4950344719623327;28;96;0.11345841747116425;True;ok;7;0.06;1.0;2
100;2151;43.02;99;23;0.7791331125833741;0.5981104083704224;1.5654545454545454;3.419642979254554;27;91;0.09316486876855476;True;ok;8;0.06;1.0;2
100;2243;44.86;99;19;0.7703248148919392;0.6134948609830018;1.546868686868687;3.378326791877742;28;93;0.07606350296733137;True;ok;9;0.06;1.0;2
100;1427;28.54;49;12;0.6056863407202164;0.5605188319345218;1.828080808080808;4.457181929700687;24;70;0.11316345947666451;True;ok;0;0.11;0.0;2
100;1748;34.96;60;12;0.645131301199787;0.6079732746005233;1.72;2.6910204755916647;19;93;0.14705058505004787;True;ok;1;0.11;0.0;2
100;1801;36.02;61;15;0.649475894884662;0.6012722217541495;1.6943434343434343;14.177826983722564;48;27;0.1111111111111111;True;ok;2;0.11;0.0;2
100;1473;29.46;47;9;0.6034692227825817;0.5630130688907861;1.802828282828283;5.574076533465512;29;51;0.1272514142014533;True;ok;3;0.11;0.0;2
100;1350;27.0;51;9;0.5941979931076381;0.5564719358533792;1.8565656565656565;9.749533482464487;34;31;0.10321314424527978;True;ok;4;0.11;0.0;2
100;1616;32.32;54;11;0.6268185780447848;0.578295524218271;1.7535353535353535;4.501053269747333;30;57;0.14824866411121385;True;ok;5;0.11;0.0;2
100;1621;32.42;54;13;0.6160372328089183;0.585391231964484;1.752929292929293;3.1581018646858032;22;79;0.15884269499941717;True;ok;6;0.11;0.0;2
100;1540;30.8;52;13;0.6107479298617363;0.5655271206783073;1.7741414141414142;2.92036555068326;18;93;0.13539358651412714;True;ok;7;0.11;0.0;2
100;1451;29.02;52;11;0.5981314223715786;0.5585116848479549;1.8129292929292928;9.731583401476657;38;27;0.11457241293649556;True;ok;8;0.11;0.0;2
100;1590;31.8;53;12;0.6232868450531235;0.5751431384705153;1.755959595959596;8.86502419438554;40;31;0.11647640049155328;True;ok;9;0.11;0.0;2
100;1488;29.76;50;12;0.6105466130936923;0.5638653683319221;1.7983838383838384;4.211072127286292;24;74;0.10502788042204222;True;ok;0;0.11;0.05;2
100;1843;36.86;63;14;0.6575228389476314;0.6160293765466592;1.6866666666666668;2.7248032904410753;20;95;0.13980854159090117;True;ok;1;0.11;0.05;2
100;1876;37.52;65;16;0.6605753658225748;0.6103901135086972;1.6648484848484848;12.092782208592755;50;25;0.13416872015662012;True;ok;2;0.11;0.05;2
100;1532;30.64;51;10;0.6097297759997118;0.5667090216010165;1.776161616161616;5.991701130482281;31;49;0.12451242964706649;True;ok;3;0.11;0.05;2
100;1412;28.24;51;11;0.6023519894295537;0.5608399388124043;1.8256565656565658;10.428428132047083;37;26;0.11538461538461539;True;ok;4;0.11;0.05;2
100;1713;34.26;69;12;0.6421670368342677;0.5898237415081784;1.7062626262626264;4.5975159342266325;33;52;0.153112016870668;True;ok;5;0.11;0.05;2
100;1681;33.62;58;14;0.6250802761926325;0.5922277044727664;1.7298989898989898;2.9930356473733104;21;86;0.15034490101943687;True;ok;6;0.11;0.05;2
100;1584;31.68;52;14;0.6175865697778152;0.5723774245935441;1.755959595959596;3.002410239407161;19;92;0.1349228248255684;True;ok;7;0.11;0.05;2
100;1528;30.56;55;11;0.6076862503527196;0.5673080698998626;1.7783838383838384;10.996227859367702;42;21;0.11436196894877126;True;ok;8;0.11;0.05;2
100;1659;33.18;57;12;0.6333995850092577;0.581725888324873;1.726060606060606;3.5618773204046263;24;80;0.12138350733975112;True;ok;9;0.11;0.05;2
100;1565;31.3;68;13;0.6227739958865337;0.5696662377961099;1.7505050505050506;4.360988628017408;26;70;0.10078749771881101;True;ok;0;0.11;0.1;2
100;1934;38.68;64;15;0.6686844895949663;0.6250090612540775;1.6551515151515153;20.1337045399303;55;22;0.13636363636363635;True;ok;1;0.11;0.1;2
100;1959;39.18;69;16;0.6694853043999731;0.6175863786193649;1.632929292929293;8.7346310627083;49;30;0.13514197240837839;True;ok;2;0.11;0.1;2
100;1606;32.12;57;13;0.61961032463888;0.5735793277126903;1.742020202020202;5.356661267062044;32;46;0.10721262147459187;True;ok;3;0.11;0.1;2
100;1481;29.62;56;11;0.6158320218416885;0.5694705219677056;1.786868686868687;9.265204626178402;39;25;0.09856685049998404;True;ok;4;0.11;0.1;2
100;1809;36.18;89;13;0.6592058618496182;0.5981620374186104;1.6537373737373737;4.2109853145931355;33;55;0.13611223887935764;True;ok;5;0.11;0.1;2
100;1757;35.14;67;15;0.6372866457134906;0.6001496742384222;1.6983838383838383;2.9947633932321858;22;85;0.1432259159042561;True;ok;6;0.11;0.1;2
100;1647;32.94;56;15;0.6239682617363853;0.5763516927741283;1.7292929292929293;3.036295882348701;20;91;0.13058434192130786;True;ok;7;0.11;0.1;2
100;1617;32.34;56;11;0.6215665882109013;0.5764208106978688;1.734949494949495;3.1927768978961684;21;86;0.11639802318393822;True;ok;8;0.11;0.1;2
100;1733;34.66;63;12;0.644663315935004;0.5898423870997103;1.6933333333333334;3.621448663183381;25;82;0.11506988760508863;True;ok;9;0.11;0.1;2
100;1647;32.94;86;13;0.6384065792984301;0.5761445295367903;1.6939393939393939;4.203840838460616;27;69;0.08293908278389145;True;ok;0;0.11;0.15;2
100;2030;40.6;66;16;0.6792255567589174;0.6323366312714814;1.621010101010101;2.8114647426338744;23;93;0.14814338952573747;True;ok;1;0.11;0.15;2
100;2033;40.66;77;17;0.68113688233758;0.6266643269209677;1.6074747474747475;9.907387473055104;53;26;0.07692307692307693;True;ok;2;0.11;0.15;2
100;1682;33.64;68;15;0.6304416966586439;0.5769211745503108;1.702020202020202;4.98775189858239;31;57;0.09426195710209062;True;ok;3;0.11;0.15;2
100;1544;30.88;64;11;0.625420668878264;0.5755429829890644;1.7581818181818183;8.175384735479664;42;20;0.09045981242851459;True;ok;4;0.11;0.15;2
100;1886;37.72;99;13;0.6707034175201145;0.6027298850574713;1.618989898989899;8.480008774063194;50;23;0.09703028038376049;True;ok;5;0.11;0.15;2
100;1828;36.56;73;16;0.6446600945585592;0.605030047343218;1.6737373737373737;3.0373706170187176;23;86;0.13702192193665863;True;ok;6;0.11;0.15;2
100;1726;34.52;61;15;0.6351900018549198;0.583094972237943;1.698989898989899;2.9406083825800193;20;95;0.12275438855299192;True;ok;7;0.11;0.15;2
100;1680;33.6;59;13;0.6306497408938748;0.58338024997185;1.7115151515151514;3.083332674912935;21;88;0.1178472884909455;True;ok;8;0.11;0.15;2
100;1792;35.84;66;13;0.650121377161447;0.5948704157171368;1.6715151515151516;7.744382620194507;45;29;0.10360850508984185;True;ok;9;0.11;0.15;2
100;1726;34.52;92;13;0.6487147123853438;0.581692056167586;1.6654545454545455;4.449166056718665;29;68;0.07945647932661215;True;ok;0;0.11;0.2;2
100;2135;42.7;70;16;0.6909996046865804;0.6424013517542988;1.5874747474747475;17.529722896389824;60;22;0.13636363636363635;True;ok;1;0.11;0.2;2
100;2112;42.24;81;17;0.6914621790465758;0.6349243377013266;1.585050505050505;8.821621505046986;54;27;0.08575833887535284;True;ok;2;0.11;0.2;2
100;1746;34.92;79;15;0.6411412529849649;0.5821520716345424;1.677979797979798;4.876888664931505;32;56;0.08171172737998333;True;ok;3;0.11;0.2;2
100;1619;32.38;76;14;0.6385020076937601;0.5787569652807544;1.7066666666666668;7.548405070440776;42;26;0.08354860098847139;True;ok;4;0.11;0.2;2
100;1984;39.68;99;14;0.6801064106335732;0.6113544589692698;1.5991919191919193;7.558524687934452;53;20;0.11567836558966701;True;ok;5;0.11;0.2;2
100;1916;38.32;80;16;0.6551140978788044;0.611103581681308;1.6402020202020202;9.89643019767073;52;23;0.1319905275980217;True;ok;6;0.11;0.2;2
100;1805;36.1;69;16;0.6445823478011353;0.5894585422398503;1.6648484848484848;3.0009453569613007;21;97;0.1277592062359858;True;ok;7;0.11;0.2;2
100;1777;35.54;68;13;0.646420647780558;0.5908530819268132;1.6682828282828284;5.323606923836911;40;35;0.11067276647518043;True;ok;8;0.11;0.2;2
100;1881;37.62;75;13;0.6648111446264524;0.6027930110955235;1.6363636363636365;3.421848065425812;26;83;0.11031287404493972;True;ok;9;0.11;0.2;2
100;1804;36.08;98;13;0.6594223346214275;0.5880864317695152;1.6375757575757577;4.346497104521985;30;68;0.0765998920760648;True;ok;0;0.11;0.25;2
100;2244;44.88;76;19;0.7040323731133133;0.65150302583424;1.5525252525252524;12.855754109486274;62;22;0.1143797487177392;True;ok;1;0.11;0.25;2
100;2208;44.16;86;18;0.7026793366814438;0.6451265581926358;1.5583838383838384;8.548589901245693;57;25;0.08;True;ok;2;0.11;0.25;2
100;1834;36.68;85;15;0.6548593480471336;0.5891237436330455;1.6406060606060606;5.8252841228010475;41;31;0.06451612903225806;True;ok;3;0.11;0.25;2
100;1714;34.28;86;15;0.6534675389812129;0.5862838915470494;1.665858585858586;5.622985258443465;40;32;0.112309997150154;True;ok;4;0.11;0.25;2
100;2068;41.36;99;17;0.6908086479988158;0.6189541317151526;1.5822222222222222;7.29653166362054;54;23;0.07646877753067882;True;ok;5;0.11;0.25;2
100;2019;40.38;86;16;0.6690017873114803;0.6189807028414623;1.6038383838383838;3.426613846826652;30;71;0.13852673684858574;True;ok;6;0.11;0.25;2
100;1878;37.56;74;18;0.6557676107463375;0.5965514581083167;1.638989898989899;10.102491781452038;52;21;0.06418500263069804;True;ok;7;0.11;0.25;2
100;1859;37.18;76;14;0.6598944733863183;0.6000311947592805;1.6416161616161615;3.4103156512070045;25;86;0.10812092401566942;True;ok;8;0.11;0.25;2
100;1956;39.12;84;14;0.674606532946139;0.6072877350171082;1.611919191919192;7.01131499889972;50;25;0.09550409576212121;True;ok;9;0.11;0.25;2
100;1887;37.74;99;13;0.6697416427471622;0.5962818103316909;1.6187878787878789;4.267140924369283;31;68;0.07004954285539133;True;ok;0;0.11;0.3;2
100;2363;47.26;82;20;0.7199329287355445;0.6616827434023186;1.5236363636363637;7.12422106959164;57;34;0.1312161685465021;True;ok;1;0.11;0.3;2
100;2305;46.1;92;19;0.7143658567835165;0.6545170728378529;1.535959595959596;8.12382219702899;59;25;0.08018293891086814;True;ok;2;0.11;0.3;2
100;1921;38.42;89;16;0.6694394615965849;0.598381454473788;1.6177777777777778;4.475390212075785;32;69;0.09138220780413941;True;ok;3;0.11;0.3;2
100;1795;35.9;93;16;0.6637315259379138;0.5923085396414507;1.6404040404040403;5.938280526873822;43;30;0.1027423646813106;True;ok;4;0.11;0.3;2
100;2149;42.98;99;19;0.702471553508924;0.6254298861709857;1.5658585858585858;7.2309594411869105;57;22;0.09251999623003693;True;ok;5;0.11;0.3;2
100;2130;42.6;94;17;0.6845032056700734;0.6290192806269929;1.5705050505050504;3.702432169141886;33;70;0.1210122609505514;True;ok;6;0.11;0.3;2
100;1974;39.48;82;20;0.6694139278340149;0.6061410422848664;1.607878787878788;7.535533304798994;51;26;0.08181082950617935;True;ok;7;0.11;0.3;2
100;1956;39.12;82;15;0.6756936835457;0.606998308742054;1.60989898989899;4.658067463061514;42;35;0.09133840902554169;True;ok;8;0.11;0.3;2
100;2057;41.14;92;14;0.6927740176910545;0.6201083684527393;1.5872727272727272;3.665098023116292;30;79;0.08559190830150187;True;ok;9;0.11;0.3;2
100;1980;39.6;99;14;0.6814420348438206;0.6059873623148372;1.6;4.067634728599215;31;73;0.0684931506849315;True;ok;0;0.11;0.35;2
100;2480;49.6;90;22;0.7380740102554836;0.6742146047819144;1.498989898989899;6.430245028853079;58;35;0.12128327514410259;True;ok;1;0.11;0.35;2
100;2406;48.12;97;21;0.7267569979568874;0.6628369317156951;1.513939393939394;4.221147763486536;42;61;0.11267987367113885;True;ok;2;0.11;0.35;2
100;2014;40.28;95;18;0.684540148982027;0.6066616974645944;1.5931313131313132;4.220662537943639;32;73;0.0677831752641852;True;ok;3;0.11;0.35;2
100;1871;37.42;99;16;0.6763624429330646;0.5990322946461197;1.622020202020202;5.316101857811418;43;31;0.06829195168938063;True;ok;4;0.11;0.35;2
100;2247;44.94;99;21;0.7142243817037756;0.6357561235356762;1.5460606060606061;4.030734710455814;38;60;0.0872258902151421;True;ok;5;0.11;0.35;2
100;2251;45.02;97;18;0.7024524078840022;0.6411108642523884;1.5452525252525253;3.4291090327956324;31;83;0.10100667268416025;True;ok;6;0.11;0.35;2
100;2074;41.48;85;20;0.6826350328649912;0.6166006662895217;1.5838383838383838;6.55595721206751;52;27;0.11795836687277161;True;ok;7;0.11;0.35;2
100;2045;40.9;90;20;0.6932581469957019;0.6137202103299126;1.587878787878788;4.281619395165528;40;42;0.08430726327960802;True;ok;8;0.11;0.35;2
100;2165;43.3;96;15;0.705241187650156;0.6296674654624264;1.5626262626262626;3.701587031352933;31;83;0.0867795541493801;True;ok;9;0.11;0.35;2
100;2071;41.42;99;18;0.6908247232204681;0.6143302769637962;1.5816161616161617;4.315959904057983;34;68;0.07352941176470588;True;ok;0;0.11;0.4;2
100;2616;52.32;95;23;0.7577482130327605;0.687157827839822;1.4715151515151514;5.485668986727801;58;36;0.11584930253375614;True;ok;1;0.11;0.4;2
100;2487;49.74;97;25;0.7373182175715415;0.6713698127065736;1.4975757575757576;7.190687219560132;61;28;0.10467684819850864;True;ok;2;0.11;0.4;2
100;2094;41.88;98;20;0.6964493965255873;0.6146248305885252;1.576969696969697;4.220908545042661;33;74;0.07055746189448042;True;ok;3;0.11;0.4;2
100;1949;38.98;99;16;0.6854986050256622;0.6071606858841149;1.6062626262626263;5.161795427503082;47;24;0.07017812796631617;True;ok;4;0.11;0.4;2
100;2345;46.9;99;22;0.7287774496423347;0.6462372859271807;1.5262626262626262;4.001022723159025;39;61;0.08294562093406682;True;ok;5;0.11;0.4;2
100;2348;46.96;99;19;0.7170652239527153;0.6512275146093827;1.5256565656565657;3.4742227343567103;32;86;0.08290432218752297;True;ok;6;0.11;0.4;2
100;2157;43.14;89;20;0.6949591968450304;0.6241717696602083;1.5642424242424242;6.644055752234841;55;25;0.09805935473028005;True;ok;7;0.11;0.4;2
100;2131;42.62;98;21;0.7061757044640494;0.6208820093457944;1.5694949494949495;3.600262093766362;30;81;0.06992073675216509;True;ok;8;0.11;0.4;2
100;2239;44.78;99;18;0.7142316484998206;0.634247491638796;1.5476767676767678;6.062846742715504;57;23;0.061112513898453846;True;ok;9;0.11;0.4;2
100;2157;43.14;99;20;0.7048859976777837;0.6243349525792274;1.5642424242424242;4.12589484122603;34;72;0.05555555555555555;True;ok;0;0.11;0.45;2
100;2740;54.8;98;27;0.7715413738529467;0.6996729651162791;1.4464646464646465;3.4901194052163635;37;88;0.10708398346352771;True;ok;1;0.11;0.45;2
100;2566;51.32;98;26;0.7442795352276853;0.677936423346045;1.4816161616161616;4.454816424847508;45;62;0.12276473159911239;True;ok;2;0.11;0.45;2
100;2178;43.56;99;20;0.7082309901375945;0.6239940923636226;1.56;4.350925142502314;40;46;0.0690438197563904;True;ok;3;0.11;0.45;2
100;2029;40.58;99;18;0.6952189351474872;0.6114158381899212;1.59010101010101;4.772011086413856;44;33;0.06346021054921283;True;ok;4;0.11;0.45;2
100;2437;48.74;99;25;0.737535716271728;0.655508506616257;1.5076767676767677;3.9731849886432853;40;62;0.07975043539643484;True;ok;5;0.11;0.45;2
100;2444;48.88;99;21;0.7313438855967372;0.6607388684525287;1.5062626262626262;3.5239807917150126;33;89;0.07659189818600187;True;ok;6;0.11;0.45;2
100;2274;45.48;93;24;0.713428591434139;0.6371824099999133;1.5406060606060605;5.342721184045384;53;30;0.09395168168400736;True;ok;7;0.11;0.45;2
100;2239;44.78;98;23;0.7237690875494937;0.6305338284480261;1.5476767676767678;3.655297326853953;31;85;0.0629183006316012;True;ok;8;0.11;0.45;2
100;2323;46.46;99;21;0.7256216079292537;0.6433473122378955;1.5307070707070707;3.765648089373858;34;79;0.08769127820618927;True;ok;9;0.11;0.45;2
100;2251;45.02;99;22;0.7188820607438459;0.6346102945068907;1.5452525252525253;4.074600142210526;35;73;0.06054187673842387;True;ok;0;0.11;0.5;2
100;2838;56.76;99;28;0.7846586382830015;0.7117171637190415;1.4266666666666667;3.4703671641479077;38;89;0.09973257429330173;True;ok;1;0.11;0.5;2
100;2644;52.88;99;27;0.7526169891852935;0.6855271500754986;1.4658585858585857;5.755501664615332;60;31;0.09619115034134629;True;ok;2;0.11;0.5;2
100;2255;45.1;99;22;0.7190338208138809;0.6333133348626282;1.5444444444444445;4.298637002410597;36;73;0.0547945205479452;True;ok;3;0.11;0.5;2
100;2100;42.0;99;21;0.7044945924406758;0.6181029571961104;1.5757575757575757;4.417825968409899;42;39;0.06210348069450994;True;ok;4;0.11;0.5;2
100;2519;50.38;99;26;0.7480703085425097;0.6644690252953007;1.491111111111111;3.6381185361064485;35;85;0.07073251267068692;True;ok;5;0.11;0.5;2
100;2533;50.66;99;25;0.7415101318179583;0.6678021576670226;1.4882828282828282;3.6355757704188045;35;87;0.07190548758361892;True;ok;6;0.11;0.5;2
100;2374;47.48;97;25;0.7280120592453402;0.6468780522667175;1.5204040404040404;3.4024370076419332;31;90;0.08791031606336025;True;ok;7;0.11;0.5;2
100;2347;46.94;99;26;0.7407515827728693;0.6436212219111207;1.5258585858585858;3.645186703879171;34;75;0.05918613577507603;True;ok;8;0.11;0.5;2
100;2409;48.18;99;21;0.7324419937415702;0.6524491578483586;1.5133333333333334;3.743022597636974;34;86;0.05978598087895459;True;ok;9;0.11;0.5;2
100;2351;47.02;99;25;0.7316493715409697;0.6437543868141443;1.525050505050505;4.045260688939499;36;75;0.05641750419630631;True;ok;0;0.11;0.55;2
100;2933;58.66;99;30;0.7936847360327204;0.7217228026128215;1.4074747474747475;3.8051842075650923;43;80;0.09639523872249955;True;ok;1;0.11;0.55;2
100;2731;54.62;99;30;0.7603016432285146;0.6936857706902172;1.4482828282828282;4.107893246406183;45;65;0.09611720098567889;True;ok;2;0.11;0.55;2
100;2326;46.52;99;22;0.7268625013864238;0.6420185940628609;1.5301010101010102;4.3133148473989;38;68;0.06269960713423617;True;ok;3;0.11;0.55;2
100;2178;43.56;99;22;0.7162024527352995;0.6253112110289473;1.56;4.583579263422166;44;39;0.07692307692307693;True;ok;4;0.11;0.55;2
100;2622;52.44;99;29;0.7566242210946689;0.6749497761262622;1.4703030303030302;3.7536039412611424;37;85;0.0682902799127541;True;ok;5;0.11;0.55;2
100;2612;52.24;99;27;0.7497856892289744;0.6755325143694354;1.4723232323232323;3.7379380036359615;37;84;0.07142857142857142;True;ok;6;0.11;0.55;2
100;2468;49.36;99;28;0.7416991298392535;0.6573257666414607;1.5014141414141413;3.399587249753358;32;91;0.06673767817027598;True;ok;7;0.11;0.55;2
100;2428;48.56;99;27;0.7499852384171689;0.6510839450671725;1.5094949494949494;3.7041746441302164;33;90;0.05126025954541735;True;ok;8;0.11;0.55;2
100;2510;50.2;99;24;0.7441875312633772;0.6633650657824366;1.492929292929293;3.739240178866997;36;82;0.06259825590240364;True;ok;9;0.11;0.55;2
100;2445;48.9;99;27;0.7454260344728225;0.6546303815008232;1.506060606060606;3.94039128789758;36;80;0.07221123919665545;True;ok;0;0.11;0.6;2
100;3026;60.52;99;31;0.802304112699677;0.7320554710674115;1.3886868686868687;3.7528041356364654;43;85;0.10069917280319685;True;ok;1;0.11;0.6;2
100;2823;56.46;99;31;0.7686908364816358;0.7038901734104046;1.4296969696969697;4.077836285980013;45;70;0.0903577248021814;True;ok;2;0.11;0.6;2
100;2387;47.74;99;22;0.7320651603409938;0.6484121148874605;1.5177777777777777;4.384880688795228;41;59;0.08358296739576854;True;ok;3;0.11;0.6;2
100;2247;44.94;99;23;0.7235049704623229;0.6321521356904801;1.5460606060606061;4.194688510240875;39;56;0.05357142857142857;True;ok;4;0.11;0.6;2
100;2712;54.24;99;29;0.7669791981895725;0.6859758911594764;1.4521212121212121;3.976019882372022;42;71;0.07794210759919074;True;ok;5;0.11;0.6;2
100;2707;54.14;99;31;0.7608977879906417;0.6861081522950779;1.453131313131313;3.7326856348404216;37;92;0.07885557952641942;True;ok;6;0.11;0.6;2
100;2564;51.28;99;29;0.7532144401973748;0.6673617073469889;1.482020202020202;3.5653353761581923;34;92;0.07111184624750799;True;ok;7;0.11;0.6;2
100;2498;49.96;99;28;0.7589445438587493;0.6592181927327943;1.4953535353535354;3.7096955880567126;34;90;0.06570589767724982;True;ok;8;0.11;0.6;2
100;2611;52.22;99;26;0.7551230092438714;0.6749270847800639;1.4725252525252526;3.8291213290707233;38;81;0.0666047763635016;True;ok;9;0.11;0.6;2
100;2528;50.56;99;27;0.757376509837181;0.6646229734343103;1.4892929292929293;3.9085050702827835;37;80;0.07083806676079002;True;ok;0;0.11;0.65;2
100;3126;62.52;99;33;0.8117534232717888;0.7442668027326587;1.3684848484848484;3.8166446419394506;44;89;0.10186547094903564;True;ok;1;0.11;0.65;2
100;2887;57.74;99;31;0.7754157927178899;0.7114210695412295;1.4167676767676767;4.02313609750039;45;73;0.09565244409208085;True;ok;2;0.11;0.65;2
100;2461;49.22;99;25;0.7393945105278771;0.6567785234899329;1.5028282828282828;4.245375295126895;40;67;0.07202229996787157;True;ok;3;0.11;0.65;2
100;2306;46.12;99;25;0.7294723621411966;0.6379361988917178;1.5341414141414143;4.081161677844681;39;58;0.056775761118858514;True;ok;4;0.11;0.65;2
100;2784;55.68;99;31;0.77308287022687;0.6947040863567372;1.4375757575757575;4.025486533859971;42;78;0.07709107928916126;True;ok;5;0.11;0.65;2
100;2801;56.02;99;32;0.7708530205013783;0.6966588443040034;1.4341414141414142;3.8167028353207133;39;90;0.07251784318636123;True;ok;6;0.11;0.65;2
100;2648;52.96;99;31;0.7634475551809693;0.6767407008914847;1.4650505050505052;3.7136583949932302;36;91;0.06423935137100012;True;ok;7;0.11;0.65;2
100;2563;51.26;99;30;0.7644942820281322;0.6661194501819944;1.4822222222222223;3.8582642372872056;36;87;0.07330143917486903;True;ok;8;0.11;0.65;2
100;2690;53.8;99;30;0.7632442755326962;0.6840269966254218;1.4565656565656566;3.850323991584875;39;82;0.07100802789470045;True;ok;9;0.11;0.65;2
100;2613;52.26;99;29;0.7655113261859893;0.6745212295806462;1.4721212121212122;3.8813201835245783;37;87;0.06334169937106682;True;ok;0;0.11;0.7;2
100;3193;63.86;99;34;0.8173628558125682;0.7525814445176984;1.354949494949495;3.782817713387341;44;93;0.1046984495194222;True;ok;1;0.11;0.7;2
100;2966;59.32;99;32;0.7800864517476669;0.7199961985417184;1.4008080808080807;3.921584895402969;43;86;0.08893497766974984;True;ok;2;0.11;0.7;2
100;2533;50.66;99;25;0.7455241537780901;0.6650404896887201;1.4882828282828282;4.280955420641428;40;74;0.07303522352183378;True;ok;3;0.11;0.7;2
100;2372;47.44;99;26;0.7359902156920368;0.6440848944336299;1.5208080808080808;3.9689870357487513;38;65;0.05947419501728046;True;ok;4;0.11;0.7;2
100;2860;57.2;99;33;0.7811669779904278;0.7037057660717766;1.4222222222222223;3.9000415610200894;41;86;0.07757382542058522;True;ok;5;0.11;0.7;2
100;2887;57.74;99;34;0.7804391939079678;0.7075201736689765;1.4167676767676767;3.8712382837493244;40;93;0.07412279869286842;True;ok;6;0.11;0.7;2
100;2741;54.82;99;32;0.773338938129904;0.6870525596287369;1.4462626262626264;3.6434823277082673;36;97;0.06896548391110424;True;ok;7;0.11;0.7;2
100;2608;52.16;99;31;0.7684381855797097;0.6711171608886226;1.473131313131313;3.78884357416403;42;58;0.09151113965352131;True;ok;8;0.11;0.7;2
100;2777;55.54;99;31;0.7745573917499929;0.6945957686617982;1.438989898989899;3.8909787648575986;40;84;0.07280856054769036;True;ok;9;0.11;0.7;2
100;2681;53.62;99;30;0.7739027903103161;0.6829134550076955;1.4583838383838383;3.9425647664968038;38;88;0.07105018967679955;True;ok;0;0.11;0.75;2
100;3272;65.44;99;38;0.8239700522379458;0.7618449038532636;1.338989898989899;3.868482324083709;46;91;0.11095507425123063;True;ok;1;0.11;0.75;2
100;3045;60.9;99;32;0.7861786583069681;0.7288136446218187;1.3848484848484848;3.9406663052404793;44;87;0.09211889837122755;True;ok;2;0.11;0.75;2
100;2614;52.28;99;27;0.7552488229188199;0.6751061017647098;1.4719191919191918;4.224230614319946;40;80;0.07048780623072409;True;ok;3;0.11;0.75;2
100;2429;48.58;99;28;0.7394922301563378;0.6495512482087639;1.5092929292929294;4.078991340600766;40;62;0.06140240152246457;True;ok;4;0.11;0.75;2
100;2932;58.64;99;33;0.7874318302229077;0.7123195149839125;1.4076767676767676;3.9614462837836464;42;88;0.07954545454545454;True;ok;5;0.11;0.75;2
100;2958;59.16;99;35;0.786578958129283;0.7162892177944679;1.4024242424242424;3.9726214257353627;42;90;0.07816956272193287;True;ok;6;0.11;0.75;2
100;2801;56.02;99;33;0.7784892733565222;0.6937260232941258;1.4341414141414142;3.8125372591385074;38;95;0.08315987735466057;True;ok;7;0.11;0.75;2
100;2676;53.52;99;32;0.7740369329237029;0.6797822966953085;1.4593939393939395;3.784881279009501;37;89;0.09142247064974673;True;ok;8;0.11;0.75;2
100;2857;57.14;99;33;0.7821582692508025;0.704494701142192;1.4228282828282828;3.765253653711796;39;93;0.07607810817830973;True;ok;9;0.11;0.75;2
100;2760;55.2;99;31;0.782399919715386;0.6919935410871717;1.4424242424242424;3.860878978405058;38;93;0.07693974267504361;True;ok;0;0.11;0.8;2
100;3348;66.96;99;42;0.8297197232284652;0.7705657323315548;1.3236363636363637;3.9226881074236766;47;93;0.11334471474846508;True;ok;1;0.11;0.8;2
100;3132;62.64;99;37;0.7926256079968372;0.7385215421235266;1.3672727272727272;4.156616074655409;47;83;0.09521751485391428;True;ok;2;0.11;0.8;2
100;2694;53.88;99;30;0.7642672430916448;0.6840409223164283;1.4557575757575758;4.23168350037778;41;81;0.07744916667338075;True;ok;3;0.11;0.8;2
100;2501;50.02;99;29;0.7436783420756311;0.6573200034325924;1.4947474747474747;3.8920583150646393;39;68;0.06760180129860371;True;ok;4;0.11;0.8;2
100;3000;60.0;99;35;0.7916157747402133;0.7199105739194349;1.393939393939394;4.007591850360647;43;89;0.08142359385613951;True;ok;5;0.11;0.8;2
100;3017;60.34;99;36;0.7920941412296726;0.7238538790618647;1.3905050505050505;4.055962520401232;44;86;0.08389641906425671;True;ok;6;0.11;0.8;2
100;2872;57.44;99;34;0.7836781186594667;0.701372846676787;1.4197979797979798;3.8002936665113607;45;62;0.11772773522239471;True;ok;7;0.11;0.8;2
100;2729;54.58;99;33;0.7767051767261343;0.6857081138166501;1.4486868686868686;3.829053872243631;38;89;0.06660907865045651;True;ok;8;0.11;0.8;2
100;2905;58.1;99;33;0.786385039707096;0.7101137909442273;1.4131313131313132;3.8291439001043357;40;93;0.07700503355429988;True;ok;9;0.11;0.8;2
100;2820;56.4;99;32;0.7879788015382724;0.6984632439861765;1.4303030303030304;3.931556920596053;39;94;0.0873270081814237;True;ok;0;0.11;0.85;2
100;3405;68.1;99;44;0.833515700406492;0.7772493240289494;1.312121212121212;3.9121744497745614;48;92;0.12145906976647414;True;ok;1;0.11;0.85;2
100;3211;64.22;99;42;0.7971520723823181;0.7464678071397575;1.3513131313131312;4.1181010329605545;46;94;0.09163360039220181;True;ok;2;0.11;0.85;2
100;2760;55.2;99;30;0.769336581051012;0.6911700479218891;1.4424242424242424;4.19998324755373;42;80;0.0751010644762573;True;ok;3;0.11;0.85;2
100;2580;51.6;99;30;0.7491941511730215;0.6647676647676648;1.4787878787878788;3.768089338239828;37;81;0.07234663373591205;True;ok;4;0.11;0.85;2
100;3065;61.3;99;36;0.7973940058463387;0.728147479366824;1.3808080808080807;4.017160198504866;44;89;0.08657827403065699;True;ok;5;0.11;0.85;2
100;3080;61.6;99;38;0.7970446401499004;0.7309606115195482;1.3777777777777778;3.7905492992744914;42;95;0.0913773956332633;True;ok;6;0.11;0.85;2
100;2943;58.86;99;35;0.7912707659966779;0.7109171361304969;1.4054545454545455;3.837867201417005;40;96;0.09109743929810327;True;ok;7;0.11;0.85;2
100;2770;55.4;99;34;0.7793877071861324;0.690214311999486;1.4404040404040404;3.925615300724366;39;89;0.06962830353978;True;ok;8;0.11;0.85;2
100;2968;59.36;99;36;0.7922695058795387;0.7177504320702522;1.4004040404040403;3.953614677675556;42;90;0.07945395637698649;True;ok;9;0.11;0.85;2
100;2881;57.62;99;32;0.7946689347799551;0.706853157497051;1.417979797979798;3.7537690444227434;39;94;0.09574858255283147;True;ok;0;0.11;0.9;2
100;3463;69.26;99;45;0.8384621115509084;0.7845526859260772;1.3004040404040405;4.008256191848929;49;94;0.12054824507652873;True;ok;1;0.11;0.9;2
100;3278;65.56;99;44;0.7995024818162887;0.753504734698196;1.3377777777777777;4.490532108724906;49;92;0.08825345567430165;True;ok;2;0.11;0.9;2
100;2816;56.32;99;30;0.7770499143878611;0.6986658232215769;1.431111111111111;4.279162048185764;43;81;0.09000827495740793;True;ok;3;0.11;0.9;2
100;2650;53.0;99;30;0.7536302032065956;0.6715474316553696;1.4646464646464648;3.8111399095920673;37;89;0.0709821706977003;True;ok;4;0.11;0.9;2
100;3105;62.1;99;36;0.801235810008742;0.7332854474931763;1.3727272727272728;4.106624891838827;45;89;0.08634181548971687;True;ok;5;0.11;0.9;2
100;3146;62.92;99;40;0.8031335219913188;0.7386840134780981;1.3644444444444443;3.8887103308144413;44;92;0.09608303695008458;True;ok;6;0.11;0.9;2
100;3021;60.42;99;37;0.7992303985762989;0.7205625572238371;1.3896969696969697;3.9500977852414163;42;94;0.09788339166291049;True;ok;7;0.11;0.9;2
100;2833;56.66;99;34;0.7825042249675007;0.6972407519708914;1.4276767676767677;3.869234324035246;39;93;0.06905453157974606;True;ok;8;0.11;0.9;2
100;3034;60.68;99;37;0.7962984026583807;0.7253285287203726;1.3870707070707071;4.024536170095848;43;92;0.08028115245018141;True;ok;9;0.11;0.9;2
100;2930;58.6;99;32;0.7976765967022188;0.7123694482540353;1.408080808080808;3.8029513386585614;40;94;0.09949511988917237;True;ok;0;0.11;0.95;2
100;3520;70.4;99;46;0.8430469014191275;0.7915315033716174;1.288888888888889;3.8108630287339955;48;98;0.1307018242404151;True;ok;1;0.11;0.95;2
100;3355;67.1;99;46;0.8051305094496665;0.7626099967032688;1.3222222222222222;4.441949620020983;50;92;0.0952562238288478;True;ok;2;0.11;0.95;2
100;2870;57.4;99;31;0.7843474507450757;0.7052900910480494;1.4202020202020202;4.106211240593584;43;81;0.09255322993815651;True;ok;3;0.11;0.95;2
100;2723;54.46;99;31;0.7589930872809028;0.6795789937191539;1.4498989898989898;3.7307273188475305;37;93;0.0699664670172081;True;ok;4;0.11;0.95;2
100;3167;63.34;99;38;0.8049883532356843;0.7408666453913502;1.3602020202020202;4.0548147283988225;45;93;0.08994191938364215;True;ok;5;0.11;0.95;2
100;3214;64.28;99;41;0.809006902965332;0.747136682874122;1.3507070707070707;3.8322987837848905;44;96;0.10058052131899653;True;ok;6;0.11;0.95;2
100;3074;61.48;99;39;0.8013004058076189;0.7259276154241845;1.378989898989899;4.065713239502186;43;96;0.1283558082002903;True;ok;7;0.11;0.95;2
100;2882;57.64;99;36;0.7872804077253929;0.7036275182028928;1.4177777777777778;3.977641598771721;41;88;0.08209355051610956;True;ok;8;0.11;0.95;2
100;3087;61.74;99;38;0.7990007263969151;0.7318182038259118;1.3763636363636365;3.893244723827732;43;93;0.08957008641070241;True;ok;9;0.11;0.95;2
100;2972;59.44;99;32;0.8020224556651008;0.7182264794754261;1.3995959595959595;3.723160078172757;40;95;0.10507648968158591;True;ok;0;0.11;1.0;2
100;3566;71.32;99;47;0.8473730400740476;0.7972772811516103;1.2795959595959596;3.8656481125794007;49;98;0.13550863381260325;True;ok;1;0.11;1.0;2
100;3418;68.36;99;47;0.8103431392589496;0.770287161472162;1.3094949494949495;4.434765847951505;51;92;0.10246230285193891;True;ok;2;0.11;1.0;2
100;2919;58.38;99;34;0.788581995986058;0.7101782016758038;1.4103030303030304;4.00547086325083;42;88;0.08001857110236466;True;ok;3;0.11;1.0;2
100;2783;55.66;99;33;0.7633889287797544;0.686385975638433;1.4377777777777778;3.901510190554923;41;79;0.08132494028352197;True;ok;4;0.11;1.0;2
100;3220;64.4;99;39;0.8063030815563117;0.7467149936593307;1.3494949494949495;4.058340439215634;46;92;0.09592851017845472;True;ok;5;0.11;1.0;2
100;3267;65.34;99;44;0.8141277244381001;0.7542675092429924;1.34;3.9075469806430685;45;97;0.10101595366930716;True;ok;6;0.11;1.0;2
100;3126;62.52;99;40;0.8064447573739133;0.7324217923210431;1.3684848484848484;3.9758920844145096;43;98;0.10650120776281241;True;ok;7;0.11;1.0;2
100;2923;58.46;99;37;0.7905422500854218;0.7093865115340927;1.4094949494949496;3.9078048816687767;41;90;0.08568249924798832;True;ok;8;0.11;1.0;2
100;3127;62.54;99;39;0.8028784023325699;0.7366803908314385;1.3682828282828283;3.9477762911898973;44;92;0.09158929644452318;True;ok;9;0.11;1.0;2
100;1959;39.18;61;15;0.6312716093650691;0.601193139448173;1.6335353535353536;11.810749700877299;48;27;0.1275074172122872;True;ok;0;0.16;0.0;2
100;2338;46.76;69;19;0.6803594713169475;0.6597590320177429;1.5424242424242425;19.787977942625034;60;28;0.1598150552597219;True;ok;1;0.16;0.0;2
100;2469;49.38;72;18;0.6971450080701445;0.6734642459038923;1.5107070707070707;24.873045955138277;64;22;0.13636363636363635;True;ok;2;0.16;0.0;2
100;2049;40.98;62;18;0.6302611550978612;0.6037841673916029;1.6032323232323233;8.374702559745984;45;39;0.11551150774200064;True;ok;3;0.16;0.0;2
100;1972;39.44;62;18;0.6286271881529983;0.6092102222276282;1.6290909090909091;10.171981184759433;48;29;0.14874073216147576;True;ok;4;0.16;0.0;2
100;2216;44.32;70;19;0.6546689169488171;0.6269180268164349;1.566868686868687;9.361697240233656;51;39;0.14019394581880507;True;ok;5;0.16;0.0;2
100;2199;43.98;67;20;0.6504962072114095;0.6341062341276406;1.571919191919192;9.674085113236863;52;36;0.13524090765815822;True;ok;6;0.16;0.0;2
100;2098;41.96;62;18;0.6390750567149491;0.617148735974623;1.5923232323232324;3.168444187943085;26;96;0.15368188131488325;True;ok;7;0.16;0.0;2
100;2072;41.44;67;21;0.6295712489124913;0.6090240465075311;1.5955555555555556;14.828307089703129;52;31;0.13839484311789552;True;ok;8;0.16;0.0;2
100;2197;43.94;69;16;0.6522242789255992;0.6272548808954087;1.5682828282828283;14.643533660209494;57;22;0.14905787501995565;True;ok;9;0.16;0.0;2
100;2065;41.3;67;16;0.6425144598963439;0.6109273182957393;1.601010101010101;9.739750091792965;50;27;0.12626961476023646;True;ok;0;0.16;0.05;2
100;2430;48.6;71;20;0.6919559867759255;0.6691199237823032;1.5206060606060605;17.814957748278854;61;33;0.17626223106009675;True;ok;1;0.16;0.05;2
100;2552;51.04;78;18;0.7094079951560813;0.6835122551298465;1.4905050505050506;18.42611075245987;65;25;0.11360123232095065;True;ok;2;0.16;0.05;2
100;2146;42.92;69;20;0.6418383196421534;0.6133430323184038;1.5773737373737373;7.587279913857751;46;42;0.09232498790821031;True;ok;3;0.16;0.05;2
100;2049;40.98;64;21;0.6392084473519495;0.6188321167883212;1.6074747474747475;3.4719583203436444;28;88;0.1559033692631137;True;ok;4;0.16;0.05;2
100;2345;46.9;78;20;0.671501773927695;0.6427125938196443;1.5317171717171718;10.351226312689516;56;33;0.1117892066788575;True;ok;5;0.16;0.05;2
100;2305;46.1;71;22;0.662316662484408;0.6434546307524807;1.545050505050505;11.973757429683163;57;30;0.14840627521074254;True;ok;6;0.16;0.05;2
100;2191;43.82;64;20;0.6497643953803148;0.6266300078554595;1.569090909090909;3.3260674926276015;29;89;0.16219966560128585;True;ok;7;0.16;0.05;2
100;2157;43.14;68;22;0.6415855288765404;0.6195814269627585;1.5753535353535353;11.753061656013385;53;32;0.13643636051887076;True;ok;8;0.16;0.05;2
100;2284;45.68;71;16;0.6636431560159213;0.6383381740118702;1.549090909090909;8.96813324327336;54;32;0.13614520799610852;True;ok;9;0.16;0.05;2
100;2150;43.0;86;17;0.6594557648830068;0.6226513303599678;1.5725252525252524;5.153235262920285;39;63;0.10455281717702025;True;ok;0;0.16;0.1;2
100;2546;50.92;76;24;0.7062961942614377;0.6818300293951549;1.4917171717171718;3.08688222454057;32;90;0.18772643989645343;True;ok;1;0.16;0.1;2
100;2645;52.9;82;23;0.7193782025434998;0.6932460040860473;1.469090909090909;14.540019279063376;66;27;0.11027364452229038;True;ok;2;0.16;0.1;2
100;2238;44.76;78;20;0.6565488452504866;0.625322825674136;1.556161616161616;7.888977353902959;50;35;0.1152116698503236;True;ok;3;0.16;0.1;2
100;2130;42.6;68;21;0.6477790228311819;0.6261296741563718;1.5834343434343434;12.250970433752373;56;20;0.13986564554360792;True;ok;4;0.16;0.1;2
100;2464;49.28;97;24;0.6890444049704822;0.655887326553777;1.5022222222222221;8.964179741556377;56;41;0.12195121951219512;True;ok;5;0.16;0.1;2
100;2395;47.9;78;23;0.6739267580625061;0.6530038981884889;1.5242424242424242;3.556739370798323;34;84;0.1701503227325189;True;ok;6;0.16;0.1;2
100;2281;45.62;71;21;0.6622860972738763;0.6371258784902178;1.5458585858585858;17.973146605754902;59;28;0.14639367415152282;True;ok;7;0.16;0.1;2
100;2254;45.08;70;23;0.6562850840654514;0.6315453443505779;1.5513131313131314;11.301669374548581;56;30;0.14954804756610895;True;ok;8;0.16;0.1;2
100;2376;47.52;75;16;0.6743330964658001;0.6474771560061362;1.5266666666666666;10.927644576781347;59;26;0.11767744802031266;True;ok;9;0.16;0.1;2
100;2247;44.94;92;20;0.6704216405061045;0.6317967839664413;1.5466666666666666;7.968799934716762;53;29;0.11259763735126843;True;ok;0;0.16;0.15;2
100;2668;53.36;79;25;0.7216558549839786;0.6942876942876943;1.4630303030303031;18.487772970481366;68;28;0.15388775022410336;True;ok;1;0.16;0.15;2
100;2729;54.58;84;23;0.7292632717661859;0.7025215047344975;1.450909090909091;14.094237540594564;68;26;0.08566028138643744;True;ok;2;0.16;0.15;2
100;2331;46.62;84;20;0.6718573103757578;0.6367898630924889;1.532929292929293;6.838022343402142;50;39;0.07987424757420669;True;ok;3;0.16;0.15;2
100;2209;44.18;80;21;0.6588795142923951;0.632698208119728;1.558989898989899;6.357433276955505;47;43;0.12935016197610044;True;ok;4;0.16;0.15;2
100;2577;51.54;99;26;0.7037683451823579;0.668778606543482;1.4793939393939395;11.655723221997265;66;21;0.09523809523809523;True;ok;5;0.16;0.15;2
100;2501;50.02;83;24;0.6859297684398912;0.6630947278182597;1.4977777777777779;14.455983213961673;65;21;0.09678507492650762;True;ok;6;0.16;0.15;2
100;2361;47.22;75;24;0.6721885313465199;0.6450550842091933;1.526868686868687;3.3442995665765896;31;91;0.1502646750113713;True;ok;7;0.16;0.15;2
100;2360;47.2;76;23;0.6721953151570141;0.6444305971908788;1.5264646464646465;9.863274415249391;58;29;0.10570272523204655;True;ok;8;0.16;0.15;2
100;2477;49.54;83;20;0.687619225735926;0.6580082261579545;1.5016161616161616;12.440654664500926;63;24;0.13052693357452227;True;ok;9;0.16;0.15;2
100;2362;47.24;98;21;0.6872481276401032;0.646032558959591;1.5228282828282829;4.814511019966391;42;62;0.10173499448396528;True;ok;0;0.16;0.2;2
100;2805;56.1;83;25;0.7396219299385522;0.7101650157129372;1.4339393939393938;14.164701640228058;70;29;0.1485031734872133;True;ok;1;0.16;0.2;2
100;2813;56.26;91;24;0.7393133013504294;0.7112684827672106;1.4323232323232322;10.819380198731118;66;36;0.17074716799238138;True;ok;2;0.16;0.2;2
100;2407;48.14;89;20;0.6850909757765372;0.6473994087899738;1.5167676767676768;5.471709001231098;46;53;0.09741723605313257;True;ok;3;0.16;0.2;2
100;2301;46.02;87;22;0.6730696950872528;0.643420843558553;1.535959595959596;8.226961164331094;56;27;0.11336496438179328;True;ok;4;0.16;0.2;2
100;2677;53.54;99;28;0.7156393065521326;0.6797330288234368;1.4591919191919192;11.8499751506424;68;23;0.13043478260869565;True;ok;5;0.16;0.2;2
100;2607;52.14;92;25;0.7026280392027319;0.6761141719492046;1.4737373737373738;12.482048349089053;67;23;0.09483979993445774;True;ok;6;0.16;0.2;2
100;2459;49.18;85;25;0.685148096224233;0.6557017543859649;1.5044444444444445;13.312043847812713;64;21;0.09736459833476846;True;ok;7;0.16;0.2;2
100;2459;49.18;84;25;0.6876011963364532;0.6569204098690524;1.5038383838383838;8.71142993741839;59;31;0.08474621681121808;True;ok;8;0.16;0.2;2
100;2579;51.58;89;20;0.7026519320140614;0.6712868346427738;1.48;11.083440916687826;65;24;0.11904760390562535;True;ok;9;0.16;0.2;2
100;2461;49.22;99;23;0.6985333134964559;0.6563819421890225;1.5028282828282828;5.061541926705021;45;59;0.09390316016478517;True;ok;0;0.16;0.25;2
100;2943;58.86;90;29;0.7589063885436269;0.7255624388653408;1.4054545454545455;11.221386171607115;72;29;0.14211911119091758;True;ok;1;0.16;0.25;2
100;2933;58.66;95;27;0.7546405420363544;0.7227701097842625;1.4074747474747475;10.735444129980493;71;26;0.09145354452496363;True;ok;2;0.16;0.25;2
100;2506;50.12;94;24;0.7014704016668489;0.6592300896881129;1.4937373737373738;7.9189872746135315;62;21;0.09609534727623825;True;ok;3;0.16;0.25;2
100;2388;47.76;94;23;0.6859136933353903;0.6524415164048324;1.5177777777777777;8.14456049524193;59;24;0.0927997430001462;True;ok;4;0.16;0.25;2
100;2768;55.36;99;29;0.7288722970061546;0.6908964763524507;1.4408080808080808;10.685370571443297;70;23;0.09251946818341972;True;ok;5;0.16;0.25;2
100;2720;54.4;97;28;0.7193536663071644;0.6888067239703444;1.4505050505050505;10.340196278591486;69;22;0.09105939455184203;True;ok;6;0.16;0.25;2
100;2580;51.6;87;27;0.7041713321580638;0.6707464959530726;1.4787878787878788;12.343843242872255;68;20;0.1028518782448497;True;ok;7;0.16;0.25;2
100;2578;51.56;90;27;0.7047547594741708;0.6691245795983846;1.4791919191919192;6.972600782133578;58;36;0.08549276971398578;True;ok;8;0.16;0.25;2
100;2664;53.28;95;23;0.7162340659446974;0.6812970285245772;1.461818181818182;9.990472319882535;67;23;0.08695652173913043;True;ok;9;0.16;0.25;2
100;2556;51.12;99;27;0.7115340185550074;0.6665044095750773;1.4836363636363636;5.219048057036047;49;50;0.08184906536782482;True;ok;0;0.16;0.3;2
100;3085;61.7;95;31;0.776410085500479;0.7412148345212333;1.3767676767676769;7.125700694418428;66;44;0.12212636276167232;True;ok;1;0.16;0.3;2
100;3035;60.7;97;30;0.7663753610176604;0.7343713938424138;1.3868686868686868;10.382726627151468;73;26;0.10861529561730945;True;ok;2;0.16;0.3;2
100;2590;51.8;97;25;0.7169807977166386;0.6705140558883907;1.4767676767676767;5.099494330729925;47;59;0.0972733316545098;True;ok;3;0.16;0.3;2
100;2486;49.72;99;27;0.6995569299914987;0.6621380292515315;1.4977777777777779;7.296336149638957;58;30;0.10586864027568293;True;ok;4;0.16;0.3;2
100;2882;57.64;99;32;0.745273072416993;0.7046014720630981;1.4177777777777778;9.385489596830698;72;23;0.08695652173913043;True;ok;5;0.16;0.3;2
100;2829;56.58;99;30;0.7363796805893016;0.7019555550333954;1.4284848484848485;8.105009918205269;68;26;0.08486388448288396;True;ok;6;0.16;0.3;2
100;2699;53.98;91;28;0.7228748687646552;0.6852636050043762;1.4547474747474747;5.868036071586894;56;44;0.11531431754011567;True;ok;7;0.16;0.3;2
100;2683;53.66;97;29;0.7220392635284851;0.6811039954367497;1.457979797979798;6.375274193802867;59;36;0.07555207004786424;True;ok;8;0.16;0.3;2
100;2769;55.38;97;25;0.7321808408611568;0.693919745534622;1.4406060606060607;9.72322992053016;70;23;0.07980016419316249;True;ok;9;0.16;0.3;2
100;2663;53.26;99;30;0.7261603160791761;0.6790770913355426;1.462020202020202;5.046187319801188;49;56;0.07409780835673552;True;ok;0;0.16;0.35;2
100;3197;63.94;99;34;0.791793691543364;0.7543963707640765;1.354141414141414;8.376731942812247;74;31;0.11683028853505628;True;ok;1;0.16;0.35;2
100;3138;62.76;98;34;0.7788703877300559;0.7455212667591309;1.366060606060606;7.144737165348647;65;49;0.10717307164827394;True;ok;2;0.16;0.35;2
100;2682;53.64;99;25;0.7273537340151502;0.6810878513695994;1.4581818181818182;5.310593238424292;50;55;0.08281832751336962;True;ok;3;0.16;0.35;2
100;2575;51.5;99;29;0.7138368866551769;0.671786376144213;1.47979797979798;7.003730143399443;60;29;0.07524714081378224;True;ok;4;0.16;0.35;2
100;2989;59.78;99;35;0.7585892339210645;0.7180505529559642;1.3961616161616162;6.160216324671055;63;39;0.1073562994164462;True;ok;5;0.16;0.35;2
100;2945;58.9;99;32;0.752231296318859;0.7156630434782608;1.405050505050505;8.811566090432024;73;23;0.09965029155660343;True;ok;6;0.16;0.35;2
100;2805;56.1;94;32;0.7381641228686684;0.6975321888412017;1.4333333333333333;3.5808708857682974;38;92;0.125356845370765;True;ok;7;0.16;0.35;2
100;2793;55.86;98;30;0.7416667767546556;0.6955605817374543;1.4357575757575758;5.683323730518111;59;38;0.09287886856136673;True;ok;8;0.16;0.35;2
100;2882;57.64;99;27;0.7469115020735125;0.7072626836612257;1.4177777777777778;9.810308331833673;74;20;0.1;True;ok;9;0.16;0.35;2
100;2777;55.54;99;32;0.7416172640841158;0.6930907856943754;1.438989898989899;4.837982011035626;50;57;0.08030903109259468;True;ok;0;0.16;0.4;2
100;3313;66.26;99;34;0.8061528817247128;0.7691884635371558;1.3307070707070707;3.975495725811099;49;85;0.1349718808128193;True;ok;1;0.16;0.4;2
100;3247;64.94;99;36;0.7895806588305812;0.7576143680108438;1.3440404040404041;9.549400837260588;76;28;0.10431435979402037;True;ok;2;0.16;0.4;2
100;2765;55.3;99;26;0.7397745439545287;0.6923133595284873;1.4414141414141415;4.943338173374252;49;61;0.08286710155592714;True;ok;3;0.16;0.4;2
100;2654;53.08;99;29;0.7259913578631969;0.681549625282525;1.463838383838384;6.351814365233376;58;37;0.08733396724060127;True;ok;4;0.16;0.4;2
100;3079;61.58;99;36;0.770925947627113;0.7298150114402787;1.377979797979798;4.545979202097078;51;71;0.09895554496525971;True;ok;5;0.16;0.4;2
100;3046;60.92;99;34;0.7670596475774952;0.72889291494061;1.3846464646464647;4.124987748973021;46;83;0.10258058663993169;True;ok;6;0.16;0.4;2
100;2907;58.14;97;33;0.7522367262958112;0.7093968162212637;1.4127272727272728;3.730094641577011;40;93;0.11049967545010331;True;ok;7;0.16;0.4;2
100;2894;57.88;99;32;0.7567483694167119;0.7079338226701317;1.4153535353535354;3.965530117935809;43;82;0.09122079242600661;True;ok;8;0.16;0.4;2
100;2977;59.54;99;31;0.7603990506618505;0.7197389020086502;1.3985858585858586;4.381394732893476;48;74;0.0986459278686952;True;ok;9;0.16;0.4;2
100;2877;57.54;99;33;0.7560087695053298;0.7055624576462616;1.4187878787878787;4.720893380714969;50;62;0.08975746831659548;True;ok;0;0.16;0.45;2
100;3406;68.12;99;39;0.8171826852528525;0.7805126771219685;1.311919191919192;3.853128249861487;48;93;0.12676335327160515;True;ok;1;0.16;0.45;2
100;3319;66.38;99;38;0.7978054200978497;0.7666723032297507;1.3294949494949495;8.630168219801458;74;35;0.1085226082703552;True;ok;2;0.16;0.45;2
100;2848;56.96;99;29;0.750912313268827;0.7030867448819536;1.4246464646464647;5.005985924445733;51;59;0.09196228369195134;True;ok;3;0.16;0.45;2
100;2733;54.66;99;29;0.7363738341586652;0.6902603520023958;1.447878787878788;6.629582778075156;63;29;0.08757350614101989;True;ok;4;0.16;0.45;2
100;3174;63.48;99;38;0.7805084519501065;0.7407944481847843;1.3587878787878789;4.7115361922913745;53;71;0.09836487494603241;True;ok;5;0.16;0.45;2
100;3131;62.62;99;36;0.7793128279572942;0.7393679601913284;1.3674747474747475;5.070827494561764;57;57;0.11056052810970629;True;ok;6;0.16;0.45;2
100;2994;59.88;99;35;0.7654493099303659;0.7206738179873541;1.3951515151515153;3.8756369093716097;42;93;0.10430583989839953;True;ok;7;0.16;0.45;2
100;2965;59.3;99;33;0.7650122639073629;0.7169831369340459;1.401010101010101;4.341911385102771;47;75;0.08294054620883762;True;ok;8;0.16;0.45;2
100;3067;61.34;99;32;0.7722179352244646;0.7313897367273602;1.3804040404040403;4.431814202948208;48;82;0.09452194198740704;True;ok;9;0.16;0.45;2
100;2956;59.12;99;34;0.7673968165656714;0.7160913328017894;1.4028282828282828;4.641005607020231;50;66;0.1113940885029005;True;ok;0;0.16;0.5;2
100;3492;69.84;99;39;0.8267204443140426;0.7908028572885571;1.2945454545454544;4.264234841826571;52;90;0.12224073969207394;True;ok;1;0.16;0.5;2
100;3395;67.9;99;41;0.8052463959873664;0.7746292108676133;1.314141414141414;11.605869354898516;81;27;0.13131563030789994;True;ok;2;0.16;0.5;2
100;2929;58.58;99;31;0.7617841501228336;0.7141534753793065;1.4082828282828284;4.750839950551719;50;66;0.08989036839915565;True;ok;3;0.16;0.5;2
100;2817;56.34;99;30;0.7470985066438327;0.6999276423768597;1.430909090909091;6.275578477084898;63;32;0.09213660274039848;True;ok;4;0.16;0.5;2
100;3248;64.96;99;39;0.7898660251809099;0.7507604399962147;1.3438383838383838;4.560066674666732;52;78;0.10103968095499871;True;ok;5;0.16;0.5;2
100;3229;64.58;99;38;0.7926778805775601;0.7517378622250088;1.3476767676767676;4.301148451118085;49;85;0.09932010045654377;True;ok;6;0.16;0.5;2
100;3099;61.98;99;38;0.7791200128165291;0.7334526114556016;1.373939393939394;4.02016315831864;45;88;0.09243312474399623;True;ok;7;0.16;0.5;2
100;3035;60.7;99;36;0.7739439083045587;0.7249306803985496;1.3868686868686868;4.3208087640227655;46;85;0.0784472883051398;True;ok;8;0.16;0.5;2
100;3154;63.08;99;36;0.7829772649647185;0.7412214030554077;1.3628282828282827;4.395752692338227;49;82;0.09253593163299612;True;ok;9;0.16;0.5;2
100;3050;61.0;99;35;0.7802126626572398;0.7288171425982695;1.3838383838383839;4.319902050556335;48;76;0.09041549342856114;True;ok;0;0.16;0.55;2
100;3565;71.3;99;41;0.8349735584973683;0.8004687659227555;1.2797979797979797;4.325561450025739;53;92;0.12519237824610085;True;ok;1;0.16;0.55;2
100;3471;69.42;99;43;0.8130972909019322;0.7833474936278675;1.2987878787878788;6.218970866957535;67;55;0.13132374526034468;True;ok;2;0.16;0.55;2
100;2995;59.9;99;33;0.7709446528621607;0.7225206622398549;1.394949494949495;4.716364477555661;50;70;0.08873727451733149;True;ok;3;0.16;0.55;2
100;2880;57.6;99;31;0.7565112620119997;0.7078385868463151;1.4181818181818182;4.135714555985474;45;74;0.08974235978439171;True;ok;4;0.16;0.55;2
100;3326;66.52;99;41;0.7993798498427165;0.7613847823839553;1.328080808080808;4.764252891772999;55;73;0.10941824242725018;True;ok;5;0.16;0.55;2
100;3321;66.42;99;41;0.8028170914193687;0.7637036206703285;1.329090909090909;4.27285784389125;49;92;0.10007859462412283;True;ok;6;0.16;0.55;2
100;3186;63.72;99;41;0.7894611880517504;0.7439179763786851;1.3563636363636364;4.214490817855525;47;89;0.09119944639798194;True;ok;7;0.16;0.55;2
100;3108;62.16;99;37;0.7813426405952232;0.7341021080560982;1.372121212121212;4.388215895480098;47;87;0.08012824912963834;True;ok;8;0.16;0.55;2
100;3223;64.46;99;38;0.7925924811558002;0.7501878783186143;1.3488888888888888;4.5472614946269285;51;80;0.09509508083272245;True;ok;9;0.16;0.55;2
100;3141;62.82;99;37;0.7912350237595919;0.7401731766496978;1.3654545454545455;4.282126120934455;48;82;0.09471114127115626;True;ok;0;0.16;0.6;2
100;3640;72.8;99;44;0.8427407474182057;0.8095144742860877;1.2646464646464646;4.381525702874802;54;94;0.12877819164097648;True;ok;1;0.16;0.6;2
100;3559;71.18;99;47;0.8215686106078932;0.7935592277474443;1.281010101010101;7.025025625117803;72;48;0.14679886559243538;True;ok;2;0.16;0.6;2
100;3054;61.08;99;35;0.7785386896535708;0.7300133244503664;1.383030303030303;4.552853100500272;49;76;0.08661536860372587;True;ok;3;0.16;0.6;2
100;2946;58.92;99;33;0.7632746109846101;0.7152181770122507;1.4048484848484848;4.223320999584187;47;71;0.09060148344933872;True;ok;4;0.16;0.6;2
100;3405;68.1;99;44;0.8075919889226078;0.7712712650788741;1.312121212121212;4.689775622049828;54;82;0.10683121587750188;True;ok;5;0.16;0.6;2
100;3377;67.54;99;42;0.8094746000173312;0.7712320012030528;1.3177777777777777;4.264807244018578;50;91;0.10750912761592035;True;ok;6;0.16;0.6;2
100;3265;65.3;99;41;0.7996668455262085;0.7545990220699814;1.3404040404040405;4.326944201376611;48;93;0.08995573306976035;True;ok;7;0.16;0.6;2
100;3181;63.62;99;40;0.7888520526267487;0.743199970212053;1.3573737373737373;4.475346263216191;49;84;0.08679472161533719;True;ok;8;0.16;0.6;2
100;3294;65.88;99;40;0.8004283717249144;0.7588911036508602;1.3345454545454545;4.683610282504334;53;78;0.10009629443363788;True;ok;9;0.16;0.6;2
100;3206;64.12;99;39;0.8001676424145424;0.7495403949402285;1.3523232323232324;4.296161845859693;50;77;0.10717375299552238;True;ok;0;0.16;0.65;2
100;3712;74.24;99;46;0.8506077575797347;0.8189695312582054;1.2501010101010102;4.3654793946535015;55;94;0.13832021141217288;True;ok;1;0.16;0.65;2
100;3639;72.78;99;49;0.8295940222613829;0.8033615597051776;1.2648484848484849;4.047263059551167;52;96;0.15058203736716053;True;ok;2;0.16;0.65;2
100;3118;62.36;99;37;0.7851911648326946;0.7376424195684124;1.37010101010101;4.672399209901789;51;73;0.09336685425204627;True;ok;3;0.16;0.65;2
100;3023;60.46;99;34;0.7727334273365435;0.7249200572815883;1.3892929292929292;4.11058406931382;46;79;0.09216307954583325;True;ok;4;0.16;0.65;2
100;3460;69.2;99;44;0.8140415276109897;0.7786244884734006;1.301010101010101;4.892070542753096;56;80;0.10887249311799574;True;ok;5;0.16;0.65;2
100;3452;69.04;99;44;0.8192335173204407;0.7815419999038353;1.3026262626262626;4.118220472633514;50;93;0.11883176020917374;True;ok;6;0.16;0.65;2
100;3335;66.7;99;41;0.8081420907998131;0.7640380484811292;1.3262626262626263;4.378004953557431;50;89;0.09950926484047362;True;ok;7;0.16;0.65;2
100;3210;64.2;99;40;0.793179788360984;0.7473930224474489;1.3515151515151516;4.565187035443042;50;83;0.08756551572066906;True;ok;8;0.16;0.65;2
100;3361;67.22;99;40;0.8077735747832828;0.7677261819559634;1.321010101010101;4.236975937346045;50;89;0.11182093437812979;True;ok;9;0.16;0.65;2
100;3259;65.18;99;41;0.8051583651269438;0.7559971245751205;1.3416161616161617;4.463156216434459;52;75;0.11706358075807388;True;ok;0;0.16;0.7;2
100;3762;75.24;99;48;0.855204122083807;0.82508326359118;1.24;4.596571552152124;57;93;0.13730450464949384;True;ok;1;0.16;0.7;2
100;3704;74.08;99;49;0.8357664661591415;0.8110659930824268;1.2517171717171718;4.401726751872422;55;95;0.13867750768133047;True;ok;2;0.16;0.7;2
100;3186;63.72;99;38;0.7939013845866014;0.7466411194873201;1.3563636363636364;4.556085561781231;49;87;0.0885576929534756;True;ok;3;0.16;0.7;2
100;3082;61.64;99;34;0.7808053667821407;0.7324557067151783;1.3773737373737374;4.1646285880435;46;85;0.09273566846481052;True;ok;4;0.16;0.7;2
100;3534;70.68;99;45;0.821276065471856;0.7883578332313306;1.2860606060606061;5.069618178279231;58;79;0.11350248070215141;True;ok;5;0.16;0.7;2
100;3508;70.16;99;46;0.8249740018127184;0.7885151610607493;1.2913131313131314;4.1881120127496505;51;94;0.1206747628645104;True;ok;6;0.16;0.7;2
100;3411;68.22;99;44;0.8174938126681827;0.7742089635145015;1.3109090909090908;4.512098178808433;51;93;0.09733911047182642;True;ok;7;0.16;0.7;2
100;3271;65.42;99;41;0.7991897654822896;0.7552163884298251;1.3391919191919193;4.688084120518198;52;80;0.09304525080565162;True;ok;8;0.16;0.7;2
100;3423;68.46;99;42;0.8144798965295844;0.7755270588043841;1.3084848484848486;4.400310231302102;52;87;0.11198631554213767;True;ok;9;0.16;0.7;2
100;3294;65.88;99;41;0.8093106443560787;0.7605402302848993;1.3345454545454545;4.439868913643496;52;77;0.11138922292692699;True;ok;0;0.16;0.75;2
100;3813;76.26;99;49;0.860776378005685;0.8318472610955617;1.2296969696969697;4.581954220007685;57;97;0.13841700316540528;True;ok;1;0.16;0.75;2
100;3765;75.3;99;50;0.8425760937130164;0.8191389991620764;1.2393939393939395;4.590762741957465;57;94;0.13774552796661588;True;ok;2;0.16;0.75;2
100;3250;65.0;99;38;0.8013429305568035;0.7545534323119079;1.3434343434343434;4.603510018321451;50;88;0.09138558235425864;True;ok;3;0.16;0.75;2
100;3139;62.78;99;36;0.7867938447785809;0.7397931176040976;1.3658585858585859;4.070857905587134;46;87;0.10048201440852372;True;ok;4;0.16;0.75;2
100;3594;71.88;99;48;0.826326080436236;0.7957405180975708;1.273939393939394;5.377866432658563;60;79;0.11165658502524156;True;ok;5;0.16;0.75;2
100;3566;71.32;99;47;0.8312012512893312;0.7958031248349692;1.2795959595959596;4.347269339714593;53;92;0.12350577106685245;True;ok;6;0.16;0.75;2
100;3467;69.34;99;45;0.822144413496914;0.7808790999690792;1.2995959595959596;4.54437363832435;52;93;0.10422772631964183;True;ok;7;0.16;0.75;2
100;3320;66.4;99;43;0.8045747099648842;0.7620978143110179;1.3292929292929292;4.514528596999375;51;86;0.0971823182265883;True;ok;8;0.16;0.75;2
100;3471;69.42;99;42;0.8193375081362556;0.7819161591168633;1.2987878787878788;4.597335059837774;54;85;0.11298800942237242;True;ok;9;0.16;0.75;2
100;3340;66.8;99;42;0.8133597568883922;0.7663526827178767;1.3252525252525253;4.235984483016643;50;86;0.11235768577610783;True;ok;0;0.16;0.8;2
100;3866;77.32;99;53;0.8666692897993339;0.8390515975624018;1.218989898989899;4.617553128994068;58;97;0.15175986753877102;True;ok;1;0.16;0.8;2
100;3828;76.56;99;53;0.848578213368812;0.8269497261788965;1.2266666666666666;4.83035342523122;59;94;0.13772125297862992;True;ok;2;0.16;0.8;2
100;3307;66.14;99;40;0.8074975360626526;0.7619437619437619;1.331919191919192;4.6049322365202645;51;87;0.09152613613763771;True;ok;3;0.16;0.8;2
100;3211;64.22;99;36;0.793963497270968;0.7482595581268681;1.3513131313131312;4.166884461095908;47;90;0.09449191180756733;True;ok;4;0.16;0.8;2
100;3645;72.9;99;48;0.8309264073258368;0.8024566000655093;1.2636363636363637;5.2956612328222;60;82;0.11634899923057407;True;ok;5;0.16;0.8;2
100;3624;72.48;99;48;0.8374422155484627;0.8037836571202612;1.2678787878787878;4.405644117963414;54;93;0.12690927294025023;True;ok;6;0.16;0.8;2
100;3509;70.18;99;46;0.8266489552754482;0.7864808281316636;1.291111111111111;4.506450387812691;52;96;0.10458870550051347;True;ok;7;0.16;0.8;2
100;3381;67.62;99;44;0.8085386845954525;0.7691068484939307;1.316969696969697;4.691702264629573;53;84;0.09959147519310563;True;ok;8;0.16;0.8;2
100;3514;70.28;99;45;0.8240181283819943;0.7875258698870639;1.2901010101010102;4.343074884201337;52;93;0.11619027570238127;True;ok;9;0.16;0.8;2
100;3393;67.86;99;43;0.8168225854166791;0.7725846033284527;1.3145454545454545;4.538663156079275;54;77;0.11707852263342933;True;ok;0;0.16;0.85;2
100;3908;78.16;99;54;0.8707292651530213;0.8444531496326304;1.2105050505050505;4.736063072612759;59;98;0.15407683833402397;True;ok;1;0.16;0.85;2
100;3889;77.78;99;54;0.8549397106739606;0.8349778076838469;1.2143434343434343;4.825359922305584;60;94;0.14724672224985658;True;ok;2;0.16;0.85;2
100;3345;66.9;99;41;0.8107822369658965;0.7666092519685039;1.3242424242424242;4.540728659773274;51;89;0.09550804010611147;True;ok;3;0.16;0.85;2
100;3273;65.46;99;38;0.8016116860528324;0.7555827982784167;1.3387878787878789;4.118603261881098;47;94;0.09795247333180113;True;ok;4;0.16;0.85;2
100;3698;73.96;99;49;0.8360390602882147;0.8092124150690612;1.252929292929293;5.295491331814813;61;81;0.126147351569594;True;ok;5;0.16;0.85;2
100;3678;73.56;99;50;0.8432796331289582;0.8110132990377524;1.256969696969697;4.54639431509153;56;90;0.13257290460830995;True;ok;6;0.16;0.85;2
100;3560;71.2;99;48;0.8310453002975491;0.7927362530303373;1.2808080808080808;4.559107392256641;53;96;0.108193960941244;True;ok;7;0.16;0.85;2
100;3428;68.56;99;46;0.8132981506342597;0.7748457222147839;1.3074747474747475;4.64600198983121;53;87;0.10247628222747684;True;ok;8;0.16;0.85;2
100;3567;71.34;99;45;0.8291628295656196;0.7943772252730674;1.2793939393939393;4.68548666923672;55;89;0.11460315805848009;True;ok;9;0.16;0.85;2
100;3422;68.44;99;43;0.8192744721542498;0.7761836500156345;1.3086868686868687;4.666340631976572;55;77;0.12107555323535968;True;ok;0;0.16;0.9;2
100;3942;78.84;99;55;0.8733743343927732;0.8486061024177616;1.2036363636363636;4.839460660541655;60;98;0.1565304682202967;True;ok;1;0.16;0.9;2
100;3940;78.8;99;56;0.8613255172066439;0.8421800274634216;1.204040404040404;4.720604518184215;60;96;0.1551773226581945;True;ok;2;0.16;0.9;2
100;3399;67.98;99;43;0.8156866248563844;0.7733167503366706;1.3133333333333332;4.541302573572521;52;88;0.10226782192102535;True;ok;3;0.16;0.9;2
100;3333;66.66;99;40;0.808070908977494;0.7628463717492705;1.3266666666666667;4.248985042259118;49;91;0.10177307238344013;True;ok;4;0.16;0.9;2
100;3737;74.74;99;49;0.8398890913968541;0.814461986697865;1.245050505050505;5.222279740006602;61;83;0.1294291029009943;True;ok;5;0.16;0.9;2
100;3707;74.14;99;50;0.8461098178675016;0.8149282350420897;1.251111111111111;4.520494340327631;56;92;0.1345437868053755;True;ok;6;0.16;0.9;2
100;3599;71.98;99;49;0.834872418248428;0.7979084918930924;1.272929292929293;4.609426441347218;54;95;0.11216294527524351;True;ok;7;0.16;0.9;2
100;3479;69.58;99;47;0.8180125115199559;0.7811187954957481;1.2971717171717172;4.656953022076074;54;86;0.10897790119315776;True;ok;8;0.16;0.9;2
100;3611;72.22;99;49;0.8328191270423341;0.7998656890997848;1.2705050505050506;4.604650869042147;55;91;0.1201798735257048;True;ok;9;0.16;0.9;2
100;3456;69.12;99;44;0.8228569089306501;0.7808612440191387;1.3018181818181818;4.290090719447963;51;92;0.11278204264904179;True;ok;0;0.16;0.95;2
100;3979;79.58;99;58;0.8770738949006897;0.8535248267186305;1.1961616161616162;4.52169726517253;59;99;0.16157779580739784;True;ok;1;0.16;0.95;2
100;3987;79.74;99;57;0.8669193761624513;0.848873257702545;1.1945454545454546;5.231001944974772;64;89;0.1579118033123993;True;ok;2;0.16;0.95;2
100;3440;68.8;99;44;0.8185332505435768;0.7780617077447048;1.305050505050505;4.5921583981778245;53;87;0.10598253953449288;True;ok;3;0.16;0.95;2
100;3389;67.78;99;41;0.814568647311027;0.7703259833356031;1.3153535353535353;4.376858562903369;51;88;0.10647439366777744;True;ok;4;0.16;0.95;2
100;3777;75.54;99;52;0.8434987690853991;0.819403901241304;1.236969696969697;5.537063798558523;63;81;0.12921315214047002;True;ok;5;0.16;0.95;2
100;3750;75.0;99;52;0.8500412029423298;0.8204501988194665;1.2424242424242424;4.457926456567833;56;94;0.13942668206251896;True;ok;6;0.16;0.95;2
100;3643;72.86;99;50;0.8389951110229079;0.8032652795321045;1.264040404040404;4.342764233410308;53;98;0.12729100761276618;True;ok;7;0.16;0.95;2
100;3520;70.4;99;48;0.8213470689296269;0.7859614663362088;1.288888888888889;4.7283683809933805;54;91;0.10633284796181985;True;ok;8;0.16;0.95;2
100;3653;73.06;99;51;0.8369607504815852;0.8053646905819877;1.262020202020202;4.398636693631934;54;95;0.127449460227689;True;ok;9;0.16;0.95;2
100;3501;70.02;99;44;0.8269955851793107;0.7867450311393618;1.2927272727272727;4.3530451083109485;52;92;0.1154467708993222;True;ok;0;0.16;1.0;2
100;4010;80.2;99;59;0.8801208518267012;0.8577447576894315;1.1898989898989898;4.455973197155678;59;100;0.16716884603303017;True;ok;1;0.16;1.0;2
100;4032;80.64;99;59;0.8713081943756216;0.8547040867878979;1.1854545454545455;5.3095867949462034;65;89;0.16313396052351692;True;ok;2;0.16;1.0;2
100;3488;69.76;99;45;0.821311555020212;0.7834218289085546;1.2953535353535353;4.659961076978395;54;87;0.10877938393240905;True;ok;3;0.16;1.0;2
100;3448;68.96;99;45;0.8214374969656827;0.7781471374404174;1.3034343434343434;4.075773767150446;49;96;0.11495778412682112;True;ok;4;0.16;1.0;2
100;3818;76.36;99;53;0.8476154255894086;0.8250233201937833;1.2286868686868686;5.420006015965325;63;83;0.1356364728163093;True;ok;5;0.16;1.0;2
100;3794;75.88;99;53;0.853959399355907;0.8261307446679511;1.2335353535353535;4.563801669243235;57;95;0.13981111650541633;True;ok;6;0.16;1.0;2
100;3683;73.66;99;50;0.8426834570796836;0.8084349232930758;1.255959595959596;4.86096465901283;56;97;0.1286509104447447;True;ok;7;0.16;1.0;2
100;3564;71.28;99;50;0.8248144874565321;0.7913439428778893;1.28;4.598955683844752;54;92;0.11287707373640232;True;ok;8;0.16;1.0;2
100;3694;73.88;99;53;0.84013677088735;0.8104176775386316;1.2537373737373738;4.8417460591827455;58;87;0.12820911445574057;True;ok;9;0.16;1.0;2
100;2511;50.22;73;27;0.6665185728462936;0.6497546636863982;1.494949494949495;17.68386797108617;61;25;0.11760339779859919;True;ok;0;0.21;0.0;2
100;2840;56.8;78;26;0.7175777797343246;0.7054644095161213;1.4276767676767677;23.56261640483884;69;30;0.18387188613427163;True;ok;1;0.21;0.0;2
100;3018;60.36;82;25;0.7446461607703994;0.7357087577652743;1.392121212121212;26.341616528377397;71;44;0.1590909090909091;True;ok;2;0.21;0.0;2
100;2583;51.66;74;25;0.6684382000544066;0.6524230386567804;1.4802020202020203;6.850380852897262;50;59;0.1286141964309988;True;ok;3;0.21;0.0;2
100;2464;49.28;69;26;0.660003209380231;0.6517743352674367;1.506868686868687;12.521221077910933;58;33;0.13796532565183484;True;ok;4;0.21;0.0;2
100;2780;55.6;79;29;0.7003917861867305;0.6882918467729915;1.44;18.468393864116223;66;33;0.10980576183456958;True;ok;5;0.21;0.0;2
100;2728;54.56;76;27;0.6906452428489556;0.6824084243168164;1.4505050505050505;17.150544310383896;66;26;0.15177114849872836;True;ok;6;0.21;0.0;2
100;2633;52.66;70;28;0.674219179807071;0.6676253595098162;1.4692929292929293;3.4531649456615874;35;94;0.182609668065425;True;ok;7;0.21;0.0;2
100;2632;52.64;74;27;0.6679663295495787;0.6622594142259414;1.4692929292929293;3.9056831717828007;39;85;0.18465359555001354;True;ok;8;0.21;0.0;2
100;2746;54.92;75;25;0.6939092130902719;0.6831605523889676;1.4472727272727273;28.040329346782418;68;22;0.14433761303012055;True;ok;9;0.21;0.0;2
100;2624;52.48;78;28;0.6841208705185448;0.6652254218789354;1.4703030303030302;12.37146871166071;60;38;0.08989056741940982;True;ok;0;0.21;0.05;2
100;2970;59.4;79;26;0.733695685101055;0.7216761763857991;1.4006060606060606;29.263383556299647;73;26;0.16539133055744248;True;ok;1;0.21;0.05;2
100;3113;62.26;83;29;0.7548728475964454;0.745947866246281;1.3717171717171717;21.85640010218549;72;45;0.1241794615691546;True;ok;2;0.21;0.05;2
100;2692;53.84;81;26;0.6850697086263203;0.6688757633396737;1.456969696969697;10.499355229714256;60;37;0.12709374537338886;True;ok;3;0.21;0.05;2
100;2549;50.98;72;27;0.6717329632018358;0.6627819382283866;1.4882828282828282;3.4728715508963517;34;94;0.16230691296114694;True;ok;4;0.21;0.05;2
100;2905;58.1;89;30;0.7191456966736882;0.7051957360151992;1.4135353535353536;20.161015178401147;71;23;0.13043478260869565;True;ok;5;0.21;0.05;2
100;2855;57.1;79;28;0.7078028402846392;0.6985384397431054;1.423838383838384;8.960412622192127;61;47;0.14315779071199441;True;ok;6;0.21;0.05;2
100;2720;54.4;75;30;0.685059372685367;0.6769930534739147;1.4515151515151514;3.450900551358702;36;95;0.16772179130096165;True;ok;7;0.21;0.05;2
100;2742;54.84;77;27;0.6846514600561587;0.6775975567503754;1.4464646464646465;20.85223903060153;66;32;0.1346387207639006;True;ok;8;0.21;0.05;2
100;2847;56.94;80;25;0.7075882593944363;0.6966138803021223;1.4252525252525252;21.863395777110675;69;27;0.14814814814814814;True;ok;9;0.21;0.05;2
100;2734;54.68;92;29;0.7013095686086568;0.6802136150687308;1.4476767676767677;10.26166905274129;61;40;0.10560922698165232;True;ok;0;0.21;0.1;2
100;3089;61.78;82;29;0.7479042926637276;0.7351203837753038;1.3761616161616161;31.231209535834925;76;24;0.16666666666666666;True;ok;1;0.21;0.1;2
100;3215;64.3;89;30;0.7662210231048967;0.756187061053101;1.3505050505050504;18.38826112993371;73;46;0.1122558637617071;True;ok;2;0.21;0.1;2
100;2780;55.6;86;27;0.6982802936642762;0.68094061728009;1.4387878787878787;12.469867811917327;65;28;0.09301776677654117;True;ok;3;0.21;0.1;2
100;2642;52.84;80;29;0.6854846655059755;0.673616878169976;1.4676767676767677;3.5883529867574135;36;93;0.16394872175423109;True;ok;4;0.21;0.1;2
100;3030;60.6;99;33;0.7358036661586601;0.7198849165173097;1.387878787878788;15.559664283328578;72;27;0.12178373939525355;True;ok;5;0.21;0.1;2
100;2967;59.34;84;29;0.7242442338080748;0.713952127572309;1.4008080808080807;11.187056015100781;66;42;0.13547805428466558;True;ok;6;0.21;0.1;2
100;2818;56.36;81;31;0.7002269581391855;0.6896829922234219;1.4313131313131313;25.774522628982993;70;25;0.16641911225916584;True;ok;7;0.21;0.1;2
100;2851;57.02;80;28;0.702195036361332;0.6925636994631151;1.424040404040404;14.949866073281244;67;34;0.09847546475964498;True;ok;8;0.21;0.1;2
100;2957;59.14;84;27;0.7244456954701571;0.7119625592573446;1.403030303030303;15.02744321772825;69;34;0.10519998290302146;True;ok;9;0.21;0.1;2
100;2835;56.7;97;31;0.7139278185267005;0.692809286661173;1.4272727272727272;13.576029183020214;70;20;0.11006504416754564;True;ok;0;0.21;0.15;2
100;3228;64.56;88;32;0.7674195679622892;0.7531628283763453;1.347878787878788;17.48954354365642;76;33;0.14654501850189178;True;ok;1;0.21;0.15;2
100;3335;66.7;91;33;0.7827784742357364;0.7700158107903229;1.3262626262626263;15.305366355210271;75;42;0.09944057591940361;True;ok;2;0.21;0.15;2
100;2871;57.42;90;30;0.7140335195962498;0.6946713751120013;1.42;12.299138218540183;68;25;0.08;True;ok;3;0.21;0.15;2
100;2740;54.8;87;30;0.700646261589136;0.6854170385292093;1.4466666666666668;14.934137232070537;68;24;0.125;True;ok;4;0.21;0.15;2
100;3149;62.98;99;36;0.7517252927582723;0.7348789734616507;1.3638383838383838;12.65216865306525;71;40;0.09961663378643792;True;ok;5;0.21;0.15;2
100;3083;61.66;93;32;0.7430886921698645;0.7297313729265252;1.3771717171717173;16.281177592575673;76;20;0.08107010733554218;True;ok;6;0.21;0.15;2
100;2958;59.16;86;31;0.7235930550802611;0.7085756413712664;1.4024242424242424;18.43675831844692;73;25;0.12551768666484575;True;ok;7;0.21;0.15;2
100;2959;59.18;87;28;0.7194488658517575;0.7064273720718984;1.4022222222222223;12.206812603715507;68;36;0.10403880587017955;True;ok;8;0.21;0.15;2
100;3069;61.38;91;29;0.7419400447425849;0.7283688450111793;1.3802020202020202;17.76502090391759;75;22;0.10903547804103264;True;ok;9;0.21;0.15;2
100;2955;59.1;99;35;0.7301564334382779;0.7075298969072165;1.403030303030303;11.190044696494608;70;26;0.06980429986459324;True;ok;0;0.21;0.2;2
100;3349;66.98;94;36;0.7862663823802113;0.7691253828954001;1.3234343434343434;13.774563470458768;77;34;0.10285718726343854;True;ok;1;0.21;0.2;2
100;3451;69.02;97;38;0.798902343009636;0.7841098625500675;1.302828282828283;15.051233116225596;79;30;0.096226794143292;True;ok;2;0.21;0.2;2
100;2981;59.62;95;34;0.7318968699256553;0.7099025525061413;1.3977777777777778;10.487288374455199;69;28;0.07142857142857142;True;ok;3;0.21;0.2;2
100;2848;56.96;94;31;0.7163753167116964;0.6976871824228225;1.4246464646464647;14.09309970819237;72;20;0.10732596933766558;True;ok;4;0.21;0.2;2
100;3268;65.36;99;38;0.768262580884862;0.750054277029961;1.3397979797979798;10.909809291567841;72;41;0.09025282039955795;True;ok;5;0.21;0.2;2
100;3206;64.12;97;34;0.7602090584518176;0.7442731960215266;1.3523232323232324;14.587781974834396;78;21;0.11547357160817806;True;ok;6;0.21;0.2;2
100;3074;61.48;91;35;0.741474878207088;0.7239386666259;1.378989898989899;13.41907573075481;73;31;0.13550465293072378;True;ok;7;0.21;0.2;2
100;3069;61.38;94;30;0.7392220047842248;0.7223959770643609;1.38;8.462692984551268;67;38;0.1444537190048087;True;ok;8;0.21;0.2;2
100;3179;63.58;96;31;0.7589143793329645;0.7423518597019333;1.3577777777777778;14.956232348764285;76;26;0.15023339786515744;True;ok;9;0.21;0.2;2
100;3069;61.38;99;37;0.7465003796638391;0.722302701379254;1.38;8.437785265486381;68;34;0.08392241877522355;True;ok;0;0.21;0.25;2
100;3479;69.58;97;38;0.8066226331949535;0.7868083626200957;1.2971717171717172;10.096777147649545;76;40;0.10867318495105205;True;ok;1;0.21;0.25;2
100;3529;70.58;97;40;0.8091602150951602;0.7935525291828793;1.287070707070707;15.03364712103366;80;33;0.10107882914495714;True;ok;2;0.21;0.25;2
100;3065;61.3;98;35;0.7464088019479095;0.7223147270538207;1.3808080808080807;10.35869776455255;73;23;0.06353199050880509;True;ok;3;0.21;0.25;2
100;2941;58.82;99;33;0.7321942361700728;0.7096171389080856;1.405858585858586;6.828268517395506;61;44;0.1302078635091275;True;ok;4;0.21;0.25;2
100;3386;67.72;99;41;0.7844380534261245;0.7655267694179679;1.315959595959596;9.179640380738917;72;44;0.10296396899224336;True;ok;5;0.21;0.25;2
100;3318;66.36;99;36;0.7786590030857219;0.7600486408653508;1.3296969696969696;9.846953658889358;74;34;0.11593160475362363;True;ok;6;0.21;0.25;2
100;3190;63.8;94;37;0.7590267281186865;0.739558752452165;1.3555555555555556;9.79007673992885;71;39;0.1283322326210926;True;ok;7;0.21;0.25;2
100;3180;63.6;98;32;0.7584019066666072;0.7383109563827814;1.3575757575757577;4.406969920003654;49;86;0.12976635798189506;True;ok;8;0.21;0.25;2
100;3283;65.66;99;33;0.7742750518911208;0.7556414178003166;1.3367676767676768;13.985510503685166;79;24;0.0892350901646235;True;ok;9;0.21;0.25;2
100;3175;63.5;99;37;0.7609002266143945;0.7366296958855099;1.3585858585858586;6.527324969560108;62;54;0.09452422810819416;True;ok;0;0.21;0.3;2
100;3582;71.64;99;43;0.8200845143377687;0.7995408003086548;1.2763636363636364;11.316550020561806;80;36;0.1115216500031514;True;ok;1;0.21;0.3;2
100;3603;72.06;98;42;0.8178609643568047;0.8020064286542858;1.2721212121212122;12.752235302315134;78;46;0.08695652173913043;True;ok;2;0.21;0.3;2
100;3161;63.22;99;35;0.75980435713091;0.7352260565213619;1.3614141414141414;6.183397220833534;59;61;0.09260701182658937;True;ok;3;0.21;0.3;2
100;3022;60.44;99;33;0.7428346807592202;0.7194651985843492;1.3894949494949496;10.904415632471402;75;20;0.08338657083718076;True;ok;4;0.21;0.3;2
100;3476;69.52;99;44;0.797627145444385;0.7784229166164743;1.2977777777777777;9.30498535270813;74;43;0.13457556963189443;True;ok;5;0.21;0.3;2
100;3416;68.32;99;40;0.7933292131765944;0.7735927306810217;1.30989898989899;6.636366360884739;66;56;0.1376357527545048;True;ok;6;0.21;0.3;2
100;3276;65.52;97;38;0.7724385314181803;0.7512038956309043;1.3381818181818181;4.15352601981561;48;92;0.1357691472732147;True;ok;7;0.21;0.3;2
100;3270;65.4;99;35;0.7736358904152965;0.750796164018784;1.3393939393939394;6.795031676216921;67;43;0.10408596139028481;True;ok;8;0.21;0.3;2
100;3376;67.52;99;35;0.7879185269609679;0.7684231026511655;1.317979797979798;7.670853156472714;70;45;0.12442422958744029;True;ok;9;0.21;0.3;2
100;3276;65.52;99;38;0.7776942391812603;0.7517844260936191;1.3381818181818181;6.137343069849979;62;58;0.10934695764035463;True;ok;0;0.21;0.35;2
100;3707;74.14;99;48;0.8363497983250204;0.8159012265223504;1.251111111111111;5.252626951693066;62;79;0.1494894726837212;True;ok;1;0.21;0.35;2
100;3692;73.84;99;44;0.8280327190800832;0.8124834643079322;1.2541414141414142;14.48597712689694;83;32;0.10193745789226372;True;ok;2;0.21;0.35;2
100;3235;64.7;99;37;0.7704117311735119;0.7451174619555953;1.3464646464646464;11.46429709459398;79;22;0.0971783419654666;True;ok;3;0.21;0.35;2
100;3108;62.16;99;36;0.7553513634632292;0.7301449462344248;1.372121212121212;8.083966968737203;68;37;0.06989060619708554;True;ok;4;0.21;0.35;2
100;3573;71.46;99;44;0.8113694523733757;0.7919007339079168;1.278181818181818;7.29808510100788;70;55;0.12406468647217372;True;ok;5;0.21;0.35;2
100;3514;70.28;99;43;0.8069877011711961;0.7864372827431804;1.2901010101010102;10.133567383099857;79;32;0.1273023393172643;True;ok;6;0.21;0.35;2
100;3373;67.46;99;41;0.7879314553661527;0.7644058807306362;1.3185858585858585;4.170682490517686;49;95;0.12799281565087273;True;ok;7;0.21;0.35;2
100;3360;67.2;99;38;0.7867109667584099;0.7636533554097074;1.3212121212121213;6.7581971673226136;68;45;0.11499705161109874;True;ok;8;0.21;0.35;2
100;3474;69.48;99;39;0.8005483369608706;0.7801641158918087;1.298181818181818;8.815028792736168;76;35;0.13370105251722703;True;ok;9;0.21;0.35;2
100;3369;67.38;99;42;0.79206493823169;0.7652604259433602;1.3193939393939393;5.670461809409475;62;59;0.12683513786404588;True;ok;0;0.21;0.4;2
100;3780;75.6;99;49;0.8451187754526616;0.8255078243707895;1.2363636363636363;5.024796642761568;62;80;0.1520499294648332;True;ok;1;0.21;0.4;2
100;3779;75.58;99;47;0.8378078674970406;0.8224093299731551;1.2365656565656566;12.77523393648095;82;41;0.11219248199477977;True;ok;2;0.21;0.4;2
100;3336;66.72;99;39;0.7840804169426303;0.7591511452767372;1.3260606060606062;6.254636526218518;62;61;0.08815487797018429;True;ok;3;0.21;0.4;2
100;3191;63.82;99;39;0.7659325015315547;0.7404210764615994;1.3553535353535353;7.4821768362532355;68;40;0.09630436635301916;True;ok;4;0.21;0.4;2
100;3654;73.08;99;45;0.8213747771215529;0.8027478062811172;1.2618181818181817;7.2759692407730485;71;56;0.13282532069055897;True;ok;5;0.21;0.4;2
100;3610;72.2;99;48;0.8196218520197291;0.7988507462686567;1.2707070707070707;6.004536912713078;66;63;0.13323157495588622;True;ok;6;0.21;0.4;2
100;3467;69.34;99;46;0.8012446964697386;0.7770228685210885;1.2995959595959596;4.416949998867418;52;92;0.12100888023657086;True;ok;7;0.21;0.4;2
100;3439;68.78;99;39;0.7979187217575887;0.7742362143008769;1.3052525252525253;4.665596301512879;53;91;0.1043864745294828;True;ok;8;0.21;0.4;2
100;3571;71.42;99;42;0.814179378819473;0.7931144660116622;1.2785858585858585;5.146712971432476;60;76;0.1357388297442076;True;ok;9;0.21;0.4;2
100;3443;68.86;99;43;0.8035612610527109;0.7759457547745067;1.3044444444444445;5.475125809316498;62;61;0.12315718246628105;True;ok;0;0.21;0.45;2
100;3872;77.44;99;53;0.8568472504378205;0.8382075117707901;1.2177777777777778;5.130735272687447;63;84;0.15458195141910203;True;ok;1;0.21;0.45;2
100;3863;77.26;99;50;0.8485882941869289;0.8336816165598817;1.2195959595959596;12.163110768610084;83;42;0.14199816225177675;True;ok;2;0.21;0.45;2
100;3405;68.1;99;42;0.7944661949688064;0.7691396737498749;1.312121212121212;5.730311772095878;61;65;0.10120222988013783;True;ok;3;0.21;0.45;2
100;3267;65.34;99;40;0.7778216187140036;0.7515632526459374;1.34;9.523429427043135;77;26;0.11741263035278093;True;ok;4;0.21;0.45;2
100;3726;74.52;99;47;0.8303892636650066;0.8123744560495034;1.2472727272727273;7.223001087368147;72;56;0.13842785487119635;True;ok;5;0.21;0.45;2
100;3689;73.78;99;48;0.8313121970474328;0.8104090416340199;1.2547474747474747;4.742451627965736;57;92;0.13436745076257034;True;ok;6;0.21;0.45;2
100;3558;71.16;99;47;0.8137767780830845;0.7898139889212582;1.2812121212121212;4.762390567898855;55;91;0.11211090598947393;True;ok;7;0.21;0.45;2
100;3507;70.14;99;43;0.8067471050487068;0.7833490007591163;1.2915151515151515;5.066746285374489;56;88;0.09855874173534529;True;ok;8;0.21;0.45;2
100;3637;72.74;99;44;0.8226684353072201;0.8020825678634941;1.2652525252525253;4.9301870642750725;59;82;0.13495240476788573;True;ok;9;0.21;0.45;2
100;3509;70.18;99;45;0.8124318561515064;0.7850651947216973;1.291111111111111;5.365477227723404;61;68;0.12075823085638548;True;ok;0;0.21;0.5;2
100;3933;78.66;99;55;0.8645611889173689;0.8463741304375372;1.2054545454545456;4.9995840652741315;63;86;0.1640223633336706;True;ok;1;0.21;0.5;2
100;3936;78.72;99;51;0.8576146744977704;0.8432113453576358;1.2048484848484848;8.441203907719757;78;55;0.17078083934483929;True;ok;2;0.21;0.5;2
100;3473;69.46;99;43;0.803559690498235;0.7788078353941175;1.2983838383838384;5.999851051177075;63;64;0.10436527267699824;True;ok;3;0.21;0.5;2
100;3323;66.46;99;40;0.7858993844233697;0.759136899965591;1.3286868686868687;4.283085327613506;49;93;0.10761721408634928;True;ok;4;0.21;0.5;2
100;3797;75.94;99;50;0.8403549725852126;0.8227267791456843;1.232929292929293;5.815034906785799;65;79;0.13188274319926008;True;ok;5;0.21;0.5;2
100;3746;74.92;99;51;0.8375692906726951;0.8174469904775811;1.2432323232323232;4.9081626326061585;59;89;0.1322850494290707;True;ok;6;0.21;0.5;2
100;3632;72.64;99;49;0.8236606430662852;0.8000456382360086;1.2662626262626262;4.7839782572279965;56;92;0.11578846539083842;True;ok;7;0.21;0.5;2
100;3569;71.38;99;43;0.8146102535367459;0.7919568046391635;1.278989898989899;5.117007653991587;57;89;0.10301603957392402;True;ok;8;0.21;0.5;2
100;3703;74.06;99;44;0.8321856619704481;0.8118610495825523;1.2519191919191919;4.986204922048609;60;83;0.14335406024057817;True;ok;9;0.21;0.5;2
100;3561;71.22;99;48;0.8193720401000942;0.7922819482667927;1.2806060606060605;5.0282879300619445;58;81;0.11971776027528158;True;ok;0;0.21;0.55;2
100;3977;79.54;99;57;0.870378768630263;0.8525886775598318;1.1965656565656566;4.588168512138351;60;96;0.1658177277093995;True;ok;1;0.21;0.55;2
100;3999;79.98;99;51;0.8653526260590968;0.8518332604504777;1.1921212121212121;4.745478270781611;62;92;0.1869175345074756;True;ok;2;0.21;0.55;2
100;3551;71.02;99;45;0.8136493193827805;0.789409927856143;1.2826262626262626;5.948954094146122;65;60;0.12465738492082057;True;ok;3;0.21;0.55;2
100;3397;67.94;99;40;0.7957665615819829;0.7690955770314555;1.3137373737373736;4.629971073951696;54;80;0.1215262796256511;True;ok;4;0.21;0.55;2
100;3848;76.96;99;52;0.846659162250441;0.8298383573612932;1.2226262626262627;6.010884253695765;66;81;0.13110736311972115;True;ok;5;0.21;0.55;2
100;3801;76.02;99;53;0.8442135543248095;0.824830035514967;1.2321212121212122;4.995924376500011;60;90;0.1351918794903494;True;ok;6;0.21;0.55;2
100;3708;74.16;99;52;0.8338569633175212;0.8108549896509633;1.250909090909091;5.149996065290998;58;95;0.1087279073459474;True;ok;7;0.21;0.55;2
100;3623;72.46;99;44;0.8207873129179606;0.7987901659359565;1.2680808080808081;5.218930775803112;59;84;0.1126303183231635;True;ok;8;0.21;0.55;2
100;3765;75.3;99;47;0.8405613946912118;0.8204269079275529;1.2393939393939395;5.0511231410162605;61;84;0.14061352354900092;True;ok;9;0.21;0.55;2
100;3607;72.14;99;49;0.8240845746235701;0.7980292815849133;1.2713131313131314;4.8775219147297015;57;87;0.12097872049631048;True;ok;0;0.21;0.6;2
100;4033;80.66;99;59;0.8773280992811924;0.8602877867369165;1.1852525252525252;5.286989486681347;65;89;0.1646923405756474;True;ok;1;0.21;0.6;2
100;4062;81.24;99;56;0.8732744779240691;0.860453709380748;1.1793939393939394;4.879391986024794;63;95;0.1731793585617325;True;ok;2;0.21;0.6;2
100;3611;72.22;99;47;0.8206600534545773;0.7970360104611396;1.2705050505050506;5.341929041101713;60;80;0.11368420959604453;True;ok;3;0.21;0.6;2
100;3463;69.26;99;42;0.8044270037540749;0.7779404548343242;1.3004040404040405;4.765219954880606;56;78;0.11703263593957014;True;ok;4;0.21;0.6;2
100;3916;78.32;99;55;0.8541990397060271;0.838786791213369;1.208888888888889;5.942237637300072;67;80;0.14520857027395462;True;ok;5;0.21;0.6;2
100;3863;77.26;99;56;0.8518875936495673;0.8333978582115016;1.2195959595959596;5.383370192174714;63;86;0.13790115498093125;True;ok;6;0.21;0.6;2
100;3757;75.14;99;52;0.8393842583332759;0.8174503455274731;1.2410101010101011;4.836238699427579;57;99;0.1202879460439682;True;ok;7;0.21;0.6;2
100;3676;73.52;99;48;0.8262147581612815;0.8052846523956323;1.2573737373737375;5.128100095303242;59;87;0.11805177489154328;True;ok;8;0.21;0.6;2
100;3826;76.52;99;49;0.8479474114108146;0.8286900593773885;1.227070707070707;5.170594597178316;62;86;0.14202138242485596;True;ok;9;0.21;0.6;2
100;3655;73.1;99;49;0.8307182708444345;0.8050703775372763;1.2616161616161616;4.561465678532915;55;95;0.12326952837857086;True;ok;0;0.21;0.65;2
100;4086;81.72;99;61;0.8829409403881917;0.867278697036117;1.1745454545454546;4.970533329602285;63;98;0.16619026067528264;True;ok;1;0.21;0.65;2
100;4116;82.32;99;59;0.8790254530622147;0.8674350575417331;1.1684848484848485;5.181036264672168;65;95;0.1722000880424991;True;ok;2;0.21;0.65;2
100;3663;73.26;99;50;0.8264444763316718;0.8041790329954212;1.26;5.554476424582443;63;72;0.12818158250703465;True;ok;3;0.21;0.65;2
100;3535;70.7;99;44;0.8147137437604112;0.7878888601166435;1.2858585858585858;4.6028169340417096;54;91;0.11261320040378242;True;ok;4;0.21;0.65;2
100;3961;79.22;99;57;0.8594984738906075;0.8448827492754168;1.1997979797979799;6.048277782304121;68;80;0.1501388950757272;True;ok;5;0.21;0.65;2
100;3917;78.34;99;58;0.8586370707353812;0.841023001879531;1.2086868686868686;5.021625459003735;61;95;0.14263647966898607;True;ok;6;0.21;0.65;2
100;3817;76.34;99;56;0.8464688669891767;0.8257053228498462;1.228888888888889;5.077088623495466;59;98;0.12645961702521136;True;ok;7;0.21;0.65;2
100;3730;74.6;99;50;0.8330193110537043;0.8128889823380993;1.2464646464646465;5.3105663635072595;61;84;0.12401230818480846;True;ok;8;0.21;0.65;2
100;3874;77.48;99;52;0.8541386694459878;0.835603528395102;1.2173737373737374;4.9608668199250445;61;91;0.14689549572230332;True;ok;9;0.21;0.65;2
100;3699;73.98;99;50;0.8354439415213494;0.8108113866871218;1.2527272727272727;5.291113779410725;61;81;0.12518600308859773;True;ok;0;0.21;0.7;2
100;4124;82.48;99;63;0.8875824718131028;0.8727492562759869;1.1668686868686868;4.902049445435226;63;100;0.171414907541397;True;ok;1;0.21;0.7;2
100;4169;83.38;99;61;0.8862441452766232;0.875488044686369;1.1577777777777778;5.005000477918149;65;96;0.18543809265889188;True;ok;2;0.21;0.7;2
100;3708;74.16;99;50;0.8320724668400539;0.8103291211030963;1.250909090909091;5.08426220859765;59;89;0.12076095552306298;True;ok;3;0.21;0.7;2
100;3606;72.12;99;44;0.8242564082841279;0.798029281792617;1.2715151515151515;4.692396212135362;56;88;0.12199078211207293;True;ok;4;0.21;0.7;2
100;4014;80.28;99;57;0.8658769188717986;0.8524928247526146;1.1890909090909092;6.5498318034287895;71;75;0.1580275434675632;True;ok;5;0.21;0.7;2
100;3961;79.22;99;58;0.8643239807160061;0.847472907236632;1.1997979797979799;5.371655234517189;64;89;0.14851389665336023;True;ok;6;0.21;0.7;2
100;3870;77.4;99;57;0.8531128157374542;0.8332946881990824;1.2181818181818183;5.36323674344704;61;97;0.12702315070223602;True;ok;7;0.21;0.7;2
100;3779;75.58;99;51;0.8382601193167392;0.8191615291453126;1.2365656565656566;5.454040624325968;62;85;0.1243784589666811;True;ok;8;0.21;0.7;2
100;3916;78.32;99;55;0.8593490071006271;0.8414318408469073;1.208888888888889;5.015931093305834;62;90;0.15268208724712407;True;ok;9;0.21;0.7;2
100;3745;74.9;99;51;0.8396170135451538;0.8163711052388509;1.2434343434343433;4.998719914206073;59;90;0.12622779909654824;True;ok;0;0.21;0.75;2
100;4153;83.06;99;63;0.8908336072944978;0.8767226796953487;1.161010101010101;5.532231198232997;67;93;0.17160739613034637;True;ok;1;0.21;0.75;2
100;4221;84.42;99;63;0.8927900120040653;0.8829008186222643;1.1472727272727272;5.314894647672381;67;96;0.18550890953658716;True;ok;2;0.21;0.75;2
100;3768;75.36;99;51;0.8384938195758349;0.8183600804995098;1.2387878787878788;4.9480852601427365;59;92;0.12957965778212244;True;ok;3;0.21;0.75;2
100;3662;73.24;99;48;0.8311940717473482;0.8054009914584267;1.26020202020202;5.011629592485254;59;83;0.12538717893256068;True;ok;4;0.21;0.75;2
100;4062;81.24;99;59;0.870891794907924;0.8588905622640267;1.1793939393939394;6.373879915098147;71;77;0.1675468116237221;True;ok;5;0.21;0.75;2
100;4009;80.18;99;60;0.8695412610334643;0.8537669565856302;1.19010101010101;5.551998569223932;65;91;0.14731618212374908;True;ok;6;0.21;0.75;2
100;3917;78.34;99;58;0.858870129963472;0.8398237716693804;1.2086868686868686;5.177196017531106;61;98;0.13937751405221865;True;ok;7;0.21;0.75;2
100;3821;76.42;99;55;0.8429995139076878;0.8247903356640544;1.228080808080808;5.219832216311221;61;90;0.12958259367092784;True;ok;8;0.21;0.75;2
100;3943;78.86;99;57;0.8620413460709726;0.8449122231026395;1.2034343434343435;5.006322520792671;62;92;0.1533701944928777;True;ok;9;0.21;0.75;2
100;3789;75.78;99;52;0.8445361810513748;0.8224094510133125;1.2345454545454546;5.273813800104191;62;83;0.13532408620091607;True;ok;0;0.21;0.8;2
100;4181;83.62;99;63;0.8946636484001982;0.8809334716338014;1.1553535353535354;5.302798173801089;66;97;0.17470882871103255;True;ok;1;0.21;0.8;2
100;4269;85.38;99;64;0.8985368428923127;0.8896156299927477;1.1375757575757577;5.667884546693308;69;96;0.1854131655483835;True;ok;2;0.21;0.8;2
100;3814;76.28;99;53;0.8432248404131752;0.8243350996719657;1.2294949494949494;5.65013796593277;64;81;0.1315246291065283;True;ok;3;0.21;0.8;2
100;3713;74.26;99;50;0.838391925692875;0.813251994765061;1.2498989898989898;4.825059791049759;58;89;0.12935808333869547;True;ok;4;0.21;0.8;2
100;4092;81.84;99;60;0.8748075718189097;0.8633100535975312;1.1733333333333333;6.584213998396201;72;77;0.16892274763499382;True;ok;5;0.21;0.8;2
100;4040;80.8;99;62;0.872372574005137;0.8576125648759545;1.183838383838384;5.354412441972496;64;96;0.1496352212647909;True;ok;6;0.21;0.8;2
100;3960;79.2;99;60;0.8642192275313206;0.84598012505513;1.2;5.313894366232172;62;99;0.14288897903911446;True;ok;7;0.21;0.8;2
100;3884;77.68;99;57;0.849721055319042;0.8330687865107141;1.2153535353535354;5.52471576743627;63;90;0.12936670718800536;True;ok;8;0.21;0.8;2
100;3977;79.54;99;57;0.8664056968763616;0.8498852081631132;1.1965656565656566;5.123550607189925;63;92;0.15508475090637552;True;ok;9;0.21;0.8;2
100;3825;76.5;99;52;0.8485762046881304;0.8273543948704248;1.2272727272727273;5.398863376126014;63;83;0.13693884942154733;True;ok;0;0.21;0.85;2
100;4200;84.0;99;65;0.8964175343350762;0.8833963173948147;1.1515151515151516;5.084664786035452;65;100;0.17932570333729725;True;ok;1;0.21;0.85;2
100;4299;85.98;99;66;0.9023379586968567;0.8938543878201765;1.1315151515151516;5.790554366196585;70;95;0.19003936773218189;True;ok;2;0.21;0.85;2
100;3848;76.96;99;55;0.8460546883641912;0.8283819312454884;1.2226262626262627;5.536407264255346;64;82;0.13821461264681434;True;ok;3;0.21;0.85;2
100;3754;75.08;99;50;0.8435056145803849;0.8191300212946309;1.2416161616161616;4.79227196600092;58;92;0.13164584037327653;True;ok;4;0.21;0.85;2
100;4138;82.76;99;60;0.8798358714367321;0.8694012149262367;1.164040404040404;7.1768094665971205;74;77;0.1656646395233673;True;ok;5;0.21;0.85;2
100;4074;81.48;99;63;0.8757888487814556;0.8620590202928715;1.176969696969697;5.277698691755011;64;98;0.15472755063606802;True;ok;6;0.21;0.85;2
100;3994;79.88;99;61;0.868075134884362;0.8506927766488084;1.193131313131313;4.927044082288987;61;100;0.1493212380761324;True;ok;7;0.21;0.85;2
100;3918;78.36;99;58;0.8540728687185398;0.8378470033816533;1.2084848484848485;5.613785964468791;64;89;0.13447070046371012;True;ok;8;0.21;0.85;2
100;4019;80.38;99;58;0.8706419287604941;0.85521760331586;1.188080808080808;5.211568513712751;64;92;0.15925620339510993;True;ok;9;0.21;0.85;2
100;3859;77.18;99;53;0.8521866481857947;0.832024627758138;1.2204040404040404;5.3844594433141975;63;86;0.13783327946169788;True;ok;0;0.21;0.9;2
100;4237;84.74;99;65;0.9005198288911318;0.8885118357887767;1.144040404040404;5.411720334389824;67;99;0.17862694519414146;True;ok;1;0.21;0.9;2
100;4337;86.74;99;66;0.9074416791859865;0.8995069432865683;1.1238383838383839;5.735403681457144;70;98;0.19370721804707236;True;ok;2;0.21;0.9;2
100;3884;77.68;99;55;0.850805007065662;0.8336152605007027;1.2153535353535354;5.049151174202937;61;93;0.1407478619258009;True;ok;3;0.21;0.9;2
100;3795;75.9;99;50;0.8487499402612501;0.8246389337150497;1.2333333333333334;4.89586399113713;59;92;0.13312980372194538;True;ok;4;0.21;0.9;2
100;4180;83.6;99;62;0.8849320946449386;0.8753367607940883;1.1555555555555554;7.25021743755184;75;76;0.17635456769974722;True;ok;5;0.21;0.9;2
100;4106;82.12;99;63;0.8795847049595538;0.8665098043812046;1.1705050505050505;5.172238986339526;64;99;0.16201213395255099;True;ok;6;0.21;0.9;2
100;4027;80.54;99;62;0.8717969218380085;0.8552516650289332;1.1864646464646464;5.043474761217539;62;100;0.1581637907390291;True;ok;7;0.21;0.9;2
100;3962;79.24;99;59;0.8598515018787452;0.844179358824156;1.1995959595959595;5.326400818397806;63;94;0.14149812551002072;True;ok;8;0.21;0.9;2
100;4054;81.08;99;59;0.8744725464430811;0.8600092375428137;1.181010101010101;5.4734507821432095;66;89;0.16302883287767767;True;ok;9;0.21;0.9;2
100;3892;77.84;99;55;0.8556701785706682;0.8364034506069614;1.2137373737373738;5.1487214631816345;62;90;0.143482623246468;True;ok;0;0.21;0.95;2
100;4261;85.22;99;66;0.903119575470548;0.8917552937321666;1.139191919191919;5.297019959747566;67;99;0.18680806056645927;True;ok;1;0.21;0.95;2
100;4363;87.26;99;67;0.910700344736311;0.9033712100390284;1.1185858585858586;5.918233810978539;71;98;0.1949489565846554;True;ok;2;0.21;0.95;2
100;3929;78.58;99;58;0.8558115758480618;0.8396140188850496;1.2062626262626264;5.763499095041238;66;82;0.1449403971009181;True;ok;3;0.21;0.95;2
100;3823;76.46;99;53;0.8516848889504955;0.8281492535324801;1.2276767676767677;4.998428848193273;60;91;0.1365671587319608;True;ok;4;0.21;0.95;2
100;4219;84.38;99;63;0.8895730768136864;0.8807294137344086;1.1476767676767676;7.110874098355194;75;78;0.18331072997689768;True;ok;5;0.21;0.95;2
100;4149;82.98;99;65;0.8843809891044724;0.8723856227938048;1.1618181818181819;5.881982767312825;68;93;0.1598160170403794;True;ok;6;0.21;0.95;2
100;4053;81.06;99;63;0.8746174659763013;0.858806217069969;1.1812121212121212;5.197223118878579;63;100;0.1562093630411241;True;ok;7;0.21;0.95;2
100;4000;80.0;99;60;0.8642195705342316;0.8493417529865765;1.1919191919191918;5.433233902650345;64;94;0.14457749406874865;True;ok;8;0.21;0.95;2
100;4093;81.86;99;60;0.8788933416373377;0.8653723742838956;1.173131313131313;5.451553124347553;66;92;0.16448276787669502;True;ok;9;0.21;0.95;2
100;3916;78.32;99;56;0.8583287994763809;0.8396220381798996;1.208888888888889;5.219742168403797;63;88;0.1484865813428553;True;ok;0;0.21;1.0;2
100;4289;85.78;99;66;0.9063676471099644;0.8958008450111427;1.1335353535353536;5.695457488836386;69;98;0.1858461145874294;True;ok;1;0.21;1.0;2
100;4391;87.82;99;70;0.9142799424124286;0.9074249858390645;1.1129292929292929;6.108787746792385;72;98;0.1988948164371933;True;ok;2;0.21;1.0;2
100;3955;79.1;99;58;0.8588363297236355;0.8431982535992778;1.201010101010101;6.303109837948381;69;76;0.14741649127936574;True;ok;3;0.21;1.0;2
100;3850;77.0;99;54;0.8546379830265494;0.8317326818939526;1.2222222222222223;4.80669446775752;59;95;0.13941808110935594;True;ok;4;0.21;1.0;2
100;4257;85.14;99;66;0.8939521718346723;0.885944833264718;1.14;7.898360824837609;77;78;0.1766371577305207;True;ok;5;0.21;1.0;2
100;4178;83.56;99;65;0.8882584770813408;0.8766887003886635;1.1559595959595959;6.005018335197322;69;92;0.16416579549768573;True;ok;6;0.21;1.0;2
100;4080;81.6;99;63;0.878142357286572;0.8627954748613273;1.1757575757575758;5.07654601663204;63;100;0.15841483387722943;True;ok;7;0.21;1.0;2
100;4035;80.7;99;62;0.8680876463395069;0.8541185235887201;1.1848484848484848;5.757702281110748;66;91;0.14528146651778395;True;ok;8;0.21;1.0;2
100;4130;82.6;99;62;0.883430589837307;0.870766082871311;1.1656565656565656;5.95139479926794;69;87;0.16737481143726274;True;ok;9;0.21;1.0;2
100;3017;60.34;79;36;0.713801518097633;0.7057990754941602;1.3905050505050505;22.59571031983922;70;31;0.1654402197254507;True;ok;0;0.26;0.0;2
100;3261;65.22;83;37;0.7525798788239888;0.7484657230136961;1.3412121212121213;32.77411093333459;77;25;0.17634591174674388;True;ok;1;0.26;0.0;2
100;3444;68.88;86;33;0.7860076858082489;0.7822858755814096;1.3042424242424242;25.288484007825968;77;48;0.14645560219012083;True;ok;2;0.26;0.0;2
100;3088;61.76;82;32;0.7183819155958736;0.712418401518542;1.3761616161616161;18.220868032773737;70;31;0.15970204319819226;True;ok;3;0.26;0.0;2
100;2892;57.84;80;35;0.6970259207940752;0.6930082684116375;1.4157575757575758;29.89535150037735;70;24;0.16959681234681687;True;ok;4;0.26;0.0;2
100;3281;65.62;88;37;0.7488906119177544;0.7464434956395349;1.3371717171717172;21.234069015374686;74;38;0.1314607087882239;True;ok;5;0.26;0.0;2
100;3212;64.24;84;35;0.7423604120757943;0.7382971578305104;1.3511111111111112;22.802275549316473;75;25;0.13475967335041056;True;ok;6;0.26;0.0;2
100;3098;61.96;81;37;0.718388370808885;0.7156467234142386;1.374141414141414;3.911002976772478;44;95;0.18193753624300707;True;ok;7;0.26;0.0;2
100;3098;61.96;81;32;0.7188281860127366;0.7170287251769526;1.374141414141414;27.724914586401418;72;31;0.21154130898601356;True;ok;8;0.26;0.0;2
100;3235;64.7;83;28;0.7491011512511102;0.7451777121736907;1.3468686868686868;29.712383810523264;76;25;0.15293791740493848;True;ok;9;0.26;0.0;2
100;3121;62.42;89;38;0.7318194806703208;0.7227447370527496;1.3694949494949495;21.29173505626381;72;35;0.14285714285714285;True;ok;0;0.26;0.05;2
100;3384;67.68;86;38;0.7706120166390901;0.7652550508821709;1.3163636363636364;29.417604139875326;79;27;0.17525698115578286;True;ok;1;0.26;0.05;2
100;3549;70.98;90;38;0.8006050458482394;0.7951687086924594;1.283030303030303;28.70895548508809;80;41;0.17601809757111736;True;ok;2;0.26;0.05;2
100;3194;63.88;86;33;0.7350469579902084;0.7286221051518443;1.3547474747474748;19.966529769323873;73;31;0.12903225806451613;True;ok;3;0.26;0.05;2
100;3000;60.0;81;36;0.7121346998662514;0.7063305121915561;1.393939393939394;29.595640995952863;73;24;0.16332874580890633;True;ok;4;0.26;0.05;2
100;3414;68.28;93;40;0.7683097013154142;0.7637507406426888;1.3103030303030303;22.842222343405638;78;31;0.14420532977766698;True;ok;5;0.26;0.05;2
100;3332;66.64;87;36;0.7596950321178331;0.7548533645592133;1.326868686868687;19.132318296762172;76;30;0.13880579691474326;True;ok;6;0.26;0.05;2
100;3221;64.42;84;41;0.7377320532078617;0.7330585302283416;1.3492929292929292;23.4702270039856;74;39;0.14307966077924672;True;ok;7;0.26;0.05;2
100;3212;64.24;85;33;0.7369484334200354;0.7332909790014176;1.3511111111111112;22.882404233717743;74;33;0.12121212121212122;True;ok;8;0.26;0.05;2
100;3349;66.98;86;30;0.7656294510977975;0.760703855647881;1.3234343434343434;32.21727959749958;78;30;0.16666666666666666;True;ok;9;0.26;0.05;2
100;3242;64.84;94;40;0.7495773503663361;0.7390977548264966;1.345050505050505;17.516807944120547;74;34;0.09156310043340204;True;ok;0;0.26;0.1;2
100;3524;70.48;90;40;0.7920355043657696;0.7854809408779058;1.2880808080808082;21.44843137011787;80;34;0.16115515934072172;True;ok;1;0.26;0.1;2
100;3656;73.12;91;42;0.815398158837059;0.8086563859752957;1.2614141414141413;25.560002120842647;82;37;0.12234127680707457;True;ok;2;0.26;0.1;2
100;3296;65.92;90;37;0.7519405085554206;0.7441243366186505;1.334141414141414;18.25896812567356;75;31;0.12903225806451613;True;ok;3;0.26;0.1;2
100;3113;62.26;86;37;0.729219577773588;0.7218046247660448;1.3711111111111112;29.231935955326456;76;23;0.13469623374607131;True;ok;4;0.26;0.1;2
100;3532;70.64;99;43;0.78651823200797;0.7801186931950022;1.2864646464646465;20.121041783418164;80;32;0.125;True;ok;5;0.26;0.1;2
100;3458;69.16;93;41;0.7782244347826057;0.7715819384847195;1.3014141414141414;19.096604737261455;80;23;0.13852121179730514;True;ok;6;0.26;0.1;2
100;3332;66.64;88;43;0.75526933623257;0.7488146218709991;1.326868686868687;19.761269218594983;77;30;0.1483432955192775;True;ok;7;0.26;0.1;2
100;3329;66.58;88;35;0.7567237990643564;0.7508804759424844;1.3274747474747475;14.532147192985983;74;39;0.15129309329429474;True;ok;8;0.26;0.1;2
100;3468;69.36;94;32;0.7832042828979553;0.7773502660448807;1.2993939393939393;16.575800854985957;76;47;0.18848973049079526;True;ok;9;0.26;0.1;2
100;3357;67.14;99;44;0.7682578465963261;0.7563457268859738;1.3218181818181818;15.53046292415219;77;30;0.1;True;ok;0;0.26;0.15;2
100;3678;73.56;95;44;0.81555078857957;0.8067268038432661;1.256969696969697;15.07835410287848;80;43;0.11160640190521487;True;ok;1;0.26;0.15;2
100;3749;74.98;97;44;0.8276571895320183;0.8199305146584799;1.2426262626262625;23.76382893601173;85;25;0.12;True;ok;2;0.26;0.15;2
100;3403;68.06;95;41;0.7704169910136777;0.7608798686460043;1.3125252525252524;13.611609280362176;75;36;0.09828174742252774;True;ok;3;0.26;0.15;2
100;3199;63.98;94;37;0.7434442796063478;0.7340758341229745;1.3537373737373737;14.619806192659187;75;25;0.12942985518119188;True;ok;4;0.26;0.15;2
100;3655;73.1;99;46;0.8055912306164973;0.798261618026793;1.2616161616161616;18.923714538130348;84;23;0.11903155331906368;True;ok;5;0.26;0.15;2
100;3561;71.22;97;43;0.7951204200016332;0.7870960510499484;1.2806060606060605;14.359088444046602;77;45;0.13170743931465245;True;ok;6;0.26;0.15;2
100;3435;68.7;94;45;0.7723727877766079;0.7645526063159994;1.3060606060606061;30.524999978673954;83;20;0.14784214839608648;True;ok;7;0.26;0.15;2
100;3446;68.92;94;38;0.776498207001954;0.7683678892015143;1.3038383838383838;12.759139853356098;76;37;0.1046114348113456;True;ok;8;0.26;0.15;2
100;3571;71.42;96;33;0.7982967268718038;0.7911918469734919;1.2785858585858585;25.268683839395187;82;31;0.12903225806451613;True;ok;9;0.26;0.15;2
100;3453;69.06;99;45;0.7832584941036952;0.7702425628916018;1.3024242424242425;16.63721636025716;82;21;0.09711608126694116;True;ok;0;0.26;0.2;2
100;3795;75.9;98;46;0.8330941311416764;0.823309926228361;1.2333333333333334;20.504388785847773;87;25;0.11808581049899469;True;ok;1;0.26;0.2;2
100;3837;76.74;97;46;0.8388980248286656;0.8310830422467547;1.2248484848484849;19.74964782529283;83;49;0.09908304399970036;True;ok;2;0.26;0.2;2
100;3502;70.04;98;42;0.7859961482588005;0.7752569075132952;1.2925252525252526;13.889160196155103;78;33;0.10010926486857774;True;ok;3;0.26;0.2;2
100;3294;65.88;99;38;0.7604226928328974;0.7482759549593233;1.3345454545454545;11.492913412470413;73;36;0.08963806578482136;True;ok;4;0.26;0.2;2
100;3758;75.16;99;48;0.8214767150467476;0.8131852430107827;1.2408080808080808;22.033852249759196;87;23;0.11914709651172622;True;ok;5;0.26;0.2;2
100;3675;73.5;99;47;0.8133906898195196;0.8034573250074512;1.2575757575757576;11.694066913195126;77;50;0.10564568129105645;True;ok;6;0.26;0.2;2
100;3537;70.74;96;49;0.7887617592683711;0.779233772093297;1.2854545454545454;12.793699609538788;78;37;0.14826890905117912;True;ok;7;0.26;0.2;2
100;3557;71.14;98;39;0.7953086656328261;0.7850950993930813;1.2814141414141413;10.451443526724843;76;40;0.12777623974757824;True;ok;8;0.26;0.2;2
100;3675;73.5;99;38;0.8142432568844566;0.8053708811148207;1.2575757575757576;18.137059676057582;82;37;0.10810810810810811;True;ok;9;0.26;0.2;2
100;3552;71.04;99;46;0.7994993708704702;0.7852162703098203;1.2824242424242425;8.3089406435658;71;54;0.10654460029713853;True;ok;0;0.26;0.25;2
100;3913;78.26;99;52;0.8506640660570514;0.8399903467138605;1.2094949494949494;18.995477919165133;88;31;0.13039221629880232;True;ok;1;0.26;0.25;2
100;3925;78.5;98;49;0.8500889732473064;0.8420886015233783;1.207070707070707;21.71692606978311;86;40;0.125;True;ok;2;0.26;0.25;2
100;3588;71.76;99;43;0.8005477014219651;0.7890411898267375;1.2751515151515151;9.34212587329311;72;55;0.1388338548050977;True;ok;3;0.26;0.25;2
100;3383;67.66;99;40;0.7747037392489063;0.7613116680718428;1.3165656565656565;12.228982913763552;77;30;0.08314110089351784;True;ok;4;0.26;0.25;2
100;3853;77.06;99;50;0.835890876675369;0.8272120366679953;1.2216161616161616;22.42128064480068;89;23;0.11713145687043641;True;ok;5;0.26;0.25;2
100;3772;75.44;99;49;0.8277707412881908;0.81715524124558;1.237979797979798;10.965866591347481;78;51;0.1243699523081005;True;ok;6;0.26;0.25;2
100;3654;73.08;97;50;0.8079271767989273;0.7969572655861955;1.2618181818181817;11.381587283479949;79;39;0.14989620855560637;True;ok;7;0.26;0.25;2
100;3645;72.9;99;42;0.8097731404829049;0.7981736607521391;1.2636363636363637;10.197838382820539;78;38;0.11765015754726216;True;ok;8;0.26;0.25;2
100;3761;75.22;99;42;0.8273134549179594;0.817069700292905;1.2402020202020203;12.89588706955287;81;41;0.16166876946180153;True;ok;9;0.26;0.25;2
100;3634;72.68;99;49;0.8130380300054384;0.7978170593591082;1.2658585858585858;7.720054399795747;71;57;0.12769116709574435;True;ok;0;0.26;0.3;2
100;4002;80.04;99;52;0.8630481572875175;0.8527080886636643;1.1915151515151514;20.898116102026037;90;32;0.15009407370237726;True;ok;1;0.26;0.3;2
100;4021;80.42;99;51;0.863301806902535;0.8548842410133265;1.1876767676767677;16.351014063350462;85;50;0.12903395756430558;True;ok;2;0.26;0.3;2
100;3681;73.62;99;48;0.8140562449527128;0.802025542284011;1.2563636363636363;8.105968060352122;71;61;0.10450330184388501;True;ok;3;0.26;0.3;2
100;3472;69.44;99;44;0.788090111554676;0.7738911890047716;1.2985858585858585;12.851154233817027;80;27;0.08769281549721819;True;ok;4;0.26;0.3;2
100;3919;78.38;99;53;0.8460814989101294;0.8371971917913902;1.2082828282828282;10.89627696604874;80;52;0.14347303223599273;True;ok;5;0.26;0.3;2
100;3856;77.12;99;53;0.8409531414653383;0.8297876567409797;1.221010101010101;10.34149330832767;79;51;0.14214745699551323;True;ok;6;0.26;0.3;2
100;3754;75.08;99;54;0.8239251997384238;0.8121341101768831;1.2416161616161616;9.840389624357545;79;42;0.1469380402934921;True;ok;7;0.26;0.3;2
100;3731;74.62;99;44;0.823175937151442;0.810800239613799;1.2462626262626262;5.746513809953653;64;77;0.1297316816197896;True;ok;8;0.26;0.3;2
100;3846;76.92;99;45;0.8407851830260314;0.8297433135882247;1.2230303030303031;12.915083568272808;83;39;0.12240967060562702;True;ok;9;0.26;0.3;2
100;3725;74.5;99;51;0.826227347698453;0.8108534463591864;1.2474747474747474;7.141039172019473;71;59;0.1298303219137642;True;ok;0;0.26;0.35;2
100;4069;81.38;99;56;0.8722085544359856;0.8621076969954056;1.177979797979798;28.271624108937264;93;28;0.1888217764848492;True;ok;1;0.26;0.35;2
100;4104;82.08;99;55;0.874743425189589;0.8664194968202119;1.170909090909091;13.372206955514226;84;57;0.15920704863873675;True;ok;2;0.26;0.35;2
100;3747;74.94;99;48;0.8242415701708806;0.8123469763043135;1.243030303030303;7.710464517460664;71;64;0.10743957917329527;True;ok;3;0.26;0.35;2
100;3555;71.1;99;44;0.8015812966870384;0.7869038607115821;1.2818181818181817;11.597427691324018;79;35;0.12180452414838339;True;ok;4;0.26;0.35;2
100;3988;79.76;99;54;0.8560051092578237;0.847184136400097;1.1943434343434343;11.768763620130292;83;45;0.1498216800293085;True;ok;5;0.26;0.35;2
100;3927;78.54;99;55;0.8501451558522084;0.8389655668751099;1.2066666666666668;10.668749986297957;81;48;0.15547532362644928;True;ok;6;0.26;0.35;2
100;3842;76.84;99;57;0.8371124091800718;0.8252449533112484;1.223838383838384;5.21158368697638;62;87;0.15172069202012473;True;ok;7;0.26;0.35;2
100;3791;75.82;99;46;0.8312312411201563;0.8189305054151624;1.2341414141414142;5.4370671180895815;62;88;0.12915883826812058;True;ok;8;0.26;0.35;2
100;3933;78.66;99;50;0.853635104478437;0.8423846754032579;1.2054545454545456;13.734992492524782;85;39;0.14668595937248607;True;ok;9;0.26;0.35;2
100;3804;76.08;99;54;0.8381622022619122;0.8228863072564356;1.2315151515151515;7.546206940913449;73;59;0.13609935834414388;True;ok;0;0.26;0.4;2
100;4136;82.72;99;60;0.8809986745244843;0.8714193839949941;1.1644444444444444;5.8233699536326125;69;87;0.1752922104247867;True;ok;1;0.26;0.4;2
100;4175;83.5;99;59;0.8837678111910782;0.8760379292670425;1.1565656565656566;13.065135765710593;85;56;0.1800356623559563;True;ok;2;0.26;0.4;2
100;3826;76.52;99;50;0.8349820939208178;0.8232326631711437;1.227070707070707;7.548576262512995;72;64;0.12629447521718584;True;ok;3;0.26;0.4;2
100;3625;72.5;99;46;0.8123036402484781;0.7971092634459781;1.2676767676767677;12.472626814141785;83;28;0.13233933141667098;True;ok;4;0.26;0.4;2
100;4057;81.14;99;56;0.8661339410266479;0.8574819637409518;1.1804040404040403;11.302794191011126;83;49;0.162647702114447;True;ok;5;0.26;0.4;2
100;4000;80.0;99;56;0.8601785210688675;0.8495826975468422;1.1919191919191918;5.373795270686568;64;94;0.16670434769087022;True;ok;6;0.26;0.4;2
100;3921;78.42;99;59;0.8484511052537737;0.8368686009837359;1.2078787878787878;5.2960101845065095;62;96;0.14587522332719322;True;ok;7;0.26;0.4;2
100;3866;77.32;99;49;0.8403329791766629;0.8288177826998379;1.218989898989899;5.68516280843387;64;87;0.1335536781965005;True;ok;8;0.26;0.4;2
100;3993;79.86;99;53;0.8615415428784148;0.8505710836660786;1.1933333333333334;9.540844215156099;80;53;0.1637296651977339;True;ok;9;0.26;0.4;2
100;3866;77.32;99;54;0.8464075539105655;0.8315102137439215;1.218989898989899;7.4867764149474905;74;58;0.15137317509369597;True;ok;0;0.26;0.45;2
100;4196;83.92;99;62;0.8895880078584837;0.8804802773432545;1.1523232323232324;6.198936641027168;71;87;0.17757994855885417;True;ok;1;0.26;0.45;2
100;4249;84.98;99;61;0.8938858946009687;0.8867403771464458;1.1416161616161615;24.369854010204104;92;38;0.18451606622851358;True;ok;2;0.26;0.45;2
100;3881;77.62;99;53;0.8437845406111958;0.831917177813709;1.215959595959596;8.62264418540705;75;61;0.12216221027094432;True;ok;3;0.26;0.45;2
100;3715;74.3;99;47;0.8248748053912704;0.8099895698077865;1.2494949494949494;5.296314183324701;61;84;0.136128280820207;True;ok;4;0.26;0.45;2
100;4122;82.44;99;56;0.874797767359953;0.8668116788321167;1.1672727272727272;10.165535577403194;82;54;0.1778539753788222;True;ok;5;0.26;0.45;2
100;4063;81.26;99;59;0.8688469222723145;0.8587506409929618;1.1791919191919191;5.182491857482071;64;96;0.16128912372714033;True;ok;6;0.26;0.45;2
100;3977;79.54;99;59;0.8564265948563079;0.8451147540983607;1.1965656565656566;5.3753497695509305;63;97;0.13840196927839865;True;ok;7;0.26;0.45;2
100;3922;78.44;99;53;0.8482218055448425;0.8372171336206896;1.2076767676767677;5.711944682122296;65;87;0.1419958075597515;True;ok;8;0.26;0.45;2
100;4047;80.94;99;54;0.8690957399628302;0.8584166661637528;1.1824242424242424;7.158907826740773;74;70;0.16974112229044247;True;ok;9;0.26;0.45;2
100;3905;78.1;99;55;0.8517858376774515;0.8371935505720174;1.211111111111111;5.225979093859352;63;88;0.15128788068103088;True;ok;0;0.26;0.5;2
100;4239;84.78;99;64;0.8955142051252579;0.886763449570504;1.1436363636363636;6.553133122342166;73;84;0.18418403920034465;True;ok;1;0.26;0.5;2
100;4297;85.94;99;62;0.9005725523453725;0.8938067178166421;1.131919191919192;28.257255187936185;93;40;0.19008118513224181;True;ok;2;0.26;0.5;2
100;3941;78.82;99;55;0.8516592764065447;0.8404471447783829;1.203838383838384;8.246475126573902;75;63;0.1337408276858999;True;ok;3;0.26;0.5;2
100;3788;75.76;99;49;0.835706961904059;0.8204967925727051;1.2347474747474747;5.570718980071816;63;84;0.12871003600851327;True;ok;4;0.26;0.5;2
100;4173;83.46;99;59;0.8815425265976864;0.8741027513722626;1.156969696969697;7.185796214675362;74;81;0.18061758116662907;True;ok;5;0.26;0.5;2
100;4115;82.3;99;61;0.8765684038479311;0.8667148618826573;1.1686868686868688;5.697958791709669;67;93;0.16130279381701834;True;ok;6;0.26;0.5;2
100;4035;80.7;99;62;0.8648582583336457;0.8539548700440729;1.1848484848484848;5.790615240261452;66;92;0.14335555640464837;True;ok;7;0.26;0.5;2
100;3983;79.66;99;56;0.8561083208903595;0.8459257228656694;1.1953535353535354;6.1302983318695485;68;82;0.1455839532176595;True;ok;8;0.26;0.5;2
100;4099;81.98;99;57;0.8765524950451103;0.8660126291483572;1.171919191919192;5.552333516670676;67;90;0.17208770245598864;True;ok;9;0.26;0.5;2
100;3942;78.84;99;56;0.8567747369315707;0.8425950570342206;1.2036363636363636;4.918767941130618;61;96;0.15068649558843555;True;ok;0;0.26;0.55;2
100;4273;85.46;99;65;0.9000412899321023;0.8917392962196318;1.1367676767676769;5.811762782930946;70;93;0.1886474426287491;True;ok;1;0.26;0.55;2
100;4348;86.96;99;66;0.9074867866307207;0.9013403948916238;1.1216161616161615;5.598817322401533;70;97;0.21969133317833967;True;ok;2;0.26;0.55;2
100;3985;79.7;99;57;0.8573796301703429;0.8467573954548426;1.194949494949495;6.5217661850537345;70;77;0.1495390268056509;True;ok;3;0.26;0.55;2
100;3853;77.06;99;51;0.8454935489215564;0.8301756450344084;1.2216161616161616;5.6412894310169985;64;85;0.1320755450733494;True;ok;4;0.26;0.55;2
100;4221;84.42;99;60;0.8882465005134;0.8812961691150606;1.1472727272727272;8.122845238369127;77;77;0.16776617949832484;True;ok;5;0.26;0.55;2
100;4162;83.24;99;64;0.8838243042897544;0.8741623999175286;1.159191919191919;5.6637747253469355;67;97;0.1669342361910443;True;ok;6;0.26;0.55;2
100;4091;81.82;99;64;0.8729561251353546;0.8624530696654744;1.1735353535353534;5.74246433928075;66;97;0.1465079651179263;True;ok;7;0.26;0.55;2
100;4034;80.68;99;57;0.863221289050896;0.8532766997671011;1.1850505050505051;5.666913315390985;66;91;0.15072918759812692;True;ok;8;0.26;0.55;2
100;4129;82.58;99;58;0.8807480289866746;0.8704735901941705;1.165858585858586;5.893457016883685;69;87;0.1709125445122236;True;ok;9;0.26;0.55;2
100;3990;79.8;99;57;0.8624775815238303;0.8490550256650135;1.1939393939393939;5.924771952113591;67;85;0.14714694803942185;True;ok;0;0.26;0.6;2
100;4311;86.22;99;68;0.9053721742562503;0.8975219494426261;1.1290909090909091;5.827460017149003;70;97;0.18762379029867604;True;ok;1;0.26;0.6;2
100;4397;87.94;99;66;0.9144916657791132;0.9089545185755196;1.1117171717171717;5.460064962420973;70;99;0.22652327592491073;True;ok;2;0.26;0.6;2
100;4027;80.54;99;59;0.8629674452421492;0.8529007801340512;1.1864646464646464;6.681113196637337;71;77;0.15127905244585782;True;ok;3;0.26;0.6;2
100;3910;78.2;99;54;0.85365310235372;0.8389337018350098;1.2101010101010101;5.6390626889694655;65;85;0.14201752478450347;True;ok;4;0.26;0.6;2
100;4259;85.18;99;62;0.8936938612125087;0.8871007138367973;1.1395959595959595;7.517506594031929;76;81;0.19057097531150258;True;ok;5;0.26;0.6;2
100;4204;84.08;99;64;0.8895093344984801;0.8803547043849149;1.1507070707070708;5.752669295390538;68;97;0.16977501339329137;True;ok;6;0.26;0.6;2
100;4130;82.6;99;66;0.8784584381481;0.8683588880850063;1.1656565656565656;6.12412308905795;68;95;0.1486575160850092;True;ok;7;0.26;0.6;2
100;4074;81.48;99;59;0.8687195221105657;0.8589705711190495;1.176969696969697;6.324582027370495;69;87;0.14627817361958795;True;ok;8;0.26;0.6;2
100;4169;83.38;99;59;0.8855175737509121;0.8761039220441997;1.1577777777777778;5.681720544247984;68;93;0.1723012129492436;True;ok;9;0.26;0.6;2
100;4028;80.56;99;57;0.8680896393402681;0.8550308457953592;1.1862626262626264;5.809093483982849;67;87;0.1529566010127158;True;ok;0;0.26;0.65;2
100;4342;86.84;99;68;0.9092583341918814;0.9019686610514854;1.1228282828282827;6.299060983965443;72;96;0.1849803377899879;True;ok;1;0.26;0.65;2
100;4447;88.94;99;70;0.9211872505829287;0.9163792754707821;1.1016161616161617;5.757843018698219;72;98;0.22707874146093254;True;ok;2;0.26;0.65;2
100;4074;81.48;99;59;0.8696726038624949;0.8601738050529446;1.176969696969697;7.1071114920930265;73;75;0.15558001949388467;True;ok;3;0.26;0.65;2
100;3954;79.08;99;56;0.8602138953855765;0.845675323776756;1.2012121212121212;5.679200366287499;66;84;0.15402774750015813;True;ok;4;0.26;0.65;2
100;4306;86.12;99;65;0.8996245629493593;0.893740604991489;1.13010101010101;6.899811680744301;75;84;0.19437325714841602;True;ok;5;0.26;0.65;2
100;4235;84.7;99;66;0.89358519363289;0.8847780302610431;1.1444444444444444;5.590343498661998;68;97;0.17831765016371448;True;ok;6;0.26;0.65;2
100;4169;83.38;99;67;0.8839063310684798;0.8742722104253716;1.1577777777777778;5.790184439663339;67;100;0.15408999786730515;True;ok;7;0.26;0.65;2
100;4118;82.36;99;61;0.8735338558495189;0.8647620608131832;1.168080808080808;6.517683708442175;70;88;0.14770105406005085;True;ok;8;0.26;0.65;2
100;4208;84.16;99;61;0.8902970892712733;0.8815423443634324;1.14989898989899;6.027811041846214;70;91;0.17503610152487403;True;ok;9;0.26;0.65;2
100;4061;81.22;99;57;0.8726690156538517;0.8600606843008576;1.1795959595959595;5.374733822853788;65;94;0.16064768481476188;True;ok;0;0.26;0.7;2
100;4367;87.34;99;69;0.9126967414980962;0.9057740270740852;1.1177777777777778;6.406717676020968;73;94;0.192585933234799;True;ok;1;0.26;0.7;2
100;4481;89.62;99;70;0.925799704769962;0.9214554898657069;1.0947474747474748;5.8885105953230426;73;98;0.2255224344726272;True;ok;2;0.26;0.7;2
100;4118;82.36;99;61;0.8753604358222176;0.8664248522787106;1.168080808080808;7.344904542872577;74;76;0.15775459502285405;True;ok;3;0.26;0.7;2
100;3988;79.76;99;56;0.8648935056665146;0.8506562029045605;1.1943434343434343;5.791259393233823;67;83;0.15402534122841738;True;ok;4;0.26;0.7;2
100;4346;86.92;99;68;0.905420517918912;0.899948471996512;1.122020202020202;8.221776402845629;79;78;0.19597803202493025;True;ok;5;0.26;0.7;2
100;4273;85.46;99;67;0.8984871115107493;0.8902806539509537;1.1367676767676769;5.704844791448327;69;97;0.1829556036837381;True;ok;6;0.26;0.7;2
100;4198;83.96;99;68;0.8878534702804268;0.8785790942866881;1.151919191919192;5.968543106631983;68;100;0.15486465257834392;True;ok;7;0.26;0.7;2
100;4153;83.06;99;63;0.8789048034025569;0.8702991502199295;1.161010101010101;6.400897101119484;70;90;0.15380282701246062;True;ok;8;0.26;0.7;2
100;4249;84.98;99;63;0.8954929294993953;0.8873711865433656;1.1416161616161615;6.0947322821569205;71;90;0.18383941209606403;True;ok;9;0.26;0.7;2
100;4098;81.96;99;59;0.8769228026283156;0.8651959773534662;1.1721212121212121;5.889265001171807;68;89;0.16096840661140738;True;ok;0;0.26;0.75;2
100;4389;87.78;99;69;0.9160013229556684;0.9092745224463796;1.1133333333333333;6.371358012502772;73;96;0.1960168851230612;True;ok;1;0.26;0.75;2
100;4517;90.34;99;72;0.9308968187920399;0.9270253814085724;1.0874747474747475;6.0191086216600285;74;98;0.2378571632213653;True;ok;2;0.26;0.75;2
100;4161;83.22;99;62;0.8810692496192212;0.8726678234931379;1.1593939393939394;6.42489483640767;71;86;0.16472927775509427;True;ok;3;0.26;0.75;2
100;4017;80.34;99;58;0.8691790600239215;0.854942727297699;1.1884848484848485;5.555998204419846;66;87;0.15766254762561194;True;ok;4;0.26;0.75;2
100;4391;87.82;99;69;0.9114132611816838;0.9065150961441267;1.1129292929292929;8.089832954893863;79;81;0.21363872856061283;True;ok;5;0.26;0.75;2
100;4300;86.0;99;69;0.9020065530010908;0.8941474251093908;1.1313131313131313;6.407141785046222;72;93;0.18049771784398372;True;ok;6;0.26;0.75;2
100;4223;84.46;99;68;0.8915284193722958;0.8825111957756835;1.1468686868686868;5.819484848741066;68;100;0.16702825108413144;True;ok;7;0.26;0.75;2
100;4187;83.74;99;63;0.8838595565960924;0.875587426660242;1.1541414141414141;6.580444008343204;71;90;0.15642749673742828;True;ok;8;0.26;0.75;2
100;4291;85.82;99;63;0.9007050491338187;0.893397323239151;1.1331313131313132;6.273035861593794;72;91;0.18651978785145884;True;ok;9;0.26;0.75;2
100;4126;82.52;99;60;0.8802276000354652;0.869073343240783;1.1664646464646464;5.675104991709584;67;94;0.16117117253191382;True;ok;0;0.26;0.8;2
100;4414;88.28;99;70;0.9189269984689794;0.9128101841886781;1.1082828282828283;6.5335559334628055;74;95;0.19977415466320747;True;ok;1;0.26;0.8;2
100;4537;90.74;99;72;0.933670133700718;0.9300496688741722;1.0834343434343434;6.4532502562352585;76;95;0.2365097601957269;True;ok;2;0.26;0.8;2
100;4193;83.86;99;64;0.8850525405050194;0.8771515651859224;1.152929292929293;6.717145800127298;72;87;0.1619210494852642;True;ok;3;0.26;0.8;2
100;4048;80.96;99;59;0.8726837267431214;0.8591276349246949;1.1822222222222223;5.766995002975438;67;88;0.15549143053510817;True;ok;4;0.26;0.8;2
100;4419;88.38;99;69;0.915180734407128;0.9106360856582377;1.1072727272727272;6.0818908832301055;73;95;0.2126195299431064;True;ok;5;0.26;0.8;2
100;4324;86.48;99;70;0.9051815326276506;0.8976826106535427;1.1264646464646464;5.909716887423167;70;100;0.18234975744091786;True;ok;6;0.26;0.8;2
100;4253;85.06;99;69;0.8952141196004384;0.8868286005645789;1.1408080808080807;5.9870176860904865;69;100;0.1652360966384614;True;ok;7;0.26;0.8;2
100;4221;84.42;99;64;0.8883510638228885;0.8806090973802113;1.1472727272727272;6.945517227319072;73;86;0.16343111210696104;True;ok;8;0.26;0.8;2
100;4321;86.42;99;66;0.9041404838514413;0.8974133788906091;1.1270707070707071;6.272558926968873;72;94;0.18654811892871515;True;ok;9;0.26;0.8;2
100;4151;83.02;99;61;0.8837428440209932;0.8728869109225144;1.1614141414141415;5.649482819047907;67;96;0.16279155480344776;True;ok;0;0.26;0.85;2
100;4432;88.64;99;71;0.9212769421731715;0.9154496189282181;1.1046464646464647;6.89407404632908;75;96;0.19956165169618978;True;ok;1;0.26;0.85;2
100;4565;91.3;99;74;0.9378183559632062;0.9345052882359312;1.0777777777777777;6.139453629758511;75;99;0.2400578275841595;True;ok;2;0.26;0.85;2
100;4219;84.38;99;65;0.8886218200671974;0.8810047420381543;1.1476767676767676;6.676349449084784;72;89;0.16403841165177324;True;ok;3;0.26;0.85;2
100;4081;81.62;99;61;0.8770862795975154;0.8640362056394967;1.1755555555555555;6.113554548490635;69;85;0.15876395034715207;True;ok;4;0.26;0.85;2
100;4449;88.98;99;70;0.91985673310135;0.9155678692768161;1.1012121212121213;6.01763271621823;73;97;0.21682297637001846;True;ok;5;0.26;0.85;2
100;4352;87.04;99;70;0.9090126872435046;0.9019751857906666;1.1208080808080807;6.293467898182983;72;97;0.1853101070857992;True;ok;6;0.26;0.85;2
100;4281;85.62;99;70;0.8990819025273338;0.8910930602537859;1.1351515151515152;6.178369700729121;70;100;0.16613569778323967;True;ok;7;0.26;0.85;2
100;4246;84.92;99;65;0.8915387206092511;0.8841683278206948;1.1422222222222222;6.4293504469415215;71;94;0.1644854575731497;True;ok;8;0.26;0.85;2
100;4343;86.86;99;67;0.9070914784110653;0.9006409069997409;1.1226262626262626;7.285559032469388;76;85;0.18979380840107962;True;ok;9;0.26;0.85;2
100;4174;83.48;99;61;0.8867532737349545;0.8763045581289478;1.1567676767676767;5.74464800204074;68;94;0.16827640004807853;True;ok;0;0.26;0.9;2
100;4452;89.04;99;71;0.9235657522841342;0.9182617249076258;1.1006060606060606;6.740139114247724;75;96;0.20318369846117934;True;ok;1;0.26;0.9;2
100;4584;91.68;99;75;0.9405465471621384;0.9374579176834072;1.073939393939394;6.386354947650304;76;99;0.24072993261233622;True;ok;2;0.26;0.9;2
100;4242;84.84;99;65;0.8918540386437829;0.8845242276494714;1.143030303030303;6.501902439710826;72;89;0.1734091652055061;True;ok;3;0.26;0.9;2
100;4115;82.3;99;61;0.8818765427411589;0.8692862519913868;1.1686868686868688;6.089515893834271;69;88;0.1645906234826866;True;ok;4;0.26;0.9;2
100;4473;89.46;99;72;0.9230172332553326;0.9191000550578107;1.0963636363636364;6.233194898413535;74;97;0.21802484187564297;True;ok;5;0.26;0.9;2
100;4375;87.5;99;70;0.9120903132414792;0.9053580644656793;1.1161616161616161;6.200516181343521;72;98;0.19087743057042295;True;ok;6;0.26;0.9;2
100;4299;85.98;99;70;0.9014982742108764;0.8937504377010058;1.1315151515151516;6.061227778343093;70;100;0.17302034415990042;True;ok;7;0.26;0.9;2
100;4269;85.38;99;67;0.8945740605407131;0.8875247687114803;1.1375757575757577;6.392302378983866;71;96;0.16652382981673308;True;ok;8;0.26;0.9;2
100;4364;87.28;99;69;0.9095043954203287;0.9034300404351164;1.1183838383838385;6.139710269303341;72;96;0.19460957399161882;True;ok;9;0.26;0.9;2
100;4200;84.0;99;61;0.8903274173744928;0.8803054929110122;1.1515151515151516;5.704684395666767;68;96;0.17082141973448506;True;ok;0;0.26;0.95;2
100;4472;89.44;99;71;0.9260070662660986;0.9211091100105058;1.0965656565656565;7.048750054309389;76;96;0.20271825004184463;True;ok;1;0.26;0.95;2
100;4599;91.98;99;76;0.942838039680568;0.9399350302662145;1.0709090909090908;6.344086748853508;76;100;0.24343521146975744;True;ok;2;0.26;0.95;2
100;4275;85.5;99;66;0.896202951606944;0.8894215961775905;1.1363636363636365;6.321602382551662;72;90;0.1836572308952884;True;ok;3;0.26;0.95;2
100;4144;82.88;99;62;0.8853944289758507;0.8733173429928044;1.1628282828282828;5.905544756704423;69;88;0.1701683352857124;True;ok;4;0.26;0.95;2
100;4499;89.98;99;74;0.9263843219205158;0.922915232752175;1.0911111111111111;6.746221518913244;76;95;0.2237369199347159;True;ok;5;0.26;0.95;2
100;4388;87.76;99;71;0.9138457866291699;0.9073129383952595;1.1135353535353536;6.511047074652266;73;98;0.18656084327442135;True;ok;6;0.26;0.95;2
100;4319;86.38;99;70;0.9046359595836515;0.8970614539755936;1.1274747474747475;5.939871409409186;70;100;0.18045370947938377;True;ok;7;0.26;0.95;2
100;4296;85.92;99;67;0.8981752471928892;0.8915053441052777;1.132121212121212;6.553295921994263;72;95;0.17059417198731053;True;ok;8;0.26;0.95;2
100;4395;87.9;99;69;0.9136294175999791;0.9080027306719625;1.112121212121212;6.74689855377333;74;96;0.1877465879874728;True;ok;9;0.26;0.95;2
100;4227;84.54;99;61;0.8934780920287113;0.8840323199093086;1.146060606060606;6.072065405527311;70;93;0.17237159726405538;True;ok;0;0.26;1.0;2
100;4491;89.82;99;71;0.9283726065420308;0.923883934665472;1.0927272727272728;6.949226190737921;76;97;0.2074437316478014;True;ok;1;0.26;1.0;2
100;4617;92.34;99;76;0.9452697017065941;0.9426558337082781;1.0672727272727274;6.907944866632228;78;98;0.24450508270826632;True;ok;2;0.26;1.0;2
100;4296;85.92;99;67;0.8986377618327679;0.8922665960814395;1.132121212121212;7.42872486927176;76;82;0.18274416111944414;True;ok;3;0.26;1.0;2
100;4173;83.46;99;63;0.8889565357238901;0.8772979978853304;1.156969696969697;5.140010906515655;65;99;0.17519818310905277;True;ok;4;0.26;1.0;2
100;4517;90.34;99;74;0.9289033371647183;0.9256945707250664;1.0874747474747475;6.442108010953265;75;99;0.22071082954748567;True;ok;5;0.26;1.0;2
100;4403;88.06;99;71;0.9160741450540444;0.9097665937835604;1.1105050505050504;6.402103180633463;73;98;0.19381400908950996;True;ok;6;0.26;1.0;2
100;4333;86.66;99;70;0.9066244169515962;0.8992565430578846;1.1246464646464647;5.858269645177308;70;100;0.1856307466107534;True;ok;7;0.26;1.0;2
100;4319;86.38;99;67;0.9012899797424652;0.8949948255529439;1.1274747474747475;6.830019764232674;73;95;0.16928421927929738;True;ok;8;0.26;1.0;2
100;4423;88.46;99;71;0.9169968021813528;0.9119590885392707;1.1064646464646464;6.719329184898285;74;99;0.18925916388644914;True;ok;9;0.26;1.0;2
100;3425;68.5;86;46;0.7614225911226505;0.7578255991326601;1.3080808080808082;18.16762090664712;74;49;0.127173107156833;True;ok;0;0.31;0.0;2
100;3641;72.82;88;45;0.7969851603443666;0.79573613126465;1.2644444444444445;25.90493995843248;80;42;0.17165213228234127;True;ok;1;0.31;0.0;2
100;3816;76.32;91;42;0.8302632790777515;0.8281226247783127;1.229090909090909;39.50167924367816;84;44;0.18414388343399873;True;ok;2;0.31;0.0;2
100;3494;69.88;87;38;0.7709297871377326;0.7679986402376346;1.294141414141414;24.198520834061835;77;36;0.1388888888888889;True;ok;3;0.31;0.0;2
100;3292;65.84;83;42;0.7406335158187471;0.7383035219016268;1.3349494949494949;37.40201768736306;77;25;0.17481643668525187;True;ok;4;0.31;0.0;2
100;3686;73.72;92;45;0.7996490806677636;0.7988587887449949;1.2553535353535354;28.32314084911282;82;34;0.16901177322048477;True;ok;5;0.31;0.0;2
100;3619;72.38;89;42;0.7956489662491733;0.7927562820493541;1.268888888888889;36.975330164590495;82;30;0.16666666666666666;True;ok;6;0.31;0.0;2
100;3546;70.92;85;48;0.7721183661058485;0.7710207428314635;1.2836363636363637;4.542780555965558;54;94;0.2257868043369365;True;ok;7;0.31;0.0;2
100;3513;70.26;86;39;0.7691242290074808;0.7684002628036665;1.2903030303030303;28.459075263985465;78;38;0.18523767702996008;True;ok;8;0.31;0.0;2
100;3654;73.08;88;34;0.7993273435407745;0.7979679475827873;1.2618181818181817;41.64589491915225;82;36;0.2223487466308107;True;ok;9;0.31;0.0;2
100;3550;71.0;92;49;0.7817670751794559;0.7772738478636024;1.2828282828282829;17.781842095698266;77;44;0.11799478699784799;True;ok;0;0.31;0.05;2
100;3772;75.44;91;46;0.8168935096685166;0.8148905941161554;1.237979797979798;34.79338063562701;84;33;0.17811541941358397;True;ok;1;0.31;0.05;2
100;3916;78.32;93;45;0.8440443073643803;0.8412107056336805;1.208888888888889;32.83510341771431;85;49;0.1884343128520314;True;ok;2;0.31;0.05;2
100;3612;72.24;89;43;0.788982742472064;0.7854764703651739;1.2703030303030303;32.21420059591075;82;23;0.1411021211798359;True;ok;3;0.31;0.05;2
100;3396;67.92;86;43;0.7574280065695188;0.754003290668604;1.313939393939394;27.793126350777868;78;30;0.13621104598851175;True;ok;4;0.31;0.05;2
100;3804;76.08;97;50;0.8173172702777639;0.814978456020507;1.2315151515151515;25.73966245642249;83;42;0.14285714285714285;True;ok;5;0.31;0.05;2
100;3725;74.5;92;44;0.8101907952342126;0.8067148859565173;1.2474747474747474;31.247015028869285;83;34;0.14705882352941177;True;ok;6;0.31;0.05;2
100;3664;73.28;89;49;0.7915361116011366;0.7896358243357553;1.2597979797979797;39.54579083100501;82;35;0.2049959190857178;True;ok;7;0.31;0.05;2
100;3647;72.94;90;42;0.7908833996342896;0.7891447490792753;1.2632323232323233;30.382449574102985;82;30;0.16630279659766797;True;ok;8;0.31;0.05;2
100;3758;75.16;93;38;0.8159021618573269;0.8134824160623716;1.2408080808080808;33.385747285079624;83;43;0.20521217546991855;True;ok;9;0.31;0.05;2
100;3670;73.4;97;51;0.8015604452936449;0.7957722993253123;1.2585858585858587;14.946816159736494;78;47;0.13362707787482753;True;ok;0;0.31;0.1;2
100;3924;78.48;95;50;0.8406235563102364;0.836999584831213;1.2072727272727273;25.642849920667295;86;35;0.13361851719705292;True;ok;1;0.31;0.1;2
100;4006;80.12;96;48;0.8573940758258246;0.8538174960479972;1.1907070707070706;29.79103006911391;86;52;0.13797173140521757;True;ok;2;0.31;0.1;2
100;3721;74.42;95;45;0.8059593100588122;0.8017701963308658;1.2482828282828282;25.678932512916703;84;23;0.13043478260869565;True;ok;3;0.31;0.1;2
100;3508;70.16;91;46;0.7764664342064627;0.7716808842965277;1.2913131313131314;16.24395855844587;77;39;0.12956590845870603;True;ok;4;0.31;0.1;2
100;3933;78.66;99;53;0.8381232022364173;0.8348193381612454;1.2054545454545456;26.351181453028605;85;46;0.15217391304347827;True;ok;5;0.31;0.1;2
100;3837;76.74;97;46;0.8282753090547205;0.8232490174342437;1.2248484848484849;19.847641113339304;82;50;0.12;True;ok;6;0.31;0.1;2
100;3776;75.52;94;53;0.809908806928791;0.8071323130056959;1.2371717171717171;27.274126407257942;83;39;0.14505321709521668;True;ok;7;0.31;0.1;2
100;3766;75.32;93;45;0.8114063231394671;0.8084495144478808;1.2391919191919192;17.999155122647476;81;43;0.13551535543179904;True;ok;8;0.31;0.1;2
100;3861;77.22;96;41;0.8327106514626827;0.8291808104381033;1.22;26.339161367949494;84;45;0.16023375067556134;True;ok;9;0.31;0.1;2
100;3782;75.64;99;54;0.8192976706528217;0.8127257456302559;1.235959595959596;12.320756684363221;78;52;0.14476261545634023;True;ok;0;0.31;0.15;2
100;4044;80.88;98;57;0.8590816866205826;0.854430495071154;1.183030303030303;31.824650914032734;90;27;0.14814814814814814;True;ok;1;0.31;0.15;2
100;4108;82.16;97;52;0.8706919466951429;0.8668708896931069;1.17010101010101;27.16803117495576;87;56;0.14473007428268064;True;ok;2;0.31;0.15;2
100;3823;76.46;97;46;0.8220651307629394;0.817415073031936;1.2276767676767677;21.16599110787241;84;32;0.11856228440322569;True;ok;3;0.31;0.15;2
100;3617;72.34;97;46;0.7955219422567097;0.7893487646646624;1.2692929292929294;15.633877983464423;79;39;0.10256410256410256;True;ok;4;0.31;0.15;2
100;4024;80.48;99;54;0.8526868565053631;0.8488433107181323;1.1870707070707072;22.534737361601174;86;46;0.13082070224059977;True;ok;5;0.31;0.15;2
100;3939;78.78;99;52;0.8445543662643726;0.8387931997765184;1.2042424242424243;16.570710483970863;83;49;0.13898613488405542;True;ok;6;0.31;0.15;2
100;3884;77.68;97;56;0.8280083062517432;0.8242063348297066;1.2153535353535354;20.020410225910773;84;39;0.15365223288420432;True;ok;7;0.31;0.15;2
100;3878;77.56;98;48;0.8300574723289345;0.8258354755784062;1.2165656565656566;15.872566531187836;83;39;0.12820993823864613;True;ok;8;0.31;0.15;2
100;3963;79.26;99;47;0.8479307380978481;0.8435959931011215;1.1993939393939395;25.103533996872997;86;42;0.16572921439773247;True;ok;9;0.31;0.15;2
100;3873;77.46;99;56;0.8345567975909032;0.8273995646150801;1.2175757575757575;12.34165737381621;80;50;0.1449862498819623;True;ok;0;0.31;0.2;2
100;4141;82.82;99;59;0.8744968337854605;0.8693081943437273;1.1634343434343435;29.05286163341432;91;33;0.1553806739081427;True;ok;1;0.31;0.2;2
100;4203;84.06;98;57;0.8838492022569912;0.879820529286511;1.1509090909090909;29.18036896326827;89;52;0.15260411871387458;True;ok;2;0.31;0.2;2
100;3908;78.16;99;52;0.8355418426951977;0.8300288901815629;1.2105050505050505;22.674336059171747;87;27;0.1111111111111111;True;ok;3;0.31;0.2;2
100;3714;74.28;99;51;0.8106118542236078;0.8033952528010477;1.2496969696969698;16.48082176080615;83;29;0.07215015643324327;True;ok;4;0.31;0.2;2
100;4097;81.94;99;55;0.8643671543849031;0.8603571968316339;1.1723232323232324;21.30385318513845;87;46;0.15225303176103153;True;ok;5;0.31;0.2;2
100;4035;80.7;99;55;0.8587893119362348;0.8525702579860445;1.1848484848484848;15.556550319321891;84;51;0.13900655629773612;True;ok;6;0.31;0.2;2
100;3989;79.78;98;60;0.8456949413711417;0.841065853254534;1.1941414141414142;17.314880447919364;85;42;0.15045014765278153;True;ok;7;0.31;0.2;2
100;3966;79.32;99;51;0.8447066827771417;0.8396914534498533;1.1987878787878787;19.89463672348956;88;27;0.10801689046223795;True;ok;8;0.31;0.2;2
100;4063;81.26;99;52;0.8630300430052312;0.8579055589625194;1.1791919191919191;23.643319701048206;89;31;0.1373460003971888;True;ok;9;0.31;0.2;2
100;3938;78.76;99;58;0.8448759059653506;0.837348551136545;1.2044444444444444;11.617121371335617;81;48;0.1328108326475026;True;ok;0;0.31;0.25;2
100;4214;84.28;99;61;0.885670240788954;0.8803805474295939;1.1486868686868688;26.998419814723423;92;33;0.15411295909207426;True;ok;1;0.31;0.25;2
100;4297;85.94;99;61;0.8970726372639716;0.8931550738575581;1.131919191919192;26.400265160187924;90;52;0.149403760783957;True;ok;2;0.31;0.25;2
100;3993;79.86;99;56;0.8483702507512716;0.8428126168806882;1.1933333333333334;19.519705710226475;87;32;0.12251016555322936;True;ok;3;0.31;0.25;2
100;3791;75.82;99;52;0.8228537216442559;0.8151890291906312;1.2341414141414142;17.24265079625321;84;33;0.09785014889941934;True;ok;4;0.31;0.25;2
100;4161;83.22;99;56;0.8744562105801827;0.870227624411093;1.1593939393939394;21.149203992423278;89;38;0.1767432670879631;True;ok;5;0.31;0.25;2
100;4118;82.36;99;59;0.8711470270645367;0.8648792072241116;1.168080808080808;14.949519247643744;85;52;0.14562464924493923;True;ok;6;0.31;0.25;2
100;4072;81.44;99;62;0.8590792281315295;0.8540854103425601;1.1773737373737374;6.083191186932868;68;90;0.16879828548958448;True;ok;7;0.31;0.25;2
100;4051;81.02;99;53;0.8581923868127151;0.8528586094429959;1.1816161616161616;21.740709999259707;90;26;0.1385116558271836;True;ok;8;0.31;0.25;2
100;4132;82.64;99;56;0.8734121304648913;0.8679186510940066;1.1652525252525252;22.65194036361591;90;33;0.14438336559561415;True;ok;9;0.31;0.25;2
100;4013;80.26;99;58;0.8568253517650577;0.8489619888441505;1.1892929292929293;11.194408255949279;82;48;0.14891581607027116;True;ok;0;0.31;0.3;2
100;4284;85.68;99;64;0.896199387322246;0.891081118535285;1.1345454545454545;6.568354668984183;73;90;0.19021306021047024;True;ok;1;0.31;0.3;2
100;4366;87.32;99;64;0.9070905439928632;0.9034158820692403;1.117979797979798;45.09360364536506;94;35;0.2;True;ok;2;0.31;0.3;2
100;4075;81.5;99;58;0.8621998335674382;0.8565396674242901;1.1767676767676767;12.428829157231243;82;56;0.125748684405733;True;ok;3;0.31;0.3;2
100;3873;77.46;99;52;0.8358905263389939;0.827894143475939;1.2175757575757575;15.793630435567021;84;40;0.1;True;ok;4;0.31;0.3;2
100;4228;84.56;99;58;0.8848784437686973;0.8807173637162341;1.145858585858586;15.60661620089427;87;49;0.15485137352070738;True;ok;5;0.31;0.3;2
100;4185;83.7;99;62;0.881549190939475;0.8752884998010346;1.1545454545454545;31.00395091802696;93;28;0.1532234872729501;True;ok;6;0.31;0.3;2
100;4147;82.94;99;64;0.8722609924453798;0.8668680788693881;1.1622222222222223;6.617876058272948;71;87;0.15449298848417037;True;ok;7;0.31;0.3;2
100;4107;82.14;99;56;0.8670582728595122;0.8616081039236793;1.1703030303030304;18.483083797687243;89;33;0.16087229849638957;True;ok;8;0.31;0.3;2
100;4192;83.84;99;57;0.8809849750188503;0.8758555019936916;1.1531313131313132;26.352695065009666;92;30;0.15580572424056016;True;ok;9;0.31;0.3;2
100;4071;81.42;99;59;0.8664729312861974;0.8583217348359;1.1775757575757575;10.649740665892933;82;51;0.16234737343148686;True;ok;0;0.31;0.35;2
100;4337;86.74;99;65;0.9039127899374283;0.8990499348306792;1.1238383838383839;7.2517546112081686;76;85;0.19149768061896688;True;ok;1;0.31;0.35;2
100;4422;88.44;99;67;0.9153569544795732;0.9118213707294234;1.1066666666666667;17.365610626026356;89;62;0.20458908802489134;True;ok;2;0.31;0.35;2
100;4125;82.5;99;61;0.8701981431256428;0.8645401665209291;1.1666666666666667;12.25579362260201;83;54;0.13749568121626;True;ok;3;0.31;0.35;2
100;3940;78.8;99;54;0.8470173139295645;0.8386955939808411;1.204040404040404;21.994251789548244;90;25;0.13761965985989066;True;ok;4;0.31;0.35;2
100;4295;85.9;99;62;0.8952537471218979;0.8910854915969798;1.1323232323232324;17.46173148084794;89;47;0.17327030251722852;True;ok;5;0.31;0.35;2
100;4247;84.94;99;64;0.8909590544468403;0.884870438833535;1.142020202020202;27.551055764690226;93;32;0.19014250062582894;True;ok;6;0.31;0.35;2
100;4198;83.96;99;66;0.8803606519261115;0.8751128098203247;1.151919191919192;6.25015206660674;70;93;0.16205298935082102;True;ok;7;0.31;0.35;2
100;4169;83.38;99;57;0.8766328464745949;0.8712461107386589;1.1577777777777778;5.924984042599081;69;92;0.174807740432543;True;ok;8;0.31;0.35;2
100;4258;85.16;99;60;0.8914046965418885;0.8862166265139765;1.1397979797979798;8.3766767706922;78;76;0.17227193064074064;True;ok;9;0.31;0.35;2
100;4119;82.38;99;60;0.8733932429043285;0.8654361207948787;1.167878787878788;5.243688159769321;65;97;0.17332546204042054;True;ok;0;0.31;0.4;2
100;4388;87.76;99;67;0.9113645081537097;0.9068111897189589;1.1135353535353536;7.873759224653601;78;84;0.19421684786445548;True;ok;1;0.31;0.4;2
100;4465;89.3;99;69;0.9212914826293787;0.9181676796253351;1.097979797979798;15.900962388064645;89;62;0.23463304042000865;True;ok;2;0.31;0.4;2
100;4172;83.44;99;62;0.8769874555937541;0.8716172127206538;1.157171717171717;12.28748674009483;83;59;0.13838450854436435;True;ok;3;0.31;0.4;2
100;4013;80.26;99;57;0.8584720160793112;0.8497733716274808;1.1892929292929293;6.287561367787951;69;82;0.151347425353351;True;ok;4;0.31;0.4;2
100;4345;86.9;99;64;0.9027380084588359;0.8987889616835418;1.1222222222222222;16.18465485889675;89;49;0.1985101794937678;True;ok;5;0.31;0.4;2
100;4312;86.24;99;65;0.9011839243814108;0.8954299928354652;1.1288888888888888;5.778280029322389;70;97;0.20010066829433137;True;ok;6;0.31;0.4;2
100;4251;85.02;99;68;0.8887028037415544;0.8835214172702196;1.1412121212121211;6.685999200389938;72;92;0.16353509546758938;True;ok;7;0.31;0.4;2
100;4208;84.16;99;58;0.8827806362603537;0.8774969820951717;1.14989898989899;6.066640775971225;70;92;0.18042983458350326;True;ok;8;0.31;0.4;2
100;4309;86.18;99;62;0.8987346653745689;0.8938840699731658;1.1294949494949496;12.031505895820068;85;59;0.18600937752956603;True;ok;9;0.31;0.4;2
100;4157;83.14;99;60;0.8790832815172662;0.8715026443157995;1.1602020202020202;10.948970831307696;83;55;0.17311536791407578;True;ok;0;0.31;0.45;2
100;4427;88.54;99;68;0.917291444824023;0.9129985296820438;1.1056565656565656;7.783059798943511;78;87;0.20024793774727567;True;ok;1;0.31;0.45;2
100;4510;90.2;99;71;0.9282580603190627;0.9254357856959754;1.0888888888888888;12.708251417902906;87;71;0.2407380651220842;True;ok;2;0.31;0.45;2
100;4214;84.28;99;63;0.8829763807942976;0.877958581958582;1.1486868686868688;11.817708232794923;83;61;0.15728335187394543;True;ok;3;0.31;0.45;2
100;4061;81.22;99;60;0.8660332451408413;0.8571853579231113;1.1795959595959595;6.398831058073064;70;82;0.15391301102731791;True;ok;4;0.31;0.45;2
100;4399;87.98;99;66;0.9108027392872196;0.9072166547733549;1.1113131313131313;7.45758178761841;77;88;0.202805803318458;True;ok;5;0.31;0.45;2
100;4342;86.84;99;67;0.905875706884181;0.9002351084729069;1.1228282828282827;6.199258902453318;72;95;0.1961893949222535;True;ok;6;0.31;0.45;2
100;4300;86.0;99;70;0.8967098913732886;0.8916563158178971;1.1313131313131313;6.584085192012546;72;96;0.16892967679791693;True;ok;7;0.31;0.45;2
100;4248;84.96;99;60;0.888556925106953;0.8835000829141562;1.1418181818181818;6.0620096447068805;70;96;0.17851036911548124;True;ok;8;0.31;0.45;2
100;4341;86.82;99;63;0.9034869445468735;0.8988897195667043;1.123030303030303;6.852163966623756;74;93;0.19000803769070262;True;ok;9;0.31;0.45;2
100;4205;84.1;99;62;0.8859668059275932;0.8788339285262011;1.1505050505050505;5.4599266144663625;67;98;0.17644478851259876;True;ok;0;0.31;0.5;2
100;4464;89.28;99;69;0.9226032192155192;0.9186911989385654;1.0981818181818181;7.781259064824806;78;91;0.1985474997777108;True;ok;1;0.31;0.5;2
100;4553;91.06;99;75;0.934536476796486;0.9320773353863138;1.0802020202020202;10.62365234999388;85;79;0.25459558757725337;True;ok;2;0.31;0.5;2
100;4261;85.22;99;64;0.8901357454059624;0.8854282627876868;1.139191919191919;12.363904768794685;84;62;0.15456752422908338;True;ok;3;0.31;0.5;2
100;4118;82.36;99;61;0.8747949814786172;0.8663195003144976;1.168080808080808;7.129459387990219;73;79;0.15452434781739588;True;ok;4;0.31;0.5;2
100;4447;88.94;99;69;0.917954351482784;0.9146856653682307;1.1016161616161617;7.2195504222763605;77;90;0.22708204864609288;True;ok;5;0.31;0.5;2
100;4376;87.52;99;68;0.9108513493169177;0.9054911688982448;1.115959595959596;6.584804504851;74;92;0.1976243936951183;True;ok;6;0.31;0.5;2
100;4337;86.74;99;71;0.9021524616431393;0.8974720668164937;1.1238383838383839;6.944752263181233;74;92;0.17724037356543199;True;ok;7;0.31;0.5;2
100;4286;85.72;99;63;0.8934319824763918;0.8887176476344244;1.1341414141414141;6.273446300441559;71;97;0.1824450497098497;True;ok;8;0.31;0.5;2
100;4379;87.58;99;64;0.908863174039883;0.9046533703294182;1.1153535353535353;8.414727751212212;79;82;0.1876275451975371;True;ok;9;0.31;0.5;2
100;4242;84.84;99;62;0.8914024276994581;0.8845491780594454;1.143030303030303;6.091292525484446;70;95;0.17122663034455332;True;ok;0;0.31;0.55;2
100;4491;89.82;99;71;0.9265906030090802;0.922927297027391;1.0927272727272728;8.129744422327766;79;91;0.20094826186586479;True;ok;1;0.31;0.55;2
100;4592;91.84;99;76;0.9405655432929805;0.938375350140056;1.0723232323232323;11.155583713695812;86;79;0.2571425556504834;True;ok;2;0.31;0.55;2
100;4296;85.92;99;64;0.8954475679460547;0.8908565986070599;1.132121212121212;12.455210678486631;85;59;0.1743727792367048;True;ok;3;0.31;0.55;2
100;4161;83.22;99;62;0.881009513195748;0.8727701361722631;1.1593939393939394;6.964998341024528;73;81;0.16246400098105884;True;ok;4;0.31;0.55;2
100;4484;89.68;99;71;0.9234172081744532;0.9204401817968771;1.094141414141414;18.949588900187962;91;55;0.22315016263191587;True;ok;5;0.31;0.55;2
100;4416;88.32;99;71;0.9163833281523164;0.9114665996600095;1.107878787878788;6.570644002501904;74;96;0.19762925834258294;True;ok;6;0.31;0.55;2
100;4368;87.36;99;72;0.9065806313553465;0.9021835136983968;1.1175757575757577;7.099179899843576;74;98;0.16945034867850495;True;ok;7;0.31;0.55;2
100;4314;86.28;99;65;0.8972348701954922;0.892777935893374;1.1284848484848484;6.484547093084084;72;97;0.17932032994038405;True;ok;8;0.31;0.55;2
100;4409;88.18;99;65;0.9131924578137156;0.9092675869986588;1.1092929292929292;6.997288569215539;75;96;0.1935592042482856;True;ok;9;0.31;0.55;2
100;4267;85.34;99;62;0.8943795313416076;0.8880518364207247;1.1379797979797979;6.242637097137749;71;94;0.17501875567596137;True;ok;0;0.31;0.6;2
100;4507;90.14;99;71;0.929016429630593;0.9254791559748924;1.0894949494949495;7.593992173856842;78;94;0.20761281033929346;True;ok;1;0.31;0.6;2
100;4616;92.32;99;77;0.9441178450384718;0.9421308088526632;1.0674747474747475;6.97657821741639;78;99;0.25159223241411693;True;ok;2;0.31;0.6;2
100;4342;86.84;99;68;0.9019107648463232;0.8977253741317994;1.1228282828282827;12.164439637007687;85;62;0.19043257547030124;True;ok;3;0.31;0.6;2
100;4196;83.92;99;64;0.8863391371786942;0.8782761335767886;1.1523232323232324;6.836872796258893;73;83;0.1689311483459266;True;ok;4;0.31;0.6;2
100;4516;90.32;99;72;0.9280916001015919;0.9254337847876459;1.0876767676767676;7.3799522063692695;78;93;0.22493304139129777;True;ok;5;0.31;0.6;2
100;4443;88.86;99;73;0.9201614261432475;0.915618884416098;1.1024242424242425;6.5688208449025876;74;99;0.19773415590260457;True;ok;6;0.31;0.6;2
100;4390;87.8;99;74;0.9094789430287465;0.9054093700102553;1.1131313131313132;7.427482488626303;75;98;0.16788549232506988;True;ok;7;0.31;0.6;2
100;4350;87.0;99;65;0.9026938244887139;0.8984882236826459;1.121212121212121;6.585326718711561;73;96;0.18716570104060404;True;ok;8;0.31;0.6;2
100;4446;88.92;99;68;0.9180349989628519;0.9146317357985646;1.1018181818181818;7.939742958746324;78;91;0.20164028319952537;True;ok;9;0.31;0.6;2
100;4294;85.88;99;64;0.8977215892259689;0.8918475834922696;1.1325252525252525;6.3977477415918935;72;93;0.17925732996124744;True;ok;0;0.31;0.65;2
100;4525;90.5;99;71;0.9317740916946307;0.9284197844659766;1.0858585858585859;7.9070069781837296;79;93;0.2104056252134604;True;ok;1;0.31;0.65;2
100;4636;92.72;99;78;0.9472420640420057;0.945414356887236;1.0634343434343434;6.8801599580781945;78;100;0.25680526305658263;True;ok;2;0.31;0.65;2
100;4377;87.54;99;68;0.9069665510297878;0.9031606823856335;1.1157575757575757;11.667507337244821;85;63;0.19662442510945355;True;ok;3;0.31;0.65;2
100;4230;84.6;99;64;0.891005521554477;0.8834069376082178;1.1454545454545455;6.223522477373462;71;90;0.17613444705820336;True;ok;4;0.31;0.65;2
100;4544;90.88;99;73;0.9321941003668358;0.9298347981474053;1.082020202020202;7.760401653690303;79;94;0.2280581808643526;True;ok;5;0.31;0.65;2
100;4463;89.26;99;74;0.9234067167903681;0.9189795733730071;1.0983838383838385;6.793163989284144;75;98;0.2002144616404603;True;ok;6;0.31;0.65;2
100;4417;88.34;99;74;0.9138987343287093;0.9099207968041626;1.1076767676767676;7.7247646465203434;76;98;0.17496015538376763;True;ok;7;0.31;0.65;2
100;4384;87.68;99;68;0.9077295538017252;0.9038303323162159;1.1143434343434344;6.773152801894186;74;96;0.1863174041945328;True;ok;8;0.31;0.65;2
100;4473;89.46;99;69;0.9224677039774032;0.919128568244037;1.0963636363636364;7.8269518383670516;78;93;0.19639632897794201;True;ok;9;0.31;0.65;2
100;4319;86.38;99;65;0.9011044292369076;0.8955987060211756;1.1274747474747475;6.879938894489344;74;90;0.1806156139599283;True;ok;0;0.31;0.7;2
100;4543;90.86;99;71;0.9344938466277922;0.9313306389876519;1.0822222222222222;7.388049528101167;78;96;0.21806078477579383;True;ok;1;0.31;0.7;2
100;4656;93.12;99;79;0.9502935054286743;0.9486292550859196;1.0593939393939393;7.177392476049927;79;100;0.2597893064364535;True;ok;2;0.31;0.7;2
100;4406;88.12;99;70;0.9111655342621481;0.9075985897875655;1.10989898989899;9.057812660432125;81;76;0.20090466546379823;True;ok;3;0.31;0.7;2
100;4267;85.34;99;66;0.8962945268322575;0.889035291544791;1.1379797979797979;6.59296423574242;73;87;0.1819624791807416;True;ok;4;0.31;0.7;2
100;4568;91.36;99;74;0.9359191572444036;0.9337190774873999;1.0771717171717172;7.612060644269311;79;95;0.225798524776617;True;ok;5;0.31;0.7;2
100;4491;89.82;99;75;0.9275014408606073;0.9233583077339519;1.0927272727272728;6.698291657814852;75;100;0.2055580899978705;True;ok;6;0.31;0.7;2
100;4446;88.92;99;76;0.9183252703212007;0.914561099455745;1.1018181818181818;7.570424614101912;76;100;0.179187106617529;True;ok;7;0.31;0.7;2
100;4413;88.26;99;71;0.9120409362890863;0.9084013822325524;1.1084848484848484;7.096387728648829;75;97;0.18404946755808804;True;ok;8;0.31;0.7;2
100;4507;90.14;99;70;0.9272042171079384;0.9242472876677152;1.0894949494949495;8.705995886346615;80;92;0.19357399398574293;True;ok;9;0.31;0.7;2
100;4349;86.98;99;68;0.9052166982377093;0.900087936347816;1.1214141414141414;6.267289360285203;72;97;0.1868614305969558;True;ok;0;0.31;0.75;2
100;4560;91.2;99;71;0.9372080510909739;0.934190684151476;1.0787878787878789;7.693621104865809;79;95;0.2207856745664597;True;ok;1;0.31;0.75;2
100;4677;93.54;99;81;0.9533840490658692;0.9519318359572686;1.0551515151515152;8.058226899133855;81;100;0.2528440192991913;True;ok;2;0.31;0.75;2
100;4429;88.58;99;71;0.9146635058868279;0.9112636352494178;1.1052525252525252;8.748705140110545;80;83;0.19775524655438642;True;ok;3;0.31;0.75;2
100;4298;85.96;99;66;0.9008094841302352;0.8938849793739384;1.1317171717171717;6.732435580219684;74;86;0.18853857626328852;True;ok;4;0.31;0.75;2
100;4589;91.78;99;76;0.9391466481777556;0.9371139407213359;1.0729292929292928;7.566920158655309;79;97;0.230209273071743;True;ok;5;0.31;0.75;2
100;4507;90.14;99;75;0.9297901758261827;0.9258672744494435;1.0894949494949495;6.958884258052122;76;99;0.21018731201749208;True;ok;6;0.31;0.75;2
100;4462;89.24;99;76;0.9208300860043757;0.9171961539719726;1.0985858585858586;7.412270422111049;76;100;0.18354089099454285;True;ok;7;0.31;0.75;2
100;4431;88.62;99;73;0.9147216977858571;0.9111985365592303;1.1048484848484847;7.73933842596464;77;93;0.1847929163982452;True;ok;8;0.31;0.75;2
100;4534;90.68;99;71;0.9310053119952767;0.9284231959920701;1.0840404040404041;8.618286183654009;80;95;0.20285942133768053;True;ok;9;0.31;0.75;2
100;4377;87.54;99;69;0.9092880295841398;0.9044190723626034;1.1157575757575757;6.477811305582877;73;97;0.18845948427905324;True;ok;0;0.31;0.8;2
100;4571;91.42;99;71;0.9387292600941152;0.9358548483560193;1.0765656565656565;7.661538277350973;79;96;0.22239000690668465;True;ok;1;0.31;0.8;2
100;4701;94.02;99;81;0.9572206283811446;0.9559410755735155;1.0503030303030303;7.8006007253759595;81;100;0.2591788701507377;True;ok;2;0.31;0.8;2
100;4449;88.98;99;71;0.9175724841197002;0.9143858245589163;1.1012121212121213;7.564717453935436;77;94;0.1920867446825506;True;ok;3;0.31;0.8;2
100;4322;86.44;99;69;0.903901991786816;0.8973382609971848;1.1268686868686868;5.589809168238925;69;100;0.19071361707102985;True;ok;4;0.31;0.8;2
100;4608;92.16;99;76;0.9421758624991936;0.94030444260871;1.069090909090909;7.86559713956441;80;96;0.23162469190981677;True;ok;5;0.31;0.8;2
100;4520;90.4;99;76;0.9318757585539476;0.9280834435169126;1.0868686868686868;6.9163604313289;76;100;0.20925411895293666;True;ok;6;0.31;0.8;2
100;4479;89.58;99;76;0.9233391149612306;0.9198875772906127;1.0951515151515152;7.733401946652312;77;99;0.1876397788465023;True;ok;7;0.31;0.8;2
100;4454;89.08;99;74;0.9180628991814914;0.9147636407733877;1.1002020202020202;7.334676344389187;76;98;0.18734508850259846;True;ok;8;0.31;0.8;2
100;4556;91.12;99;73;0.9344566320603094;0.9320389054045228;1.0795959595959597;8.351368408946733;80;95;0.21049953029059076;True;ok;9;0.31;0.8;2
100;4393;87.86;99;69;0.9116141527626741;0.9069295748379058;1.1125252525252525;6.980667545127932;75;93;0.1900585461659431;True;ok;0;0.31;0.85;2
100;4587;91.74;99;74;0.9407440908461937;0.9381326931429308;1.0733333333333333;8.103227233981197;80;96;0.2261217043037591;True;ok;1;0.31;0.85;2
100;4715;94.3;99;81;0.959326502555575;0.9581832760284305;1.0474747474747474;8.855157244605326;83;99;0.2702543941680487;True;ok;2;0.31;0.85;2
100;4471;89.42;99;72;0.9208969482355607;0.9178849004220869;1.0967676767676768;7.8403458834415805;78;93;0.1957701792088402;True;ok;3;0.31;0.85;2
100;4344;86.88;99;69;0.906746425631142;0.9005661693961917;1.1224242424242423;6.9378971631686195;75;87;0.1923288327839986;True;ok;4;0.31;0.85;2
100;4626;92.52;99;76;0.9451005942444597;0.9433325737268565;1.0654545454545454;8.288378932202747;81;96;0.2316415676307957;True;ok;5;0.31;0.85;2
100;4538;90.76;99;76;0.9345458847547908;0.9309455754819421;1.0832323232323233;6.772713835795204;76;100;0.22319567938678697;True;ok;6;0.31;0.85;2
100;4497;89.94;99;76;0.9258583245747016;0.9226626464797743;1.0915151515151515;8.14618075384163;78;99;0.19345895756862885;True;ok;7;0.31;0.85;2
100;4468;89.36;99;75;0.9202188365912289;0.9169983601576057;1.0973737373737373;7.687739615682663;77;97;0.1885220049059101;True;ok;8;0.31;0.85;2
100;4581;91.62;99;74;0.9380660373185337;0.9359159430906571;1.0745454545454545;8.225183363904776;80;97;0.22333909756127135;True;ok;9;0.31;0.85;2
100;4422;88.44;99;69;0.9161308887729862;0.9117259619442746;1.1066666666666667;6.932393073880302;75;96;0.19262295704103716;True;ok;0;0.31;0.9;2
100;4602;92.04;99;76;0.9427430941424704;0.9403601069267571;1.0703030303030303;8.027968579460785;80;97;0.22366353712766074;True;ok;1;0.31;0.9;2
100;4727;94.54;99;83;0.9612896925119653;0.9602331509869022;1.045050505050505;8.785413108739814;83;100;0.2805100487370937;True;ok;2;0.31;0.9;2
100;4485;89.7;99;73;0.9228693158712536;0.9200322114989068;1.093939393939394;8.590216511140893;80;88;0.19840921425307267;True;ok;3;0.31;0.9;2
100;4365;87.3;99;69;0.9098158960371631;0.9038885120358706;1.1181818181818182;5.947273826147763;71;99;0.19307596284371342;True;ok;4;0.31;0.9;2
100;4640;92.8;99;76;0.9474857277670542;0.9457627593680807;1.0626262626262626;8.726895743280885;82;95;0.2332249556370536;True;ok;5;0.31;0.9;2
100;4547;90.94;99;76;0.9359309292804285;0.9324169947100727;1.0814141414141414;7.097112839736775;77;99;0.21977393207212648;True;ok;6;0.31;0.9;2
100;4522;90.44;99;77;0.929241755287872;0.9263816025165998;1.0864646464646464;8.435014530659927;79;98;0.1907889214257753;True;ok;7;0.31;0.9;2
100;4486;89.72;99;76;0.9230185963330844;0.9199503614493859;1.0937373737373737;7.651179932422982;77;99;0.1941248921172321;True;ok;8;0.31;0.9;2
100;4601;92.02;99;76;0.9411653634407571;0.9391719926686356;1.0705050505050504;8.019656224852802;80;97;0.2240600648584109;True;ok;9;0.31;0.9;2
100;4447;88.94;99;70;0.9198021887332049;0.9156609737149104;1.1016161616161617;7.76035596063041;78;89;0.19988533144356435;True;ok;0;0.31;0.95;2
100;4612;92.24;99;76;0.9444286855760109;0.9420961136016855;1.0682828282828283;7.915337467699382;80;97;0.2290966076348191;True;ok;1;0.31;0.95;2
100;4737;94.74;99;83;0.9628886561791186;0.9619136985870849;1.043030303030303;8.653383993853147;83;100;0.2742348771168829;True;ok;2;0.31;0.95;2
100;4507;90.14;99;74;0.9262925545158506;0.9236605963004769;1.0894949494949495;8.4309105111512;80;89;0.20526024552037359;True;ok;3;0.31;0.95;2
100;4387;87.74;99;70;0.9125938995402233;0.9070225418768292;1.1137373737373737;7.5214388602143165;77;86;0.198363052168133;True;ok;4;0.31;0.95;2
100;4657;93.14;99;77;0.9502824687051024;0.9486830417711274;1.0591919191919192;8.588665741070216;82;96;0.24420147896109995;True;ok;5;0.31;0.95;2
100;4568;91.36;99;76;0.9390069648006341;0.9357787577000573;1.0771717171717172;6.919028610872764;77;99;0.2299109171153324;True;ok;6;0.31;0.95;2
100;4534;90.68;99;78;0.9312584642335916;0.9284802292851196;1.0840404040404041;7.806149710635991;78;100;0.1985068266095662;True;ok;7;0.31;0.95;2
100;4509;90.18;99;76;0.926646313656428;0.9237517118851094;1.089090909090909;6.983079969300621;76;100;0.2063622879575881;True;ok;8;0.31;0.95;2
100;4613;92.26;99;77;0.9428306476961194;0.9409835755731539;1.0680808080808082;8.53201648270117;81;97;0.22405947362245632;True;ok;9;0.31;0.95;2
100;4463;89.26;99;70;0.9221955707791928;0.918177774091639;1.0983838383838385;7.7795533339683605;78;91;0.20126856122856107;True;ok;0;0.31;1.0;2
100;4620;92.4;99;76;0.9455092689211158;0.9432901951459534;1.0666666666666667;7.902006457619547;80;98;0.229748338583039;True;ok;1;0.31;1.0;2
100;4744;94.88;99;84;0.9640755480240425;0.963132835951193;1.0416161616161617;9.318276615453495;84;100;0.2807180748559538;True;ok;2;0.31;1.0;2
100;4523;90.46;99;74;0.9288152494838876;0.9262851885924563;1.0862626262626263;7.999987639786341;79;94;0.2060366539305405;True;ok;3;0.31;1.0;2
100;4408;88.16;99;71;0.9154610795501965;0.9101594240164567;1.1094949494949495;6.298300106029203;73;97;0.19905337438418202;True;ok;4;0.31;1.0;2
100;4672;93.44;99;79;0.9525892172970716;0.951132481686206;1.056161616161616;7.466246090274442;80;99;0.26161275821783975;True;ok;5;0.31;1.0;2
100;4581;91.62;99;76;0.9410564317465367;0.9379532981814269;1.0745454545454545;6.815872130887096;77;99;0.2318620770601374;True;ok;6;0.31;1.0;2
100;4550;91.0;99;79;0.9336882808693114;0.9310798882573186;1.0808080808080809;8.251746971198052;79;100;0.20047114084043505;True;ok;7;0.31;1.0;2
100;4524;90.48;99;77;0.9289085238922787;0.9261732130553437;1.0860606060606062;7.347007382180122;77;100;0.20848279986065837;True;ok;8;0.31;1.0;2
100;4625;92.5;99;78;0.944666618206503;0.9429371398748863;1.0656565656565657;8.389703564587094;81;97;0.23766400843508062;True;ok;9;0.31;1.0;2
100;3824;76.48;91;54;0.8137541870856907;0.8124789551553492;1.2274747474747474;34.32798875570736;84;31;0.16463789483437738;True;ok;0;0.36;0.0;2
100;3953;79.06;94;49;0.8390475040835211;0.8377559817897807;1.2014141414141415;41.26092184165957;86;38;0.18421052631578946;True;ok;1;0.36;0.0;2
100;4113;82.26;93;52;0.8664524051518163;0.8659008560270121;1.1690909090909092;47.16437425786864;88;48;0.23978515861991054;True;ok;2;0.36;0.0;2
100;3870;77.4;91;51;0.8202095194309075;0.8192902517710446;1.2181818181818183;25.196329886197237;82;46;0.14602393191874669;True;ok;3;0.36;0.0;2
100;3680;73.6;88;48;0.7909290253748867;0.7898632943742495;1.2565656565656567;18.945220569642135;78;46;0.15760885214135306;True;ok;4;0.36;0.0;2
100;4010;80.2;94;55;0.8446234326178745;0.8440194232484391;1.1898989898989898;31.36874146897823;86;44;0.1590909090909091;True;ok;5;0.36;0.0;2
100;3952;79.04;90;50;0.8388147496221664;0.8374384863667327;1.2016161616161616;28.189617787021195;84;53;0.19975456775432499;True;ok;6;0.36;0.0;2
100;3906;78.12;90;55;0.8226192679192266;0.8221049048551061;1.210909090909091;41.59900539687411;84;45;0.21530897191637155;True;ok;7;0.36;0.0;2
100;3924;78.48;91;45;0.8267159026852781;0.8264456655128757;1.2072727272727273;32.0708646777212;84;43;0.19304563315370038;True;ok;8;0.36;0.0;2
100;3992;79.84;93;49;0.8433840966553199;0.8428584808466798;1.1935353535353534;33.14625983707879;85;51;0.21534741974384974;True;ok;9;0.36;0.0;2
100;3934;78.68;94;57;0.8323470248850786;0.83016773795047;1.2052525252525252;24.426583390644264;84;44;0.12866079551046422;True;ok;0;0.36;0.05;2
100;4085;81.7;95;56;0.8591646864897176;0.857315634658743;1.1747474747474747;32.89541426803612;87;49;0.189109453923818;True;ok;1;0.36;0.05;2
100;4227;84.54;96;57;0.883047752866249;0.8818121944140564;1.146060606060606;38.44059040701767;89;54;0.19447218074165018;True;ok;2;0.36;0.05;2
100;3974;79.48;93;55;0.8369033609775337;0.8356058835789035;1.197171717171717;33.54719637858978;86;34;0.1665258189069765;True;ok;3;0.36;0.05;2
100;3783;75.66;91;49;0.8067334637112782;0.8053797743584035;1.2357575757575758;38.99828379044424;84;31;0.20393528826152696;True;ok;4;0.36;0.05;2
100;4119;82.38;99;56;0.862452565203574;0.8610826113670372;1.167878787878788;33.27373021666221;88;45;0.17224700250634026;True;ok;5;0.36;0.05;2
100;4080;81.6;96;55;0.8588709323395203;0.8568080457361789;1.1757575757575758;28.825767930861875;86;56;0.1505632808556715;True;ok;6;0.36;0.05;2
100;4031;80.62;94;59;0.8435746203096807;0.8425679562225661;1.1856565656565656;39.82365428349715;87;35;0.21548736477238833;True;ok;7;0.36;0.05;2
100;4044;80.88;93;48;0.8473554725932207;0.8465000747619063;1.183030303030303;45.77233304659373;88;33;0.21522364614910533;True;ok;8;0.36;0.05;2
100;4088;81.76;96;50;0.8587966987303622;0.8577599828278071;1.1741414141414142;28.89248994066223;86;54;0.2015611088570901;True;ok;9;0.36;0.05;2
100;4034;80.68;98;59;0.8497159362478536;0.8470608768072898;1.1850505050505051;21.590236037502926;85;48;0.13051344519774077;True;ok;0;0.36;0.1;2
100;4199;83.98;98;59;0.8785857773444629;0.8759599332220367;1.1517171717171717;35.07382669568237;90;41;0.14634146341463414;True;ok;1;0.36;0.1;2
100;4324;86.48;97;60;0.897864100285921;0.8963898704672907;1.1264646464646464;35.121313667277335;90;59;0.20557553805342926;True;ok;2;0.36;0.1;2
100;4066;81.32;97;59;0.8520895811370691;0.8501232062617771;1.1785858585858586;21.63501754917702;85;47;0.1494662101056064;True;ok;3;0.36;0.1;2
100;3902;78.04;95;53;0.8267850388732443;0.8244833848721347;1.2117171717171717;22.780392928530674;84;37;0.1307355990211121;True;ok;4;0.36;0.1;2
100;4199;83.98;99;57;0.875690013355527;0.8739018878183888;1.1517171717171717;30.65060370512899;89;46;0.15157196525238872;True;ok;5;0.36;0.1;2
100;4182;83.64;98;60;0.8751446259535237;0.8723721838201298;1.1551515151515153;37.234122284400414;90;37;0.16777321255812638;True;ok;6;0.36;0.1;2
100;4139;82.78;97;61;0.8615037902377916;0.8599717858175542;1.163838383838384;36.59032305105452;89;36;0.16491206837642458;True;ok;7;0.36;0.1;2
100;4144;82.88;98;53;0.8647073310341737;0.8629078944688972;1.1628282828282828;38.85855748360936;90;30;0.1751888935871679;True;ok;8;0.36;0.1;2
100;4189;83.78;97;55;0.8750306299520857;0.873329484404729;1.1537373737373737;35.361336328640476;89;46;0.20164947386591392;True;ok;9;0.36;0.1;2
100;4110;82.2;99;60;0.8615251440892179;0.8586466609563753;1.1696969696969697;18.167697667515327;85;52;0.12283246782460583;True;ok;0;0.36;0.15;2
100;4305;86.1;99;64;0.8943929519932416;0.8916459794927145;1.1303030303030304;31.66914690499395;91;45;0.15555555555555556;True;ok;1;0.36;0.15;2
100;4401;88.02;98;64;0.9094420787228039;0.9077123912678204;1.1109090909090908;26.34888523825493;90;62;0.2174779696684034;True;ok;2;0.36;0.15;2
100;4161;83.22;99;61;0.8681613915805331;0.8658574594819227;1.1593939393939394;33.95522618627999;91;24;0.13577559615379806;True;ok;3;0.36;0.15;2
100;4003;80.06;99;56;0.843242219935905;0.8403895109639432;1.1913131313131313;20.6489859426982;85;41;0.10391669247243052;True;ok;4;0.36;0.15;2
100;4289;85.78;99;60;0.8904195579961498;0.8884244058361782;1.1335353535353536;34.13027207953621;91;43;0.1412772074153179;True;ok;5;0.36;0.15;2
100;4275;85.5;99;61;0.8899520509075255;0.8869333333333334;1.1363636363636365;24.074155276318244;89;52;0.16926245803512735;True;ok;6;0.36;0.15;2
100;4225;84.5;98;66;0.8759002077926259;0.8739335003633323;1.1464646464646464;21.9027714963277;88;45;0.17483831752797646;True;ok;7;0.36;0.15;2
100;4220;84.4;99;55;0.8781437970047493;0.8757905729179826;1.1474747474747475;29.962935081996758;90;39;0.136379532884929;True;ok;8;0.36;0.15;2
100;4271;85.42;99;60;0.8877564193106167;0.8854208635163914;1.1371717171717173;29.937559492507084;91;35;0.156844824620816;True;ok;9;0.36;0.15;2
100;4187;83.74;99;63;0.8750855022031949;0.8716661303046441;1.1541414141414141;16.73527639868569;86;51;0.13804968532889522;True;ok;0;0.36;0.2;2
100;4388;87.76;99;65;0.9079509059857378;0.9052108794009048;1.1135353535353536;50.11233301058932;95;28;0.18777733617086936;True;ok;1;0.36;0.2;2
100;4470;89.4;99;69;0.920014589955596;0.9181977197953186;1.096969696969697;49.34268971693003;94;42;0.19047619047619047;True;ok;2;0.36;0.2;2
100;4226;84.52;99;63;0.8788714304106111;0.8763067031456087;1.1462626262626263;26.70778395558933;90;36;0.1388888888888889;True;ok;3;0.36;0.2;2
100;4088;81.76;99;58;0.8578514819485763;0.8545655958221238;1.1741414141414142;28.20846182520227;90;27;0.15380007927287465;True;ok;4;0.36;0.2;2
100;4361;87.22;99;62;0.901829695349446;0.8997149002150753;1.118989898989899;40.46386147740969;93;37;0.18977651517448757;True;ok;5;0.36;0.2;2
100;4344;86.88;99;65;0.9007753594196461;0.8977571982083045;1.1224242424242423;27.17679202339658;91;47;0.16505225741980467;True;ok;6;0.36;0.2;2
100;4295;85.9;99;67;0.8880139578335196;0.8859415364806168;1.1323232323232324;7.428088093497674;75;88;0.200442454021323;True;ok;7;0.36;0.2;2
100;4283;85.66;99;59;0.8885014033915113;0.8860726004194884;1.1347474747474748;26.9776807513105;91;36;0.1451230569877192;True;ok;8;0.36;0.2;2
100;4339;86.78;99;63;0.8985224619440683;0.8960691932593471;1.1234343434343435;36.63729746031642;93;33;0.16788696724380803;True;ok;9;0.36;0.2;2
100;4252;85.04;99;64;0.8855257076341835;0.8819909772440788;1.141010101010101;16.200830280707912;87;50;0.1515950354340717;True;ok;0;0.36;0.25;2
100;4438;88.76;99;69;0.9158814436503339;0.9131948066486703;1.1034343434343434;44.78945486695752;95;34;0.1866411564395556;True;ok;1;0.36;0.25;2
100;4520;90.4;99;70;0.9275845526312619;0.9258837000162169;1.0868686868686868;24.000073936846654;91;66;0.19651256229732256;True;ok;2;0.36;0.25;2
100;4302;86.04;99;65;0.8912373128830038;0.8887298951001661;1.1309090909090909;15.242879097550704;86;58;0.1690448498615731;True;ok;3;0.36;0.25;2
100;4173;83.46;99;61;0.8721343094055568;0.8685804590118797;1.156969696969697;10.777405170550386;80;68;0.15030746012748292;True;ok;4;0.36;0.25;2
100;4430;88.6;99;65;0.9128031929824494;0.9108336057869141;1.105050505050505;32.19286180307309;93;41;0.1923760738437737;True;ok;5;0.36;0.25;2
100;4399;87.98;99;68;0.9094276884214249;0.906436215099634;1.1113131313131313;28.685291449011373;92;48;0.1511761178796408;True;ok;6;0.36;0.25;2
100;4356;87.12;99;70;0.8983058540040164;0.8961745312314178;1.12;16.36545156618946;88;51;0.18686768071660265;True;ok;7;0.36;0.25;2
100;4341;86.82;99;63;0.8973434517974574;0.8949851550808962;1.123030303030303;18.701367423380464;89;48;0.1848940818202749;True;ok;8;0.36;0.25;2
100;4411;88.22;99;66;0.910122858959247;0.9077667277124819;1.1088888888888888;20.328071724694055;90;52;0.1675442711441784;True;ok;9;0.36;0.25;2
100;4301;86.02;99;66;0.893613687387691;0.8899441975148428;1.1311111111111112;14.958951894600368;87;52;0.16469494343370283;True;ok;0;0.36;0.3;2
100;4486;89.72;99;72;0.9235925600005165;0.9209754395583856;1.0937373737373737;14.431815704099195;88;65;0.23166407554614127;True;ok;1;0.36;0.3;2
100;4569;91.38;99;73;0.9352874395079981;0.9336995164361174;1.076969696969697;31.09103191702377;93;61;0.20548687151226575;True;ok;2;0.36;0.3;2
100;4349;86.98;99;65;0.8986347415864729;0.896336909018673;1.1214141414141414;18.323461908400503;88;56;0.1518018978322958;True;ok;3;0.36;0.3;2
100;4227;84.54;99;63;0.8810886434773977;0.8773789145101198;1.146060606060606;10.765526722447879;81;67;0.1441291816719456;True;ok;4;0.36;0.3;2
100;4485;89.7;99;67;0.9216860969738818;0.9198033434604965;1.093939393939394;17.16550102303489;89;64;0.2116996141156019;True;ok;5;0.36;0.3;2
100;4446;88.92;99;69;0.9174599639594504;0.9145296978240696;1.1018181818181818;23.655508624590734;92;49;0.21055232931835088;True;ok;6;0.36;0.3;2
100;4413;88.26;99;73;0.9082447579097297;0.9060447813104626;1.1084848484848484;9.278902954491183;80;84;0.17132755112543674;True;ok;7;0.36;0.3;2
100;4377;87.54;99;66;0.9029747810385959;0.9007479613540219;1.1157575757575757;15.42719595361191;87;60;0.17015798174384933;True;ok;8;0.36;0.3;2
100;4459;89.18;99;68;0.9179595864414248;0.9155977327248923;1.0991919191919193;16.064729006036846;88;66;0.16959034019025565;True;ok;9;0.36;0.3;2
100;4334;86.68;99;66;0.89922330097262;0.8956596547113628;1.1244444444444444;16.001042698988762;88;52;0.17120602748879288;True;ok;0;0.36;0.35;2
100;4524;90.48;99;73;0.9294857331205716;0.9270026631876837;1.0860606060606062;8.251289328825173;80;90;0.22120845046790794;True;ok;1;0.36;0.35;2
100;4606;92.12;99;75;0.9414616832218786;0.9399726534452156;1.0694949494949495;23.341905587986552;92;67;0.23076738485570614;True;ok;2;0.36;0.35;2
100;4392;87.84;99;65;0.9059183085503858;0.9036902497583487;1.1127272727272728;17.103052110256776;88;59;0.15006805903647524;True;ok;3;0.36;0.35;2
100;4281;85.62;99;67;0.890548876916863;0.88669341968502;1.1351515151515152;9.499335838653936;80;72;0.16346591143427336;True;ok;4;0.36;0.35;2
100;4538;90.76;99;69;0.9294614329882385;0.9278806980908377;1.0832323232323233;33.47370412629746;94;46;0.20385949369534612;True;ok;5;0.36;0.35;2
100;4490;89.8;99;72;0.9244270431989583;0.9216404356847505;1.0929292929292929;6.427109478402074;75;96;0.22998846951759577;True;ok;6;0.36;0.35;2
100;4451;89.02;99;74;0.9148500696318629;0.9127117033809204;1.100808080808081;9.0411291395422;80;87;0.1802320549396692;True;ok;7;0.36;0.35;2
100;4405;88.1;99;67;0.9074594347593359;0.9053166362598004;1.11010101010101;11.126272155194265;83;75;0.1995308029826648;True;ok;8;0.36;0.35;2
100;4500;90.0;99;69;0.9241779926746484;0.9221966091612136;1.0909090909090908;19.536542622177702;90;63;0.18830799208745524;True;ok;9;0.36;0.35;2
100;4373;87.46;99;67;0.9051837939579415;0.901842610967698;1.1165656565656565;15.305700537912351;88;54;0.18545021113495674;True;ok;0;0.36;0.4;2
100;4554;91.08;99;74;0.9342458953633229;0.931908927797458;1.08;8.616311218622084;81;90;0.21749652820947118;True;ok;1;0.36;0.4;2
100;4648;92.96;99;78;0.9480719178451317;0.9468095016301816;1.061010101010101;25.881700908657965;93;67;0.24763032118314032;True;ok;2;0.36;0.4;2
100;4438;88.76;99;67;0.9129925105589208;0.9109671207964973;1.1034343434343434;16.273706587785504;88;62;0.16709915338264963;True;ok;3;0.36;0.4;2
100;4323;86.46;99;68;0.897609258854516;0.8938478256214805;1.1266666666666667;8.36561149698862;78;81;0.1727269983209706;True;ok;4;0.36;0.4;2
100;4577;91.54;99;74;0.9356751698676706;0.9342545108983881;1.0753535353535353;33.018327448142436;94;51;0.20724316145936383;True;ok;5;0.36;0.4;2
100;4525;90.5;99;73;0.9301164607328335;0.9274664353043248;1.0858585858585859;7.036314078629256;77;96;0.21936619515902933;True;ok;6;0.36;0.4;2
100;4484;89.68;99;75;0.920375950088102;0.918324991758324;1.094141414141414;10.02661275748987;82;84;0.1825704258392804;True;ok;7;0.36;0.4;2
100;4449;88.98;99;69;0.9141917184738106;0.9122494307838196;1.1012121212121213;18.888147765015717;90;53;0.18212510806874332;True;ok;8;0.36;0.4;2
100;4533;90.66;99;70;0.9294272776867217;0.9275812175545279;1.0842424242424242;18.161720199345375;90;64;0.19836152777863703;True;ok;9;0.36;0.4;2
100;4406;88.12;99;68;0.9107643921896149;0.907484520123839;1.10989898989899;10.903732381501886;83;75;0.17450141289911125;True;ok;0;0.36;0.45;2
100;4580;91.6;99;74;0.9386437928705592;0.936413817877028;1.0747474747474748;7.6241477518595735;79;97;0.22427447195175199;True;ok;1;0.36;0.45;2
100;4677;93.54;99;80;0.9529053822234113;0.9517271371769384;1.0551515151515152;28.838985274278276;94;64;0.2704691271510622;True;ok;2;0.36;0.45;2
100;4479;89.58;99;68;0.9198736554575555;0.9179128563743948;1.0951515151515152;17.377473751430244;89;62;0.17834856508864327;True;ok;3;0.36;0.45;2
100;4357;87.14;99;70;0.9033593201444466;0.899651279564139;1.1197979797979798;9.03478476731064;80;77;0.18047588313057927;True;ok;4;0.36;0.45;2
100;4599;91.98;99;75;0.9393614753221436;0.9380050832265412;1.0709090909090908;9.63267142661712;83;91;0.23917131533697517;True;ok;5;0.36;0.45;2
100;4552;91.04;99;74;0.9346302509310389;0.9321337458480011;1.0804040404040405;8.033560581171912;80;91;0.2233971744473917;True;ok;6;0.36;0.45;2
100;4521;90.42;99;77;0.9263591408581988;0.9244905484132642;1.0866666666666667;10.423924310322901;83;84;0.1899029290192218;True;ok;7;0.36;0.45;2
100;4484;89.68;99;71;0.9195381056119594;0.9177830010765768;1.094141414141414;21.684507439082548;91;54;0.18185199854025297;True;ok;8;0.36;0.45;2
100;4569;91.38;99;71;0.934895117950834;0.9332922433904981;1.076969696969697;17.106291409379473;90;65;0.2154355404963204;True;ok;9;0.36;0.45;2
100;4428;88.56;99;70;0.9140835134728209;0.9109728891262627;1.1054545454545455;9.869239452560082;82;78;0.19089527276724388;True;ok;0;0.36;0.5;2
100;4604;92.08;99;75;0.9422858332197306;0.9402678262354007;1.06989898989899;8.923497173847847;82;92;0.22474437260825697;True;ok;1;0.36;0.5;2
100;4708;94.16;99;80;0.9579453282837462;0.9569585397937554;1.048888888888889;9.348494799605689;84;95;0.31103648313968835;True;ok;2;0.36;0.5;2
100;4511;90.22;99;71;0.9250089821259491;0.9231657687495218;1.0886868686868687;12.522626653170514;86;73;0.19748955514424404;True;ok;3;0.36;0.5;2
100;4380;87.6;99;70;0.9073426077910027;0.9036253019780541;1.1151515151515152;8.028510080437671;78;84;0.18718192359929464;True;ok;4;0.36;0.5;2
100;4623;92.46;99;76;0.9433860152783323;0.9420925032364363;1.0660606060606062;18.499608471786274;91;67;0.24002702356125888;True;ok;5;0.36;0.5;2
100;4577;91.54;99;75;0.9381023784010499;0.9359052750462187;1.0753535353535353;7.60999417484505;79;96;0.22499196466660965;True;ok;6;0.36;0.5;2
100;4556;91.12;99;77;0.9320811694856459;0.9303763440860215;1.0795959595959597;9.753882386363793;82;92;0.19219655261620194;True;ok;7;0.36;0.5;2
100;4511;90.22;99;73;0.9240651052581167;0.9223470680166801;1.0886868686868687;8.57050609868492;80;91;0.2063075185110259;True;ok;8;0.36;0.5;2
100;4592;91.84;99;72;0.9385586899578423;0.9370730253353204;1.0723232323232323;18.69309097223221;91;63;0.22518659148142461;True;ok;9;0.36;0.5;2
100;4459;89.18;99;72;0.9185197237290263;0.9157827843428;1.0991919191919193;9.665243819316927;82;80;0.19543309961520094;True;ok;0;0.36;0.55;2
100;4623;92.46;99;76;0.9451141444033823;0.9432928937915069;1.0660606060606062;9.648446797042483;83;94;0.2315195237136673;True;ok;1;0.36;0.55;2
100;4723;94.46;99;80;0.9603314761199837;0.9594417911458862;1.0458585858585858;9.229601961543151;84;96;0.2978341061563875;True;ok;2;0.36;0.55;2
100;4535;90.7;99;71;0.9292138423791869;0.927427135261087;1.0838383838383838;14.406890723503984;88;68;0.2061596751973035;True;ok;3;0.36;0.55;2
100;4407;88.14;99;71;0.9118745856696209;0.9082920013611194;1.1096969696969696;11.364807872254502;84;71;0.1870042407176809;True;ok;4;0.36;0.55;2
100;4648;92.96;99;77;0.947439964601146;0.9462760344478169;1.061010101010101;17.99125036015279;91;69;0.26427335368391597;True;ok;5;0.36;0.55;2
100;4598;91.96;99;77;0.9412365104050282;0.9392163807468225;1.0711111111111111;7.976722944907766;80;96;0.22700461936458743;True;ok;6;0.36;0.55;2
100;4577;91.54;99;78;0.935580138488669;0.9339719786563485;1.0753535353535353;9.614243439492268;82;94;0.19731996948336183;True;ok;7;0.36;0.55;2
100;4532;90.64;99;74;0.927694041138785;0.9260146409731941;1.0844444444444445;8.953097902517904;81;90;0.2037947623469728;True;ok;8;0.36;0.55;2
100;4624;92.48;99;72;0.9437719637842054;0.9424554204791695;1.0658585858585858;9.727965705064985;83;95;0.22576293767324873;True;ok;9;0.36;0.55;2
100;4485;89.7;99;72;0.9222660183520394;0.9197940982821572;1.093939393939394;9.656361849512274;82;83;0.19694135015189035;True;ok;0;0.36;0.6;2
100;4639;92.78;99;76;0.9476873776006546;0.9459828939988782;1.062828282828283;9.409094243638437;83;94;0.22710364903879365;True;ok;1;0.36;0.6;2
100;4744;94.88;99;83;0.9637480093971088;0.9629516851643295;1.0416161616161617;9.218784019850451;84;99;0.29406155820891033;True;ok;2;0.36;0.6;2
100;4555;91.1;99;74;0.9322927131086756;0.9306486341166869;1.0797979797979798;15.97384779763617;89;68;0.20301662058095826;True;ok;3;0.36;0.6;2
100;4440;88.8;99;73;0.9170189154995344;0.913604968514782;1.103030303030303;8.614267928651078;80;83;0.19739492998175368;True;ok;4;0.36;0.6;2
100;4671;93.42;99;78;0.9514369787107667;0.9503268094492113;1.0563636363636364;8.486959563061781;82;97;0.25981658529877805;True;ok;5;0.36;0.6;2
100;4618;92.36;99;77;0.9443882457042091;0.9425340465206189;1.067070707070707;8.945250968253092;82;94;0.23193922904743908;True;ok;6;0.36;0.6;2
100;4591;91.82;99;79;0.9378896139932216;0.9363385161641326;1.0725252525252524;10.373550727541334;83;94;0.1915967415205473;True;ok;7;0.36;0.6;2
100;4551;91.02;99;75;0.9308112837873921;0.9291883981292942;1.0806060606060606;10.975136549331241;84;85;0.2087916874570318;True;ok;8;0.36;0.6;2
100;4650;93.0;99;75;0.9479111789549474;0.9467215976537952;1.0606060606060606;11.036455818276805;85;92;0.23364509340110962;True;ok;9;0.36;0.6;2
100;4515;90.3;99;72;0.9271024681589937;0.9247984794244661;1.087878787878788;10.027222091140015;83;82;0.20365826311258095;True;ok;0;0.36;0.65;2
100;4654;93.08;99;77;0.9499239325058801;0.948364440397997;1.0597979797979797;10.06681505617293;84;94;0.23616464563006279;True;ok;1;0.36;0.65;2
100;4758;95.16;99;84;0.9659995973664719;0.9652887704463635;1.0387878787878788;9.862113917803836;85;99;0.30695605196915565;True;ok;2;0.36;0.65;2
100;4573;91.46;99;75;0.9349738850430436;0.9334812542669501;1.076161616161616;12.982359945949673;87;75;0.212617293000807;True;ok;3;0.36;0.65;2
100;4465;89.3;99;73;0.9209461788029982;0.9176946146169297;1.097979797979798;8.828502139168238;81;81;0.20784743194382616;True;ok;4;0.36;0.65;2
100;4689;93.78;99;78;0.9545139701193796;0.9534874667375045;1.0527272727272727;11.956098139059682;87;87;0.2613228289165365;True;ok;5;0.36;0.65;2
100;4635;92.7;99;78;0.9470577873375154;0.9453281365216475;1.0636363636363637;9.004327552678284;82;97;0.22390799575690146;True;ok;6;0.36;0.65;2
100;4603;92.06;99;79;0.9398682319255394;0.9383947692059317;1.07010101010101;10.25739781538087;83;95;0.1955601893715896;True;ok;7;0.36;0.65;2
100;4572;91.44;99;76;0.9342156957750164;0.9326860856993714;1.0763636363636364;9.08893874966775;81;97;0.2079489339355689;True;ok;8;0.36;0.65;2
100;4662;93.24;99;77;0.9496378445092601;0.9485559295023985;1.0581818181818181;10.917268733484963;85;93;0.23534276362939988;True;ok;9;0.36;0.65;2
100;4542;90.84;99;73;0.9311756998951481;0.9291161672098984;1.0824242424242425;8.918074998270761;81;92;0.20414482375909782;True;ok;0;0.36;0.7;2
100;4662;93.24;99;77;0.9511691815842046;0.9496796088635374;1.0581818181818181;9.93317259570726;84;94;0.24136958887013188;True;ok;1;0.36;0.7;2
100;4774;95.48;99;86;0.968646244615296;0.9680337115933373;1.0355555555555556;10.670261723385972;86;100;0.29805445627393073;True;ok;2;0.36;0.7;2
100;4590;91.8;99;77;0.9376216042198225;0.936239231777267;1.0727272727272728;12.930060370561343;87;77;0.2140589665817514;True;ok;3;0.36;0.7;2
100;4493;89.86;99;73;0.9253555102709732;0.9223300729731206;1.0923232323232324;9.234692335227425;82;81;0.21194658355777585;True;ok;4;0.36;0.7;2
100;4706;94.12;99;80;0.9570473429344258;0.9561705960216702;1.0492929292929294;12.792741207365768;88;85;0.2670754428531785;True;ok;5;0.36;0.7;2
100;4647;92.94;99;79;0.9488024530583564;0.9472102644378599;1.0612121212121213;8.835858985096912;82;97;0.2307371047324836;True;ok;6;0.36;0.7;2
100;4619;92.38;99;79;0.9425592576304542;0.9411523332484365;1.066868686868687;9.350572622421993;82;98;0.20736952829507582;True;ok;7;0.36;0.7;2
100;4591;91.82;99;77;0.9373746819919666;0.9359312731177664;1.0725252525252524;12.122207969756165;86;80;0.21663034327358677;True;ok;8;0.36;0.7;2
100;4675;93.5;99;79;0.9517740833646359;0.9507601501178411;1.0555555555555556;9.09723623390021;83;96;0.23993801295752026;True;ok;9;0.36;0.7;2
100;4574;91.48;99;75;0.9363334168598834;0.9345122159165961;1.075959595959596;10.516831553411764;84;86;0.20937163192707298;True;ok;0;0.36;0.75;2
100;4679;93.58;99;77;0.9534688354562963;0.952209060643405;1.0547474747474748;9.683259373828628;84;94;0.24010330511481048;True;ok;1;0.36;0.75;2
100;4780;95.6;99;86;0.9697238307576954;0.969133813787838;1.0343434343434343;10.551120188043075;86;100;0.30349834441293827;True;ok;2;0.36;0.75;2
100;4603;92.06;99;77;0.9398755943579863;0.9385295032272307;1.07010101010101;12.58247421603394;87;77;0.22389198611336958;True;ok;3;0.36;0.75;2
100;4507;90.14;99;73;0.927606838422232;0.924636328622641;1.0894949494949495;9.174089282727886;82;82;0.21438038351262945;True;ok;4;0.36;0.75;2
100;4719;94.38;99;80;0.959299908753427;0.9584564362662371;1.0466666666666666;12.641285099342623;88;86;0.2685417975762148;True;ok;5;0.36;0.75;2
100;4664;93.28;99;80;0.9512485750085397;0.9498431514074732;1.0577777777777777;8.71365636097574;82;98;0.2338074165345948;True;ok;6;0.36;0.75;2
100;4633;92.66;99;80;0.944693087357951;0.9433931297083491;1.0640404040404041;9.937540530871983;83;97;0.20690348031143313;True;ok;7;0.36;0.75;2
100;4613;92.26;99;78;0.9410097539279557;0.9396700721850093;1.0680808080808082;8.630305218479686;81;98;0.22127659814400708;True;ok;8;0.36;0.75;2
100;4692;93.84;99;80;0.9543658362174341;0.9534890106118639;1.052121212121212;10.603085971430824;85;95;0.23528972376478197;True;ok;9;0.36;0.75;2
100;4598;91.96;99;75;0.9400857616039698;0.938455832001826;1.0711111111111111;9.695661080963962;83;91;0.21591627828210447;True;ok;0;0.36;0.8;2
100;4689;93.78;99;78;0.9548776109742795;0.9537248220713913;1.0527272727272727;10.39154957505747;85;93;0.2402541647822058;True;ok;1;0.36;0.8;2
100;4793;95.86;99;86;0.9718399827890427;0.9713438366418682;1.0317171717171718;11.300376466700007;87;99;0.3069471515689546;True;ok;2;0.36;0.8;2
100;4621;92.42;99;77;0.9426872528859822;0.9414468754859596;1.0664646464646466;11.847749862949875;86;84;0.22019792821912992;True;ok;3;0.36;0.8;2
100;4516;90.32;99;73;0.9290115005365459;0.9261020984387144;1.0876767676767676;9.689253599963036;83;80;0.2161602947745871;True;ok;4;0.36;0.8;2
100;4729;94.58;99;81;0.9611452889928322;0.9603254882436296;1.0446464646464646;9.999510278455215;85;96;0.27366503407427367;True;ok;5;0.36;0.8;2
100;4671;93.42;99;80;0.9524312452081308;0.9510520804019174;1.0563636363636364;9.395724966925814;83;98;0.24190228374602674;True;ok;6;0.36;0.8;2
100;4639;92.78;99;80;0.9458876613717874;0.9445776144918114;1.062828282828283;9.831671569808865;83;97;0.21148112031159438;True;ok;7;0.36;0.8;2
100;4636;92.72;99;80;0.9447875106550842;0.9435731464850017;1.0634343434343434;11.818488946431128;86;85;0.21806844052030194;True;ok;8;0.36;0.8;2
100;4707;94.14;99;81;0.9566827055586244;0.9559248259143194;1.049090909090909;11.474688754384953;86;95;0.23691617844441354;True;ok;9;0.36;0.8;2
100;4610;92.2;99;76;0.9418166406197973;0.9402833577036102;1.0686868686868687;10.38618426008496;84;90;0.2139145347805571;True;ok;0;0.36;0.85;2
100;4699;93.98;99;80;0.9564628816748995;0.9553770577046757;1.0507070707070707;8.868465889232679;83;97;0.24981185977992726;True;ok;1;0.36;0.85;2
100;4803;96.06;99;86;0.9735662416187998;0.9731144358229318;1.0296969696969698;12.125418511659928;88;97;0.3155109885346955;True;ok;2;0.36;0.85;2
100;4640;92.8;99;78;0.9456519908467331;0.9445302911645412;1.0626262626262626;12.582420241026572;87;82;0.23260421132777853;True;ok;3;0.36;0.85;2
100;4527;90.54;99;74;0.9305740996379954;0.92780915587611;1.0854545454545454;9.53304851505919;83;80;0.22219512825366838;True;ok;4;0.36;0.85;2
100;4744;94.88;99;81;0.9634549911048229;0.9627532957275905;1.0416161616161617;10.77638897238679;86;96;0.2783176389430625;True;ok;5;0.36;0.85;2
100;4681;93.62;99;80;0.954206470339009;0.9528567786039652;1.0543434343434344;9.24004592328617;83;98;0.245611599759179;True;ok;6;0.36;0.85;2
100;4651;93.02;99;80;0.9479157311044603;0.9466560250187315;1.0604040404040405;9.720184387030406;83;98;0.2149848976535963;True;ok;7;0.36;0.85;2
100;4657;93.14;99;80;0.9482767652951458;0.9471990713871155;1.0591919191919192;10.997654421786214;85;92;0.21776727997954815;True;ok;8;0.36;0.85;2
100;4721;94.42;99;81;0.9590421226852832;0.958353023639673;1.0462626262626262;11.263243547387507;86;96;0.23579723776292028;True;ok;9;0.36;0.85;2
100;4623;92.46;99;76;0.9439674929755059;0.9424805625105894;1.0660606060606062;11.012686780375754;85;88;0.21726873706323857;True;ok;0;0.36;0.9;2
100;4710;94.2;99;81;0.9580710269775158;0.9570952074965317;1.0484848484848486;9.437703444305505;84;96;0.2499884850975902;True;ok;1;0.36;0.9;2
100;4814;96.28;99;86;0.9754427656886944;0.9750442412382758;1.0274747474747474;11.9560368126152;88;98;0.3329803632088971;True;ok;2;0.36;0.9;2
100;4651;93.02;99;78;0.9474468071152842;0.9463884706588693;1.0604040404040405;12.578926779675163;87;84;0.2284873496075177;True;ok;3;0.36;0.9;2
100;4534;90.68;99;76;0.9315381049791632;0.9288788421024365;1.0840404040404041;7.582076396554913;78;97;0.21637838428709322;True;ok;4;0.36;0.9;2
100;4748;94.96;99;81;0.9642355474239619;0.9635355188324928;1.0408080808080808;9.7961731840618;85;97;0.2838666811890397;True;ok;5;0.36;0.9;2
100;4685;93.7;99;81;0.954701021898718;0.9534151946461417;1.0535353535353535;9.184915667814773;83;98;0.24327105214595446;True;ok;6;0.36;0.9;2
100;4662;93.24;99;82;0.9497479084538465;0.9485486232072046;1.0581818181818181;10.420279428103322;84;97;0.220270142114381;True;ok;7;0.36;0.9;2
100;4669;93.38;99;80;0.9501653466853379;0.9491706708556644;1.0567676767676768;10.987682723444681;85;94;0.21809861881322035;True;ok;8;0.36;0.9;2
100;4729;94.58;99;81;0.9604792230574348;0.9598069109126434;1.0446464646464646;11.0888707113691;86;96;0.24328678015194688;True;ok;9;0.36;0.9;2
100;4639;92.78;99;76;0.9464833592256968;0.9451219939827056;1.062828282828283;10.953429762488575;85;90;0.21924061847264442;True;ok;0;0.36;0.95;2
100;4721;94.42;99;81;0.9599362577367907;0.9590202841682225;1.0462626262626262;8.7607135657376;83;99;0.25460226225540494;True;ok;1;0.36;0.95;2
100;4820;96.4;99;87;0.9765374396900954;0.9761517014956486;1.0262626262626262;11.939613132854136;88;99;0.3348072030884888;True;ok;2;0.36;0.95;2
100;4662;93.24;99;79;0.9491346812139316;0.9481486457997901;1.0581818181818181;13.520163395428707;88;81;0.24011564337977148;True;ok;3;0.36;0.95;2
100;4543;90.86;99;77;0.93279248815774;0.930263327504311;1.0822222222222222;7.5667847797886765;78;98;0.21822253620269022;True;ok;4;0.36;0.95;2
100;4756;95.12;99;81;0.9655437075992075;0.964883312052518;1.0391919191919192;9.02291181546694;84;99;0.2856996087825984;True;ok;5;0.36;0.95;2
100;4694;93.88;99;82;0.9558895275806459;0.9547224570945405;1.0517171717171718;9.1532013030641;83;99;0.23758254729592398;True;ok;6;0.36;0.95;2
100;4669;93.38;99;82;0.9507546404545485;0.949629869154993;1.0567676767676768;10.394319949516353;84;98;0.21494264629998594;True;ok;7;0.36;0.95;2
100;4681;93.62;99;81;0.9521796723346425;0.9512435638102243;1.0543434343434344;10.8779574902596;85;95;0.22177802457869067;True;ok;8;0.36;0.95;2
100;4739;94.78;99;82;0.9620775734603694;0.9614592989457477;1.0426262626262626;10.166291484654165;85;99;0.2480093529622603;True;ok;9;0.36;0.95;2
100;4652;93.04;99;77;0.9486973777893136;0.9474021957990579;1.0602020202020201;10.683683029460958;85;90;0.22844551743783448;True;ok;0;0.36;1.0;2
100;4733;94.66;99;81;0.9618088478308242;0.9609935937809289;1.0438383838383838;9.363377910502802;84;99;0.25306003907837615;True;ok;1;0.36;1.0;2
100;4826;96.52;99;87;0.9775383880882897;0.9771941035666707;1.025050505050505;12.998920648482027;89;97;0.32638812795046646;True;ok;2;0.36;1.0;2
100;4675;93.5;99;81;0.95133676066738;0.950402654408461;1.0555555555555556;13.307850893669125;88;82;0.23736893487810073;True;ok;3;0.36;1.0;2
100;4561;91.22;99;77;0.935500703979638;0.9331070740620941;1.0785858585858585;8.162126679527184;80;93;0.21735993700618395;True;ok;4;0.36;1.0;2
100;4762;95.24;99;81;0.9665392727495785;0.9659088635620969;1.037979797979798;9.663829761232734;85;98;0.2817636044082799;True;ok;5;0.36;1.0;2
100;4703;94.06;99;82;0.9571932903714565;0.9561205972025202;1.0498989898989899;9.01918510527711;83;99;0.24724001194372358;True;ok;6;0.36;1.0;2
100;4678;93.56;99;83;0.9521643472075165;0.9511171352367627;1.0549494949494949;10.225906143868633;84;98;0.219622628526284;True;ok;7;0.36;1.0;2
100;4695;93.9;99;83;0.95434354802389;0.953517234758878;1.0515151515151515;10.735682183581885;85;96;0.22664150778689007;True;ok;8;0.36;1.0;2
100;4743;94.86;99;83;0.9627362617531884;0.962140480218709;1.0418181818181818;10.102428093828317;85;99;0.2656541965960891;True;ok;9;0.36;1.0;2
100;4143;82.86;95;60;0.8591130208355813;0.8586323723813108;1.163030303030303;34.03272781847014;87;47;0.1702127659574468;True;ok;0;0.41;0.0;2
100;4230;84.6;95;60;0.8777936405447925;0.8772683417928604;1.1454545454545455;42.42483562952564;89;48;0.20588259822239147;True;ok;1;0.41;0.0;2
100;4377;87.54;97;61;0.9042536860429655;0.9037701186671441;1.1157575757575757;50.473893008762616;91;61;0.23733379477989577;True;ok;2;0.41;0.0;2
100;4191;83.82;96;59;0.8660703474676571;0.8658845692755609;1.1533333333333333;31.972827986052494;87;50;0.17811031406692301;True;ok;3;0.41;0.0;2
100;4005;80.1;92;58;0.8353431385367059;0.8350553113918994;1.190909090909091;24.882241239626964;83;53;0.17549410212031502;True;ok;4;0.41;0.0;2
100;4267;85.34;96;59;0.8832852438482862;0.8826610286920852;1.1379797979797979;23.425644550303957;87;62;0.22600547672898935;True;ok;5;0.41;0.0;2
100;4256;85.12;96;59;0.8822772918372711;0.8810992801937174;1.1402020202020202;38.49481246262045;89;52;0.19230769230769232;True;ok;6;0.41;0.0;2
100;4227;84.54;95;65;0.8705314409763433;0.8702977307722568;1.146060606060606;40.42700834054199;88;51;0.24185390294792167;True;ok;7;0.41;0.0;2
100;4239;84.78;97;53;0.8747062123965774;0.8744896905634263;1.1436363636363636;37.88957753707728;88;55;0.19541632744966336;True;ok;8;0.41;0.0;2
100;4258;85.16;95;55;0.8807650030219552;0.8808495479424061;1.1397979797979798;41.384953729429604;89;53;0.1961782205710575;True;ok;9;0.41;0.0;2
100;4223;84.46;96;63;0.8734357323019067;0.8727148581287266;1.1468686868686868;31.486378268195114;88;52;0.19525921264490964;True;ok;0;0.41;0.05;2
100;4353;87.06;98;65;0.8976952948229404;0.8966996158282975;1.1206060606060606;45.559032504969785;91;50;0.2;True;ok;1;0.41;0.05;2
100;4448;88.96;97;64;0.9143379379738142;0.9136973206792244;1.1014141414141414;49.80660843758822;92;59;0.2405152047078265;True;ok;2;0.41;0.05;2
100;4280;85.6;96;63;0.8816927304614964;0.8811870882920884;1.1353535353535353;29.23072769074114;88;54;0.1488895888327429;True;ok;3;0.41;0.05;2
100;4128;82.56;95;60;0.8570104195332884;0.856000235159247;1.166060606060606;26.274353870409694;86;47;0.13282744758200027;True;ok;4;0.41;0.05;2
100;4366;87.32;99;62;0.9002071285291224;0.8992916975595905;1.117979797979798;49.51733249651366;92;44;0.22727272727272727;True;ok;5;0.41;0.05;2
100;4353;87.06;98;62;0.8990141227055295;0.8975140905231809;1.1206060606060606;18.410753201370245;87;66;0.24747926167069295;True;ok;6;0.41;0.05;2
100;4325;86.5;97;69;0.887904459488003;0.887415404447309;1.1262626262626263;42.99569033797474;90;49;0.18759158346719892;True;ok;7;0.41;0.05;2
100;4328;86.56;97;56;0.8898734092945905;0.8894101948511286;1.1256565656565656;32.321681328821875;89;56;0.18002871472182885;True;ok;8;0.41;0.05;2
100;4360;87.2;97;61;0.8977572542273415;0.8974051906737747;1.1191919191919193;41.77912671758354;91;48;0.2346100249211771;True;ok;9;0.41;0.05;2
100;4295;85.9;99;66;0.885901297257147;0.8849878901716035;1.1323232323232324;35.81656373651225;90;46;0.17391304347826086;True;ok;0;0.41;0.1;2
100;4448;88.96;99;68;0.9139709343487807;0.9127364054948819;1.1014141414141414;47.81293576253939;93;46;0.1956521739130435;True;ok;1;0.41;0.1;2
100;4523;90.46;98;67;0.9264869524167222;0.9256663851185448;1.0862626262626263;47.885431532223066;93;60;0.19435013813741703;True;ok;2;0.41;0.1;2
100;4364;87.28;98;66;0.8964989861001758;0.8957805517841372;1.1183838383838385;36.52604802972657;91;42;0.1809243227100255;True;ok;3;0.41;0.1;2
100;4223;84.46;97;63;0.8735546349196881;0.8721624447667555;1.1468686868686868;17.67865300755346;85;57;0.17064752860655652;True;ok;4;0.41;0.1;2
100;4452;89.04;99;64;0.9137778312810836;0.9129047290999717;1.1006060606060606;47.240426670715316;93;44;0.2170498758076404;True;ok;5;0.41;0.1;2
100;4425;88.5;99;65;0.9105302045728036;0.9090596932696127;1.106060606060606;38.24869610835994;92;50;0.19737106997558962;True;ok;6;0.41;0.1;2
100;4403;88.06;98;71;0.9019896449750546;0.9013136233657483;1.1105050505050504;24.80078371219564;89;60;0.19438359654621962;True;ok;7;0.41;0.1;2
100;4404;88.08;99;59;0.9035404235536835;0.9027172871665536;1.1103030303030303;31.24637902229944;91;45;0.15555555555555556;True;ok;8;0.41;0.1;2
100;4452;89.04;99;67;0.9126644790540989;0.9119139996401446;1.1006060606060606;38.27839064523071;92;52;0.18605713056758072;True;ok;9;0.41;0.1;2
100;4379;87.58;99;68;0.9004771052022505;0.8992737218158263;1.1153535353535353;25.42503661143024;90;50;0.17540477907395102;True;ok;0;0.41;0.15;2
100;4511;90.22;99;72;0.9243179130117832;0.9230678072806725;1.0886868686868687;44.45739177035098;94;45;0.2130792766065489;True;ok;1;0.41;0.15;2
100;4587;91.74;99;71;0.9366586909876315;0.9358543511100063;1.0733333333333333;37.192325713907465;93;66;0.20368995963518194;True;ok;2;0.41;0.15;2
100;4434;88.68;99;67;0.9089267324277804;0.9080411896974653;1.1042424242424242;35.00091617269065;92;43;0.16984651200814233;True;ok;3;0.41;0.15;2
100;4290;85.8;99;68;0.8852302991613757;0.8835923319688439;1.1333333333333333;16.144001045361115;85;63;0.17051390184057263;True;ok;4;0.41;0.15;2
100;4503;90.06;99;65;0.9221801544266489;0.9212701433073676;1.0903030303030303;17.263733471241018;88;74;0.22806813063894477;True;ok;5;0.41;0.15;2
100;4487;89.74;99;68;0.9207736901990478;0.9192940096579798;1.0935353535353536;38.532508875599355;93;51;0.1737690797620005;True;ok;6;0.41;0.15;2
100;4469;89.38;99;74;0.9132710671998384;0.9124787814374726;1.0971717171717172;25.411493369488355;90;61;0.1786662817414174;True;ok;7;0.41;0.15;2
100;4457;89.14;99;62;0.912788927264063;0.9119418426118212;1.0995959595959597;37.465184096774415;93;38;0.17128236431072758;True;ok;8;0.41;0.15;2
100;4515;90.3;99;69;0.923235283897627;0.9223791814226948;1.087878787878788;47.77306530077923;94;44;0.20454545454545456;True;ok;9;0.41;0.15;2
100;4435;88.7;99;72;0.9101227602142372;0.9087438879597595;1.104040404040404;37.50109774923995;94;32;0.19540524505285206;True;ok;0;0.41;0.2;2
100;4563;91.26;99;72;0.933027306529259;0.9318637855223221;1.0781818181818181;30.131270551252715;93;56;0.21196822046360908;True;ok;1;0.41;0.2;2
100;4630;92.6;99;74;0.9438295237753445;0.9430201302893362;1.0646464646464646;40.66321678559922;94;63;0.2010660822253572;True;ok;2;0.41;0.2;2
100;4485;89.7;99;70;0.917877637166209;0.9169490254872563;1.093939393939394;19.916376443394263;89;66;0.17653694593929;True;ok;3;0.41;0.2;2
100;4350;87.0;99;70;0.8960618828785277;0.8943464968220424;1.121212121212121;15.841335826490385;86;62;0.17303444877942734;True;ok;4;0.41;0.2;2
100;4555;91.1;99;69;0.9307339838170909;0.9298840407614293;1.0797979797979798;57.43977253383702;95;41;0.22671334244309368;True;ok;5;0.41;0.2;2
100;4551;91.02;99;71;0.931668669391009;0.9302239240580048;1.0806060606060606;34.88756154817808;94;47;0.21624117439159551;True;ok;6;0.41;0.2;2
100;4528;90.56;99;76;0.9240496526968889;0.9231732069535082;1.0852525252525254;16.605811834754558;88;71;0.19042009798102294;True;ok;7;0.41;0.2;2
100;4499;89.98;99;67;0.9197617589257608;0.9189520826450798;1.0911111111111111;33.73570184689217;93;42;0.17634729556608789;True;ok;8;0.41;0.2;2
100;4567;91.34;99;71;0.9322495165034609;0.9314054868857401;1.0773737373737373;46.9639022375031;95;40;0.1911931829611319;True;ok;9;0.41;0.2;2
100;4479;89.58;99;73;0.9181407020893597;0.916657693280478;1.0951515151515152;19.296822302821322;90;55;0.17843340926313556;True;ok;0;0.41;0.25;2
100;4614;92.28;99;77;0.9411500329199969;0.9400727551215776;1.0678787878787879;11.038361229526078;85;87;0.238299178993311;True;ok;1;0.41;0.25;2
100;4666;93.32;99;74;0.9499796936324029;0.9492365008776251;1.0573737373737373;36.47955061751694;94;67;0.2242030040870448;True;ok;2;0.41;0.25;2
100;4526;90.52;99;71;0.9250798422204908;0.9242069813622518;1.0856565656565658;21.65598901424883;90;67;0.18581028419828935;True;ok;3;0.41;0.25;2
100;4406;88.12;99;72;0.9061474338306381;0.9043297497711795;1.10989898989899;38.86756192053423;94;32;0.17442975008710093;True;ok;4;0.41;0.25;2
100;4601;92.02;99;71;0.9386938035719222;0.9378328600116449;1.0705050505050504;48.7520498779806;95;48;0.19272862027254722;True;ok;5;0.41;0.25;2
100;4595;91.9;99;74;0.9390078551646341;0.9376500514462102;1.0717171717171716;26.612862595679374;93;58;0.24772997535683483;True;ok;6;0.41;0.25;2
100;4574;91.48;99;77;0.9322261288708402;0.931408098594091;1.075959595959596;15.631728320396409;88;75;0.19238025495229466;True;ok;7;0.41;0.25;2
100;4537;90.74;99;71;0.9259486378241131;0.9251773170982075;1.0834343434343434;29.1559238693744;92;56;0.16258062476544966;True;ok;8;0.41;0.25;2
100;4604;92.08;99;74;0.9385373347500381;0.937754656231895;1.06989898989899;29.20950672272385;93;58;0.1778505627348143;True;ok;9;0.41;0.25;2
100;4509;90.18;99;74;0.9231740571453328;0.9217911480799417;1.089090909090909;20.813347576566642;91;53;0.18834507844581483;True;ok;0;0.41;0.3;2
100;4647;92.94;99;78;0.9468533632732958;0.94582686416852;1.0612121212121213;12.655505037286634;87;84;0.2301480352827711;True;ok;1;0.41;0.3;2
100;4717;94.34;99;79;0.9582158678116971;0.9576697287601239;1.047070707070707;42.20107328774849;95;67;0.23287111475259525;True;ok;2;0.41;0.3;2
100;4571;91.42;99;72;0.9326991574428124;0.9318590080089384;1.0765656565656565;19.334273988711626;90;68;0.2112064771565917;True;ok;3;0.41;0.3;2
100;4450;89.0;99;73;0.9140027196964857;0.9121670960021095;1.101010101010101;14.896051088624835;87;65;0.17613528730262762;True;ok;4;0.41;0.3;2
100;4641;92.82;99;75;0.9453498219429827;0.9445268951655312;1.0624242424242425;43.32121859532054;95;53;0.22744096963121513;True;ok;5;0.41;0.3;2
100;4635;92.7;99;77;0.9455909386682986;0.9443839370410708;1.0636363636363637;10.007744225339435;84;91;0.23757927668998574;True;ok;6;0.41;0.3;2
100;4608;92.16;99;77;0.938577148268029;0.9377289724723218;1.069090909090909;13.624157453428376;87;81;0.19847599583281111;True;ok;7;0.41;0.3;2
100;4572;91.44;99;72;0.931701282702069;0.9310242690157058;1.0763636363636364;39.373016596496925;94;46;0.17391304347826086;True;ok;8;0.41;0.3;2
100;4636;92.72;99;74;0.9441038193701672;0.9433677616737374;1.0634343434343434;31.68992559603464;94;54;0.21666945468577276;True;ok;9;0.41;0.3;2
100;4552;91.04;99;75;0.9302047680632357;0.9289789895469538;1.0804040404040405;18.125025160504137;90;62;0.19550110894864137;True;ok;0;0.41;0.35;2
100;4674;93.48;99;79;0.9513760023543373;0.9504538978971779;1.0557575757575757;13.320764273927267;88;82;0.2342943571114291;True;ok;1;0.41;0.35;2
100;4745;94.9;99;82;0.9629930781917336;0.9625154776752028;1.0414141414141413;39.53824434893;95;71;0.25620164569154685;True;ok;2;0.41;0.35;2
100;4597;91.94;99;73;0.937437422213298;0.9366324798129287;1.0713131313131312;21.465436038762377;91;67;0.1973106386229191;True;ok;3;0.41;0.35;2
100;4482;89.64;99;73;0.919559680338304;0.9178013010585476;1.0945454545454545;12.412870913302005;85;76;0.17550208117582977;True;ok;4;0.41;0.35;2
100;4676;93.52;99;77;0.9511259721922762;0.9504197150913145;1.0553535353535353;30.39753525848284;94;60;0.2528966626039938;True;ok;5;0.41;0.35;2
100;4652;93.04;99;78;0.9483795072875233;0.9472332824768355;1.0602020202020201;10.669403125072469;85;90;0.22894343930730998;True;ok;6;0.41;0.35;2
100;4648;92.96;99;80;0.9453956821183581;0.9446789161964277;1.061010101010101;13.47020198766854;87;87;0.19962864952069526;True;ok;7;0.41;0.35;2
100;4607;92.14;99;74;0.9376710327160943;0.9369968132991964;1.0692929292929292;29.521249786993202;93;55;0.18221196271487627;True;ok;8;0.41;0.35;2
100;4670;93.4;99;76;0.9497879699824894;0.9491463178025998;1.0565656565656565;11.06936938633704;85;96;0.24158343038723068;True;ok;9;0.41;0.35;2
100;4587;91.74;99;75;0.9362211267652296;0.9351377846852771;1.0733333333333333;11.701514026287693;85;87;0.19560757532957418;True;ok;0;0.41;0.4;2
100;4699;93.98;99;79;0.9555328788177205;0.9547455047809829;1.0507070707070707;12.418596929980358;87;91;0.23816056248875256;True;ok;1;0.41;0.4;2
100;4770;95.4;99;84;0.9673826874658851;0.9669747340425532;1.0363636363636364;36.47053354317765;95;73;0.30322882453485445;True;ok;2;0.41;0.4;2
100;4621;92.42;99;73;0.9414399084530497;0.9406736508595084;1.0664646464646466;23.72353534160444;92;64;0.20518601206326936;True;ok;3;0.41;0.4;2
100;4512;90.24;99;75;0.9248580695913076;0.9230888819793008;1.0884848484848484;14.053836356654397;87;71;0.18692445864711466;True;ok;4;0.41;0.4;2
100;4698;93.96;99;77;0.9550368108480528;0.9543711481396941;1.050909090909091;24.52121296806771;93;68;0.2613983564302446;True;ok;5;0.41;0.4;2
100;4670;93.4;99;79;0.9512463360100297;0.9501831856997417;1.0565656565656565;9.729300853880979;84;93;0.23829383500740142;True;ok;6;0.41;0.4;2
100;4665;93.3;99;81;0.9480878384318889;0.9474561671621885;1.0575757575757576;14.84946593138169;88;86;0.2055076791870052;True;ok;7;0.41;0.4;2
100;4634;92.68;99;77;0.9423682666446712;0.9417513765105253;1.0638383838383838;23.34114707700097;92;62;0.19430916442434132;True;ok;8;0.41;0.4;2
100;4699;93.98;99;77;0.9548574655497744;0.9542790767728125;1.0507070707070707;13.819884433502144;88;89;0.23361028116477794;True;ok;9;0.41;0.4;2
100;4617;92.34;99;76;0.9410355759607366;0.9401361058244037;1.0672727272727274;13.46101833811212;87;83;0.19986567651970477;True;ok;0;0.41;0.45;2
100;4723;94.46;99;80;0.9596383045189653;0.9589503432664873;1.0458585858585858;10.931837918103348;86;94;0.254154639370059;True;ok;1;0.41;0.45;2
100;4790;95.8;99;86;0.970797285976258;0.9704485696949444;1.0323232323232323;70.77527669508284;97;62;0.3237753825135387;True;ok;2;0.41;0.45;2
100;4642;92.84;99;75;0.9449970649935995;0.9442462056153388;1.0622222222222222;19.903048210353358;91;70;0.21518874711957886;True;ok;3;0.41;0.45;2
100;4537;90.74;99;75;0.9292635279500714;0.9275341091345837;1.0834343434343434;11.45941904598824;85;78;0.20296273011717592;True;ok;4;0.41;0.45;2
100;4724;94.48;99;80;0.9594296993640057;0.9588498463164503;1.0456565656565657;8.70257092399652;83;99;0.28324391399972154;True;ok;5;0.41;0.45;2
100;4690;93.8;99;81;0.9546989126852106;0.9536909632471959;1.0525252525252524;10.161860300482704;85;91;0.24736360119282463;True;ok;6;0.41;0.45;2
100;4680;93.6;99;81;0.9508106677737809;0.9501902925489077;1.0545454545454545;13.404717683855056;87;92;0.20132494178667615;True;ok;7;0.41;0.45;2
100;4658;93.16;99;78;0.9467176605811851;0.9461169208474706;1.058989898989899;26.45893451676242;93;60;0.20771568193949003;True;ok;8;0.41;0.45;2
100;4718;94.36;99;80;0.9578941628935415;0.9574030126538708;1.046868686868687;14.995882029640779;89;87;0.23581209448129253;True;ok;9;0.41;0.45;2
100;4636;92.72;99;76;0.9444034499849323;0.9435552442769369;1.0634343434343434;13.20663422954505;87;85;0.21117686205776687;True;ok;0;0.41;0.5;2
100;4733;94.66;99;81;0.9612696001083242;0.9606312322257821;1.0438383838383838;11.993123422890735;87;94;0.25688320136550785;True;ok;1;0.41;0.5;2
100;4808;96.16;99;87;0.9741023230937391;0.9737816109011235;1.0286868686868686;11.067932413590306;87;100;0.32755963795752363;True;ok;2;0.41;0.5;2
100;4657;93.14;99;77;0.9475589554424956;0.9468374889404421;1.0591919191919192;19.387725497828455;91;71;0.22610907597889557;True;ok;3;0.41;0.5;2
100;4566;91.32;99;76;0.9340423873538926;0.932422852678636;1.0775757575757576;10.0028399763761;83;88;0.20453548251368892;True;ok;4;0.41;0.5;2
100;4743;94.86;99;81;0.9627695394859527;0.9622423347457912;1.0418181818181818;12.973089041851454;88;92;0.28515882725904734;True;ok;5;0.41;0.5;2
100;4705;94.1;99;81;0.9570161066275351;0.9561158986285223;1.0494949494949495;10.142181575404484;85;93;0.2489200194996876;True;ok;6;0.41;0.5;2
100;4698;93.96;99;82;0.9540604250285177;0.9534707393662575;1.050909090909091;14.216871331377497;88;89;0.2114588727777576;True;ok;7;0.41;0.5;2
100;4675;93.5;99;78;0.9498459007266484;0.9492521207397859;1.0555555555555556;14.733222921194436;88;88;0.22078787426318613;True;ok;8;0.41;0.5;2
100;4728;94.56;99;81;0.9595522204897169;0.9590941997117786;1.044848484848485;14.823611272855036;89;88;0.23480579223226855;True;ok;9;0.41;0.5;2
100;4658;93.16;99;77;0.9484476055180862;0.9476201527000998;1.058989898989899;14.144956484136614;88;84;0.21261912099863256;True;ok;0;0.41;0.55;2
100;4743;94.86;99;82;0.9629146647937623;0.9623191978040446;1.0418181818181818;13.139678842234952;88;93;0.25440704887788723;True;ok;1;0.41;0.55;2
100;4820;96.4;99;87;0.9763497358934558;0.9760446662410257;1.0262626262626262;10.816275548416023;87;100;0.3283272395333814;True;ok;2;0.41;0.55;2
100;4682;93.64;99;78;0.95181066858474;0.9511776386552304;1.054141414141414;22.19674132003558;92;71;0.21681456041220482;True;ok;3;0.41;0.55;2
100;4590;91.8;99;77;0.9381214254709501;0.9365968923789293;1.0727272727272728;11.851642423084355;86;79;0.21705306466663266;True;ok;4;0.41;0.55;2
100;4760;95.2;99;81;0.9657323816876798;0.9652587237053801;1.0383838383838384;14.08222078269536;89;91;0.28006478960015363;True;ok;5;0.41;0.55;2
100;4712;94.24;99;81;0.9583131329417361;0.9574148023778192;1.0480808080808082;10.125446496756963;85;94;0.248740773836305;True;ok;6;0.41;0.55;2
100;4706;94.12;99;84;0.9554611556998509;0.9548949536794664;1.0492929292929294;14.093413603703898;88;90;0.21391383155164345;True;ok;7;0.41;0.55;2
100;4695;93.9;99;81;0.9533599743405015;0.9527889635112609;1.0515151515151515;13.042463864262313;87;93;0.2209756159401467;True;ok;8;0.41;0.55;2
100;4750;95.0;99;82;0.9635772292062432;0.963143074241273;1.0404040404040404;11.888785131934526;87;96;0.2517085264612659;True;ok;9;0.41;0.55;2
100;4674;93.48;99;78;0.9511147806503734;0.9503474159354871;1.0557575757575757;12.730511800320086;87;89;0.21965003683406603;True;ok;0;0.41;0.6;2
100;4752;95.04;99;82;0.964381309923891;0.9638336064585556;1.04;13.17810047457675;88;95;0.24289080226140441;True;ok;1;0.41;0.6;2
100;4827;96.54;99;87;0.9775665464455164;0.977285818849587;1.024848484848485;11.753948188633425;88;99;0.3286118601621059;True;ok;2;0.41;0.6;2
100;4697;93.94;99;79;0.9544513214730032;0.953863687753093;1.051111111111111;20.994901680130248;92;71;0.23078895623585383;True;ok;3;0.41;0.6;2
100;4603;92.06;99;77;0.9403126880043647;0.9388601405241169;1.07010101010101;11.702789810610188;86;80;0.22164926024415;True;ok;4;0.41;0.6;2
100;4774;95.48;99;81;0.9681658716869515;0.967742149608808;1.0355555555555556;15.124590769083346;90;88;0.2840501992931336;True;ok;5;0.41;0.6;2
100;4724;94.48;99;83;0.9602886367578742;0.9594589407756446;1.0456565656565657;10.73203032418747;86;92;0.25527939256921645;True;ok;6;0.41;0.6;2
100;4716;94.32;99;85;0.957065234078216;0.956556630078481;1.0472727272727274;13.995517868972101;88;91;0.21639463063631237;True;ok;7;0.41;0.6;2
100;4712;94.24;99;81;0.9565379652516129;0.9559944056452125;1.0480808080808082;14.113405101112122;88;92;0.23291264357727864;True;ok;8;0.41;0.6;2
100;4766;95.32;99;83;0.9664181891708762;0.9660217670279703;1.0371717171717172;11.640860738009025;87;97;0.2573159488645185;True;ok;9;0.41;0.6;2
100;4690;93.8;99;79;0.9538920549287374;0.9531795322762373;1.0525252525252524;13.802490312036461;88;88;0.22137079612114907;True;ok;0;0.41;0.65;2
100;4757;95.14;99;82;0.9652327024670067;0.9647094472802946;1.038989898989899;13.02824291617461;88;95;0.2584387584428265;True;ok;1;0.41;0.65;2
100;4835;96.7;99;87;0.9789466897134494;0.9786969961231944;1.0232323232323233;12.849880126193922;89;98;0.3371785287770203;True;ok;2;0.41;0.65;2
100;4713;94.26;99;81;0.9571408049445828;0.956602733260876;1.0478787878787879;23.879238646953898;93;68;0.23920887191000872;True;ok;3;0.41;0.65;2
100;4619;92.38;99;78;0.942959215894391;0.9415632950341533;1.066868686868687;11.679539190860558;86;82;0.22237591770473453;True;ok;4;0.41;0.65;2
100;4783;95.66;99;82;0.9696495043919063;0.9692609894773508;1.0337373737373738;15.206397097758497;90;90;0.2916621188189671;True;ok;5;0.41;0.65;2
100;4739;94.78;99;83;0.9626503042978944;0.9619171153056393;1.0426262626262626;10.081765033336602;85;98;0.250402929024963;True;ok;6;0.41;0.65;2
100;4728;94.56;99;86;0.9592150039032044;0.9587299582246844;1.044848484848485;13.747327915252464;88;92;0.22281376780845386;True;ok;7;0.41;0.65;2
100;4727;94.54;99;82;0.9591962597850351;0.9586946368011697;1.045050505050505;15.281384056001913;89;90;0.2185519622437393;True;ok;8;0.41;0.65;2
100;4774;95.48;99;83;0.9677977299844954;0.9674245475508659;1.0355555555555556;12.751472905625413;88;96;0.2548930130517439;True;ok;9;0.41;0.65;2
100;4702;94.04;99;80;0.9559085023165944;0.9552356146215741;1.0501010101010102;13.594082389553046;88;89;0.2268720095383312;True;ok;0;0.41;0.7;2
100;4772;95.44;99;83;0.9677343857949654;0.9672796609043437;1.035959595959596;12.616324962487042;88;95;0.2562789115603228;True;ok;1;0.41;0.7;2
100;4844;96.88;99;89;0.9805375492017044;0.9803116074193882;1.0214141414141413;12.864175685187446;89;100;0.3398390559013021;True;ok;2;0.41;0.7;2
100;4720;94.4;99;81;0.9582353522491179;0.9577347835038951;1.0464646464646465;23.562068304949406;93;68;0.24890210286536227;True;ok;3;0.41;0.7;2
100;4631;92.62;99;79;0.9446483993397501;0.9433766148446042;1.0644444444444445;11.123644792277748;85;89;0.22901980378604947;True;ok;4;0.41;0.7;2
100;4789;95.78;99;82;0.9707700014296328;0.9703924436185303;1.0325252525252526;15.154986995517572;90;91;0.3040460999357842;True;ok;5;0.41;0.7;2
100;4744;94.88;99;83;0.9634782214521665;0.9627785728202958;1.0416161616161617;10.932573894990215;86;97;0.25228272375484584;True;ok;6;0.41;0.7;2
100;4739;94.78;99;86;0.9610910021227683;0.9606556125427779;1.0426262626262626;12.681407791588878;87;99;0.22104810601516345;True;ok;7;0.41;0.7;2
100;4736;94.72;99;83;0.960800379799531;0.9603226343073209;1.0432323232323233;14.952764659146872;89;90;0.2263350303755507;True;ok;8;0.41;0.7;2
100;4786;95.72;99;83;0.9698530062084947;0.9695227901875673;1.0331313131313131;12.673297701026899;88;98;0.2607492990564594;True;ok;9;0.41;0.7;2
100;4714;94.28;99;81;0.9579674137003047;0.9573203085672304;1.0476767676767678;13.418321499832237;88;90;0.23161758588798342;True;ok;0;0.41;0.75;2
100;4781;95.62;99;84;0.9693301849376641;0.9689045889616035;1.0341414141414143;12.37920175544453;88;95;0.2656630619159257;True;ok;1;0.41;0.75;2
100;4851;97.02;99;89;0.981731418504034;0.981535419222553;1.02;12.656589594714374;89;100;0.33334590249090174;True;ok;2;0.41;0.75;2
100;4734;94.68;99;83;0.9606257112006391;0.9601584662696762;1.0436363636363637;14.75288195939048;89;89;0.2587779105595158;True;ok;3;0.41;0.75;2
100;4641;92.82;99;79;0.9463067714112671;0.9450788243293448;1.0624242424242425;10.924507482915306;85;89;0.22216405303364006;True;ok;4;0.41;0.75;2
100;4801;96.02;99;82;0.9728210645532852;0.9724810799217372;1.0301010101010102;16.580102104076;91;88;0.3098194951104829;True;ok;5;0.41;0.75;2
100;4755;95.1;99;85;0.9651364126135316;0.9645296296213715;1.0393939393939393;11.843071572667142;87;96;0.2501623889928863;True;ok;6;0.41;0.75;2
100;4746;94.92;99;87;0.9623062714748528;0.9618969783141702;1.0412121212121213;12.606430646869873;87;100;0.2232000107783989;True;ok;7;0.41;0.75;2
100;4742;94.84;99;83;0.9617987872847519;0.9613479336303924;1.042020202020202;13.577689202972174;88;95;0.22731048610344662;True;ok;8;0.41;0.75;2
100;4793;95.86;99;85;0.9710482648322569;0.9707420876485625;1.0317171717171718;11.266196356851324;87;99;0.2654011014392339;True;ok;9;0.41;0.75;2
100;4728;94.56;99;82;0.9602979573663837;0.9597059108669136;1.044848484848485;13.197979673540617;88;91;0.2377073283544079;True;ok;0;0.41;0.8;2
100;4791;95.82;99;84;0.9712121933561287;0.9708036414695083;1.0321212121212122;13.726567438428901;89;95;0.26442018647658255;True;ok;1;0.41;0.8;2
100;4855;97.1;99;89;0.9824890778578292;0.9822977582585123;1.0191919191919192;12.543622668689883;89;100;0.3411027782245218;True;ok;2;0.41;0.8;2
100;4744;94.88;99;84;0.9622554938230821;0.9618320610687023;1.0416161616161617;28.142675308960396;94;68;0.2697484894092848;True;ok;3;0.41;0.8;2
100;4653;93.06;99;80;0.9482377787745484;0.9470666601566587;1.06;10.178262458151815;84;94;0.22134858167729787;True;ok;4;0.41;0.8;2
100;4811;96.22;99;82;0.9745438867531759;0.9742398151579222;1.0280808080808082;16.90081765090315;91;92;0.2900483382814605;True;ok;5;0.41;0.8;2
100;4762;95.24;99;85;0.966305634263005;0.9657331400467801;1.037979797979798;10.797394957886455;86;99;0.2555896634751275;True;ok;6;0.41;0.8;2
100;4751;95.02;99;87;0.963174665920311;0.9627838693603206;1.0402020202020201;13.586225620610406;88;96;0.22708205272799697;True;ok;7;0.41;0.8;2
100;4754;95.08;99;85;0.9637930174951745;0.9633991216324782;1.0395959595959596;14.890095830893374;89;93;0.23128239771445275;True;ok;8;0.41;0.8;2
100;4801;96.02;99;86;0.9724255564027706;0.9721476759814202;1.0301010101010102;12.284369156486745;88;98;0.27897613320348136;True;ok;9;0.41;0.8;2
100;4736;94.72;99;82;0.9616361580263737;0.9610732825456751;1.0432323232323233;13.009501780286476;88;91;0.24304332085606206;True;ok;0;0.41;0.85;2
100;4797;95.94;99;85;0.972085809402297;0.9717275214394697;1.030909090909091;12.377361664146715;88;98;0.2625292911609936;True;ok;1;0.41;0.85;2
100;4858;97.16;99;89;0.9829574132775493;0.9827848393658045;1.0185858585858585;12.457504919864357;89;100;0.3383629578388519;True;ok;2;0.41;0.85;2
100;4755;95.1;99;84;0.9642384082766143;0.9638381157367653;1.0393939393939393;10.808497925414649;86;98;0.2763347284368121;True;ok;3;0.41;0.85;2
100;4665;93.3;99;80;0.9502144301960097;0.9490987833401581;1.0575757575757576;11.667676462751498;86;89;0.2227475838422015;True;ok;4;0.41;0.85;2
100;4822;96.44;99;82;0.9766189427104592;0.9763302823961357;1.0258585858585858;16.676353138977632;91;94;0.2990260725350736;True;ok;5;0.41;0.85;2
100;4773;95.46;99;86;0.9680863843744716;0.9675825598820621;1.0357575757575757;11.7728980580297;87;99;0.2559475611747649;True;ok;6;0.41;0.85;2
100;4753;95.06;99;87;0.963521351404299;0.9631357909472702;1.0397979797979797;13.51485087732328;88;96;0.22899911796464445;True;ok;7;0.41;0.85;2
100;4765;95.3;99;86;0.9658114103075596;0.9654308316727426;1.0373737373737373;11.83430171701148;87;98;0.24661696765505559;True;ok;8;0.41;0.85;2
100;4805;96.1;99;86;0.9731275273580422;0.9728615168091193;1.0292929292929294;13.78831348724008;89;98;0.2796944456576291;True;ok;9;0.41;0.85;2
100;4745;94.9;99;82;0.9631176232701564;0.9625946831877588;1.0414141414141413;14.090368748198367;89;88;0.24810381189344533;True;ok;0;0.41;0.9;2
100;4806;96.12;99;86;0.9735951463312676;0.9732844936045293;1.029090909090909;13.596332196154169;89;97;0.2803927252648257;True;ok;1;0.41;0.9;2
100;4863;97.26;99;90;0.9838127500563293;0.9836600958408487;1.0175757575757576;13.957716048445944;90;100;0.34827557495258327;True;ok;2;0.41;0.9;2
100;4772;95.44;99;85;0.9672937401341111;0.9669267724366144;1.035959595959596;11.771991277433123;87;99;0.26889489601222416;True;ok;3;0.41;0.9;2
100;4670;93.4;99;80;0.951100868471334;0.9499995382725854;1.0565656565656565;11.54397988677569;86;89;0.22666027311303394;True;ok;4;0.41;0.9;2
100;4826;96.52;99;82;0.977332481413735;0.9770575122024139;1.025050505050505;18.928454492906326;92;91;0.313967356794674;True;ok;5;0.41;0.9;2
100;4777;95.54;99;86;0.9688313847287597;0.9683343314718602;1.0349494949494948;10.597209339966163;86;100;0.26499143671089137;True;ok;6;0.41;0.9;2
100;4765;95.3;99;87;0.965687132424573;0.9653347552237811;1.0373737373737373;13.394650250516708;88;98;0.23226425336046974;True;ok;7;0.41;0.9;2
100;4771;95.42;99;86;0.9669251778992741;0.9665489212331803;1.036161616161616;14.918048262820308;89;97;0.239004687321129;True;ok;8;0.41;0.9;2
100;4806;96.12;99;86;0.9733008624558012;0.9730385089259967;1.029090909090909;13.752516430387063;89;98;0.27868670185862215;True;ok;9;0.41;0.9;2
100;4753;95.06;99;82;0.964471108679966;0.9639751026046747;1.0397979797979797;14.01293251761218;89;89;0.2538363974583613;True;ok;0;0.41;0.95;2
100;4808;96.16;99;86;0.9738813566401539;0.9735891554247975;1.0286868686868686;13.524241779582745;89;97;0.27828784177213894;True;ok;1;0.41;0.95;2
100;4867;97.34;99;90;0.9845163240930378;0.9843766982428847;1.0167676767676768;13.816682860662663;90;100;0.3542675186515994;True;ok;2;0.41;0.95;2
100;4779;95.58;99;86;0.9685223353562985;0.9681783848012474;1.0345454545454544;11.610877925762361;87;99;0.26430643163302175;True;ok;3;0.41;0.95;2
100;4682;93.64;99;81;0.9531620277071243;0.9521177621876421;1.054141414141414;11.524141012133988;86;91;0.2272941676570448;True;ok;4;0.41;0.95;2
100;4833;96.66;99;82;0.9785123710787872;0.9782710139041315;1.0236363636363637;19.178318038410765;92;94;0.3152752247141483;True;ok;5;0.41;0.95;2
100;4782;95.64;99;86;0.9696769917965004;0.9692054236211581;1.033939393939394;10.497967180824164;86;100;0.26261844052188876;True;ok;6;0.41;0.95;2
100;4767;95.34;99;87;0.9660574798139382;0.9657096810713977;1.0369696969696969;13.327889928976903;88;98;0.2340978007374236;True;ok;7;0.41;0.95;2
100;4775;95.5;99;86;0.9676776302841035;0.9673077391079262;1.0353535353535352;14.74979852178821;89;97;0.24484461254556378;True;ok;8;0.41;0.95;2
100;4810;96.2;99;86;0.9740486065838379;0.9737892408955888;1.0282828282828282;12.166657615964157;88;99;0.27005614616947227;True;ok;9;0.41;0.95;2
100;4757;95.14;99;82;0.9651705160206938;0.9646846236628618;1.038989898989899;14.058715690802503;89;90;0.2491002222432256;True;ok;0;0.41;1.0;2
100;4812;96.24;99;86;0.9745795849328797;0.974298576670647;1.0278787878787878;13.550963271175037;89;98;0.28213581486492323;True;ok;1;0.41;1.0;2
100;4872;97.44;99;90;0.9853890524594937;0.9852691892949587;1.0157575757575759;13.644341593617519;90;100;0.35930390566137343;True;ok;2;0.41;1.0;2
100;4787;95.74;99;86;0.9699407618420713;0.9696247897642718;1.032929292929293;15.752529455108295;90;93;0.2807868817942908;True;ok;3;0.41;1.0;2
100;4693;93.86;99;81;0.954872553077731;0.9539149008182438;1.051919191919192;11.414703981272547;86;92;0.23082291195823879;True;ok;4;0.41;1.0;2
100;4841;96.82;99;82;0.979954349378975;0.9797365972987873;1.022020202020202;18.674343225621044;92;94;0.3159117908876313;True;ok;5;0.41;1.0;2
100;4787;95.74;99;86;0.9705055823077329;0.9700664041607698;1.032929292929293;11.428912825906744;87;99;0.264338589630428;True;ok;6;0.41;1.0;2
100;4775;95.5;99;87;0.9674726845509519;0.9671513789074946;1.0353535353535352;14.805408721839292;89;97;0.23400306963588735;True;ok;7;0.41;1.0;2
100;4786;95.72;99;86;0.9696935532697072;0.9693513255177305;1.0331313131313131;14.32666397097052;89;97;0.2612255196621691;True;ok;8;0.41;1.0;2
100;4812;96.24;99;86;0.9744061109981204;0.9741504425935853;1.0278787878787878;12.113010223506599;88;99;0.2701105175688516;True;ok;9;0.41;1.0;2
100;4369;87.38;96;67;0.8944806452951629;0.8944081711129664;1.1173737373737374;40.565123666296685;90;53;0.20320669090548713;True;ok;0;0.46;0.0;2
100;4464;89.28;97;68;0.9131322539933692;0.9129154884456564;1.0981818181818181;41.466899099315874;91;66;0.2665119617197441;True;ok;1;0.46;0.0;2
100;4552;91.04;98;70;0.9291234455418602;0.9289188913648214;1.0804040404040405;38.694781802136255;92;72;0.2498850949178104;True;ok;2;0.46;0.0;2
100;4432;88.64;97;67;0.9058764658763099;0.9057637064688081;1.1046464646464647;38.00742596017221;90;66;0.16666666666666666;True;ok;3;0.46;0.0;2
100;4303;86.06;97;65;0.8819966617973162;0.8816494453420957;1.1307070707070708;32.98011753320739;88;56;0.17332132063165695;True;ok;4;0.46;0.0;2
100;4478;89.56;98;70;0.9150346188141613;0.914978823069188;1.0953535353535353;40.530257343930884;92;51;0.17129959256189922;True;ok;5;0.46;0.0;2
100;4490;89.8;99;69;0.9174125072491631;0.917163276251294;1.0929292929292929;55.12859984325859;93;47;0.2127659574468085;True;ok;6;0.46;0.0;2
100;4472;89.44;97;74;0.9105446512573345;0.9104552414724074;1.0965656565656565;41.88604653601884;91;57;0.27263860723933125;True;ok;7;0.46;0.0;2
100;4452;89.04;98;58;0.9084253385197946;0.9084190590314096;1.1006060606060606;44.89432424572301;91;55;0.23308558611842245;True;ok;8;0.46;0.0;2
100;4484;89.68;97;65;0.9158014745136167;0.9157628543127858;1.094141414141414;26.86112858574225;90;65;0.23326006014925416;True;ok;9;0.46;0.0;2
100;4458;89.16;97;71;0.9099016153366428;0.9096560036055562;1.0993939393939394;35.15696090810074;91;54;0.17733084390790532;True;ok;0;0.46;0.05;2
100;4558;91.16;99;70;0.9296888861174567;0.9292891863025046;1.0791919191919193;45.99334483046984;93;60;0.24942110533185274;True;ok;1;0.46;0.05;2
100;4617;92.34;98;72;0.9397610202271315;0.9394899267983304;1.0672727272727274;59.219552361686596;94;66;0.2478245307281293;True;ok;2;0.46;0.05;2
100;4510;90.2;98;71;0.9194202866719877;0.9191633733317826;1.0888888888888888;34.739681377878;91;66;0.1871849964278397;True;ok;3;0.46;0.05;2
100;4382;87.64;97;69;0.8961225627523492;0.8956420365979854;1.1147474747474748;26.024331523027886;88;64;0.16155696882739257;True;ok;4;0.46;0.05;2
100;4553;91.06;99;71;0.9280805860656279;0.9279471529912164;1.0802020202020202;19.61364057893389;89;76;0.24995791823162405;True;ok;5;0.46;0.05;2
100;4562;91.24;99;71;0.9298014117043525;0.9294728237473578;1.0783838383838384;42.59557132615843;93;58;0.23302633148971585;True;ok;6;0.46;0.05;2
100;4545;90.9;98;76;0.924163028838699;0.9239747110848769;1.0818181818181818;39.76538713479994;92;60;0.23222620512640563;True;ok;7;0.46;0.05;2
100;4542;90.84;99;65;0.9247263097842601;0.9245009446535538;1.0824242424242425;38.30078964890952;92;58;0.20683018610135773;True;ok;8;0.46;0.05;2
100;4567;91.34;99;69;0.9300021819373413;0.9297734026297558;1.0773737373737373;54.84392760249517;94;48;0.21979367292970958;True;ok;9;0.46;0.05;2
100;4529;90.58;99;73;0.9232978648162825;0.9228515337423313;1.085050505050505;48.786173473917536;94;40;0.19690377157284772;True;ok;0;0.46;0.1;2
100;4609;92.18;99;74;0.9385568617809164;0.9380883761056493;1.068888888888889;66.44149028709737;95;49;0.25114158191981034;True;ok;1;0.46;0.1;2
100;4673;93.46;99;75;0.9493839370348867;0.9490972779885359;1.055959595959596;65.44273324422848;95;63;0.23809523809523808;True;ok;2;0.46;0.1;2
100;4586;91.72;99;75;0.9330892128790269;0.9327667095346548;1.0735353535353536;31.908291888326456;92;65;0.21370507266410527;True;ok;3;0.46;0.1;2
100;4448;88.96;99;73;0.9082875418895562;0.9077149244734506;1.1014141414141414;31.419263419998448;91;47;0.1859552180044235;True;ok;4;0.46;0.1;2
100;4612;92.24;99;73;0.9382794794216734;0.9380926786648703;1.0682828282828283;46.25954775966192;94;54;0.22547758668777423;True;ok;5;0.46;0.1;2
100;4618;92.36;99;74;0.9397803983466466;0.9393371196467157;1.067070707070707;57.59241408776585;95;47;0.21306740582392836;True;ok;6;0.46;0.1;2
100;4609;92.18;99;78;0.9363086130331938;0.9360417941892412;1.068888888888889;21.790770132368895;90;77;0.2604902732015614;True;ok;7;0.46;0.1;2
100;4588;91.76;99;71;0.9330040759582164;0.9327326249282022;1.0731313131313132;41.743807126663235;93;58;0.20044667824764828;True;ok;8;0.46;0.1;2
100;4625;92.5;99;73;0.9405175923718362;0.9401732347995648;1.0656565656565657;55.04647808602189;95;46;0.2191532095326974;True;ok;9;0.46;0.1;2
100;4572;91.44;99;74;0.9312798980341479;0.9307227609729308;1.0763636363636364;20.448507354287766;90;67;0.1879182469155331;True;ok;0;0.46;0.15;2
100;4669;93.38;99;78;0.9491678959398098;0.9486616531622517;1.0567676767676768;66.67294547107618;96;48;0.24366397441395982;True;ok;1;0.46;0.15;2
100;4714;94.28;99;77;0.9568843979973614;0.9565551737044472;1.0476767676767678;76.3187381809061;96;59;0.2706422117762292;True;ok;2;0.46;0.15;2
100;4620;92.4;99;75;0.9394274843747494;0.9390873966517894;1.0666666666666667;28.805372769527917;92;69;0.21819901450386683;True;ok;3;0.46;0.15;2
100;4508;90.16;99;76;0.9194962345544161;0.9188198462392011;1.0892929292929292;18.351845912680993;88;73;0.1951320145893018;True;ok;4;0.46;0.15;2
100;4661;93.22;99;77;0.9470154336448289;0.9467788024418756;1.0583838383838384;25.944856422408662;92;74;0.2535706809268747;True;ok;5;0.46;0.15;2
100;4672;93.44;99;79;0.949469625039264;0.9490108266580485;1.056161616161616;35.36653785369832;94;62;0.25706518908880194;True;ok;6;0.46;0.15;2
100;4658;93.16;99;80;0.9455452360592039;0.9452262952817103;1.058989898989899;50.714302528498926;95;49;0.22214676486676163;True;ok;7;0.46;0.15;2
100;4620;92.4;99;74;0.9387866725164976;0.9384818422630712;1.0666666666666667;35.320586576663075;93;60;0.2015461522876385;True;ok;8;0.46;0.15;2
100;4673;93.46;99;75;0.9491055363939193;0.9487823341518805;1.055959595959596;46.20602531409437;95;52;0.22325170346783885;True;ok;9;0.46;0.15;2
100;4616;92.32;99;77;0.9393634675412623;0.9387981345391541;1.0674747474747475;19.67838526440897;90;74;0.18771437242835998;True;ok;0;0.46;0.2;2
100;4708;94.16;99;81;0.9559303535881498;0.9554673731367043;1.048888888888889;26.884061330708562;93;73;0.24528543342842396;True;ok;1;0.46;0.2;2
100;4751;95.02;99;80;0.9634090528288997;0.9631321785794874;1.0402020202020201;66.72789013450225;96;67;0.2645084014885695;True;ok;2;0.46;0.2;2
100;4659;93.18;99;77;0.9463232805377119;0.9459991595019236;1.0587878787878788;32.23890092978932;93;68;0.20261889541832173;True;ok;3;0.46;0.2;2
100;4556;91.12;99;77;0.9285960241981391;0.9278310009458902;1.0795959595959597;32.51836757946708;93;49;0.18378337194731253;True;ok;4;0.46;0.2;2
100;4713;94.26;99;80;0.9561760803636028;0.9559234778187365;1.0478787878787879;27.640603799258862;93;73;0.24090540799163773;True;ok;5;0.46;0.2;2
100;4708;94.16;99;82;0.9556715947142403;0.9552454359578518;1.048888888888889;54.68043434049553;96;53;0.25685013497824527;True;ok;6;0.46;0.2;2
100;4692;93.84;99;81;0.951884790592735;0.9515620705451214;1.052121212121212;24.81938058098592;92;75;0.2010179595374912;True;ok;7;0.46;0.2;2
100;4648;92.96;99;75;0.9440051660057613;0.9436870100783875;1.061010101010101;42.45414583572734;94;58;0.1724137931034483;True;ok;8;0.46;0.2;2
100;4709;94.18;99;75;0.9556463339682348;0.9553372498022062;1.0486868686868687;23.147622741627913;92;76;0.2341930571905635;True;ok;9;0.46;0.2;2
100;4653;93.06;99;77;0.9460319611232775;0.9455177132006627;1.06;23.325851179875823;92;65;0.1979438204893808;True;ok;0;0.46;0.25;2
100;4737;94.74;99;82;0.9611154004571851;0.9606851395804498;1.043030303030303;25.03409524805075;93;75;0.26709169371307956;True;ok;1;0.46;0.25;2
100;4781;95.62;99;83;0.9688614293894094;0.9686104889163513;1.0341414141414143;55.42164049735449;96;70;0.2887019257031866;True;ok;2;0.46;0.25;2
100;4680;93.6;99;78;0.9500959555689495;0.9497980460524045;1.0545454545454545;36.56913276234552;94;62;0.23740223034798785;True;ok;3;0.46;0.25;2
100;4594;91.88;99;77;0.9358449000302466;0.9350710696955383;1.071919191919192;17.3982746159832;89;75;0.2070283775528865;True;ok;4;0.46;0.25;2
100;4738;94.76;99;80;0.960742887404606;0.9605073391651279;1.0428282828282829;41.92671194364601;95;64;0.25110151174223794;True;ok;5;0.46;0.25;2
100;4729;94.58;99;82;0.9595028447891966;0.9590928459826713;1.0446464646464646;14.6454964986474;89;88;0.2592178981677871;True;ok;6;0.46;0.25;2
100;4720;94.4;99;83;0.9570150257978368;0.9567017637590639;1.0464646464646465;23.1105692377335;92;77;0.2201589591884291;True;ok;7;0.46;0.25;2
100;4674;93.48;99;76;0.9488252345041118;0.9484895054549483;1.0557575757575757;38.49113113974943;94;61;0.20025007365190306;True;ok;8;0.46;0.25;2
100;4741;94.82;99;77;0.9613412711632712;0.9610726449511108;1.0422222222222222;22.65681249951703;92;82;0.2569884818451853;True;ok;9;0.46;0.25;2
100;4687;93.74;99;77;0.9520793431274188;0.9516307751601869;1.0531313131313131;20.490401301894547;91;78;0.21215588973296307;True;ok;0;0.46;0.3;2
100;4757;95.14;99;82;0.9647875236413297;0.9643828900600564;1.038989898989899;17.49017103268043;91;83;0.2791273731271976;True;ok;1;0.46;0.3;2
100;4806;96.12;99;85;0.9733931629868016;0.9731578809405227;1.029090909090909;80.00370208731111;97;67;0.316470060853856;True;ok;2;0.46;0.3;2
100;4704;94.08;99;80;0.9544930249539746;0.9542049260634783;1.0496969696969698;33.994210917786475;94;65;0.23920770267187635;True;ok;3;0.46;0.3;2
100;4632;92.64;99;79;0.9426677703922459;0.9419498866181214;1.0642424242424242;21.296881215400887;91;70;0.21085878829339427;True;ok;4;0.46;0.3;2
100;4767;95.34;99;83;0.9659500696948551;0.9657118248252959;1.0369696969696969;25.015083520785087;93;80;0.26125813967769373;True;ok;5;0.46;0.3;2
100;4749;94.98;99;84;0.9632141485792916;0.9628116636145936;1.0406060606060605;16.193000600468746;90;88;0.25907834174391126;True;ok;6;0.46;0.3;2
100;4736;94.72;99;84;0.9599093341199405;0.9596051823748878;1.0432323232323233;22.654852438812462;92;79;0.20972183723856885;True;ok;7;0.46;0.3;2
100;4702;94.04;99;80;0.9538204673118567;0.9534696484165631;1.0501010101010102;27.0732355627438;93;67;0.21869553614215692;True;ok;8;0.46;0.3;2
100;4764;95.28;99;80;0.9654156009399745;0.9651808634772462;1.0375757575757576;21.54100642298921;92;84;0.2613830087483067;True;ok;9;0.46;0.3;2
100;4700;94.0;99;77;0.9545443691723605;0.9541223282895578;1.0505050505050506;20.132690977604273;91;80;0.21562270449748105;True;ok;0;0.46;0.35;2
100;4775;95.5;99;82;0.9679859232772202;0.9676237667566252;1.0353535353535352;17.66689270285097;91;87;0.25889520100212393;True;ok;1;0.46;0.35;2
100;4826;96.52;99;87;0.9769575207026707;0.9767676176732516;1.025050505050505;10.685011668479365;87;100;0.3445690630242788;True;ok;2;0.46;0.35;2
100;4726;94.52;99;82;0.9585592203185862;0.9582620278599328;1.0452525252525253;40.305934583306694;95;61;0.2312161876770799;True;ok;3;0.46;0.35;2
100;4654;93.08;99;79;0.9467657926373175;0.9460479589202615;1.0597979797979797;20.611938785850317;91;73;0.2136998236598736;True;ok;4;0.46;0.35;2
100;4780;95.6;99;85;0.9683724024930888;0.968138310204352;1.0343434343434343;20.161916200936165;92;84;0.28012645319523305;True;ok;5;0.46;0.35;2
100;4767;95.34;99;85;0.9663288636675402;0.9659691964850522;1.0369696969696969;15.55677966411923;90;88;0.2682571711346173;True;ok;6;0.46;0.35;2
100;4753;95.06;99;85;0.9630214207668563;0.9627331134420284;1.0397979797979797;18.964372324140047;91;85;0.22009760214256202;True;ok;7;0.46;0.35;2
100;4724;94.48;99;81;0.9577393334832763;0.9574267562564837;1.0456565656565657;31.101374352862763;94;63;0.23129930433174156;True;ok;8;0.46;0.35;2
100;4780;95.6;99;81;0.9683584716554228;0.9681248509578443;1.0343434343434343;18.184239380262994;91;90;0.2669587328116163;True;ok;9;0.46;0.35;2
100;4719;94.38;99;78;0.9579733282717242;0.9575892705562786;1.0466666666666666;19.674509071526998;91;83;0.21481476495729623;True;ok;0;0.46;0.4;2
100;4786;95.72;99;83;0.9699111436148579;0.9695875267017552;1.0331313131313131;15.64487004201056;90;93;0.2780486012914994;True;ok;1;0.46;0.4;2
100;4843;96.86;99;88;0.9800153875030604;0.9798575827808156;1.0216161616161616;12.749434602042015;89;99;0.33664282590678146;True;ok;2;0.46;0.4;2
100;4744;94.88;99;82;0.9616790062492548;0.961424252543068;1.0416161616161617;37.76835128527907;95;62;0.24570283319794245;True;ok;3;0.46;0.4;2
100;4676;93.52;99;79;0.9506557074383056;0.9499709656011504;1.0553535353535353;20.173885802513514;91;76;0.20588097612816003;True;ok;4;0.46;0.4;2
100;4800;96.0;99;85;0.9720209564880569;0.9718098875636753;1.0303030303030303;23.160800953629558;93;83;0.2770371397681757;True;ok;5;0.46;0.4;2
100;4779;95.58;99;85;0.9685524272617033;0.9682042560710302;1.0345454545454544;15.301857921103425;90;89;0.25759581251085395;True;ok;6;0.46;0.4;2
100;4763;95.26;99;85;0.9648166045085204;0.9645494961535981;1.0377777777777777;26.65740164408239;93;80;0.22660217873283628;True;ok;7;0.46;0.4;2
100;4750;95.0;99;83;0.9624888991720644;0.9622022631688388;1.0404040404040404;25.369420901872953;93;74;0.23441137627330055;True;ok;8;0.46;0.4;2
100;4797;95.94;99;83;0.9714847120262398;0.9712623011209149;1.030909090909091;18.13049126589466;91;94;0.2714440557225866;True;ok;9;0.46;0.4;2
100;4730;94.6;99;79;0.959919547099111;0.9595570838196789;1.0444444444444445;19.554094874340237;91;85;0.22042663282597402;True;ok;0;0.46;0.45;2
100;4792;95.84;99;83;0.9710047859793203;0.9706946510049275;1.031919191919192;13.789217786907404;89;96;0.2765200653516715;True;ok;1;0.46;0.45;2
100;4855;97.1;99;89;0.9821869846487279;0.9820535609118847;1.0191919191919192;12.535163425756805;89;100;0.3494936439210472;True;ok;2;0.46;0.45;2
100;4761;95.22;99;85;0.964710101623596;0.9644697954314811;1.038181818181818;50.07240142208548;96;59;0.2635684618433468;True;ok;3;0.46;0.45;2
100;4698;93.96;99;81;0.9545704977717828;0.953918692132933;1.050909090909091;19.172654497404555;91;77;0.2190912843106873;True;ok;4;0.46;0.45;2
100;4811;96.22;99;86;0.9740384373016543;0.9738416458091692;1.0280808080808082;22.468422111600656;93;84;0.28224941418017374;True;ok;5;0.46;0.45;2
100;4790;95.8;99;86;0.9704926389926698;0.970175770341998;1.0323232323232323;11.346946002340546;87;99;0.28442823694280417;True;ok;6;0.46;0.45;2
100;4774;95.48;99;86;0.9667547347051837;0.9665285861991857;1.0355555555555556;25.580476811691437;93;80;0.223965674621175;True;ok;7;0.46;0.45;2
100;4767;95.34;99;85;0.9657133596553514;0.9654408369152073;1.0369696969696969;16.502463602668232;90;92;0.24100233845460933;True;ok;8;0.46;0.45;2
100;4806;96.12;99;83;0.9730428064948284;0.9728479107223225;1.029090909090909;17.92281237530338;91;95;0.26059000592560666;True;ok;9;0.46;0.45;2
100;4744;94.88;99;80;0.962303451169785;0.9619699281474959;1.0416161616161617;18.983933102613843;91;86;0.24796315363265892;True;ok;0;0.46;0.5;2
100;4802;96.04;99;84;0.9727755253868732;0.9724849527085124;1.0298989898989899;13.638149942236739;89;97;0.26538646113513165;True;ok;1;0.46;0.5;2
100;4863;97.26;99;89;0.983654008756759;0.9835330683482263;1.0175757575757576;12.314663471288652;89;100;0.34376806669394294;True;ok;2;0.46;0.5;2
100;4773;95.46;99;86;0.9667267976765147;0.9665200520902544;1.0357575757575757;16.064881171935255;90;91;0.2701263191439745;True;ok;3;0.46;0.5;2
100;4704;94.08;99;81;0.955618576140013;0.9549898988058498;1.0496969696969698;18.860658496997193;91;77;0.22202945578483546;True;ok;4;0.46;0.5;2
100;4818;96.36;99;86;0.9752906224348752;0.9751115285278235;1.0266666666666666;22.888987700734003;93;87;0.27988499397621275;True;ok;5;0.46;0.5;2
100;4800;96.0;99;86;0.9723970942003051;0.9720808014452291;1.0303030303030303;11.122376550325878;87;99;0.2888616672112848;True;ok;6;0.46;0.5;2
100;4788;95.76;99;88;0.9692214056727099;0.969030406030133;1.0327272727272727;21.395706882203097;92;87;0.2241044253516815;True;ok;7;0.46;0.5;2
100;4775;95.5;99;86;0.9671444352569297;0.9668904654631396;1.0353535353535352;12.899968109814848;88;97;0.25615196465390233;True;ok;8;0.46;0.5;2
100;4817;96.34;99;85;0.9750227687469323;0.974848129596078;1.026868686868687;17.574751851434932;91;96;0.26754578746037466;True;ok;9;0.46;0.5;2
100;4762;95.24;99;84;0.9654168126353656;0.9651128394803623;1.037979797979798;20.573783228102112;92;81;0.2565132803037011;True;ok;0;0.46;0.55;2
100;4807;96.14;99;84;0.9736564705685826;0.9733790989244213;1.028888888888889;15.183389263109664;90;95;0.2754115608283017;True;ok;1;0.46;0.55;2
100;4869;97.38;99;90;0.984765149086069;0.9846504070580869;1.0163636363636364;13.743523819744237;90;100;0.3521693548848988;True;ok;2;0.46;0.55;2
100;4783;95.66;99;86;0.9686434737930614;0.9684360505252572;1.0337373737373738;28.948497601030148;94;75;0.2777347735116038;True;ok;3;0.46;0.55;2
100;4715;94.3;99;82;0.9574193039905283;0.9568427210353756;1.0474747474747474;14.745933708258537;89;85;0.23137514934144676;True;ok;4;0.46;0.55;2
100;4833;96.66;99;88;0.9779719425534492;0.9778204676631321;1.0236363636363637;22.147304419486506;93;88;0.2958251821648758;True;ok;5;0.46;0.55;2
100;4808;96.16;99;86;0.973709298431047;0.9734361255595985;1.0286868686868686;12.220863677551375;88;99;0.27987945683509463;True;ok;6;0.46;0.55;2
100;4799;95.98;99;89;0.971314156155525;0.971134101951056;1.0305050505050506;20.854600306421574;92;88;0.2331756802411541;True;ok;7;0.46;0.55;2
100;4789;95.78;99;87;0.9697287629888869;0.9694962167299962;1.0325252525252526;14.09380179422198;89;96;0.2643433390294106;True;ok;8;0.46;0.55;2
100;4826;96.52;99;86;0.9766774664390162;0.976513317715997;1.025050505050505;14.957609743215581;90;98;0.2747224237652867;True;ok;9;0.46;0.55;2
100;4774;95.48;99;84;0.9676486435458503;0.9673521418517568;1.0355555555555556;18.14945420411363;91;89;0.2521363381658547;True;ok;0;0.46;0.6;2
100;4817;96.34;99;85;0.9754375606497915;0.9751873992871543;1.026868686868687;14.958362789785799;90;96;0.2708599607735214;True;ok;1;0.46;0.6;2
100;4875;97.5;99;90;0.9858401940617693;0.9857409622301203;1.0151515151515151;13.54083895107432;90;100;0.35628771755652117;True;ok;2;0.46;0.6;2
100;4801;96.02;99;86;0.9718233361667931;0.9716569671969627;1.0301010101010102;15.577717153954685;90;95;0.2728519238358988;True;ok;3;0.46;0.6;2
100;4725;94.5;99;82;0.959104389399985;0.9585638478039968;1.0454545454545454;12.445881950685356;87;95;0.23039194978913577;True;ok;4;0.46;0.6;2
100;4842;96.84;99;89;0.9796035495354858;0.9794728037256409;1.0218181818181817;26.17022191808519;94;85;0.30514844918534606;True;ok;5;0.46;0.6;2
100;4813;96.26;99;87;0.9745542258281193;0.9742997677873577;1.0276767676767677;13.544662239355413;89;98;0.2866429745238211;True;ok;6;0.46;0.6;2
100;4808;96.16;99;89;0.9729371652089978;0.9727812433814491;1.0286868686868686;21.01113411204033;92;91;0.24201307130801364;True;ok;7;0.46;0.6;2
100;4800;96.0;99;88;0.9717440353490232;0.9715300152666405;1.0303030303030303;12.573815507384575;88;100;0.2639141108990315;True;ok;8;0.46;0.6;2
100;4833;96.66;99;87;0.9779869529626356;0.9778335767937559;1.0236363636363637;14.691561244944081;90;98;0.2842457142248403;True;ok;9;0.46;0.6;2
100;4781;95.62;99;84;0.9688445312092782;0.9685611761642251;1.0341414141414143;18.066844871706813;91;90;0.24307906202784674;True;ok;0;0.46;0.65;2
100;4824;96.48;99;86;0.9766224548872916;0.97640196035911;1.0254545454545454;14.891025731977942;90;97;0.28272905594242403;True;ok;1;0.46;0.65;2
100;4878;97.56;99;90;0.9863443272083313;0.9862586413963733;1.0145454545454546;13.440884021181734;90;100;0.3533495713552733;True;ok;2;0.46;0.65;2
100;4812;96.24;99;86;0.9738120600945382;0.9736668301454962;1.0278787878787878;17.51765135150326;91;94;0.2793544373338726;True;ok;3;0.46;0.65;2
100;4730;94.6;99;82;0.9599068569224889;0.9594007463628333;1.0444444444444445;13.521598805595325;88;92;0.22881718372708004;True;ok;4;0.46;0.65;2
100;4849;96.98;99;89;0.9809144383283394;0.9807935076645626;1.0204040404040404;25.781843444766363;94;86;0.33162706917247353;True;ok;5;0.46;0.65;2
100;4820;96.4;99;88;0.9757438596047523;0.9755232906706983;1.0262626262626262;14.978798651423869;90;96;0.28181204240627933;True;ok;6;0.46;0.65;2
100;4816;96.32;99;90;0.9743803317592201;0.9742450787294471;1.027070707070707;20.943672166181926;92;93;0.23261531053452172;True;ok;7;0.46;0.65;2
100;4813;96.26;99;88;0.9741713240108618;0.9739775898768815;1.0276767676767677;15.447821135021123;90;97;0.26938487004252604;True;ok;8;0.46;0.65;2
100;4835;96.7;99;87;0.9783612957405541;0.978210036079102;1.0232323232323233;16.8287230232466;91;97;0.2855157853626187;True;ok;9;0.46;0.65;2
100;4790;95.8;99;86;0.970393839950842;0.97013113802475;1.0323232323232323;17.85355678049838;91;91;0.24238106992497516;True;ok;0;0.46;0.7;2
100;4833;96.66;99;87;0.9781401153970744;0.9779604324941011;1.0236363636363637;14.72008976309837;90;98;0.28135908297280365;True;ok;1;0.46;0.7;2
100;4883;97.66;99;90;0.987279160453888;0.9872011248779723;1.0135353535353535;13.280996265764772;90;100;0.35859740771224485;True;ok;2;0.46;0.7;2
100;4827;96.54;99;87;0.9766691479235702;0.9765318324797879;1.024848484848485;15.140321408360359;90;99;0.28538783254603106;True;ok;3;0.46;0.7;2
100;4739;94.78;99;82;0.9615025640476322;0.9610240613556712;1.0426262626262626;13.387132971192173;88;93;0.2361840775209636;True;ok;4;0.46;0.7;2
100;4857;97.14;99;89;0.9824435082156414;0.9823282687780869;1.0187878787878788;18.42647243399619;92;96;0.32576265017373307;True;ok;5;0.46;0.7;2
100;4827;96.54;99;89;0.9770259264042028;0.9768188395123769;1.024848484848485;13.379830723009075;89;100;0.2883158629444503;True;ok;6;0.46;0.7;2
100;4822;96.44;99;90;0.9754773711383913;0.975354314297624;1.0258585858585858;20.920806258374682;92;95;0.23204636368380394;True;ok;7;0.46;0.7;2
100;4822;96.44;99;88;0.9758425200083616;0.9756663533610171;1.0258585858585858;17.458723549324695;91;96;0.26496518528119434;True;ok;8;0.46;0.7;2
100;4838;96.76;99;87;0.9789310011916182;0.9787844741512604;1.0226262626262625;16.66750324621017;91;97;0.2847925046871246;True;ok;9;0.46;0.7;2
100;4800;96.0;99;87;0.9721932275480456;0.97195201534668;1.0303030303030303;17.34346545828889;91;91;0.2751080757352682;True;ok;0;0.46;0.75;2
100;4838;96.76;99;87;0.9790522026587021;0.9788848564830089;1.0226262626262625;16.893780380234993;91;98;0.2889692138649253;True;ok;1;0.46;0.75;2
100;4886;97.72;99;90;0.9878162110285404;0.9877452172717562;1.012929292929293;13.186259703924947;90;100;0.3625680188482344;True;ok;2;0.46;0.75;2
100;4833;96.66;99;87;0.9778126499708064;0.9776785135433009;1.0236363636363637;17.21229412576268;91;98;0.2737404932131514;True;ok;3;0.46;0.75;2
100;4744;94.88;99;82;0.9624359426605562;0.961965361951919;1.0416161616161617;13.380966758144497;88;94;0.2326388915898142;True;ok;4;0.46;0.75;2
100;4861;97.22;99;89;0.9831977302090315;0.9830876022039956;1.017979797979798;18.16500615622193;92;96;0.33641993599870496;True;ok;5;0.46;0.75;2
100;4835;96.7;99;89;0.978526041086524;0.9783322574307446;1.0232323232323233;16.377475210257874;91;94;0.30535809423479593;True;ok;6;0.46;0.75;2
100;4824;96.48;99;90;0.9758683872010897;0.9757477418067282;1.0254545454545454;20.747317601088195;92;95;0.23912652888719083;True;ok;7;0.46;0.75;2
100;4826;96.52;99;89;0.9765659057616064;0.976399300431054;1.025050505050505;15.065406747359633;90;98;0.27004272100864796;True;ok;8;0.46;0.75;2
100;4844;96.88;99;87;0.9799676418861095;0.9798422229058608;1.0214141414141413;19.254505528840685;92;96;0.29650843148780065;True;ok;9;0.46;0.75;2
100;4805;96.1;99;87;0.9731170461802816;0.972883489480551;1.0292929292929294;12.189036268421786;88;98;0.29573856755199607;True;ok;0;0.46;0.8;2
100;4842;96.84;99;87;0.9797547851605755;0.979599086307749;1.0218181818181817;16.733124582248806;91;98;0.30364946295224665;True;ok;1;0.46;0.8;2
100;4888;97.76;99;90;0.9881955172875838;0.9881270645022898;1.0125252525252526;17.305064016443808;92;99;0.36021331889396385;True;ok;2;0.46;0.8;2
100;4835;96.7;99;87;0.9781962631758954;0.978063858592969;1.0232323232323233;17.100382168908016;91;98;0.2814220822679916;True;ok;3;0.46;0.8;2
100;4750;95.0;99;83;0.9634915416893007;0.9630333236483919;1.0404040404040404;13.487242868620333;88;96;0.2300691227862895;True;ok;4;0.46;0.8;2
100;4864;97.28;99;89;0.9837057343930223;0.983607082116099;1.0173737373737373;21.352632818552685;93;94;0.33091945727652905;True;ok;5;0.46;0.8;2
100;4840;96.8;99;89;0.9794589618866926;0.9792726019132982;1.0222222222222221;18.192770437131774;92;90;0.3165636636076935;True;ok;6;0.46;0.8;2
100;4829;96.58;99;90;0.9768173868010822;0.9767021985920006;1.0244444444444445;20.36729631330376;92;95;0.241658792791292;True;ok;7;0.46;0.8;2
100;4832;96.64;99;89;0.9776392062020964;0.9774899037505297;1.0238383838383838;14.974821930182909;90;99;0.2751795658143085;True;ok;8;0.46;0.8;2
100;4852;97.04;99;87;0.9814871196943663;0.9813658869215973;1.0197979797979797;18.946689171991622;92;97;0.31420554276219353;True;ok;9;0.46;0.8;2
100;4812;96.24;99;87;0.9744445730763514;0.9742253214207889;1.0278787878787878;10.973539699875394;87;100;0.30726146209956007;True;ok;0;0.46;0.85;2
100;4845;96.9;99;87;0.9802928165780465;0.9801441132262914;1.0212121212121212;16.760247668793077;91;99;0.29685320912458735;True;ok;1;0.46;0.85;2
100;4893;97.86;99;91;0.9890676767061489;0.9890153696239535;1.0115151515151515;17.054375518566378;92;99;0.3545147231487656;True;ok;2;0.46;0.85;2
100;4839;96.78;99;89;0.9788771911422184;0.978754228134964;1.0224242424242425;17.12579705739254;91;99;0.2748843234068263;True;ok;3;0.46;0.85;2
100;4758;95.16;99;84;0.964944787177306;0.9645095898955247;1.0387878787878788;13.232096584876622;88;96;0.24234280802443534;True;ok;4;0.46;0.85;2
100;4868;97.36;99;89;0.9844426910954753;0.9843493341116767;1.0165656565656567;21.294418827208524;93;95;0.3324533625171876;True;ok;5;0.46;0.85;2
100;4843;96.86;99;89;0.9799613948608104;0.9797880238876634;1.0216161616161616;16.17390554733945;91;95;0.3109625230809089;True;ok;6;0.46;0.85;2
100;4836;96.72;99;90;0.9781403966797391;0.9780336489269386;1.023030303030303;20.082543873033966;92;96;0.2467579861308301;True;ok;7;0.46;0.85;2
100;4838;96.76;99;89;0.9787589090678861;0.9786231884057971;1.0226262626262625;14.729422827509007;90;99;0.2888687568955039;True;ok;8;0.46;0.85;2
100;4855;97.1;99;87;0.9820729769891201;0.9819541593670892;1.0191919191919192;18.741430013901642;92;97;0.3202899057164389;True;ok;9;0.46;0.85;2
100;4817;96.34;99;87;0.9753489446323065;0.9751432038518247;1.026868686868687;19.16332726696605;92;89;0.3024300067824297;True;ok;0;0.46;0.9;2
100;4853;97.06;99;89;0.9817831289537243;0.9816401285148137;1.0195959595959596;16.40195809502945;91;99;0.31882794253270774;True;ok;1;0.46;0.9;2
100;4896;97.92;99;92;0.9895947443729147;0.9895508993389258;1.010909090909091;17.07967459822257;92;100;0.3679222023269554;True;ok;2;0.46;0.9;2
100;4843;96.86;99;90;0.9795599489340943;0.9794510965370137;1.0216161616161616;19.587616360535346;92;96;0.2758125685358796;True;ok;3;0.46;0.9;2
100;4763;95.26;99;84;0.9657595594847932;0.965359477124183;1.0377777777777777;15.604673757635306;90;87;0.2485840946039698;True;ok;4;0.46;0.9;2
100;4872;97.44;99;89;0.9852070453786625;0.9851191995507683;1.0157575757575759;21.194547991184596;93;96;0.34359890840408147;True;ok;5;0.46;0.9;2
100;4846;96.92;99;89;0.9805188912691533;0.9803499691557709;1.021010101010101;18.333868638494298;92;92;0.31730732108613025;True;ok;6;0.46;0.9;2
100;4840;96.8;99;90;0.9789202776163267;0.9788153400213355;1.0222222222222221;19.770290987313572;92;96;0.25453634712989726;True;ok;7;0.46;0.9;2
100;4842;96.84;99;89;0.979514306530665;0.9793857939828222;1.0218181818181817;14.571037842295835;90;99;0.28460124690557037;True;ok;8;0.46;0.9;2
100;4862;97.24;99;87;0.9833238824931287;0.9832221358460264;1.0177777777777777;22.020488558951847;93;96;0.31653667684243286;True;ok;9;0.46;0.9;2
100;4822;96.44;99;87;0.9762615869777724;0.9760661501399831;1.0258585858585858;18.858298971764487;92;89;0.30799008937843914;True;ok;0;0.46;0.95;2
100;4854;97.08;99;89;0.9819729014512183;0.9818318546719771;1.0193939393939393;16.35193367707758;91;99;0.3176523952803305;True;ok;1;0.46;0.95;2
100;4897;97.94;99;92;0.9897683516800933;0.9897277149535663;1.0107070707070707;17.02513276028981;92;100;0.3666723686689004;True;ok;2;0.46;0.95;2
100;4847;96.94;99;91;0.9802861918977431;0.9801848071344149;1.0208080808080808;19.78594064355691;92;98;0.2749461766656702;True;ok;3;0.46;0.95;2
100;4772;95.44;99;84;0.9673981966009713;0.9670112317741153;1.035959595959596;17.22687865757758;91;84;0.2690110567445786;True;ok;4;0.46;0.95;2
100;4877;97.54;99;89;0.9861792556774442;0.9860961931164481;1.0147474747474747;20.762732944394326;93;96;0.35308368879975044;True;ok;5;0.46;0.95;2
100;4849;96.98;99;89;0.9810407170238002;0.9808845408232271;1.0204040404040404;18.34893592780505;92;93;0.31780382330808044;True;ok;6;0.46;0.95;2
100;4844;96.88;99;90;0.9796967913719058;0.9795944713152143;1.0214141414141413;19.468068582600516;92;96;0.26155255922058723;True;ok;7;0.46;0.95;2
100;4848;96.96;99;89;0.9806406330522046;0.9805185460434606;1.0206060606060605;16.646128449940925;91;99;0.29241853724117395;True;ok;8;0.46;0.95;2
100;4867;97.34;99;87;0.9842312435699136;0.9841425127723108;1.0167676767676768;21.59396068318183;93;96;0.31947483580239516;True;ok;9;0.46;0.95;2
100;4824;96.48;99;87;0.9765988414016189;0.9764105833598979;1.0254545454545454;22.106022532200505;93;86;0.31414142934462724;True;ok;0;0.46;1.0;2
100;4860;97.2;99;90;0.9830366906776201;0.9829099652685012;1.018181818181818;18.62061046625176;92;97;0.3420316634771364;True;ok;1;0.46;1.0;2
100;4900;98.0;99;92;0.9903373629649657;0.9902995936429948;1.0101010101010102;16.86644324484908;92;100;0.37301138633687203;True;ok;2;0.46;1.0;2
100;4850;97.0;99;91;0.9808253431266681;0.9807324543423342;1.02020202020202;19.787823806571033;92;99;0.27776513601013764;True;ok;3;0.46;1.0;2
100;4775;95.5;99;85;0.9679059314460396;0.967524638578871;1.0353535353535352;15.178879804112134;90;87;0.26836822342321487;True;ok;4;0.46;1.0;2
100;4883;97.66;99;89;0.9873169605483476;0.9872437473398004;1.0135353535353535;20.509357061236404;93;97;0.3616546974794165;True;ok;5;0.46;1.0;2
100;4852;97.04;99;89;0.9815513523026519;0.9814091719040482;1.0197979797979797;18.398407549847697;92;94;0.3209823853334155;True;ok;6;0.46;1.0;2
100;4848;96.96;99;90;0.9804009705649105;0.9803103176427373;1.0206060606060605;19.435961937652838;92;97;0.2653232487353852;True;ok;7;0.46;1.0;2
100;4853;97.06;99;90;0.9815239441216135;0.9814150300317681;1.0195959595959596;19.53675692648635;92;99;0.296044783485535;True;ok;8;0.46;1.0;2
100;4869;97.38;99;87;0.9845870116699521;0.9845044776437265;1.0163636363636364;21.92990594522698;93;98;0.31028279487323496;True;ok;9;0.46;1.0;2
100;4558;91.16;98;74;0.9265650757186363;0.9265194857479622;1.0791919191919193;43.82907926826821;93;48;0.20216192077063838;True;ok;0;0.51;0.0;2
100;4626;92.52;98;77;0.9399065522222122;0.9398685669750391;1.0654545454545454;66.13476455429486;94;65;0.26153846153846155;True;ok;1;0.51;0.0;2
100;4683;93.66;98;76;0.9501261301778127;0.9500726450141612;1.053939393939394;32.481023927298295;93;74;0.29409193756244556;True;ok;2;0.51;0.0;2
100;4612;92.24;99;76;0.9363238965254389;0.9362700489136617;1.0682828282828283;48.646708749002066;93;67;0.19402985074626866;True;ok;3;0.51;0.0;2
100;4491;89.82;97;73;0.9134630520497814;0.9133025379924402;1.0927272727272728;38.38090597218041;91;58;0.2287376527376349;True;ok;4;0.51;0.0;2
100;4621;92.42;99;75;0.9386829635582692;0.9387190179184572;1.0664646464646466;52.41544970758972;94;55;0.23780860424969602;True;ok;5;0.51;0.0;2
100;4642;92.84;99;73;0.9426434052346585;0.9424689960376679;1.0622222222222222;49.9548138329393;94;60;0.24323062980546195;True;ok;6;0.51;0.0;2
100;4635;92.7;99;78;0.9403322523341724;0.9402051838134334;1.0636363636363637;60.78172592014073;94;59;0.24846105882641564;True;ok;7;0.51;0.0;2
100;4612;92.24;98;75;0.9357028181274677;0.9356340585722481;1.0682828282828283;47.52043777560203;93;64;0.22211158143059695;True;ok;8;0.51;0.0;2
100;4661;93.22;99;74;0.9455712087335294;0.9455350988551416;1.0583838383838384;39.2244060132982;93;73;0.21414884987162536;True;ok;9;0.51;0.0;2
100;4621;92.42;99;76;0.9384393381375271;0.9383054656004229;1.0664646464646466;38.4688364300515;93;62;0.19459017785568145;True;ok;0;0.51;0.05;2
100;4691;93.82;99;81;0.9515685590859821;0.9514284143088895;1.0523232323232323;60.26167526283425;95;61;0.29841518890425545;True;ok;1;0.51;0.05;2
100;4727;94.54;99;78;0.9580705906718836;0.958006126175745;1.045050505050505;50.979196519914616;95;67;0.31791383836180637;True;ok;2;0.51;0.05;2
100;4669;93.38;99;78;0.9471630798841424;0.9470660344628195;1.0567676767676768;35.770326886409826;93;73;0.2574698652183095;True;ok;3;0.51;0.05;2
100;4559;91.18;98;78;0.9261008783152616;0.9258668231721957;1.078989898989899;29.006052911639838;91;64;0.22182479068394279;True;ok;4;0.51;0.05;2
100;4677;93.54;99;79;0.948717168725217;0.948667001664231;1.0551515151515152;45.00463318007015;94;64;0.22904216431540392;True;ok;5;0.51;0.05;2
100;4698;93.96;99;77;0.952792606015916;0.9525863644671907;1.050909090909091;54.58625293764334;95;59;0.27688666026090925;True;ok;6;0.51;0.05;2
100;4686;93.72;99;79;0.9497712148483203;0.9496429153908176;1.0533333333333332;34.13701125750474;93;72;0.2896702126303577;True;ok;7;0.51;0.05;2
100;4659;93.18;99;76;0.9447473154855924;0.9446291533362607;1.0587878787878788;51.577127959049946;94;62;0.23703591227299908;True;ok;8;0.51;0.05;2
100;4721;94.42;99;75;0.9569181026158465;0.9568086464174667;1.0462626262626262;52.95504684736061;95;62;0.22605110051774674;True;ok;9;0.51;0.05;2
100;4668;93.36;99;77;0.9472487000962166;0.9470575305699841;1.056969696969697;40.52198075595108;94;59;0.1750229524411902;True;ok;0;0.51;0.1;2
100;4743;94.86;99;84;0.9614017454241985;0.9612080175776871;1.0418181818181818;45.96901301600497;95;69;0.24583592414124672;True;ok;1;0.51;0.1;2
100;4769;95.38;99;82;0.9656940565852828;0.96562136019257;1.0365656565656565;70.00003096583438;96;69;0.3079252977693059;True;ok;2;0.51;0.1;2
100;4701;94.02;99;80;0.9529556993709412;0.9528303393942437;1.0503030303030303;52.78007774390381;95;57;0.26064039294521474;True;ok;3;0.51;0.1;2
100;4621;92.42;99;80;0.9380928780767845;0.9377895089738928;1.0664646464646466;45.30919261733756;94;51;0.2144160666155835;True;ok;4;0.51;0.1;2
100;4731;94.62;99;81;0.9586364704448481;0.958563398946168;1.0442424242424242;53.04889743316296;95;67;0.24106511124877814;True;ok;5;0.51;0.1;2
100;4751;95.02;99;81;0.9625421047774076;0.9623489128879988;1.0402020202020201;65.06391686657348;96;60;0.2351505376430978;True;ok;6;0.51;0.1;2
100;4728;94.56;99;82;0.9577818662156871;0.9576467614419871;1.044848484848485;54.05368673267195;95;65;0.24162287934372784;True;ok;7;0.51;0.1;2
100;4689;93.78;99;78;0.9505322228187951;0.9503946816051533;1.0527272727272727;42.98369188305452;94;65;0.2356346874125803;True;ok;8;0.51;0.1;2
100;4763;95.26;99;79;0.9646050676291094;0.9644815913670473;1.0377777777777777;64.70767271017205;96;61;0.25373816762246904;True;ok;9;0.51;0.1;2
100;4717;94.34;99;79;0.9564821636856283;0.9562833603426978;1.047070707070707;47.02691715192057;95;61;0.18570794428065762;True;ok;0;0.51;0.15;2
100;4772;95.44;99;85;0.9666848617427487;0.9664842590336088;1.035959595959596;39.972218217533054;95;71;0.24614966486108986;True;ok;1;0.51;0.15;2
100;4809;96.18;99;85;0.9732190912790655;0.9731394813397087;1.0284848484848486;55.45611633546803;96;74;0.3232962246602618;True;ok;2;0.51;0.15;2
100;4735;94.7;99;82;0.9592651189852147;0.9591418850806451;1.0434343434343434;71.01517182479407;96;57;0.2878726814126092;True;ok;3;0.51;0.15;2
100;4679;93.58;99;80;0.9490837542361636;0.9488104369217162;1.0547474747474748;30.93787226215477;93;67;0.20908978821544333;True;ok;4;0.51;0.15;2
100;4771;95.42;99;83;0.9660384004915491;0.9659369014683975;1.036161616161616;43.36392891427855;95;72;0.26685537809109605;True;ok;5;0.51;0.15;2
100;4778;95.56;99;83;0.9676289576996224;0.9674394960769146;1.0347474747474747;52.579787745664355;96;61;0.2828963290505253;True;ok;6;0.51;0.15;2
100;4759;95.18;99;84;0.9637271650744055;0.9635643405533301;1.0385858585858585;44.12193669331012;95;67;0.21964749494443397;True;ok;7;0.51;0.15;2
100;4717;94.34;99;78;0.9559834591528046;0.9558015057775884;1.047070707070707;38.77362821058612;94;69;0.2007117225441084;True;ok;8;0.51;0.15;2
100;4790;95.8;99;80;0.9697313842855654;0.9696087940510831;1.0323232323232323;18.42429416914253;91;94;0.29337713390127895;True;ok;9;0.51;0.15;2
100;4741;94.82;99;80;0.9609226805179655;0.96072491281927;1.0422222222222222;41.210416622746195;95;62;0.21461395774713865;True;ok;0;0.51;0.2;2
100;4798;95.96;99;86;0.971471746988066;0.9712937958124365;1.0307070707070707;48.91957627995279;96;66;0.29437121162009544;True;ok;1;0.51;0.2;2
100;4834;96.68;99;87;0.9777867684122558;0.9777182965320129;1.0234343434343434;35.03279931371494;95;81;0.34739090142993284;True;ok;2;0.51;0.2;2
100;4759;95.18;99;83;0.9637285056222004;0.963614246853675;1.0385858585858585;22.516491607322294;92;85;0.27510912309617175;True;ok;3;0.51;0.2;2
100;4708;94.16;99;81;0.9546850343553634;0.9543893898335165;1.048888888888889;23.54432478635875;92;75;0.2167203030028647;True;ok;4;0.51;0.2;2
100;4790;95.8;99;86;0.9695317035358291;0.9694212203796942;1.0323232323232323;39.005579447349405;95;72;0.2691988429683714;True;ok;5;0.51;0.2;2
100;4805;96.1;99;85;0.9725817564335361;0.9724182252183721;1.0292929292929294;48.9424706885861;96;67;0.2696712964240136;True;ok;6;0.51;0.2;2
100;4783;95.66;99;85;0.9681663449347184;0.9680124244155649;1.0337373737373738;40.33434523826915;95;70;0.23077451633887341;True;ok;7;0.51;0.2;2
100;4738;94.76;99;81;0.9598490542950013;0.9596593858787624;1.0428282828282829;35.08073598663177;94;70;0.2143699363392898;True;ok;8;0.51;0.2;2
100;4815;96.3;99;80;0.97461767557478;0.9744837764533276;1.0272727272727273;52.10285823290781;96;72;0.2861407196984336;True;ok;9;0.51;0.2;2
100;4755;95.1;99;80;0.9635926920663739;0.9633893313700556;1.0393939393939393;31.87662353199585;94;72;0.2418734890181225;True;ok;0;0.51;0.25;2
100;4816;96.32;99;87;0.9747220280505172;0.9745756810862565;1.027070707070707;20.076540554239948;92;92;0.2878005948831537;True;ok;1;0.51;0.25;2
100;4859;97.18;99;90;0.9824407941256261;0.982382528806426;1.0183838383838384;14.077338515714947;90;100;0.34450486437265293;True;ok;2;0.51;0.25;2
100;4778;95.56;99;84;0.9671836528338226;0.9670755511540358;1.0347474747474747;18.544708846864104;91;90;0.2865414192298114;True;ok;3;0.51;0.25;2
100;4729;94.58;99;83;0.9588213973435562;0.9585129055174046;1.0446464646464646;17.65955703628946;90;89;0.23450656658719393;True;ok;4;0.51;0.25;2
100;4814;96.28;99;87;0.9740627442976411;0.9739594450373532;1.0274747474747474;28.743232369725142;94;82;0.2768346806233047;True;ok;5;0.51;0.25;2
100;4820;96.4;99;86;0.975413027041191;0.9752593983002242;1.0262626262626262;27.31463059535534;94;81;0.2956253963825636;True;ok;6;0.51;0.25;2
100;4799;95.98;99;86;0.9711181035759303;0.9709829206873805;1.0305050505050506;31.28179311821443;94;81;0.23106033218658856;True;ok;7;0.51;0.25;2
100;4768;95.36;99;85;0.9653543920753609;0.965181141967978;1.0367676767676768;32.02483563028022;94;74;0.23636769934021545;True;ok;8;0.51;0.25;2
100;4827;96.54;99;82;0.9767678269885595;0.97665229729437;1.024848484848485;50.62673901606396;96;75;0.29391488847890956;True;ok;9;0.51;0.25;2
100;4769;95.38;99;80;0.966331979150093;0.966131243096496;1.0365656565656565;31.298374215266342;94;76;0.23474857581820704;True;ok;0;0.51;0.3;2
100;4831;96.62;99;87;0.9775117658285615;0.9773865162561448;1.024040404040404;19.33062172186701;92;93;0.29837442088107763;True;ok;1;0.51;0.3;2
100;4872;97.44;99;90;0.9849341901952312;0.9848834562554113;1.0157575757575759;18.239640100809236;92;99;0.33579961714533235;True;ok;2;0.51;0.3;2
100;4799;95.98;99;85;0.9710784779853366;0.9709784738385472;1.0305050505050506;15.989453581270029;90;97;0.27972280120126725;True;ok;3;0.51;0.3;2
100;4746;94.92;99;84;0.9620768972655385;0.9617622163404049;1.0412121212121213;21.48517083947009;92;79;0.24126288613695251;True;ok;4;0.51;0.3;2
100;4831;96.62;99;88;0.9771735163911554;0.9770890158356604;1.024040404040404;27.643663861802636;94;84;0.29320131026871155;True;ok;5;0.51;0.3;2
100;4831;96.62;99;86;0.9774608092244604;0.977325273323024;1.024040404040404;27.319843633804833;94;84;0.2970206993611779;True;ok;6;0.51;0.3;2
100;4815;96.3;99;88;0.9741018057476731;0.9739898363097182;1.0272727272727273;30.94186118983113;94;86;0.2491645382722777;True;ok;7;0.51;0.3;2
100;4794;95.88;99;87;0.970283144580406;0.9701251301151161;1.0315151515151515;37.32395158436305;95;71;0.2542159906160265;True;ok;8;0.51;0.3;2
100;4840;96.8;99;84;0.9790954919539034;0.978993914527557;1.0222222222222221;34.746589697586245;95;82;0.2976244470553182;True;ok;9;0.51;0.3;2
100;4782;95.64;99;82;0.9685917414618618;0.9684234679469077;1.033939393939394;25.59046650088519;93;85;0.23320106347324143;True;ok;0;0.51;0.35;2
100;4838;96.76;99;87;0.9788301763017231;0.9787147321226394;1.0226262626262625;22.534106651413268;93;91;0.29949575181181337;True;ok;1;0.51;0.35;2
100;4881;97.62;99;91;0.986647780282152;0.986604408251854;1.013939393939394;15.28275502076555;91;100;0.34903828664807157;True;ok;2;0.51;0.35;2
100;4810;96.2;99;88;0.9730520138385634;0.9729667812142039;1.0282828282828282;20.616139808863387;92;91;0.2803484669161441;True;ok;3;0.51;0.35;2
100;4755;95.1;99;84;0.9637661888050664;0.9634574841883345;1.0393939393939393;25.051373153841382;93;76;0.22891885238158277;True;ok;4;0.51;0.35;2
100;4841;96.82;99;89;0.979062190202977;0.9789831516224723;1.022020202020202;34.90006364253658;95;82;0.297791217097103;True;ok;5;0.51;0.35;2
100;4833;96.66;99;86;0.9778361900171848;0.9777024778386229;1.0236363636363637;27.064162474781384;94;84;0.2934436602032322;True;ok;6;0.51;0.35;2
100;4830;96.6;99;88;0.9769066575437086;0.9768146928282223;1.0242424242424242;48.327463206146106;96;71;0.27395549564978783;True;ok;7;0.51;0.35;2
100;4809;96.18;99;88;0.9730646362643784;0.9729271385574382;1.0284848484848486;20.816616581288784;92;91;0.27304615124011294;True;ok;8;0.51;0.35;2
100;4850;97.0;99;84;0.9810080242602648;0.9809122379295766;1.02020202020202;26.565193172913723;94;88;0.3144907638862256;True;ok;9;0.51;0.35;2
100;4799;95.98;99;85;0.9716296527200429;0.9714719550913358;1.0305050505050506;20.593644831106957;92;90;0.2767582230191169;True;ok;0;0.51;0.4;2
100;4849;96.98;99;88;0.9808100356463382;0.9807068017863277;1.0204040404040404;33.39723583736009;95;83;0.3215246923110139;True;ok;1;0.51;0.4;2
100;4889;97.78;99;92;0.9881650191787809;0.9881265013531986;1.0123232323232323;17.459508524691103;92;100;0.3565077331431738;True;ok;2;0.51;0.4;2
100;4826;96.52;99;88;0.9761370188168992;0.9760483974101923;1.025050505050505;24.495540886643415;93;92;0.2695165880786286;True;ok;3;0.51;0.4;2
100;4763;95.26;99;85;0.9651121537366142;0.9648301212133341;1.0377777777777777;16.73720404163336;90;92;0.23599890880958269;True;ok;4;0.51;0.4;2
100;4858;97.16;99;90;0.9822764556732426;0.9822129609622202;1.0185858585858585;32.74973617770216;95;83;0.3152366701644873;True;ok;5;0.51;0.4;2
100;4845;96.9;99;88;0.9800481562697928;0.9799311396368594;1.0212121212121212;26.45740846754106;94;86;0.2869887703798989;True;ok;6;0.51;0.4;2
100;4835;96.7;99;88;0.9778620641346653;0.9777734105893761;1.0232323232323233;19.790355021058758;92;95;0.2873829357270508;True;ok;7;0.51;0.4;2
100;4823;96.46;99;89;0.975690944330874;0.9755730756961217;1.0256565656565657;36.712216725101904;95;79;0.2842993332453469;True;ok;8;0.51;0.4;2
100;4861;97.22;99;86;0.9830700266104574;0.9829841785336567;1.017979797979798;26.22688411444718;94;91;0.3318258688958998;True;ok;9;0.51;0.4;2
100;4818;96.36;99;86;0.975155703875524;0.975019078119191;1.0266666666666666;23.688130344956036;93;89;0.2794794852935951;True;ok;0;0.51;0.45;2
100;4861;97.22;99;89;0.9830872681659995;0.9829927975779693;1.017979797979798;24.922344111247078;94;87;0.33296230465770094;True;ok;1;0.51;0.45;2
100;4893;97.86;99;93;0.9889134170406224;0.9888796312897477;1.0115151515151515;20.692685419481652;93;100;0.35344481869778593;True;ok;2;0.51;0.45;2
100;4838;96.76;99;88;0.9784051274409791;0.9783267042268103;1.0226262626262625;23.423896898474048;93;92;0.27409313886430925;True;ok;3;0.51;0.45;2
100;4771;95.42;99;85;0.966585243680526;0.9663201008889845;1.036161616161616;14.692656503473152;89;96;0.2469537494031302;True;ok;4;0.51;0.45;2
100;4863;97.26;99;90;0.9832603447605857;0.9831972603207679;1.0175757575757576;26.454494577591714;94;91;0.3197595235455169;True;ok;5;0.51;0.45;2
100;4851;97.02;99;89;0.9810642800547632;0.9809702389125361;1.02;26.73525007541525;94;88;0.2828333100640208;True;ok;6;0.51;0.45;2
100;4841;96.82;99;90;0.9789593039631526;0.9788786556794312;1.022020202020202;23.20064109475295;93;92;0.28128869174156457;True;ok;7;0.51;0.45;2
100;4838;96.76;99;90;0.9784869871615318;0.9783877521968138;1.0226262626262625;19.725272623423844;92;95;0.28324042324166954;True;ok;8;0.51;0.45;2
100;4870;97.4;99;87;0.9847227251121207;0.984650920199687;1.0161616161616163;26.18919994824041;94;94;0.3233627046107516;True;ok;9;0.51;0.45;2
100;4827;96.54;99;88;0.9767989192793507;0.9766698293453255;1.024848484848485;23.23605816507333;93;90;0.27462746410732225;True;ok;0;0.51;0.5;2
100;4869;97.38;99;91;0.9845790896946819;0.9844958929023987;1.0163636363636364;30.817739334865465;95;85;0.34545751231779004;True;ok;1;0.51;0.5;2
100;4898;97.96;99;93;0.9898530845839182;0.9898239933984367;1.0105050505050506;20.29630909517024;93;100;0.3559663007354301;True;ok;2;0.51;0.5;2
100;4849;96.98;99;88;0.9805355761347185;0.9804639857076598;1.0204040404040404;19.28226233257031;92;97;0.2994810307904961;True;ok;3;0.51;0.5;2
100;4778;95.56;99;86;0.9678363580293743;0.9675832408803002;1.0347474747474747;20.5657968134032;92;83;0.24938558751708553;True;ok;4;0.51;0.5;2
100;4868;97.36;99;90;0.9842339721578288;0.9841732504921888;1.0165656565656567;26.153795340055318;94;92;0.32887125392364835;True;ok;5;0.51;0.5;2
100;4858;97.16;99;90;0.9823944217748388;0.9823036111586514;1.0185858585858585;18.91870808716772;92;98;0.3090643375088976;True;ok;6;0.51;0.5;2
100;4850;97.0;99;90;0.9807080087175304;0.9806305378116629;1.02020202020202;27.969907234281646;94;90;0.27499306425481784;True;ok;7;0.51;0.5;2
100;4843;96.86;99;90;0.9794729665853658;0.9793749192819321;1.0216161616161616;19.580258917152314;92;96;0.29259651263718905;True;ok;8;0.51;0.5;2
100;4874;97.48;99;87;0.9854934695465141;0.9854239860233497;1.0153535353535355;32.0962882832998;95;89;0.33076988375728766;True;ok;9;0.51;0.5;2
100;4834;96.68;99;88;0.9781366522581115;0.9780109642775371;1.0234343434343434;22.570806531741738;93;90;0.2857115243155347;True;ok;0;0.51;0.55;2
100;4876;97.52;99;91;0.9859364080884638;0.9858566295456282;1.014949494949495;18.040253838458643;92;99;0.36184280198533586;True;ok;1;0.51;0.55;2
100;4904;98.08;99;94;0.9910062835402169;0.9909826099191291;1.0092929292929294;24.60053635923776;94;100;0.3556834524335558;True;ok;2;0.51;0.55;2
100;4854;97.08;99;89;0.9814564340661098;0.9813906044410539;1.0193939393939393;22.778346165891186;93;95;0.3013896806447675;True;ok;3;0.51;0.55;2
100;4786;95.72;99;86;0.9692349986471023;0.9690058750057825;1.0331313131313131;16.094941539344116;90;94;0.25016731061496494;True;ok;4;0.51;0.55;2
100;4872;97.44;99;90;0.9849612830024614;0.9849091763864987;1.0157575757575759;32.19397378729417;95;87;0.3220053340130938;True;ok;5;0.51;0.55;2
100;4863;97.26;99;91;0.9833324385580896;0.9832489303739634;1.0175757575757576;21.45456133212176;93;93;0.31935356488187616;True;ok;6;0.51;0.55;2
100;4852;97.04;99;91;0.9810618528062025;0.9809892292316337;1.0197979797979797;28.100341665617567;94;91;0.2811504690299595;True;ok;7;0.51;0.55;2
100;4854;97.08;99;91;0.9815912641270377;0.9815030685363596;1.0193939393939393;19.269419120547678;92;98;0.3033988227584905;True;ok;8;0.51;0.55;2
100;4876;97.52;99;87;0.9858721833088004;0.9858053007135575;1.014949494949495;32.221888639514574;95;90;0.33376006123057184;True;ok;9;0.51;0.55;2
100;4842;96.84;99;88;0.9796621570453001;0.9795467561155199;1.0218181818181817;21.896505694373744;93;90;0.3071441818625169;True;ok;0;0.51;0.6;2
100;4879;97.58;99;91;0.9865207650609689;0.9864423172777734;1.0143434343434343;15.380034910114382;91;100;0.36075754748701017;True;ok;1;0.51;0.6;2
100;4905;98.1;99;94;0.9912115056220274;0.9911878182818135;1.009090909090909;24.487406840996258;94;100;0.3639528223772737;True;ok;2;0.51;0.6;2
100;4859;97.18;99;89;0.9824483695372653;0.982382528806426;1.0183838383838384;18.840699056963885;92;98;0.30751314768083593;True;ok;3;0.51;0.6;2
100;4798;95.96;99;87;0.9714974022573237;0.9712849019960281;1.0307070707070707;15.706880299490804;90;95;0.2537542385247911;True;ok;4;0.51;0.6;2
100;4879;97.58;99;90;0.9863429240553946;0.9862928269612584;1.0143434343434343;25.714087885813424;94;95;0.3399511662233951;True;ok;5;0.51;0.6;2
100;4866;97.32;99;91;0.9838747857645234;0.9837979499011628;1.016969696969697;21.48671099696071;93;94;0.32924060949462675;True;ok;6;0.51;0.6;2
100;4859;97.18;99;91;0.9823793341067018;0.9823178047387771;1.0183838383838384;27.864959133230375;94;93;0.2757190809117144;True;ok;7;0.51;0.6;2
100;4864;97.28;99;92;0.9834106632258307;0.9833445735408362;1.0173737373737373;19.006242461882433;92;100;0.3094171780142666;True;ok;8;0.51;0.6;2
100;4878;97.56;99;87;0.9862677999936355;0.9862030916787795;1.0145454545454546;43.50254229134232;96;86;0.33425678409006726;True;ok;9;0.51;0.6;2
100;4847;96.94;99;88;0.9805788654215101;0.9804733409967449;1.0208080808080808;25.48986831758853;94;85;0.320502002024815;True;ok;0;0.51;0.65;2
100;4885;97.7;99;92;0.9875428169641814;0.9874859285466411;1.013131313131313;17.697255396927897;92;100;0.36177771602742276;True;ok;1;0.51;0.65;2
100;4906;98.12;99;94;0.9914120535664704;0.9913886440891351;1.008888888888889;24.37478777165691;94;100;0.37246440911079115;True;ok;2;0.51;0.65;2
100;4866;97.32;99;89;0.98378014093484;0.9837205582863296;1.016969696969697;22.178882531348073;93;97;0.29900876890081374;True;ok;3;0.51;0.65;2
100;4799;95.98;99;87;0.9716986319569523;0.9714852890910525;1.0305050505050506;17.83770199400661;91;92;0.2565665743794977;True;ok;4;0.51;0.65;2
100;4884;97.68;99;90;0.987284036530681;0.9872391952309985;1.0133333333333334;32.48872246066113;95;93;0.3400136567913453;True;ok;5;0.51;0.65;2
100;4870;97.4;99;91;0.9846342090424262;0.9845608178593782;1.0161616161616163;25.333205501202734;94;90;0.3388715507091964;True;ok;6;0.51;0.65;2
100;4861;97.22;99;91;0.9827786707099138;0.9827169516190036;1.017979797979798;27.546948961729775;94;93;0.274243666524838;True;ok;7;0.51;0.65;2
100;4870;97.4;99;92;0.9845266139815726;0.9844707074621082;1.0161616161616163;18.606740263751806;92;100;0.3261522936606407;True;ok;8;0.51;0.65;2
100;4882;97.64;99;87;0.9870084965825897;0.9869498161110452;1.0137373737373738;31.583670815552956;95;91;0.32836287984688833;True;ok;9;0.51;0.65;2
100;4853;97.06;99;89;0.98169187255098;0.9815967488875743;1.0195959595959596;24.848883182881;94;85;0.3272748766686156;True;ok;0;0.51;0.7;2
100;4889;97.78;99;93;0.9883040557376042;0.9882497591644274;1.0123232323232323;21.034856274394798;93;100;0.3797769575137948;True;ok;1;0.51;0.7;2
100;4909;98.18;99;94;0.9919767231759998;0.9919564752679428;1.0082828282828282;24.03873282433641;94;100;0.387140086744024;True;ok;2;0.51;0.7;2
100;4868;97.36;99;90;0.9841353968035769;0.9840787539153225;1.0165656565656567;22.035041753138437;93;97;0.3016154625432287;True;ok;3;0.51;0.7;2
100;4807;96.14;99;87;0.9732288457594656;0.9730204279518325;1.028888888888889;17.331953429109067;91;92;0.2673260167998896;True;ok;4;0.51;0.7;2
100;4891;97.82;99;91;0.9885761085469922;0.9885415853058709;1.0119191919191919;31.749392334468254;95;94;0.34962143284473557;True;ok;5;0.51;0.7;2
100;4873;97.46;99;91;0.9852318600629869;0.9851581255010196;1.0155555555555555;21.11300620465868;93;95;0.33510655528421907;True;ok;6;0.51;0.7;2
100;4865;97.3;99;91;0.9835255770149643;0.9834702633280069;1.0171717171717172;27.28236750129063;94;94;0.27578881967580715;True;ok;7;0.51;0.7;2
100;4875;97.5;99;92;0.9855081138955335;0.9854542209530609;1.0151515151515151;21.74531001920882;93;98;0.32745852747108867;True;ok;8;0.51;0.7;2
100;4886;97.72;99;87;0.9877874436570945;0.9877281927955481;1.012929292929293;25.25019291742954;94;97;0.3373211163084815;True;ok;9;0.51;0.7;2
100;4857;97.14;99;89;0.9824087897478061;0.982319633296098;1.0187878787878788;24.923606526122118;94;86;0.3307088897214928;True;ok;0;0.51;0.75;2
100;4892;97.84;99;93;0.9888691649672645;0.9888167723094842;1.0117171717171718;20.786537649720174;93;100;0.3751929353406992;True;ok;1;0.51;0.75;2
100;4910;98.2;99;94;0.9921724784612119;0.9921524593220445;1.0080808080808081;23.929783504934086;94;100;0.3853978695810172;True;ok;2;0.51;0.75;2
100;4869;97.38;99;91;0.9843158631593198;0.9842597838542443;1.0163636363636364;21.988832661764473;93;97;0.3008625668304802;True;ok;3;0.51;0.75;2
100;4818;96.36;99;87;0.9752092162072438;0.9750278832837268;1.0266666666666666;15.182027321250672;90;97;0.2903199832185017;True;ok;4;0.51;0.75;2
100;4895;97.9;99;91;0.9893546799509325;0.9893230933944808;1.011111111111111;24.27942956733368;94;96;0.3605444940150487;True;ok;5;0.51;0.75;2
100;4876;97.52;99;91;0.9857876362290395;0.9857197468461963;1.014949494949495;25.264841968180257;94;92;0.33520886963182517;True;ok;6;0.51;0.75;2
100;4867;97.34;99;91;0.9839036760179646;0.9838503040858134;1.0167676767676768;27.05663368216849;94;94;0.2794066475297886;True;ok;7;0.51;0.75;2
100;4876;97.52;99;92;0.9856954412170182;0.9856427421512949;1.014949494949495;21.91205427091023;93;99;0.32285523478489353;True;ok;8;0.51;0.75;2
100;4887;97.74;99;87;0.9879862766446073;0.9879277100282462;1.0127272727272727;25.125827586066485;94;97;0.345802989346476;True;ok;9;0.51;0.75;2
100;4861;97.22;99;89;0.9831035756907452;0.9830229636529899;1.017979797979798;24.58154458215906;94;86;0.3372413396645788;True;ok;0;0.51;0.8;2
100;4894;97.88;99;93;0.989256905163083;0.9892053264967068;1.0113131313131314;20.625505048590387;93;100;0.3721882125310423;True;ok;1;0.51;0.8;2
100;4910;98.2;99;94;0.9921724784612119;0.9921524593220445;1.0080808080808081;23.929783504934086;94;100;0.3853978695810172;True;ok;2;0.51;0.8;2
100;4873;97.46;99;92;0.9850593586327484;0.9850081657650301;1.0155555555555555;22.185482356012955;93;99;0.2965194011746423;True;ok;3;0.51;0.8;2
100;4822;96.44;99;87;0.9759547565462147;0.9757762033757033;1.0258585858585858;15.17552143933871;90;98;0.293307728803636;True;ok;4;0.51;0.8;2
100;4898;97.96;99;91;0.9899560402829941;0.9899255467169618;1.0105050505050506;19.802013993220772;93;98;0.3836973575871758;True;ok;5;0.51;0.8;2
100;4878;97.56;99;91;0.9861661916428172;0.9861005303019049;1.0145454545454546;21.181208666062776;93;97;0.32876093695291714;True;ok;6;0.51;0.8;2
100;4873;97.46;99;91;0.9850082446794747;0.98496531602608;1.0155555555555555;34.85837851706713;95;92;0.2959968237218568;True;ok;7;0.51;0.8;2
100;4878;97.56;99;92;0.9860848370614583;0.9860321502466974;1.0145454545454546;21.729972246193874;93;99;0.3196645959405865;True;ok;8;0.51;0.8;2
100;4891;97.82;99;87;0.988732502595253;0.9886816986317563;1.0119191919191919;31.33589758375;95;94;0.34464749041383524;True;ok;9;0.51;0.8;2
100;4869;97.38;99;89;0.9845641929345536;0.9844958929023987;1.0163636363636364;24.79686940154129;94;89;0.3354905408517368;True;ok;0;0.51;0.85;2
100;4895;97.9;99;93;0.9894498952909978;0.9893993677555322;1.011111111111111;20.54599321005762;93;100;0.3806952228890528;True;ok;1;0.51;0.85;2
100;4912;98.24;99;94;0.9925487870850632;0.9925313461578716;1.0076767676767677;23.713301754726114;94;100;0.38191253064317654;True;ok;2;0.51;0.85;2
100;4876;97.52;99;92;0.9856273364457582;0.9855785670745305;1.014949494949495;21.904775121952813;93;99;0.2931379803938545;True;ok;3;0.51;0.85;2
100;4828;96.56;99;87;0.9770310235420547;0.976861265030109;1.0246464646464646;19.776576836918807;92;93;0.2922126767925268;True;ok;4;0.51;0.85;2
100;4901;98.02;99;91;0.9905189492769314;0.9904927297345029;1.0098989898989899;30.394652237973805;95;95;0.3779887266802051;True;ok;5;0.51;0.85;2
100;4880;97.6;99;91;0.9865426285063452;0.9864806985255141;1.0141414141414142;21.007243760778163;93;97;0.3322689681572551;True;ok;6;0.51;0.85;2
100;4875;97.5;99;91;0.9853890103712512;0.9853472070238214;1.0151515151515151;34.34569181484367;95;92;0.29070818255415803;True;ok;7;0.51;0.85;2
100;4882;97.64;99;92;0.9868586506889641;0.9868090705119378;1.0137373737373738;21.37525231837978;93;99;0.3226313349212245;True;ok;8;0.51;0.85;2
100;4897;97.94;99;89;0.9898104700567154;0.9897700471698113;1.0107070707070707;30.5532242918361;95;94;0.3640082574039663;True;ok;9;0.51;0.85;2
100;4872;97.44;99;89;0.9851244058912942;0.9850591973998238;1.0157575757575759;24.536662020280883;94;89;0.3428399133701021;True;ok;0;0.51;0.9;2
100;4896;97.92;99;93;0.9896338150950702;0.9895847816469696;1.010909090909091;20.46627423643439;93;100;0.38919208991305876;True;ok;1;0.51;0.9;2
100;4914;98.28;99;94;0.992947718248398;0.9929306154547622;1.0072727272727273;23.50357194548073;94;100;0.38850577773827877;True;ok;2;0.51;0.9;2
100;4882;97.64;99;93;0.986767585915643;0.986723760570035;1.0137373737373738;21.617626959292455;93;100;0.3003411904783792;True;ok;3;0.51;0.9;2
100;4833;96.66;99;89;0.9778962798858326;0.9777418093099745;1.0236363636363637;19.700307915445467;92;94;0.2934958828102702;True;ok;4;0.51;0.9;2
100;4904;98.08;99;91;0.9910899189044657;0.991066985012946;1.0092929292929294;30.23629089249084;95;96;0.38872901825929673;True;ok;5;0.51;0.9;2
100;4880;97.6;99;91;0.9865426285063452;0.9864806985255141;1.0141414141414142;21.007243760778163;93;97;0.3322689681572551;True;ok;6;0.51;0.9;2
100;4876;97.52;99;91;0.9855724692271537;0.9855315027526677;1.014949494949495;34.22343756350324;95;92;0.3003000304305611;True;ok;7;0.51;0.9;2
100;4883;97.66;99;92;0.987054113474008;0.9870050383008283;1.0135353535353535;21.288672911483577;93;99;0.3210679409405565;True;ok;8;0.51;0.9;2
100;4898;97.96;99;89;0.9900032154856545;0.9899636265660784;1.0105050505050506;30.36190103918914;95;94;0.36184276544159544;True;ok;9;0.51;0.9;2
100;4872;97.44;99;89;0.9851244058912942;0.9850591973998238;1.0157575757575759;24.536662020280883;94;89;0.3428399133701021;True;ok;0;0.51;0.95;2
100;4898;97.96;99;93;0.990025300671241;0.9899763195284955;1.0105050505050506;20.31080504387999;93;100;0.38624254245534506;True;ok;1;0.51;0.95;2
100;4916;98.32;99;94;0.9933225747090556;0.9933082689482363;1.006868686868687;23.295015175972793;94;100;0.39508127034406;True;ok;2;0.51;0.95;2
100;4883;97.66;99;93;0.9869541126988476;0.986911244257785;1.0135353535353535;21.52897584941026;93;100;0.29887652072862997;True;ok;3;0.51;0.95;2
100;4834;96.68;99;89;0.9780646132425435;0.977914873762248;1.0234343434343434;19.620640759911495;92;94;0.29196349712521624;True;ok;4;0.51;0.95;2
100;4906;98.12;99;91;0.9914732398850721;0.9914518616435338;1.008888888888889;29.964851265128342;95;96;0.3957308173875972;True;ok;5;0.51;0.95;2
100;4884;97.68;99;91;0.98729189009828;0.9872349343646998;1.0133333333333334;25.00552265792181;94;94;0.34874438649039075;True;ok;6;0.51;0.95;2
100;4879;97.58;99;92;0.9861295599589642;0.9860920479013969;1.0143434343434343;26.370441426539177;94;96;0.2993402984843849;True;ok;7;0.51;0.95;2
100;4886;97.72;99;92;0.9876108204997608;0.9875664459030403;1.012929292929293;21.03071659312592;93;99;0.3264687023295307;True;ok;8;0.51;0.95;2
100;4901;98.02;99;89;0.9905473107875108;0.9905138539360568;1.0098989898989899;30.700182462688538;95;96;0.3572301468872838;True;ok;9;0.51;0.95;2
100;4874;97.48;99;89;0.9855064450004221;0.985441113021596;1.0153535353535355;21.15073796453468;93;96;0.3532266404867721;True;ok;0;0.51;1.0;2
100;4899;97.98;99;93;0.990193921507049;0.9901485917241437;1.0103030303030303;20.23178477631194;93;100;0.3847341471802044;True;ok;1;0.51;1.0;2
100;4918;98.36;99;95;0.9936979968243986;0.9936853183651991;1.0064646464646465;29.829533708942;95;100;0.4154790105427941;True;ok;2;0.51;1.0;2
100;4884;97.68;99;93;0.9871400151120915;0.9870985771174402;1.0133333333333334;21.44105503365471;93;100;0.307148158448046;True;ok;3;0.51;1.0;2
100;4840;96.8;99;89;0.9791159571090313;0.9789852043081193;1.0222222222222221;19.470901451792212;92;95;0.2812304400893995;True;ok;4;0.51;1.0;2
100;4908;98.16;99;91;0.9918429055700301;0.9918234879742377;1.0084848484848485;30.086529358816563;95;97;0.3889962621568564;True;ok;5;0.51;1.0;2
100;4886;97.72;99;91;0.9876828861066624;0.9876260398885709;1.012929292929293;24.754042314847712;94;94;0.3450132093150392;True;ok;6;0.51;1.0;2
100;4885;97.7;99;92;0.9872846044393775;0.9872516840093708;1.013131313131313;26.20987085299285;94;98;0.30216323527786976;True;ok;7;0.51;1.0;2
100;4886;97.72;99;92;0.9876108204997608;0.9875664459030403;1.012929292929293;21.03071659312592;93;99;0.3264687023295307;True;ok;8;0.51;1.0;2
100;4905;98.1;99;90;0.9912829614262202;0.9912552844026683;1.009090909090909;30.444990607523717;95;97;0.3629052832949212;True;ok;9;0.51;1.0;2
100;4680;93.6;99;79;0.9482517232737214;0.9482230462721976;1.0545454545454545;37.14571126180221;93;72;0.18934164678310295;True;ok;0;0.56;0.0;2
100;4736;94.72;99;83;0.9592447361535535;0.9592058914826328;1.0432323232323233;55.88719430912313;95;69;0.277728671293982;True;ok;1;0.56;0.0;2
100;4756;95.12;99;81;0.9630268726670802;0.9630106337178306;1.0391919191919192;51.13689558399295;95;75;0.2881521494683229;True;ok;2;0.56;0.0;2
100;4720;94.4;99;82;0.9559533376829076;0.9559104620931433;1.0464646464646465;32.248158909467904;93;79;0.2747681091704953;True;ok;3;0.56;0.0;2
100;4643;92.86;99;81;0.9409665745678818;0.9408372920225587;1.062020202020202;32.92847057622348;92;74;0.22211623138520992;True;ok;4;0.56;0.0;2
100;4715;94.3;99;79;0.9553251661809822;0.9553267333921777;1.0474747474747474;61.72126093877473;95;65;0.2397352263680224;True;ok;5;0.56;0.0;2
100;4754;95.08;99;80;0.9627594104951683;0.9626680240307014;1.0395959595959596;49.554677376901026;95;71;0.2295471710620276;True;ok;6;0.56;0.0;2
100;4726;94.52;99;81;0.9570237954788097;0.9569680649184001;1.0452525252525253;61.998172671655816;95;66;0.2902193904475187;True;ok;7;0.56;0.0;2
100;4716;94.32;99;80;0.9548162144238325;0.954784928914684;1.0472727272727274;45.64934867845433;94;72;0.25154849107032384;True;ok;8;0.56;0.0;2
100;4765;95.3;99;79;0.9645990397663812;0.9645545650333051;1.0373737373737373;51.51179223275996;95;75;0.26409475650433784;True;ok;9;0.56;0.0;2
100;4739;94.78;99;80;0.959689448427715;0.9596222845806645;1.0426262626262626;39.61385896489581;94;75;0.22312049425591635;True;ok;0;0.56;0.05;2
100;4790;95.8;99;86;0.9693736509848331;0.9693095529295827;1.0323232323232323;67.28277909076483;96;71;0.25741709413837577;True;ok;1;0.56;0.05;2
100;4807;96.14;99;86;0.9724099871202279;0.9723827874116892;1.028888888888889;62.670816388766895;96;75;0.32555638799525727;True;ok;2;0.56;0.05;2
100;4753;95.06;99;84;0.9621534842395552;0.9620914273459978;1.0397979797979797;37.77060948304976;94;78;0.2696721578830818;True;ok;3;0.56;0.05;2
100;4692;93.84;99;81;0.9505863385038231;0.9504495110722037;1.052121212121212;46.78069719041322;94;69;0.21005494059807372;True;ok;4;0.56;0.05;2
100;4762;95.24;99;81;0.9640707473360434;0.9640441937314329;1.037979797979798;50.83830166965648;95;74;0.27145610059918784;True;ok;5;0.56;0.05;2
100;4799;95.98;99;85;0.9712478341323435;0.971142994264977;1.0305050505050506;56.416312357447836;96;69;0.27746247706952504;True;ok;6;0.56;0.05;2
100;4776;95.52;99;84;0.966482192697365;0.9664198754685419;1.0351515151515152;49.475345022370654;95;77;0.2721226393957631;True;ok;7;0.56;0.05;2
100;4746;94.92;99;81;0.9607160083438643;0.9606525202148182;1.0412121212121213;54.708133554940545;95;68;0.2242744060586746;True;ok;8;0.56;0.05;2
100;4805;96.1;99;81;0.9722819820835485;0.9722143278753034;1.0292929292929294;64.60781993877914;96;74;0.2529816454937216;True;ok;9;0.56;0.05;2
100;4777;95.54;99;81;0.9671894528639161;0.9671053068011702;1.0349494949494948;43.32293327794689;95;71;0.23124531110132468;True;ok;0;0.56;0.1;2
100;4818;96.36;99;88;0.9746211961284525;0.9745522947949853;1.0266666666666666;58.25064672477846;96;76;0.27643323201164993;True;ok;1;0.56;0.1;2
100;4838;96.76;99;89;0.9782898144273453;0.9782656525696832;1.0226262626262625;53.51314878950932;96;80;0.3363484907994109;True;ok;2;0.56;0.1;2
100;4786;95.72;99;86;0.9683405212373509;0.9682808316530592;1.0331313131313131;65.39181541658682;96;67;0.30779252021070114;True;ok;3;0.56;0.1;2
100;4740;94.8;99;82;0.9600867335869603;0.9599242769594909;1.0424242424242425;35.97544180146734;94;73;0.25576877507790885;True;ok;4;0.56;0.1;2
100;4804;96.08;99;84;0.9719566312948885;0.9718993731600519;1.0294949494949495;58.948082583120325;96;71;0.28879937481668905;True;ok;5;0.56;0.1;2
100;4824;96.48;99;88;0.9759166434795021;0.9758223880435136;1.0254545454545454;36.63271343439478;95;80;0.29901790846126064;True;ok;6;0.56;0.1;2
100;4807;96.14;99;87;0.9723713349448991;0.9723030541355354;1.028888888888889;60.467071803484345;96;71;0.26996567568344376;True;ok;7;0.56;0.1;2
100;4775;95.5;99;84;0.9662437985082748;0.9661703568914449;1.0353535353535352;67.56727438918149;96;61;0.25243324793157645;True;ok;8;0.56;0.1;2
100;4833;96.66;99;82;0.9776646159215762;0.9775932157236497;1.0236363636363637;57.237266341485096;96;81;0.26881358789712484;True;ok;9;0.56;0.1;2
100;4803;96.06;99;82;0.9720256035943603;0.9719524548165424;1.0296969696969698;40.361513945077874;95;77;0.23491997536205678;True;ok;0;0.56;0.15;2
100;4843;96.86;99;88;0.9794084919314693;0.9793401238128858;1.0216161616161616;35.55471492151136;95;84;0.3251389265113814;True;ok;1;0.56;0.15;2
100;4870;97.4;99;91;0.9844170257536604;0.9843891720640274;1.0161616161616163;21.528202272695342;93;96;0.36704260845923026;True;ok;2;0.56;0.15;2
100;4812;96.24;99;88;0.9732815581549129;0.9732227534648867;1.0278787878787878;59.6238479143171;96;73;0.26351174644309805;True;ok;3;0.56;0.15;2
100;4766;95.32;99;85;0.9650187566117963;0.9648464922024259;1.0371717171717172;44.42662938457423;95;71;0.24324597828490424;True;ok;4;0.56;0.15;2
100;4834;96.68;99;89;0.9774912121160662;0.977443024190412;1.0234343434343434;53.72094165704881;96;77;0.2991599894486714;True;ok;5;0.56;0.15;2
100;4843;96.86;99;89;0.9795198375357361;0.9794358084693302;1.0216161616161616;27.060220509103203;94;87;0.31762183531162935;True;ok;6;0.56;0.15;2
100;4827;96.54;99;87;0.9762335676506629;0.9761568912954453;1.024848484848485;37.99349664960177;95;80;0.27482282950295883;True;ok;7;0.56;0.15;2
100;4811;96.22;99;87;0.973157215689389;0.9730859743902359;1.0280808080808082;41.52104665880342;95;81;0.2593579164773367;True;ok;8;0.56;0.15;2
100;4850;97.0;99;84;0.9809166881259915;0.9808472371860634;1.02020202020202;52.059102385906705;96;84;0.2819938884144777;True;ok;9;0.56;0.15;2
100;4820;96.4;99;82;0.97524120840809;0.9751714188877978;1.0262626262626262;38.16802447830461;95;80;0.2726237899186962;True;ok;0;0.56;0.2;2
100;4867;97.34;99;88;0.9840211875684167;0.9839663382629418;1.0167676767676768;33.614734422025336;95;89;0.3338682775289073;True;ok;1;0.56;0.2;2
100;4889;97.78;99;91;0.9880858821530789;0.9880627413861587;1.0123232323232323;20.730059466536133;93;99;0.37141471456588904;True;ok;2;0.56;0.2;2
100;4832;96.64;99;89;0.9771360381181415;0.9770700526757372;1.0238383838383838;50.29330867492057;96;73;0.29563625161479906;True;ok;3;0.56;0.2;2
100;4786;95.72;99;86;0.9688929650921354;0.9687239752012584;1.0331313131313131;39.9971353916674;95;73;0.2548693845802604;True;ok;4;0.56;0.2;2
100;4850;97.0;99;90;0.9806184369318568;0.9805698536514165;1.02020202020202;76.30178141739124;97;70;0.3094943305062775;True;ok;5;0.56;0.2;2
100;4854;97.08;99;89;0.9815382573229773;0.9814684655340887;1.0193939393939393;18.969448962511436;92;97;0.32837477505420803;True;ok;6;0.56;0.2;2
100;4840;96.8;99;88;0.9786812702956734;0.9786149505678181;1.0222222222222221;50.30233363576673;96;75;0.26483601040852206;True;ok;7;0.56;0.2;2
100;4833;96.66;99;88;0.977330618010194;0.9772653585277601;1.0236363636363637;53.42316082039316;96;76;0.25282480689896253;True;ok;8;0.56;0.2;2
100;4861;97.22;99;86;0.9829135435863052;0.9828548840290168;1.017979797979798;48.516200664349796;96;84;0.303166560897496;True;ok;9;0.56;0.2;2
100;4832;96.64;99;84;0.977470360629944;0.9774024491490245;1.0238383838383838;51.63914811191609;96;76;0.27958564770822475;True;ok;0;0.56;0.25;2
100;4876;97.52;99;90;0.9856839872715493;0.9856384639400562;1.014949494949495;21.00248908141671;93;96;0.34509259295471895;True;ok;1;0.56;0.25;2
100;4898;97.96;99;92;0.9898145475364784;0.9897943717475876;1.0105050505050506;24.638883291951117;94;98;0.3714945831841174;True;ok;2;0.56;0.25;2
100;4842;96.84;99;89;0.979082386436376;0.9790159189580319;1.0218181818181817;78.41220032671825;97;68;0.2940034090585255;True;ok;3;0.56;0.25;2
100;4803;96.06;99;86;0.9720417414550284;0.9718992099661101;1.0296969696969698;39.392439749976035;95;77;0.23892494853139234;True;ok;4;0.56;0.25;2
100;4862;97.24;99;91;0.9829459305629245;0.9828990454138641;1.0177777777777777;71.07172963981094;97;73;0.32235523825963086;True;ok;5;0.56;0.25;2
100;4859;97.18;99;89;0.9825132965016117;0.9824429341898729;1.0183838383838384;21.730943089195716;93;93;0.33499610773128774;True;ok;6;0.56;0.25;2
100;4854;97.08;99;89;0.9813002957897694;0.9812478435020028;1.0193939393939393;36.501499217488806;95;87;0.29282986503607317;True;ok;7;0.56;0.25;2
100;4849;96.98;99;89;0.9804143097743169;0.9803555668174858;1.0204040404040404;49.648198061121384;96;79;0.26616737249334305;True;ok;8;0.56;0.25;2
100;4876;97.52;99;88;0.9857107851939029;0.9856641329349024;1.014949494949495;46.560109607281944;96;88;0.30232617452693616;True;ok;9;0.56;0.25;2
100;4846;96.92;99;87;0.980023002315729;0.9799635388002201;1.021010101010101;23.138585046675708;93;95;0.3153647914073864;True;ok;0;0.56;0.3;2
100;4885;97.7;99;91;0.9874580506725775;0.987413531511667;1.013131313131313;17.495288344129566;92;99;0.36300914252914374;True;ok;1;0.56;0.3;2
100;4905;98.1;99;93;0.9911535660852101;0.9911372157170626;1.009090909090909;30.909692812025963;95;97;0.35798806172266306;True;ok;2;0.56;0.3;2
100;4858;97.16;99;89;0.9822200961798129;0.9821611571927678;1.0185858585858585;27.695363735529167;94;93;0.30964901392653976;True;ok;3;0.56;0.3;2
100;4811;96.22;99;86;0.9735738421667294;0.973435155786609;1.0280808080808082;38.839413766424705;95;79;0.25834637140302474;True;ok;4;0.56;0.3;2
100;4875;97.5;99;91;0.9854771131500398;0.9854328190767178;1.0151515151515151;32.555747726179625;95;89;0.332961707071816;True;ok;5;0.56;0.3;2
100;4869;97.38;99;91;0.9843871865483877;0.9843241827169855;1.0163636363636364;31.70153340231269;95;85;0.3313404098392177;True;ok;6;0.56;0.3;2
100;4862;97.24;99;90;0.98283170093139;0.9827870165657342;1.0177777777777777;27.81287040742574;94;94;0.2927106776016734;True;ok;7;0.56;0.3;2
100;4862;97.24;99;91;0.9828837929462954;0.982834414904752;1.0177777777777777;46.83280371109461;96;81;0.3026939007848118;True;ok;8;0.56;0.3;2
100;4884;97.68;99;90;0.9872061105657157;0.9871667580504142;1.0133333333333334;44.98061554223802;96;89;0.3153065224118945;True;ok;9;0.56;0.3;2
100;4857;97.14;99;89;0.9821551921089299;0.9820950848161354;1.0187878787878788;27.340532803884408;94;92;0.30766044920548025;True;ok;0;0.56;0.35;2
100;4890;97.8;99;92;0.9884468601186007;0.9884020999548079;1.0121212121212122;23.95829704363249;94;93;0.3685427683337168;True;ok;1;0.56;0.35;2
100;4909;98.18;99;94;0.9919295092002032;0.991914390624214;1.0082828282828282;24.033056889532347;94;100;0.3650022538147285;True;ok;2;0.56;0.35;2
100;4868;97.36;99;89;0.9841357084736067;0.9840830494064703;1.0165656565656567;21.93557634092763;93;97;0.30754137966954664;True;ok;3;0.56;0.35;2
100;4819;96.38;99;86;0.9751168049721044;0.9749830467214967;1.0264646464646465;36.88192469203242;95;79;0.26066006040928624;True;ok;4;0.56;0.35;2
100;4879;97.58;99;91;0.9862677389488507;0.9862244811376788;1.0143434343434343;32.22882229726501;95;90;0.33237758507837045;True;ok;5;0.56;0.35;2
100;4877;97.54;99;91;0.9859269391435493;0.985869595215703;1.0147474747474747;31.994450745122485;95;89;0.3375977821449849;True;ok;6;0.56;0.35;2
100;4875;97.5;99;92;0.9852979960215335;0.985265868833509;1.0151515151515151;35.58504189376133;95;94;0.2970920012458346;True;ok;7;0.56;0.35;2
100;4873;97.46;99;91;0.9849896224845032;0.9849481756202125;1.0155555555555555;22.1294813463981;93;99;0.3266333168186565;True;ok;8;0.56;0.35;2
100;4889;97.78;99;90;0.9881938222567443;0.9881562546215115;1.0123232323232323;31.945204773595517;95;94;0.3368900802791839;True;ok;9;0.56;0.35;2
100;4866;97.32;99;89;0.9838675285909017;0.9838151472309828;1.016969696969697;26.49131075985419;94;93;0.32100390418866004;True;ok;0;0.56;0.4;2
100;4896;97.92;99;93;0.9895650647227676;0.9895254868584045;1.010909090909091;20.46067049377998;93;100;0.37908619287197953;True;ok;1;0.56;0.4;2
100;4911;98.22;99;94;0.9923250655837782;0.9923104468610415;1.0078787878787878;23.81685509280068;94;100;0.37169682072180665;True;ok;2;0.56;0.4;2
100;4875;97.5;99;91;0.9854172289226131;0.9853728914037052;1.0151515151515151;21.4308394990518;93;97;0.3167585094017653;True;ok;3;0.56;0.4;2
100;4823;96.46;99;86;0.9758294433751797;0.9757048648859782;1.0256565656565657;36.8352732855671;95;80;0.26352239148305195;True;ok;4;0.56;0.4;2
100;4883;97.66;99;91;0.9869993048644651;0.9869624057284089;1.0135353535353535;21.23909532096932;93;99;0.34124306367955776;True;ok;5;0.56;0.4;2
100;4885;97.7;99;91;0.9874465479576625;0.9873964961582167;1.013131313131313;25.19361669752322;94;95;0.3534195993261052;True;ok;6;0.56;0.4;2
100;4879;97.58;99;92;0.9860757062707947;0.9860450512756325;1.0143434343434343;35.30823600743131;95;95;0.2979502828137962;True;ok;7;0.56;0.4;2
100;4882;97.64;99;93;0.9866864693158494;0.9866555074106641;1.0137373737373738;33.14218820406418;95;92;0.33839187116178676;True;ok;8;0.56;0.4;2
100;4892;97.84;99;90;0.9887850840461554;0.9887488710889033;1.0117171717171718;31.326512364406412;95;94;0.3407198213357634;True;ok;9;0.56;0.4;2
100;4878;97.56;99;90;0.986190700811354;0.9861432654784817;1.0145454545454546;31.441676640307858;95;89;0.34222052875852493;True;ok;0;0.56;0.45;2
100;4898;97.96;99;93;0.9899427805403834;0.9899043906217767;1.0105050505050506;20.304067641473114;93;100;0.3861141773806035;True;ok;1;0.56;0.45;2
100;4917;98.34;99;94;0.9935162016584518;0.9935031565049907;1.0066666666666666;23.193003328816392;94;100;0.3934119584209061;True;ok;2;0.56;0.45;2
100;4880;97.6;99;91;0.9864038842889635;0.986361149632947;1.0141414141414142;21.245933899929977;93;98;0.31689221029890896;True;ok;3;0.56;0.45;2
100;4830;96.6;99;87;0.9770888881017974;0.9769766737352318;1.0242424242424242;35.70897529729135;95;80;0.2647688034222381;True;ok;4;0.56;0.45;2
100;4890;97.8;99;93;0.9883092862352197;0.9882788988500649;1.0121212121212122;20.935267310204285;93;100;0.3480751729268574;True;ok;5;0.56;0.45;2
100;4888;97.76;99;91;0.9880115552214283;0.987965481602658;1.0125252525252526;25.446148444802414;94;97;0.35049528675877906;True;ok;6;0.56;0.45;2
100;4882;97.64;99;92;0.9866498372320001;0.986621379095534;1.0137373737373738;34.55089736481332;95;95;0.30027693374198877;True;ok;7;0.56;0.45;2
100;4883;97.66;99;93;0.9868821777097032;0.9868515525884947;1.0135353535353535;33.3767211916713;95;93;0.3334694179382653;True;ok;8;0.56;0.45;2
100;4894;97.88;99;90;0.9891674707156334;0.9891332536354264;1.0113131313131314;44.12040566912365;96;93;0.3368485178935171;True;ok;9;0.56;0.45;2
100;4881;97.62;99;90;0.986722921158786;0.9866812203935865;1.013939393939394;31.79600379774204;95;91;0.3304212850064495;True;ok;0;0.56;0.5;2
100;4900;98.0;99;93;0.990327686575589;0.9902911396132441;1.0101010101010102;20.150786532130983;93;100;0.39318150296872467;True;ok;1;0.56;0.5;2
100;4919;98.38;99;94;0.9938951743687328;0.9938840856812461;1.0062626262626262;22.990683701550903;94;100;0.4000481385677139;True;ok;2;0.56;0.5;2
100;4885;97.7;99;91;0.9873720215344158;0.9873326110142376;1.013131313131313;25.572551195288387;94;96;0.3179294958982815;True;ok;3;0.56;0.5;2
100;4836;96.72;99;87;0.9782165952338233;0.9781122105372222;1.023030303030303;35.22426874247438;95;81;0.27527600954148185;True;ok;4;0.56;0.5;2
100;4898;97.96;99;93;0.9898538202217547;0.9898282249915796;1.0105050505050506;31.260032384978317;95;95;0.3465274948162545;True;ok;5;0.56;0.5;2
100;4890;97.8;99;91;0.9883997097669203;0.9883553702776845;1.0121212121212122;25.193342217377435;94;97;0.3467959249637478;True;ok;6;0.56;0.5;2
100;4885;97.7;99;92;0.9872462718318252;0.9872176075339929;1.013131313131313;33.954007075371926;95;95;0.3042033182113337;True;ok;7;0.56;0.5;2
100;4890;97.8;99;93;0.9882510921164167;0.9882236658697507;1.0121212121212122;32.48568753562108;95;94;0.3321282619711198;True;ok;8;0.56;0.5;2
100;4898;97.96;99;90;0.9899363485829106;0.9899043906217767;1.0105050505050506;42.72720584715771;96;93;0.3511944542805403;True;ok;9;0.56;0.5;2
100;4886;97.72;99;91;0.9876396143213689;0.9876005000412471;1.012929292929293;31.167690943865534;95;91;0.3448269421405959;True;ok;0;0.56;0.55;2
100;4904;98.08;99;93;0.9911052023787099;0.9910712035815981;1.0092929292929294;19.852168498707815;93;100;0.39740009914723773;True;ok;1;0.56;0.55;2
100;4919;98.38;99;94;0.9938951743687328;0.9938840856812461;1.0062626262626262;22.990683701550903;94;100;0.4000481385677139;True;ok;2;0.56;0.55;2
100;4889;97.78;99;93;0.98811098720186;0.9880754937028718;1.0123232323232323;25.50547034592318;94;97;0.3204312725960009;True;ok;3;0.56;0.55;2
100;4844;96.88;99;87;0.9797974766195102;0.9796944485680907;1.0214141414141413;33.52675262232004;95;81;0.30701358649037497;True;ok;4;0.56;0.55;2
100;4901;98.02;99;93;0.9904312687335728;0.9904082284868465;1.0098989898989899;30.77165955822555;95;95;0.3616084465751598;True;ok;5;0.56;0.55;2
100;4895;97.9;99;91;0.9893663314249901;0.9893273310108055;1.011111111111111;30.30445241492637;95;92;0.3591117627050515;True;ok;6;0.56;0.55;2
100;4891;97.82;99;92;0.9883917248593609;0.9883674779172086;1.0119191919191919;44.31961130313127;96;89;0.32058894052558884;True;ok;7;0.56;0.55;2
100;4894;97.88;99;93;0.9890141717409392;0.9889890924119201;1.0113131313131314;25.492424020838605;94;99;0.34481708893882457;True;ok;8;0.56;0.55;2
100;4904;98.08;99;90;0.9910760735024869;0.9910501105611635;1.0092929292929294;41.67449329064386;96;94;0.3549528781787976;True;ok;9;0.56;0.55;2
100;4889;97.78;99;91;0.9882135330484532;0.9881775064172309;1.0123232323232323;30.66026374387436;95;91;0.35105857720031214;True;ok;0;0.56;0.6;2
100;4904;98.08;99;93;0.9911052023787099;0.9910712035815981;1.0092929292929294;19.852168498707815;93;100;0.39740009914723773;True;ok;1;0.56;0.6;2
100;4921;98.42;99;94;0.9942868453831938;0.9942769545222279;1.0058585858585858;22.793544833883214;94;100;0.4067488770995204;True;ok;2;0.56;0.6;2
100;4894;97.88;99;93;0.9890854803664998;0.9890526954996289;1.0113131313131314;24.880806720484316;94;97;0.341682421749366;True;ok;3;0.56;0.6;2
100;4851;97.02;99;88;0.9810689893465527;0.9809745705440526;1.02;22.37969198221105;93;93;0.303242143515518;True;ok;4;0.56;0.6;2
100;4907;98.14;99;93;0.9916083816704946;0.9915893064638592;1.0086868686868686;29.66035752523188;95;95;0.37925600738977305;True;ok;5;0.56;0.6;2
100;4896;97.92;99;91;0.9895645272290677;0.9895254868584045;1.010909090909091;30.113202284462044;95;92;0.362064421226087;True;ok;6;0.56;0.6;2
100;4893;97.86;99;92;0.9887846044176125;0.9887608452148159;1.0115151515151515;44.157712052358285;96;90;0.32389125562440324;True;ok;7;0.56;0.6;2
100;4897;97.94;99;93;0.9895887649466043;0.9895668362705126;1.0107070707070707;25.120649328563008;94;99;0.35119021832360714;True;ok;8;0.56;0.6;2
100;4907;98.14;99;90;0.9916408838783197;0.9916187935341383;1.0086868686868686;41.390146839196355;96;95;0.3651769176393049;True;ok;9;0.56;0.6;2
100;4891;97.82;99;91;0.9885783887820974;0.9885458314510444;1.0119191919191919;42.2677569865479;96;89;0.3595833652385695;True;ok;0;0.56;0.65;2
100;4906;98.12;99;93;0.9914800680283647;0.9914476472637087;1.008888888888889;19.705168955217296;93;100;0.40452073047025494;True;ok;1;0.56;0.65;2
100;4922;98.44;99;94;0.9944759343969318;0.9944668794576125;1.0056565656565657;28.79638951971141;95;99;0.40949570830075177;True;ok;2;0.56;0.65;2
100;4897;97.94;99;93;0.989656466364785;0.9896261103599904;1.0107070707070707;25.129439825180036;94;99;0.3412232513651017;True;ok;3;0.56;0.65;2
100;4855;97.1;99;89;0.9817953433827291;0.9817077741959667;1.0191919191919192;33.0100234520285;95;83;0.31122818643328454;True;ok;4;0.56;0.65;2
100;4907;98.14;99;93;0.9916083816704946;0.9915893064638592;1.0086868686868686;29.66035752523188;95;95;0.37925600738977305;True;ok;5;0.56;0.65;2
100;4900;98.0;99;91;0.9903213895480824;0.9902869125716965;1.0101010101010102;29.864552566055938;95;93;0.37333786188878065;True;ok;6;0.56;0.65;2
100;4896;97.92;99;92;0.989360680152643;0.9893391090360532;1.010909090909091;32.608196918851505;95;97;0.33805736255052016;True;ok;7;0.56;0.65;2
100;4901;98.02;99;93;0.9903682232063997;0.9903490733848891;1.0098989898989899;31.69032157040776;95;97;0.35714026560301115;True;ok;8;0.56;0.65;2
100;4912;98.24;99;91;0.9925919507090469;0.9925733662661699;1.0076767676767677;40.20051128697679;96;95;0.3859580082889571;True;ok;9;0.56;0.65;2
100;4893;97.86;99;91;0.9889659707612434;0.9889347771979633;1.0115151515151515;42.14042248297643;96;90;0.351364585663756;True;ok;0;0.56;0.7;2
100;4907;98.14;99;93;0.9916765680149752;0.991644067476672;1.0086868686868686;19.633287460676048;93;100;0.40310465437404486;True;ok;1;0.56;0.7;2
100;4923;98.46;99;94;0.9946739045014107;0.9946650105970395;1.0054545454545454;22.599402863692024;94;100;0.41347317335786465;True;ok;2;0.56;0.7;2
100;4897;97.94;99;93;0.989656466364785;0.9896261103599904;1.0107070707070707;25.129439825180036;94;99;0.3412232513651017;True;ok;3;0.56;0.7;2
100;4860;97.2;99;89;0.982686057738052;0.9826123389546454;1.018181818181818;18.993077558714067;92;99;0.3211938077127149;True;ok;4;0.56;0.7;2
100;4913;98.26;99;93;0.9927671336465719;0.9927520614986745;1.0074747474747474;39.056382443817945;96;93;0.399638675970386;True;ok;5;0.56;0.7;2
100;4902;98.04;99;91;0.9906915951674763;0.9906603729966248;1.0096969696969698;29.990333335198578;95;94;0.3783429307419416;True;ok;6;0.56;0.7;2
100;4900;98.0;99;94;0.990122946548095;0.9901051329622759;1.0101010101010102;31.985724077738098;95;97;0.3313009060159278;True;ok;7;0.56;0.7;2
100;4903;98.06;99;93;0.9907434467996612;0.9907265790446738;1.0094949494949494;31.704677537693314;95;98;0.3599420413729772;True;ok;8;0.56;0.7;2
100;4914;98.28;99;92;0.9929597940542274;0.9929432089366499;1.0072727272727273;40.28233385028432;96;96;0.3884635777117945;True;ok;9;0.56;0.7;2
100;4895;97.9;99;91;0.9893513940779641;0.9893230933944808;1.011111111111111;41.56781599781355;96;90;0.357463363870449;True;ok;0;0.56;0.75;2
100;4910;98.2;99;93;0.9922254193874839;0.9921987271607473;1.0080808080808081;23.65111531895797;94;99;0.3987842947058021;True;ok;1;0.56;0.75;2
100;4926;98.52;99;95;0.9952448787039957;0.9952375798246563;1.0048484848484849;28.52070189277869;95;100;0.4185891819159617;True;ok;2;0.56;0.75;2
100;4899;97.98;99;93;0.9900374308855463;0.9900090272268738;1.0103030303030303;20.218651918431778;93;100;0.3467399616933504;True;ok;3;0.56;0.75;2
100;4865;97.3;99;90;0.9836252047091505;0.9835563017465563;1.0171717171717172;32.52768693088404;95;85;0.3188869671230321;True;ok;4;0.56;0.75;2
100;4916;98.32;99;93;0.9933733723493694;0.9933585921385626;1.006868686868687;28.882290894242818;95;97;0.4049963025567628;True;ok;5;0.56;0.75;2
100;4903;98.06;99;92;0.9908651105371206;0.9908363269679208;1.0094949494949494;29.898920712308147;95;94;0.37720028404888917;True;ok;6;0.56;0.75;2
100;4905;98.1;99;94;0.991119369286859;0.9911034792575457;1.009090909090909;24.475657957554578;94;100;0.3640480614880214;True;ok;7;0.56;0.75;2
100;4904;98.08;99;93;0.990944583675917;0.9909277623073725;1.0092929292929294;31.508578566364612;95;98;0.35758786052946706;True;ok;8;0.56;0.75;2
100;4915;98.3;99;92;0.9931502950559014;0.9931342029173366;1.007070707070707;40.11981999364945;96;96;0.38744267761131757;True;ok;9;0.56;0.75;2
100;4900;98.0;99;91;0.990281074954434;0.9902573227829731;1.0101010101010102;40.6548854074908;96;90;0.3715092940029901;True;ok;0;0.56;0.8;2
100;4912;98.24;99;93;0.9926205839596265;0.9925943756606558;1.0076767676767677;19.27946989316386;93;100;0.39605617057359566;True;ok;1;0.56;0.8;2
100;4927;98.54;99;95;0.9954422304341273;0.9954350820395238;1.0046464646464646;28.366194667026146;95;100;0.4265345048842857;True;ok;2;0.56;0.8;2
100;4902;98.04;99;93;0.990637940252792;0.9906096971480213;1.0096969696969698;24.53727392051838;94;99;0.35228488351633247;True;ok;3;0.56;0.8;2
100;4867;97.34;99;90;0.9840070838711565;0.9839405540444907;1.0167676767676768;32.16944681302121;95;85;0.32469291559712377;True;ok;4;0.56;0.8;2
100;4918;98.36;99;93;0.9937708611862495;0.9937565384077294;1.0064646464646465;28.5572968796063;95;97;0.42083079659607636;True;ok;5;0.56;0.8;2
100;4907;98.14;99;92;0.991614156863948;0.9915893064638592;1.0086868686868686;30.053789889285476;95;96;0.3753658700830724;True;ok;6;0.56;0.8;2
100;4906;98.12;99;94;0.9913064188305265;0.991291702776373;1.008888888888889;31.622269579948096;95;99;0.371632275085805;True;ok;7;0.56;0.8;2
100;4907;98.14;99;93;0.9915200483327787;0.991505052920374;1.0086868686868686;31.332582810510804;95;99;0.3580395522569643;True;ok;8;0.56;0.8;2
100;4918;98.36;99;93;0.9937199000058594;0.9937062659614232;1.0064646464646465;39.87895457230932;96;97;0.3987413697685985;True;ok;9;0.56;0.8;2
100;4902;98.04;99;92;0.9906441541499317;0.9906223663498055;1.0096969696969698;40.29968581791174;96;90;0.3775116059464214;True;ok;0;0.56;0.85;2
100;4914;98.28;99;93;0.9929957508356724;0.9929725931131412;1.0072727272727273;23.230462095954007;94;99;0.4020044403094263;True;ok;1;0.56;0.85;2
100;4928;98.56;99;95;0.9956391353688439;0.9956324248777079;1.0044444444444445;28.213412630247433;95;100;0.43448985444493105;True;ok;2;0.56;0.85;2
100;4903;98.06;99;93;0.9908300927710175;0.9908025596531107;1.0094949494949494;19.919127571679176;93;100;0.35919146481255;True;ok;3;0.56;0.85;2
100;4871;97.42;99;90;0.9847665416728444;0.9847029004475487;1.015959595959596;31.95044629847809;95;86;0.33571037649676094;True;ok;4;0.56;0.85;2
100;4919;98.38;99;93;0.993951323112982;0.9939385210742844;1.0062626262626262;28.477232919487847;95;97;0.43008200337151875;True;ok;5;0.56;0.85;2
100;4908;98.16;99;92;0.991809840788804;0.9917855952298587;1.0084848484848485;29.87361000960354;95;96;0.37374312938143595;True;ok;6;0.56;0.85;2
100;4906;98.12;99;94;0.9913064188305265;0.991291702776373;1.008888888888889;31.622269579948096;95;99;0.371632275085805;True;ok;7;0.56;0.85;2
100;4909;98.18;99;93;0.9919027586633217;0.9918891389912352;1.0082828282828282;30.95212400765209;95;99;0.35340569280898;True;ok;8;0.56;0.85;2
100;4921;98.42;99;93;0.9943011539666771;0.9942895042004889;1.0058585858585858;39.097428822030324;96;97;0.41200209307688873;True;ok;9;0.56;0.85;2
100;4903;98.06;99;93;0.9908287184452579;0.9908067806295339;1.0094949494949494;40.12623270345432;96;90;0.37777965977409494;True;ok;0;0.56;0.9;2
100;4916;98.32;99;93;0.9933848403216564;0.9933627856238271;1.006868686868687;19.006882998118215;93;100;0.40560609750218046;True;ok;1;0.56;0.9;2
100;4929;98.58;99;95;0.995835963869738;0.9958296085320472;1.0042424242424242;28.062342854073535;95;100;0.432455411199392;True;ok;2;0.56;0.9;2
100;4905;98.1;99;93;0.9912143916222557;0.9911878182818135;1.009090909090909;19.77189076521785;93;100;0.3758303982431428;True;ok;3;0.56;0.9;2
100;4874;97.48;99;90;0.985339631416422;0.985278394779633;1.0153535353535355;31.8512094846169;95;87;0.3290356104729843;True;ok;4;0.56;0.9;2
100;4921;98.42;99;93;0.9943349494517753;0.9943229692414219;1.0058585858585858;28.520614384953355;95;98;0.4321283846682778;True;ok;5;0.56;0.9;2
100;4908;98.16;99;92;0.991809840788804;0.9917855952298587;1.0084848484848485;29.87361000960354;95;96;0.37374312938143595;True;ok;6;0.56;0.9;2
100;4909;98.18;99;94;0.9918988544155474;0.9918849303239949;1.0082828282828282;31.04826464971385;95;99;0.37478385394844044;True;ok;7;0.56;0.9;2
100;4910;98.2;99;93;0.9920938975894081;0.9920809502859657;1.0080808080808081;41.751035761442765;96;95;0.35787423000117613;True;ok;8;0.56;0.9;2
100;4923;98.46;99;93;0.9946797035503717;0.994669189666814;1.0054545454545454;39.02745157172255;96;98;0.4039708357278434;True;ok;9;0.56;0.9;2
100;4904;98.08;99;93;0.9910341241476889;0.9910121420081562;1.0092929292929294;39.782139352466906;96;90;0.38569741757471643;True;ok;0;0.56;0.95;2
100;4918;98.36;99;93;0.9937635358253126;0.9937439705323472;1.0064646464646465;18.873445864446694;93;100;0.41889644808142246;True;ok;1;0.56;0.95;2
100;4930;98.6;99;95;0.9960414193543676;0.996034962157579;1.004040404040404;27.914449591398554;95;100;0.4504514292491204;True;ok;2;0.56;0.95;2
100;4906;98.12;99;93;0.9914147374462452;0.9913886440891351;1.008888888888889;19.69987598800835;93;100;0.3750098705205278;True;ok;3;0.56;0.95;2
100;4875;97.5;99;90;0.9855321512555463;0.9854713421267337;1.0151515151515151;31.624952064386655;95;87;0.3337435736958921;True;ok;4;0.56;0.95;2
100;4925;98.5;99;93;0.9951082082939334;0.9950983658443138;1.005050505050505;28.25110860509535;95;99;0.4400961987353977;True;ok;5;0.56;0.95;2
100;4912;98.24;99;92;0.9925830260518606;0.9925607604183891;1.0076767676767677;29.93944961545803;95;98;0.3892448068513016;True;ok;6;0.56;0.95;2
100;4909;98.18;99;94;0.9918988544155474;0.9918849303239949;1.0082828282828282;31.04826464971385;95;99;0.37478385394844044;True;ok;7;0.56;0.95;2
100;4912;98.24;99;93;0.9924976799228163;0.9924851220068701;1.0076767676767677;41.04804143482257;96;95;0.3831514768687915;True;ok;8;0.56;0.95;2
100;4923;98.46;99;93;0.9946797035503717;0.994669189666814;1.0054545454545454;39.02745157172255;96;98;0.4039708357278434;True;ok;9;0.56;0.95;2
100;4907;98.14;99;93;0.9916222112809706;0.991601943885716;1.0086868686868686;23.68698165545147;94;98;0.40740499867592783;True;ok;0;0.56;1.0;2
100;4922;98.44;99;94;0.9945095735846046;0.9944961473031122;1.0056565656565657;22.699032150823502;94;100;0.4252026448738433;True;ok;1;0.56;1.0;2
100;4930;98.6;99;95;0.9960414193543676;0.996034962157579;1.004040404040404;27.914449591398554;95;100;0.4504514292491204;True;ok;2;0.56;1.0;2
100;4907;98.14;99;93;0.9916156432058031;0.9915893064638592;1.0086868686868686;23.973512376357636;94;99;0.3736738494111371;True;ok;3;0.56;1.0;2
100;4878;97.56;99;91;0.9860833718032462;0.986027876339066;1.0145454545454546;31.18561173932681;95;87;0.3403797300141392;True;ok;4;0.56;1.0;2
100;4927;98.54;99;94;0.9954901130450932;0.9954809594846796;1.0046464646464646;22.226122369304612;94;100;0.44709996166935373;True;ok;5;0.56;1.0;2
100;4915;98.3;99;93;0.9931494738465255;0.9931300071919584;1.007070707070707;19.070857269506803;93;100;0.4027966332049524;True;ok;6;0.56;1.0;2
100;4911;98.22;99;94;0.9922859119993696;0.9922726073353688;1.0078787878787878;41.57617876166526;96;95;0.36684163701872624;True;ok;7;0.56;1.0;2
100;4913;98.26;99;93;0.992683761791592;0.992672260467452;1.0074747474747474;41.293576502880036;96;96;0.3768102303248312;True;ok;8;0.56;1.0;2
100;4926;98.52;99;93;0.9952630193453145;0.9952542711559597;1.0048484848484849;38.28693862555583;96;98;0.41722673312087016;True;ok;9;0.56;1.0;2
100;4776;95.52;99;82;0.9664165283147911;0.9663658772974097;1.0351515151515152;51.22948326781421;95;75;0.22216353603014322;True;ok;0;0.61;0.0;2
100;4810;96.2;99;87;0.9728933479159022;0.9728650540473313;1.0282828282828282;65.44702645632266;96;77;0.26641125995701787;True;ok;1;0.61;0.0;2
100;4831;96.62;99;85;0.9769650327591544;0.9769577378261274;1.024040404040404;110.7561851518111;97;73;0.34681223598200805;True;ok;2;0.61;0.0;2
100;4795;95.9;99;86;0.970035053448544;0.9699787915113354;1.0313131313131314;33.30225359046748;94;85;0.3198830755968918;True;ok;3;0.61;0.0;2
100;4744;94.88;99;85;0.9599564414174622;0.9598856181665265;1.0416161616161617;55.74834649786368;95;66;0.2848148757152521;True;ok;4;0.61;0.0;2
100;4795;95.9;99;82;0.9702113156575934;0.970192700306898;1.0313131313131314;70.85752290957458;96;72;0.30681808170473446;True;ok;5;0.61;0.0;2
100;4828;96.56;99;87;0.9765546091296884;0.9765063606949336;1.0246464646464646;56.62888862182559;96;79;0.28622314856302655;True;ok;6;0.61;0.0;2
100;4809;96.18;99;86;0.972595714312201;0.9725598574946298;1.0284848484848486;68.62012887120981;96;76;0.3195680309720549;True;ok;7;0.61;0.0;2
100;4789;95.78;99;84;0.9685235355397539;0.9684994650852562;1.0325252525252526;49.16302984617999;95;76;0.2908264974322401;True;ok;8;0.61;0.0;2
100;4832;96.64;99;82;0.977223635463196;0.9771794056785527;1.0238383838383838;58.690942289428705;96;79;0.31076056510819694;True;ok;9;0.61;0.0;2
100;4827;96.54;99;83;0.9764148128114217;0.9763717431526585;1.024848484848485;55.79939660300116;96;75;0.28660457873705797;True;ok;0;0.61;0.05;2
100;4844;96.88;99;88;0.9794694429352107;0.979437965313939;1.0214141414141413;53.770954867049575;96;82;0.32168049600290566;True;ok;1;0.61;0.05;2
100;4865;97.3;99;89;0.9834570309038223;0.9834444503706864;1.0171717171717172;88.27260119675418;97;83;0.3745704677545634;True;ok;2;0.61;0.05;2
100;4819;96.38;99;87;0.9746093348484862;0.9745472174334604;1.0264646464646465;58.4749388256512;96;74;0.34066046799289684;True;ok;3;0.61;0.05;2
100;4793;95.86;99;87;0.9695180342618435;0.9694419295577804;1.0317171717171718;67.6810923821639;96;68;0.27833800293658195;True;ok;4;0.61;0.05;2
100;4837;96.74;99;87;0.9780121020465274;0.9779882560872183;1.0228282828282829;57.59510091497019;96;81;0.3059691443699237;True;ok;5;0.61;0.05;2
100;4858;97.16;99;89;0.9821679555331078;0.9821266198686776;1.0185858585858585;35.27645223473969;95;89;0.33060123575311484;True;ok;6;0.61;0.05;2
100;4849;96.98;99;89;0.9802682124263726;0.9802384613402283;1.0204040404040404;95.0227971491239;97;74;0.3108108108108108;True;ok;7;0.61;0.05;2
100;4828;96.56;99;88;0.976133933605075;0.9760943402765744;1.0246464646464646;60.829398165858045;96;77;0.29322402328412106;True;ok;8;0.61;0.05;2
100;4863;97.26;99;84;0.9832829207275745;0.9832360131088741;1.0175757575757576;53.673200509025726;96;91;0.26679959707911727;True;ok;9;0.61;0.05;2
100;4848;96.96;99;84;0.9803265576022736;0.9802929633376941;1.0206060606060605;38.0711110402168;95;89;0.30211532928461515;True;ok;0;0.61;0.1;2
100;4866;97.32;99;90;0.9837321555614045;0.9836947597610726;1.016969696969697;33.59584353229526;95;89;0.36736302015300515;True;ok;1;0.61;0.1;2
100;4888;97.76;99;91;0.9878777874959013;0.9878634158714055;1.0125252525252526;72.92817870154434;97;86;0.3822675803991056;True;ok;2;0.61;0.1;2
100;4844;96.88;99;89;0.9794590831136163;0.9793988350249929;1.0214141414141413;50.22525069437189;96;78;0.32990148683609566;True;ok;3;0.61;0.1;2
100;4826;96.52;99;88;0.9759821768525652;0.9759080021243619;1.025050505050505;53.98576598223109;96;73;0.26737235780389274;True;ok;4;0.61;0.1;2
100;4860;97.2;99;89;0.982417113114659;0.9823880654450765;1.018181818181818;86.62787341223415;97;77;0.2987730967228065;True;ok;5;0.61;0.1;2
100;4875;97.5;99;92;0.985399115924899;0.9853643300165098;1.0151515151515151;70.16544181988807;97;77;0.3276728320999533;True;ok;6;0.61;0.1;2
100;4867;97.34;99;90;0.9837191524534248;0.9836869740957165;1.0167676767676768;78.2868701715256;97;75;0.29404233923950757;True;ok;7;0.61;0.1;2
100;4855;97.1;99;90;0.9813943846009592;0.9813575443888394;1.0191919191919192;53.688152047071384;96;84;0.28161591220464;True;ok;8;0.61;0.1;2
100;4886;97.72;99;86;0.9876555052490582;0.9876217832923687;1.012929292929293;74.21619779225531;97;86;0.3104691067934004;True;ok;9;0.61;0.1;2
100;4861;97.22;99;86;0.9828021181275346;0.9827643680125816;1.017979797979798;35.90730544206385;95;91;0.3105473733366321;True;ok;0;0.61;0.15;2
100;4888;97.76;99;91;0.9878944673837295;0.9878634158714055;1.0125252525252526;66.5429908839979;97;81;0.35363476388065745;True;ok;1;0.61;0.15;2
100;4906;98.12;99;91;0.9913740042962622;0.9913591412018725;1.008888888888889;63.90221096955604;97;88;0.3820979382096708;True;ok;2;0.61;0.15;2
100;4863;97.26;99;90;0.9830944118135588;0.9830465408751315;1.0175757575757576;34.2388433074567;95;88;0.33739201106793576;True;ok;3;0.61;0.15;2
100;4840;96.8;99;88;0.9787989844695099;0.9787238628085708;1.0222222222222221;49.959725338070974;96;77;0.2849548488602298;True;ok;4;0.61;0.15;2
100;4876;97.52;99;92;0.9855283259595943;0.9855015515846128;1.014949494949495;75.7977868916476;97;81;0.3257951938976195;True;ok;5;0.61;0.15;2
100;4886;97.72;99;92;0.9875077406577801;0.98747704830644;1.012929292929293;44.04563088932263;96;88;0.33834523343267486;True;ok;6;0.61;0.15;2
100;4880;97.6;99;91;0.9862519936947006;0.9862245049431464;1.0141414141414142;47.55706634359899;96;89;0.2816139437957558;True;ok;7;0.61;0.15;2
100;4877;97.54;99;91;0.9856358208214172;0.9856130077434122;1.0147474747474747;77.752578815643;97;80;0.3448885010684413;True;ok;8;0.61;0.15;2
100;4895;97.9;99;88;0.9893232640806758;0.9892976673214241;1.011111111111111;69.69349552585842;97;87;0.33325763042766987;True;ok;9;0.61;0.15;2
100;4877;97.54;99;90;0.9858722124718368;0.9858353873295501;1.0147474747474747;26.089387230577273;94;96;0.33701017685569645;True;ok;0;0.61;0.2;2
100;4896;97.92;99;91;0.9895013371620824;0.9894704242799628;1.010909090909091;24.51956157911251;94;97;0.36771948427978174;True;ok;1;0.61;0.2;2
100;4912;98.24;99;94;0.992510506921974;0.9924977288046186;1.0076767676767677;40.877373582660795;96;95;0.38160776644317795;True;ok;2;0.61;0.2;2
100;4882;97.64;99;90;0.986818977877348;0.9867792128546731;1.0137373737373738;66.55120568163316;97;79;0.35023974237854183;True;ok;3;0.61;0.2;2
100;4845;96.9;99;88;0.9798087201326333;0.9797312846674825;1.0212121212121212;48.43016042733381;96;78;0.2777746936447497;True;ok;4;0.61;0.2;2
100;4888;97.76;99;93;0.987855462754457;0.9878293916598148;1.0125252525252526;67.0858879138857;97;81;0.35646979110906;True;ok;5;0.61;0.2;2
100;4898;97.96;99;92;0.989885303928766;0.9898578456447468;1.0105050505050506;41.833701657972924;96;91;0.36034437676899156;True;ok;6;0.61;0.2;2
100;4885;97.7;99;91;0.9872430877704467;0.9872176075339929;1.013131313131313;46.38070147927213;96;90;0.296584687920314;True;ok;7;0.61;0.2;2
100;4890;97.8;99;93;0.9881483393835719;0.9881301877626882;1.0121212121212122;71.03200804337462;97;83;0.36783310661017876;True;ok;8;0.61;0.2;2
100;4902;98.04;99;89;0.9906506738444303;0.9906265893815651;1.0096969696969698;67.52861035539965;97;89;0.36074475407362633;True;ok;9;0.61;0.2;2
100;4884;97.68;99;90;0.9872459124838087;0.9872093687880654;1.0133333333333334;67.6435628276871;97;81;0.3470199199850441;True;ok;0;0.61;0.25;2
100;4902;98.04;99;93;0.9906450921586264;0.9906181433002951;1.0096969696969698;19.994475208520427;93;100;0.3806196137455472;True;ok;1;0.61;0.25;2
100;4917;98.34;99;94;0.9934795819243111;0.9934696230932177;1.0066666666666666;40.12151441292807;96;96;0.3974026156610768;True;ok;2;0.61;0.25;2
100;4885;97.7;99;91;0.9873838004551767;0.9873453883674916;1.013131313131313;25.3720188891338;94;96;0.3565822380969491;True;ok;3;0.61;0.25;2
100;4851;97.02;99;88;0.9809668299563907;0.9808922663668702;1.02;47.31105703446541;96;79;0.28603582758791946;True;ok;4;0.61;0.25;2
100;4897;97.94;99;93;0.9896141826759797;0.9895922398797063;1.0107070707070707;24.514661198279914;94;97;0.3676459451015526;True;ok;5;0.61;0.25;2
100;4903;98.06;99;92;0.9908335091875254;0.990811001588222;1.0094949494949494;41.607790674202086;96;93;0.35853300444433667;True;ok;6;0.61;0.25;2
100;4891;97.82;99;92;0.9884260861232359;0.9884014524573552;1.0119191919191919;44.3688475641048;96;90;0.3144962506614269;True;ok;7;0.61;0.25;2
100;4901;98.02;99;94;0.990281610946253;0.9902687858901601;1.0098989898989899;66.52772649423547;97;85;0.35994552874650854;True;ok;8;0.61;0.25;2
100;4908;98.16;99;91;0.9917883040782016;0.991768753551114;1.0084848484848485;64.40216303785348;97;90;0.3702633895639376;True;ok;9;0.61;0.25;2
100;4892;97.84;99;91;0.9887672194660468;0.9887361390996086;1.0117171717171718;67.06066646934822;97;85;0.36382824350980414;True;ok;0;0.61;0.3;2
100;4907;98.14;99;94;0.9916035439678869;0.9915808814276006;1.0086868686868686;24.262153064845823;94;100;0.39068817021000246;True;ok;1;0.61;0.3;2
100;4922;98.44;99;94;0.9944623581201394;0.9944543358337469;1.0056565656565657;39.64748328504649;96;98;0.4098353352601355;True;ok;2;0.61;0.3;2
100;4889;97.78;99;91;0.9881417713954428;0.9881052484798803;1.0123232323232323;20.49295227713593;93;98;0.3558728787547041;True;ok;3;0.61;0.3;2
100;4856;97.12;99;88;0.9819150314714059;0.9818431747037739;1.018989898989899;47.37385477029497;96;81;0.29466009607943955;True;ok;4;0.61;0.3;2
100;4901;98.02;99;93;0.9903765056143391;0.9903575243269611;1.0098989898989899;31.173023145798624;95;96;0.3586280933942294;True;ok;5;0.61;0.3;2
100;4908;98.16;99;93;0.9917735825977526;0.9917561221066756;1.0084848484848485;41.57617876166527;96;95;0.36684163701872635;True;ok;6;0.61;0.3;2
100;4899;97.98;99;93;0.9899705491135478;0.9899498121902718;1.0103030303030303;41.94060054551887;96;90;0.3478620196853054;True;ok;7;0.61;0.3;2
100;4908;98.16;99;94;0.9916921216232377;0.9916803301030314;1.0084848484848485;62.73025396455948;97;87;0.3771219589321402;True;ok;8;0.61;0.3;2
100;4910;98.2;99;91;0.9921652742092413;0.9921482530491509;1.0080808080808081;64.1980080491847;97;91;0.37302581485699765;True;ok;9;0.61;0.3;2
100;4897;97.94;99;91;0.989735351339261;0.9897065481768502;1.0107070707070707;41.19618880186468;96;90;0.3745455690588755;True;ok;0;0.61;0.35;2
100;4909;98.18;99;94;0.99197667891816;0.9919564752679428;1.0082828282828282;24.03879229001697;94;100;0.38714103550618173;True;ok;1;0.61;0.35;2
100;4924;98.48;99;94;0.9948622893978792;0.994854627606277;1.0052525252525253;28.478229514848707;95;99;0.42290993529371324;True;ok;2;0.61;0.35;2
100;4896;97.92;99;92;0.9894946526707598;0.9894619528463472;1.010909090909091;24.580635245485468;94;97;0.3679571824292034;True;ok;3;0.61;0.35;2
100;4865;97.3;99;91;0.9835501281367204;0.9834917736209722;1.0171717171717172;45.584672416004565;96;82;0.33291087614431314;True;ok;4;0.61;0.35;2
100;4908;98.16;99;93;0.9917282662679692;0.9917140161442499;1.0084848484848485;30.744806501401538;95;98;0.37889292523793405;True;ok;5;0.61;0.35;2
100;4909;98.18;99;93;0.991965169386966;0.9919480584803165;1.0082828282828282;41.40098967700376;96;95;0.3746998024068093;True;ok;6;0.61;0.35;2
100;4904;98.08;99;94;0.9909119293154584;0.9908982277375145;1.0092929292929294;41.89820793190067;96;92;0.3523169815528986;True;ok;7;0.61;0.35;2
100;4911;98.22;99;94;0.9922836415430402;0.9922726073353688;1.0078787878787878;62.118977094592054;97;88;0.39455870111937646;True;ok;8;0.61;0.35;2
100;4913;98.26;99;91;0.9927545383765423;0.992739461757678;1.0074747474747474;63.12687269855879;97;92;0.37340526454710066;True;ok;9;0.61;0.35;2
100;4900;98.0;99;91;0.9903035864440656;0.9902784584352566;1.0101010101010102;65.31189831878189;97;88;0.3785898802717509;True;ok;0;0.61;0.4;2
100;4915;98.3;99;94;0.9931389930955017;0.9931216156885702;1.007070707070707;23.399091131868765;94;100;0.3867974967541814;True;ok;1;0.61;0.4;2
100;4925;98.5;99;94;0.9950552816719999;0.995048267934932;1.005050505050505;38.73172119478424;96;98;0.42154221018075305;True;ok;2;0.61;0.4;2
100;4899;97.98;99;93;0.9900700921096574;0.9900386334368608;1.0103030303030303;24.289006259203056;94;97;0.3633804410494079;True;ok;3;0.61;0.4;2
100;4872;97.44;99;91;0.9849368803683259;0.9848791695030633;1.0157575757575759;43.7514629961814;96;83;0.3448768848749434;True;ok;4;0.61;0.4;2
100;4916;98.32;99;95;0.9932943852733587;0.9932831064065455;1.006868686868687;30.173843374403365;95;100;0.39627927612448993;True;ok;5;0.61;0.4;2
100;4910;98.2;99;93;0.9921649883522415;0.9921482530491509;1.0080808080808081;29.514432027197717;95;96;0.37958364115153553;True;ok;6;0.61;0.4;2
100;4907;98.14;99;94;0.9915054218276902;0.991492414279152;1.0086868686868686;42.042567499797634;96;94;0.35822122674261136;True;ok;7;0.61;0.4;2
100;4916;98.32;99;95;0.9932355026554819;0.9932285854013317;1.006868686868687;61.780562433898794;97;90;0.3885274258984767;True;ok;8;0.61;0.4;2
100;4917;98.34;99;91;0.9935464309273095;0.9935324973208746;1.0066666666666666;60.66823046728343;97;92;0.41062988706626274;True;ok;9;0.61;0.4;2
100;4904;98.08;99;91;0.9910568970246568;0.9910374545362912;1.0092929292929294;64.1540063210697;97;89;0.37611219905976995;True;ok;0;0.61;0.45;2
100;4917;98.34;99;95;0.9935085980548469;0.9934947732571257;1.0066666666666666;30.002920591410735;95;100;0.3976488689231508;True;ok;1;0.61;0.45;2
100;4926;98.52;99;95;0.9952396440731561;0.9952334069484021;1.0048484848484849;38.58330724378043;96;98;0.4201087935522653;True;ok;2;0.61;0.45;2
100;4903;98.06;99;93;0.9908491748455366;0.9908194434523935;1.0094949494949494;19.92066587205255;93;100;0.3592206672948078;True;ok;3;0.61;0.45;2
100;4881;97.62;99;91;0.9866433837614601;0.9865958732076432;1.013939393939394;31.10075254539663;95;88;0.3463840809375618;True;ok;4;0.61;0.45;2
100;4923;98.46;99;95;0.9946732763869928;0.9946650105970395;1.0054545454545454;28.999072917874958;95;100;0.4212610626386335;True;ok;5;0.61;0.45;2
100;4912;98.24;99;93;0.9925514467422504;0.9925355482478634;1.0076767676767677;29.550506808325604;95;97;0.38219333498361946;True;ok;6;0.61;0.45;2
100;4910;98.2;99;94;0.9920757290272859;0.9920641238901715;1.0080808080808081;42.360115005365884;96;96;0.35503701379340413;True;ok;7;0.61;0.45;2
100;4919;98.38;99;95;0.9938233116063024;0.9938170842187442;1.0062626262626262;61.874832707532995;97;92;0.39608822500678104;True;ok;8;0.61;0.45;2
100;4919;98.38;99;92;0.9939178990136068;0.993905022720489;1.0062626262626262;39.560306343469406;96;97;0.41443699488967234;True;ok;9;0.61;0.45;2
100;4907;98.14;99;91;0.9916201216773746;0.991601943885716;1.0086868686868686;62.81351092521243;97;89;0.390940903459187;True;ok;0;0.61;0.5;2
100;4920;98.4;99;95;0.9940818076908826;0.9940701359779164;1.006060606060606;29.489982496590457;95;100;0.40118446879480246;True;ok;1;0.61;0.5;2
100;4927;98.54;99;95;0.9954366328019079;0.9954309112585592;1.0046464646464646;38.28992400835753;96;98;0.4274599775905242;True;ok;2;0.61;0.5;2
100;4905;98.1;99;93;0.9912371399739669;0.9912089019313967;1.009090909090909;19.773772213518455;93;100;0.36642354438944197;True;ok;3;0.61;0.5;2
100;4881;97.62;99;91;0.9866433837614601;0.9865958732076432;1.013939393939394;31.10075254539663;95;88;0.3463840809375618;True;ok;4;0.61;0.5;2
100;4925;98.5;99;95;0.9950642397836696;0.9950566177603605;1.005050505050505;28.6802383427011;95;100;0.4206970442004252;True;ok;5;0.61;0.5;2
100;4914;98.28;99;93;0.9929366960224328;0.992922219712371;1.0072727272727273;40.040351428395546;96;95;0.39394486778685006;True;ok;6;0.61;0.5;2
100;4911;98.22;99;94;0.9922666415058714;0.99225578931056;1.0078787878787878;42.179994032615845;96;96;0.3537910583675223;True;ok;7;0.61;0.5;2
100;4920;98.4;99;95;0.9940175265240906;0.9940115387424231;1.006060606060606;41.00280316248435;96;99;0.400074027263566;True;ok;8;0.61;0.5;2
100;4923;98.46;99;93;0.994675060181001;0.9946650105970395;1.0054545454545454;39.18256324815131;96;98;0.412273849767981;True;ok;9;0.61;0.5;2
100;4909;98.18;99;91;0.991997873628884;0.9919817252074776;1.0082828282828282;61.94957196568705;97;89;0.39713889728439966;True;ok;0;0.61;0.55;2
100;4923;98.46;99;95;0.9946530334599311;0.9946441149868916;1.0054545454545454;28.994872477986075;95;100;0.4048136931811168;True;ok;1;0.61;0.55;2
100;4929;98.58;99;95;0.9958265323043033;0.9958212753218242;1.0042424242424242;28.060801920455056;95;100;0.4288659508360062;True;ok;2;0.61;0.55;2
100;4906;98.12;99;93;0.9914374927868103;0.9914097170494246;1.008888888888889;24.08627836123651;94;99;0.37450170343796324;True;ok;3;0.61;0.55;2
100;4885;97.7;99;91;0.9874054099030997;0.9873624245861363;1.013131313131313;42.456119837451695;96;86;0.35369965713272195;True;ok;4;0.61;0.55;2
100;4927;98.54;99;95;0.9954588669868107;0.9954517649898258;1.0046464646464646;28.36941235221241;95;100;0.43298284793597397;True;ok;5;0.61;0.55;2
100;4917;98.34;99;94;0.9935077371135282;0.9934947732571257;1.0066666666666666;29.249551401180963;95;98;0.39218862589541037;True;ok;6;0.61;0.55;2
100;4913;98.26;99;95;0.9926568408714533;0.9926470588235294;1.0074747474747474;41.64533854809547;96;96;0.3695422250078584;True;ok;7;0.61;0.55;2
100;4922;98.44;99;95;0.9944182181858768;0.9944125226209438;1.0056565656565657;40.35207255184856;96;99;0.4042543390915895;True;ok;8;0.61;0.55;2
100;4928;98.56;99;93;0.9956661887721978;0.9956574366397544;1.0044444444444445;37.71671725832969;96;98;0.43201525038812344;True;ok;9;0.61;0.55;2
100;4915;98.3;99;94;0.9931227507198384;0.9931090283019065;1.007070707070707;39.304857430922226;96;94;0.41841341182655434;True;ok;0;0.61;0.6;2
100;4924;98.48;99;95;0.9948461854642254;0.9948379194190472;1.0052525252525253;28.834169935845306;95;100;0.4127177480283881;True;ok;1;0.61;0.6;2
100;4930;98.6;99;95;0.9960277161087054;0.996022468687851;1.004040404040404;27.91217126456443;95;100;0.436869063940727;True;ok;2;0.61;0.6;2
100;4911;98.22;99;93;0.9924018470112571;0.992377713607247;1.0078787878787878;23.542562556840284;94;99;0.3860653046779334;True;ok;3;0.61;0.6;2
100;4889;97.78;99;92;0.9881467898666552;0.9881094990904654;1.0123232323232323;42.12275397333442;96;87;0.35330511813085;True;ok;4;0.61;0.6;2
100;4930;98.6;99;95;0.9960579879748657;0.9960516198748987;1.004040404040404;27.917561916030056;95;100;0.45049372787516884;True;ok;5;0.61;0.6;2
100;4917;98.34;99;94;0.9935077371135282;0.9934947732571257;1.0066666666666666;29.249551401180963;95;98;0.39218862589541037;True;ok;6;0.61;0.6;2
100;4916;98.32;99;95;0.9932592848796914;0.9932495553693204;1.006868686868687;40.61488567320419;96;96;0.39150360679368346;True;ok;7;0.61;0.6;2
100;4924;98.48;99;95;0.9948141321074683;0.9948086794213719;1.0052525252525253;60.39304950850291;97;94;0.4152076623256229;True;ok;8;0.61;0.6;2
100;4932;98.64;99;94;0.9964565934944342;0.9964493281755153;1.0036363636363637;27.284026640600867;95;99;0.46741805445011797;True;ok;9;0.61;0.6;2
100;4917;98.34;99;94;0.9935168164665703;0.9935031565049907;1.0066666666666666;38.83368951721067;96;94;0.42462025096460987;True;ok;0;0.61;0.65;2
100;4925;98.5;99;95;0.9950482407627572;0.9950399180399555;1.005050505050505;28.67694716238964;95;100;0.4206536997099426;True;ok;1;0.61;0.65;2
100;4931;98.62;99;95;0.9962243648076599;0.9962193366389903;1.0038383838383838;27.7644029992328;95;100;0.4384057390725504;True;ok;2;0.61;0.65;2
100;4911;98.22;99;93;0.9924018470112571;0.992377713607247;1.0078787878787878;23.542562556840284;94;99;0.3860653046779334;True;ok;3;0.61;0.65;2
100;4892;97.84;99;92;0.9887197332597344;0.9886852095304214;1.0117171717171718;25.06577493003207;94;97;0.3655365819564954;True;ok;4;0.61;0.65;2
100;4933;98.66;99;95;0.9966248003645772;0.9966209133911874;1.0034343434343433;27.475171668944913;95;100;0.45442654589505693;True;ok;5;0.61;0.65;2
100;4919;98.38;99;94;0.9938866283651732;0.9938757107431806;1.0062626262626262;28.915972838633802;95;98;0.39650432788980683;True;ok;6;0.61;0.65;2
100;4917;98.34;99;95;0.9934534242709683;0.9934444722988217;1.0066666666666666;40.28066015926061;96;96;0.39886489151774296;True;ok;7;0.61;0.65;2
100;4925;98.5;99;95;0.9950027608429838;0.9949981675218231;1.005050505050505;61.656731412939145;97;96;0.4079343819279208;True;ok;8;0.61;0.65;2
100;4932;98.64;99;94;0.9964565934944342;0.9964493281755153;1.0036363636363637;27.284026640600867;95;99;0.46741805445011797;True;ok;9;0.61;0.65;2
100;4919;98.38;99;94;0.9939011055132538;0.9938882731240568;1.0062626262626262;38.92622818069854;96;95;0.4161994894479743;True;ok;0;0.61;0.7;2
100;4930;98.6;99;96;0.9960236016750056;0.9960183041633244;1.004040404040404;38.47039320698638;96;100;0.4643199725884305;True;ok;1;0.61;0.7;2
100;4932;98.64;99;95;0.9964294735094356;0.996424366633236;1.0036363636363637;27.61973953605403;95;100;0.45642141822554994;True;ok;2;0.61;0.7;2
100;4912;98.24;99;94;0.9925827211168852;0.9925607604183891;1.0076767676767677;23.71721070153612;94;100;0.3819757435281216;True;ok;3;0.61;0.7;2
100;4893;97.86;99;92;0.9889035398405006;0.9888711470354348;1.0115151515151515;30.889430895168935;95;92;0.36603165560832557;True;ok;4;0.61;0.7;2
100;4933;98.66;99;95;0.9966248003645772;0.9966209133911874;1.0034343434343433;27.475171668944913;95;100;0.45442654589505693;True;ok;5;0.61;0.7;2
100;4921;98.42;99;94;0.9942781212694544;0.9942685879828058;1.0058585858585858;39.24994723309964;96;97;0.4031426607367342;True;ok;6;0.61;0.7;2
100;4918;98.36;99;95;0.9936522619905613;0.9936434218604476;1.0064646464646465;39.95367289729913;96;96;0.3958552329203744;True;ok;7;0.61;0.7;2
100;4928;98.56;99;95;0.9955987819104893;0.9955949060641796;1.0044444444444445;60.37257205002557;97;97;0.4136575289705272;True;ok;8;0.61;0.7;2
100;4933;98.66;99;94;0.9966615407250878;0.9966541786444442;1.0034343434343433;21.68474900076014;94;100;0.47767886259097947;True;ok;9;0.61;0.7;2
100;4921;98.42;99;94;0.9942877836738009;0.9942769545222279;1.0058585858585858;38.86034607208193;96;96;0.41725200420460934;True;ok;0;0.61;0.75;2
100;4930;98.6;99;96;0.9960236016750056;0.9960183041633244;1.004040404040404;38.47039320698638;96;100;0.4643199725884305;True;ok;1;0.61;0.75;2
100;4932;98.64;99;95;0.9964294735094356;0.996424366633236;1.0036363636363637;27.61973953605403;95;100;0.45642141822554994;True;ok;2;0.61;0.75;2
100;4914;98.28;99;94;0.9929532942625023;0.9929348132996179;1.0072727272727273;23.504132752619494;94;100;0.3884757850373232;True;ok;3;0.61;0.75;2
100;4895;97.9;99;92;0.989262735767842;0.9892340993253397;1.011111111111111;25.3106282051841;94;99;0.36236568568543914;True;ok;4;0.61;0.75;2
100;4933;98.66;99;95;0.9966248003645772;0.9966209133911874;1.0034343434343433;27.475171668944913;95;100;0.45442654589505693;True;ok;5;0.61;0.75;2
100;4923;98.46;99;94;0.9946697900835525;0.9946608315098469;1.0054545454545454;39.18253114198866;96;98;0.41565222950387803;True;ok;6;0.61;0.75;2
100;4919;98.38;99;95;0.9938553605267638;0.9938463979092782;1.0062626262626262;39.633737057163444;96;96;0.4033074381508016;True;ok;7;0.61;0.75;2
100;4928;98.56;99;95;0.9955987819104893;0.9955949060641796;1.0044444444444445;60.37257205002557;97;97;0.4136575289705272;True;ok;8;0.61;0.75;2
100;4936;98.72;99;95;0.9972533185574117;0.9972469722914395;1.0028282828282828;27.057159115550043;95;100;0.5085910771540367;True;ok;9;0.61;0.75;2
100;4922;98.44;99;95;0.9944675120962064;0.9944585170591362;1.0056565656565657;38.70624586775656;96;96;0.41576941780110194;True;ok;0;0.61;0.8;2
100;4931;98.62;99;96;0.9962288815491666;0.9962234990589907;1.0038383838383838;38.187461073536326;96;100;0.481559571403765;True;ok;1;0.61;0.8;2
100;4932;98.64;99;95;0.9964294735094356;0.996424366633236;1.0036363636363637;27.61973953605403;95;100;0.45642141822554994;True;ok;2;0.61;0.8;2
100;4916;98.32;99;94;0.9933240695990161;0.9933082689482363;1.006868686868687;23.295026240523356;94;100;0.3950814509250475;True;ok;3;0.61;0.8;2
100;4898;97.96;99;93;0.989842627290075;0.9898155301587034;1.0105050505050506;20.29563316940711;93;100;0.37628276322363224;True;ok;4;0.61;0.8;2
100;4935;98.7;99;95;0.9970211555279542;0.9970176864879214;1.003030303030303;27.191395566016535;95;100;0.4704759996572642;True;ok;5;0.61;0.8;2
100;4926;98.52;99;94;0.9952493771928953;0.9952417526835391;1.0048484848484849;28.167254374517654;95;99;0.41877535174497005;True;ok;6;0.61;0.8;2
100;4921;98.42;99;95;0.9942426441266131;0.9942351211271131;1.0058585858585858;39.558677158185844;96;97;0.4041125477838731;True;ok;7;0.61;0.8;2
100;4928;98.56;99;95;0.9955987819104893;0.9955949060641796;1.0044444444444445;60.37257205002557;97;97;0.4136575289705272;True;ok;8;0.61;0.8;2
100;4936;98.72;99;95;0.9972533185574117;0.9972469722914395;1.0028282828282828;27.057159115550043;95;100;0.5085910771540367;True;ok;9;0.61;0.8;2
100;4924;98.48;99;95;0.9948446924349349;0.9948379194190472;1.0052525252525253;38.64096877989861;96;97;0.4161051551283659;True;ok;0;0.61;0.85;2
100;4932;98.64;99;96;0.9964206404852664;0.9964160459809257;1.0036363636363637;37.90448525262416;96;100;0.4787746006057409;True;ok;1;0.61;0.85;2
100;4932;98.64;99;95;0.9964294735094356;0.996424366633236;1.0036363636363637;27.61973953605403;95;100;0.45642141822554994;True;ok;2;0.61;0.85;2
100;4920;98.4;99;94;0.9941051127819215;0.9940910627323827;1.006060606060606;22.89293912185493;94;100;0.40845026667549034;True;ok;3;0.61;0.85;2
100;4903;98.06;99;94;0.9908012298552541;0.9907772334221296;1.0094949494949494;24.714859973437783;94;100;0.38777700666497583;True;ok;4;0.61;0.85;2
100;4935;98.7;99;95;0.9970211555279542;0.9970176864879214;1.003030303030303;27.191395566016535;95;100;0.4704759996572642;True;ok;5;0.61;0.85;2
100;4927;98.54;99;94;0.9954509998353559;0.9954434235493858;1.0046464646464646;28.01595058621219;95;99;0.42685019332215357;True;ok;6;0.61;0.85;2
100;4922;98.44;99;95;0.9944409581805677;0.9944334294452819;1.0056565656565657;39.24677378215543;96;97;0.40119912100410765;True;ok;7;0.61;0.85;2
100;4928;98.56;99;95;0.9955987819104893;0.9955949060641796;1.0044444444444445;60.37257205002557;97;97;0.4136575289705272;True;ok;8;0.61;0.85;2
100;4937;98.74;99;95;0.9974395574490303;0.9974345690780612;1.0026262626262625;26.917178469179266;95;100;0.5066143491517264;True;ok;9;0.61;0.85;2
100;4924;98.48;99;95;0.9948446924349349;0.9948379194190472;1.0052525252525253;38.64096877989861;96;97;0.4161051551283659;True;ok;0;0.61;0.9;2
100;4933;98.66;99;96;0.9966123117574374;0.9966084386364014;1.0034343434343433;37.62578348463785;96;100;0.47600788755500284;True;ok;1;0.61;0.9;2
100;4933;98.66;99;95;0.9966300515798416;0.9966250716082592;1.0034343434343433;27.47590156329553;95;100;0.4644366475115183;True;ok;2;0.61;0.9;2
100;4922;98.44;99;94;0.9944876462991271;0.9944752417863524;1.0056565656565657;22.696540031575775;94;100;0.40516069320625947;True;ok;3;0.61;0.9;2
100;4904;98.08;99;94;0.9910112187039576;0.9909868288421477;1.0092929292929294;24.601214429726486;94;100;0.38601000887168324;True;ok;4;0.61;0.9;2
100;4935;98.7;99;95;0.9970211555279542;0.9970176864879214;1.003030303030303;27.191395566016535;95;100;0.4704759996572642;True;ok;5;0.61;0.9;2
100;4928;98.56;99;94;0.9956524498064357;0.9956449308367598;1.0044444444444445;27.866322789459364;95;99;0.43493808327893596;True;ok;6;0.61;0.9;2
100;4924;98.48;99;95;0.9948366105174382;0.9948295652210142;1.0052525252525253;38.63786405135574;96;97;0.40759208400266667;True;ok;7;0.61;0.9;2
100;4932;98.64;99;95;0.9964029643559792;0.9963994044689745;1.0036363636363637;57.54702294253171;97;97;0.437223783386975;True;ok;8;0.61;0.9;2
100;4939;98.78;99;96;0.9978301494408583;0.9978258979041655;1.0022222222222221;36.05884483410976;96;100;0.5300031093245341;True;ok;9;0.61;0.9;2
100;4925;98.5;99;95;0.995051010345657;0.9950440929961373;1.005050505050505;38.346703631572154;96;97;0.4253842040539666;True;ok;0;0.61;0.95;2
100;4933;98.66;99;96;0.9966123117574374;0.9966084386364014;1.0034343434343433;37.62578348463785;96;100;0.47600788755500284;True;ok;1;0.61;0.95;2
100;4934;98.68;99;96;0.9968171759899138;0.9968131457736835;1.0032323232323233;37.35547362011225;96;100;0.47330171991779896;True;ok;2;0.61;0.95;2
100;4924;98.48;99;95;0.9948733187688703;0.9948629815954754;1.0052525252525253;28.839112551671775;95;100;0.4327824188207502;True;ok;3;0.61;0.95;2
100;4907;98.14;99;94;0.9915765471892609;0.9915556058947157;1.0086868686868686;24.258689532619194;94;100;0.3906334183894198;True;ok;4;0.61;0.95;2
100;4935;98.7;99;95;0.9970211555279542;0.9970176864879214;1.003030303030303;27.191395566016535;95;100;0.4704759996572642;True;ok;5;0.61;0.95;2
100;4928;98.56;99;94;0.9956524498064357;0.9956449308367598;1.0044444444444445;27.866322789459364;95;99;0.43493808327893596;True;ok;6;0.61;0.95;2
100;4926;98.52;99;95;0.9952181292756886;0.9952125423065555;1.0048484848484849;39.112091521940926;96;99;0.4076640057382291;True;ok;7;0.61;0.95;2
100;4933;98.66;99;96;0.9965947935678008;0.9965918053883516;1.0034343434343433;57.21432317537933;97;97;0.44538451667822027;True;ok;8;0.61;0.95;2
100;4939;98.78;99;96;0.9978301494408583;0.9978258979041655;1.0022222222222221;36.05884483410976;96;100;0.5300031093245341;True;ok;9;0.61;0.95;2
100;4927;98.54;99;95;0.9954416271132746;0.9954350820395238;1.0046464646464646;38.29143219155043;96;98;0.4274747093226941;True;ok;0;0.61;1.0;2
100;4935;98.7;99;97;0.996999666080114;0.9969969160318642;1.003030303030303;58.63122069973499;97;100;0.4915477365498671;True;ok;1;0.61;1.0;2
100;4934;98.68;99;96;0.9968171759899138;0.9968131457736835;1.0032323232323233;37.35547362011225;96;100;0.47330171991779896;True;ok;2;0.61;1.0;2
100;4925;98.5;99;95;0.9950752947144241;0.9950649675162418;1.005050505050505;28.68183409376305;95;100;0.4407180579523696;True;ok;3;0.61;1.0;2
100;4908;98.16;99;94;0.9917728498935559;0.9917519115898851;1.0084848484848485;24.1476784519749;94;100;0.39887435316683195;True;ok;4;0.61;1.0;2
100;4935;98.7;99;95;0.9970211555279542;0.9970176864879214;1.003030303030303;27.191395566016535;95;100;0.4704759996572642;True;ok;5;0.61;1.0;2
100;4928;98.56;99;94;0.9956524498064357;0.9956449308367598;1.0044444444444445;27.866322789459364;95;99;0.43493808327893596;True;ok;6;0.61;1.0;2
100;4927;98.54;99;95;0.9954105844899062;0.9954058862082956;1.0046464646464646;38.811947099278804;96;99;0.4047921689077924;True;ok;7;0.61;1.0;2
100;4934;98.68;99;96;0.9967995501148544;0.996796520988597;1.0032323232323233;37.34996929210316;96;100;0.4574021467405332;True;ok;8;0.61;1.0;2
100;4940;98.8;99;96;0.9980338886109363;0.9980296137463417;1.002020202020202;35.811038684602494;96;100;0.5474005848675928;True;ok;9;0.61;1.0;2
100;4850;97.0;99;84;0.9807114938149484;0.9806782156647685;1.02020202020202;38.56487378575179;95;91;0.2933805554903252;True;ok;0;0.66;0.0;2
100;4861;97.22;99;90;0.9825425199387984;0.9825272637515521;1.017979797979798;35.919036731358645;95;90;0.3512077996631565;True;ok;1;0.66;0.0;2
100;4877;97.54;99;89;0.9857358465218922;0.9857242036742554;1.0147474747474747;81.71504806096446;97;85;0.38654331690331867;True;ok;2;0.66;0.0;2
100;4848;96.96;99;89;0.9799767589602127;0.9799501546923342;1.0206060606060605;101.46376627118147;97;75;0.32313818164306035;True;ok;3;0.66;0.0;2
100;4832;96.64;99;89;0.97678383803976;0.9767506742304474;1.0238383838383838;60.66042043860406;96;78;0.2688046900783121;True;ok;4;0.66;0.0;2
100;4849;96.98;99;89;0.9801578070962155;0.9801430320211326;1.0204040404040404;38.77709943191276;95;90;0.31148167724538495;True;ok;5;0.66;0.0;2
100;4881;97.62;99;90;0.9864932208909072;0.98647210693437;1.013939393939394;76.39679202990075;97;84;0.3837537790587636;True;ok;6;0.66;0.0;2
100;4868;97.36;99;90;0.983879869194803;0.9838596595909721;1.0165656565656567;85.96440438751492;97;79;0.2905109902408838;True;ok;7;0.66;0.0;2
100;4863;97.26;99;90;0.9828125265080611;0.9828010352691956;1.0175757575757576;100.03877614587294;97;80;0.3128841982947998;True;ok;8;0.66;0.0;2
100;4881;97.62;99;87;0.9866043934571814;0.9865745352805273;1.013939393939394;80.41493423063822;97;86;0.301333885171308;True;ok;9;0.66;0.0;2
100;4879;97.58;99;88;0.9861812112481998;0.9861561306745863;1.0143434343434343;34.5036135694;95;96;0.3242103173433149;True;ok;0;0.66;0.05;2
100;4888;97.76;99;91;0.9878298112510532;0.9878123791225166;1.0125252525252526;25.67297884743503;94;98;0.36683590909261565;True;ok;1;0.66;0.05;2
100;4898;97.96;99;91;0.9897974096419974;0.9897859082584258;1.0105050505050506;68.27076682880713;97;88;0.4302233691194473;True;ok;2;0.66;0.05;2
100;4875;97.5;99;91;0.9852492392651402;0.985227337924645;1.0151515151515151;26.43331777908594;94;95;0.3712822556713503;True;ok;3;0.66;0.05;2
100;4858;97.16;99;89;0.9819509324148532;0.9819236892107019;1.0185858585858585;52.69046343994721;96;84;0.2865072632787845;True;ok;4;0.66;0.05;2
100;4876;97.52;99;91;0.9854528772980775;0.9854330884273981;1.014949494949495;83.17459254135804;97;84;0.3552210733649446;True;ok;5;0.66;0.05;2
100;4899;97.98;99;92;0.9899952349159793;0.9899794201446903;1.0103030303030303;67.03066234768121;97;87;0.3540535566300634;True;ok;6;0.66;0.05;2
100;4890;97.8;99;92;0.9881443807947786;0.9881301877626882;1.0121212121212122;77.03922309419937;97;87;0.31166139406265464;True;ok;7;0.66;0.05;2
100;4890;97.8;99;92;0.988138457101416;0.9881259385514152;1.0121212121212122;78.58045118494027;97;88;0.34419107147616046;True;ok;8;0.66;0.05;2
100;4900;98.0;99;89;0.9902589510185633;0.9902361866861298;1.0101010101010102;70.05563981236784;97;91;0.35365796487024614;True;ok;9;0.66;0.05;2
100;4893;97.86;99;89;0.9888541921614669;0.9888329670051511;1.0115151515151515;69.52187070102701;97;84;0.3619433625880116;True;ok;0;0.66;0.1;2
100;4905;98.1;99;94;0.9910849788769004;0.9910739589259361;1.009090909090909;65.53877552867395;97;87;0.36428982390073905;True;ok;1;0.66;0.1;2
100;4914;98.28;99;93;0.9929022967984201;0.9928928340608523;1.0072727272727273;61.354024547895754;97;90;0.40597313521876865;True;ok;2;0.66;0.1;2
100;4887;97.74;99;92;0.9876065120501062;0.9875873327356081;1.0127272727272727;25.294278534838366;94;96;0.3671768135084593;True;ok;3;0.66;0.1;2
100;4871;97.42;99;91;0.9845160142802094;0.9844884354986666;1.015959595959596;76.38046070729465;97;77;0.30467214393589914;True;ok;4;0.66;0.1;2
100;4896;97.92;99;92;0.989390283606786;0.9893729984830608;1.010909090909091;67.81622178325593;97;86;0.3681542953370307;True;ok;5;0.66;0.1;2
100;4909;98.18;99;93;0.9919534961725971;0.9919396416221314;1.0082828282828282;62.81351092521242;97;89;0.390940903459187;True;ok;6;0.66;0.1;2
100;4898;97.96;99;93;0.9897096953212084;0.9896970373192929;1.0105050505050506;71.61519478158952;97;88;0.33350102207713045;True;ok;7;0.66;0.1;2
100;4909;98.18;99;93;0.9918382584759347;0.9918302160444664;1.0082828282828282;67.46894184420293;97;91;0.395362005014643;True;ok;8;0.66;0.1;2
100;4908;98.16;99;90;0.9918272892024821;0.9918066469310568;1.0084848484848485;64.18886895748999;97;91;0.3780585396889894;True;ok;9;0.66;0.1;2
100;4903;98.06;99;90;0.9908123768557274;0.9907941176470588;1.0094949494949494;68.26041668230008;97;90;0.3539074925913736;True;ok;0;0.66;0.15;2
100;4917;98.34;99;94;0.9934484758287092;0.9934402804384567;1.0066666666666666;62.70815210032923;97;92;0.39008700095393756;True;ok;1;0.66;0.15;2
100;4925;98.5;99;94;0.995028176943732;0.9950232180413552;1.005050505050505;39.2616638492096;96;99;0.4143553980290012;True;ok;2;0.66;0.15;2
100;4901;98.02;99;92;0.990387467267699;0.9903702006068035;1.0098989898989899;64.05025518216578;97;85;0.37033315440423126;True;ok;3;0.66;0.15;2
100;4879;97.58;99;91;0.9860512923981326;0.9860279610497061;1.0143434343434343;73.28025082305655;97;79;0.3209944891493428;True;ok;4;0.66;0.15;2
100;4906;98.12;99;93;0.9913489237209139;0.9913338523229682;1.008888888888889;63.90221096955604;97;88;0.3820979382096708;True;ok;5;0.66;0.15;2
100;4912;98.24;99;93;0.9925492533470844;0.9925355482478634;1.0076767676767677;39.95276533923968;96;94;0.40316068108470404;True;ok;6;0.66;0.15;2
100;4907;98.14;99;94;0.9914726878922806;0.9914629234977262;1.0086868686868686;67.98606149487027;97;91;0.35408120671071547;True;ok;7;0.66;0.15;2
100;4920;98.4;99;94;0.994016956426469;0.9940115387424231;1.006060606060606;63.42333945666846;97;95;0.3886262160190099;True;ok;8;0.66;0.15;2
100;4916;98.32;99;92;0.9933446911282201;0.9933292372509436;1.006868686868687;60.01169209270189;97;91;0.3991188924213156;True;ok;9;0.66;0.15;2
100;4908;98.16;99;90;0.9918421640184077;0.9918234879742377;1.0084848484848485;64.65139510399553;97;91;0.3755616868828196;True;ok;0;0.66;0.2;2
100;4923;98.46;99;95;0.9946431764758846;0.9946357566209018;1.0054545454545454;39.49021844583189;96;98;0.41515152835267144;True;ok;1;0.66;0.2;2
100;4928;98.56;99;95;0.9956153129981291;0.9956115812658196;1.0044444444444445;38.52102699908803;96;99;0.43766689957503013;True;ok;2;0.66;0.2;2
100;4910;98.2;99;94;0.992110747687206;0.9920977763997536;1.0080808080808081;30.865233025622942;95;99;0.3826427095893189;True;ok;3;0.66;0.2;2
100;4884;97.68;99;92;0.9870310267012057;0.987009082632905;1.0133333333333334;69.44599697441548;97;79;0.33985802973930335;True;ok;4;0.66;0.2;2
100;4915;98.3;99;94;0.9931037974457156;0.9930922448740652;1.007070707070707;29.96792201417867;95;99;0.39166607522203223;True;ok;5;0.66;0.2;2
100;4915;98.3;99;93;0.9931210490469132;0.9931090283019065;1.007070707070707;39.30319845283964;96;94;0.40775958623199693;True;ok;6;0.66;0.2;2
100;4913;98.26;99;94;0.992660300145088;0.9926512591414611;1.0074747474747474;64.20257858645316;97;91;0.38404050690662916;True;ok;7;0.66;0.2;2
100;4925;98.5;99;95;0.9949981633824782;0.994993992374376;1.005050505050505;61.25436151345434;97;96;0.39847798725592676;True;ok;8;0.66;0.2;2
100;4920;98.4;99;92;0.9941338554564;0.9941203594551005;1.006060606060606;58.75508710018024;97;92;0.4205873804774455;True;ok;9;0.66;0.2;2
100;4913;98.26;99;92;0.9927538787289177;0.992739461757678;1.0074747474747474;63.13561111413921;97;92;0.39255231760753906;True;ok;0;0.66;0.25;2
100;4923;98.46;99;95;0.9946431764758846;0.9946357566209018;1.0054545454545454;39.49021844583189;96;98;0.41515152835267144;True;ok;1;0.66;0.25;2
100;4931;98.62;99;95;0.9962145832236975;0.9962110117471099;1.0038383838383838;37.66865722343088;96;99;0.44968938120645435;True;ok;2;0.66;0.25;2
100;4915;98.3;99;94;0.9930904817495687;0.993079657118963;1.007070707070707;29.96518182248446;95;99;0.3815304480867151;True;ok;3;0.66;0.25;2
100;4895;97.9;99;92;0.9891812047583715;0.989162050737284;1.011111111111111;25.299816134097178;94;99;0.39431663400665984;True;ok;4;0.66;0.25;2
100;4920;98.4;99;94;0.994082859905208;0.9940743213637407;1.006060606060606;38.613445827370796;96;95;0.423765791708402;True;ok;5;0.66;0.25;2
100;4919;98.38;99;93;0.9938978835110035;0.9938882731240568;1.0062626262626262;38.76521608068853;96;95;0.40415182107990755;True;ok;6;0.66;0.25;2
100;4913;98.26;99;94;0.992660300145088;0.9926512591414611;1.0074747474747474;64.20257858645316;97;91;0.38404050690662916;True;ok;7;0.66;0.25;2
100;4927;98.54;99;95;0.9953971773162403;0.9953933734488527;1.0046464646464646;60.12412141671108;97;96;0.3987207272079008;True;ok;8;0.66;0.25;2
100;4925;98.5;99;92;0.995118113858246;0.9951067152524726;1.005050505050505;37.765928374179445;96;97;0.42997941170815035;True;ok;9;0.66;0.25;2
100;4915;98.3;99;92;0.9931259257145065;0.9931132241150054;1.007070707070707;62.290785777585846;97;92;0.3985286169106756;True;ok;0;0.66;0.3;2
100;4926;98.52;99;95;0.995230922856867;0.995225061143779;1.0048484848484849;39.11673875799632;96;99;0.4178092732559756;True;ok;1;0.66;0.3;2
100;4931;98.62;99;95;0.9962145832236975;0.9962110117471099;1.0038383838383838;37.66865722343088;96;99;0.44968938120645435;True;ok;2;0.66;0.3;2
100;4921;98.42;99;95;0.9942559396786212;0.9942476713288755;1.0058585858585858;29.32016883829668;95;100;0.3954205620433508;True;ok;3;0.66;0.3;2
100;4902;98.04;99;93;0.9905504489641657;0.9905336785822376;1.0096969696969698;62.84276805958321;97;84;0.3744502200578613;True;ok;4;0.66;0.3;2
100;4927;98.54;99;95;0.9954361857354904;0.9954309112585592;1.0046464646464646;38.82109685230535;96;99;0.4250821281524889;True;ok;5;0.66;0.3;2
100;4921;98.42;99;94;0.994263218527442;0.9942560380427982;1.0058585858585858;39.405275028076154;96;97;0.40461223580391537;True;ok;6;0.66;0.3;2
100;4920;98.4;99;95;0.9940303904345354;0.9940240955810857;1.006060606060606;40.43695397324593;96;98;0.4034850758870963;True;ok;7;0.66;0.3;2
100;4930;98.6;99;96;0.9959788860372255;0.995976657966051;1.004040404040404;59.271394809858165;97;97;0.4086658414570635;True;ok;8;0.66;0.3;2
100;4926;98.52;99;92;0.9953157536884061;0.9953043434822789;1.0048484848484849;37.48224736521648;96;97;0.43746029776143286;True;ok;9;0.66;0.3;2
100;4921;98.42;99;94;0.9942646889512478;0.9942560380427982;1.0058585858585858;39.79960607811577;96;98;0.39761889721700644;True;ok;0;0.66;0.35;2
100;4930;98.6;99;96;0.9960235269998763;0.9960183041633244;1.004040404040404;38.47045380967358;96;100;0.44432056128226693;True;ok;1;0.66;0.35;2
100;4932;98.64;99;96;0.9964068648324517;0.9964035648728788;1.0036363636363637;37.90029000086035;96;100;0.44273450795052016;True;ok;2;0.66;0.35;2
100;4922;98.44;99;95;0.9944493773639885;0.9944417920529719;1.0056565656565657;29.155755641589362;95;100;0.40329592954768784;True;ok;3;0.66;0.35;2
100;4904;98.08;99;93;0.9909344173984961;0.990919323947448;1.0092929292929294;61.92270415463464;97;84;0.3932316991464715;True;ok;4;0.66;0.35;2
100;4931;98.62;99;95;0.9962191176330458;0.9962151742016967;1.0038383838383838;37.67004221118236;96;99;0.44412560442800925;True;ok;5;0.66;0.35;2
100;4925;98.5;99;95;0.9950377456246158;0.9950315680754303;1.005050505050505;28.67535197468725;95;100;0.41702531170094626;True;ok;6;0.66;0.35;2
100;4923;98.46;99;95;0.9946378386652311;0.9946315774117784;1.0054545454545454;39.48861174078449;96;98;0.4049324656390952;True;ok;7;0.66;0.35;2
100;4932;98.64;99;96;0.99637625170672;0.9963744416827076;1.0036363636363637;58.81076906552695;97;98;0.406961668630072;True;ok;8;0.66;0.35;2
100;4931;98.62;99;93;0.9962685999997488;0.9962609600608218;1.0038383838383838;27.354318547644503;95;99;0.45828122960524853;True;ok;9;0.66;0.35;2
100;4923;98.46;99;94;0.9946654182635689;0.9946566524052358;1.0054545454545454;39.18098212495264;96;98;0.4054334265234437;True;ok;0;0.66;0.4;2
100;4932;98.64;99;96;0.9964119305913058;0.9964077252595055;1.0036363636363637;37.90167851597273;96;100;0.4487468558308989;True;ok;1;0.66;0.4;2
100;4932;98.64;99;96;0.9964068648324517;0.9964035648728788;1.0036363636363637;37.90029000086035;96;100;0.44273450795052016;True;ok;2;0.66;0.4;2
100;4927;98.54;99;95;0.9954282851831819;0.9954225696445625;1.0046464646464646;28.363855888194998;95;100;0.412909072758607;True;ok;3;0.66;0.4;2
100;4904;98.08;99;93;0.9909344173984961;0.990919323947448;1.0092929292929294;61.92270415463464;97;84;0.3932316991464715;True;ok;4;0.66;0.4;2
100;4932;98.64;99;95;0.9964155005159454;0.9964118856288544;1.0036363636363637;27.61751082880425;95;100;0.4428828482518189;True;ok;5;0.66;0.4;2
100;4926;98.52;99;95;0.9952438892501334;0.9952375798246563;1.0048484848484849;28.520701892778686;95;100;0.4185891819159617;True;ok;6;0.66;0.4;2
100;4925;98.5;99;95;0.9950331386207028;0.9950273930670864;1.005050505050505;38.87823112504995;96;98;0.4127467493180923;True;ok;7;0.66;0.4;2
100;4934;98.68;99;96;0.9967773749151732;0.9967757396191887;1.0032323232323233;58.36991936216371;97;99;0.42727214558894444;True;ok;8;0.66;0.4;2
100;4933;98.66;99;94;0.9966432721309338;0.9966375461559058;1.0034343434343433;27.140189182621533;95;99;0.46543847438120434;True;ok;9;0.66;0.4;2
100;4924;98.48;99;94;0.994858414981912;0.9948504505855738;1.0052525252525253;38.87670669926991;96;98;0.4093948425471261;True;ok;0;0.66;0.45;2
100;4933;98.66;99;96;0.9966035992629196;0.9966001220469008;1.0034343434343433;37.62301897913664;96;100;0.4459803248856733;True;ok;1;0.66;0.45;2
100;4936;98.72;99;96;0.9971951813248043;0.9971929970043432;1.0028282828282828;36.81713013670441;96;100;0.4578446517169936;True;ok;2;0.66;0.45;2
100;4928;98.56;99;95;0.9956209268045505;0.9956157500228779;1.0044444444444445;28.21032889879039;95;100;0.4208655903132169;True;ok;3;0.66;0.45;2
100;4907;98.14;99;94;0.9915105879112839;0.9914966271772326;1.0086868686868686;61.306711976997754;97;85;0.4024437986163597;True;ok;4;0.66;0.45;2
100;4934;98.68;99;95;0.9968165635680046;0.9968131457736835;1.0032323232323233;27.331428619089753;95;100;0.4589775836758502;True;ok;5;0.66;0.45;2
100;4927;98.54;99;95;0.9954365335250113;0.9954309112585592;1.0046464646464646;28.365414860423456;95;100;0.42292977308161495;True;ok;6;0.66;0.45;2
100;4926;98.52;99;95;0.9952263104900128;0.9952208882154098;1.0048484848484849;38.57874306573521;96;98;0.4098605261820405;True;ok;7;0.66;0.45;2
100;4936;98.72;99;96;0.9971776338719127;0.997176388638385;1.0028282828282828;57.04426825848238;97;99;0.4389698299823084;True;ok;8;0.66;0.45;2
100;4933;98.66;99;94;0.9966432721309338;0.9966375461559058;1.0034343434343433;27.140189182621533;95;99;0.46543847438120434;True;ok;9;0.66;0.45;2
100;4927;98.54;99;95;0.9954149413284038;0.9954100570933968;1.0046464646464646;38.813482140811416;96;99;0.41013737603535255;True;ok;0;0.66;0.5;2
100;4935;98.7;99;97;0.996986400933381;0.9969844535514593;1.003030303030303;58.620847107525194;97;100;0.46148242618635826;True;ok;1;0.66;0.5;2
100;4936;98.72;99;96;0.9971951813248043;0.9971929970043432;1.0028282828282828;36.81713013670441;96;100;0.4578446517169936;True;ok;2;0.66;0.5;2
100;4929;98.58;99;95;0.9958132809572986;0.9958087753765553;1.0042424242424242;28.058482948398307;95;100;0.4188348657253863;True;ok;3;0.66;0.5;2
100;4912;98.24;99;94;0.9924757615758522;0.9924641103254248;1.0076767676767677;59.89089249570103;97;86;0.39705092986373225;True;ok;4;0.66;0.5;2
100;4936;98.72;99;95;0.9972212128718106;0.9972179090368202;1.0028282828282828;27.052137297174262;95;100;0.4785203590423604;True;ok;5;0.66;0.5;2
100;4931;98.62;99;95;0.9962280188916368;0.9962234990589907;1.0038383838383838;27.76516438908955;95;100;0.4448848950791021;True;ok;6;0.66;0.5;2
100;4926;98.52;99;95;0.9952263104900128;0.9952208882154098;1.0048484848484849;38.57874306573521;96;98;0.4098605261820405;True;ok;7;0.66;0.5;2
100;4937;98.74;99;96;0.9973818709647315;0.997380620320501;1.0026262626262625;56.407383079265735;97;99;0.4550035446142525;True;ok;8;0.66;0.5;2
100;4935;98.7;99;94;0.9970482824249509;0.9970426104665873;1.003030303030303;26.862167851330693;95;99;0.4841172194032115;True;ok;9;0.66;0.5;2
100;4930;98.6;99;95;0.9960185602552448;0.9960141396214888;1.004040404040404;37.949392052566495;96;99;0.4321972501584517;True;ok;0;0.66;0.55;2
100;4937;98.74;99;97;0.9973862334687064;0.9973847703281263;1.0026262626262625;57.296773486252114;97;100;0.4730317358893279;True;ok;1;0.66;0.55;2
100;4937;98.74;99;96;0.9973906028236107;0.9973889203185518;1.0026262626262625;36.55589500185693;96;100;0.45960049097685735;True;ok;2;0.66;0.55;2
100;4931;98.62;99;95;0.9962152923737078;0.9962110117471099;1.0038383838383838;27.76289580737281;95;100;0.434854204659502;True;ok;3;0.66;0.55;2
100;4914;98.28;99;94;0.9928653579579894;0.9928550512445096;1.0072727272727273;61.524452769133916;97;89;0.3946270630645493;True;ok;4;0.66;0.55;2
100;4936;98.72;99;95;0.9972212128718106;0.9972179090368202;1.0028282828282828;27.052137297174262;95;100;0.4785203590423604;True;ok;5;0.66;0.55;2
100;4932;98.64;99;95;0.9964244104011145;0.9964202063157195;1.0036363636363637;37.396335649480925;96;99;0.451490027484022;True;ok;6;0.66;0.55;2
100;4927;98.54;99;95;0.9954144947037419;0.9954100570933968;1.0046464646464646;38.813482140811416;96;99;0.41013737603535255;True;ok;7;0.66;0.55;2
100;4938;98.76;99;96;0.9975859380426566;0.9975846861645603;1.0024242424242424;55.78481033749627;97;99;0.47107822763538765;True;ok;8;0.66;0.55;2
100;4936;98.72;99;95;0.9972352161173745;0.9972303648206579;1.0028282828282828;27.05430208831105;95;100;0.4885508458002278;True;ok;9;0.66;0.55;2
100;4930;98.6;99;95;0.9960185602552448;0.9960141396214888;1.004040404040404;37.949392052566495;96;99;0.4321972501584517;True;ok;0;0.66;0.6;2
100;4938;98.76;99;97;0.9975903018189473;0.9975888340645546;1.0024242424242424;56.66052277415333;97;100;0.4888890138048429;True;ok;1;0.66;0.6;2
100;4937;98.74;99;96;0.9973906028236107;0.9973889203185518;1.0026262626262625;36.55589500185693;96;100;0.45960049097685735;True;ok;2;0.66;0.6;2
100;4933;98.66;99;96;0.9966034225508886;0.9966001220469008;1.0034343434343433;37.623018979136646;96;100;0.4459803248856733;True;ok;3;0.66;0.6;2
100;4915;98.3;99;94;0.9930600306013365;0.9930502850763026;1.007070707070707;61.780562433898794;97;90;0.3885274258984767;True;ok;4;0.66;0.6;2
100;4936;98.72;99;95;0.9972212128718106;0.9972179090368202;1.0028282828282828;27.052137297174262;95;100;0.4785203590423604;True;ok;5;0.66;0.6;2
100;4934;98.68;99;95;0.9968207607938318;0.9968173019268395;1.0032323232323233;36.856886471960216;96;99;0.4619666672754907;True;ok;6;0.66;0.6;2
100;4929;98.58;99;96;0.9958086496449322;0.9958046086934828;1.0042424242424242;38.75472558647869;96;100;0.41706992902056017;True;ok;7;0.66;0.6;2
100;4939;98.78;99;96;0.9977898351056829;0.9977885863724741;1.0022222222222221;36.047250265590975;96;100;0.47453559926478456;True;ok;8;0.66;0.6;2
100;4939;98.78;99;95;0.9978252490401736;0.9978217522470945;1.0022222222222221;26.643792873030307;95;100;0.5127206869633812;True;ok;9;0.66;0.6;2
100;4930;98.6;99;95;0.9960185602552448;0.9960141396214888;1.004040404040404;37.949392052566495;96;99;0.4321972501584517;True;ok;0;0.66;0.65;2
100;4939;98.78;99;97;0.9977899192322975;0.9977885863724741;1.0022222222222221;56.03533868254103;97;100;0.4947656118732979;True;ok;1;0.66;0.65;2
100;4939;98.78;99;97;0.9977857259742382;0.9977844405608886;1.0022222222222221;56.03218492095588;97;100;0.4847446775807775;True;ok;2;0.66;0.65;2
100;4933;98.66;99;96;0.9966034225508886;0.9966001220469008;1.0034343434343433;37.623018979136646;96;100;0.4459803248856733;True;ok;3;0.66;0.65;2
100;4917;98.34;99;94;0.9934664641767603;0.9934570477748322;1.0066666666666666;40.116500391300775;96;96;0.407773134071551;True;ok;4;0.66;0.65;2
100;4936;98.72;99;95;0.9972212128718106;0.9972179090368202;1.0028282828282828;27.052137297174262;95;100;0.4785203590423604;True;ok;5;0.66;0.65;2
100;4936;98.72;99;96;0.9972169364646507;0.9972137570744449;1.0028282828282828;36.82389363566762;96;100;0.477913774050506;True;ok;6;0.66;0.65;2
100;4932;98.64;99;96;0.9963982262440809;0.9963952440477921;1.0036363636363637;37.89739575713394;96;100;0.42870451586236036;True;ok;7;0.66;0.65;2
100;4939;98.78;99;96;0.9977898351056829;0.9977885863724741;1.0022222222222221;36.047250265590975;96;100;0.47453559926478456;True;ok;8;0.66;0.65;2
100;4941;98.82;99;96;0.9982195119526631;0.9982165984615575;1.0018181818181817;35.56168347894446;96;100;0.54476168315544;True;ok;9;0.66;0.65;2
100;4932;98.64;99;95;0.9964112375741481;0.9964077252595055;1.0036363636363637;37.392127301007676;96;99;0.4470047016652187;True;ok;0;0.66;0.7;2
100;4939;98.78;99;97;0.9977899192322975;0.9977885863724741;1.0022222222222221;56.03533868254103;97;100;0.4947656118732979;True;ok;1;0.66;0.7;2
100;4939;98.78;99;97;0.9977857259742382;0.9977844405608886;1.0022222222222221;56.03218492095588;97;100;0.4847446775807775;True;ok;2;0.66;0.7;2
100;4933;98.66;99;96;0.9966034225508886;0.9966001220469008;1.0034343434343433;37.623018979136646;96;100;0.4459803248856733;True;ok;3;0.66;0.7;2
100;4917;98.34;99;94;0.9934664641767603;0.9934570477748322;1.0066666666666666;40.116500391300775;96;96;0.407773134071551;True;ok;4;0.66;0.7;2
100;4937;98.74;99;95;0.9974167316148427;0.9974138198999098;1.0026262626262625;26.913652792843354;95;100;0.48321182515227673;True;ok;5;0.66;0.7;2
100;4937;98.74;99;96;0.997412266762209;0.9974096700126822;1.0026262626262625;36.56253289697932;96;100;0.4852322006082593;True;ok;6;0.66;0.7;2
100;4933;98.66;99;96;0.9965943451255455;0.9965918053883516;1.0034343434343433;37.62022594903062;96;100;0.4400283739807235;True;ok;7;0.66;0.7;2
100;4940;98.8;99;96;0.997993562153811;0.9979923211458258;1.002020202020202;35.799607417678395;96;100;0.487280051226723;True;ok;8;0.66;0.7;2
100;4941;98.82;99;96;0.9982195119526631;0.9982165984615575;1.0018181818181817;35.56168347894446;96;100;0.54476168315544;True;ok;9;0.66;0.7;2
100;4933;98.66;99;95;0.9966161709480627;0.9966125969052586;1.0034343434343433;37.12251005738458;96;99;0.44872908923427957;True;ok;0;0.66;0.75;2
100;4939;98.78;99;97;0.9977899192322975;0.9977885863724741;1.0022222222222221;56.03533868254103;97;100;0.4947656118732979;True;ok;1;0.66;0.75;2
100;4940;98.8;99;97;0.9979894516381992;0.9979881774377826;1.002020202020202;55.42404284676381;97;100;0.5006826172797317;True;ok;2;0.66;0.75;2
100;4934;98.68;99;96;0.9967992810970386;0.996796520988597;1.0032323232323233;37.34994077585151;96;100;0.44324609323386066;True;ok;3;0.66;0.75;2
100;4920;98.4;99;95;0.9940443325524378;0.9940366522625459;1.006060606060606;39.87570952055192;96;97;0.40705474407503633;True;ok;4;0.66;0.75;2
100;4937;98.74;99;95;0.9974167316148427;0.9974138198999098;1.0026262626262625;26.913652792843354;95;100;0.48321182515227673;True;ok;5;0.66;0.75;2
100;4938;98.76;99;96;0.997611975991995;0.9976095733067638;1.0024242424242424;36.30628301284935;96;100;0.49258204336172107;True;ok;6;0.66;0.75;2
100;4933;98.66;99;96;0.9965943451255455;0.9965918053883516;1.0034343434343433;37.62022594903062;96;100;0.4400283739807235;True;ok;7;0.66;0.75;2
100;4940;98.8;99;96;0.997993562153811;0.9979923211458258;1.002020202020202;35.799607417678395;96;100;0.487280051226723;True;ok;8;0.66;0.75;2
100;4941;98.82;99;96;0.9982195119526631;0.9982165984615575;1.0018181818181817;35.56168347894446;96;100;0.54476168315544;True;ok;9;0.66;0.75;2
100;4936;98.72;99;95;0.9972211299026843;0.9972179090368202;1.0028282828282828;36.33448060577561;96;99;0.48105650763753555;True;ok;0;0.66;0.8;2
100;4940;98.8;99;97;0.9979893639742679;0.9979881774377826;1.002020202020202;55.42404284676381;97;100;0.5006826172797317;True;ok;1;0.66;0.8;2
100;4941;98.82;99;97;0.9981930072872642;0.9981917490793231;1.0018181818181817;54.82919461185615;97;100;0.516660277997621;True;ok;2;0.66;0.8;2
100;4934;98.68;99;96;0.9967992810970386;0.996796520988597;1.0032323232323233;37.34994077585151;96;100;0.44324609323386066;True;ok;3;0.66;0.8;2
100;4924;98.48;99;95;0.9948140347653718;0.9948086794213719;1.0052525252525253;39.72056439141789;96;99;0.3984320791204866;True;ok;4;0.66;0.8;2
100;4939;98.78;99;96;0.9978028581210023;0.9978010237042191;1.0022222222222221;36.05111426955328;96;100;0.4899222204636515;True;ok;5;0.66;0.8;2
100;4939;98.78;99;96;0.9978116002143311;0.9978093151728736;1.0022222222222221;36.05369958514353;96;100;0.4999492740878496;True;ok;6;0.66;0.8;2
100;4936;98.72;99;96;0.997186452122408;0.9971846928557954;1.0028282828282828;57.050876392944154;97;99;0.4592148159377565;True;ok;7;0.66;0.8;2
100;4940;98.8;99;96;0.997993562153811;0.9979923211458258;1.002020202020202;35.799607417678395;96;100;0.487280051226723;True;ok;8;0.66;0.8;2
100;4941;98.82;99;96;0.9982195119526631;0.9982165984615575;1.0018181818181817;35.56168347894446;96;100;0.54476168315544;True;ok;9;0.66;0.8;2
100;4937;98.74;99;96;0.9974125352906731;0.9974096700126822;1.0026262626262625;36.56253289697932;96;100;0.4852322006082593;True;ok;0;0.66;0.85;2
100;4940;98.8;99;97;0.9979893639742679;0.9979881774377826;1.002020202020202;55.42404284676381;97;100;0.5006826172797317;True;ok;1;0.66;0.85;2
100;4941;98.82;99;97;0.9981930072872642;0.9981917490793231;1.0018181818181817;54.82919461185615;97;100;0.516660277997621;True;ok;2;0.66;0.85;2
100;4935;98.7;99;96;0.9969950445131434;0.9969927618889604;1.003030303030303;37.08087673128386;96;100;0.4505294883151325;True;ok;3;0.66;0.85;2
100;4926;98.52;99;95;0.9952177785441053;0.9952125423065555;1.0048484848484849;39.112123186643586;96;99;0.4129523404385745;True;ok;4;0.66;0.85;2
100;4939;98.78;99;96;0.9978028581210023;0.9978010237042191;1.0022222222222221;36.05111426955328;96;100;0.4899222204636515;True;ok;5;0.66;0.85;2
100;4939;98.78;99;96;0.9978116002143311;0.9978093151728736;1.0022222222222221;36.05369958514353;96;100;0.4999492740878496;True;ok;6;0.66;0.85;2
100;4936;98.72;99;96;0.997186452122408;0.9971846928557954;1.0028282828282828;57.050876392944154;97;99;0.4592148159377565;True;ok;7;0.66;0.85;2
100;4940;98.8;99;96;0.997993562153811;0.9979923211458258;1.002020202020202;35.799607417678395;96;100;0.487280051226723;True;ok;8;0.66;0.85;2
100;4941;98.82;99;96;0.9982195119526631;0.9982165984615575;1.0018181818181817;35.56168347894446;96;100;0.54476168315544;True;ok;9;0.66;0.85;2
100;4938;98.76;99;96;0.9976033242750069;0.9976012776614321;1.0024242424242424;36.30366030684875;96;100;0.4825548109419813;True;ok;0;0.66;0.9;2
100;4940;98.8;99;97;0.9979893639742679;0.9979881774377826;1.002020202020202;55.42404284676381;97;100;0.5006826172797317;True;ok;1;0.66;0.9;2
100;4943;98.86;99;97;0.9985996085406974;0.9985983974597504;1.0014141414141413;53.67767335848062;97;100;0.5487335994451703;True;ok;2;0.66;0.9;2
100;4936;98.72;99;96;0.9971951813248043;0.9971929970043432;1.0028282828282828;36.8171301367044;96;100;0.4578446517169935;True;ok;3;0.66;0.9;2
100;4927;98.54;99;95;0.9954194790903343;0.9954142279611417;1.0046464646464646;38.81501730698443;96;99;0.42025290084705413;True;ok;4;0.66;0.9;2
100;4939;98.78;99;96;0.9978028581210023;0.9978010237042191;1.0022222222222221;36.05111426955328;96;100;0.4899222204636515;True;ok;5;0.66;0.9;2
100;4939;98.78;99;96;0.9978116002143311;0.9978093151728736;1.0022222222222221;36.05369958514353;96;100;0.4999492740878496;True;ok;6;0.66;0.9;2
100;4937;98.74;99;97;0.9973820428671302;0.997380620320501;1.0026262626262625;57.29347350090376;97;100;0.46301038768200264;True;ok;7;0.66;0.9;2
100;4940;98.8;99;96;0.997993562153811;0.9979923211458258;1.002020202020202;35.799607417678395;96;100;0.487280051226723;True;ok;8;0.66;0.9;2
100;4941;98.82;99;96;0.9982195119526631;0.9982165984615575;1.0018181818181817;35.56168347894446;96;100;0.54476168315544;True;ok;9;0.66;0.9;2
100;4938;98.76;99;96;0.9976033242750069;0.9976012776614321;1.0024242424242424;36.30366030684875;96;100;0.4825548109419813;True;ok;0;0.66;0.95;2
100;4941;98.82;99;97;0.9981929196233326;0.9981917490793231;1.0018181818181817;54.82919461185615;97;100;0.516660277997621;True;ok;1;0.66;0.95;2
100;4944;98.88;99;97;0.9987983665818732;0.9987973392681128;1.0012121212121212;53.11736381546818;97;100;0.5548087224358297;True;ok;2;0.66;0.95;2
100;4936;98.72;99;96;0.9971951813248043;0.9971929970043432;1.0028282828282828;36.8171301367044;96;100;0.4578446517169935;True;ok;3;0.66;0.95;2
100;4927;98.54;99;95;0.9954194790903343;0.9954142279611417;1.0046464646464646;38.81501730698443;96;99;0.42025290084705413;True;ok;4;0.66;0.95;2
100;4939;98.78;99;96;0.9978028581210023;0.9978010237042191;1.0022222222222221;36.05111426955328;96;100;0.4899222204636515;True;ok;5;0.66;0.95;2
100;4939;98.78;99;96;0.9978116002143311;0.9978093151728736;1.0022222222222221;36.05369958514353;96;100;0.4999492740878496;True;ok;6;0.66;0.95;2
100;4937;98.74;99;97;0.9973820428671302;0.997380620320501;1.0026262626262625;57.29347350090376;97;100;0.46301038768200264;True;ok;7;0.66;0.95;2
100;4940;98.8;99;96;0.997993562153811;0.9979923211458258;1.002020202020202;35.799607417678395;96;100;0.487280051226723;True;ok;8;0.66;0.95;2
100;4942;98.84;99;96;0.9984141540534065;0.9984117136121107;1.0016161616161616;35.318353171705034;96;100;0.5521669479495673;True;ok;9;0.66;0.95;2
100;4938;98.76;99;96;0.9976033242750069;0.9976012776614321;1.0024242424242424;36.30366030684875;96;100;0.4825548109419813;True;ok;0;0.66;1.0;2
100;4942;98.84;99;97;0.9983963052574977;0.9983951556864432;1.0016161616161616;54.24720902887099;97;100;0.5326773721032235;True;ok;1;0.66;1.0;2
100;4944;98.88;99;97;0.9987983665818732;0.9987973392681128;1.0012121212121212;53.11736381546818;97;100;0.5548087224358297;True;ok;2;0.66;1.0;2
100;4937;98.74;99;97;0.997386321132638;0.9973847703281263;1.0026262626262625;57.296773486252114;97;100;0.4730317358893279;True;ok;3;0.66;1.0;2
100;4930;98.6;99;95;0.996014375976276;0.9960099750623441;1.004040404040404;37.94792636371966;96;99;0.4266784608797351;True;ok;4;0.66;1.0;2
100;4939;98.78;99;96;0.9978028581210023;0.9978010237042191;1.0022222222222221;36.05111426955328;96;100;0.4899222204636515;True;ok;5;0.66;1.0;2
100;4939;98.78;99;96;0.9978116002143311;0.9978093151728736;1.0022222222222221;36.05369958514353;96;100;0.4999492740878496;True;ok;6;0.66;1.0;2
100;4938;98.76;99;97;0.9975861098891294;0.9975846861645603;1.0024242424242424;56.65729695622489;97;100;0.47886787266953784;True;ok;7;0.66;1.0;2
100;4940;98.8;99;96;0.997993562153811;0.9979923211458258;1.002020202020202;35.799607417678395;96;100;0.487280051226723;True;ok;8;0.66;1.0;2
100;4942;98.84;99;96;0.9984141540534065;0.9984117136121107;1.0016161616161616;35.318353171705034;96;100;0.5521669479495673;True;ok;9;0.66;1.0;2
100;4889;97.78;99;89;0.9880963178942159;0.9880754937028718;1.0123232323232323;78.76601876675863;97;89;0.33611144113979596;True;ok;0;0.71;0.0;2
100;4893;97.86;99;92;0.9887014815056842;0.9886929611573683;1.0115151515151515;75.03473300071136;97;87;0.3596097318860957;True;ok;1;0.71;0.0;2
100;4909;98.18;99;94;0.9918166626377222;0.9918133802816902;1.0082828282828282;67.45883232423104;97;91;0.4172875852783114;True;ok;2;0.71;0.0;2
100;4889;97.78;99;93;0.9878146025473287;0.9878076610994658;1.0123232323232323;33.67066146468028;95;96;0.3982859530171551;True;ok;3;0.71;0.0;2
100;4875;97.5;99;90;0.9850451092049605;0.9850346612716075;1.0151515151515151;52.752691058460094;96;90;0.3337743304814999;True;ok;4;0.71;0.0;2
100;4887;97.74;99;91;0.9875538061473889;0.9875405218516662;1.0127272727272727;25.7904876810274;94;98;0.38899119000361665;True;ok;5;0.71;0.0;2
100;4908;98.16;99;93;0.9917115620755713;0.9917013840112213;1.0084848484848485;65.32223154080626;97;90;0.3607822105573836;True;ok;6;0.71;0.0;2
100;4902;98.04;99;93;0.9904696253207813;0.990461877988545;1.0096969696969698;70.90133267642217;97;90;0.3895352582266107;True;ok;7;0.71;0.0;2
100;4907;98.14;99;93;0.991497683878152;0.991488201363398;1.0086868686868686;66.75851989290322;97;90;0.35723128956380945;True;ok;8;0.71;0.0;2
100;4910;98.2;99;91;0.9922117839919529;0.9921945210817061;1.0080808080808081;63.55131457483207;97;92;0.38657170895340615;True;ok;9;0.71;0.0;2
100;4908;98.16;99;91;0.9917618422673001;0.9917477010554389;1.0084848484848485;67.22721816506836;97;92;0.36257292312005573;True;ok;0;0.71;0.05;2
100;4919;98.38;99;94;0.9938178331548226;0.9938128964787365;1.0062626262626262;64.27622975533217;97;95;0.3721649233501193;True;ok;1;0.71;0.05;2
100;4929;98.58;99;95;0.9957859052642174;0.9957837750182433;1.0042424242424242;59.628966740605655;97;97;0.4106795925667605;True;ok;2;0.71;0.05;2
100;4911;98.22;99;94;0.9922114189332683;0.9922053335455471;1.0078787878787878;68.94013255987014;97;93;0.3620520710420444;True;ok;3;0.71;0.05;2
100;4898;97.96;99;93;0.9896506324821973;0.9896420180380466;1.0105050505050506;73.37188151438603;97;88;0.36488281027187586;True;ok;4;0.71;0.05;2
100;4911;98.22;99;92;0.9922986428176772;0.9922894250784251;1.0078787878787878;62.804571399880416;97;89;0.3795928770937582;True;ok;5;0.71;0.05;2
100;4918;98.36;99;94;0.9936803709001397;0.9936727495974992;1.0064646464646465;61.716586580693956;97;93;0.39854377752285014;True;ok;6;0.71;0.05;2
100;4916;98.32;99;94;0.9932438859272626;0.9932369734411182;1.006868686868687;62.690917294581034;97;92;0.40364434262019505;True;ok;7;0.71;0.05;2
100;4922;98.44;99;94;0.9944208978654756;0.9944167040206819;1.0056565656565657;62.84276805958321;97;96;0.37593831529595656;True;ok;8;0.71;0.05;2
100;4919;98.38;99;91;0.9939878424754934;0.9939720183093682;1.0062626262626262;39.09590309473448;96;97;0.43071096548085946;True;ok;9;0.71;0.05;2
100;4915;98.3;99;92;0.9931393319117363;0.9931258114490363;1.007070707070707;64.0452303765037;97;94;0.3727505255299718;True;ok;0;0.71;0.1;2
100;4928;98.56;99;95;0.9955981599350586;0.9955949060641796;1.0044444444444445;59.39019522201213;97;96;0.4046221241294437;True;ok;1;0.71;0.1;2
100;4933;98.66;99;96;0.9965724484091484;0.9965710134398837;1.0034343434343433;59.052998778659166;97;99;0.41136322021508237;True;ok;2;0.71;0.1;2
100;4925;98.5;99;95;0.9949981352853391;0.994993992374376;1.005050505050505;61.65274090056346;97;96;0.3974940976044008;True;ok;3;0.71;0.1;2
100;4910;98.2;99;94;0.9920067544195086;0.9920010223942042;1.0080808080808081;68.71179181074923;97;92;0.37023418121298823;True;ok;4;0.71;0.1;2
100;4920;98.4;99;94;0.9940436339405453;0.9940366522625459;1.006060606060606;60.66823046728343;97;92;0.41062988706626274;True;ok;5;0.71;0.1;2
100;4923;98.46;99;94;0.9946804990668302;0.9946733687191702;1.0054545454545454;58.28383989319978;97;93;0.43128863150076957;True;ok;6;0.71;0.1;2
100;4925;98.5;99;95;0.9950196419066107;0.9950148679377295;1.005050505050505;60.2607140192731;97;95;0.41742644152498865;True;ok;7;0.71;0.1;2
100;4931;98.62;99;96;0.9961841467707292;0.9961818740807831;1.0038383838383838;59.52252967726865;97;98;0.42159774232533986;True;ok;8;0.71;0.1;2
100;4924;98.48;99;92;0.9949343156183975;0.9949214575708403;1.0052525252525253;37.907952214539925;96;97;0.4297155416015205;True;ok;9;0.71;0.1;2
100;4923;98.46;99;93;0.9946966906874143;0.9946859057717315;1.0054545454545454;59.88777662532729;97;95;0.4256731830568476;True;ok;0;0.71;0.15;2
100;4931;98.62;99;95;0.9962144983281004;0.9962110117471099;1.0038383838383838;37.66865722343088;96;99;0.44968938120645435;True;ok;1;0.71;0.15;2
100;4939;98.78;99;97;0.9977812697243845;0.9977802947321341;1.0022222222222221;56.029031520798206;97;100;0.47472374434012793;True;ok;2;0.71;0.15;2
100;4929;98.58;99;96;0.9957822463173593;0.9957796082312192;1.0042424242424242;59.99842642224143;97;97;0.40106647781919197;True;ok;3;0.71;0.15;2
100;4919;98.38;99;95;0.9937870547835119;0.9937835818091488;1.0062626262626262;64.69368296340724;97;95;0.4059765361849803;True;ok;4;0.71;0.15;2
100;4927;98.54;99;95;0.9954322064893956;0.9954267404602388;1.0046464646464646;57.83000673089035;97;94;0.44178164998135594;True;ok;5;0.71;0.15;2
100;4928;98.56;99;94;0.9956545470301211;0.9956490994550975;1.0044444444444445;37.861300075803705;96;98;0.4405219667081166;True;ok;6;0.71;0.15;2
100;4933;98.66;99;96;0.9965989715021487;0.9965959637262574;1.0034343434343433;37.62162241082945;96;100;0.43596639993059816;True;ok;7;0.71;0.15;2
100;4934;98.68;99;96;0.996781825907988;0.9967798959275642;1.0032323232323233;58.37338138518097;97;99;0.4373950654488215;True;ok;8;0.71;0.15;2
100;4927;98.54;99;92;0.9955217509112478;0.9955101531291611;1.0046464646464646;27.523416688422675;95;98;0.44935731709409166;True;ok;9;0.71;0.15;2
100;4928;98.56;99;94;0.9956381080597518;0.9956324248777079;1.0044444444444445;37.85546623795062;96;98;0.44046571095014264;True;ok;0;0.71;0.2;2
100;4932;98.64;99;96;0.9964067799368546;0.9964035648728788;1.0036363636363637;37.90029000086036;96;100;0.4427345079505203;True;ok;1;0.71;0.2;2
100;4941;98.82;99;97;0.9981885483809276;0.9981876074556367;1.0018181818181817;54.82617756620608;97;100;0.5066397521398545;True;ok;2;0.71;0.2;2
100;4938;98.76;99;96;0.9975816584489072;0.9975805382473817;1.0024242424242424;55.781653657447166;97;99;0.46095615645834764;True;ok;3;0.71;0.2;2
100;4923;98.46;99;95;0.9945931910464992;0.9945897843624761;1.0054545454545454;61.78877417176439;97;95;0.41129281535673584;True;ok;4;0.71;0.2;2
100;4936;98.72;99;96;0.9972037399530435;0.9972013010840294;1.0028282828282828;36.81982969168868;96;100;0.4678722426442032;True;ok;5;0.71;0.2;2
100;4933;98.66;99;95;0.9966288983637821;0.9966250716082592;1.0034343434343433;27.47591669146727;95;100;0.4609543096843495;True;ok;6;0.71;0.2;2
100;4933;98.66;99;96;0.9965989715021487;0.9965959637262574;1.0034343434343433;37.62162241082945;96;100;0.43596639993059816;True;ok;7;0.71;0.2;2
100;4936;98.72;99;96;0.9971863644584762;0.9971846928557954;1.0028282828282828;57.050876392944154;97;99;0.4592148159377565;True;ok;8;0.71;0.2;2
100;4931;98.62;99;94;0.9962590323587078;0.9962526355147953;1.0038383838383838;27.42798695431203;95;99;0.4592894710267401;True;ok;9;0.71;0.2;2
100;4930;98.6;99;94;0.9960361062426422;0.9960307976849784;1.004040404040404;37.8099144703076;96;99;0.4354141987021689;True;ok;0;0.71;0.25;2
100;4935;98.7;99;96;0.9969992432379644;0.9969969160318642;1.003030303030303;37.08228855614328;96;100;0.46478648499502834;True;ok;1;0.71;0.25;2
100;4941;98.82;99;97;0.9981885483809276;0.9981876074556367;1.0018181818181817;54.82617756620608;97;100;0.5066397521398545;True;ok;2;0.71;0.25;2
100;4939;98.78;99;97;0.9977769888023937;0.9977761488862109;1.0022222222222221;56.025878482005915;97;100;0.4647028121513137;True;ok;3;0.71;0.25;2
100;4925;98.5;99;95;0.9949888216427503;0.9949856420273165;1.005050505050505;60.62281518544639;97;95;0.41536990081365166;True;ok;4;0.71;0.25;2
100;4938;98.76;99;97;0.9975947567405602;0.9975929819473646;1.0024242424242424;56.6637489660311;97;100;0.4989101559988813;True;ok;5;0.71;0.25;2
100;4933;98.66;99;95;0.9966288983637821;0.9966250716082592;1.0034343434343433;27.47591669146727;95;100;0.4609543096843495;True;ok;6;0.71;0.25;2
100;4933;98.66;99;96;0.9965989715021487;0.9965959637262574;1.0034343434343433;37.62162241082945;96;100;0.43596639993059816;True;ok;7;0.71;0.25;2
100;4938;98.76;99;97;0.9975817426314486;0.9975805382473817;1.0024242424242424;56.65407151218076;97;100;0.4688467325929322;True;ok;8;0.71;0.25;2
100;4936;98.72;99;94;0.9972484359205871;0.9972428204495654;1.0028282828282828;26.72501515034659;95;99;0.4922659115983321;True;ok;9;0.71;0.25;2
100;4931;98.62;99;94;0.9962281328414382;0.9962234990589907;1.0038383838383838;37.52985439402059;96;99;0.4382427228950144;True;ok;0;0.71;0.3;2
100;4938;98.76;99;97;0.9975816549675167;0.9975805382473817;1.0024242424242424;56.654071512180764;97;100;0.4688467325929322;True;ok;1;0.71;0.3;2
100;4943;98.86;99;97;0.9985865745079654;0.9985859851280365;1.0014141414141413;53.66900626613706;97;100;0.5186732290024881;True;ok;2;0.71;0.3;2
100;4940;98.8;99;97;0.9979764295596391;0.9979757462107335;1.002020202020202;55.414791616629635;97;100;0.4706204339271018;True;ok;3;0.71;0.3;2
100;4930;98.6;99;96;0.99597870655686;0.995976657966051;1.004040404040404;59.27139480985816;97;97;0.4086658414570635;True;ok;4;0.71;0.3;2
100;4938;98.76;99;97;0.9975947567405602;0.9975929819473646;1.0024242424242424;56.6637489660311;97;100;0.4989101559988813;True;ok;5;0.71;0.3;2
100;4933;98.66;99;95;0.9966288983637821;0.9966250716082592;1.0034343434343433;27.47591669146727;95;100;0.4609543096843495;True;ok;6;0.71;0.3;2
100;4936;98.72;99;97;0.9971908119699;0.997188844938677;1.0028282828282828;57.95449293147329;97;100;0.47725807054216596;True;ok;7;0.71;0.3;2
100;4940;98.8;99;97;0.9979850817240353;0.9979840337125861;1.002020202020202;55.4209587538876;97;100;0.4906618884509026;True;ok;8;0.71;0.3;2
100;4937;98.74;99;94;0.9974526950103463;0.9974470183785665;1.0026262626262625;21.34038494469803;94;100;0.5015086362001645;True;ok;9;0.71;0.3;2
100;4934;98.68;99;95;0.9968166600262924;0.9968131457736835;1.0032323232323233;36.855506173986065;96;99;0.4561154484539254;True;ok;0;0.71;0.35;2
100;4938;98.76;99;97;0.9975816549675167;0.9975805382473817;1.0024242424242424;56.654071512180764;97;100;0.4688467325929322;True;ok;1;0.71;0.35;2
100;4943;98.86;99;97;0.9985865745079654;0.9985859851280365;1.0014141414141413;53.66900626613706;97;100;0.5186732290024881;True;ok;2;0.71;0.35;2
100;4941;98.82;99;98;0.9981756976455073;0.9981751824817519;1.0018181818181817;121.12091947621828;98;100;0.5146257832291625;True;ok;3;0.71;0.35;2
100;4931;98.62;99;96;0.9961839731486077;0.9961818740807831;1.0038383838383838;58.56917802918329;97;97;0.41280640500611443;True;ok;4;0.71;0.35;2
100;4940;98.8;99;97;0.9979936462245003;0.9979923211458258;1.002020202020202;55.42712728921738;97;100;0.5107033471532305;True;ok;5;0.71;0.35;2
100;4934;98.68;99;95;0.9968293914826616;0.996825614181413;1.0032323232323233;27.333624640007343;95;100;0.46900769370901585;True;ok;6;0.71;0.35;2
100;4937;98.74;99;97;0.9973907747260092;0.9973889203185518;1.0026262626262625;57.300073858520705;97;100;0.48305308516172624;True;ok;7;0.71;0.35;2
100;4942;98.84;99;97;0.9983876477801364;0.9983868766208788;1.0016161616161616;54.24130503365953;97;100;0.5126367243419935;True;ok;8;0.71;0.35;2
100;4938;98.76;99;95;0.9976392760235089;0.9976344598303523;1.0024242424242424;26.780828134997897;95;100;0.5146778832269249;True;ok;9;0.71;0.35;2
100;4935;98.7;99;95;0.9970167092299452;0.9970135324311713;1.003030303030303;36.592420511307175;96;99;0.463519740141072;True;ok;0;0.71;0.4;2
100;4938;98.76;99;97;0.9975816549675167;0.9975805382473817;1.0024242424242424;56.654071512180764;97;100;0.4688467325929322;True;ok;1;0.71;0.4;2
100;4944;98.88;99;97;0.9987896161276144;0.9987890685540115;1.0012121212121212;53.11170770086049;97;100;0.5347688730094055;True;ok;2;0.71;0.4;2
100;4941;98.82;99;98;0.9981756976455073;0.9981751824817519;1.0018181818181817;121.12091947621828;98;100;0.5146257832291625;True;ok;3;0.71;0.4;2
100;4932;98.64;99;96;0.9963890697254582;0.9963869231535931;1.0036363636363637;57.88368426728791;97;97;0.4290738338976321;True;ok;4;0.71;0.4;2
100;4941;98.82;99;97;0.9981928319594009;0.9981917490793231;1.0018181818181817;54.829194611856146;97;100;0.5166602779976209;True;ok;5;0.71;0.4;2
100;4936;98.72;99;95;0.9972164967730222;0.9972137570744449;1.0028282828282828;36.333167449091796;96;99;0.47094187469862436;True;ok;6;0.71;0.4;2
100;4939;98.78;99;97;0.9977900068962292;0.9977885863724741;1.0022222222222221;56.035338682541024;97;100;0.4947656118732979;True;ok;7;0.71;0.4;2
100;4942;98.84;99;97;0.9983876477801364;0.9983868766208788;1.0016161616161616;54.24130503365953;97;100;0.5126367243419935;True;ok;8;0.71;0.4;2
100;4939;98.78;99;95;0.9978252490401736;0.9978217522470945;1.0022222222222221;26.64379287303031;95;100;0.5127206869633814;True;ok;9;0.71;0.4;2
100;4937;98.74;99;95;0.9974120970980384;0.9974096700126822;1.0026262626262625;36.076342884512755;96;99;0.47836794752638806;True;ok;0;0.71;0.45;2
100;4940;98.8;99;97;0.9979892763103365;0.9979881774377826;1.002020202020202;55.42404284676381;97;100;0.5006826172797317;True;ok;1;0.71;0.45;2
100;4944;98.88;99;97;0.9987896161276144;0.9987890685540115;1.0012121212121212;53.11170770086049;97;100;0.5347688730094055;True;ok;2;0.71;0.45;2
100;4941;98.82;99;98;0.9981756976455073;0.9981751824817519;1.0018181818181817;121.12091947621828;98;100;0.5146257832291625;True;ok;3;0.71;0.45;2
100;4933;98.66;99;96;0.996593996287413;0.9965918053883516;1.0034343434343433;57.21432317537933;97;97;0.44538451667822027;True;ok;4;0.71;0.45;2
100;4941;98.82;99;97;0.9981928319594009;0.9981917490793231;1.0018181818181817;54.829194611856146;97;100;0.5166602779976209;True;ok;5;0.71;0.45;2
100;4938;98.76;99;96;0.9976076963982456;0.9976054254926899;1.0024242424242424;36.30498506127392;96;100;0.4825685665779525;True;ok;6;0.71;0.45;2
100;4939;98.78;99;97;0.9977900068962292;0.9977885863724741;1.0022222222222221;56.035338682541024;97;100;0.4947656118732979;True;ok;7;0.71;0.45;2
100;4943;98.86;99;97;0.9985908607429217;0.9985901225890476;1.0014141414141413;53.67189498001144;97;100;0.5286933514624391;True;ok;8;0.71;0.45;2
100;4941;98.82;99;96;0.9982195119526631;0.9982165984615575;1.0018181818181817;35.56168347894446;96;100;0.54476168315544;True;ok;9;0.71;0.45;2
100;4937;98.74;99;95;0.9974120970980384;0.9974096700126822;1.0026262626262625;36.076342884512755;96;99;0.47836794752638806;True;ok;0;0.71;0.5;2
100;4940;98.8;99;97;0.9979892763103365;0.9979881774377826;1.002020202020202;55.42404284676381;97;100;0.5006826172797317;True;ok;1;0.71;0.5;2
100;4945;98.9;99;97;0.998992487732361;0.998991987540305;1.001010101010101;52.566079368632906;97;100;0.5509030125412346;True;ok;2;0.71;0.5;2
100;4941;98.82;99;98;0.9981756976455073;0.9981751824817519;1.0018181818181817;121.12091947621828;98;100;0.5146257832291625;True;ok;3;0.71;0.5;2
100;4933;98.66;99;96;0.996593996287413;0.9965918053883516;1.0034343434343433;57.21432317537933;97;97;0.44538451667822027;True;ok;4;0.71;0.5;2
100;4942;98.84;99;97;0.9983919326868512;0.9983910161622219;1.0016161616161616;54.24425686759897;97;100;0.5226570477080265;True;ok;5;0.71;0.5;2
100;4939;98.78;99;96;0.9978116002143311;0.9978093151728736;1.0022222222222221;36.05369958514353;96;100;0.4999492740878496;True;ok;6;0.71;0.5;2
100;4941;98.82;99;97;0.998184264802454;0.9981834658148129;1.0018181818181817;54.82316085873883;97;100;0.4966192273191503;True;ok;7;0.71;0.5;2
100;4943;98.86;99;97;0.9985908607429217;0.9985901225890476;1.0014141414141413;53.67189498001144;97;100;0.5286933514624391;True;ok;8;0.71;0.5;2
100;4942;98.84;99;96;0.9984229056681282;0.9984199924722155;1.0016161616161616;35.32083151872566;96;100;0.5621934736774691;True;ok;9;0.71;0.5;2
100;4938;98.76;99;96;0.9976033242750069;0.9976012776614321;1.0024242424242424;36.30366030684875;96;100;0.4825548109419813;True;ok;0;0.71;0.55;2
100;4940;98.8;99;97;0.9979892763103365;0.9979881774377826;1.002020202020202;55.42404284676381;97;100;0.5006826172797317;True;ok;1;0.71;0.55;2
100;4946;98.92;99;97;0.9991951893222157;0.9991947422865602;1.0008080808080808;52.031758493233085;97;100;0.5670753172763564;True;ok;2;0.71;0.55;2
100;4942;98.84;99;98;0.9983790779667068;0.9983785974868261;1.0016161616161616;118.26089758392737;98;100;0.5259235687151685;True;ok;3;0.71;0.55;2
100;4934;98.68;99;96;0.9967944785536824;0.996792364749209;1.0032323232323233;56.55721822627914;97;97;0.4514071682273524;True;ok;4;0.71;0.55;2
100;4942;98.84;99;97;0.9983919326868512;0.9983910161622219;1.0016161616161616;54.24425686759897;97;100;0.5226570477080265;True;ok;5;0.71;0.55;2
100;4939;98.78;99;96;0.9978116002143311;0.9978093151728736;1.0022222222222221;36.05369958514353;96;100;0.4999492740878496;True;ok;6;0.71;0.55;2
100;4941;98.82;99;97;0.998184264802454;0.9981834658148129;1.0018181818181817;54.82316085873883;97;100;0.4966192273191503;True;ok;7;0.71;0.55;2
100;4943;98.86;99;97;0.9985908607429217;0.9985901225890476;1.0014141414141413;53.67189498001144;97;100;0.5286933514624391;True;ok;8;0.71;0.55;2
100;4942;98.84;99;96;0.9984229056681282;0.9984199924722155;1.0016161616161616;35.32083151872566;96;100;0.5621934736774691;True;ok;9;0.71;0.55;2
100;4938;98.76;99;96;0.9976033242750069;0.9976012776614321;1.0024242424242424;36.30366030684875;96;100;0.4825548109419813;True;ok;0;0.71;0.6;2
100;4941;98.82;99;97;0.9981885483809275;0.9981876074556367;1.0018181818181817;54.826177566206084;97;100;0.5066397521398545;True;ok;1;0.71;0.6;2
100;4946;98.92;99;97;0.9991951893222157;0.9991947422865602;1.0008080808080808;52.031758493233085;97;100;0.5670753172763564;True;ok;2;0.71;0.6;2
100;4942;98.84;99;98;0.9983790779667068;0.9983785974868261;1.0016161616161616;118.26089758392737;98;100;0.5259235687151685;True;ok;3;0.71;0.6;2
100;4936;98.72;99;96;0.9971949217025482;0.9971929970043432;1.0028282828282828;36.81715782311072;96;100;0.4621814704850456;True;ok;4;0.71;0.6;2
100;4942;98.84;99;97;0.9983919326868512;0.9983910161622219;1.0016161616161616;54.24425686759897;97;100;0.5226570477080265;True;ok;5;0.71;0.6;2
100;4939;98.78;99;96;0.9978116002143311;0.9978093151728736;1.0022222222222221;36.05369958514353;96;100;0.4999492740878496;True;ok;6;0.71;0.6;2
100;4943;98.86;99;97;0.9985908607429217;0.9985901225890476;1.0014141414141413;53.671894980011444;97;100;0.5286933514624392;True;ok;7;0.71;0.6;2
100;4943;98.86;99;97;0.9985908607429217;0.9985901225890476;1.0014141414141413;53.67189498001144;97;100;0.5286933514624391;True;ok;8;0.71;0.6;2
100;4942;98.84;99;96;0.9984229056681282;0.9984199924722155;1.0016161616161616;35.32083151872566;96;100;0.5621934736774691;True;ok;9;0.71;0.6;2
100;4938;98.76;99;96;0.9976033242750069;0.9976012776614321;1.0024242424242424;36.30366030684875;96;100;0.4825548109419813;True;ok;0;0.71;0.65;2
100;4943;98.86;99;97;0.9985908607429217;0.9985901225890476;1.0014141414141413;53.67189498001144;97;100;0.5286933514624391;True;ok;1;0.71;0.65;2
100;4946;98.92;99;97;0.9991951893222157;0.9991947422865602;1.0008080808080808;52.031758493233085;97;100;0.5670753172763564;True;ok;2;0.71;0.65;2
100;4943;98.86;99;98;0.9985822882730092;0.998581847649919;1.0014141414141413;115.5338999656965;98;100;0.5373874446939333;True;ok;3;0.71;0.65;2
100;4937;98.74;99;96;0.9973906042077779;0.9973889203185518;1.0026262626262625;36.55589500185693;96;100;0.45960049097685735;True;ok;4;0.71;0.65;2
100;4942;98.84;99;97;0.9983919326868512;0.9983910161622219;1.0016161616161616;54.24425686759897;97;100;0.5226570477080265;True;ok;5;0.71;0.65;2
100;4940;98.8;99;96;0.998006676873712;0.9980047521670379;1.002020202020202;35.803417005716135;96;100;0.5073202250208485;True;ok;6;0.71;0.65;2
100;4944;98.88;99;97;0.9987896161276144;0.9987890685540115;1.0012121212121212;53.11170770086049;97;100;0.5347688730094055;True;ok;7;0.71;0.65;2
100;4943;98.86;99;97;0.9985908607429217;0.9985901225890476;1.0014141414141413;53.67189498001144;97;100;0.5286933514624391;True;ok;8;0.71;0.65;2
100;4942;98.84;99;96;0.9984229056681282;0.9984199924722155;1.0016161616161616;35.32083151872566;96;100;0.5621934736774691;True;ok;9;0.71;0.65;2
100;4938;98.76;99;96;0.9976033242750069;0.9976012776614321;1.0024242424242424;36.30366030684875;96;100;0.4825548109419813;True;ok;0;0.71;0.7;2
100;4943;98.86;99;97;0.9985908607429217;0.9985901225890476;1.0014141414141413;53.67189498001144;97;100;0.5286933514624391;True;ok;1;0.71;0.7;2
100;4946;98.92;99;97;0.9991951893222157;0.9991947422865602;1.0008080808080808;52.031758493233085;97;100;0.5670753172763564;True;ok;2;0.71;0.7;2
100;4943;98.86;99;98;0.9985822882730092;0.998581847649919;1.0014141414141413;115.5338999656965;98;100;0.5373874446939333;True;ok;3;0.71;0.7;2
100;4939;98.78;99;96;0.9977942927397039;0.997792732166891;1.0022222222222221;36.048529335284485;96;100;0.4798951686778857;True;ok;4;0.71;0.7;2
100;4942;98.84;99;97;0.9983919326868512;0.9983910161622219;1.0016161616161616;54.24425686759897;97;100;0.5226570477080265;True;ok;5;0.71;0.7;2
100;4940;98.8;99;96;0.998006676873712;0.9980047521670379;1.002020202020202;35.803417005716135;96;100;0.5073202250208485;True;ok;6;0.71;0.7;2
100;4944;98.88;99;97;0.9987896161276144;0.9987890685540115;1.0012121212121212;53.11170770086049;97;100;0.5347688730094055;True;ok;7;0.71;0.7;2
100;4943;98.86;99;97;0.9985908607429217;0.9985901225890476;1.0014141414141413;53.67189498001144;97;100;0.5286933514624391;True;ok;8;0.71;0.7;2
100;4942;98.84;99;96;0.9984229056681282;0.9984199924722155;1.0016161616161616;35.32083151872566;96;100;0.5621934736774691;True;ok;9;0.71;0.7;2
100;4940;98.8;99;96;0.998006676873712;0.9980047521670379;1.002020202020202;35.80341700571614;96;100;0.5073202250208485;True;ok;0;0.71;0.75;2
100;4944;98.88;99;97;0.9987939036908122;0.9987932039196076;1.0012121212121212;53.11453560469644;97;100;0.5447887972163813;True;ok;1;0.71;0.75;2
100;4946;98.92;99;97;0.9991951893222157;0.9991947422865602;1.0008080808080808;52.031758493233085;97;100;0.5670753172763564;True;ok;2;0.71;0.75;2
100;4944;98.88;99;98;0.9987853285644167;0.9987849331713244;1.0012121212121212;112.93085678465795;98;100;0.5490158828512494;True;ok;3;0.71;0.75;2
100;4941;98.82;99;97;0.9981885483809275;0.9981876074556367;1.0018181818181817;54.82617756620608;97;100;0.5066397521398545;True;ok;4;0.71;0.75;2
100;4942;98.84;99;97;0.9983919326868512;0.9983910161622219;1.0016161616161616;54.24425686759897;97;100;0.5226570477080265;True;ok;5;0.71;0.75;2
100;4940;98.8;99;96;0.998006676873712;0.9980047521670379;1.002020202020202;35.803417005716135;96;100;0.5073202250208485;True;ok;6;0.71;0.75;2
100;4944;98.88;99;97;0.9987896161276144;0.9987890685540115;1.0012121212121212;53.11170770086049;97;100;0.5347688730094055;True;ok;7;0.71;0.75;2
100;4944;98.88;99;97;0.9987939036908122;0.9987932039196076;1.0012121212121212;53.11453560469644;97;100;0.5447887972163813;True;ok;8;0.71;0.75;2
100;4943;98.86;99;96;0.9986173750415657;0.998614946995882;1.0014141414141413;35.08086904052525;96;100;0.5696157498672457;True;ok;9;0.71;0.75;2
100;4941;98.82;99;96;0.9982015780933797;0.9982000322752833;1.0018181818181817;35.55668311205869;96;100;0.5147085573924709;True;ok;0;0.71;0.8;2
100;4944;98.88;99;97;0.9987939036908122;0.9987932039196076;1.0012121212121212;53.11453560469644;97;100;0.5447887972163813;True;ok;1;0.71;0.8;2
100;4946;98.92;99;97;0.9991951893222157;0.9991947422865602;1.0008080808080808;52.031758493233085;97;100;0.5670753172763564;True;ok;2;0.71;0.8;2
100;4944;98.88;99;98;0.9987853285644167;0.9987849331713244;1.0012121212121212;112.93085678465795;98;100;0.5490158828512494;True;ok;3;0.71;0.8;2
100;4941;98.82;99;97;0.9981885483809275;0.9981876074556367;1.0018181818181817;54.82617756620608;97;100;0.5066397521398545;True;ok;4;0.71;0.8;2
100;4942;98.84;99;97;0.9983919326868512;0.9983910161622219;1.0016161616161616;54.24425686759897;97;100;0.5226570477080265;True;ok;5;0.71;0.8;2
100;4940;98.8;99;96;0.998006676873712;0.9980047521670379;1.002020202020202;35.803417005716135;96;100;0.5073202250208485;True;ok;6;0.71;0.8;2
100;4944;98.88;99;97;0.9987896161276144;0.9987890685540115;1.0012121212121212;53.11170770086049;97;100;0.5347688730094055;True;ok;7;0.71;0.8;2
100;4945;98.9;99;97;0.998992487732361;0.998991987540305;1.001010101010101;52.566079368632906;97;100;0.5509030125412346;True;ok;8;0.71;0.8;2
100;4944;98.88;99;96;0.9988115865124735;0.9988097452110842;1.0012121212121212;34.84426349725512;96;100;0.5670553821021787;True;ok;9;0.71;0.8;2
100;4941;98.82;99;96;0.9982015780933797;0.9982000322752833;1.0018181818181817;35.55668311205869;96;100;0.5147085573924709;True;ok;0;0.71;0.85;2
100;4944;98.88;99;97;0.9987939036908122;0.9987932039196076;1.0012121212121212;53.11453560469644;97;100;0.5447887972163813;True;ok;1;0.71;0.85;2
100;4946;98.92;99;97;0.9991951893222157;0.9991947422865602;1.0008080808080808;52.031758493233085;97;100;0.5670753172763564;True;ok;2;0.71;0.85;2
100;4944;98.88;99;98;0.9987853285644167;0.9987849331713244;1.0012121212121212;112.93085678465795;98;100;0.5490158828512494;True;ok;3;0.71;0.85;2
100;4942;98.84;99;97;0.9983876477801364;0.9983868766208788;1.0016161616161616;54.24130503365953;97;100;0.5126367243419935;True;ok;4;0.71;0.85;2
100;4942;98.84;99;97;0.9983919326868512;0.9983910161622219;1.0016161616161616;54.24425686759897;97;100;0.5226570477080265;True;ok;5;0.71;0.85;2
100;4941;98.82;99;96;0.9982014064146851;0.9982000322752833;1.0018181818181817;35.55670888411715;96;100;0.5047088312253907;True;ok;6;0.71;0.85;2
100;4945;98.9;99;98;0.9989881988409219;0.9989878542510121;1.001010101010101;110.44350441166554;98;100;0.5608070121920964;True;ok;7;0.71;0.85;2
100;4945;98.9;99;97;0.998992487732361;0.998991987540305;1.001010101010101;52.566079368632906;97;100;0.5509030125412346;True;ok;8;0.71;0.85;2
100;4944;98.88;99;96;0.9988115865124735;0.9988097452110842;1.0012121212121212;34.84426349725512;96;100;0.5670553821021787;True;ok;9;0.71;0.85;2
100;4941;98.82;99;96;0.9982015780933797;0.9982000322752833;1.0018181818181817;35.55668311205869;96;100;0.5147085573924709;True;ok;0;0.71;0.9;2
100;4944;98.88;99;97;0.9987939036908122;0.9987932039196076;1.0012121212121212;53.11453560469644;97;100;0.5447887972163813;True;ok;1;0.71;0.9;2
100;4947;98.94;99;98;0.9993934293492481;0.9993932038834952;1.0006060606060605;105.78633401116913;98;100;0.5848685041694515;True;ok;2;0.71;0.9;2
100;4944;98.88;99;98;0.9987853285644167;0.9987849331713244;1.0012121212121212;112.93085678465795;98;100;0.5490158828512494;True;ok;3;0.71;0.9;2
100;4942;98.84;99;97;0.9983876477801364;0.9983868766208788;1.0016161616161616;54.24130503365953;97;100;0.5126367243419935;True;ok;4;0.71;0.9;2
100;4942;98.84;99;97;0.9983919326868512;0.9983910161622219;1.0016161616161616;54.24425686759897;97;100;0.5226570477080265;True;ok;5;0.71;0.9;2
100;4942;98.84;99;96;0.9983962212986606;0.9983951556864432;1.0016161616161616;35.31344837224301;96;100;0.5121144459573151;True;ok;6;0.71;0.9;2
100;4945;98.9;99;98;0.9989881988409219;0.9989878542510121;1.001010101010101;110.44350441166554;98;100;0.5608070121920964;True;ok;7;0.71;0.9;2
100;4945;98.9;99;97;0.998992487732361;0.998991987540305;1.001010101010101;52.566079368632906;97;100;0.5509030125412346;True;ok;8;0.71;0.9;2
100;4944;98.88;99;96;0.9988115865124735;0.9988097452110842;1.0012121212121212;34.84426349725512;96;100;0.5670553821021787;True;ok;9;0.71;0.9;2
100;4941;98.82;99;96;0.9982015780933797;0.9982000322752833;1.0018181818181817;35.55668311205869;96;100;0.5147085573924709;True;ok;0;0.71;0.95;2
100;4945;98.9;99;97;0.9989967766238003;0.9989961208125224;1.001010101010101;52.56884836257264;97;100;0.560922740167375;True;ok;1;0.71;0.95;2
100;4947;98.94;99;98;0.9993934293492481;0.9993932038834952;1.0006060606060605;105.78633401116913;98;100;0.5848685041694515;True;ok;2;0.71;0.95;2
100;4944;98.88;99;98;0.9987853285644167;0.9987849331713244;1.0012121212121212;112.93085678465795;98;100;0.5490158828512494;True;ok;3;0.71;0.95;2
100;4942;98.84;99;97;0.9983876477801364;0.9983868766208788;1.0016161616161616;54.24130503365953;97;100;0.5126367243419935;True;ok;4;0.71;0.95;2
100;4942;98.84;99;97;0.9983919326868512;0.9983910161622219;1.0016161616161616;54.24425686759897;97;100;0.5226570477080265;True;ok;5;0.71;0.95;2
100;4942;98.84;99;96;0.9983962212986606;0.9983951556864432;1.0016161616161616;35.31344837224301;96;100;0.5121144459573151;True;ok;6;0.71;0.95;2
100;4945;98.9;99;98;0.9989881988409219;0.9989878542510121;1.001010101010101;110.44350441166554;98;100;0.5608070121920964;True;ok;7;0.71;0.95;2
100;4946;98.92;99;97;0.9991951893222157;0.9991947422865602;1.0008080808080808;52.031758493233085;97;100;0.5670753172763564;True;ok;8;0.71;0.95;2
100;4944;98.88;99;96;0.9988115865124735;0.9988097452110842;1.0012121212121212;34.84426349725512;96;100;0.5670553821021787;True;ok;9;0.71;0.95;2
100;4941;98.82;99;96;0.9982015780933797;0.9982000322752833;1.0018181818181817;35.55668311205869;96;100;0.5147085573924709;True;ok;0;0.71;1.0;2
100;4945;98.9;99;97;0.9989967766238003;0.9989961208125224;1.001010101010101;52.56884836257264;97;100;0.560922740167375;True;ok;1;0.71;1.0;2
100;4947;98.94;99;98;0.9993934293492481;0.9993932038834952;1.0006060606060605;105.78633401116913;98;100;0.5848685041694515;True;ok;2;0.71;1.0;2
100;4945;98.9;99;98;0.9989881988409219;0.9989878542510121;1.001010101010101;110.44350441166554;98;100;0.5608070121920964;True;ok;3;0.71;1.0;2
100;4943;98.86;99;97;0.9985908607429217;0.9985901225890476;1.0014141414141413;53.67189498001144;97;100;0.5286933514624391;True;ok;4;0.71;1.0;2
100;4943;98.86;99;97;0.9985951469778779;0.9985942600329522;1.0014141414141413;53.67478401077524;97;100;0.538713474943319;True;ok;5;0.71;1.0;2
100;4942;98.84;99;96;0.9983962212986606;0.9983951556864432;1.0016161616161616;35.31344837224301;96;100;0.5121144459573151;True;ok;6;0.71;1.0;2
100;4945;98.9;99;98;0.9989881988409219;0.9989878542510121;1.001010101010101;110.44350441166554;98;100;0.5608070121920964;True;ok;7;0.71;1.0;2
100;4946;98.92;99;97;0.9991951893222157;0.9991947422865602;1.0008080808080808;52.031758493233085;97;100;0.5670753172763564;True;ok;8;0.71;1.0;2
100;4944;98.88;99;96;0.9988115865124735;0.9988097452110842;1.0012121212121212;34.84426349725512;96;100;0.5670553821021787;True;ok;9;0.71;1.0;2
100;4921;98.42;99;92;0.9942981977513904;0.9942895042004889;1.0058585858585858;62.04025333682438;97;96;0.3819719770277587;True;ok;0;0.76;0.0;2
100;4919;98.38;99;94;0.9938218305358006;0.9938170842187442;1.0062626262626262;63.84256214254108;97;95;0.390888024117152;True;ok;1;0.76;0.0;2
100;4930;98.6;99;95;0.9960042436277102;0.9960016458921276;1.004040404040404;57.97920266545681;97;96;0.42699907917802976;True;ok;2;0.76;0.0;2
100;4923;98.46;99;94;0.9945978059964934;0.9945939637457955;1.0054545454545454;63.902572890022896;97;97;0.3724936111713326;True;ok;3;0.76;0.0;2
100;4919;98.38;99;95;0.9937784333313893;0.993775206031913;1.0062626262626262;64.46406902360678;97;94;0.3933275022808007;True;ok;4;0.76;0.0;2
100;4917;98.34;99;93;0.9934557500312041;0.9934486641416727;1.0066666666666666;63.59713961502588;97;94;0.4099458294354349;True;ok;5;0.76;0.0;2
100;4922;98.44;99;94;0.9944525097043081;0.9944459733306648;1.0056565656565657;39.48385766002234;96;98;0.4150922168332428;True;ok;6;0.76;0.0;2
100;4929;98.58;99;96;0.9957948755021171;0.9957921085403149;1.0042424242424242;59.03550226863498;97;96;0.42324895088143494;True;ok;7;0.76;0.0;2
100;4929;98.58;99;94;0.9958159831332644;0.995812942042303;1.0042424242424242;58.91815802704573;97;97;0.40666924001529964;True;ok;8;0.76;0.0;2
100;4922;98.44;99;92;0.9945140073168972;0.9945045093877823;1.0056565656565657;60.25686497944124;97;95;0.40687668703825736;True;ok;9;0.76;0.0;2
100;4929;98.58;99;94;0.9958472284405008;0.9958421082174495;1.0042424242424242;57.63791554749247;97;96;0.43523090725571434;True;ok;0;0.76;0.05;2
100;4932;98.64;99;96;0.996393341349759;0.9963910836093317;1.0036363636363637;57.887158034250454;97;97;0.4394053155723736;True;ok;1;0.76;0.05;2
100;4941;98.82;99;97;0.9981885483809276;0.9981876074556367;1.0018181818181817;54.82617756620608;97;100;0.5066397521398545;True;ok;2;0.76;0.05;2
100;4937;98.74;99;95;0.9973947162345802;0.9973930702917772;1.0026262626262625;56.0943379775364;97;99;0.46303578173768134;True;ok;3;0.76;0.05;2
100;4926;98.52;99;96;0.9951644631561491;0.9951624653941425;1.0048484848484849;63.30779995821962;97;98;0.3803749326056064;True;ok;4;0.76;0.05;2
100;4929;98.58;99;95;0.995808325534697;0.9958046086934828;1.0042424242424242;59.278685923803486;97;97;0.41724630867161927;True;ok;5;0.76;0.05;2
100;4929;98.58;99;94;0.9958476511655405;0.9958421082174495;1.0042424242424242;37.57761686924125;96;98;0.44798263705205377;True;ok;6;0.76;0.05;2
100;4938;98.76;99;96;0.9975990411998673;0.9975971298129904;1.0024242424242424;36.30233565183778;96;100;0.4825410557775858;True;ok;7;0.76;0.05;2
100;4940;98.8;99;97;0.9979850817240349;0.9979840337125861;1.002020202020202;55.420958753887604;97;100;0.4906618884509026;True;ok;8;0.76;0.05;2
100;4933;98.66;99;94;0.9966372946797054;0.9966333879906183;1.0034343434343433;36.990584645562606;96;99;0.4574915901664873;True;ok;9;0.76;0.05;2
100;4935;98.7;99;94;0.9970381192020058;0.9970343025426189;1.003030303030303;55.85730342657541;97;98;0.48990825423833284;True;ok;0;0.76;0.1;2
100;4936;98.72;99;96;0.9971861877464459;0.9971846928557954;1.0028282828282828;57.050876392944154;97;99;0.4592148159377565;True;ok;1;0.76;0.1;2
100;4943;98.86;99;97;0.9985908607429215;0.9985901225890476;1.0014141414141413;53.67189498001144;97;100;0.5286933514624391;True;ok;2;0.76;0.1;2
100;4940;98.8;99;96;0.9979892799035782;0.9979881774377826;1.002020202020202;35.798346451576045;96;100;0.482037685094578;True;ok;3;0.76;0.1;2
100;4932;98.64;99;96;0.9963804342829222;0.9963786021902812;1.0036363636363637;58.814320375292745;97;98;0.41718802375691344;True;ok;4;0.76;0.1;2
100;4936;98.72;99;96;0.9972036584269851;0.9972013010840294;1.0028282828282828;36.81985738226863;96;100;0.46220806655075714;True;ok;5;0.76;0.1;2
100;4935;98.7;99;95;0.9970295463066414;0.9970259945497306;1.003030303030303;36.10476959875258;96;98;0.4768097778037943;True;ok;6;0.76;0.1;2
100;4940;98.8;99;97;0.9979936462244998;0.9979923211458258;1.002020202020202;55.42712728921738;97;100;0.5107033471532305;True;ok;7;0.76;0.1;2
100;4942;98.84;99;97;0.9983876477801364;0.9983868766208788;1.0016161616161616;54.24130503365953;97;100;0.5126367243419935;True;ok;8;0.76;0.1;2
100;4938;98.76;99;95;0.9976163532395987;0.997613721103654;1.0024242424242424;26.777324664885434;95;100;0.4913140848873732;True;ok;9;0.76;0.1;2
100;4936;98.72;99;94;0.9972296153728868;0.9972262129099265;1.0028282828282828;36.20427326368408;96;99;0.47970303938529096;True;ok;0;0.76;0.15;2
100;4936;98.72;99;96;0.9971861877464459;0.9971846928557954;1.0028282828282828;57.050876392944154;97;99;0.4592148159377565;True;ok;1;0.76;0.15;2
100;4945;98.9;99;97;0.998992487732361;0.998991987540305;1.001010101010101;52.566079368632906;97;100;0.5509030125412346;True;ok;2;0.76;0.15;2
100;4942;98.84;99;97;0.9983833628734216;0.9983827370624135;1.0016161616161616;54.238353526998225;97;100;0.5026164020050833;True;ok;3;0.76;0.15;2
100;4934;98.68;99;96;0.9967901119671129;0.9967882084925743;1.0032323232323233;57.461654784772335;97;98;0.4494026770396268;True;ok;4;0.76;0.15;2
100;4939;98.78;99;96;0.9977942036916051;0.997792732166891;1.0022222222222221;36.04852933528449;96;100;0.4798951686778858;True;ok;5;0.76;0.15;2
100;4936;98.72;99;95;0.997220949038152;0.9972179090368202;1.0028282828282828;36.33448060577562;96;99;0.48105650763753555;True;ok;6;0.76;0.15;2
100;4941;98.82;99;97;0.9981929196233327;0.9981917490793231;1.0018181818181817;54.829194611856146;97;100;0.5166602779976209;True;ok;7;0.76;0.15;2
100;4943;98.86;99;97;0.9985865745079652;0.9985859851280365;1.0014141414141413;53.66900626613706;97;100;0.5186732290024881;True;ok;8;0.76;0.15;2
100;4939;98.78;99;95;0.9978159789050022;0.9978134608814486;1.0022222222222221;26.64242343689562;95;100;0.4994282731668325;True;ok;9;0.76;0.15;2
100;4938;98.76;99;95;0.9976161737003327;0.997613721103654;1.0024242424242424;26.777324664885434;95;100;0.4913140848873732;True;ok;0;0.76;0.2;2
100;4938;98.76;99;96;0.9975859380426567;0.9975846861645603;1.0024242424242424;55.784810337496275;97;99;0.47107822763538765;True;ok;1;0.76;0.2;2
100;4946;98.92;99;98;0.9991908991025349;0.9991906110886281;1.0008080808080808;108.06429779402063;98;100;0.5727586799764781;True;ok;2;0.76;0.2;2
100;4942;98.84;99;97;0.9983833628734216;0.9983827370624135;1.0016161616161616;54.238353526998225;97;100;0.5026164020050833;True;ok;3;0.76;0.2;2
100;4937;98.74;99;96;0.9973904274957474;0.9973889203185518;1.0026262626262625;36.55589500185693;96;100;0.45960049097685735;True;ok;4;0.76;0.2;2
100;4941;98.82;99;97;0.9981929196233327;0.9981917490793231;1.0018181818181817;54.829194611856146;97;100;0.5166602779976209;True;ok;5;0.76;0.2;2
100;4937;98.74;99;95;0.9974166397395087;0.9974138198999098;1.0026262626262625;26.91365279284335;95;100;0.4832118251522766;True;ok;6;0.76;0.2;2
100;4943;98.86;99;97;0.9985908607429215;0.9985901225890476;1.0014141414141413;53.67189498001144;97;100;0.5286933514624391;True;ok;7;0.76;0.2;2
100;4945;98.9;99;98;0.9989881988409219;0.9989878542510121;1.001010101010101;110.44350441166554;98;100;0.5608070121920964;True;ok;8;0.76;0.2;2
100;4942;98.84;99;95;0.9984048024391781;0.9984034346835202;1.0016161616161616;26.24471955143601;95;100;0.5238224363407984;True;ok;9;0.76;0.2;2
100;4939;98.78;99;96;0.9978072267069248;0.9978051694471305;1.0022222222222221;36.05239362130561;96;100;0.499935608305781;True;ok;0;0.76;0.25;2
100;4941;98.82;99;97;0.998184264802454;0.9981834658148129;1.0018181818181817;54.82316085873883;97;100;0.4966192273191503;True;ok;1;0.76;0.25;2
100;4946;98.92;99;98;0.9991908991025349;0.9991906110886281;1.0008080808080808;108.06429779402063;98;100;0.5727586799764781;True;ok;2;0.76;0.25;2
100;4944;98.88;99;98;0.9987853285644167;0.9987849331713244;1.0012121212121212;112.93085678465795;98;100;0.5490158828512494;True;ok;3;0.76;0.25;2
100;4939;98.78;99;96;0.9977941160276739;0.997792732166891;1.0022222222222221;36.048529335284485;96;100;0.4798951686778857;True;ok;4;0.76;0.25;2
100;4943;98.86;99;97;0.9985951469778779;0.9985942600329522;1.0014141414141413;53.67478401077524;97;100;0.538713474943319;True;ok;5;0.76;0.25;2
100;4939;98.78;99;95;0.9978026886864854;0.9978010237042191;1.0022222222222221;54.87674916634873;97;99;0.49526646713838307;True;ok;6;0.76;0.25;2
100;4945;98.9;99;98;0.9989881988409219;0.9989878542510121;1.001010101010101;110.44350441166554;98;100;0.5608070121920964;True;ok;7;0.76;0.25;2
100;4946;98.92;99;98;0.9991908991025349;0.9991906110886281;1.0008080808080808;108.06429779402063;98;100;0.5727586799764781;True;ok;8;0.76;0.25;2
100;4944;98.88;99;95;0.9988110694291429;0.9988097452110842;1.0012121212121212;25.98854323296566;95;100;0.5432076975584198;True;ok;9;0.76;0.25;2
100;4939;98.78;99;96;0.9978072267069248;0.9978051694471305;1.0022222222222221;36.05239362130561;96;100;0.499935608305781;True;ok;0;0.76;0.3;2
100;4941;98.82;99;97;0.998184264802454;0.9981834658148129;1.0018181818181817;54.82316085873883;97;100;0.4966192273191503;True;ok;1;0.76;0.3;2
100;4946;98.92;99;98;0.9991908991025349;0.9991906110886281;1.0008080808080808;108.06429779402063;98;100;0.5727586799764781;True;ok;2;0.76;0.3;2
100;4944;98.88;99;98;0.9987853285644167;0.9987849331713244;1.0012121212121212;112.93085678465795;98;100;0.5490158828512494;True;ok;3;0.76;0.3;2
100;4939;98.78;99;96;0.9977941160276739;0.997792732166891;1.0022222222222221;36.048529335284485;96;100;0.4798951686778857;True;ok;4;0.76;0.3;2
100;4943;98.86;99;97;0.9985951469778779;0.9985942600329522;1.0014141414141413;53.67478401077524;97;100;0.538713474943319;True;ok;5;0.76;0.3;2
100;4941;98.82;99;96;0.9981928356085696;0.9981917490793231;1.0018181818181817;35.554196355324756;96;100;0.4946821341177001;True;ok;6;0.76;0.3;2
100;4946;98.92;99;98;0.9991908991025349;0.9991906110886281;1.0008080808080808;108.06429779402063;98;100;0.5727586799764781;True;ok;7;0.76;0.3;2
100;4946;98.92;99;98;0.9991908991025349;0.9991906110886281;1.0008080808080808;108.06429779402063;98;100;0.5727586799764781;True;ok;8;0.76;0.3;2
100;4945;98.9;99;96;0.999001069388112;0.9990002540676646;1.001010101010101;34.60974426452131;96;100;0.5544991285425457;True;ok;9;0.76;0.3;2
100;4939;98.78;99;96;0.9978072267069248;0.9978051694471305;1.0022222222222221;36.05239362130561;96;100;0.499935608305781;True;ok;0;0.76;0.35;2
100;4943;98.86;99;97;0.9985865745079654;0.9985859851280365;1.0014141414141413;53.66900626613706;97;100;0.5186732290024881;True;ok;1;0.76;0.35;2
100;4946;98.92;99;98;0.9991908991025349;0.9991906110886281;1.0008080808080808;108.06429779402063;98;100;0.5727586799764781;True;ok;2;0.76;0.35;2
100;4944;98.88;99;98;0.9987853285644167;0.9987849331713244;1.0012121212121212;112.93085678465795;98;100;0.5490158828512494;True;ok;3;0.76;0.35;2
100;4941;98.82;99;97;0.9981885483809275;0.9981876074556367;1.0018181818181817;54.826177566206084;97;100;0.5066397521398545;True;ok;4;0.76;0.35;2
100;4943;98.86;99;97;0.9985951469778779;0.9985942600329522;1.0014141414141413;53.67478401077524;97;100;0.538713474943319;True;ok;5;0.76;0.35;2
100;4941;98.82;99;96;0.9981928356085696;0.9981917490793231;1.0018181818181817;35.554196355324756;96;100;0.4946821341177001;True;ok;6;0.76;0.35;2
100;4946;98.92;99;98;0.9991908991025349;0.9991906110886281;1.0008080808080808;108.06429779402063;98;100;0.5727586799764781;True;ok;7;0.76;0.35;2
100;4947;98.94;99;98;0.9993934293492481;0.9993932038834952;1.0006060606060605;105.78633401116913;98;100;0.5848685041694515;True;ok;8;0.76;0.35;2
100;4945;98.9;99;96;0.999001069388112;0.9990002540676646;1.001010101010101;34.60974426452131;96;100;0.5544991285425457;True;ok;9;0.76;0.35;2
100;4939;98.78;99;96;0.9978072267069248;0.9978051694471305;1.0022222222222221;36.05239362130561;96;100;0.499935608305781;True;ok;0;0.76;0.4;2
100;4943;98.86;99;97;0.9985865745079654;0.9985859851280365;1.0014141414141413;53.66900626613706;97;100;0.5186732290024881;True;ok;1;0.76;0.4;2
100;4947;98.94;99;98;0.9993934293492481;0.9993932038834952;1.0006060606060605;105.78633401116913;98;100;0.5848685041694515;True;ok;2;0.76;0.4;2
100;4946;98.92;99;98;0.9991908991025349;0.9991906110886281;1.0008080808080808;108.06429779402063;98;100;0.5727586799764781;True;ok;3;0.76;0.4;2
100;4941;98.82;99;97;0.9981885483809275;0.9981876074556367;1.0018181818181817;54.826177566206084;97;100;0.5066397521398545;True;ok;4;0.76;0.4;2
100;4943;98.86;99;97;0.9985951469778779;0.9985942600329522;1.0014141414141413;53.67478401077524;97;100;0.538713474943319;True;ok;5;0.76;0.4;2
100;4942;98.84;99;96;0.9983962212986606;0.9983951556864432;1.0016161616161616;35.31344837224301;96;100;0.5121144459573151;True;ok;6;0.76;0.4;2
100;4946;98.92;99;98;0.9991908991025349;0.9991906110886281;1.0008080808080808;108.06429779402063;98;100;0.5727586799764781;True;ok;7;0.76;0.4;2
100;4947;98.94;99;98;0.9993934293492481;0.9993932038834952;1.0006060606060605;105.78633401116913;98;100;0.5848685041694515;True;ok;8;0.76;0.4;2
100;4947;98.94;99;97;0.9993977208971698;0.9993973329920972;1.0006060606060605;51.50839718039135;97;100;0.5832854491024155;True;ok;9;0.76;0.4;2
100;4939;98.78;99;96;0.9978072267069248;0.9978051694471305;1.0022222222222221;36.05239362130561;96;100;0.499935608305781;True;ok;0;0.76;0.45;2
100;4946;98.92;99;98;0.9991908991025349;0.9991906110886281;1.0008080808080808;108.06429779402063;98;100;0.5727586799764781;True;ok;1;0.76;0.45;2
100;4947;98.94;99;98;0.9993934293492481;0.9993932038834952;1.0006060606060605;105.78633401116913;98;100;0.5848685041694515;True;ok;2;0.76;0.45;2
100;4946;98.92;99;98;0.9991908991025349;0.9991906110886281;1.0008080808080808;108.06429779402063;98;100;0.5727586799764781;True;ok;3;0.76;0.45;2
100;4942;98.84;99;97;0.9983876477801362;0.9983868766208788;1.0016161616161616;54.24130503365953;97;100;0.5126367243419935;True;ok;4;0.76;0.45;2
100;4943;98.86;99;97;0.9985951469778779;0.9985942600329522;1.0014141414141413;53.67478401077524;97;100;0.538713474943319;True;ok;5;0.76;0.45;2
100;4944;98.88;99;96;0.998798195070956;0.9987973392681128;1.0012121212121212;34.840685698271216;96;100;0.5370165225927686;True;ok;6;0.76;0.45;2
100;4946;98.92;99;98;0.9991908991025349;0.9991906110886281;1.0008080808080808;108.06429779402063;98;100;0.5727586799764781;True;ok;7;0.76;0.45;2
100;4947;98.94;99;98;0.9993934293492481;0.9993932038834952;1.0006060606060605;105.78633401116913;98;100;0.5848685041694515;True;ok;8;0.76;0.45;2
100;4947;98.94;99;97;0.9993977208971698;0.9993973329920972;1.0006060606060605;51.50839718039135;97;100;0.5832854491024155;True;ok;9;0.76;0.45;2
100;4941;98.82;99;96;0.998197119187043;0.9981958906858719;1.0018181818181817;35.555439688952326;96;100;0.5046953455324467;True;ok;0;0.76;0.5;2
100;4946;98.92;99;98;0.9991908991025349;0.9991906110886281;1.0008080808080808;108.06429779402063;98;100;0.5727586799764781;True;ok;1;0.76;0.5;2
100;4947;98.94;99;98;0.9993934293492481;0.9993932038834952;1.0006060606060605;105.78633401116913;98;100;0.5848685041694515;True;ok;2;0.76;0.5;2
100;4946;98.92;99;98;0.9991908991025349;0.9991906110886281;1.0008080808080808;108.06429779402063;98;100;0.5727586799764781;True;ok;3;0.76;0.5;2
100;4942;98.84;99;97;0.9983876477801362;0.9983868766208788;1.0016161616161616;54.24130503365953;97;100;0.5126367243419935;True;ok;4;0.76;0.5;2
100;4943;98.86;99;97;0.9985951469778779;0.9985942600329522;1.0014141414141413;53.67478401077524;97;100;0.538713474943319;True;ok;5;0.76;0.5;2
100;4944;98.88;99;96;0.998798195070956;0.9987973392681128;1.0012121212121212;34.840685698271216;96;100;0.5370165225927686;True;ok;6;0.76;0.5;2
100;4946;98.92;99;98;0.9991908991025349;0.9991906110886281;1.0008080808080808;108.06429779402063;98;100;0.5727586799764781;True;ok;7;0.76;0.5;2
100;4947;98.94;99;98;0.9993934293492481;0.9993932038834952;1.0006060606060605;105.78633401116913;98;100;0.5848685041694515;True;ok;8;0.76;0.5;2
100;4948;98.96;99;97;0.9996000824572251;0.9995997598559135;1.0004040404040404;50.995661662419636;97;100;0.5995330630853318;True;ok;9;0.76;0.5;2
100;4942;98.84;99;96;0.9983962212986606;0.9983951556864432;1.0016161616161616;35.31344837224301;96;100;0.5121144459573151;True;ok;0;0.76;0.55;2
100;4947;98.94;99;98;0.9993934293492481;0.9993932038834952;1.0006060606060605;105.78633401116913;98;100;0.5848685041694515;True;ok;1;0.76;0.55;2
100;4947;98.94;99;98;0.9993934293492481;0.9993932038834952;1.0006060606060605;105.78633401116913;98;100;0.5848685041694515;True;ok;2;0.76;0.55;2
100;4946;98.92;99;98;0.9991908991025349;0.9991906110886281;1.0008080808080808;108.06429779402063;98;100;0.5727586799764781;True;ok;3;0.76;0.55;2
100;4943;98.86;99;97;0.9985908607429217;0.9985901225890476;1.0014141414141413;53.67189498001144;97;100;0.5286933514624391;True;ok;4;0.76;0.55;2
100;4943;98.86;99;97;0.9985951469778779;0.9985942600329522;1.0014141414141413;53.67478401077524;97;100;0.538713474943319;True;ok;5;0.76;0.55;2
100;4944;98.88;99;96;0.998798195070956;0.9987973392681128;1.0012121212121212;34.840685698271216;96;100;0.5370165225927686;True;ok;6;0.76;0.55;2
100;4946;98.92;99;98;0.9991908991025349;0.9991906110886281;1.0008080808080808;108.06429779402063;98;100;0.5727586799764781;True;ok;7;0.76;0.55;2
100;4947;98.94;99;98;0.9993934293492481;0.9993932038834952;1.0006060606060605;105.78633401116913;98;100;0.5848685041694515;True;ok;8;0.76;0.55;2
100;4948;98.96;99;97;0.9996000824572251;0.9995997598559135;1.0004040404040404;50.995661662419636;97;100;0.5995330630853318;True;ok;9;0.76;0.55;2
100;4942;98.84;99;96;0.9983962212986606;0.9983951556864432;1.0016161616161616;35.31344837224301;96;100;0.5121144459573151;True;ok;0;0.76;0.6;2
100;4947;98.94;99;98;0.9993934293492481;0.9993932038834952;1.0006060606060605;105.78633401116913;98;100;0.5848685041694515;True;ok;1;0.76;0.6;2
100;4947;98.94;99;98;0.9993934293492481;0.9993932038834952;1.0006060606060605;105.78633401116913;98;100;0.5848685041694515;True;ok;2;0.76;0.6;2
100;4946;98.92;99;98;0.9991908991025349;0.9991906110886281;1.0008080808080808;108.06429779402063;98;100;0.5727586799764781;True;ok;3;0.76;0.6;2
100;4943;98.86;99;97;0.9985908607429217;0.9985901225890476;1.0014141414141413;53.67189498001144;97;100;0.5286933514624391;True;ok;4;0.76;0.6;2
100;4943;98.86;99;97;0.9985951469778779;0.9985942600329522;1.0014141414141413;53.67478401077524;97;100;0.538713474943319;True;ok;5;0.76;0.6;2
100;4944;98.88;99;96;0.998798195070956;0.9987973392681128;1.0012121212121212;34.840685698271216;96;100;0.5370165225927686;True;ok;6;0.76;0.6;2
100;4946;98.92;99;98;0.9991908991025349;0.9991906110886281;1.0008080808080808;108.06429779402063;98;100;0.5727586799764781;True;ok;7;0.76;0.6;2
100;4947;98.94;99;98;0.9993934293492481;0.9993932038834952;1.0006060606060605;105.78633401116913;98;100;0.5848685041694515;True;ok;8;0.76;0.6;2
100;4949;98.98;99;98;0.9997979797979812;0.9997978981406629;1.00020202020202;101.50934078622346;98;100;0.609552211402181;True;ok;9;0.76;0.6;2
100;4942;98.84;99;96;0.9983962212986606;0.9983951556864432;1.0016161616161616;35.31344837224301;96;100;0.5121144459573151;True;ok;0;0.76;0.65;2
100;4947;98.94;99;98;0.9993934293492481;0.9993932038834952;1.0006060606060605;105.78633401116913;98;100;0.5848685041694515;True;ok;1;0.76;0.65;2
100;4947;98.94;99;98;0.9993934293492481;0.9993932038834952;1.0006060606060605;105.78633401116913;98;100;0.5848685041694515;True;ok;2;0.76;0.65;2
100;4946;98.92;99;98;0.9991908991025349;0.9991906110886281;1.0008080808080808;108.06429779402063;98;100;0.5727586799764781;True;ok;3;0.76;0.65;2
100;4943;98.86;99;97;0.9985908607429217;0.9985901225890476;1.0014141414141413;53.67189498001144;97;100;0.5286933514624391;True;ok;4;0.76;0.65;2
100;4943;98.86;99;97;0.9985951469778779;0.9985942600329522;1.0014141414141413;53.67478401077524;97;100;0.538713474943319;True;ok;5;0.76;0.65;2
100;4944;98.88;99;96;0.998798195070956;0.9987973392681128;1.0012121212121212;34.840685698271216;96;100;0.5370165225927686;True;ok;6;0.76;0.65;2
100;4946;98.92;99;98;0.9991908991025349;0.9991906110886281;1.0008080808080808;108.06429779402063;98;100;0.5727586799764781;True;ok;7;0.76;0.65;2
100;4948;98.96;99;98;0.9995957895810619;0.9995956328346138;1.0004040404040404;103.60328538593645;98;100;0.597133918541153;True;ok;8;0.76;0.65;2
100;4949;98.98;99;98;0.9997979797979812;0.9997978981406629;1.00020202020202;101.50934078622346;98;100;0.609552211402181;True;ok;9;0.76;0.65;2
100;4943;98.86;99;96;0.9985994369738544;0.9985983974597504;1.0014141414141413;35.07603188415055;96;100;0.529563592227267;True;ok;0;0.76;0.7;2
100;4947;98.94;99;98;0.9993934293492481;0.9993932038834952;1.0006060606060605;105.78633401116913;98;100;0.5848685041694515;True;ok;1;0.76;0.7;2
100;4947;98.94;99;98;0.9993934293492481;0.9993932038834952;1.0006060606060605;105.78633401116913;98;100;0.5848685041694515;True;ok;2;0.76;0.7;2
100;4947;98.94;99;98;0.9993934293492481;0.9993932038834952;1.0006060606060605;105.78633401116915;98;100;0.5848685041694517;True;ok;3;0.76;0.7;2
100;4943;98.86;99;97;0.9985908607429217;0.9985901225890476;1.0014141414141413;53.67189498001144;97;100;0.5286933514624391;True;ok;4;0.76;0.7;2
100;4943;98.86;99;97;0.9985951469778779;0.9985942600329522;1.0014141414141413;53.67478401077524;97;100;0.538713474943319;True;ok;5;0.76;0.7;2
100;4944;98.88;99;96;0.998798195070956;0.9987973392681128;1.0012121212121212;34.840685698271216;96;100;0.5370165225927686;True;ok;6;0.76;0.7;2
100;4946;98.92;99;98;0.9991908991025349;0.9991906110886281;1.0008080808080808;108.06429779402063;98;100;0.5727586799764781;True;ok;7;0.76;0.7;2
100;4948;98.96;99;98;0.9995957895810619;0.9995956328346138;1.0004040404040404;103.60328538593645;98;100;0.597133918541153;True;ok;8;0.76;0.7;2
100;4949;98.98;99;98;0.9997979797979812;0.9997978981406629;1.00020202020202;101.50934078622346;98;100;0.609552211402181;True;ok;9;0.76;0.7;2
100;4943;98.86;99;96;0.9985994369738544;0.9985983974597504;1.0014141414141413;35.07603188415055;96;100;0.529563592227267;True;ok;0;0.76;0.75;2
100;4950;99.0;99;99;1.0;1.0;1.0;nan;;0;nan;False;no_valid_tail_candidate;1;0.76;0.75;2
100;4947;98.94;99;98;0.9993934293492481;0.9993932038834952;1.0006060606060605;105.78633401116913;98;100;0.5848685041694515;True;ok;2;0.76;0.75;2
100;4947;98.94;99;98;0.9993934293492481;0.9993932038834952;1.0006060606060605;105.78633401116915;98;100;0.5848685041694517;True;ok;3;0.76;0.75;2
100;4943;98.86;99;97;0.9985908607429217;0.9985901225890476;1.0014141414141413;53.67189498001144;97;100;0.5286933514624391;True;ok;4;0.76;0.75;2
100;4944;98.88;99;97;0.9987939036908122;0.9987932039196076;1.0012121212121212;53.11453560469644;97;100;0.5447887972163813;True;ok;5;0.76;0.75;2
100;4947;98.94;99;97;0.9993977208971698;0.9993973329920972;1.0006060606060605;51.50839718039135;97;100;0.5832854491024155;True;ok;6;0.76;0.75;2
100;4947;98.94;99;98;0.9993934293492481;0.9993932038834952;1.0006060606060605;105.78633401116915;98;100;0.5848685041694517;True;ok;7;0.76;0.75;2
100;4949;98.98;99;98;0.9997979797979812;0.9997978981406629;1.00020202020202;101.50934078622346;98;100;0.609552211402181;True;ok;8;0.76;0.75;2
100;4949;98.98;99;98;0.9997979797979812;0.9997978981406629;1.00020202020202;101.50934078622346;98;100;0.609552211402181;True;ok;9;0.76;0.75;2
100;4943;98.86;99;96;0.9985994369738544;0.9985983974597504;1.0014141414141413;35.07603188415055;96;100;0.529563592227267;True;ok;0;0.76;0.8;2
100;4950;99.0;99;99;1.0;1.0;1.0;nan;;0;nan;False;no_valid_tail_candidate;1;0.76;0.8;2
100;4947;98.94;99;98;0.9993934293492481;0.9993932038834952;1.0006060606060605;105.78633401116913;98;100;0.5848685041694515;True;ok;2;0.76;0.8;2
100;4947;98.94;99;98;0.9993934293492481;0.9993932038834952;1.0006060606060605;105.78633401116915;98;100;0.5848685041694517;True;ok;3;0.76;0.8;2
100;4943;98.86;99;97;0.9985908607429217;0.9985901225890476;1.0014141414141413;53.67189498001144;97;100;0.5286933514624391;True;ok;4;0.76;0.8;2
100;4945;98.9;99;97;0.9989967766238003;0.9989961208125224;1.001010101010101;52.56884836257264;97;100;0.560922740167375;True;ok;5;0.76;0.8;2
100;4948;98.96;99;97;0.9996000824572251;0.9995997598559135;1.0004040404040404;50.995661662419636;97;100;0.5995330630853318;True;ok;6;0.76;0.8;2
100;4947;98.94;99;98;0.9993934293492481;0.9993932038834952;1.0006060606060605;105.78633401116915;98;100;0.5848685041694517;True;ok;7;0.76;0.8;2
100;4949;98.98;99;98;0.9997979797979812;0.9997978981406629;1.00020202020202;101.50934078622346;98;100;0.609552211402181;True;ok;8;0.76;0.8;2
100;4949;98.98;99;98;0.9997979797979812;0.9997978981406629;1.00020202020202;101.50934078622346;98;100;0.609552211402181;True;ok;9;0.76;0.8;2
100;4944;98.88;99;96;0.9988024826341538;0.9988014745995272;1.0012121212121212;34.84187821388022;96;100;0.5470294753250008;True;ok;0;0.76;0.85;2
100;4950;99.0;99;99;1.0;1.0;1.0;nan;;0;nan;False;no_valid_tail_candidate;1;0.76;0.85;2
100;4947;98.94;99;98;0.9993934293492481;0.9993932038834952;1.0006060606060605;105.78633401116913;98;100;0.5848685041694515;True;ok;2;0.76;0.85;2
100;4947;98.94;99;98;0.9993934293492481;0.9993932038834952;1.0006060606060605;105.78633401116915;98;100;0.5848685041694517;True;ok;3;0.76;0.85;2
100;4943;98.86;99;97;0.9985908607429217;0.9985901225890476;1.0014141414141413;53.67189498001144;97;100;0.5286933514624391;True;ok;4;0.76;0.85;2
100;4945;98.9;99;97;0.9989967766238003;0.9989961208125224;1.001010101010101;52.56884836257264;97;100;0.560922740167375;True;ok;5;0.76;0.85;2
100;4948;98.96;99;97;0.9996000824572251;0.9995997598559135;1.0004040404040404;50.995661662419636;97;100;0.5995330630853318;True;ok;6;0.76;0.85;2
100;4948;98.96;99;98;0.9995957895810619;0.9995956328346138;1.0004040404040404;103.60328538593646;98;100;0.597133918541153;True;ok;7;0.76;0.85;2
100;4949;98.98;99;98;0.9997979797979812;0.9997978981406629;1.00020202020202;101.50934078622346;98;100;0.609552211402181;True;ok;8;0.76;0.85;2
100;4949;98.98;99;98;0.9997979797979812;0.9997978981406629;1.00020202020202;101.50934078622346;98;100;0.609552211402181;True;ok;9;0.76;0.85;2
100;4944;98.88;99;96;0.9988024826341538;0.9988014745995272;1.0012121212121212;34.84187821388022;96;100;0.5470294753250008;True;ok;0;0.76;0.9;2
100;4950;99.0;99;99;1.0;1.0;1.0;nan;;0;nan;False;no_valid_tail_candidate;1;0.76;0.9;2
100;4948;98.96;99;98;0.9995957895810619;0.9995956328346138;1.0004040404040404;103.60328538593646;98;100;0.597133918541153;True;ok;2;0.76;0.9;2
100;4947;98.94;99;98;0.9993934293492481;0.9993932038834952;1.0006060606060605;105.78633401116915;98;100;0.5848685041694517;True;ok;3;0.76;0.9;2
100;4944;98.88;99;97;0.9987896161276144;0.9987890685540115;1.0012121212121212;53.11170770086049;97;100;0.5347688730094055;True;ok;4;0.76;0.9;2
100;4946;98.92;99;97;0.9991951893222157;0.9991947422865602;1.0008080808080808;52.031758493233085;97;100;0.5670753172763564;True;ok;5;0.76;0.9;2
100;4948;98.96;99;97;0.9996000824572251;0.9995997598559135;1.0004040404040404;50.995661662419636;97;100;0.5995330630853318;True;ok;6;0.76;0.9;2
100;4948;98.96;99;98;0.9995957895810619;0.9995956328346138;1.0004040404040404;103.60328538593646;98;100;0.597133918541153;True;ok;7;0.76;0.9;2
100;4949;98.98;99;98;0.9997979797979812;0.9997978981406629;1.00020202020202;101.50934078622346;98;100;0.609552211402181;True;ok;8;0.76;0.9;2
100;4949;98.98;99;98;0.9997979797979812;0.9997978981406629;1.00020202020202;101.50934078622346;98;100;0.609552211402181;True;ok;9;0.76;0.9;2
100;4944;98.88;99;96;0.9988024826341538;0.9988014745995272;1.0012121212121212;34.84187821388022;96;100;0.5470294753250008;True;ok;0;0.76;0.95;2
100;4950;99.0;99;99;1.0;1.0;1.0;nan;;0;nan;False;no_valid_tail_candidate;1;0.76;0.95;2
100;4948;98.96;99;98;0.9995957895810619;0.9995956328346138;1.0004040404040404;103.60328538593646;98;100;0.597133918541153;True;ok;2;0.76;0.95;2
100;4947;98.94;99;98;0.9993934293492481;0.9993932038834952;1.0006060606060605;105.78633401116915;98;100;0.5848685041694517;True;ok;3;0.76;0.95;2
100;4945;98.9;99;97;0.998992487732361;0.998991987540305;1.001010101010101;52.566079368632906;97;100;0.5509030125412346;True;ok;4;0.76;0.95;2
100;4947;98.94;99;98;0.9993934293492481;0.9993932038834952;1.0006060606060605;105.78633401116915;98;100;0.5848685041694517;True;ok;5;0.76;0.95;2
100;4948;98.96;99;97;0.9996000824572251;0.9995997598559135;1.0004040404040404;50.995661662419636;97;100;0.5995330630853318;True;ok;6;0.76;0.95;2
100;4948;98.96;99;98;0.9995957895810619;0.9995956328346138;1.0004040404040404;103.60328538593646;98;100;0.597133918541153;True;ok;7;0.76;0.95;2
100;4949;98.98;99;98;0.9997979797979812;0.9997978981406629;1.00020202020202;101.50934078622346;98;100;0.609552211402181;True;ok;8;0.76;0.95;2
100;4949;98.98;99;98;0.9997979797979812;0.9997978981406629;1.00020202020202;101.50934078622346;98;100;0.609552211402181;True;ok;9;0.76;0.95;2
100;4945;98.9;99;97;0.9989967766238003;0.9989961208125224;1.001010101010101;52.56884836257264;97;100;0.560922740167375;True;ok;0;0.76;1.0;2
100;4950;99.0;99;99;1.0;1.0;1.0;nan;;0;nan;False;no_valid_tail_candidate;1;0.76;1.0;2
100;4949;98.98;99;98;0.9997979797979812;0.9997978981406629;1.00020202020202;101.50934078622346;98;100;0.609552211402181;True;ok;2;0.76;1.0;2
100;4947;98.94;99;98;0.9993934293492481;0.9993932038834952;1.0006060606060605;105.78633401116915;98;100;0.5848685041694517;True;ok;3;0.76;1.0;2
100;4945;98.9;99;97;0.998992487732361;0.998991987540305;1.001010101010101;52.566079368632906;97;100;0.5509030125412346;True;ok;4;0.76;1.0;2
100;4947;98.94;99;98;0.9993934293492481;0.9993932038834952;1.0006060606060605;105.78633401116915;98;100;0.5848685041694517;True;ok;5;0.76;1.0;2
100;4949;98.98;99;98;0.9997979797979812;0.9997978981406629;1.00020202020202;101.50934078622346;98;100;0.609552211402181;True;ok;6;0.76;1.0;2
100;4948;98.96;99;98;0.9995957895810619;0.9995956328346138;1.0004040404040404;103.60328538593646;98;100;0.597133918541153;True;ok;7;0.76;1.0;2
100;4949;98.98;99;98;0.9997979797979812;0.9997978981406629;1.00020202020202;101.50934078622346;98;100;0.609552211402181;True;ok;8;0.76;1.0;2
100;4949;98.98;99;98;0.9997979797979812;0.9997978981406629;1.00020202020202;101.50934078622346;98;100;0.609552211402181;True;ok;9;0.76;1.0;2
100;4935;98.7;99;95;0.9970077094577873;0.9970052242659793;1.003030303030303;36.58972820247081;96;99;0.4593294481149525;True;ok;0;0.81;0.0;2
100;4934;98.68;99;97;0.9967729206646723;0.996771583293566;1.0032323232323233;59.29589994075434;97;100;0.42570374786880194;True;ok;1;0.81;0.0;2
100;4941;98.82;99;97;0.9981885483809276;0.9981876074556367;1.0018181818181817;54.82617756620608;97;100;0.5066397521398545;True;ok;2;0.81;0.0;2
100;4941;98.82;99;97;0.9981885483809276;0.9981876074556367;1.0018181818181817;54.82617756620608;97;100;0.5066397521398545;True;ok;3;0.81;0.0;2
100;4938;98.76;99;96;0.9975903053003381;0.9975888340645546;1.0024242424242424;36.29974042450189;96;100;0.4670564404034246;True;ok;4;0.81;0.0;2
100;4930;98.6;99;95;0.996008965582065;0.9960058104858904;1.004040404040404;58.57273602655531;97;97;0.4231381090935597;True;ok;5;0.81;0.0;2
100;4935;98.7;99;94;0.9970340232532148;0.9970301485547898;1.003030303030303;55.85410609275383;97;98;0.47968287182048897;True;ok;6;0.81;0.0;2
100;4945;98.9;99;96;0.999001069388112;0.9990002540676646;1.001010101010101;34.609744264521304;96;100;0.5544991285425457;True;ok;7;0.81;0.0;2
100;4943;98.86;99;96;0.9985951507388979;0.9985942600329522;1.0014141414141413;35.07482280959486;96;100;0.5195505539177349;True;ok;8;0.81;0.0;2
100;4941;98.82;99;96;0.9982056899931586;0.9982041738475576;1.0018181818181817;35.55795239856682;96;100;0.5147220435399346;True;ok;9;0.81;0.0;2
100;4940;98.8;99;96;0.9980021302475176;0.9980006085104534;1.002020202020202;35.80215576352233;96;100;0.49730692518446173;True;ok;0;0.81;0.05;2
100;4938;98.76;99;97;0.997581654967517;0.9975805382473817;1.0024242424242424;56.654071512180764;97;100;0.4688467325929322;True;ok;1;0.81;0.05;2
100;4945;98.9;99;97;0.998992487732361;0.998991987540305;1.001010101010101;52.566079368632906;97;100;0.5509030125412346;True;ok;2;0.81;0.05;2
100;4943;98.86;99;97;0.9985908607429214;0.9985901225890476;1.0014141414141413;53.67189498001144;97;100;0.5286933514624391;True;ok;3;0.81;0.05;2
100;4940;98.8;99;97;0.9979893639742676;0.9979881774377826;1.002020202020202;55.42404284676381;97;100;0.5006826172797317;True;ok;4;0.81;0.05;2
100;4941;98.82;99;96;0.9981971191870431;0.9981958906858719;1.0018181818181817;35.555439688952326;96;100;0.5046953455324467;True;ok;5;0.81;0.05;2
100;4938;98.76;99;95;0.9976294684839546;0.997626164391223;1.0024242424242424;26.77944402417079;95;100;0.4946581700115077;True;ok;6;0.81;0.05;2
100;4948;98.96;99;98;0.9995957895810619;0.9995956328346138;1.0004040404040404;103.60328538593646;98;100;0.597133918541153;True;ok;7;0.81;0.05;2
100;4946;98.92;99;97;0.999195189322216;0.9991947422865602;1.0008080808080808;52.031758493233085;97;100;0.5670753172763564;True;ok;8;0.81;0.05;2
100;4945;98.9;99;96;0.9990053582795513;0.9990043873057316;1.001010101010101;34.610920559044665;96;100;0.5645119962088877;True;ok;9;0.81;0.05;2
100;4941;98.82;99;96;0.9981971191870431;0.9981958906858719;1.0018181818181817;35.555439688952326;96;100;0.5046953455324467;True;ok;0;0.81;0.1;2
100;4940;98.8;99;97;0.9979849940601035;0.9979840337125861;1.002020202020202;55.420958753887604;97;100;0.4906618884509026;True;ok;1;0.81;0.1;2
100;4947;98.94;99;98;0.9993934293492481;0.9993932038834952;1.0006060606060605;105.78633401116915;98;100;0.5848685041694517;True;ok;2;0.81;0.1;2
100;4946;98.92;99;97;0.9991951893222157;0.9991947422865602;1.0008080808080808;52.031758493233085;97;100;0.5670753172763564;True;ok;3;0.81;0.1;2
100;4941;98.82;99;97;0.9981885483809275;0.9981876074556367;1.0018181818181817;54.826177566206084;97;100;0.5066397521398545;True;ok;4;0.81;0.1;2
100;4944;98.88;99;97;0.9987939036908122;0.9987932039196076;1.0012121212121212;53.11453560469644;97;100;0.5447887972163813;True;ok;5;0.81;0.1;2
100;4939;98.78;99;95;0.9978203446636891;0.9978176065728555;1.0022222222222221;26.643108136679732;95;100;0.5027108794650818;True;ok;6;0.81;0.1;2
100;4948;98.96;99;98;0.9995957895810619;0.9995956328346138;1.0004040404040404;103.60328538593646;98;100;0.597133918541153;True;ok;7;0.81;0.1;2
100;4947;98.94;99;97;0.9993977208971697;0.9993973329920972;1.0006060606060605;51.50839718039135;97;100;0.5832854491024155;True;ok;8;0.81;0.1;2
100;4947;98.94;99;97;0.9993977208971697;0.9993973329920972;1.0006060606060605;51.50839718039135;97;100;0.5832854491024155;True;ok;9;0.81;0.1;2
100;4943;98.86;99;97;0.9985951469778778;0.9985942600329522;1.0014141414141413;53.67478401077524;97;100;0.538713474943319;True;ok;0;0.81;0.15;2
100;4943;98.86;99;98;0.9985822882730091;0.998581847649919;1.0014141414141413;115.53389996569649;98;100;0.5373874446939332;True;ok;1;0.81;0.15;2
100;4947;98.94;99;98;0.9993934293492481;0.9993932038834952;1.0006060606060605;105.78633401116915;98;100;0.5848685041694517;True;ok;2;0.81;0.15;2
100;4947;98.94;99;98;0.9993934293492481;0.9993932038834952;1.0006060606060605;105.78633401116915;98;100;0.5848685041694517;True;ok;3;0.81;0.15;2
100;4942;98.84;99;97;0.9983876477801362;0.9983868766208788;1.0016161616161616;54.24130503365953;97;100;0.5126367243419935;True;ok;4;0.81;0.15;2
100;4944;98.88;99;97;0.9987939036908122;0.9987932039196076;1.0012121212121212;53.11453560469644;97;100;0.5447887972163813;True;ok;5;0.81;0.15;2
100;4943;98.86;99;96;0.9985951507388982;0.9985942600329522;1.0014141414141413;35.07482280959486;96;100;0.5195505539177349;True;ok;6;0.81;0.15;2
100;4949;98.98;99;98;0.9997979797979812;0.9997978981406629;1.00020202020202;101.50934078622346;98;100;0.609552211402181;True;ok;7;0.81;0.15;2
100;4949;98.98;99;98;0.9997979797979812;0.9997978981406629;1.00020202020202;101.50934078622346;98;100;0.609552211402181;True;ok;8;0.81;0.15;2
100;4947;98.94;99;97;0.9993977208971697;0.9993973329920972;1.0006060606060605;51.50839718039135;97;100;0.5832854491024155;True;ok;9;0.81;0.15;2
100;4943;98.86;99;97;0.9985951469778778;0.9985942600329522;1.0014141414141413;53.67478401077524;97;100;0.538713474943319;True;ok;0;0.81;0.2;2
100;4945;98.9;99;98;0.9989881988409219;0.9989878542510121;1.001010101010101;110.44350441166554;98;100;0.5608070121920964;True;ok;1;0.81;0.2;2
100;4947;98.94;99;98;0.9993934293492481;0.9993932038834952;1.0006060606060605;105.78633401116915;98;100;0.5848685041694517;True;ok;2;0.81;0.2;2
100;4947;98.94;99;98;0.9993934293492481;0.9993932038834952;1.0006060606060605;105.78633401116915;98;100;0.5848685041694517;True;ok;3;0.81;0.2;2
100;4942;98.84;99;97;0.9983876477801362;0.9983868766208788;1.0016161616161616;54.24130503365953;97;100;0.5126367243419935;True;ok;4;0.81;0.2;2
100;4945;98.9;99;97;0.998992487732361;0.998991987540305;1.001010101010101;52.566079368632906;97;100;0.5509030125412346;True;ok;5;0.81;0.2;2
100;4943;98.86;99;96;0.9985951507388982;0.9985942600329522;1.0014141414141413;35.07482280959486;96;100;0.5195505539177349;True;ok;6;0.81;0.2;2
100;4949;98.98;99;98;0.9997979797979812;0.9997978981406629;1.00020202020202;101.50934078622346;98;100;0.609552211402181;True;ok;7;0.81;0.2;2
100;4949;98.98;99;98;0.9997979797979812;0.9997978981406629;1.00020202020202;101.50934078622346;98;100;0.609552211402181;True;ok;8;0.81;0.2;2
100;4947;98.94;99;97;0.9993977208971697;0.9993973329920972;1.0006060606060605;51.50839718039135;97;100;0.5832854491024155;True;ok;9;0.81;0.2;2
100;4944;98.88;99;97;0.9987939036908122;0.9987932039196076;1.0012121212121212;53.11453560469644;97;100;0.5447887972163813;True;ok;0;0.81;0.25;2
100;4948;98.96;99;98;0.9995957895810619;0.9995956328346138;1.0004040404040404;103.60328538593646;98;100;0.597133918541153;True;ok;1;0.81;0.25;2
100;4948;98.96;99;98;0.9995957895810619;0.9995956328346138;1.0004040404040404;103.60328538593646;98;100;0.597133918541153;True;ok;2;0.81;0.25;2
100;4947;98.94;99;98;0.9993934293492481;0.9993932038834952;1.0006060606060605;105.78633401116915;98;100;0.5848685041694517;True;ok;3;0.81;0.25;2
100;4943;98.86;99;97;0.9985865745079653;0.9985859851280365;1.0014141414141413;53.66900626613706;97;100;0.5186732290024881;True;ok;4;0.81;0.25;2
100;4945;98.9;99;97;0.998992487732361;0.998991987540305;1.001010101010101;52.566079368632906;97;100;0.5509030125412346;True;ok;5;0.81;0.25;2
100;4946;98.92;99;97;0.9991951893222157;0.9991947422865602;1.0008080808080808;52.031758493233085;97;100;0.5670753172763564;True;ok;6;0.81;0.25;2
100;4950;99.0;99;99;1.0;1.0;1.0;nan;;0;nan;False;no_valid_tail_candidate;7;0.81;0.25;2
100;4949;98.98;99;98;0.9997979797979812;0.9997978981406629;1.00020202020202;101.50934078622346;98;100;0.609552211402181;True;ok;8;0.81;0.25;2
100;4947;98.94;99;97;0.9993977208971697;0.9993973329920972;1.0006060606060605;51.50839718039135;97;100;0.5832854491024155;True;ok;9;0.81;0.25;2
100;4944;98.88;99;97;0.9987939036908122;0.9987932039196076;1.0012121212121212;53.11453560469644;97;100;0.5447887972163813;True;ok;0;0.81;0.3;2
100;4948;98.96;99;98;0.9995957895810619;0.9995956328346138;1.0004040404040404;103.60328538593646;98;100;0.597133918541153;True;ok;1;0.81;0.3;2
100;4948;98.96;99;98;0.9995957895810619;0.9995956328346138;1.0004040404040404;103.60328538593646;98;100;0.597133918541153;True;ok;2;0.81;0.3;2
100;4947;98.94;99;98;0.9993934293492481;0.9993932038834952;1.0006060606060605;105.78633401116915;98;100;0.5848685041694517;True;ok;3;0.81;0.3;2
100;4943;98.86;99;97;0.9985865745079653;0.9985859851280365;1.0014141414141413;53.66900626613706;97;100;0.5186732290024881;True;ok;4;0.81;0.3;2
100;4946;98.92;99;97;0.9991951893222157;0.9991947422865602;1.0008080808080808;52.031758493233085;97;100;0.5670753172763564;True;ok;5;0.81;0.3;2
100;4947;98.94;99;97;0.9993977208971698;0.9993973329920972;1.0006060606060605;51.50839718039135;97;100;0.5832854491024155;True;ok;6;0.81;0.3;2
100;4950;99.0;99;99;1.0;1.0;1.0;nan;;0;nan;False;no_valid_tail_candidate;7;0.81;0.3;2
100;4949;98.98;99;98;0.9997979797979812;0.9997978981406629;1.00020202020202;101.50934078622346;98;100;0.609552211402181;True;ok;8;0.81;0.3;2
100;4948;98.96;99;97;0.9996000824572251;0.9995997598559135;1.0004040404040404;50.995661662419636;97;100;0.5995330630853318;True;ok;9;0.81;0.3;2
100;4946;98.92;99;98;0.9991908991025349;0.9991906110886281;1.0008080808080808;108.06429779402063;98;100;0.5727586799764781;True;ok;0;0.81;0.35;2
100;4949;98.98;99;98;0.9997979797979812;0.9997978981406629;1.00020202020202;101.50934078622346;98;100;0.609552211402181;True;ok;1;0.81;0.35;2
100;4948;98.96;99;98;0.9995957895810619;0.9995956328346138;1.0004040404040404;103.60328538593646;98;100;0.597133918541153;True;ok;2;0.81;0.35;2
100;4947;98.94;99;98;0.9993934293492481;0.9993932038834952;1.0006060606060605;105.78633401116915;98;100;0.5848685041694517;True;ok;3;0.81;0.35;2
100;4943;98.86;99;97;0.9985865745079653;0.9985859851280365;1.0014141414141413;53.66900626613706;97;100;0.5186732290024881;True;ok;4;0.81;0.35;2
100;4947;98.94;99;98;0.9993934293492481;0.9993932038834952;1.0006060606060605;105.78633401116915;98;100;0.5848685041694517;True;ok;5;0.81;0.35;2
100;4948;98.96;99;97;0.9996000824572251;0.9995997598559135;1.0004040404040404;50.995661662419636;97;100;0.5995330630853318;True;ok;6;0.81;0.35;2
100;4950;99.0;99;99;1.0;1.0;1.0;nan;;0;nan;False;no_valid_tail_candidate;7;0.81;0.35;2
100;4949;98.98;99;98;0.9997979797979812;0.9997978981406629;1.00020202020202;101.50934078622346;98;100;0.609552211402181;True;ok;8;0.81;0.35;2
100;4948;98.96;99;97;0.9996000824572251;0.9995997598559135;1.0004040404040404;50.995661662419636;97;100;0.5995330630853318;True;ok;9;0.81;0.35;2
100;4946;98.92;99;98;0.9991908991025349;0.9991906110886281;1.0008080808080808;108.06429779402063;98;100;0.5727586799764781;True;ok;0;0.81;0.4;2
100;4950;99.0;99;99;1.0;1.0;1.0;nan;;0;nan;False;no_valid_tail_candidate;1;0.81;0.4;2
100;4948;98.96;99;98;0.9995957895810619;0.9995956328346138;1.0004040404040404;103.60328538593646;98;100;0.597133918541153;True;ok;2;0.81;0.4;2
100;4947;98.94;99;98;0.9993934293492481;0.9993932038834952;1.0006060606060605;105.78633401116915;98;100;0.5848685041694517;True;ok;3;0.81;0.4;2
100;4944;98.88;99;97;0.9987896161276144;0.9987890685540115;1.0012121212121212;53.11170770086049;97;100;0.5347688730094055;True;ok;4;0.81;0.4;2
100;4948;98.96;99;98;0.9995957895810619;0.9995956328346138;1.0004040404040404;103.60328538593646;98;100;0.597133918541153;True;ok;5;0.81;0.4;2
100;4948;98.96;99;97;0.9996000824572251;0.9995997598559135;1.0004040404040404;50.995661662419636;97;100;0.5995330630853318;True;ok;6;0.81;0.4;2
100;4950;99.0;99;99;1.0;1.0;1.0;nan;;0;nan;False;no_valid_tail_candidate;7;0.81;0.4;2
100;4949;98.98;99;98;0.9997979797979812;0.9997978981406629;1.00020202020202;101.50934078622346;98;100;0.609552211402181;True;ok;8;0.81;0.4;2
100;4948;98.96;99;97;0.9996000824572251;0.9995997598559135;1.0004040404040404;50.995661662419636;97;100;0.5995330630853318;True;ok;9;0.81;0.4;2
100;4946;98.92;99;98;0.9991908991025349;0.9991906110886281;1.0008080808080808;108.06429779402063;98;100;0.5727586799764781;True;ok;0;0.81;0.45;2
100;4950;99.0;99;99;1.0;1.0;1.0;nan;;0;nan;False;no_valid_tail_candidate;1;0.81;0.45;2
100;4948;98.96;99;98;0.9995957895810619;0.9995956328346138;1.0004040404040404;103.60328538593646;98;100;0.597133918541153;True;ok;2;0.81;0.45;2
100;4947;98.94;99;98;0.9993934293492481;0.9993932038834952;1.0006060606060605;105.78633401116915;98;100;0.5848685041694517;True;ok;3;0.81;0.45;2
100;4944;98.88;99;97;0.9987896161276144;0.9987890685540115;1.0012121212121212;53.11170770086049;97;100;0.5347688730094055;True;ok;4;0.81;0.45;2
100;4948;98.96;99;98;0.9995957895810619;0.9995956328346138;1.0004040404040404;103.60328538593646;98;100;0.597133918541153;True;ok;5;0.81;0.45;2
100;4948;98.96;99;97;0.9996000824572251;0.9995997598559135;1.0004040404040404;50.995661662419636;97;100;0.5995330630853318;True;ok;6;0.81;0.45;2
100;4950;99.0;99;99;1.0;1.0;1.0;nan;;0;nan;False;no_valid_tail_candidate;7;0.81;0.45;2
100;4949;98.98;99;98;0.9997979797979812;0.9997978981406629;1.00020202020202;101.50934078622346;98;100;0.609552211402181;True;ok;8;0.81;0.45;2
100;4949;98.98;99;98;0.9997979797979812;0.9997978981406629;1.00020202020202;101.50934078622346;98;100;0.609552211402181;True;ok;9;0.81;0.45;2
100;4947;98.94;99;98;0.9993934293492481;0.9993932038834952;1.0006060606060605;105.78633401116915;98;100;0.5848685041694517;True;ok;0;0.81;0.5;2
100;4950;99.0;99;99;1.0;1.0;1.0;nan;;0;nan;False;no_valid_tail_candidate;1;0.81;0.5;2
100;4948;98.96;99;98;0.9995957895810619;0.9995956328346138;1.0004040404040404;103.60328538593646;98;100;0.597133918541153;True;ok;2;0.81;0.5;2
100;4947;98.94;99;98;0.9993934293492481;0.9993932038834952;1.0006060606060605;105.78633401116915;98;100;0.5848685041694517;True;ok;3;0.81;0.5;2
100;4945;98.9;99;97;0.998992487732361;0.998991987540305;1.001010101010101;52.566079368632906;97;100;0.5509030125412346;True;ok;4;0.81;0.5;2
100;4948;98.96;99;98;0.9995957895810619;0.9995956328346138;1.0004040404040404;103.60328538593646;98;100;0.597133918541153;True;ok;5;0.81;0.5;2
100;4949;98.98;99;98;0.9997979797979812;0.9997978981406629;1.00020202020202;101.50934078622346;98;100;0.609552211402181;True;ok;6;0.81;0.5;2
100;4950;99.0;99;99;1.0;1.0;1.0;nan;;0;nan;False;no_valid_tail_candidate;7;0.81;0.5;2
100;4949;98.98;99;98;0.9997979797979812;0.9997978981406629;1.00020202020202;101.50934078622346;98;100;0.609552211402181;True;ok;8;0.81;0.5;2
100;4949;98.98;99;98;0.9997979797979812;0.9997978981406629;1.00020202020202;101.50934078622346;98;100;0.609552211402181;True;ok;9;0.81;0.5;2
100;4948;98.96;99;98;0.9995957895810619;0.9995956328346138;1.0004040404040404;103.60328538593646;98;100;0.597133918541153;True;ok;0;0.81;0.55;2
100;4950;99.0;99;99;1.0;1.0;1.0;nan;;0;nan;False;no_valid_tail_candidate;1;0.81;0.55;2
100;4949;98.98;99;98;0.9997979797979812;0.9997978981406629;1.00020202020202;101.50934078622346;98;100;0.609552211402181;True;ok;2;0.81;0.55;2
100;4948;98.96;99;98;0.9995957895810619;0.9995956328346138;1.0004040404040404;103.60328538593645;98;100;0.597133918541153;True;ok;3;0.81;0.55;2
100;4945;98.9;99;97;0.998992487732361;0.998991987540305;1.001010101010101;52.566079368632906;97;100;0.5509030125412346;True;ok;4;0.81;0.55;2
100;4948;98.96;99;98;0.9995957895810619;0.9995956328346138;1.0004040404040404;103.60328538593646;98;100;0.597133918541153;True;ok;5;0.81;0.55;2
100;4949;98.98;99;98;0.9997979797979812;0.9997978981406629;1.00020202020202;101.50934078622346;98;100;0.609552211402181;True;ok;6;0.81;0.55;2
100;4950;99.0;99;99;1.0;1.0;1.0;nan;;0;nan;False;no_valid_tail_candidate;7;0.81;0.55;2
100;4949;98.98;99;98;0.9997979797979812;0.9997978981406629;1.00020202020202;101.50934078622346;98;100;0.609552211402181;True;ok;8;0.81;0.55;2
100;4949;98.98;99;98;0.9997979797979812;0.9997978981406629;1.00020202020202;101.50934078622346;98;100;0.609552211402181;True;ok;9;0.81;0.55;2
100;4948;98.96;99;98;0.9995957895810619;0.9995956328346138;1.0004040404040404;103.60328538593646;98;100;0.597133918541153;True;ok;0;0.81;0.6;2
100;4950;99.0;99;99;1.0;1.0;1.0;nan;;0;nan;False;no_valid_tail_candidate;1;0.81;0.6;2
100;4950;99.0;99;99;1.0;1.0;1.0;nan;;0;nan;False;no_valid_tail_candidate;2;0.81;0.6;2
100;4948;98.96;99;98;0.9995957895810619;0.9995956328346138;1.0004040404040404;103.60328538593645;98;100;0.597133918541153;True;ok;3;0.81;0.6;2
100;4946;98.92;99;98;0.9991908991025349;0.9991906110886281;1.0008080808080808;108.06429779402063;98;100;0.5727586799764781;True;ok;4;0.81;0.6;2
100;4948;98.96;99;98;0.9995957895810619;0.9995956328346138;1.0004040404040404;103.60328538593646;98;100;0.597133918541153;True;ok;5;0.81;0.6;2
100;4949;98.98;99;98;0.9997979797979812;0.9997978981406629;1.00020202020202;101.50934078622346;98;100;0.609552211402181;True;ok;6;0.81;0.6;2
100;4950;99.0;99;99;1.0;1.0;1.0;nan;;0;nan;False;no_valid_tail_candidate;7;0.81;0.6;2
100;4949;98.98;99;98;0.9997979797979812;0.9997978981406629;1.00020202020202;101.50934078622346;98;100;0.609552211402181;True;ok;8;0.81;0.6;2
100;4949;98.98;99;98;0.9997979797979812;0.9997978981406629;1.00020202020202;101.50934078622346;98;100;0.609552211402181;True;ok;9;0.81;0.6;2
100;4948;98.96;99;98;0.9995957895810619;0.9995956328346138;1.0004040404040404;103.60328538593646;98;100;0.597133918541153;True;ok;0;0.81;0.65;2
100;4950;99.0;99;99;1.0;1.0;1.0;nan;;0;nan;False;no_valid_tail_candidate;1;0.81;0.65;2
100;4950;99.0;99;99;1.0;1.0;1.0;nan;;0;nan;False;no_valid_tail_candidate;2;0.81;0.65;2
100;4948;98.96;99;98;0.9995957895810619;0.9995956328346138;1.0004040404040404;103.60328538593645;98;100;0.597133918541153;True;ok;3;0.81;0.65;2
100;4947;98.94;99;98;0.9993934293492481;0.9993932038834952;1.0006060606060605;105.78633401116913;98;100;0.5848685041694515;True;ok;4;0.81;0.65;2
100;4948;98.96;99;98;0.9995957895810619;0.9995956328346138;1.0004040404040404;103.60328538593646;98;100;0.597133918541153;True;ok;5;0.81;0.65;2
100;4949;98.98;99;98;0.9997979797979812;0.9997978981406629;1.00020202020202;101.50934078622346;98;100;0.609552211402181;True;ok;6;0.81;0.65;2
100;4950;99.0;99;99;1.0;1.0;1.0;nan;;0;nan;False;no_valid_tail_candidate;7;0.81;0.65;2
100;4949;98.98;99;98;0.9997979797979812;0.9997978981406629;1.00020202020202;101.50934078622346;98;100;0.609552211402181;True;ok;8;0.81;0.65;2
100;4949;98.98;99;98;0.9997979797979812;0.9997978981406629;1.00020202020202;101.50934078622346;98;100;0.609552211402181;True;ok;9;0.81;0.65;2
100;4948;98.96;99;98;0.9995957895810619;0.9995956328346138;1.0004040404040404;103.60328538593646;98;100;0.597133918541153;True;ok;0;0.81;0.7;2
100;4950;99.0;99;99;1.0;1.0;1.0;nan;;0;nan;False;no_valid_tail_candidate;1;0.81;0.7;2
100;4950;99.0;99;99;1.0;1.0;1.0;nan;;0;nan;False;no_valid_tail_candidate;2;0.81;0.7;2
100;4948;98.96;99;98;0.9995957895810619;0.9995956328346138;1.0004040404040404;103.60328538593645;98;100;0.597133918541153;True;ok;3;0.81;0.7;2
100;4947;98.94;99;98;0.9993934293492481;0.9993932038834952;1.0006060606060605;105.78633401116913;98;100;0.5848685041694515;True;ok;4;0.81;0.7;2
100;4949;98.98;99;98;0.9997979797979812;0.9997978981406629;1.00020202020202;101.50934078622346;98;100;0.609552211402181;True;ok;5;0.81;0.7;2
100;4949;98.98;99;98;0.9997979797979812;0.9997978981406629;1.00020202020202;101.50934078622346;98;100;0.609552211402181;True;ok;6;0.81;0.7;2
100;4950;99.0;99;99;1.0;1.0;1.0;nan;;0;nan;False;no_valid_tail_candidate;7;0.81;0.7;2
100;4949;98.98;99;98;0.9997979797979812;0.9997978981406629;1.00020202020202;101.50934078622346;98;100;0.609552211402181;True;ok;8;0.81;0.7;2
100;4949;98.98;99;98;0.9997979797979812;0.9997978981406629;1.00020202020202;101.50934078622346;98;100;0.609552211402181;True;ok;9;0.81;0.7;2
100;4948;98.96;99;98;0.9995957895810619;0.9995956328346138;1.0004040404040404;103.60328538593646;98;100;0.597133918541153;True;ok;0;0.81;0.75;2
100;4950;99.0;99;99;1.0;1.0;1.0;nan;;0;nan;False;no_valid_tail_candidate;1;0.81;0.75;2
100;4950;99.0;99;99;1.0;1.0;1.0;nan;;0;nan;False;no_valid_tail_candidate;2;0.81;0.75;2
100;4948;98.96;99;98;0.9995957895810619;0.9995956328346138;1.0004040404040404;103.60328538593645;98;100;0.597133918541153;True;ok;3;0.81;0.75;2
100;4947;98.94;99;98;0.9993934293492481;0.9993932038834952;1.0006060606060605;105.78633401116913;98;100;0.5848685041694515;True;ok;4;0.81;0.75;2
100;4949;98.98;99;98;0.9997979797979812;0.9997978981406629;1.00020202020202;101.50934078622346;98;100;0.609552211402181;True;ok;5;0.81;0.75;2
100;4949;98.98;99;98;0.9997979797979812;0.9997978981406629;1.00020202020202;101.50934078622346;98;100;0.609552211402181;True;ok;6;0.81;0.75;2
100;4950;99.0;99;99;1.0;1.0;1.0;nan;;0;nan;False;no_valid_tail_candidate;7;0.81;0.75;2
100;4949;98.98;99;98;0.9997979797979812;0.9997978981406629;1.00020202020202;101.50934078622346;98;100;0.609552211402181;True;ok;8;0.81;0.75;2
100;4949;98.98;99;98;0.9997979797979812;0.9997978981406629;1.00020202020202;101.50934078622346;98;100;0.609552211402181;True;ok;9;0.81;0.75;2
100;4948;98.96;99;98;0.9995957895810619;0.9995956328346138;1.0004040404040404;103.60328538593646;98;100;0.597133918541153;True;ok;0;0.81;0.8;2
100;4950;99.0;99;99;1.0;1.0;1.0;nan;;0;nan;False;no_valid_tail_candidate;1;0.81;0.8;2
100;4950;99.0;99;99;1.0;1.0;1.0;nan;;0;nan;False;no_valid_tail_candidate;2;0.81;0.8;2
100;4948;98.96;99;98;0.9995957895810619;0.9995956328346138;1.0004040404040404;103.60328538593645;98;100;0.597133918541153;True;ok;3;0.81;0.8;2
100;4947;98.94;99;98;0.9993934293492481;0.9993932038834952;1.0006060606060605;105.78633401116913;98;100;0.5848685041694515;True;ok;4;0.81;0.8;2
100;4949;98.98;99;98;0.9997979797979812;0.9997978981406629;1.00020202020202;101.50934078622346;98;100;0.609552211402181;True;ok;5;0.81;0.8;2
100;4949;98.98;99;98;0.9997979797979812;0.9997978981406629;1.00020202020202;101.50934078622346;98;100;0.609552211402181;True;ok;6;0.81;0.8;2
100;4950;99.0;99;99;1.0;1.0;1.0;nan;;0;nan;False;no_valid_tail_candidate;7;0.81;0.8;2
100;4949;98.98;99;98;0.9997979797979812;0.9997978981406629;1.00020202020202;101.50934078622346;98;100;0.609552211402181;True;ok;8;0.81;0.8;2
100;4949;98.98;99;98;0.9997979797979812;0.9997978981406629;1.00020202020202;101.50934078622346;98;100;0.609552211402181;True;ok;9;0.81;0.8;2
100;4948;98.96;99;98;0.9995957895810619;0.9995956328346138;1.0004040404040404;103.60328538593646;98;100;0.597133918541153;True;ok;0;0.81;0.85;2
100;4950;99.0;99;99;1.0;1.0;1.0;nan;;0;nan;False;no_valid_tail_candidate;1;0.81;0.85;2
100;4950;99.0;99;99;1.0;1.0;1.0;nan;;0;nan;False;no_valid_tail_candidate;2;0.81;0.85;2
100;4948;98.96;99;98;0.9995957895810619;0.9995956328346138;1.0004040404040404;103.60328538593645;98;100;0.597133918541153;True;ok;3;0.81;0.85;2
100;4947;98.94;99;98;0.9993934293492481;0.9993932038834952;1.0006060606060605;105.78633401116913;98;100;0.5848685041694515;True;ok;4;0.81;0.85;2
100;4949;98.98;99;98;0.9997979797979812;0.9997978981406629;1.00020202020202;101.50934078622346;98;100;0.609552211402181;True;ok;5;0.81;0.85;2
100;4949;98.98;99;98;0.9997979797979812;0.9997978981406629;1.00020202020202;101.50934078622346;98;100;0.609552211402181;True;ok;6;0.81;0.85;2
100;4950;99.0;99;99;1.0;1.0;1.0;nan;;0;nan;False;no_valid_tail_candidate;7;0.81;0.85;2
100;4949;98.98;99;98;0.9997979797979812;0.9997978981406629;1.00020202020202;101.50934078622346;98;100;0.609552211402181;True;ok;8;0.81;0.85;2
100;4949;98.98;99;98;0.9997979797979812;0.9997978981406629;1.00020202020202;101.50934078622346;98;100;0.609552211402181;True;ok;9;0.81;0.85;2
100;4948;98.96;99;98;0.9995957895810619;0.9995956328346138;1.0004040404040404;103.60328538593646;98;100;0.597133918541153;True;ok;0;0.81;0.9;2
100;4950;99.0;99;99;1.0;1.0;1.0;nan;;0;nan;False;no_valid_tail_candidate;1;0.81;0.9;2
100;4950;99.0;99;99;1.0;1.0;1.0;nan;;0;nan;False;no_valid_tail_candidate;2;0.81;0.9;2
100;4949;98.98;99;98;0.9997979797979812;0.9997978981406629;1.00020202020202;101.50934078622346;98;100;0.609552211402181;True;ok;3;0.81;0.9;2
100;4947;98.94;99;98;0.9993934293492481;0.9993932038834952;1.0006060606060605;105.78633401116913;98;100;0.5848685041694515;True;ok;4;0.81;0.9;2
100;4949;98.98;99;98;0.9997979797979812;0.9997978981406629;1.00020202020202;101.50934078622346;98;100;0.609552211402181;True;ok;5;0.81;0.9;2
100;4949;98.98;99;98;0.9997979797979812;0.9997978981406629;1.00020202020202;101.50934078622346;98;100;0.609552211402181;True;ok;6;0.81;0.9;2
100;4950;99.0;99;99;1.0;1.0;1.0;nan;;0;nan;False;no_valid_tail_candidate;7;0.81;0.9;2
100;4949;98.98;99;98;0.9997979797979812;0.9997978981406629;1.00020202020202;101.50934078622346;98;100;0.609552211402181;True;ok;8;0.81;0.9;2
100;4949;98.98;99;98;0.9997979797979812;0.9997978981406629;1.00020202020202;101.50934078622346;98;100;0.609552211402181;True;ok;9;0.81;0.9;2
100;4948;98.96;99;98;0.9995957895810619;0.9995956328346138;1.0004040404040404;103.60328538593646;98;100;0.597133918541153;True;ok;0;0.81;0.95;2
100;4950;99.0;99;99;1.0;1.0;1.0;nan;;0;nan;False;no_valid_tail_candidate;1;0.81;0.95;2
100;4950;99.0;99;99;1.0;1.0;1.0;nan;;0;nan;False;no_valid_tail_candidate;2;0.81;0.95;2
100;4949;98.98;99;98;0.9997979797979812;0.9997978981406629;1.00020202020202;101.50934078622346;98;100;0.609552211402181;True;ok;3;0.81;0.95;2
100;4947;98.94;99;98;0.9993934293492481;0.9993932038834952;1.0006060606060605;105.78633401116913;98;100;0.5848685041694515;True;ok;4;0.81;0.95;2
100;4949;98.98;99;98;0.9997979797979812;0.9997978981406629;1.00020202020202;101.50934078622346;98;100;0.609552211402181;True;ok;5;0.81;0.95;2
100;4949;98.98;99;98;0.9997979797979812;0.9997978981406629;1.00020202020202;101.50934078622346;98;100;0.609552211402181;True;ok;6;0.81;0.95;2
100;4950;99.0;99;99;1.0;1.0;1.0;nan;;0;nan;False;no_valid_tail_candidate;7;0.81;0.95;2
100;4949;98.98;99;98;0.9997979797979812;0.9997978981406629;1.00020202020202;101.50934078622346;98;100;0.609552211402181;True;ok;8;0.81;0.95;2
100;4949;98.98;99;98;0.9997979797979812;0.9997978981406629;1.00020202020202;101.50934078622346;98;100;0.609552211402181;True;ok;9;0.81;0.95;2
100;4948;98.96;99;98;0.9995957895810619;0.9995956328346138;1.0004040404040404;103.60328538593646;98;100;0.597133918541153;True;ok;0;0.81;1.0;2
100;4950;99.0;99;99;1.0;1.0;1.0;nan;;0;nan;False;no_valid_tail_candidate;1;0.81;1.0;2
100;4950;99.0;99;99;1.0;1.0;1.0;nan;;0;nan;False;no_valid_tail_candidate;2;0.81;1.0;2
100;4949;98.98;99;98;0.9997979797979812;0.9997978981406629;1.00020202020202;101.50934078622346;98;100;0.609552211402181;True;ok;3;0.81;1.0;2
100;4948;98.96;99;98;0.9995957895810619;0.9995956328346138;1.0004040404040404;103.60328538593645;98;100;0.597133918541153;True;ok;4;0.81;1.0;2
100;4949;98.98;99;98;0.9997979797979812;0.9997978981406629;1.00020202020202;101.50934078622346;98;100;0.609552211402181;True;ok;5;0.81;1.0;2
100;4950;99.0;99;99;1.0;1.0;1.0;nan;;0;nan;False;no_valid_tail_candidate;6;0.81;1.0;2
100;4950;99.0;99;99;1.0;1.0;1.0;nan;;0;nan;False;no_valid_tail_candidate;7;0.81;1.0;2
100;4949;98.98;99;98;0.9997979797979812;0.9997978981406629;1.00020202020202;101.50934078622346;98;100;0.609552211402181;True;ok;8;0.81;1.0;2
100;4949;98.98;99;98;0.9997979797979812;0.9997978981406629;1.00020202020202;101.50934078622346;98;100;0.609552211402181;True;ok;9;0.81;1.0;2
